program,category,fiscal_year,value,unit,source_file,source_sheet,is_total,program_id,category_path,period_type,period_start_year,period_end_year,period_label,source_row,source_column
Health Insurance,Total Population Under Age 65,2019,272.611306,Millions of people,51298-2019-05-Health-Insurance.xlsx,Table 1-1,true,51298,Health Insurance Coverage for People Under Age 65 / Total Population Under Age 65,fiscal_year,2019,2019,2019,7,2
Health Insurance,Total Population Under Age 65,2020,272.963227,Millions of people,51298-2019-05-Health-Insurance.xlsx,Table 1-1,true,51298,Health Insurance Coverage for People Under Age 65 / Total Population Under Age 65,fiscal_year,2020,2020,2020,7,3
Health Insurance,Total Population Under Age 65,2021,273.392321,Millions of people,51298-2019-05-Health-Insurance.xlsx,Table 1-1,true,51298,Health Insurance Coverage for People Under Age 65 / Total Population Under Age 65,fiscal_year,2021,2021,2021,7,4
Health Insurance,Total Population Under Age 65,2022,273.8118,Millions of people,51298-2019-05-Health-Insurance.xlsx,Table 1-1,true,51298,Health Insurance Coverage for People Under Age 65 / Total Population Under Age 65,fiscal_year,2022,2022,2022,7,5
Health Insurance,Total Population Under Age 65,2023,274.217522,Millions of people,51298-2019-05-Health-Insurance.xlsx,Table 1-1,true,51298,Health Insurance Coverage for People Under Age 65 / Total Population Under Age 65,fiscal_year,2023,2023,2023,7,6
Health Insurance,Total Population Under Age 65,2024,274.721256,Millions of people,51298-2019-05-Health-Insurance.xlsx,Table 1-1,true,51298,Health Insurance Coverage for People Under Age 65 / Total Population Under Age 65,fiscal_year,2024,2024,2024,7,7
Health Insurance,Total Population Under Age 65,2025,275.181939,Millions of people,51298-2019-05-Health-Insurance.xlsx,Table 1-1,true,51298,Health Insurance Coverage for People Under Age 65 / Total Population Under Age 65,fiscal_year,2025,2025,2025,7,8
Health Insurance,Total Population Under Age 65,2026,275.559702,Millions of people,51298-2019-05-Health-Insurance.xlsx,Table 1-1,true,51298,Health Insurance Coverage for People Under Age 65 / Total Population Under Age 65,fiscal_year,2026,2026,2026,7,9
Health Insurance,Total Population Under Age 65,2027,276.011327,Millions of people,51298-2019-05-Health-Insurance.xlsx,Table 1-1,true,51298,Health Insurance Coverage for People Under Age 65 / Total Population Under Age 65,fiscal_year,2027,2027,2027,7,10
Health Insurance,Total Population Under Age 65,2028,276.498465,Millions of people,51298-2019-05-Health-Insurance.xlsx,Table 1-1,true,51298,Health Insurance Coverage for People Under Age 65 / Total Population Under Age 65,fiscal_year,2028,2028,2028,7,11
Health Insurance,Total Population Under Age 65,2029,277.039089,Millions of people,51298-2019-05-Health-Insurance.xlsx,Table 1-1,true,51298,Health Insurance Coverage for People Under Age 65 / Total Population Under Age 65,fiscal_year,2029,2029,2029,7,12
Health Insurance,Employment-Based Coverage,2019,158.85139498409808,Millions of people,51298-2019-05-Health-Insurance.xlsx,Table 1-1,false,51298,Health Insurance Coverage for People Under Age 65 / Employment-Based Coverage,fiscal_year,2019,2019,2019,9,2
Health Insurance,Employment-Based Coverage,2020,158.73712594550565,Millions of people,51298-2019-05-Health-Insurance.xlsx,Table 1-1,false,51298,Health Insurance Coverage for People Under Age 65 / Employment-Based Coverage,fiscal_year,2020,2020,2020,9,3
Health Insurance,Employment-Based Coverage,2021,158.37718269669773,Millions of people,51298-2019-05-Health-Insurance.xlsx,Table 1-1,false,51298,Health Insurance Coverage for People Under Age 65 / Employment-Based Coverage,fiscal_year,2021,2021,2021,9,4
Health Insurance,Employment-Based Coverage,2022,158.2783405311059,Millions of people,51298-2019-05-Health-Insurance.xlsx,Table 1-1,false,51298,Health Insurance Coverage for People Under Age 65 / Employment-Based Coverage,fiscal_year,2022,2022,2022,9,5
Health Insurance,Employment-Based Coverage,2023,158.06192240356282,Millions of people,51298-2019-05-Health-Insurance.xlsx,Table 1-1,false,51298,Health Insurance Coverage for People Under Age 65 / Employment-Based Coverage,fiscal_year,2023,2023,2023,9,6
Health Insurance,Employment-Based Coverage,2024,157.96175281224535,Millions of people,51298-2019-05-Health-Insurance.xlsx,Table 1-1,false,51298,Health Insurance Coverage for People Under Age 65 / Employment-Based Coverage,fiscal_year,2024,2024,2024,9,7
Health Insurance,Employment-Based Coverage,2025,157.73004508570904,Millions of people,51298-2019-05-Health-Insurance.xlsx,Table 1-1,false,51298,Health Insurance Coverage for People Under Age 65 / Employment-Based Coverage,fiscal_year,2025,2025,2025,9,8
Health Insurance,Employment-Based Coverage,2026,157.8709114642673,Millions of people,51298-2019-05-Health-Insurance.xlsx,Table 1-1,false,51298,Health Insurance Coverage for People Under Age 65 / Employment-Based Coverage,fiscal_year,2026,2026,2026,9,9
Health Insurance,Employment-Based Coverage,2027,157.8835394840483,Millions of people,51298-2019-05-Health-Insurance.xlsx,Table 1-1,false,51298,Health Insurance Coverage for People Under Age 65 / Employment-Based Coverage,fiscal_year,2027,2027,2027,9,10
Health Insurance,Employment-Based Coverage,2028,158.10908725253248,Millions of people,51298-2019-05-Health-Insurance.xlsx,Table 1-1,false,51298,Health Insurance Coverage for People Under Age 65 / Employment-Based Coverage,fiscal_year,2028,2028,2028,9,11
Health Insurance,Employment-Based Coverage,2029,158.16963251905932,Millions of people,51298-2019-05-Health-Insurance.xlsx,Table 1-1,false,51298,Health Insurance Coverage for People Under Age 65 / Employment-Based Coverage,fiscal_year,2029,2029,2029,9,12
Health Insurance,Blind and Disabled,2019,7.03,Millions of people,51298-2019-05-Health-Insurance.xlsx,Table 1-1,false,51298,Health Insurance Coverage for People Under Age 65 / Medicaid and CHIPa / Blind and Disabled,fiscal_year,2019,2019,2019,12,2
Health Insurance,Blind and Disabled,2020,7.0,Millions of people,51298-2019-05-Health-Insurance.xlsx,Table 1-1,false,51298,Health Insurance Coverage for People Under Age 65 / Medicaid and CHIPa / Blind and Disabled,fiscal_year,2020,2020,2020,12,3
Health Insurance,Blind and Disabled,2021,6.99,Millions of people,51298-2019-05-Health-Insurance.xlsx,Table 1-1,false,51298,Health Insurance Coverage for People Under Age 65 / Medicaid and CHIPa / Blind and Disabled,fiscal_year,2021,2021,2021,12,4
Health Insurance,Blind and Disabled,2022,7.01,Millions of people,51298-2019-05-Health-Insurance.xlsx,Table 1-1,false,51298,Health Insurance Coverage for People Under Age 65 / Medicaid and CHIPa / Blind and Disabled,fiscal_year,2022,2022,2022,12,5
Health Insurance,Blind and Disabled,2023,7.04,Millions of people,51298-2019-05-Health-Insurance.xlsx,Table 1-1,false,51298,Health Insurance Coverage for People Under Age 65 / Medicaid and CHIPa / Blind and Disabled,fiscal_year,2023,2023,2023,12,6
Health Insurance,Blind and Disabled,2024,7.08,Millions of people,51298-2019-05-Health-Insurance.xlsx,Table 1-1,false,51298,Health Insurance Coverage for People Under Age 65 / Medicaid and CHIPa / Blind and Disabled,fiscal_year,2024,2024,2024,12,7
Health Insurance,Blind and Disabled,2025,7.14,Millions of people,51298-2019-05-Health-Insurance.xlsx,Table 1-1,false,51298,Health Insurance Coverage for People Under Age 65 / Medicaid and CHIPa / Blind and Disabled,fiscal_year,2025,2025,2025,12,8
Health Insurance,Blind and Disabled,2026,7.19,Millions of people,51298-2019-05-Health-Insurance.xlsx,Table 1-1,false,51298,Health Insurance Coverage for People Under Age 65 / Medicaid and CHIPa / Blind and Disabled,fiscal_year,2026,2026,2026,12,9
Health Insurance,Blind and Disabled,2027,7.26,Millions of people,51298-2019-05-Health-Insurance.xlsx,Table 1-1,false,51298,Health Insurance Coverage for People Under Age 65 / Medicaid and CHIPa / Blind and Disabled,fiscal_year,2027,2027,2027,12,10
Health Insurance,Blind and Disabled,2028,7.33,Millions of people,51298-2019-05-Health-Insurance.xlsx,Table 1-1,false,51298,Health Insurance Coverage for People Under Age 65 / Medicaid and CHIPa / Blind and Disabled,fiscal_year,2028,2028,2028,12,11
Health Insurance,Blind and Disabled,2029,7.4,Millions of people,51298-2019-05-Health-Insurance.xlsx,Table 1-1,false,51298,Health Insurance Coverage for People Under Age 65 / Medicaid and CHIPa / Blind and Disabled,fiscal_year,2029,2029,2029,12,12
Health Insurance,Children,2019,29.84,Millions of people,51298-2019-05-Health-Insurance.xlsx,Table 1-1,false,51298,Health Insurance Coverage for People Under Age 65 / Medicaid and CHIPa / Children,fiscal_year,2019,2019,2019,13,2
Health Insurance,Children,2020,29.59,Millions of people,51298-2019-05-Health-Insurance.xlsx,Table 1-1,false,51298,Health Insurance Coverage for People Under Age 65 / Medicaid and CHIPa / Children,fiscal_year,2020,2020,2020,13,3
Health Insurance,Children,2021,29.7,Millions of people,51298-2019-05-Health-Insurance.xlsx,Table 1-1,false,51298,Health Insurance Coverage for People Under Age 65 / Medicaid and CHIPa / Children,fiscal_year,2021,2021,2021,13,4
Health Insurance,Children,2022,29.92,Millions of people,51298-2019-05-Health-Insurance.xlsx,Table 1-1,false,51298,Health Insurance Coverage for People Under Age 65 / Medicaid and CHIPa / Children,fiscal_year,2022,2022,2022,13,5
Health Insurance,Children,2023,30.07,Millions of people,51298-2019-05-Health-Insurance.xlsx,Table 1-1,false,51298,Health Insurance Coverage for People Under Age 65 / Medicaid and CHIPa / Children,fiscal_year,2023,2023,2023,13,6
Health Insurance,Children,2024,30.14,Millions of people,51298-2019-05-Health-Insurance.xlsx,Table 1-1,false,51298,Health Insurance Coverage for People Under Age 65 / Medicaid and CHIPa / Children,fiscal_year,2024,2024,2024,13,7
Health Insurance,Children,2025,30.18,Millions of people,51298-2019-05-Health-Insurance.xlsx,Table 1-1,false,51298,Health Insurance Coverage for People Under Age 65 / Medicaid and CHIPa / Children,fiscal_year,2025,2025,2025,13,8
Health Insurance,Children,2026,30.2,Millions of people,51298-2019-05-Health-Insurance.xlsx,Table 1-1,false,51298,Health Insurance Coverage for People Under Age 65 / Medicaid and CHIPa / Children,fiscal_year,2026,2026,2026,13,9
Health Insurance,Children,2027,30.22,Millions of people,51298-2019-05-Health-Insurance.xlsx,Table 1-1,false,51298,Health Insurance Coverage for People Under Age 65 / Medicaid and CHIPa / Children,fiscal_year,2027,2027,2027,13,10
Health Insurance,Children,2028,30.25,Millions of people,51298-2019-05-Health-Insurance.xlsx,Table 1-1,false,51298,Health Insurance Coverage for People Under Age 65 / Medicaid and CHIPa / Children,fiscal_year,2028,2028,2028,13,11
Health Insurance,Children,2029,30.28,Millions of people,51298-2019-05-Health-Insurance.xlsx,Table 1-1,false,51298,Health Insurance Coverage for People Under Age 65 / Medicaid and CHIPa / Children,fiscal_year,2029,2029,2029,13,12
Health Insurance,Adults Made Eligible for Medicaid by the ACA,2019,11.96,Millions of people,51298-2019-05-Health-Insurance.xlsx,Table 1-1,false,51298,Health Insurance Coverage for People Under Age 65 / Medicaid and CHIPa / Adults Made Eligible for Medicaid by the ACA,fiscal_year,2019,2019,2019,14,2
Health Insurance,Adults Made Eligible for Medicaid by the ACA,2020,12.09,Millions of people,51298-2019-05-Health-Insurance.xlsx,Table 1-1,false,51298,Health Insurance Coverage for People Under Age 65 / Medicaid and CHIPa / Adults Made Eligible for Medicaid by the ACA,fiscal_year,2020,2020,2020,14,3
Health Insurance,Adults Made Eligible for Medicaid by the ACA,2021,12.39,Millions of people,51298-2019-05-Health-Insurance.xlsx,Table 1-1,false,51298,Health Insurance Coverage for People Under Age 65 / Medicaid and CHIPa / Adults Made Eligible for Medicaid by the ACA,fiscal_year,2021,2021,2021,14,4
Health Insurance,Adults Made Eligible for Medicaid by the ACA,2022,12.79,Millions of people,51298-2019-05-Health-Insurance.xlsx,Table 1-1,false,51298,Health Insurance Coverage for People Under Age 65 / Medicaid and CHIPa / Adults Made Eligible for Medicaid by the ACA,fiscal_year,2022,2022,2022,14,5
Health Insurance,Adults Made Eligible for Medicaid by the ACA,2023,13.12,Millions of people,51298-2019-05-Health-Insurance.xlsx,Table 1-1,false,51298,Health Insurance Coverage for People Under Age 65 / Medicaid and CHIPa / Adults Made Eligible for Medicaid by the ACA,fiscal_year,2023,2023,2023,14,6
Health Insurance,Adults Made Eligible for Medicaid by the ACA,2024,13.39,Millions of people,51298-2019-05-Health-Insurance.xlsx,Table 1-1,false,51298,Health Insurance Coverage for People Under Age 65 / Medicaid and CHIPa / Adults Made Eligible for Medicaid by the ACA,fiscal_year,2024,2024,2024,14,7
Health Insurance,Adults Made Eligible for Medicaid by the ACA,2025,13.61,Millions of people,51298-2019-05-Health-Insurance.xlsx,Table 1-1,false,51298,Health Insurance Coverage for People Under Age 65 / Medicaid and CHIPa / Adults Made Eligible for Medicaid by the ACA,fiscal_year,2025,2025,2025,14,8
Health Insurance,Adults Made Eligible for Medicaid by the ACA,2026,13.79,Millions of people,51298-2019-05-Health-Insurance.xlsx,Table 1-1,false,51298,Health Insurance Coverage for People Under Age 65 / Medicaid and CHIPa / Adults Made Eligible for Medicaid by the ACA,fiscal_year,2026,2026,2026,14,9
Health Insurance,Adults Made Eligible for Medicaid by the ACA,2027,13.91,Millions of people,51298-2019-05-Health-Insurance.xlsx,Table 1-1,false,51298,Health Insurance Coverage for People Under Age 65 / Medicaid and CHIPa / Adults Made Eligible for Medicaid by the ACA,fiscal_year,2027,2027,2027,14,10
Health Insurance,Adults Made Eligible for Medicaid by the ACA,2028,14.0,Millions of people,51298-2019-05-Health-Insurance.xlsx,Table 1-1,false,51298,Health Insurance Coverage for People Under Age 65 / Medicaid and CHIPa / Adults Made Eligible for Medicaid by the ACA,fiscal_year,2028,2028,2028,14,11
Health Insurance,Adults Made Eligible for Medicaid by the ACA,2029,14.08,Millions of people,51298-2019-05-Health-Insurance.xlsx,Table 1-1,false,51298,Health Insurance Coverage for People Under Age 65 / Medicaid and CHIPa / Adults Made Eligible for Medicaid by the ACA,fiscal_year,2029,2029,2029,14,12
Health Insurance,Otherwise eligible for Medicaid,2019,12.58,Millions of people,51298-2019-05-Health-Insurance.xlsx,Table 1-1,false,51298,Health Insurance Coverage for People Under Age 65 / Medicaid and CHIPa / Otherwise eligible for Medicaid,fiscal_year,2019,2019,2019,15,2
Health Insurance,Otherwise eligible for Medicaid,2020,12.44,Millions of people,51298-2019-05-Health-Insurance.xlsx,Table 1-1,false,51298,Health Insurance Coverage for People Under Age 65 / Medicaid and CHIPa / Otherwise eligible for Medicaid,fiscal_year,2020,2020,2020,15,3
Health Insurance,Otherwise eligible for Medicaid,2021,12.42,Millions of people,51298-2019-05-Health-Insurance.xlsx,Table 1-1,false,51298,Health Insurance Coverage for People Under Age 65 / Medicaid and CHIPa / Otherwise eligible for Medicaid,fiscal_year,2021,2021,2021,15,4
Health Insurance,Otherwise eligible for Medicaid,2022,12.48,Millions of people,51298-2019-05-Health-Insurance.xlsx,Table 1-1,false,51298,Health Insurance Coverage for People Under Age 65 / Medicaid and CHIPa / Otherwise eligible for Medicaid,fiscal_year,2022,2022,2022,15,5
Health Insurance,Otherwise eligible for Medicaid,2023,12.52,Millions of people,51298-2019-05-Health-Insurance.xlsx,Table 1-1,false,51298,Health Insurance Coverage for People Under Age 65 / Medicaid and CHIPa / Otherwise eligible for Medicaid,fiscal_year,2023,2023,2023,15,6
Health Insurance,Otherwise eligible for Medicaid,2024,12.54,Millions of people,51298-2019-05-Health-Insurance.xlsx,Table 1-1,false,51298,Health Insurance Coverage for People Under Age 65 / Medicaid and CHIPa / Otherwise eligible for Medicaid,fiscal_year,2024,2024,2024,15,7
Health Insurance,Otherwise eligible for Medicaid,2025,12.58,Millions of people,51298-2019-05-Health-Insurance.xlsx,Table 1-1,false,51298,Health Insurance Coverage for People Under Age 65 / Medicaid and CHIPa / Otherwise eligible for Medicaid,fiscal_year,2025,2025,2025,15,8
Health Insurance,Otherwise eligible for Medicaid,2026,12.61,Millions of people,51298-2019-05-Health-Insurance.xlsx,Table 1-1,false,51298,Health Insurance Coverage for People Under Age 65 / Medicaid and CHIPa / Otherwise eligible for Medicaid,fiscal_year,2026,2026,2026,15,9
Health Insurance,Otherwise eligible for Medicaid,2027,12.63,Millions of people,51298-2019-05-Health-Insurance.xlsx,Table 1-1,false,51298,Health Insurance Coverage for People Under Age 65 / Medicaid and CHIPa / Otherwise eligible for Medicaid,fiscal_year,2027,2027,2027,15,10
Health Insurance,Otherwise eligible for Medicaid,2028,12.63,Millions of people,51298-2019-05-Health-Insurance.xlsx,Table 1-1,false,51298,Health Insurance Coverage for People Under Age 65 / Medicaid and CHIPa / Otherwise eligible for Medicaid,fiscal_year,2028,2028,2028,15,11
Health Insurance,Otherwise eligible for Medicaid,2029,12.63,Millions of people,51298-2019-05-Health-Insurance.xlsx,Table 1-1,false,51298,Health Insurance Coverage for People Under Age 65 / Medicaid and CHIPa / Otherwise eligible for Medicaid,fiscal_year,2029,2029,2029,15,12
Health Insurance,CHIP,2019,6.987778097356189,Millions of people,51298-2019-05-Health-Insurance.xlsx,Table 1-1,false,51298,Health Insurance Coverage for People Under Age 65 / Medicaid and CHIPa / CHIP,fiscal_year,2019,2019,2019,16,2
Health Insurance,CHIP,2020,6.929103926959699,Millions of people,51298-2019-05-Health-Insurance.xlsx,Table 1-1,false,51298,Health Insurance Coverage for People Under Age 65 / Medicaid and CHIPa / CHIP,fiscal_year,2020,2020,2020,16,3
Health Insurance,CHIP,2021,6.895531079144609,Millions of people,51298-2019-05-Health-Insurance.xlsx,Table 1-1,false,51298,Health Insurance Coverage for People Under Age 65 / Medicaid and CHIPa / CHIP,fiscal_year,2021,2021,2021,16,4
Health Insurance,CHIP,2022,6.889261239679753,Millions of people,51298-2019-05-Health-Insurance.xlsx,Table 1-1,false,51298,Health Insurance Coverage for People Under Age 65 / Medicaid and CHIPa / CHIP,fiscal_year,2022,2022,2022,16,5
Health Insurance,CHIP,2023,6.887691653567511,Millions of people,51298-2019-05-Health-Insurance.xlsx,Table 1-1,false,51298,Health Insurance Coverage for People Under Age 65 / Medicaid and CHIPa / CHIP,fiscal_year,2023,2023,2023,16,6
Health Insurance,CHIP,2024,6.899219883902938,Millions of people,51298-2019-05-Health-Insurance.xlsx,Table 1-1,false,51298,Health Insurance Coverage for People Under Age 65 / Medicaid and CHIPa / CHIP,fiscal_year,2024,2024,2024,16,7
Health Insurance,CHIP,2025,6.903546730446964,Millions of people,51298-2019-05-Health-Insurance.xlsx,Table 1-1,false,51298,Health Insurance Coverage for People Under Age 65 / Medicaid and CHIPa / CHIP,fiscal_year,2025,2025,2025,16,8
Health Insurance,CHIP,2026,6.905810982503455,Millions of people,51298-2019-05-Health-Insurance.xlsx,Table 1-1,false,51298,Health Insurance Coverage for People Under Age 65 / Medicaid and CHIPa / CHIP,fiscal_year,2026,2026,2026,16,9
Health Insurance,CHIP,2027,6.912527511890428,Millions of people,51298-2019-05-Health-Insurance.xlsx,Table 1-1,false,51298,Health Insurance Coverage for People Under Age 65 / Medicaid and CHIPa / CHIP,fiscal_year,2027,2027,2027,16,10
Health Insurance,CHIP,2028,6.9301692156899355,Millions of people,51298-2019-05-Health-Insurance.xlsx,Table 1-1,false,51298,Health Insurance Coverage for People Under Age 65 / Medicaid and CHIPa / CHIP,fiscal_year,2028,2028,2028,16,11
Health Insurance,CHIP,2029,6.947855943500185,Millions of people,51298-2019-05-Health-Insurance.xlsx,Table 1-1,false,51298,Health Insurance Coverage for People Under Age 65 / Medicaid and CHIPa / CHIP,fiscal_year,2029,2029,2029,16,12
Health Insurance,Subtotal,2019,68.39777809735618,Millions of people,51298-2019-05-Health-Insurance.xlsx,Table 1-1,true,51298,Health Insurance Coverage for People Under Age 65 / Medicaid and CHIPa / Subtotal,fiscal_year,2019,2019,2019,18,2
Health Insurance,Subtotal,2020,68.0491039269597,Millions of people,51298-2019-05-Health-Insurance.xlsx,Table 1-1,true,51298,Health Insurance Coverage for People Under Age 65 / Medicaid and CHIPa / Subtotal,fiscal_year,2020,2020,2020,18,3
Health Insurance,Subtotal,2021,68.3955310791446,Millions of people,51298-2019-05-Health-Insurance.xlsx,Table 1-1,true,51298,Health Insurance Coverage for People Under Age 65 / Medicaid and CHIPa / Subtotal,fiscal_year,2021,2021,2021,18,4
Health Insurance,Subtotal,2022,69.08926123967976,Millions of people,51298-2019-05-Health-Insurance.xlsx,Table 1-1,true,51298,Health Insurance Coverage for People Under Age 65 / Medicaid and CHIPa / Subtotal,fiscal_year,2022,2022,2022,18,5
Health Insurance,Subtotal,2023,69.63769165356752,Millions of people,51298-2019-05-Health-Insurance.xlsx,Table 1-1,true,51298,Health Insurance Coverage for People Under Age 65 / Medicaid and CHIPa / Subtotal,fiscal_year,2023,2023,2023,18,6
Health Insurance,Subtotal,2024,70.04921988390294,Millions of people,51298-2019-05-Health-Insurance.xlsx,Table 1-1,true,51298,Health Insurance Coverage for People Under Age 65 / Medicaid and CHIPa / Subtotal,fiscal_year,2024,2024,2024,18,7
Health Insurance,Subtotal,2025,70.41354673044697,Millions of people,51298-2019-05-Health-Insurance.xlsx,Table 1-1,true,51298,Health Insurance Coverage for People Under Age 65 / Medicaid and CHIPa / Subtotal,fiscal_year,2025,2025,2025,18,8
Health Insurance,Subtotal,2026,70.69581098250346,Millions of people,51298-2019-05-Health-Insurance.xlsx,Table 1-1,true,51298,Health Insurance Coverage for People Under Age 65 / Medicaid and CHIPa / Subtotal,fiscal_year,2026,2026,2026,18,9
Health Insurance,Subtotal,2027,70.93252751189043,Millions of people,51298-2019-05-Health-Insurance.xlsx,Table 1-1,true,51298,Health Insurance Coverage for People Under Age 65 / Medicaid and CHIPa / Subtotal,fiscal_year,2027,2027,2027,18,10
Health Insurance,Subtotal,2028,71.14016921568992,Millions of people,51298-2019-05-Health-Insurance.xlsx,Table 1-1,true,51298,Health Insurance Coverage for People Under Age 65 / Medicaid and CHIPa / Subtotal,fiscal_year,2028,2028,2028,18,11
Health Insurance,Subtotal,2029,71.33785594350019,Millions of people,51298-2019-05-Health-Insurance.xlsx,Table 1-1,true,51298,Health Insurance Coverage for People Under Age 65 / Medicaid and CHIPa / Subtotal,fiscal_year,2029,2029,2029,18,12
Health Insurance,Subsidized,2019,8.09568580766536,Millions of people,51298-2019-05-Health-Insurance.xlsx,Table 1-1,false,51298,Health Insurance Coverage for People Under Age 65 / Nongroup coverage purchased through marketplacesb / Subsidized,fiscal_year,2019,2019,2019,23,2
Health Insurance,Subsidized,2020,7.7194507258262774,Millions of people,51298-2019-05-Health-Insurance.xlsx,Table 1-1,false,51298,Health Insurance Coverage for People Under Age 65 / Nongroup coverage purchased through marketplacesb / Subsidized,fiscal_year,2020,2020,2020,23,3
Health Insurance,Subsidized,2021,7.171534178099607,Millions of people,51298-2019-05-Health-Insurance.xlsx,Table 1-1,false,51298,Health Insurance Coverage for People Under Age 65 / Nongroup coverage purchased through marketplacesb / Subsidized,fiscal_year,2021,2021,2021,23,4
Health Insurance,Subsidized,2022,6.974103055795799,Millions of people,51298-2019-05-Health-Insurance.xlsx,Table 1-1,false,51298,Health Insurance Coverage for People Under Age 65 / Nongroup coverage purchased through marketplacesb / Subsidized,fiscal_year,2022,2022,2022,23,5
Health Insurance,Subsidized,2023,6.8421361766096656,Millions of people,51298-2019-05-Health-Insurance.xlsx,Table 1-1,false,51298,Health Insurance Coverage for People Under Age 65 / Nongroup coverage purchased through marketplacesb / Subsidized,fiscal_year,2023,2023,2023,23,6
Health Insurance,Subsidized,2024,6.6817868563152665,Millions of people,51298-2019-05-Health-Insurance.xlsx,Table 1-1,false,51298,Health Insurance Coverage for People Under Age 65 / Nongroup coverage purchased through marketplacesb / Subsidized,fiscal_year,2024,2024,2024,23,7
Health Insurance,Subsidized,2025,6.637739270030255,Millions of people,51298-2019-05-Health-Insurance.xlsx,Table 1-1,false,51298,Health Insurance Coverage for People Under Age 65 / Nongroup coverage purchased through marketplacesb / Subsidized,fiscal_year,2025,2025,2025,23,8
Health Insurance,Subsidized,2026,6.439911636099074,Millions of people,51298-2019-05-Health-Insurance.xlsx,Table 1-1,false,51298,Health Insurance Coverage for People Under Age 65 / Nongroup coverage purchased through marketplacesb / Subsidized,fiscal_year,2026,2026,2026,23,9
Health Insurance,Subsidized,2027,6.20572931278116,Millions of people,51298-2019-05-Health-Insurance.xlsx,Table 1-1,false,51298,Health Insurance Coverage for People Under Age 65 / Nongroup coverage purchased through marketplacesb / Subsidized,fiscal_year,2027,2027,2027,23,10
Health Insurance,Subsidized,2028,6.08225042756676,Millions of people,51298-2019-05-Health-Insurance.xlsx,Table 1-1,false,51298,Health Insurance Coverage for People Under Age 65 / Nongroup coverage purchased through marketplacesb / Subsidized,fiscal_year,2028,2028,2028,23,11
Health Insurance,Subsidized,2029,6.006829201508282,Millions of people,51298-2019-05-Health-Insurance.xlsx,Table 1-1,false,51298,Health Insurance Coverage for People Under Age 65 / Nongroup coverage purchased through marketplacesb / Subsidized,fiscal_year,2029,2029,2029,23,12
Health Insurance,Unsubsidized,2019,1.2374860779398684,Millions of people,51298-2019-05-Health-Insurance.xlsx,Table 1-1,false,51298,Health Insurance Coverage for People Under Age 65 / Nongroup coverage purchased through marketplacesb / Unsubsidized,fiscal_year,2019,2019,2019,24,2
Health Insurance,Unsubsidized,2020,0.95368573614964,Millions of people,51298-2019-05-Health-Insurance.xlsx,Table 1-1,false,51298,Health Insurance Coverage for People Under Age 65 / Nongroup coverage purchased through marketplacesb / Unsubsidized,fiscal_year,2020,2020,2020,24,3
Health Insurance,Unsubsidized,2021,0.982431791476259,Millions of people,51298-2019-05-Health-Insurance.xlsx,Table 1-1,false,51298,Health Insurance Coverage for People Under Age 65 / Nongroup coverage purchased through marketplacesb / Unsubsidized,fiscal_year,2021,2021,2021,24,4
Health Insurance,Unsubsidized,2022,0.9620397882118854,Millions of people,51298-2019-05-Health-Insurance.xlsx,Table 1-1,false,51298,Health Insurance Coverage for People Under Age 65 / Nongroup coverage purchased through marketplacesb / Unsubsidized,fiscal_year,2022,2022,2022,24,5
Health Insurance,Unsubsidized,2023,0.9597972168054584,Millions of people,51298-2019-05-Health-Insurance.xlsx,Table 1-1,false,51298,Health Insurance Coverage for People Under Age 65 / Nongroup coverage purchased through marketplacesb / Unsubsidized,fiscal_year,2023,2023,2023,24,6
Health Insurance,Unsubsidized,2024,0.9464575252663632,Millions of people,51298-2019-05-Health-Insurance.xlsx,Table 1-1,false,51298,Health Insurance Coverage for People Under Age 65 / Nongroup coverage purchased through marketplacesb / Unsubsidized,fiscal_year,2024,2024,2024,24,7
Health Insurance,Unsubsidized,2025,0.9972760049407507,Millions of people,51298-2019-05-Health-Insurance.xlsx,Table 1-1,false,51298,Health Insurance Coverage for People Under Age 65 / Nongroup coverage purchased through marketplacesb / Unsubsidized,fiscal_year,2025,2025,2025,24,8
Health Insurance,Unsubsidized,2026,0.9475253772405772,Millions of people,51298-2019-05-Health-Insurance.xlsx,Table 1-1,false,51298,Health Insurance Coverage for People Under Age 65 / Nongroup coverage purchased through marketplacesb / Unsubsidized,fiscal_year,2026,2026,2026,24,9
Health Insurance,Unsubsidized,2027,0.9522533827971591,Millions of people,51298-2019-05-Health-Insurance.xlsx,Table 1-1,false,51298,Health Insurance Coverage for People Under Age 65 / Nongroup coverage purchased through marketplacesb / Unsubsidized,fiscal_year,2027,2027,2027,24,10
Health Insurance,Unsubsidized,2028,0.9463609928439705,Millions of people,51298-2019-05-Health-Insurance.xlsx,Table 1-1,false,51298,Health Insurance Coverage for People Under Age 65 / Nongroup coverage purchased through marketplacesb / Unsubsidized,fiscal_year,2028,2028,2028,24,11
Health Insurance,Unsubsidized,2029,0.9556752837951403,Millions of people,51298-2019-05-Health-Insurance.xlsx,Table 1-1,false,51298,Health Insurance Coverage for People Under Age 65 / Nongroup coverage purchased through marketplacesb / Unsubsidized,fiscal_year,2029,2029,2029,24,12
Health Insurance,Subtotal,2019,9.333171885605228,Millions of people,51298-2019-05-Health-Insurance.xlsx,Table 1-1,true,51298,Health Insurance Coverage for People Under Age 65 / Nongroup coverage purchased through marketplacesb / Subtotal,fiscal_year,2019,2019,2019,26,2
Health Insurance,Subtotal,2020,8.673136461975918,Millions of people,51298-2019-05-Health-Insurance.xlsx,Table 1-1,true,51298,Health Insurance Coverage for People Under Age 65 / Nongroup coverage purchased through marketplacesb / Subtotal,fiscal_year,2020,2020,2020,26,3
Health Insurance,Subtotal,2021,8.153965969575866,Millions of people,51298-2019-05-Health-Insurance.xlsx,Table 1-1,true,51298,Health Insurance Coverage for People Under Age 65 / Nongroup coverage purchased through marketplacesb / Subtotal,fiscal_year,2021,2021,2021,26,4
Health Insurance,Subtotal,2022,7.9361428440076835,Millions of people,51298-2019-05-Health-Insurance.xlsx,Table 1-1,true,51298,Health Insurance Coverage for People Under Age 65 / Nongroup coverage purchased through marketplacesb / Subtotal,fiscal_year,2022,2022,2022,26,5
Health Insurance,Subtotal,2023,7.801933393415124,Millions of people,51298-2019-05-Health-Insurance.xlsx,Table 1-1,true,51298,Health Insurance Coverage for People Under Age 65 / Nongroup coverage purchased through marketplacesb / Subtotal,fiscal_year,2023,2023,2023,26,6
Health Insurance,Subtotal,2024,7.62824438158163,Millions of people,51298-2019-05-Health-Insurance.xlsx,Table 1-1,true,51298,Health Insurance Coverage for People Under Age 65 / Nongroup coverage purchased through marketplacesb / Subtotal,fiscal_year,2024,2024,2024,26,7
Health Insurance,Subtotal,2025,7.635015274971005,Millions of people,51298-2019-05-Health-Insurance.xlsx,Table 1-1,true,51298,Health Insurance Coverage for People Under Age 65 / Nongroup coverage purchased through marketplacesb / Subtotal,fiscal_year,2025,2025,2025,26,8
Health Insurance,Subtotal,2026,7.387437013339651,Millions of people,51298-2019-05-Health-Insurance.xlsx,Table 1-1,true,51298,Health Insurance Coverage for People Under Age 65 / Nongroup coverage purchased through marketplacesb / Subtotal,fiscal_year,2026,2026,2026,26,9
Health Insurance,Subtotal,2027,7.157982695578319,Millions of people,51298-2019-05-Health-Insurance.xlsx,Table 1-1,true,51298,Health Insurance Coverage for People Under Age 65 / Nongroup coverage purchased through marketplacesb / Subtotal,fiscal_year,2027,2027,2027,26,10
Health Insurance,Subtotal,2028,7.02861142041073,Millions of people,51298-2019-05-Health-Insurance.xlsx,Table 1-1,true,51298,Health Insurance Coverage for People Under Age 65 / Nongroup coverage purchased through marketplacesb / Subtotal,fiscal_year,2028,2028,2028,26,11
Health Insurance,Subtotal,2029,6.962504485303422,Millions of people,51298-2019-05-Health-Insurance.xlsx,Table 1-1,true,51298,Health Insurance Coverage for People Under Age 65 / Nongroup coverage purchased through marketplacesb / Subtotal,fiscal_year,2029,2029,2029,26,12
Health Insurance,Nongroup coverage purchased outside marketplaces,2019,4.808551847258087,Millions of people,51298-2019-05-Health-Insurance.xlsx,Table 1-1,false,51298,Health Insurance Coverage for People Under Age 65 / Nongroup coverage purchased through marketplacesb / Nongroup coverage purchased outside marketplaces,fiscal_year,2019,2019,2019,28,2
Health Insurance,Nongroup coverage purchased outside marketplaces,2020,4.653606947948661,Millions of people,51298-2019-05-Health-Insurance.xlsx,Table 1-1,false,51298,Health Insurance Coverage for People Under Age 65 / Nongroup coverage purchased through marketplacesb / Nongroup coverage purchased outside marketplaces,fiscal_year,2020,2020,2020,28,3
Health Insurance,Nongroup coverage purchased outside marketplaces,2021,4.349878619194177,Millions of people,51298-2019-05-Health-Insurance.xlsx,Table 1-1,false,51298,Health Insurance Coverage for People Under Age 65 / Nongroup coverage purchased through marketplacesb / Nongroup coverage purchased outside marketplaces,fiscal_year,2021,2021,2021,28,4
Health Insurance,Nongroup coverage purchased outside marketplaces,2022,4.249986825100686,Millions of people,51298-2019-05-Health-Insurance.xlsx,Table 1-1,false,51298,Health Insurance Coverage for People Under Age 65 / Nongroup coverage purchased through marketplacesb / Nongroup coverage purchased outside marketplaces,fiscal_year,2022,2022,2022,28,5
Health Insurance,Nongroup coverage purchased outside marketplaces,2023,4.303991645315287,Millions of people,51298-2019-05-Health-Insurance.xlsx,Table 1-1,false,51298,Health Insurance Coverage for People Under Age 65 / Nongroup coverage purchased through marketplacesb / Nongroup coverage purchased outside marketplaces,fiscal_year,2023,2023,2023,28,6
Health Insurance,Nongroup coverage purchased outside marketplaces,2024,4.362944851126021,Millions of people,51298-2019-05-Health-Insurance.xlsx,Table 1-1,false,51298,Health Insurance Coverage for People Under Age 65 / Nongroup coverage purchased through marketplacesb / Nongroup coverage purchased outside marketplaces,fiscal_year,2024,2024,2024,28,7
Health Insurance,Nongroup coverage purchased outside marketplaces,2025,4.462923221232568,Millions of people,51298-2019-05-Health-Insurance.xlsx,Table 1-1,false,51298,Health Insurance Coverage for People Under Age 65 / Nongroup coverage purchased through marketplacesb / Nongroup coverage purchased outside marketplaces,fiscal_year,2025,2025,2025,28,8
Health Insurance,Nongroup coverage purchased outside marketplaces,2026,4.415751850964717,Millions of people,51298-2019-05-Health-Insurance.xlsx,Table 1-1,false,51298,Health Insurance Coverage for People Under Age 65 / Nongroup coverage purchased through marketplacesb / Nongroup coverage purchased outside marketplaces,fiscal_year,2026,2026,2026,28,9
Health Insurance,Nongroup coverage purchased outside marketplaces,2027,4.4387357929431985,Millions of people,51298-2019-05-Health-Insurance.xlsx,Table 1-1,false,51298,Health Insurance Coverage for People Under Age 65 / Nongroup coverage purchased through marketplacesb / Nongroup coverage purchased outside marketplaces,fiscal_year,2027,2027,2027,28,10
Health Insurance,Nongroup coverage purchased outside marketplaces,2028,4.349151018151895,Millions of people,51298-2019-05-Health-Insurance.xlsx,Table 1-1,false,51298,Health Insurance Coverage for People Under Age 65 / Nongroup coverage purchased through marketplacesb / Nongroup coverage purchased outside marketplaces,fiscal_year,2028,2028,2028,28,11
Health Insurance,Nongroup coverage purchased outside marketplaces,2029,4.394599446433952,Millions of people,51298-2019-05-Health-Insurance.xlsx,Table 1-1,false,51298,Health Insurance Coverage for People Under Age 65 / Nongroup coverage purchased through marketplacesb / Nongroup coverage purchased outside marketplaces,fiscal_year,2029,2029,2029,28,12
Health Insurance,Unlabeled value (row 30),2019,14.141723732863316,Millions of people,51298-2019-05-Health-Insurance.xlsx,Table 1-1,false,51298,Health Insurance Coverage for People Under Age 65 / Nongroup coverage purchased through marketplacesb / Unlabeled value (row 30),fiscal_year,2019,2019,2019,30,2
Health Insurance,Unlabeled value (row 30),2020,13.326743409924578,Millions of people,51298-2019-05-Health-Insurance.xlsx,Table 1-1,false,51298,Health Insurance Coverage for People Under Age 65 / Nongroup coverage purchased through marketplacesb / Unlabeled value (row 30),fiscal_year,2020,2020,2020,30,3
Health Insurance,Unlabeled value (row 30),2021,12.503844588770043,Millions of people,51298-2019-05-Health-Insurance.xlsx,Table 1-1,false,51298,Health Insurance Coverage for People Under Age 65 / Nongroup coverage purchased through marketplacesb / Unlabeled value (row 30),fiscal_year,2021,2021,2021,30,4
Health Insurance,Unlabeled value (row 30),2022,12.18612966910837,Millions of people,51298-2019-05-Health-Insurance.xlsx,Table 1-1,false,51298,Health Insurance Coverage for People Under Age 65 / Nongroup coverage purchased through marketplacesb / Unlabeled value (row 30),fiscal_year,2022,2022,2022,30,5
Health Insurance,Unlabeled value (row 30),2023,12.105925038730412,Millions of people,51298-2019-05-Health-Insurance.xlsx,Table 1-1,false,51298,Health Insurance Coverage for People Under Age 65 / Nongroup coverage purchased through marketplacesb / Unlabeled value (row 30),fiscal_year,2023,2023,2023,30,6
Health Insurance,Unlabeled value (row 30),2024,11.99118923270765,Millions of people,51298-2019-05-Health-Insurance.xlsx,Table 1-1,false,51298,Health Insurance Coverage for People Under Age 65 / Nongroup coverage purchased through marketplacesb / Unlabeled value (row 30),fiscal_year,2024,2024,2024,30,7
Health Insurance,Unlabeled value (row 30),2025,12.097938496203573,Millions of people,51298-2019-05-Health-Insurance.xlsx,Table 1-1,false,51298,Health Insurance Coverage for People Under Age 65 / Nongroup coverage purchased through marketplacesb / Unlabeled value (row 30),fiscal_year,2025,2025,2025,30,8
Health Insurance,Unlabeled value (row 30),2026,11.803188864304367,Millions of people,51298-2019-05-Health-Insurance.xlsx,Table 1-1,false,51298,Health Insurance Coverage for People Under Age 65 / Nongroup coverage purchased through marketplacesb / Unlabeled value (row 30),fiscal_year,2026,2026,2026,30,9
Health Insurance,Unlabeled value (row 30),2027,11.596718488521518,Millions of people,51298-2019-05-Health-Insurance.xlsx,Table 1-1,false,51298,Health Insurance Coverage for People Under Age 65 / Nongroup coverage purchased through marketplacesb / Unlabeled value (row 30),fiscal_year,2027,2027,2027,30,10
Health Insurance,Unlabeled value (row 30),2028,11.377762438562625,Millions of people,51298-2019-05-Health-Insurance.xlsx,Table 1-1,false,51298,Health Insurance Coverage for People Under Age 65 / Nongroup coverage purchased through marketplacesb / Unlabeled value (row 30),fiscal_year,2028,2028,2028,30,11
Health Insurance,Unlabeled value (row 30),2029,11.357103931737374,Millions of people,51298-2019-05-Health-Insurance.xlsx,Table 1-1,false,51298,Health Insurance Coverage for People Under Age 65 / Nongroup coverage purchased through marketplacesb / Unlabeled value (row 30),fiscal_year,2029,2029,2029,30,12
Health Insurance,Coverage through the Basic Health Programc,2019,0.8712760399999999,Millions of people,51298-2019-05-Health-Insurance.xlsx,Table 1-1,false,51298,Health Insurance Coverage for People Under Age 65 / Nongroup coverage purchased through marketplacesb / Coverage through the Basic Health Programc,fiscal_year,2019,2019,2019,32,2
Health Insurance,Coverage through the Basic Health Programc,2020,0.8421057467826119,Millions of people,51298-2019-05-Health-Insurance.xlsx,Table 1-1,false,51298,Health Insurance Coverage for People Under Age 65 / Nongroup coverage purchased through marketplacesb / Coverage through the Basic Health Programc,fiscal_year,2020,2020,2020,32,3
Health Insurance,Coverage through the Basic Health Programc,2021,0.8116439234213473,Millions of people,51298-2019-05-Health-Insurance.xlsx,Table 1-1,false,51298,Health Insurance Coverage for People Under Age 65 / Nongroup coverage purchased through marketplacesb / Coverage through the Basic Health Programc,fiscal_year,2021,2021,2021,32,4
Health Insurance,Coverage through the Basic Health Programc,2022,0.8148326958304837,Millions of people,51298-2019-05-Health-Insurance.xlsx,Table 1-1,false,51298,Health Insurance Coverage for People Under Age 65 / Nongroup coverage purchased through marketplacesb / Coverage through the Basic Health Programc,fiscal_year,2022,2022,2022,32,5
Health Insurance,Coverage through the Basic Health Programc,2023,0.8190601118268004,Millions of people,51298-2019-05-Health-Insurance.xlsx,Table 1-1,false,51298,Health Insurance Coverage for People Under Age 65 / Nongroup coverage purchased through marketplacesb / Coverage through the Basic Health Programc,fiscal_year,2023,2023,2023,32,6
Health Insurance,Coverage through the Basic Health Programc,2024,0.8217785128882411,Millions of people,51298-2019-05-Health-Insurance.xlsx,Table 1-1,false,51298,Health Insurance Coverage for People Under Age 65 / Nongroup coverage purchased through marketplacesb / Coverage through the Basic Health Programc,fiscal_year,2024,2024,2024,32,7
Health Insurance,Coverage through the Basic Health Programc,2025,0.8261190616814373,Millions of people,51298-2019-05-Health-Insurance.xlsx,Table 1-1,false,51298,Health Insurance Coverage for People Under Age 65 / Nongroup coverage purchased through marketplacesb / Coverage through the Basic Health Programc,fiscal_year,2025,2025,2025,32,8
Health Insurance,Coverage through the Basic Health Programc,2026,0.8297005555298025,Millions of people,51298-2019-05-Health-Insurance.xlsx,Table 1-1,false,51298,Health Insurance Coverage for People Under Age 65 / Nongroup coverage purchased through marketplacesb / Coverage through the Basic Health Programc,fiscal_year,2026,2026,2026,32,9
Health Insurance,Coverage through the Basic Health Programc,2027,0.8319784299558051,Millions of people,51298-2019-05-Health-Insurance.xlsx,Table 1-1,false,51298,Health Insurance Coverage for People Under Age 65 / Nongroup coverage purchased through marketplacesb / Coverage through the Basic Health Programc,fiscal_year,2027,2027,2027,32,10
Health Insurance,Coverage through the Basic Health Programc,2028,0.8357993462054552,Millions of people,51298-2019-05-Health-Insurance.xlsx,Table 1-1,false,51298,Health Insurance Coverage for People Under Age 65 / Nongroup coverage purchased through marketplacesb / Coverage through the Basic Health Programc,fiscal_year,2028,2028,2028,32,11
Health Insurance,Coverage through the Basic Health Programc,2029,0.8395913112698967,Millions of people,51298-2019-05-Health-Insurance.xlsx,Table 1-1,false,51298,Health Insurance Coverage for People Under Age 65 / Nongroup coverage purchased through marketplacesb / Coverage through the Basic Health Programc,fiscal_year,2029,2029,2029,32,12
Health Insurance,Medicared,2019,8.152433561065106,Millions of people,51298-2019-05-Health-Insurance.xlsx,Table 1-1,false,51298,Health Insurance Coverage for People Under Age 65 / Nongroup coverage purchased through marketplacesb / Medicared,fiscal_year,2019,2019,2019,34,2
Health Insurance,Medicared,2020,8.052241623417581,Millions of people,51298-2019-05-Health-Insurance.xlsx,Table 1-1,false,51298,Health Insurance Coverage for People Under Age 65 / Nongroup coverage purchased through marketplacesb / Medicared,fiscal_year,2020,2020,2020,34,3
Health Insurance,Medicared,2021,8.00485508828796,Millions of people,51298-2019-05-Health-Insurance.xlsx,Table 1-1,false,51298,Health Insurance Coverage for People Under Age 65 / Nongroup coverage purchased through marketplacesb / Medicared,fiscal_year,2021,2021,2021,34,4
Health Insurance,Medicared,2022,7.980189799621532,Millions of people,51298-2019-05-Health-Insurance.xlsx,Table 1-1,false,51298,Health Insurance Coverage for People Under Age 65 / Nongroup coverage purchased through marketplacesb / Medicared,fiscal_year,2022,2022,2022,34,5
Health Insurance,Medicared,2023,7.993651337281834,Millions of people,51298-2019-05-Health-Insurance.xlsx,Table 1-1,false,51298,Health Insurance Coverage for People Under Age 65 / Nongroup coverage purchased through marketplacesb / Medicared,fiscal_year,2023,2023,2023,34,6
Health Insurance,Medicared,2024,8.006173109359954,Millions of people,51298-2019-05-Health-Insurance.xlsx,Table 1-1,false,51298,Health Insurance Coverage for People Under Age 65 / Nongroup coverage purchased through marketplacesb / Medicared,fiscal_year,2024,2024,2024,34,7
Health Insurance,Medicared,2025,8.023474618446642,Millions of people,51298-2019-05-Health-Insurance.xlsx,Table 1-1,false,51298,Health Insurance Coverage for People Under Age 65 / Nongroup coverage purchased through marketplacesb / Medicared,fiscal_year,2025,2025,2025,34,8
Health Insurance,Medicared,2026,8.04917483112559,Millions of people,51298-2019-05-Health-Insurance.xlsx,Table 1-1,false,51298,Health Insurance Coverage for People Under Age 65 / Nongroup coverage purchased through marketplacesb / Medicared,fiscal_year,2026,2026,2026,34,9
Health Insurance,Medicared,2027,8.061415120301382,Millions of people,51298-2019-05-Health-Insurance.xlsx,Table 1-1,false,51298,Health Insurance Coverage for People Under Age 65 / Nongroup coverage purchased through marketplacesb / Medicared,fiscal_year,2027,2027,2027,34,10
Health Insurance,Medicared,2028,8.077115383904752,Millions of people,51298-2019-05-Health-Insurance.xlsx,Table 1-1,false,51298,Health Insurance Coverage for People Under Age 65 / Nongroup coverage purchased through marketplacesb / Medicared,fiscal_year,2028,2028,2028,34,11
Health Insurance,Medicared,2029,8.089683849249337,Millions of people,51298-2019-05-Health-Insurance.xlsx,Table 1-1,false,51298,Health Insurance Coverage for People Under Age 65 / Nongroup coverage purchased through marketplacesb / Medicared,fiscal_year,2029,2029,2029,34,12
Health Insurance,Other Coveragee,2019,2.969308070092474,Millions of people,51298-2019-05-Health-Insurance.xlsx,Table 1-1,false,51298,Health Insurance Coverage for People Under Age 65 / Nongroup coverage purchased through marketplacesb / Other Coveragee,fiscal_year,2019,2019,2019,36,2
Health Insurance,Other Coveragee,2020,2.9119909979875924,Millions of people,51298-2019-05-Health-Insurance.xlsx,Table 1-1,false,51298,Health Insurance Coverage for People Under Age 65 / Nongroup coverage purchased through marketplacesb / Other Coveragee,fiscal_year,2020,2020,2020,36,3
Health Insurance,Other Coveragee,2021,2.963203881018815,Millions of people,51298-2019-05-Health-Insurance.xlsx,Table 1-1,false,51298,Health Insurance Coverage for People Under Age 65 / Nongroup coverage purchased through marketplacesb / Other Coveragee,fiscal_year,2021,2021,2021,36,4
Health Insurance,Other Coveragee,2022,3.0007010416983286,Millions of people,51298-2019-05-Health-Insurance.xlsx,Table 1-1,false,51298,Health Insurance Coverage for People Under Age 65 / Nongroup coverage purchased through marketplacesb / Other Coveragee,fiscal_year,2022,2022,2022,36,5
Health Insurance,Other Coveragee,2023,3.0286182643901642,Millions of people,51298-2019-05-Health-Insurance.xlsx,Table 1-1,false,51298,Health Insurance Coverage for People Under Age 65 / Nongroup coverage purchased through marketplacesb / Other Coveragee,fiscal_year,2023,2023,2023,36,6
Health Insurance,Other Coveragee,2024,3.063141834247951,Millions of people,51298-2019-05-Health-Insurance.xlsx,Table 1-1,false,51298,Health Insurance Coverage for People Under Age 65 / Nongroup coverage purchased through marketplacesb / Other Coveragee,fiscal_year,2024,2024,2024,36,7
Health Insurance,Other Coveragee,2025,3.0880958537246403,Millions of people,51298-2019-05-Health-Insurance.xlsx,Table 1-1,false,51298,Health Insurance Coverage for People Under Age 65 / Nongroup coverage purchased through marketplacesb / Other Coveragee,fiscal_year,2025,2025,2025,36,8
Health Insurance,Other Coveragee,2026,3.1285861106911934,Millions of people,51298-2019-05-Health-Insurance.xlsx,Table 1-1,false,51298,Health Insurance Coverage for People Under Age 65 / Nongroup coverage purchased through marketplacesb / Other Coveragee,fiscal_year,2026,2026,2026,36,9
Health Insurance,Other Coveragee,2027,3.1541923735872843,Millions of people,51298-2019-05-Health-Insurance.xlsx,Table 1-1,false,51298,Health Insurance Coverage for People Under Age 65 / Nongroup coverage purchased through marketplacesb / Other Coveragee,fiscal_year,2027,2027,2027,36,10
Health Insurance,Other Coveragee,2028,3.1604024511771636,Millions of people,51298-2019-05-Health-Insurance.xlsx,Table 1-1,false,51298,Health Insurance Coverage for People Under Age 65 / Nongroup coverage purchased through marketplacesb / Other Coveragee,fiscal_year,2028,2028,2028,36,11
Health Insurance,Other Coveragee,2029,3.189132880106247,Millions of people,51298-2019-05-Health-Insurance.xlsx,Table 1-1,false,51298,Health Insurance Coverage for People Under Age 65 / Nongroup coverage purchased through marketplacesb / Other Coveragee,fiscal_year,2029,2029,2029,36,12
Health Insurance,Uninsuredf,2019,30.483515917272243,Millions of people,51298-2019-05-Health-Insurance.xlsx,Table 1-1,false,51298,Health Insurance Coverage for People Under Age 65 / Nongroup coverage purchased through marketplacesb / Uninsuredf,fiscal_year,2019,2019,2019,38,2
Health Insurance,Uninsuredf,2020,32.07679758528951,Millions of people,51298-2019-05-Health-Insurance.xlsx,Table 1-1,false,51298,Health Insurance Coverage for People Under Age 65 / Nongroup coverage purchased through marketplacesb / Uninsuredf,fiscal_year,2020,2020,2020,38,3
Health Insurance,Uninsuredf,2021,33.34516956191523,Millions of people,51298-2019-05-Health-Insurance.xlsx,Table 1-1,false,51298,Health Insurance Coverage for People Under Age 65 / Nongroup coverage purchased through marketplacesb / Uninsuredf,fiscal_year,2021,2021,2021,38,4
Health Insurance,Uninsuredf,2022,33.416881681166274,Millions of people,51298-2019-05-Health-Insurance.xlsx,Table 1-1,false,51298,Health Insurance Coverage for People Under Age 65 / Nongroup coverage purchased through marketplacesb / Uninsuredf,fiscal_year,2022,2022,2022,38,5
Health Insurance,Uninsuredf,2023,33.543674783404384,Millions of people,51298-2019-05-Health-Insurance.xlsx,Table 1-1,false,51298,Health Insurance Coverage for People Under Age 65 / Nongroup coverage purchased through marketplacesb / Uninsuredf,fiscal_year,2023,2023,2023,38,6
Health Insurance,Uninsuredf,2024,33.86055872418484,Millions of people,51298-2019-05-Health-Insurance.xlsx,Table 1-1,false,51298,Health Insurance Coverage for People Under Age 65 / Nongroup coverage purchased through marketplacesb / Uninsuredf,fiscal_year,2024,2024,2024,38,7
Health Insurance,Uninsuredf,2025,34.055976667895905,Millions of people,51298-2019-05-Health-Insurance.xlsx,Table 1-1,false,51298,Health Insurance Coverage for People Under Age 65 / Nongroup coverage purchased through marketplacesb / Uninsuredf,fiscal_year,2025,2025,2025,38,8
Health Insurance,Uninsuredf,2026,34.28336876019463,Millions of people,51298-2019-05-Health-Insurance.xlsx,Table 1-1,false,51298,Health Insurance Coverage for People Under Age 65 / Nongroup coverage purchased through marketplacesb / Uninsuredf,fiscal_year,2026,2026,2026,38,9
Health Insurance,Uninsuredf,2027,34.72147351785289,Millions of people,51298-2019-05-Health-Insurance.xlsx,Table 1-1,false,51298,Health Insurance Coverage for People Under Age 65 / Nongroup coverage purchased through marketplacesb / Uninsuredf,fiscal_year,2027,2027,2027,38,10
Health Insurance,Uninsuredf,2028,34.96911457154164,Millions of people,51298-2019-05-Health-Insurance.xlsx,Table 1-1,false,51298,Health Insurance Coverage for People Under Age 65 / Nongroup coverage purchased through marketplacesb / Uninsuredf,fiscal_year,2028,2028,2028,38,11
Health Insurance,Uninsuredf,2029,35.28532459424753,Millions of people,51298-2019-05-Health-Insurance.xlsx,Table 1-1,false,51298,Health Insurance Coverage for People Under Age 65 / Nongroup coverage purchased through marketplacesb / Uninsuredf,fiscal_year,2029,2029,2029,38,12
Health Insurance,Memorandum:,2019,242.12779008272776,Number of insured people,51298-2019-05-Health-Insurance.xlsx,Table 1-1,false,51298,Health Insurance Coverage for People Under Age 65 / Memorandum:,fiscal_year,2019,2019,2019,41,2
Health Insurance,Memorandum:,2020,240.8864294147105,Number of insured people,51298-2019-05-Health-Insurance.xlsx,Table 1-1,false,51298,Health Insurance Coverage for People Under Age 65 / Memorandum:,fiscal_year,2020,2020,2020,41,3
Health Insurance,Memorandum:,2021,240.04715143808477,Number of insured people,51298-2019-05-Health-Insurance.xlsx,Table 1-1,false,51298,Health Insurance Coverage for People Under Age 65 / Memorandum:,fiscal_year,2021,2021,2021,41,4
Health Insurance,Memorandum:,2022,240.39491831883373,Number of insured people,51298-2019-05-Health-Insurance.xlsx,Table 1-1,false,51298,Health Insurance Coverage for People Under Age 65 / Memorandum:,fiscal_year,2022,2022,2022,41,5
Health Insurance,Memorandum:,2023,240.6738472165956,Number of insured people,51298-2019-05-Health-Insurance.xlsx,Table 1-1,false,51298,Health Insurance Coverage for People Under Age 65 / Memorandum:,fiscal_year,2023,2023,2023,41,6
Health Insurance,Memorandum:,2024,240.86069727581514,Number of insured people,51298-2019-05-Health-Insurance.xlsx,Table 1-1,false,51298,Health Insurance Coverage for People Under Age 65 / Memorandum:,fiscal_year,2024,2024,2024,41,7
Health Insurance,Memorandum:,2025,241.1259623321041,Number of insured people,51298-2019-05-Health-Insurance.xlsx,Table 1-1,false,51298,Health Insurance Coverage for People Under Age 65 / Memorandum:,fiscal_year,2025,2025,2025,41,8
Health Insurance,Memorandum:,2026,241.27633323980538,Number of insured people,51298-2019-05-Health-Insurance.xlsx,Table 1-1,false,51298,Health Insurance Coverage for People Under Age 65 / Memorandum:,fiscal_year,2026,2026,2026,41,9
Health Insurance,Memorandum:,2027,241.2898534821471,Number of insured people,51298-2019-05-Health-Insurance.xlsx,Table 1-1,false,51298,Health Insurance Coverage for People Under Age 65 / Memorandum:,fiscal_year,2027,2027,2027,41,10
Health Insurance,Memorandum:,2028,241.52935042845837,Number of insured people,51298-2019-05-Health-Insurance.xlsx,Table 1-1,false,51298,Health Insurance Coverage for People Under Age 65 / Memorandum:,fiscal_year,2028,2028,2028,41,11
Health Insurance,Memorandum:,2029,241.75376440575246,Number of insured people,51298-2019-05-Health-Insurance.xlsx,Table 1-1,false,51298,Health Insurance Coverage for People Under Age 65 / Memorandum:,fiscal_year,2029,2029,2029,41,12
Health Insurance,Including all U.S. residents,2019,88.81795609853678,Number of insured people,51298-2019-05-Health-Insurance.xlsx,Table 1-1,false,51298,Health Insurance Coverage for People Under Age 65 / Insured as a Percentage of the Population / Including all U.S. residents,fiscal_year,2019,2019,2019,43,2
Health Insurance,Including all U.S. residents,2020,88.24867439551134,Number of insured people,51298-2019-05-Health-Insurance.xlsx,Table 1-1,false,51298,Health Insurance Coverage for People Under Age 65 / Insured as a Percentage of the Population / Including all U.S. residents,fiscal_year,2020,2020,2020,43,3
Health Insurance,Including all U.S. residents,2021,87.8031798991475,Number of insured people,51298-2019-05-Health-Insurance.xlsx,Table 1-1,false,51298,Health Insurance Coverage for People Under Age 65 / Insured as a Percentage of the Population / Including all U.S. residents,fiscal_year,2021,2021,2021,43,4
Health Insurance,Including all U.S. residents,2022,87.7956751019619,Number of insured people,51298-2019-05-Health-Insurance.xlsx,Table 1-1,false,51298,Health Insurance Coverage for People Under Age 65 / Insured as a Percentage of the Population / Including all U.S. residents,fiscal_year,2022,2022,2022,43,5
Health Insurance,Including all U.S. residents,2023,87.76749401761263,Number of insured people,51298-2019-05-Health-Insurance.xlsx,Table 1-1,false,51298,Health Insurance Coverage for People Under Age 65 / Insured as a Percentage of the Population / Including all U.S. residents,fiscal_year,2023,2023,2023,43,6
Health Insurance,Including all U.S. residents,2024,87.67457632612715,Number of insured people,51298-2019-05-Health-Insurance.xlsx,Table 1-1,false,51298,Health Insurance Coverage for People Under Age 65 / Insured as a Percentage of the Population / Including all U.S. residents,fiscal_year,2024,2024,2024,43,7
Health Insurance,Including all U.S. residents,2025,87.62419627114556,Number of insured people,51298-2019-05-Health-Insurance.xlsx,Table 1-1,false,51298,Health Insurance Coverage for People Under Age 65 / Insured as a Percentage of the Population / Including all U.S. residents,fiscal_year,2025,2025,2025,43,8
Health Insurance,Including all U.S. residents,2026,87.55864209774961,Number of insured people,51298-2019-05-Health-Insurance.xlsx,Table 1-1,false,51298,Health Insurance Coverage for People Under Age 65 / Insured as a Percentage of the Population / Including all U.S. residents,fiscal_year,2026,2026,2026,43,9
Health Insurance,Including all U.S. residents,2027,87.42027224199647,Number of insured people,51298-2019-05-Health-Insurance.xlsx,Table 1-1,false,51298,Health Insurance Coverage for People Under Age 65 / Insured as a Percentage of the Population / Including all U.S. residents,fiscal_year,2027,2027,2027,43,10
Health Insurance,Including all U.S. residents,2028,87.35287207777387,Number of insured people,51298-2019-05-Health-Insurance.xlsx,Table 1-1,false,51298,Health Insurance Coverage for People Under Age 65 / Insured as a Percentage of the Population / Including all U.S. residents,fiscal_year,2028,2028,2028,43,11
Health Insurance,Including all U.S. residents,2029,87.26341300008839,Number of insured people,51298-2019-05-Health-Insurance.xlsx,Table 1-1,false,51298,Health Insurance Coverage for People Under Age 65 / Insured as a Percentage of the Population / Including all U.S. residents,fiscal_year,2029,2029,2029,43,12
Health Insurance,Excluding unauthorized immigrants,2019,90.61135190560893,Number of insured people,51298-2019-05-Health-Insurance.xlsx,Table 1-1,false,51298,Health Insurance Coverage for People Under Age 65 / Insured as a Percentage of the Population / Excluding unauthorized immigrants,fiscal_year,2019,2019,2019,44,2
Health Insurance,Excluding unauthorized immigrants,2020,90.01738572497952,Number of insured people,51298-2019-05-Health-Insurance.xlsx,Table 1-1,false,51298,Health Insurance Coverage for People Under Age 65 / Insured as a Percentage of the Population / Excluding unauthorized immigrants,fiscal_year,2020,2020,2020,44,3
Health Insurance,Excluding unauthorized immigrants,2021,89.55561167172908,Number of insured people,51298-2019-05-Health-Insurance.xlsx,Table 1-1,false,51298,Health Insurance Coverage for People Under Age 65 / Insured as a Percentage of the Population / Excluding unauthorized immigrants,fiscal_year,2021,2021,2021,44,4
Health Insurance,Excluding unauthorized immigrants,2022,89.56880627106194,Number of insured people,51298-2019-05-Health-Insurance.xlsx,Table 1-1,false,51298,Health Insurance Coverage for People Under Age 65 / Insured as a Percentage of the Population / Excluding unauthorized immigrants,fiscal_year,2022,2022,2022,44,5
Health Insurance,Excluding unauthorized immigrants,2023,89.53985799609654,Number of insured people,51298-2019-05-Health-Insurance.xlsx,Table 1-1,false,51298,Health Insurance Coverage for People Under Age 65 / Insured as a Percentage of the Population / Excluding unauthorized immigrants,fiscal_year,2023,2023,2023,44,6
Health Insurance,Excluding unauthorized immigrants,2024,89.44490455866514,Number of insured people,51298-2019-05-Health-Insurance.xlsx,Table 1-1,false,51298,Health Insurance Coverage for People Under Age 65 / Insured as a Percentage of the Population / Excluding unauthorized immigrants,fiscal_year,2024,2024,2024,44,7
Health Insurance,Excluding unauthorized immigrants,2025,89.41511217348035,Number of insured people,51298-2019-05-Health-Insurance.xlsx,Table 1-1,false,51298,Health Insurance Coverage for People Under Age 65 / Insured as a Percentage of the Population / Excluding unauthorized immigrants,fiscal_year,2025,2025,2025,44,8
Health Insurance,Excluding unauthorized immigrants,2026,89.35444314108058,Number of insured people,51298-2019-05-Health-Insurance.xlsx,Table 1-1,false,51298,Health Insurance Coverage for People Under Age 65 / Insured as a Percentage of the Population / Excluding unauthorized immigrants,fiscal_year,2026,2026,2026,44,9
Health Insurance,Excluding unauthorized immigrants,2027,89.2344386997437,Number of insured people,51298-2019-05-Health-Insurance.xlsx,Table 1-1,false,51298,Health Insurance Coverage for People Under Age 65 / Insured as a Percentage of the Population / Excluding unauthorized immigrants,fiscal_year,2027,2027,2027,44,10
Health Insurance,Excluding unauthorized immigrants,2028,89.1784003140204,Number of insured people,51298-2019-05-Health-Insurance.xlsx,Table 1-1,false,51298,Health Insurance Coverage for People Under Age 65 / Insured as a Percentage of the Population / Excluding unauthorized immigrants,fiscal_year,2028,2028,2028,44,11
Health Insurance,Excluding unauthorized immigrants,2029,89.0999478183993,Number of insured people,51298-2019-05-Health-Insurance.xlsx,Table 1-1,false,51298,Health Insurance Coverage for People Under Age 65 / Insured as a Percentage of the Population / Excluding unauthorized immigrants,fiscal_year,2029,2029,2029,44,12
Health Insurance,Total Population Under Age 65,2019,273.0,Millions of people,51298-2019-05-Health-Insurance.xlsx,Table 1,true,51298,"Health Insurance Coverage, 2019 to 2029 / Total Population Under Age 65",fiscal_year,2019,2019,2019,6,2
Health Insurance,Total Population Under Age 65,2020,273.0,Millions of people,51298-2019-05-Health-Insurance.xlsx,Table 1,true,51298,"Health Insurance Coverage, 2019 to 2029 / Total Population Under Age 65",fiscal_year,2020,2020,2020,6,3
Health Insurance,Total Population Under Age 65,2021,273.0,Millions of people,51298-2019-05-Health-Insurance.xlsx,Table 1,true,51298,"Health Insurance Coverage, 2019 to 2029 / Total Population Under Age 65",fiscal_year,2021,2021,2021,6,4
Health Insurance,Total Population Under Age 65,2022,274.0,Millions of people,51298-2019-05-Health-Insurance.xlsx,Table 1,true,51298,"Health Insurance Coverage, 2019 to 2029 / Total Population Under Age 65",fiscal_year,2022,2022,2022,6,5
Health Insurance,Total Population Under Age 65,2023,274.0,Millions of people,51298-2019-05-Health-Insurance.xlsx,Table 1,true,51298,"Health Insurance Coverage, 2019 to 2029 / Total Population Under Age 65",fiscal_year,2023,2023,2023,6,6
Health Insurance,Total Population Under Age 65,2024,275.0,Millions of people,51298-2019-05-Health-Insurance.xlsx,Table 1,true,51298,"Health Insurance Coverage, 2019 to 2029 / Total Population Under Age 65",fiscal_year,2024,2024,2024,6,7
Health Insurance,Total Population Under Age 65,2025,275.0,Millions of people,51298-2019-05-Health-Insurance.xlsx,Table 1,true,51298,"Health Insurance Coverage, 2019 to 2029 / Total Population Under Age 65",fiscal_year,2025,2025,2025,6,8
Health Insurance,Total Population Under Age 65,2026,276.0,Millions of people,51298-2019-05-Health-Insurance.xlsx,Table 1,true,51298,"Health Insurance Coverage, 2019 to 2029 / Total Population Under Age 65",fiscal_year,2026,2026,2026,6,9
Health Insurance,Total Population Under Age 65,2027,276.0,Millions of people,51298-2019-05-Health-Insurance.xlsx,Table 1,true,51298,"Health Insurance Coverage, 2019 to 2029 / Total Population Under Age 65",fiscal_year,2027,2027,2027,6,10
Health Insurance,Total Population Under Age 65,2028,276.0,Millions of people,51298-2019-05-Health-Insurance.xlsx,Table 1,true,51298,"Health Insurance Coverage, 2019 to 2029 / Total Population Under Age 65",fiscal_year,2028,2028,2028,6,11
Health Insurance,Total Population Under Age 65,2029,277.0,Millions of people,51298-2019-05-Health-Insurance.xlsx,Table 1,true,51298,"Health Insurance Coverage, 2019 to 2029 / Total Population Under Age 65",fiscal_year,2029,2029,2029,6,12
Health Insurance,Employment-Based Coverage,2019,159.0,Millions of people,51298-2019-05-Health-Insurance.xlsx,Table 1,false,51298,"Health Insurance Coverage, 2019 to 2029 / Employment-Based Coverage",fiscal_year,2019,2019,2019,8,2
Health Insurance,Employment-Based Coverage,2020,159.0,Millions of people,51298-2019-05-Health-Insurance.xlsx,Table 1,false,51298,"Health Insurance Coverage, 2019 to 2029 / Employment-Based Coverage",fiscal_year,2020,2020,2020,8,3
Health Insurance,Employment-Based Coverage,2021,159.0,Millions of people,51298-2019-05-Health-Insurance.xlsx,Table 1,false,51298,"Health Insurance Coverage, 2019 to 2029 / Employment-Based Coverage",fiscal_year,2021,2021,2021,8,4
Health Insurance,Employment-Based Coverage,2022,159.0,Millions of people,51298-2019-05-Health-Insurance.xlsx,Table 1,false,51298,"Health Insurance Coverage, 2019 to 2029 / Employment-Based Coverage",fiscal_year,2022,2022,2022,8,5
Health Insurance,Employment-Based Coverage,2023,158.0,Millions of people,51298-2019-05-Health-Insurance.xlsx,Table 1,false,51298,"Health Insurance Coverage, 2019 to 2029 / Employment-Based Coverage",fiscal_year,2023,2023,2023,8,6
Health Insurance,Employment-Based Coverage,2024,158.0,Millions of people,51298-2019-05-Health-Insurance.xlsx,Table 1,false,51298,"Health Insurance Coverage, 2019 to 2029 / Employment-Based Coverage",fiscal_year,2024,2024,2024,8,7
Health Insurance,Employment-Based Coverage,2025,158.0,Millions of people,51298-2019-05-Health-Insurance.xlsx,Table 1,false,51298,"Health Insurance Coverage, 2019 to 2029 / Employment-Based Coverage",fiscal_year,2025,2025,2025,8,8
Health Insurance,Employment-Based Coverage,2026,158.0,Millions of people,51298-2019-05-Health-Insurance.xlsx,Table 1,false,51298,"Health Insurance Coverage, 2019 to 2029 / Employment-Based Coverage",fiscal_year,2026,2026,2026,8,9
Health Insurance,Employment-Based Coverage,2027,158.0,Millions of people,51298-2019-05-Health-Insurance.xlsx,Table 1,false,51298,"Health Insurance Coverage, 2019 to 2029 / Employment-Based Coverage",fiscal_year,2027,2027,2027,8,10
Health Insurance,Employment-Based Coverage,2028,159.0,Millions of people,51298-2019-05-Health-Insurance.xlsx,Table 1,false,51298,"Health Insurance Coverage, 2019 to 2029 / Employment-Based Coverage",fiscal_year,2028,2028,2028,8,11
Health Insurance,Employment-Based Coverage,2029,159.0,Millions of people,51298-2019-05-Health-Insurance.xlsx,Table 1,false,51298,"Health Insurance Coverage, 2019 to 2029 / Employment-Based Coverage",fiscal_year,2029,2029,2029,8,12
Health Insurance,Blind and disabled,2019,7.0,Millions of people,51298-2019-05-Health-Insurance.xlsx,Table 1,false,51298,"Health Insurance Coverage, 2019 to 2029 / Medicaid and CHIP a / Blind and disabled",fiscal_year,2019,2019,2019,11,2
Health Insurance,Blind and disabled,2020,7.0,Millions of people,51298-2019-05-Health-Insurance.xlsx,Table 1,false,51298,"Health Insurance Coverage, 2019 to 2029 / Medicaid and CHIP a / Blind and disabled",fiscal_year,2020,2020,2020,11,3
Health Insurance,Blind and disabled,2021,7.0,Millions of people,51298-2019-05-Health-Insurance.xlsx,Table 1,false,51298,"Health Insurance Coverage, 2019 to 2029 / Medicaid and CHIP a / Blind and disabled",fiscal_year,2021,2021,2021,11,4
Health Insurance,Blind and disabled,2022,7.0,Millions of people,51298-2019-05-Health-Insurance.xlsx,Table 1,false,51298,"Health Insurance Coverage, 2019 to 2029 / Medicaid and CHIP a / Blind and disabled",fiscal_year,2022,2022,2022,11,5
Health Insurance,Blind and disabled,2023,7.0,Millions of people,51298-2019-05-Health-Insurance.xlsx,Table 1,false,51298,"Health Insurance Coverage, 2019 to 2029 / Medicaid and CHIP a / Blind and disabled",fiscal_year,2023,2023,2023,11,6
Health Insurance,Blind and disabled,2024,7.0,Millions of people,51298-2019-05-Health-Insurance.xlsx,Table 1,false,51298,"Health Insurance Coverage, 2019 to 2029 / Medicaid and CHIP a / Blind and disabled",fiscal_year,2024,2024,2024,11,7
Health Insurance,Blind and disabled,2025,7.0,Millions of people,51298-2019-05-Health-Insurance.xlsx,Table 1,false,51298,"Health Insurance Coverage, 2019 to 2029 / Medicaid and CHIP a / Blind and disabled",fiscal_year,2025,2025,2025,11,8
Health Insurance,Blind and disabled,2026,7.0,Millions of people,51298-2019-05-Health-Insurance.xlsx,Table 1,false,51298,"Health Insurance Coverage, 2019 to 2029 / Medicaid and CHIP a / Blind and disabled",fiscal_year,2026,2026,2026,11,9
Health Insurance,Blind and disabled,2027,7.0,Millions of people,51298-2019-05-Health-Insurance.xlsx,Table 1,false,51298,"Health Insurance Coverage, 2019 to 2029 / Medicaid and CHIP a / Blind and disabled",fiscal_year,2027,2027,2027,11,10
Health Insurance,Blind and disabled,2028,7.0,Millions of people,51298-2019-05-Health-Insurance.xlsx,Table 1,false,51298,"Health Insurance Coverage, 2019 to 2029 / Medicaid and CHIP a / Blind and disabled",fiscal_year,2028,2028,2028,11,11
Health Insurance,Blind and disabled,2029,7.0,Millions of people,51298-2019-05-Health-Insurance.xlsx,Table 1,false,51298,"Health Insurance Coverage, 2019 to 2029 / Medicaid and CHIP a / Blind and disabled",fiscal_year,2029,2029,2029,11,12
Health Insurance,Children,2019,30.0,Millions of people,51298-2019-05-Health-Insurance.xlsx,Table 1,false,51298,"Health Insurance Coverage, 2019 to 2029 / Medicaid and CHIP a / Children",fiscal_year,2019,2019,2019,12,2
Health Insurance,Children,2020,30.0,Millions of people,51298-2019-05-Health-Insurance.xlsx,Table 1,false,51298,"Health Insurance Coverage, 2019 to 2029 / Medicaid and CHIP a / Children",fiscal_year,2020,2020,2020,12,3
Health Insurance,Children,2021,30.0,Millions of people,51298-2019-05-Health-Insurance.xlsx,Table 1,false,51298,"Health Insurance Coverage, 2019 to 2029 / Medicaid and CHIP a / Children",fiscal_year,2021,2021,2021,12,4
Health Insurance,Children,2022,30.0,Millions of people,51298-2019-05-Health-Insurance.xlsx,Table 1,false,51298,"Health Insurance Coverage, 2019 to 2029 / Medicaid and CHIP a / Children",fiscal_year,2022,2022,2022,12,5
Health Insurance,Children,2023,30.0,Millions of people,51298-2019-05-Health-Insurance.xlsx,Table 1,false,51298,"Health Insurance Coverage, 2019 to 2029 / Medicaid and CHIP a / Children",fiscal_year,2023,2023,2023,12,6
Health Insurance,Children,2024,30.0,Millions of people,51298-2019-05-Health-Insurance.xlsx,Table 1,false,51298,"Health Insurance Coverage, 2019 to 2029 / Medicaid and CHIP a / Children",fiscal_year,2024,2024,2024,12,7
Health Insurance,Children,2025,30.0,Millions of people,51298-2019-05-Health-Insurance.xlsx,Table 1,false,51298,"Health Insurance Coverage, 2019 to 2029 / Medicaid and CHIP a / Children",fiscal_year,2025,2025,2025,12,8
Health Insurance,Children,2026,30.0,Millions of people,51298-2019-05-Health-Insurance.xlsx,Table 1,false,51298,"Health Insurance Coverage, 2019 to 2029 / Medicaid and CHIP a / Children",fiscal_year,2026,2026,2026,12,9
Health Insurance,Children,2027,30.0,Millions of people,51298-2019-05-Health-Insurance.xlsx,Table 1,false,51298,"Health Insurance Coverage, 2019 to 2029 / Medicaid and CHIP a / Children",fiscal_year,2027,2027,2027,12,10
Health Insurance,Children,2028,30.0,Millions of people,51298-2019-05-Health-Insurance.xlsx,Table 1,false,51298,"Health Insurance Coverage, 2019 to 2029 / Medicaid and CHIP a / Children",fiscal_year,2028,2028,2028,12,11
Health Insurance,Children,2029,30.0,Millions of people,51298-2019-05-Health-Insurance.xlsx,Table 1,false,51298,"Health Insurance Coverage, 2019 to 2029 / Medicaid and CHIP a / Children",fiscal_year,2029,2029,2029,12,12
Health Insurance,Adults made eligible for Medicaid by the ACA,2019,12.0,Millions of people,51298-2019-05-Health-Insurance.xlsx,Table 1,false,51298,"Health Insurance Coverage, 2019 to 2029 / Medicaid and CHIP a / Adults made eligible for Medicaid by the ACA",fiscal_year,2019,2019,2019,13,2
Health Insurance,Adults made eligible for Medicaid by the ACA,2020,12.0,Millions of people,51298-2019-05-Health-Insurance.xlsx,Table 1,false,51298,"Health Insurance Coverage, 2019 to 2029 / Medicaid and CHIP a / Adults made eligible for Medicaid by the ACA",fiscal_year,2020,2020,2020,13,3
Health Insurance,Adults made eligible for Medicaid by the ACA,2021,12.0,Millions of people,51298-2019-05-Health-Insurance.xlsx,Table 1,false,51298,"Health Insurance Coverage, 2019 to 2029 / Medicaid and CHIP a / Adults made eligible for Medicaid by the ACA",fiscal_year,2021,2021,2021,13,4
Health Insurance,Adults made eligible for Medicaid by the ACA,2022,13.0,Millions of people,51298-2019-05-Health-Insurance.xlsx,Table 1,false,51298,"Health Insurance Coverage, 2019 to 2029 / Medicaid and CHIP a / Adults made eligible for Medicaid by the ACA",fiscal_year,2022,2022,2022,13,5
Health Insurance,Adults made eligible for Medicaid by the ACA,2023,13.0,Millions of people,51298-2019-05-Health-Insurance.xlsx,Table 1,false,51298,"Health Insurance Coverage, 2019 to 2029 / Medicaid and CHIP a / Adults made eligible for Medicaid by the ACA",fiscal_year,2023,2023,2023,13,6
Health Insurance,Adults made eligible for Medicaid by the ACA,2024,13.0,Millions of people,51298-2019-05-Health-Insurance.xlsx,Table 1,false,51298,"Health Insurance Coverage, 2019 to 2029 / Medicaid and CHIP a / Adults made eligible for Medicaid by the ACA",fiscal_year,2024,2024,2024,13,7
Health Insurance,Adults made eligible for Medicaid by the ACA,2025,14.0,Millions of people,51298-2019-05-Health-Insurance.xlsx,Table 1,false,51298,"Health Insurance Coverage, 2019 to 2029 / Medicaid and CHIP a / Adults made eligible for Medicaid by the ACA",fiscal_year,2025,2025,2025,13,8
Health Insurance,Adults made eligible for Medicaid by the ACA,2026,14.0,Millions of people,51298-2019-05-Health-Insurance.xlsx,Table 1,false,51298,"Health Insurance Coverage, 2019 to 2029 / Medicaid and CHIP a / Adults made eligible for Medicaid by the ACA",fiscal_year,2026,2026,2026,13,9
Health Insurance,Adults made eligible for Medicaid by the ACA,2027,14.0,Millions of people,51298-2019-05-Health-Insurance.xlsx,Table 1,false,51298,"Health Insurance Coverage, 2019 to 2029 / Medicaid and CHIP a / Adults made eligible for Medicaid by the ACA",fiscal_year,2027,2027,2027,13,10
Health Insurance,Adults made eligible for Medicaid by the ACA,2028,14.0,Millions of people,51298-2019-05-Health-Insurance.xlsx,Table 1,false,51298,"Health Insurance Coverage, 2019 to 2029 / Medicaid and CHIP a / Adults made eligible for Medicaid by the ACA",fiscal_year,2028,2028,2028,13,11
Health Insurance,Adults made eligible for Medicaid by the ACA,2029,14.0,Millions of people,51298-2019-05-Health-Insurance.xlsx,Table 1,false,51298,"Health Insurance Coverage, 2019 to 2029 / Medicaid and CHIP a / Adults made eligible for Medicaid by the ACA",fiscal_year,2029,2029,2029,13,12
Health Insurance,Adults otherwise eligible for Medicaid,2019,13.0,Millions of people,51298-2019-05-Health-Insurance.xlsx,Table 1,false,51298,"Health Insurance Coverage, 2019 to 2029 / Medicaid and CHIP a / Adults otherwise eligible for Medicaid",fiscal_year,2019,2019,2019,14,2
Health Insurance,Adults otherwise eligible for Medicaid,2020,12.0,Millions of people,51298-2019-05-Health-Insurance.xlsx,Table 1,false,51298,"Health Insurance Coverage, 2019 to 2029 / Medicaid and CHIP a / Adults otherwise eligible for Medicaid",fiscal_year,2020,2020,2020,14,3
Health Insurance,Adults otherwise eligible for Medicaid,2021,12.0,Millions of people,51298-2019-05-Health-Insurance.xlsx,Table 1,false,51298,"Health Insurance Coverage, 2019 to 2029 / Medicaid and CHIP a / Adults otherwise eligible for Medicaid",fiscal_year,2021,2021,2021,14,4
Health Insurance,Adults otherwise eligible for Medicaid,2022,12.0,Millions of people,51298-2019-05-Health-Insurance.xlsx,Table 1,false,51298,"Health Insurance Coverage, 2019 to 2029 / Medicaid and CHIP a / Adults otherwise eligible for Medicaid",fiscal_year,2022,2022,2022,14,5
Health Insurance,Adults otherwise eligible for Medicaid,2023,13.0,Millions of people,51298-2019-05-Health-Insurance.xlsx,Table 1,false,51298,"Health Insurance Coverage, 2019 to 2029 / Medicaid and CHIP a / Adults otherwise eligible for Medicaid",fiscal_year,2023,2023,2023,14,6
Health Insurance,Adults otherwise eligible for Medicaid,2024,13.0,Millions of people,51298-2019-05-Health-Insurance.xlsx,Table 1,false,51298,"Health Insurance Coverage, 2019 to 2029 / Medicaid and CHIP a / Adults otherwise eligible for Medicaid",fiscal_year,2024,2024,2024,14,7
Health Insurance,Adults otherwise eligible for Medicaid,2025,13.0,Millions of people,51298-2019-05-Health-Insurance.xlsx,Table 1,false,51298,"Health Insurance Coverage, 2019 to 2029 / Medicaid and CHIP a / Adults otherwise eligible for Medicaid",fiscal_year,2025,2025,2025,14,8
Health Insurance,Adults otherwise eligible for Medicaid,2026,13.0,Millions of people,51298-2019-05-Health-Insurance.xlsx,Table 1,false,51298,"Health Insurance Coverage, 2019 to 2029 / Medicaid and CHIP a / Adults otherwise eligible for Medicaid",fiscal_year,2026,2026,2026,14,9
Health Insurance,Adults otherwise eligible for Medicaid,2027,13.0,Millions of people,51298-2019-05-Health-Insurance.xlsx,Table 1,false,51298,"Health Insurance Coverage, 2019 to 2029 / Medicaid and CHIP a / Adults otherwise eligible for Medicaid",fiscal_year,2027,2027,2027,14,10
Health Insurance,Adults otherwise eligible for Medicaid,2028,13.0,Millions of people,51298-2019-05-Health-Insurance.xlsx,Table 1,false,51298,"Health Insurance Coverage, 2019 to 2029 / Medicaid and CHIP a / Adults otherwise eligible for Medicaid",fiscal_year,2028,2028,2028,14,11
Health Insurance,Adults otherwise eligible for Medicaid,2029,13.0,Millions of people,51298-2019-05-Health-Insurance.xlsx,Table 1,false,51298,"Health Insurance Coverage, 2019 to 2029 / Medicaid and CHIP a / Adults otherwise eligible for Medicaid",fiscal_year,2029,2029,2029,14,12
Health Insurance,CHIP,2019,7.0,Millions of people,51298-2019-05-Health-Insurance.xlsx,Table 1,false,51298,"Health Insurance Coverage, 2019 to 2029 / Medicaid and CHIP a / CHIP",fiscal_year,2019,2019,2019,15,2
Health Insurance,CHIP,2020,7.0,Millions of people,51298-2019-05-Health-Insurance.xlsx,Table 1,false,51298,"Health Insurance Coverage, 2019 to 2029 / Medicaid and CHIP a / CHIP",fiscal_year,2020,2020,2020,15,3
Health Insurance,CHIP,2021,7.0,Millions of people,51298-2019-05-Health-Insurance.xlsx,Table 1,false,51298,"Health Insurance Coverage, 2019 to 2029 / Medicaid and CHIP a / CHIP",fiscal_year,2021,2021,2021,15,4
Health Insurance,CHIP,2022,7.0,Millions of people,51298-2019-05-Health-Insurance.xlsx,Table 1,false,51298,"Health Insurance Coverage, 2019 to 2029 / Medicaid and CHIP a / CHIP",fiscal_year,2022,2022,2022,15,5
Health Insurance,CHIP,2023,7.0,Millions of people,51298-2019-05-Health-Insurance.xlsx,Table 1,false,51298,"Health Insurance Coverage, 2019 to 2029 / Medicaid and CHIP a / CHIP",fiscal_year,2023,2023,2023,15,6
Health Insurance,CHIP,2024,7.0,Millions of people,51298-2019-05-Health-Insurance.xlsx,Table 1,false,51298,"Health Insurance Coverage, 2019 to 2029 / Medicaid and CHIP a / CHIP",fiscal_year,2024,2024,2024,15,7
Health Insurance,CHIP,2025,7.0,Millions of people,51298-2019-05-Health-Insurance.xlsx,Table 1,false,51298,"Health Insurance Coverage, 2019 to 2029 / Medicaid and CHIP a / CHIP",fiscal_year,2025,2025,2025,15,8
Health Insurance,CHIP,2026,7.0,Millions of people,51298-2019-05-Health-Insurance.xlsx,Table 1,false,51298,"Health Insurance Coverage, 2019 to 2029 / Medicaid and CHIP a / CHIP",fiscal_year,2026,2026,2026,15,9
Health Insurance,CHIP,2027,7.0,Millions of people,51298-2019-05-Health-Insurance.xlsx,Table 1,false,51298,"Health Insurance Coverage, 2019 to 2029 / Medicaid and CHIP a / CHIP",fiscal_year,2027,2027,2027,15,10
Health Insurance,CHIP,2028,7.0,Millions of people,51298-2019-05-Health-Insurance.xlsx,Table 1,false,51298,"Health Insurance Coverage, 2019 to 2029 / Medicaid and CHIP a / CHIP",fiscal_year,2028,2028,2028,15,11
Health Insurance,CHIP,2029,7.0,Millions of people,51298-2019-05-Health-Insurance.xlsx,Table 1,false,51298,"Health Insurance Coverage, 2019 to 2029 / Medicaid and CHIP a / CHIP",fiscal_year,2029,2029,2029,15,12
Health Insurance,Subtotal,2019,69.0,Millions of people,51298-2019-05-Health-Insurance.xlsx,Table 1,true,51298,"Health Insurance Coverage, 2019 to 2029 / Medicaid and CHIP a / Subtotal",fiscal_year,2019,2019,2019,17,2
Health Insurance,Subtotal,2020,68.0,Millions of people,51298-2019-05-Health-Insurance.xlsx,Table 1,true,51298,"Health Insurance Coverage, 2019 to 2029 / Medicaid and CHIP a / Subtotal",fiscal_year,2020,2020,2020,17,3
Health Insurance,Subtotal,2021,68.0,Millions of people,51298-2019-05-Health-Insurance.xlsx,Table 1,true,51298,"Health Insurance Coverage, 2019 to 2029 / Medicaid and CHIP a / Subtotal",fiscal_year,2021,2021,2021,17,4
Health Insurance,Subtotal,2022,69.0,Millions of people,51298-2019-05-Health-Insurance.xlsx,Table 1,true,51298,"Health Insurance Coverage, 2019 to 2029 / Medicaid and CHIP a / Subtotal",fiscal_year,2022,2022,2022,17,5
Health Insurance,Subtotal,2023,70.0,Millions of people,51298-2019-05-Health-Insurance.xlsx,Table 1,true,51298,"Health Insurance Coverage, 2019 to 2029 / Medicaid and CHIP a / Subtotal",fiscal_year,2023,2023,2023,17,6
Health Insurance,Subtotal,2024,70.0,Millions of people,51298-2019-05-Health-Insurance.xlsx,Table 1,true,51298,"Health Insurance Coverage, 2019 to 2029 / Medicaid and CHIP a / Subtotal",fiscal_year,2024,2024,2024,17,7
Health Insurance,Subtotal,2025,70.0,Millions of people,51298-2019-05-Health-Insurance.xlsx,Table 1,true,51298,"Health Insurance Coverage, 2019 to 2029 / Medicaid and CHIP a / Subtotal",fiscal_year,2025,2025,2025,17,8
Health Insurance,Subtotal,2026,71.0,Millions of people,51298-2019-05-Health-Insurance.xlsx,Table 1,true,51298,"Health Insurance Coverage, 2019 to 2029 / Medicaid and CHIP a / Subtotal",fiscal_year,2026,2026,2026,17,9
Health Insurance,Subtotal,2027,71.0,Millions of people,51298-2019-05-Health-Insurance.xlsx,Table 1,true,51298,"Health Insurance Coverage, 2019 to 2029 / Medicaid and CHIP a / Subtotal",fiscal_year,2027,2027,2027,17,10
Health Insurance,Subtotal,2028,71.0,Millions of people,51298-2019-05-Health-Insurance.xlsx,Table 1,true,51298,"Health Insurance Coverage, 2019 to 2029 / Medicaid and CHIP a / Subtotal",fiscal_year,2028,2028,2028,17,11
Health Insurance,Subtotal,2029,71.0,Millions of people,51298-2019-05-Health-Insurance.xlsx,Table 1,true,51298,"Health Insurance Coverage, 2019 to 2029 / Medicaid and CHIP a / Subtotal",fiscal_year,2029,2029,2029,17,12
Health Insurance,Subsidized,2019,8.0,Millions of people,51298-2019-05-Health-Insurance.xlsx,Table 1,false,51298,"Health Insurance Coverage, 2019 to 2029 / Nongroup coverage purchased through marketplaces b / Subsidized",fiscal_year,2019,2019,2019,21,2
Health Insurance,Subsidized,2020,8.0,Millions of people,51298-2019-05-Health-Insurance.xlsx,Table 1,false,51298,"Health Insurance Coverage, 2019 to 2029 / Nongroup coverage purchased through marketplaces b / Subsidized",fiscal_year,2020,2020,2020,21,3
Health Insurance,Subsidized,2021,7.0,Millions of people,51298-2019-05-Health-Insurance.xlsx,Table 1,false,51298,"Health Insurance Coverage, 2019 to 2029 / Nongroup coverage purchased through marketplaces b / Subsidized",fiscal_year,2021,2021,2021,21,4
Health Insurance,Subsidized,2022,7.0,Millions of people,51298-2019-05-Health-Insurance.xlsx,Table 1,false,51298,"Health Insurance Coverage, 2019 to 2029 / Nongroup coverage purchased through marketplaces b / Subsidized",fiscal_year,2022,2022,2022,21,5
Health Insurance,Subsidized,2023,7.0,Millions of people,51298-2019-05-Health-Insurance.xlsx,Table 1,false,51298,"Health Insurance Coverage, 2019 to 2029 / Nongroup coverage purchased through marketplaces b / Subsidized",fiscal_year,2023,2023,2023,21,6
Health Insurance,Subsidized,2024,7.0,Millions of people,51298-2019-05-Health-Insurance.xlsx,Table 1,false,51298,"Health Insurance Coverage, 2019 to 2029 / Nongroup coverage purchased through marketplaces b / Subsidized",fiscal_year,2024,2024,2024,21,7
Health Insurance,Subsidized,2025,7.0,Millions of people,51298-2019-05-Health-Insurance.xlsx,Table 1,false,51298,"Health Insurance Coverage, 2019 to 2029 / Nongroup coverage purchased through marketplaces b / Subsidized",fiscal_year,2025,2025,2025,21,8
Health Insurance,Subsidized,2026,6.0,Millions of people,51298-2019-05-Health-Insurance.xlsx,Table 1,false,51298,"Health Insurance Coverage, 2019 to 2029 / Nongroup coverage purchased through marketplaces b / Subsidized",fiscal_year,2026,2026,2026,21,9
Health Insurance,Subsidized,2027,6.0,Millions of people,51298-2019-05-Health-Insurance.xlsx,Table 1,false,51298,"Health Insurance Coverage, 2019 to 2029 / Nongroup coverage purchased through marketplaces b / Subsidized",fiscal_year,2027,2027,2027,21,10
Health Insurance,Subsidized,2028,6.0,Millions of people,51298-2019-05-Health-Insurance.xlsx,Table 1,false,51298,"Health Insurance Coverage, 2019 to 2029 / Nongroup coverage purchased through marketplaces b / Subsidized",fiscal_year,2028,2028,2028,21,11
Health Insurance,Subsidized,2029,6.0,Millions of people,51298-2019-05-Health-Insurance.xlsx,Table 1,false,51298,"Health Insurance Coverage, 2019 to 2029 / Nongroup coverage purchased through marketplaces b / Subsidized",fiscal_year,2029,2029,2029,21,12
Health Insurance,Unsubsidized,2019,1.0,Millions of people,51298-2019-05-Health-Insurance.xlsx,Table 1,false,51298,"Health Insurance Coverage, 2019 to 2029 / Nongroup coverage purchased through marketplaces b / Unsubsidized",fiscal_year,2019,2019,2019,22,2
Health Insurance,Unsubsidized,2020,1.0,Millions of people,51298-2019-05-Health-Insurance.xlsx,Table 1,false,51298,"Health Insurance Coverage, 2019 to 2029 / Nongroup coverage purchased through marketplaces b / Unsubsidized",fiscal_year,2020,2020,2020,22,3
Health Insurance,Unsubsidized,2021,1.0,Millions of people,51298-2019-05-Health-Insurance.xlsx,Table 1,false,51298,"Health Insurance Coverage, 2019 to 2029 / Nongroup coverage purchased through marketplaces b / Unsubsidized",fiscal_year,2021,2021,2021,22,4
Health Insurance,Unsubsidized,2022,1.0,Millions of people,51298-2019-05-Health-Insurance.xlsx,Table 1,false,51298,"Health Insurance Coverage, 2019 to 2029 / Nongroup coverage purchased through marketplaces b / Unsubsidized",fiscal_year,2022,2022,2022,22,5
Health Insurance,Unsubsidized,2023,1.0,Millions of people,51298-2019-05-Health-Insurance.xlsx,Table 1,false,51298,"Health Insurance Coverage, 2019 to 2029 / Nongroup coverage purchased through marketplaces b / Unsubsidized",fiscal_year,2023,2023,2023,22,6
Health Insurance,Unsubsidized,2024,1.0,Millions of people,51298-2019-05-Health-Insurance.xlsx,Table 1,false,51298,"Health Insurance Coverage, 2019 to 2029 / Nongroup coverage purchased through marketplaces b / Unsubsidized",fiscal_year,2024,2024,2024,22,7
Health Insurance,Unsubsidized,2025,1.0,Millions of people,51298-2019-05-Health-Insurance.xlsx,Table 1,false,51298,"Health Insurance Coverage, 2019 to 2029 / Nongroup coverage purchased through marketplaces b / Unsubsidized",fiscal_year,2025,2025,2025,22,8
Health Insurance,Unsubsidized,2026,1.0,Millions of people,51298-2019-05-Health-Insurance.xlsx,Table 1,false,51298,"Health Insurance Coverage, 2019 to 2029 / Nongroup coverage purchased through marketplaces b / Unsubsidized",fiscal_year,2026,2026,2026,22,9
Health Insurance,Unsubsidized,2027,1.0,Millions of people,51298-2019-05-Health-Insurance.xlsx,Table 1,false,51298,"Health Insurance Coverage, 2019 to 2029 / Nongroup coverage purchased through marketplaces b / Unsubsidized",fiscal_year,2027,2027,2027,22,10
Health Insurance,Unsubsidized,2028,1.0,Millions of people,51298-2019-05-Health-Insurance.xlsx,Table 1,false,51298,"Health Insurance Coverage, 2019 to 2029 / Nongroup coverage purchased through marketplaces b / Unsubsidized",fiscal_year,2028,2028,2028,22,11
Health Insurance,Unsubsidized,2029,1.0,Millions of people,51298-2019-05-Health-Insurance.xlsx,Table 1,false,51298,"Health Insurance Coverage, 2019 to 2029 / Nongroup coverage purchased through marketplaces b / Unsubsidized",fiscal_year,2029,2029,2029,22,12
Health Insurance,Subtotal,2019,9.0,Millions of people,51298-2019-05-Health-Insurance.xlsx,Table 1,true,51298,"Health Insurance Coverage, 2019 to 2029 / Nongroup coverage purchased through marketplaces b / Subtotal",fiscal_year,2019,2019,2019,23,2
Health Insurance,Subtotal,2020,9.0,Millions of people,51298-2019-05-Health-Insurance.xlsx,Table 1,true,51298,"Health Insurance Coverage, 2019 to 2029 / Nongroup coverage purchased through marketplaces b / Subtotal",fiscal_year,2020,2020,2020,23,3
Health Insurance,Subtotal,2021,8.0,Millions of people,51298-2019-05-Health-Insurance.xlsx,Table 1,true,51298,"Health Insurance Coverage, 2019 to 2029 / Nongroup coverage purchased through marketplaces b / Subtotal",fiscal_year,2021,2021,2021,23,4
Health Insurance,Subtotal,2022,8.0,Millions of people,51298-2019-05-Health-Insurance.xlsx,Table 1,true,51298,"Health Insurance Coverage, 2019 to 2029 / Nongroup coverage purchased through marketplaces b / Subtotal",fiscal_year,2022,2022,2022,23,5
Health Insurance,Subtotal,2023,8.0,Millions of people,51298-2019-05-Health-Insurance.xlsx,Table 1,true,51298,"Health Insurance Coverage, 2019 to 2029 / Nongroup coverage purchased through marketplaces b / Subtotal",fiscal_year,2023,2023,2023,23,6
Health Insurance,Subtotal,2024,8.0,Millions of people,51298-2019-05-Health-Insurance.xlsx,Table 1,true,51298,"Health Insurance Coverage, 2019 to 2029 / Nongroup coverage purchased through marketplaces b / Subtotal",fiscal_year,2024,2024,2024,23,7
Health Insurance,Subtotal,2025,8.0,Millions of people,51298-2019-05-Health-Insurance.xlsx,Table 1,true,51298,"Health Insurance Coverage, 2019 to 2029 / Nongroup coverage purchased through marketplaces b / Subtotal",fiscal_year,2025,2025,2025,23,8
Health Insurance,Subtotal,2026,7.0,Millions of people,51298-2019-05-Health-Insurance.xlsx,Table 1,true,51298,"Health Insurance Coverage, 2019 to 2029 / Nongroup coverage purchased through marketplaces b / Subtotal",fiscal_year,2026,2026,2026,23,9
Health Insurance,Subtotal,2027,7.0,Millions of people,51298-2019-05-Health-Insurance.xlsx,Table 1,true,51298,"Health Insurance Coverage, 2019 to 2029 / Nongroup coverage purchased through marketplaces b / Subtotal",fiscal_year,2027,2027,2027,23,10
Health Insurance,Subtotal,2028,7.0,Millions of people,51298-2019-05-Health-Insurance.xlsx,Table 1,true,51298,"Health Insurance Coverage, 2019 to 2029 / Nongroup coverage purchased through marketplaces b / Subtotal",fiscal_year,2028,2028,2028,23,11
Health Insurance,Subtotal,2029,7.0,Millions of people,51298-2019-05-Health-Insurance.xlsx,Table 1,true,51298,"Health Insurance Coverage, 2019 to 2029 / Nongroup coverage purchased through marketplaces b / Subtotal",fiscal_year,2029,2029,2029,23,12
Health Insurance,Nongroup coverage purchased outside marketplaces,2019,5.0,Millions of people,51298-2019-05-Health-Insurance.xlsx,Table 1,false,51298,"Health Insurance Coverage, 2019 to 2029 / Nongroup coverage purchased through marketplaces b / Nongroup coverage purchased outside marketplaces",fiscal_year,2019,2019,2019,24,2
Health Insurance,Nongroup coverage purchased outside marketplaces,2020,5.0,Millions of people,51298-2019-05-Health-Insurance.xlsx,Table 1,false,51298,"Health Insurance Coverage, 2019 to 2029 / Nongroup coverage purchased through marketplaces b / Nongroup coverage purchased outside marketplaces",fiscal_year,2020,2020,2020,24,3
Health Insurance,Nongroup coverage purchased outside marketplaces,2021,4.0,Millions of people,51298-2019-05-Health-Insurance.xlsx,Table 1,false,51298,"Health Insurance Coverage, 2019 to 2029 / Nongroup coverage purchased through marketplaces b / Nongroup coverage purchased outside marketplaces",fiscal_year,2021,2021,2021,24,4
Health Insurance,Nongroup coverage purchased outside marketplaces,2022,4.0,Millions of people,51298-2019-05-Health-Insurance.xlsx,Table 1,false,51298,"Health Insurance Coverage, 2019 to 2029 / Nongroup coverage purchased through marketplaces b / Nongroup coverage purchased outside marketplaces",fiscal_year,2022,2022,2022,24,5
Health Insurance,Nongroup coverage purchased outside marketplaces,2023,4.0,Millions of people,51298-2019-05-Health-Insurance.xlsx,Table 1,false,51298,"Health Insurance Coverage, 2019 to 2029 / Nongroup coverage purchased through marketplaces b / Nongroup coverage purchased outside marketplaces",fiscal_year,2023,2023,2023,24,6
Health Insurance,Nongroup coverage purchased outside marketplaces,2024,4.0,Millions of people,51298-2019-05-Health-Insurance.xlsx,Table 1,false,51298,"Health Insurance Coverage, 2019 to 2029 / Nongroup coverage purchased through marketplaces b / Nongroup coverage purchased outside marketplaces",fiscal_year,2024,2024,2024,24,7
Health Insurance,Nongroup coverage purchased outside marketplaces,2025,4.0,Millions of people,51298-2019-05-Health-Insurance.xlsx,Table 1,false,51298,"Health Insurance Coverage, 2019 to 2029 / Nongroup coverage purchased through marketplaces b / Nongroup coverage purchased outside marketplaces",fiscal_year,2025,2025,2025,24,8
Health Insurance,Nongroup coverage purchased outside marketplaces,2026,4.0,Millions of people,51298-2019-05-Health-Insurance.xlsx,Table 1,false,51298,"Health Insurance Coverage, 2019 to 2029 / Nongroup coverage purchased through marketplaces b / Nongroup coverage purchased outside marketplaces",fiscal_year,2026,2026,2026,24,9
Health Insurance,Nongroup coverage purchased outside marketplaces,2027,4.0,Millions of people,51298-2019-05-Health-Insurance.xlsx,Table 1,false,51298,"Health Insurance Coverage, 2019 to 2029 / Nongroup coverage purchased through marketplaces b / Nongroup coverage purchased outside marketplaces",fiscal_year,2027,2027,2027,24,10
Health Insurance,Nongroup coverage purchased outside marketplaces,2028,4.0,Millions of people,51298-2019-05-Health-Insurance.xlsx,Table 1,false,51298,"Health Insurance Coverage, 2019 to 2029 / Nongroup coverage purchased through marketplaces b / Nongroup coverage purchased outside marketplaces",fiscal_year,2028,2028,2028,24,11
Health Insurance,Nongroup coverage purchased outside marketplaces,2029,4.0,Millions of people,51298-2019-05-Health-Insurance.xlsx,Table 1,false,51298,"Health Insurance Coverage, 2019 to 2029 / Nongroup coverage purchased through marketplaces b / Nongroup coverage purchased outside marketplaces",fiscal_year,2029,2029,2029,24,12
Health Insurance,"Total, nongroup coverage",2019,14.0,Millions of people,51298-2019-05-Health-Insurance.xlsx,Table 1,true,51298,"Health Insurance Coverage, 2019 to 2029 / Nongroup coverage purchased through marketplaces b / Total, nongroup coverage",fiscal_year,2019,2019,2019,26,2
Health Insurance,"Total, nongroup coverage",2020,13.0,Millions of people,51298-2019-05-Health-Insurance.xlsx,Table 1,true,51298,"Health Insurance Coverage, 2019 to 2029 / Nongroup coverage purchased through marketplaces b / Total, nongroup coverage",fiscal_year,2020,2020,2020,26,3
Health Insurance,"Total, nongroup coverage",2021,13.0,Millions of people,51298-2019-05-Health-Insurance.xlsx,Table 1,true,51298,"Health Insurance Coverage, 2019 to 2029 / Nongroup coverage purchased through marketplaces b / Total, nongroup coverage",fiscal_year,2021,2021,2021,26,4
Health Insurance,"Total, nongroup coverage",2022,12.0,Millions of people,51298-2019-05-Health-Insurance.xlsx,Table 1,true,51298,"Health Insurance Coverage, 2019 to 2029 / Nongroup coverage purchased through marketplaces b / Total, nongroup coverage",fiscal_year,2022,2022,2022,26,5
Health Insurance,"Total, nongroup coverage",2023,12.0,Millions of people,51298-2019-05-Health-Insurance.xlsx,Table 1,true,51298,"Health Insurance Coverage, 2019 to 2029 / Nongroup coverage purchased through marketplaces b / Total, nongroup coverage",fiscal_year,2023,2023,2023,26,6
Health Insurance,"Total, nongroup coverage",2024,12.0,Millions of people,51298-2019-05-Health-Insurance.xlsx,Table 1,true,51298,"Health Insurance Coverage, 2019 to 2029 / Nongroup coverage purchased through marketplaces b / Total, nongroup coverage",fiscal_year,2024,2024,2024,26,7
Health Insurance,"Total, nongroup coverage",2025,12.0,Millions of people,51298-2019-05-Health-Insurance.xlsx,Table 1,true,51298,"Health Insurance Coverage, 2019 to 2029 / Nongroup coverage purchased through marketplaces b / Total, nongroup coverage",fiscal_year,2025,2025,2025,26,8
Health Insurance,"Total, nongroup coverage",2026,12.0,Millions of people,51298-2019-05-Health-Insurance.xlsx,Table 1,true,51298,"Health Insurance Coverage, 2019 to 2029 / Nongroup coverage purchased through marketplaces b / Total, nongroup coverage",fiscal_year,2026,2026,2026,26,9
Health Insurance,"Total, nongroup coverage",2027,12.0,Millions of people,51298-2019-05-Health-Insurance.xlsx,Table 1,true,51298,"Health Insurance Coverage, 2019 to 2029 / Nongroup coverage purchased through marketplaces b / Total, nongroup coverage",fiscal_year,2027,2027,2027,26,10
Health Insurance,"Total, nongroup coverage",2028,11.0,Millions of people,51298-2019-05-Health-Insurance.xlsx,Table 1,true,51298,"Health Insurance Coverage, 2019 to 2029 / Nongroup coverage purchased through marketplaces b / Total, nongroup coverage",fiscal_year,2028,2028,2028,26,11
Health Insurance,"Total, nongroup coverage",2029,11.0,Millions of people,51298-2019-05-Health-Insurance.xlsx,Table 1,true,51298,"Health Insurance Coverage, 2019 to 2029 / Nongroup coverage purchased through marketplaces b / Total, nongroup coverage",fiscal_year,2029,2029,2029,26,12
Health Insurance,Coverage through the Basic Health Program c,2019,1.0,Millions of people,51298-2019-05-Health-Insurance.xlsx,Table 1,false,51298,"Health Insurance Coverage, 2019 to 2029 / Nongroup coverage purchased through marketplaces b / Coverage through the Basic Health Program c",fiscal_year,2019,2019,2019,27,2
Health Insurance,Coverage through the Basic Health Program c,2020,1.0,Millions of people,51298-2019-05-Health-Insurance.xlsx,Table 1,false,51298,"Health Insurance Coverage, 2019 to 2029 / Nongroup coverage purchased through marketplaces b / Coverage through the Basic Health Program c",fiscal_year,2020,2020,2020,27,3
Health Insurance,Coverage through the Basic Health Program c,2021,1.0,Millions of people,51298-2019-05-Health-Insurance.xlsx,Table 1,false,51298,"Health Insurance Coverage, 2019 to 2029 / Nongroup coverage purchased through marketplaces b / Coverage through the Basic Health Program c",fiscal_year,2021,2021,2021,27,4
Health Insurance,Coverage through the Basic Health Program c,2022,1.0,Millions of people,51298-2019-05-Health-Insurance.xlsx,Table 1,false,51298,"Health Insurance Coverage, 2019 to 2029 / Nongroup coverage purchased through marketplaces b / Coverage through the Basic Health Program c",fiscal_year,2022,2022,2022,27,5
Health Insurance,Coverage through the Basic Health Program c,2023,1.0,Millions of people,51298-2019-05-Health-Insurance.xlsx,Table 1,false,51298,"Health Insurance Coverage, 2019 to 2029 / Nongroup coverage purchased through marketplaces b / Coverage through the Basic Health Program c",fiscal_year,2023,2023,2023,27,6
Health Insurance,Coverage through the Basic Health Program c,2024,1.0,Millions of people,51298-2019-05-Health-Insurance.xlsx,Table 1,false,51298,"Health Insurance Coverage, 2019 to 2029 / Nongroup coverage purchased through marketplaces b / Coverage through the Basic Health Program c",fiscal_year,2024,2024,2024,27,7
Health Insurance,Coverage through the Basic Health Program c,2025,1.0,Millions of people,51298-2019-05-Health-Insurance.xlsx,Table 1,false,51298,"Health Insurance Coverage, 2019 to 2029 / Nongroup coverage purchased through marketplaces b / Coverage through the Basic Health Program c",fiscal_year,2025,2025,2025,27,8
Health Insurance,Coverage through the Basic Health Program c,2026,1.0,Millions of people,51298-2019-05-Health-Insurance.xlsx,Table 1,false,51298,"Health Insurance Coverage, 2019 to 2029 / Nongroup coverage purchased through marketplaces b / Coverage through the Basic Health Program c",fiscal_year,2026,2026,2026,27,9
Health Insurance,Coverage through the Basic Health Program c,2027,1.0,Millions of people,51298-2019-05-Health-Insurance.xlsx,Table 1,false,51298,"Health Insurance Coverage, 2019 to 2029 / Nongroup coverage purchased through marketplaces b / Coverage through the Basic Health Program c",fiscal_year,2027,2027,2027,27,10
Health Insurance,Coverage through the Basic Health Program c,2028,1.0,Millions of people,51298-2019-05-Health-Insurance.xlsx,Table 1,false,51298,"Health Insurance Coverage, 2019 to 2029 / Nongroup coverage purchased through marketplaces b / Coverage through the Basic Health Program c",fiscal_year,2028,2028,2028,27,11
Health Insurance,Coverage through the Basic Health Program c,2029,1.0,Millions of people,51298-2019-05-Health-Insurance.xlsx,Table 1,false,51298,"Health Insurance Coverage, 2019 to 2029 / Nongroup coverage purchased through marketplaces b / Coverage through the Basic Health Program c",fiscal_year,2029,2029,2029,27,12
Health Insurance,Medicare d,2019,8.0,Millions of people,51298-2019-05-Health-Insurance.xlsx,Table 1,false,51298,"Health Insurance Coverage, 2019 to 2029 / Nongroup coverage purchased through marketplaces b / Medicare d",fiscal_year,2019,2019,2019,29,2
Health Insurance,Medicare d,2020,8.0,Millions of people,51298-2019-05-Health-Insurance.xlsx,Table 1,false,51298,"Health Insurance Coverage, 2019 to 2029 / Nongroup coverage purchased through marketplaces b / Medicare d",fiscal_year,2020,2020,2020,29,3
Health Insurance,Medicare d,2021,8.0,Millions of people,51298-2019-05-Health-Insurance.xlsx,Table 1,false,51298,"Health Insurance Coverage, 2019 to 2029 / Nongroup coverage purchased through marketplaces b / Medicare d",fiscal_year,2021,2021,2021,29,4
Health Insurance,Medicare d,2022,8.0,Millions of people,51298-2019-05-Health-Insurance.xlsx,Table 1,false,51298,"Health Insurance Coverage, 2019 to 2029 / Nongroup coverage purchased through marketplaces b / Medicare d",fiscal_year,2022,2022,2022,29,5
Health Insurance,Medicare d,2023,8.0,Millions of people,51298-2019-05-Health-Insurance.xlsx,Table 1,false,51298,"Health Insurance Coverage, 2019 to 2029 / Nongroup coverage purchased through marketplaces b / Medicare d",fiscal_year,2023,2023,2023,29,6
Health Insurance,Medicare d,2024,8.0,Millions of people,51298-2019-05-Health-Insurance.xlsx,Table 1,false,51298,"Health Insurance Coverage, 2019 to 2029 / Nongroup coverage purchased through marketplaces b / Medicare d",fiscal_year,2024,2024,2024,29,7
Health Insurance,Medicare d,2025,8.0,Millions of people,51298-2019-05-Health-Insurance.xlsx,Table 1,false,51298,"Health Insurance Coverage, 2019 to 2029 / Nongroup coverage purchased through marketplaces b / Medicare d",fiscal_year,2025,2025,2025,29,8
Health Insurance,Medicare d,2026,8.0,Millions of people,51298-2019-05-Health-Insurance.xlsx,Table 1,false,51298,"Health Insurance Coverage, 2019 to 2029 / Nongroup coverage purchased through marketplaces b / Medicare d",fiscal_year,2026,2026,2026,29,9
Health Insurance,Medicare d,2027,8.0,Millions of people,51298-2019-05-Health-Insurance.xlsx,Table 1,false,51298,"Health Insurance Coverage, 2019 to 2029 / Nongroup coverage purchased through marketplaces b / Medicare d",fiscal_year,2027,2027,2027,29,10
Health Insurance,Medicare d,2028,8.0,Millions of people,51298-2019-05-Health-Insurance.xlsx,Table 1,false,51298,"Health Insurance Coverage, 2019 to 2029 / Nongroup coverage purchased through marketplaces b / Medicare d",fiscal_year,2028,2028,2028,29,11
Health Insurance,Medicare d,2029,8.0,Millions of people,51298-2019-05-Health-Insurance.xlsx,Table 1,false,51298,"Health Insurance Coverage, 2019 to 2029 / Nongroup coverage purchased through marketplaces b / Medicare d",fiscal_year,2029,2029,2029,29,12
Health Insurance,Other Coverage e,2019,3.0,Millions of people,51298-2019-05-Health-Insurance.xlsx,Table 1,false,51298,"Health Insurance Coverage, 2019 to 2029 / Nongroup coverage purchased through marketplaces b / Other Coverage e",fiscal_year,2019,2019,2019,31,2
Health Insurance,Other Coverage e,2020,3.0,Millions of people,51298-2019-05-Health-Insurance.xlsx,Table 1,false,51298,"Health Insurance Coverage, 2019 to 2029 / Nongroup coverage purchased through marketplaces b / Other Coverage e",fiscal_year,2020,2020,2020,31,3
Health Insurance,Other Coverage e,2021,3.0,Millions of people,51298-2019-05-Health-Insurance.xlsx,Table 1,false,51298,"Health Insurance Coverage, 2019 to 2029 / Nongroup coverage purchased through marketplaces b / Other Coverage e",fiscal_year,2021,2021,2021,31,4
Health Insurance,Other Coverage e,2022,3.0,Millions of people,51298-2019-05-Health-Insurance.xlsx,Table 1,false,51298,"Health Insurance Coverage, 2019 to 2029 / Nongroup coverage purchased through marketplaces b / Other Coverage e",fiscal_year,2022,2022,2022,31,5
Health Insurance,Other Coverage e,2023,3.0,Millions of people,51298-2019-05-Health-Insurance.xlsx,Table 1,false,51298,"Health Insurance Coverage, 2019 to 2029 / Nongroup coverage purchased through marketplaces b / Other Coverage e",fiscal_year,2023,2023,2023,31,6
Health Insurance,Other Coverage e,2024,3.0,Millions of people,51298-2019-05-Health-Insurance.xlsx,Table 1,false,51298,"Health Insurance Coverage, 2019 to 2029 / Nongroup coverage purchased through marketplaces b / Other Coverage e",fiscal_year,2024,2024,2024,31,7
Health Insurance,Other Coverage e,2025,3.0,Millions of people,51298-2019-05-Health-Insurance.xlsx,Table 1,false,51298,"Health Insurance Coverage, 2019 to 2029 / Nongroup coverage purchased through marketplaces b / Other Coverage e",fiscal_year,2025,2025,2025,31,8
Health Insurance,Other Coverage e,2026,3.0,Millions of people,51298-2019-05-Health-Insurance.xlsx,Table 1,false,51298,"Health Insurance Coverage, 2019 to 2029 / Nongroup coverage purchased through marketplaces b / Other Coverage e",fiscal_year,2026,2026,2026,31,9
Health Insurance,Other Coverage e,2027,3.0,Millions of people,51298-2019-05-Health-Insurance.xlsx,Table 1,false,51298,"Health Insurance Coverage, 2019 to 2029 / Nongroup coverage purchased through marketplaces b / Other Coverage e",fiscal_year,2027,2027,2027,31,10
Health Insurance,Other Coverage e,2028,3.0,Millions of people,51298-2019-05-Health-Insurance.xlsx,Table 1,false,51298,"Health Insurance Coverage, 2019 to 2029 / Nongroup coverage purchased through marketplaces b / Other Coverage e",fiscal_year,2028,2028,2028,31,11
Health Insurance,Other Coverage e,2029,3.0,Millions of people,51298-2019-05-Health-Insurance.xlsx,Table 1,false,51298,"Health Insurance Coverage, 2019 to 2029 / Nongroup coverage purchased through marketplaces b / Other Coverage e",fiscal_year,2029,2029,2029,31,12
Health Insurance,Uninsured f,2019,30.0,Millions of people,51298-2019-05-Health-Insurance.xlsx,Table 1,false,51298,"Health Insurance Coverage, 2019 to 2029 / Nongroup coverage purchased through marketplaces b / Uninsured f",fiscal_year,2019,2019,2019,33,2
Health Insurance,Uninsured f,2020,32.0,Millions of people,51298-2019-05-Health-Insurance.xlsx,Table 1,false,51298,"Health Insurance Coverage, 2019 to 2029 / Nongroup coverage purchased through marketplaces b / Uninsured f",fiscal_year,2020,2020,2020,33,3
Health Insurance,Uninsured f,2021,33.0,Millions of people,51298-2019-05-Health-Insurance.xlsx,Table 1,false,51298,"Health Insurance Coverage, 2019 to 2029 / Nongroup coverage purchased through marketplaces b / Uninsured f",fiscal_year,2021,2021,2021,33,4
Health Insurance,Uninsured f,2022,33.0,Millions of people,51298-2019-05-Health-Insurance.xlsx,Table 1,false,51298,"Health Insurance Coverage, 2019 to 2029 / Nongroup coverage purchased through marketplaces b / Uninsured f",fiscal_year,2022,2022,2022,33,5
Health Insurance,Uninsured f,2023,34.0,Millions of people,51298-2019-05-Health-Insurance.xlsx,Table 1,false,51298,"Health Insurance Coverage, 2019 to 2029 / Nongroup coverage purchased through marketplaces b / Uninsured f",fiscal_year,2023,2023,2023,33,6
Health Insurance,Uninsured f,2024,34.0,Millions of people,51298-2019-05-Health-Insurance.xlsx,Table 1,false,51298,"Health Insurance Coverage, 2019 to 2029 / Nongroup coverage purchased through marketplaces b / Uninsured f",fiscal_year,2024,2024,2024,33,7
Health Insurance,Uninsured f,2025,34.0,Millions of people,51298-2019-05-Health-Insurance.xlsx,Table 1,false,51298,"Health Insurance Coverage, 2019 to 2029 / Nongroup coverage purchased through marketplaces b / Uninsured f",fiscal_year,2025,2025,2025,33,8
Health Insurance,Uninsured f,2026,34.0,Millions of people,51298-2019-05-Health-Insurance.xlsx,Table 1,false,51298,"Health Insurance Coverage, 2019 to 2029 / Nongroup coverage purchased through marketplaces b / Uninsured f",fiscal_year,2026,2026,2026,33,9
Health Insurance,Uninsured f,2027,35.0,Millions of people,51298-2019-05-Health-Insurance.xlsx,Table 1,false,51298,"Health Insurance Coverage, 2019 to 2029 / Nongroup coverage purchased through marketplaces b / Uninsured f",fiscal_year,2027,2027,2027,33,10
Health Insurance,Uninsured f,2028,35.0,Millions of people,51298-2019-05-Health-Insurance.xlsx,Table 1,false,51298,"Health Insurance Coverage, 2019 to 2029 / Nongroup coverage purchased through marketplaces b / Uninsured f",fiscal_year,2028,2028,2028,33,11
Health Insurance,Uninsured f,2029,35.0,Millions of people,51298-2019-05-Health-Insurance.xlsx,Table 1,false,51298,"Health Insurance Coverage, 2019 to 2029 / Nongroup coverage purchased through marketplaces b / Uninsured f",fiscal_year,2029,2029,2029,33,12
Health Insurance,Memorandum:,2019,242.0,Number of insured people,51298-2019-05-Health-Insurance.xlsx,Table 1,false,51298,"Health Insurance Coverage, 2019 to 2029 / Memorandum:",fiscal_year,2019,2019,2019,36,2
Health Insurance,Memorandum:,2020,241.0,Number of insured people,51298-2019-05-Health-Insurance.xlsx,Table 1,false,51298,"Health Insurance Coverage, 2019 to 2029 / Memorandum:",fiscal_year,2020,2020,2020,36,3
Health Insurance,Memorandum:,2021,240.0,Number of insured people,51298-2019-05-Health-Insurance.xlsx,Table 1,false,51298,"Health Insurance Coverage, 2019 to 2029 / Memorandum:",fiscal_year,2021,2021,2021,36,4
Health Insurance,Memorandum:,2022,240.0,Number of insured people,51298-2019-05-Health-Insurance.xlsx,Table 1,false,51298,"Health Insurance Coverage, 2019 to 2029 / Memorandum:",fiscal_year,2022,2022,2022,36,5
Health Insurance,Memorandum:,2023,241.0,Number of insured people,51298-2019-05-Health-Insurance.xlsx,Table 1,false,51298,"Health Insurance Coverage, 2019 to 2029 / Memorandum:",fiscal_year,2023,2023,2023,36,6
Health Insurance,Memorandum:,2024,241.0,Number of insured people,51298-2019-05-Health-Insurance.xlsx,Table 1,false,51298,"Health Insurance Coverage, 2019 to 2029 / Memorandum:",fiscal_year,2024,2024,2024,36,7
Health Insurance,Memorandum:,2025,241.0,Number of insured people,51298-2019-05-Health-Insurance.xlsx,Table 1,false,51298,"Health Insurance Coverage, 2019 to 2029 / Memorandum:",fiscal_year,2025,2025,2025,36,8
Health Insurance,Memorandum:,2026,241.0,Number of insured people,51298-2019-05-Health-Insurance.xlsx,Table 1,false,51298,"Health Insurance Coverage, 2019 to 2029 / Memorandum:",fiscal_year,2026,2026,2026,36,9
Health Insurance,Memorandum:,2027,241.0,Number of insured people,51298-2019-05-Health-Insurance.xlsx,Table 1,false,51298,"Health Insurance Coverage, 2019 to 2029 / Memorandum:",fiscal_year,2027,2027,2027,36,10
Health Insurance,Memorandum:,2028,241.0,Number of insured people,51298-2019-05-Health-Insurance.xlsx,Table 1,false,51298,"Health Insurance Coverage, 2019 to 2029 / Memorandum:",fiscal_year,2028,2028,2028,36,11
Health Insurance,Memorandum:,2029,242.0,Number of insured people,51298-2019-05-Health-Insurance.xlsx,Table 1,false,51298,"Health Insurance Coverage, 2019 to 2029 / Memorandum:",fiscal_year,2029,2029,2029,36,12
Health Insurance,Including all U.S. residents,2019,89.0,Number of insured people,51298-2019-05-Health-Insurance.xlsx,Table 1,false,51298,"Health Insurance Coverage, 2019 to 2029 / Insured as a Percentage of the Population / Including all U.S. residents",fiscal_year,2019,2019,2019,39,2
Health Insurance,Including all U.S. residents,2020,88.0,Number of insured people,51298-2019-05-Health-Insurance.xlsx,Table 1,false,51298,"Health Insurance Coverage, 2019 to 2029 / Insured as a Percentage of the Population / Including all U.S. residents",fiscal_year,2020,2020,2020,39,3
Health Insurance,Including all U.S. residents,2021,88.0,Number of insured people,51298-2019-05-Health-Insurance.xlsx,Table 1,false,51298,"Health Insurance Coverage, 2019 to 2029 / Insured as a Percentage of the Population / Including all U.S. residents",fiscal_year,2021,2021,2021,39,4
Health Insurance,Including all U.S. residents,2022,88.0,Number of insured people,51298-2019-05-Health-Insurance.xlsx,Table 1,false,51298,"Health Insurance Coverage, 2019 to 2029 / Insured as a Percentage of the Population / Including all U.S. residents",fiscal_year,2022,2022,2022,39,5
Health Insurance,Including all U.S. residents,2023,88.0,Number of insured people,51298-2019-05-Health-Insurance.xlsx,Table 1,false,51298,"Health Insurance Coverage, 2019 to 2029 / Insured as a Percentage of the Population / Including all U.S. residents",fiscal_year,2023,2023,2023,39,6
Health Insurance,Including all U.S. residents,2024,88.0,Number of insured people,51298-2019-05-Health-Insurance.xlsx,Table 1,false,51298,"Health Insurance Coverage, 2019 to 2029 / Insured as a Percentage of the Population / Including all U.S. residents",fiscal_year,2024,2024,2024,39,7
Health Insurance,Including all U.S. residents,2025,88.0,Number of insured people,51298-2019-05-Health-Insurance.xlsx,Table 1,false,51298,"Health Insurance Coverage, 2019 to 2029 / Insured as a Percentage of the Population / Including all U.S. residents",fiscal_year,2025,2025,2025,39,8
Health Insurance,Including all U.S. residents,2026,88.0,Number of insured people,51298-2019-05-Health-Insurance.xlsx,Table 1,false,51298,"Health Insurance Coverage, 2019 to 2029 / Insured as a Percentage of the Population / Including all U.S. residents",fiscal_year,2026,2026,2026,39,9
Health Insurance,Including all U.S. residents,2027,87.0,Number of insured people,51298-2019-05-Health-Insurance.xlsx,Table 1,false,51298,"Health Insurance Coverage, 2019 to 2029 / Insured as a Percentage of the Population / Including all U.S. residents",fiscal_year,2027,2027,2027,39,10
Health Insurance,Including all U.S. residents,2028,87.0,Number of insured people,51298-2019-05-Health-Insurance.xlsx,Table 1,false,51298,"Health Insurance Coverage, 2019 to 2029 / Insured as a Percentage of the Population / Including all U.S. residents",fiscal_year,2028,2028,2028,39,11
Health Insurance,Including all U.S. residents,2029,87.0,Number of insured people,51298-2019-05-Health-Insurance.xlsx,Table 1,false,51298,"Health Insurance Coverage, 2019 to 2029 / Insured as a Percentage of the Population / Including all U.S. residents",fiscal_year,2029,2029,2029,39,12
Health Insurance,Excluding noncitizens not lawfully present,2019,91.0,Number of insured people,51298-2019-05-Health-Insurance.xlsx,Table 1,false,51298,"Health Insurance Coverage, 2019 to 2029 / Insured as a Percentage of the Population / Excluding noncitizens not lawfully present",fiscal_year,2019,2019,2019,40,2
Health Insurance,Excluding noncitizens not lawfully present,2020,90.0,Number of insured people,51298-2019-05-Health-Insurance.xlsx,Table 1,false,51298,"Health Insurance Coverage, 2019 to 2029 / Insured as a Percentage of the Population / Excluding noncitizens not lawfully present",fiscal_year,2020,2020,2020,40,3
Health Insurance,Excluding noncitizens not lawfully present,2021,90.0,Number of insured people,51298-2019-05-Health-Insurance.xlsx,Table 1,false,51298,"Health Insurance Coverage, 2019 to 2029 / Insured as a Percentage of the Population / Excluding noncitizens not lawfully present",fiscal_year,2021,2021,2021,40,4
Health Insurance,Excluding noncitizens not lawfully present,2022,90.0,Number of insured people,51298-2019-05-Health-Insurance.xlsx,Table 1,false,51298,"Health Insurance Coverage, 2019 to 2029 / Insured as a Percentage of the Population / Excluding noncitizens not lawfully present",fiscal_year,2022,2022,2022,40,5
Health Insurance,Excluding noncitizens not lawfully present,2023,90.0,Number of insured people,51298-2019-05-Health-Insurance.xlsx,Table 1,false,51298,"Health Insurance Coverage, 2019 to 2029 / Insured as a Percentage of the Population / Excluding noncitizens not lawfully present",fiscal_year,2023,2023,2023,40,6
Health Insurance,Excluding noncitizens not lawfully present,2024,89.0,Number of insured people,51298-2019-05-Health-Insurance.xlsx,Table 1,false,51298,"Health Insurance Coverage, 2019 to 2029 / Insured as a Percentage of the Population / Excluding noncitizens not lawfully present",fiscal_year,2024,2024,2024,40,7
Health Insurance,Excluding noncitizens not lawfully present,2025,89.0,Number of insured people,51298-2019-05-Health-Insurance.xlsx,Table 1,false,51298,"Health Insurance Coverage, 2019 to 2029 / Insured as a Percentage of the Population / Excluding noncitizens not lawfully present",fiscal_year,2025,2025,2025,40,8
Health Insurance,Excluding noncitizens not lawfully present,2026,89.0,Number of insured people,51298-2019-05-Health-Insurance.xlsx,Table 1,false,51298,"Health Insurance Coverage, 2019 to 2029 / Insured as a Percentage of the Population / Excluding noncitizens not lawfully present",fiscal_year,2026,2026,2026,40,9
Health Insurance,Excluding noncitizens not lawfully present,2027,89.0,Number of insured people,51298-2019-05-Health-Insurance.xlsx,Table 1,false,51298,"Health Insurance Coverage, 2019 to 2029 / Insured as a Percentage of the Population / Excluding noncitizens not lawfully present",fiscal_year,2027,2027,2027,40,10
Health Insurance,Excluding noncitizens not lawfully present,2028,89.0,Number of insured people,51298-2019-05-Health-Insurance.xlsx,Table 1,false,51298,"Health Insurance Coverage, 2019 to 2029 / Insured as a Percentage of the Population / Excluding noncitizens not lawfully present",fiscal_year,2028,2028,2028,40,11
Health Insurance,Excluding noncitizens not lawfully present,2029,89.0,Number of insured people,51298-2019-05-Health-Insurance.xlsx,Table 1,false,51298,"Health Insurance Coverage, 2019 to 2029 / Insured as a Percentage of the Population / Excluding noncitizens not lawfully present",fiscal_year,2029,2029,2029,40,12
Health Insurance,"Tax exclusion for employment-based coveragea,b",2019,283.0,Billions of dollars,51298-2019-05-Health-Insurance.xlsx,Table 2-1,false,51298,"Net Federal Subsidies Associated With Health Insurance Coverage for People Under Age 65 / Work-Related Coverage / Tax exclusion for employment-based coveragea,b",fiscal_year,2019,2019,2019,10,2
Health Insurance,"Tax exclusion for employment-based coveragea,b",2020,301.0,Billions of dollars,51298-2019-05-Health-Insurance.xlsx,Table 2-1,false,51298,"Net Federal Subsidies Associated With Health Insurance Coverage for People Under Age 65 / Work-Related Coverage / Tax exclusion for employment-based coveragea,b",fiscal_year,2020,2020,2020,10,3
Health Insurance,"Tax exclusion for employment-based coveragea,b",2021,320.0,Billions of dollars,51298-2019-05-Health-Insurance.xlsx,Table 2-1,false,51298,"Net Federal Subsidies Associated With Health Insurance Coverage for People Under Age 65 / Work-Related Coverage / Tax exclusion for employment-based coveragea,b",fiscal_year,2021,2021,2021,10,4
Health Insurance,"Tax exclusion for employment-based coveragea,b",2022,341.0,Billions of dollars,51298-2019-05-Health-Insurance.xlsx,Table 2-1,false,51298,"Net Federal Subsidies Associated With Health Insurance Coverage for People Under Age 65 / Work-Related Coverage / Tax exclusion for employment-based coveragea,b",fiscal_year,2022,2022,2022,10,5
Health Insurance,"Tax exclusion for employment-based coveragea,b",2023,363.0,Billions of dollars,51298-2019-05-Health-Insurance.xlsx,Table 2-1,false,51298,"Net Federal Subsidies Associated With Health Insurance Coverage for People Under Age 65 / Work-Related Coverage / Tax exclusion for employment-based coveragea,b",fiscal_year,2023,2023,2023,10,6
Health Insurance,"Tax exclusion for employment-based coveragea,b",2024,387.0,Billions of dollars,51298-2019-05-Health-Insurance.xlsx,Table 2-1,false,51298,"Net Federal Subsidies Associated With Health Insurance Coverage for People Under Age 65 / Work-Related Coverage / Tax exclusion for employment-based coveragea,b",fiscal_year,2024,2024,2024,10,7
Health Insurance,"Tax exclusion for employment-based coveragea,b",2025,410.0,Billions of dollars,51298-2019-05-Health-Insurance.xlsx,Table 2-1,false,51298,"Net Federal Subsidies Associated With Health Insurance Coverage for People Under Age 65 / Work-Related Coverage / Tax exclusion for employment-based coveragea,b",fiscal_year,2025,2025,2025,10,8
Health Insurance,"Tax exclusion for employment-based coveragea,b",2026,466.0,Billions of dollars,51298-2019-05-Health-Insurance.xlsx,Table 2-1,false,51298,"Net Federal Subsidies Associated With Health Insurance Coverage for People Under Age 65 / Work-Related Coverage / Tax exclusion for employment-based coveragea,b",fiscal_year,2026,2026,2026,10,9
Health Insurance,"Tax exclusion for employment-based coveragea,b",2027,502.0,Billions of dollars,51298-2019-05-Health-Insurance.xlsx,Table 2-1,false,51298,"Net Federal Subsidies Associated With Health Insurance Coverage for People Under Age 65 / Work-Related Coverage / Tax exclusion for employment-based coveragea,b",fiscal_year,2027,2027,2027,10,10
Health Insurance,"Tax exclusion for employment-based coveragea,b",2028,530.0,Billions of dollars,51298-2019-05-Health-Insurance.xlsx,Table 2-1,false,51298,"Net Federal Subsidies Associated With Health Insurance Coverage for People Under Age 65 / Work-Related Coverage / Tax exclusion for employment-based coveragea,b",fiscal_year,2028,2028,2028,10,11
Health Insurance,"Tax exclusion for employment-based coveragea,b",2029,562.0,Billions of dollars,51298-2019-05-Health-Insurance.xlsx,Table 2-1,false,51298,"Net Federal Subsidies Associated With Health Insurance Coverage for People Under Age 65 / Work-Related Coverage / Tax exclusion for employment-based coveragea,b",fiscal_year,2029,2029,2029,10,12
Health Insurance,"Tax exclusion for employment-based coveragea,b",,4182.0,Billions of dollars,51298-2019-05-Health-Insurance.xlsx,Table 2-1,false,51298,"Net Federal Subsidies Associated With Health Insurance Coverage for People Under Age 65 / Work-Related Coverage / Tax exclusion for employment-based coveragea,b",cumulative_fiscal_years,2020,2029,2020-2029,10,13
Health Insurance,Income tax deduction for self-employment health insurancec,2019,4.0,Billions of dollars,51298-2019-05-Health-Insurance.xlsx,Table 2-1,false,51298,Net Federal Subsidies Associated With Health Insurance Coverage for People Under Age 65 / Work-Related Coverage / Income tax deduction for self-employment health insurancec,fiscal_year,2019,2019,2019,11,2
Health Insurance,Income tax deduction for self-employment health insurancec,2020,4.0,Billions of dollars,51298-2019-05-Health-Insurance.xlsx,Table 2-1,false,51298,Net Federal Subsidies Associated With Health Insurance Coverage for People Under Age 65 / Work-Related Coverage / Income tax deduction for self-employment health insurancec,fiscal_year,2020,2020,2020,11,3
Health Insurance,Income tax deduction for self-employment health insurancec,2021,3.0,Billions of dollars,51298-2019-05-Health-Insurance.xlsx,Table 2-1,false,51298,Net Federal Subsidies Associated With Health Insurance Coverage for People Under Age 65 / Work-Related Coverage / Income tax deduction for self-employment health insurancec,fiscal_year,2021,2021,2021,11,4
Health Insurance,Income tax deduction for self-employment health insurancec,2022,3.0,Billions of dollars,51298-2019-05-Health-Insurance.xlsx,Table 2-1,false,51298,Net Federal Subsidies Associated With Health Insurance Coverage for People Under Age 65 / Work-Related Coverage / Income tax deduction for self-employment health insurancec,fiscal_year,2022,2022,2022,11,5
Health Insurance,Income tax deduction for self-employment health insurancec,2023,3.0,Billions of dollars,51298-2019-05-Health-Insurance.xlsx,Table 2-1,false,51298,Net Federal Subsidies Associated With Health Insurance Coverage for People Under Age 65 / Work-Related Coverage / Income tax deduction for self-employment health insurancec,fiscal_year,2023,2023,2023,11,6
Health Insurance,Income tax deduction for self-employment health insurancec,2024,4.0,Billions of dollars,51298-2019-05-Health-Insurance.xlsx,Table 2-1,false,51298,Net Federal Subsidies Associated With Health Insurance Coverage for People Under Age 65 / Work-Related Coverage / Income tax deduction for self-employment health insurancec,fiscal_year,2024,2024,2024,11,7
Health Insurance,Income tax deduction for self-employment health insurancec,2025,4.0,Billions of dollars,51298-2019-05-Health-Insurance.xlsx,Table 2-1,false,51298,Net Federal Subsidies Associated With Health Insurance Coverage for People Under Age 65 / Work-Related Coverage / Income tax deduction for self-employment health insurancec,fiscal_year,2025,2025,2025,11,8
Health Insurance,Income tax deduction for self-employment health insurancec,2026,4.0,Billions of dollars,51298-2019-05-Health-Insurance.xlsx,Table 2-1,false,51298,Net Federal Subsidies Associated With Health Insurance Coverage for People Under Age 65 / Work-Related Coverage / Income tax deduction for self-employment health insurancec,fiscal_year,2026,2026,2026,11,9
Health Insurance,Income tax deduction for self-employment health insurancec,2027,5.0,Billions of dollars,51298-2019-05-Health-Insurance.xlsx,Table 2-1,false,51298,Net Federal Subsidies Associated With Health Insurance Coverage for People Under Age 65 / Work-Related Coverage / Income tax deduction for self-employment health insurancec,fiscal_year,2027,2027,2027,11,10
Health Insurance,Income tax deduction for self-employment health insurancec,2028,5.0,Billions of dollars,51298-2019-05-Health-Insurance.xlsx,Table 2-1,false,51298,Net Federal Subsidies Associated With Health Insurance Coverage for People Under Age 65 / Work-Related Coverage / Income tax deduction for self-employment health insurancec,fiscal_year,2028,2028,2028,11,11
Health Insurance,Income tax deduction for self-employment health insurancec,2029,5.0,Billions of dollars,51298-2019-05-Health-Insurance.xlsx,Table 2-1,false,51298,Net Federal Subsidies Associated With Health Insurance Coverage for People Under Age 65 / Work-Related Coverage / Income tax deduction for self-employment health insurancec,fiscal_year,2029,2029,2029,11,12
Health Insurance,Income tax deduction for self-employment health insurancec,,39.0,Billions of dollars,51298-2019-05-Health-Insurance.xlsx,Table 2-1,false,51298,Net Federal Subsidies Associated With Health Insurance Coverage for People Under Age 65 / Work-Related Coverage / Income tax deduction for self-employment health insurancec,cumulative_fiscal_years,2020,2029,2020-2029,11,13
Health Insurance,Subtotal,2019,287.0,Billions of dollars,51298-2019-05-Health-Insurance.xlsx,Table 2-1,true,51298,Net Federal Subsidies Associated With Health Insurance Coverage for People Under Age 65 / Small-employer tax creditsb / Subtotal,fiscal_year,2019,2019,2019,14,2
Health Insurance,Subtotal,2020,305.0,Billions of dollars,51298-2019-05-Health-Insurance.xlsx,Table 2-1,true,51298,Net Federal Subsidies Associated With Health Insurance Coverage for People Under Age 65 / Small-employer tax creditsb / Subtotal,fiscal_year,2020,2020,2020,14,3
Health Insurance,Subtotal,2021,323.0,Billions of dollars,51298-2019-05-Health-Insurance.xlsx,Table 2-1,true,51298,Net Federal Subsidies Associated With Health Insurance Coverage for People Under Age 65 / Small-employer tax creditsb / Subtotal,fiscal_year,2021,2021,2021,14,4
Health Insurance,Subtotal,2022,344.0,Billions of dollars,51298-2019-05-Health-Insurance.xlsx,Table 2-1,true,51298,Net Federal Subsidies Associated With Health Insurance Coverage for People Under Age 65 / Small-employer tax creditsb / Subtotal,fiscal_year,2022,2022,2022,14,5
Health Insurance,Subtotal,2023,366.0,Billions of dollars,51298-2019-05-Health-Insurance.xlsx,Table 2-1,true,51298,Net Federal Subsidies Associated With Health Insurance Coverage for People Under Age 65 / Small-employer tax creditsb / Subtotal,fiscal_year,2023,2023,2023,14,6
Health Insurance,Subtotal,2024,391.0,Billions of dollars,51298-2019-05-Health-Insurance.xlsx,Table 2-1,true,51298,Net Federal Subsidies Associated With Health Insurance Coverage for People Under Age 65 / Small-employer tax creditsb / Subtotal,fiscal_year,2024,2024,2024,14,7
Health Insurance,Subtotal,2025,414.0,Billions of dollars,51298-2019-05-Health-Insurance.xlsx,Table 2-1,true,51298,Net Federal Subsidies Associated With Health Insurance Coverage for People Under Age 65 / Small-employer tax creditsb / Subtotal,fiscal_year,2025,2025,2025,14,8
Health Insurance,Subtotal,2026,470.0,Billions of dollars,51298-2019-05-Health-Insurance.xlsx,Table 2-1,true,51298,Net Federal Subsidies Associated With Health Insurance Coverage for People Under Age 65 / Small-employer tax creditsb / Subtotal,fiscal_year,2026,2026,2026,14,9
Health Insurance,Subtotal,2027,507.0,Billions of dollars,51298-2019-05-Health-Insurance.xlsx,Table 2-1,true,51298,Net Federal Subsidies Associated With Health Insurance Coverage for People Under Age 65 / Small-employer tax creditsb / Subtotal,fiscal_year,2027,2027,2027,14,10
Health Insurance,Subtotal,2028,535.0,Billions of dollars,51298-2019-05-Health-Insurance.xlsx,Table 2-1,true,51298,Net Federal Subsidies Associated With Health Insurance Coverage for People Under Age 65 / Small-employer tax creditsb / Subtotal,fiscal_year,2028,2028,2028,14,11
Health Insurance,Subtotal,2029,567.0,Billions of dollars,51298-2019-05-Health-Insurance.xlsx,Table 2-1,true,51298,Net Federal Subsidies Associated With Health Insurance Coverage for People Under Age 65 / Small-employer tax creditsb / Subtotal,fiscal_year,2029,2029,2029,14,12
Health Insurance,Subtotal,,4222.0,Billions of dollars,51298-2019-05-Health-Insurance.xlsx,Table 2-1,true,51298,Net Federal Subsidies Associated With Health Insurance Coverage for People Under Age 65 / Small-employer tax creditsb / Subtotal,cumulative_fiscal_years,2020,2029,2020-2029,14,13
Health Insurance,Blind and Disabled,2019,109.0,Billions of dollars,51298-2019-05-Health-Insurance.xlsx,Table 2-1,false,51298,Net Federal Subsidies Associated With Health Insurance Coverage for People Under Age 65 / Medicaid and CHIPd / Blind and Disabled,fiscal_year,2019,2019,2019,17,2
Health Insurance,Blind and Disabled,2020,115.0,Billions of dollars,51298-2019-05-Health-Insurance.xlsx,Table 2-1,false,51298,Net Federal Subsidies Associated With Health Insurance Coverage for People Under Age 65 / Medicaid and CHIPd / Blind and Disabled,fiscal_year,2020,2020,2020,17,3
Health Insurance,Blind and Disabled,2021,121.0,Billions of dollars,51298-2019-05-Health-Insurance.xlsx,Table 2-1,false,51298,Net Federal Subsidies Associated With Health Insurance Coverage for People Under Age 65 / Medicaid and CHIPd / Blind and Disabled,fiscal_year,2021,2021,2021,17,4
Health Insurance,Blind and Disabled,2022,127.0,Billions of dollars,51298-2019-05-Health-Insurance.xlsx,Table 2-1,false,51298,Net Federal Subsidies Associated With Health Insurance Coverage for People Under Age 65 / Medicaid and CHIPd / Blind and Disabled,fiscal_year,2022,2022,2022,17,5
Health Insurance,Blind and Disabled,2023,135.0,Billions of dollars,51298-2019-05-Health-Insurance.xlsx,Table 2-1,false,51298,Net Federal Subsidies Associated With Health Insurance Coverage for People Under Age 65 / Medicaid and CHIPd / Blind and Disabled,fiscal_year,2023,2023,2023,17,6
Health Insurance,Blind and Disabled,2024,143.0,Billions of dollars,51298-2019-05-Health-Insurance.xlsx,Table 2-1,false,51298,Net Federal Subsidies Associated With Health Insurance Coverage for People Under Age 65 / Medicaid and CHIPd / Blind and Disabled,fiscal_year,2024,2024,2024,17,7
Health Insurance,Blind and Disabled,2025,152.0,Billions of dollars,51298-2019-05-Health-Insurance.xlsx,Table 2-1,false,51298,Net Federal Subsidies Associated With Health Insurance Coverage for People Under Age 65 / Medicaid and CHIPd / Blind and Disabled,fiscal_year,2025,2025,2025,17,8
Health Insurance,Blind and Disabled,2026,161.0,Billions of dollars,51298-2019-05-Health-Insurance.xlsx,Table 2-1,false,51298,Net Federal Subsidies Associated With Health Insurance Coverage for People Under Age 65 / Medicaid and CHIPd / Blind and Disabled,fiscal_year,2026,2026,2026,17,9
Health Insurance,Blind and Disabled,2027,172.0,Billions of dollars,51298-2019-05-Health-Insurance.xlsx,Table 2-1,false,51298,Net Federal Subsidies Associated With Health Insurance Coverage for People Under Age 65 / Medicaid and CHIPd / Blind and Disabled,fiscal_year,2027,2027,2027,17,10
Health Insurance,Blind and Disabled,2028,182.0,Billions of dollars,51298-2019-05-Health-Insurance.xlsx,Table 2-1,false,51298,Net Federal Subsidies Associated With Health Insurance Coverage for People Under Age 65 / Medicaid and CHIPd / Blind and Disabled,fiscal_year,2028,2028,2028,17,11
Health Insurance,Blind and Disabled,2029,194.0,Billions of dollars,51298-2019-05-Health-Insurance.xlsx,Table 2-1,false,51298,Net Federal Subsidies Associated With Health Insurance Coverage for People Under Age 65 / Medicaid and CHIPd / Blind and Disabled,fiscal_year,2029,2029,2029,17,12
Health Insurance,Blind and Disabled,,1502.0,Billions of dollars,51298-2019-05-Health-Insurance.xlsx,Table 2-1,false,51298,Net Federal Subsidies Associated With Health Insurance Coverage for People Under Age 65 / Medicaid and CHIPd / Blind and Disabled,cumulative_fiscal_years,2020,2029,2020-2029,17,13
Health Insurance,Children,2019,76.0,Billions of dollars,51298-2019-05-Health-Insurance.xlsx,Table 2-1,false,51298,Net Federal Subsidies Associated With Health Insurance Coverage for People Under Age 65 / Medicaid and CHIPd / Children,fiscal_year,2019,2019,2019,18,2
Health Insurance,Children,2020,80.0,Billions of dollars,51298-2019-05-Health-Insurance.xlsx,Table 2-1,false,51298,Net Federal Subsidies Associated With Health Insurance Coverage for People Under Age 65 / Medicaid and CHIPd / Children,fiscal_year,2020,2020,2020,18,3
Health Insurance,Children,2021,85.0,Billions of dollars,51298-2019-05-Health-Insurance.xlsx,Table 2-1,false,51298,Net Federal Subsidies Associated With Health Insurance Coverage for People Under Age 65 / Medicaid and CHIPd / Children,fiscal_year,2021,2021,2021,18,4
Health Insurance,Children,2022,91.0,Billions of dollars,51298-2019-05-Health-Insurance.xlsx,Table 2-1,false,51298,Net Federal Subsidies Associated With Health Insurance Coverage for People Under Age 65 / Medicaid and CHIPd / Children,fiscal_year,2022,2022,2022,18,5
Health Insurance,Children,2023,96.0,Billions of dollars,51298-2019-05-Health-Insurance.xlsx,Table 2-1,false,51298,Net Federal Subsidies Associated With Health Insurance Coverage for People Under Age 65 / Medicaid and CHIPd / Children,fiscal_year,2023,2023,2023,18,6
Health Insurance,Children,2024,102.0,Billions of dollars,51298-2019-05-Health-Insurance.xlsx,Table 2-1,false,51298,Net Federal Subsidies Associated With Health Insurance Coverage for People Under Age 65 / Medicaid and CHIPd / Children,fiscal_year,2024,2024,2024,18,7
Health Insurance,Children,2025,108.0,Billions of dollars,51298-2019-05-Health-Insurance.xlsx,Table 2-1,false,51298,Net Federal Subsidies Associated With Health Insurance Coverage for People Under Age 65 / Medicaid and CHIPd / Children,fiscal_year,2025,2025,2025,18,8
Health Insurance,Children,2026,114.0,Billions of dollars,51298-2019-05-Health-Insurance.xlsx,Table 2-1,false,51298,Net Federal Subsidies Associated With Health Insurance Coverage for People Under Age 65 / Medicaid and CHIPd / Children,fiscal_year,2026,2026,2026,18,9
Health Insurance,Children,2027,120.0,Billions of dollars,51298-2019-05-Health-Insurance.xlsx,Table 2-1,false,51298,Net Federal Subsidies Associated With Health Insurance Coverage for People Under Age 65 / Medicaid and CHIPd / Children,fiscal_year,2027,2027,2027,18,10
Health Insurance,Children,2028,126.0,Billions of dollars,51298-2019-05-Health-Insurance.xlsx,Table 2-1,false,51298,Net Federal Subsidies Associated With Health Insurance Coverage for People Under Age 65 / Medicaid and CHIPd / Children,fiscal_year,2028,2028,2028,18,11
Health Insurance,Children,2029,133.0,Billions of dollars,51298-2019-05-Health-Insurance.xlsx,Table 2-1,false,51298,Net Federal Subsidies Associated With Health Insurance Coverage for People Under Age 65 / Medicaid and CHIPd / Children,fiscal_year,2029,2029,2029,18,12
Health Insurance,Children,,1055.0,Billions of dollars,51298-2019-05-Health-Insurance.xlsx,Table 2-1,false,51298,Net Federal Subsidies Associated With Health Insurance Coverage for People Under Age 65 / Medicaid and CHIPd / Children,cumulative_fiscal_years,2020,2029,2020-2029,18,13
Health Insurance,Adults Made Eligible for Medicaid by the ACA,2019,66.0,Billions of dollars,51298-2019-05-Health-Insurance.xlsx,Table 2-1,false,51298,Net Federal Subsidies Associated With Health Insurance Coverage for People Under Age 65 / Medicaid and CHIPd / Adults Made Eligible for Medicaid by the ACA,fiscal_year,2019,2019,2019,19,2
Health Insurance,Adults Made Eligible for Medicaid by the ACA,2020,66.0,Billions of dollars,51298-2019-05-Health-Insurance.xlsx,Table 2-1,false,51298,Net Federal Subsidies Associated With Health Insurance Coverage for People Under Age 65 / Medicaid and CHIPd / Adults Made Eligible for Medicaid by the ACA,fiscal_year,2020,2020,2020,19,3
Health Insurance,Adults Made Eligible for Medicaid by the ACA,2021,70.0,Billions of dollars,51298-2019-05-Health-Insurance.xlsx,Table 2-1,false,51298,Net Federal Subsidies Associated With Health Insurance Coverage for People Under Age 65 / Medicaid and CHIPd / Adults Made Eligible for Medicaid by the ACA,fiscal_year,2021,2021,2021,19,4
Health Insurance,Adults Made Eligible for Medicaid by the ACA,2022,76.0,Billions of dollars,51298-2019-05-Health-Insurance.xlsx,Table 2-1,false,51298,Net Federal Subsidies Associated With Health Insurance Coverage for People Under Age 65 / Medicaid and CHIPd / Adults Made Eligible for Medicaid by the ACA,fiscal_year,2022,2022,2022,19,5
Health Insurance,Adults Made Eligible for Medicaid by the ACA,2023,83.0,Billions of dollars,51298-2019-05-Health-Insurance.xlsx,Table 2-1,false,51298,Net Federal Subsidies Associated With Health Insurance Coverage for People Under Age 65 / Medicaid and CHIPd / Adults Made Eligible for Medicaid by the ACA,fiscal_year,2023,2023,2023,19,6
Health Insurance,Adults Made Eligible for Medicaid by the ACA,2024,89.0,Billions of dollars,51298-2019-05-Health-Insurance.xlsx,Table 2-1,false,51298,Net Federal Subsidies Associated With Health Insurance Coverage for People Under Age 65 / Medicaid and CHIPd / Adults Made Eligible for Medicaid by the ACA,fiscal_year,2024,2024,2024,19,7
Health Insurance,Adults Made Eligible for Medicaid by the ACA,2025,95.0,Billions of dollars,51298-2019-05-Health-Insurance.xlsx,Table 2-1,false,51298,Net Federal Subsidies Associated With Health Insurance Coverage for People Under Age 65 / Medicaid and CHIPd / Adults Made Eligible for Medicaid by the ACA,fiscal_year,2025,2025,2025,19,8
Health Insurance,Adults Made Eligible for Medicaid by the ACA,2026,102.0,Billions of dollars,51298-2019-05-Health-Insurance.xlsx,Table 2-1,false,51298,Net Federal Subsidies Associated With Health Insurance Coverage for People Under Age 65 / Medicaid and CHIPd / Adults Made Eligible for Medicaid by the ACA,fiscal_year,2026,2026,2026,19,9
Health Insurance,Adults Made Eligible for Medicaid by the ACA,2027,108.0,Billions of dollars,51298-2019-05-Health-Insurance.xlsx,Table 2-1,false,51298,Net Federal Subsidies Associated With Health Insurance Coverage for People Under Age 65 / Medicaid and CHIPd / Adults Made Eligible for Medicaid by the ACA,fiscal_year,2027,2027,2027,19,10
Health Insurance,Adults Made Eligible for Medicaid by the ACA,2028,115.0,Billions of dollars,51298-2019-05-Health-Insurance.xlsx,Table 2-1,false,51298,Net Federal Subsidies Associated With Health Insurance Coverage for People Under Age 65 / Medicaid and CHIPd / Adults Made Eligible for Medicaid by the ACA,fiscal_year,2028,2028,2028,19,11
Health Insurance,Adults Made Eligible for Medicaid by the ACA,2029,121.0,Billions of dollars,51298-2019-05-Health-Insurance.xlsx,Table 2-1,false,51298,Net Federal Subsidies Associated With Health Insurance Coverage for People Under Age 65 / Medicaid and CHIPd / Adults Made Eligible for Medicaid by the ACA,fiscal_year,2029,2029,2029,19,12
Health Insurance,Adults Made Eligible for Medicaid by the ACA,,925.0,Billions of dollars,51298-2019-05-Health-Insurance.xlsx,Table 2-1,false,51298,Net Federal Subsidies Associated With Health Insurance Coverage for People Under Age 65 / Medicaid and CHIPd / Adults Made Eligible for Medicaid by the ACA,cumulative_fiscal_years,2020,2029,2020-2029,19,13
Health Insurance,Otherwise eligible for Medicaid,2019,46.0,Billions of dollars,51298-2019-05-Health-Insurance.xlsx,Table 2-1,false,51298,Net Federal Subsidies Associated With Health Insurance Coverage for People Under Age 65 / Medicaid and CHIPd / Otherwise eligible for Medicaid,fiscal_year,2019,2019,2019,20,2
Health Insurance,Otherwise eligible for Medicaid,2020,48.0,Billions of dollars,51298-2019-05-Health-Insurance.xlsx,Table 2-1,false,51298,Net Federal Subsidies Associated With Health Insurance Coverage for People Under Age 65 / Medicaid and CHIPd / Otherwise eligible for Medicaid,fiscal_year,2020,2020,2020,20,3
Health Insurance,Otherwise eligible for Medicaid,2021,51.0,Billions of dollars,51298-2019-05-Health-Insurance.xlsx,Table 2-1,false,51298,Net Federal Subsidies Associated With Health Insurance Coverage for People Under Age 65 / Medicaid and CHIPd / Otherwise eligible for Medicaid,fiscal_year,2021,2021,2021,20,4
Health Insurance,Otherwise eligible for Medicaid,2022,54.0,Billions of dollars,51298-2019-05-Health-Insurance.xlsx,Table 2-1,false,51298,Net Federal Subsidies Associated With Health Insurance Coverage for People Under Age 65 / Medicaid and CHIPd / Otherwise eligible for Medicaid,fiscal_year,2022,2022,2022,20,5
Health Insurance,Otherwise eligible for Medicaid,2023,58.0,Billions of dollars,51298-2019-05-Health-Insurance.xlsx,Table 2-1,false,51298,Net Federal Subsidies Associated With Health Insurance Coverage for People Under Age 65 / Medicaid and CHIPd / Otherwise eligible for Medicaid,fiscal_year,2023,2023,2023,20,6
Health Insurance,Otherwise eligible for Medicaid,2024,61.0,Billions of dollars,51298-2019-05-Health-Insurance.xlsx,Table 2-1,false,51298,Net Federal Subsidies Associated With Health Insurance Coverage for People Under Age 65 / Medicaid and CHIPd / Otherwise eligible for Medicaid,fiscal_year,2024,2024,2024,20,7
Health Insurance,Otherwise eligible for Medicaid,2025,65.0,Billions of dollars,51298-2019-05-Health-Insurance.xlsx,Table 2-1,false,51298,Net Federal Subsidies Associated With Health Insurance Coverage for People Under Age 65 / Medicaid and CHIPd / Otherwise eligible for Medicaid,fiscal_year,2025,2025,2025,20,8
Health Insurance,Otherwise eligible for Medicaid,2026,68.0,Billions of dollars,51298-2019-05-Health-Insurance.xlsx,Table 2-1,false,51298,Net Federal Subsidies Associated With Health Insurance Coverage for People Under Age 65 / Medicaid and CHIPd / Otherwise eligible for Medicaid,fiscal_year,2026,2026,2026,20,9
Health Insurance,Otherwise eligible for Medicaid,2027,72.0,Billions of dollars,51298-2019-05-Health-Insurance.xlsx,Table 2-1,false,51298,Net Federal Subsidies Associated With Health Insurance Coverage for People Under Age 65 / Medicaid and CHIPd / Otherwise eligible for Medicaid,fiscal_year,2027,2027,2027,20,10
Health Insurance,Otherwise eligible for Medicaid,2028,76.0,Billions of dollars,51298-2019-05-Health-Insurance.xlsx,Table 2-1,false,51298,Net Federal Subsidies Associated With Health Insurance Coverage for People Under Age 65 / Medicaid and CHIPd / Otherwise eligible for Medicaid,fiscal_year,2028,2028,2028,20,11
Health Insurance,Otherwise eligible for Medicaid,2029,81.0,Billions of dollars,51298-2019-05-Health-Insurance.xlsx,Table 2-1,false,51298,Net Federal Subsidies Associated With Health Insurance Coverage for People Under Age 65 / Medicaid and CHIPd / Otherwise eligible for Medicaid,fiscal_year,2029,2029,2029,20,12
Health Insurance,Otherwise eligible for Medicaid,,635.0,Billions of dollars,51298-2019-05-Health-Insurance.xlsx,Table 2-1,false,51298,Net Federal Subsidies Associated With Health Insurance Coverage for People Under Age 65 / Medicaid and CHIPd / Otherwise eligible for Medicaid,cumulative_fiscal_years,2020,2029,2020-2029,20,13
Health Insurance,CHIP,2019,18.0,Billions of dollars,51298-2019-05-Health-Insurance.xlsx,Table 2-1,false,51298,Net Federal Subsidies Associated With Health Insurance Coverage for People Under Age 65 / Medicaid and CHIPd / CHIP,fiscal_year,2019,2019,2019,21,2
Health Insurance,CHIP,2020,16.0,Billions of dollars,51298-2019-05-Health-Insurance.xlsx,Table 2-1,false,51298,Net Federal Subsidies Associated With Health Insurance Coverage for People Under Age 65 / Medicaid and CHIPd / CHIP,fiscal_year,2020,2020,2020,21,3
Health Insurance,CHIP,2021,14.0,Billions of dollars,51298-2019-05-Health-Insurance.xlsx,Table 2-1,false,51298,Net Federal Subsidies Associated With Health Insurance Coverage for People Under Age 65 / Medicaid and CHIPd / CHIP,fiscal_year,2021,2021,2021,21,4
Health Insurance,CHIP,2022,14.0,Billions of dollars,51298-2019-05-Health-Insurance.xlsx,Table 2-1,false,51298,Net Federal Subsidies Associated With Health Insurance Coverage for People Under Age 65 / Medicaid and CHIPd / CHIP,fiscal_year,2022,2022,2022,21,5
Health Insurance,CHIP,2023,15.0,Billions of dollars,51298-2019-05-Health-Insurance.xlsx,Table 2-1,false,51298,Net Federal Subsidies Associated With Health Insurance Coverage for People Under Age 65 / Medicaid and CHIPd / CHIP,fiscal_year,2023,2023,2023,21,6
Health Insurance,CHIP,2024,16.0,Billions of dollars,51298-2019-05-Health-Insurance.xlsx,Table 2-1,false,51298,Net Federal Subsidies Associated With Health Insurance Coverage for People Under Age 65 / Medicaid and CHIPd / CHIP,fiscal_year,2024,2024,2024,21,7
Health Insurance,CHIP,2025,16.0,Billions of dollars,51298-2019-05-Health-Insurance.xlsx,Table 2-1,false,51298,Net Federal Subsidies Associated With Health Insurance Coverage for People Under Age 65 / Medicaid and CHIPd / CHIP,fiscal_year,2025,2025,2025,21,8
Health Insurance,CHIP,2026,17.0,Billions of dollars,51298-2019-05-Health-Insurance.xlsx,Table 2-1,false,51298,Net Federal Subsidies Associated With Health Insurance Coverage for People Under Age 65 / Medicaid and CHIPd / CHIP,fiscal_year,2026,2026,2026,21,9
Health Insurance,CHIP,2027,18.0,Billions of dollars,51298-2019-05-Health-Insurance.xlsx,Table 2-1,false,51298,Net Federal Subsidies Associated With Health Insurance Coverage for People Under Age 65 / Medicaid and CHIPd / CHIP,fiscal_year,2027,2027,2027,21,10
Health Insurance,CHIP,2028,18.0,Billions of dollars,51298-2019-05-Health-Insurance.xlsx,Table 2-1,false,51298,Net Federal Subsidies Associated With Health Insurance Coverage for People Under Age 65 / Medicaid and CHIPd / CHIP,fiscal_year,2028,2028,2028,21,11
Health Insurance,CHIP,2029,19.0,Billions of dollars,51298-2019-05-Health-Insurance.xlsx,Table 2-1,false,51298,Net Federal Subsidies Associated With Health Insurance Coverage for People Under Age 65 / Medicaid and CHIPd / CHIP,fiscal_year,2029,2029,2029,21,12
Health Insurance,CHIP,,164.0,Billions of dollars,51298-2019-05-Health-Insurance.xlsx,Table 2-1,false,51298,Net Federal Subsidies Associated With Health Insurance Coverage for People Under Age 65 / Medicaid and CHIPd / CHIP,cumulative_fiscal_years,2020,2029,2020-2029,21,13
Health Insurance,Unlabeled value (row 23),2019,314.0,Billions of dollars,51298-2019-05-Health-Insurance.xlsx,Table 2-1,false,51298,Net Federal Subsidies Associated With Health Insurance Coverage for People Under Age 65 / Medicaid and CHIPd / Unlabeled value (row 23),fiscal_year,2019,2019,2019,23,2
Health Insurance,Unlabeled value (row 23),2020,325.0,Billions of dollars,51298-2019-05-Health-Insurance.xlsx,Table 2-1,false,51298,Net Federal Subsidies Associated With Health Insurance Coverage for People Under Age 65 / Medicaid and CHIPd / Unlabeled value (row 23),fiscal_year,2020,2020,2020,23,3
Health Insurance,Unlabeled value (row 23),2021,341.0,Billions of dollars,51298-2019-05-Health-Insurance.xlsx,Table 2-1,false,51298,Net Federal Subsidies Associated With Health Insurance Coverage for People Under Age 65 / Medicaid and CHIPd / Unlabeled value (row 23),fiscal_year,2021,2021,2021,23,4
Health Insurance,Unlabeled value (row 23),2022,363.0,Billions of dollars,51298-2019-05-Health-Insurance.xlsx,Table 2-1,false,51298,Net Federal Subsidies Associated With Health Insurance Coverage for People Under Age 65 / Medicaid and CHIPd / Unlabeled value (row 23),fiscal_year,2022,2022,2022,23,5
Health Insurance,Unlabeled value (row 23),2023,387.0,Billions of dollars,51298-2019-05-Health-Insurance.xlsx,Table 2-1,false,51298,Net Federal Subsidies Associated With Health Insurance Coverage for People Under Age 65 / Medicaid and CHIPd / Unlabeled value (row 23),fiscal_year,2023,2023,2023,23,6
Health Insurance,Unlabeled value (row 23),2024,411.0,Billions of dollars,51298-2019-05-Health-Insurance.xlsx,Table 2-1,false,51298,Net Federal Subsidies Associated With Health Insurance Coverage for People Under Age 65 / Medicaid and CHIPd / Unlabeled value (row 23),fiscal_year,2024,2024,2024,23,7
Health Insurance,Unlabeled value (row 23),2025,436.0,Billions of dollars,51298-2019-05-Health-Insurance.xlsx,Table 2-1,false,51298,Net Federal Subsidies Associated With Health Insurance Coverage for People Under Age 65 / Medicaid and CHIPd / Unlabeled value (row 23),fiscal_year,2025,2025,2025,23,8
Health Insurance,Unlabeled value (row 23),2026,462.0,Billions of dollars,51298-2019-05-Health-Insurance.xlsx,Table 2-1,false,51298,Net Federal Subsidies Associated With Health Insurance Coverage for People Under Age 65 / Medicaid and CHIPd / Unlabeled value (row 23),fiscal_year,2026,2026,2026,23,9
Health Insurance,Unlabeled value (row 23),2027,490.0,Billions of dollars,51298-2019-05-Health-Insurance.xlsx,Table 2-1,false,51298,Net Federal Subsidies Associated With Health Insurance Coverage for People Under Age 65 / Medicaid and CHIPd / Unlabeled value (row 23),fiscal_year,2027,2027,2027,23,10
Health Insurance,Unlabeled value (row 23),2028,518.0,Billions of dollars,51298-2019-05-Health-Insurance.xlsx,Table 2-1,false,51298,Net Federal Subsidies Associated With Health Insurance Coverage for People Under Age 65 / Medicaid and CHIPd / Unlabeled value (row 23),fiscal_year,2028,2028,2028,23,11
Health Insurance,Unlabeled value (row 23),2029,549.0,Billions of dollars,51298-2019-05-Health-Insurance.xlsx,Table 2-1,false,51298,Net Federal Subsidies Associated With Health Insurance Coverage for People Under Age 65 / Medicaid and CHIPd / Unlabeled value (row 23),fiscal_year,2029,2029,2029,23,12
Health Insurance,Unlabeled value (row 23),,4282.0,Billions of dollars,51298-2019-05-Health-Insurance.xlsx,Table 2-1,false,51298,Net Federal Subsidies Associated With Health Insurance Coverage for People Under Age 65 / Medicaid and CHIPd / Unlabeled value (row 23),cumulative_fiscal_years,2020,2029,2020-2029,23,13
Health Insurance,Premium tax credit outlays,2019,43.0,Billions of dollars,51298-2019-05-Health-Insurance.xlsx,Table 2-1,false,51298,Net Federal Subsidies Associated With Health Insurance Coverage for People Under Age 65 / Marketplace-Related Coverage and the Basic Health Program / Premium tax credit outlays,fiscal_year,2019,2019,2019,26,2
Health Insurance,Premium tax credit outlays,2020,44.0,Billions of dollars,51298-2019-05-Health-Insurance.xlsx,Table 2-1,false,51298,Net Federal Subsidies Associated With Health Insurance Coverage for People Under Age 65 / Marketplace-Related Coverage and the Basic Health Program / Premium tax credit outlays,fiscal_year,2020,2020,2020,26,3
Health Insurance,Premium tax credit outlays,2021,43.0,Billions of dollars,51298-2019-05-Health-Insurance.xlsx,Table 2-1,false,51298,Net Federal Subsidies Associated With Health Insurance Coverage for People Under Age 65 / Marketplace-Related Coverage and the Basic Health Program / Premium tax credit outlays,fiscal_year,2021,2021,2021,26,4
Health Insurance,Premium tax credit outlays,2022,45.0,Billions of dollars,51298-2019-05-Health-Insurance.xlsx,Table 2-1,false,51298,Net Federal Subsidies Associated With Health Insurance Coverage for People Under Age 65 / Marketplace-Related Coverage and the Basic Health Program / Premium tax credit outlays,fiscal_year,2022,2022,2022,26,5
Health Insurance,Premium tax credit outlays,2023,47.0,Billions of dollars,51298-2019-05-Health-Insurance.xlsx,Table 2-1,false,51298,Net Federal Subsidies Associated With Health Insurance Coverage for People Under Age 65 / Marketplace-Related Coverage and the Basic Health Program / Premium tax credit outlays,fiscal_year,2023,2023,2023,26,6
Health Insurance,Premium tax credit outlays,2024,49.0,Billions of dollars,51298-2019-05-Health-Insurance.xlsx,Table 2-1,false,51298,Net Federal Subsidies Associated With Health Insurance Coverage for People Under Age 65 / Marketplace-Related Coverage and the Basic Health Program / Premium tax credit outlays,fiscal_year,2024,2024,2024,26,7
Health Insurance,Premium tax credit outlays,2025,52.0,Billions of dollars,51298-2019-05-Health-Insurance.xlsx,Table 2-1,false,51298,Net Federal Subsidies Associated With Health Insurance Coverage for People Under Age 65 / Marketplace-Related Coverage and the Basic Health Program / Premium tax credit outlays,fiscal_year,2025,2025,2025,26,8
Health Insurance,Premium tax credit outlays,2026,54.0,Billions of dollars,51298-2019-05-Health-Insurance.xlsx,Table 2-1,false,51298,Net Federal Subsidies Associated With Health Insurance Coverage for People Under Age 65 / Marketplace-Related Coverage and the Basic Health Program / Premium tax credit outlays,fiscal_year,2026,2026,2026,26,9
Health Insurance,Premium tax credit outlays,2027,55.0,Billions of dollars,51298-2019-05-Health-Insurance.xlsx,Table 2-1,false,51298,Net Federal Subsidies Associated With Health Insurance Coverage for People Under Age 65 / Marketplace-Related Coverage and the Basic Health Program / Premium tax credit outlays,fiscal_year,2027,2027,2027,26,10
Health Insurance,Premium tax credit outlays,2028,56.0,Billions of dollars,51298-2019-05-Health-Insurance.xlsx,Table 2-1,false,51298,Net Federal Subsidies Associated With Health Insurance Coverage for People Under Age 65 / Marketplace-Related Coverage and the Basic Health Program / Premium tax credit outlays,fiscal_year,2028,2028,2028,26,11
Health Insurance,Premium tax credit outlays,2029,57.0,Billions of dollars,51298-2019-05-Health-Insurance.xlsx,Table 2-1,false,51298,Net Federal Subsidies Associated With Health Insurance Coverage for People Under Age 65 / Marketplace-Related Coverage and the Basic Health Program / Premium tax credit outlays,fiscal_year,2029,2029,2029,26,12
Health Insurance,Premium tax credit outlays,,503.0,Billions of dollars,51298-2019-05-Health-Insurance.xlsx,Table 2-1,false,51298,Net Federal Subsidies Associated With Health Insurance Coverage for People Under Age 65 / Marketplace-Related Coverage and the Basic Health Program / Premium tax credit outlays,cumulative_fiscal_years,2020,2029,2020-2029,26,13
Health Insurance,Premium tax credit revenue reductions,2019,9.0,Billions of dollars,51298-2019-05-Health-Insurance.xlsx,Table 2-1,false,51298,Net Federal Subsidies Associated With Health Insurance Coverage for People Under Age 65 / Marketplace-Related Coverage and the Basic Health Program / Premium tax credit revenue reductions,fiscal_year,2019,2019,2019,27,2
Health Insurance,Premium tax credit revenue reductions,2020,10.0,Billions of dollars,51298-2019-05-Health-Insurance.xlsx,Table 2-1,false,51298,Net Federal Subsidies Associated With Health Insurance Coverage for People Under Age 65 / Marketplace-Related Coverage and the Basic Health Program / Premium tax credit revenue reductions,fiscal_year,2020,2020,2020,27,3
Health Insurance,Premium tax credit revenue reductions,2021,9.0,Billions of dollars,51298-2019-05-Health-Insurance.xlsx,Table 2-1,false,51298,Net Federal Subsidies Associated With Health Insurance Coverage for People Under Age 65 / Marketplace-Related Coverage and the Basic Health Program / Premium tax credit revenue reductions,fiscal_year,2021,2021,2021,27,4
Health Insurance,Premium tax credit revenue reductions,2022,10.0,Billions of dollars,51298-2019-05-Health-Insurance.xlsx,Table 2-1,false,51298,Net Federal Subsidies Associated With Health Insurance Coverage for People Under Age 65 / Marketplace-Related Coverage and the Basic Health Program / Premium tax credit revenue reductions,fiscal_year,2022,2022,2022,27,5
Health Insurance,Premium tax credit revenue reductions,2023,10.0,Billions of dollars,51298-2019-05-Health-Insurance.xlsx,Table 2-1,false,51298,Net Federal Subsidies Associated With Health Insurance Coverage for People Under Age 65 / Marketplace-Related Coverage and the Basic Health Program / Premium tax credit revenue reductions,fiscal_year,2023,2023,2023,27,6
Health Insurance,Premium tax credit revenue reductions,2024,11.0,Billions of dollars,51298-2019-05-Health-Insurance.xlsx,Table 2-1,false,51298,Net Federal Subsidies Associated With Health Insurance Coverage for People Under Age 65 / Marketplace-Related Coverage and the Basic Health Program / Premium tax credit revenue reductions,fiscal_year,2024,2024,2024,27,7
Health Insurance,Premium tax credit revenue reductions,2025,11.0,Billions of dollars,51298-2019-05-Health-Insurance.xlsx,Table 2-1,false,51298,Net Federal Subsidies Associated With Health Insurance Coverage for People Under Age 65 / Marketplace-Related Coverage and the Basic Health Program / Premium tax credit revenue reductions,fiscal_year,2025,2025,2025,27,8
Health Insurance,Premium tax credit revenue reductions,2026,12.0,Billions of dollars,51298-2019-05-Health-Insurance.xlsx,Table 2-1,false,51298,Net Federal Subsidies Associated With Health Insurance Coverage for People Under Age 65 / Marketplace-Related Coverage and the Basic Health Program / Premium tax credit revenue reductions,fiscal_year,2026,2026,2026,27,9
Health Insurance,Premium tax credit revenue reductions,2027,12.0,Billions of dollars,51298-2019-05-Health-Insurance.xlsx,Table 2-1,false,51298,Net Federal Subsidies Associated With Health Insurance Coverage for People Under Age 65 / Marketplace-Related Coverage and the Basic Health Program / Premium tax credit revenue reductions,fiscal_year,2027,2027,2027,27,10
Health Insurance,Premium tax credit revenue reductions,2028,12.0,Billions of dollars,51298-2019-05-Health-Insurance.xlsx,Table 2-1,false,51298,Net Federal Subsidies Associated With Health Insurance Coverage for People Under Age 65 / Marketplace-Related Coverage and the Basic Health Program / Premium tax credit revenue reductions,fiscal_year,2028,2028,2028,27,11
Health Insurance,Premium tax credit revenue reductions,2029,12.0,Billions of dollars,51298-2019-05-Health-Insurance.xlsx,Table 2-1,false,51298,Net Federal Subsidies Associated With Health Insurance Coverage for People Under Age 65 / Marketplace-Related Coverage and the Basic Health Program / Premium tax credit revenue reductions,fiscal_year,2029,2029,2029,27,12
Health Insurance,Premium tax credit revenue reductions,,109.0,Billions of dollars,51298-2019-05-Health-Insurance.xlsx,Table 2-1,false,51298,Net Federal Subsidies Associated With Health Insurance Coverage for People Under Age 65 / Marketplace-Related Coverage and the Basic Health Program / Premium tax credit revenue reductions,cumulative_fiscal_years,2020,2029,2020-2029,27,13
Health Insurance,"Subtotal, premium tax credits",2019,53.0,Billions of dollars,51298-2019-05-Health-Insurance.xlsx,Table 2-1,true,51298,"Net Federal Subsidies Associated With Health Insurance Coverage for People Under Age 65 / Marketplace-Related Coverage and the Basic Health Program / Subtotal, premium tax credits",fiscal_year,2019,2019,2019,29,2
Health Insurance,"Subtotal, premium tax credits",2020,53.0,Billions of dollars,51298-2019-05-Health-Insurance.xlsx,Table 2-1,true,51298,"Net Federal Subsidies Associated With Health Insurance Coverage for People Under Age 65 / Marketplace-Related Coverage and the Basic Health Program / Subtotal, premium tax credits",fiscal_year,2020,2020,2020,29,3
Health Insurance,"Subtotal, premium tax credits",2021,53.0,Billions of dollars,51298-2019-05-Health-Insurance.xlsx,Table 2-1,true,51298,"Net Federal Subsidies Associated With Health Insurance Coverage for People Under Age 65 / Marketplace-Related Coverage and the Basic Health Program / Subtotal, premium tax credits",fiscal_year,2021,2021,2021,29,4
Health Insurance,"Subtotal, premium tax credits",2022,55.0,Billions of dollars,51298-2019-05-Health-Insurance.xlsx,Table 2-1,true,51298,"Net Federal Subsidies Associated With Health Insurance Coverage for People Under Age 65 / Marketplace-Related Coverage and the Basic Health Program / Subtotal, premium tax credits",fiscal_year,2022,2022,2022,29,5
Health Insurance,"Subtotal, premium tax credits",2023,58.0,Billions of dollars,51298-2019-05-Health-Insurance.xlsx,Table 2-1,true,51298,"Net Federal Subsidies Associated With Health Insurance Coverage for People Under Age 65 / Marketplace-Related Coverage and the Basic Health Program / Subtotal, premium tax credits",fiscal_year,2023,2023,2023,29,6
Health Insurance,"Subtotal, premium tax credits",2024,60.0,Billions of dollars,51298-2019-05-Health-Insurance.xlsx,Table 2-1,true,51298,"Net Federal Subsidies Associated With Health Insurance Coverage for People Under Age 65 / Marketplace-Related Coverage and the Basic Health Program / Subtotal, premium tax credits",fiscal_year,2024,2024,2024,29,7
Health Insurance,"Subtotal, premium tax credits",2025,64.0,Billions of dollars,51298-2019-05-Health-Insurance.xlsx,Table 2-1,true,51298,"Net Federal Subsidies Associated With Health Insurance Coverage for People Under Age 65 / Marketplace-Related Coverage and the Basic Health Program / Subtotal, premium tax credits",fiscal_year,2025,2025,2025,29,8
Health Insurance,"Subtotal, premium tax credits",2026,66.0,Billions of dollars,51298-2019-05-Health-Insurance.xlsx,Table 2-1,true,51298,"Net Federal Subsidies Associated With Health Insurance Coverage for People Under Age 65 / Marketplace-Related Coverage and the Basic Health Program / Subtotal, premium tax credits",fiscal_year,2026,2026,2026,29,9
Health Insurance,"Subtotal, premium tax credits",2027,67.0,Billions of dollars,51298-2019-05-Health-Insurance.xlsx,Table 2-1,true,51298,"Net Federal Subsidies Associated With Health Insurance Coverage for People Under Age 65 / Marketplace-Related Coverage and the Basic Health Program / Subtotal, premium tax credits",fiscal_year,2027,2027,2027,29,10
Health Insurance,"Subtotal, premium tax credits",2028,68.0,Billions of dollars,51298-2019-05-Health-Insurance.xlsx,Table 2-1,true,51298,"Net Federal Subsidies Associated With Health Insurance Coverage for People Under Age 65 / Marketplace-Related Coverage and the Basic Health Program / Subtotal, premium tax credits",fiscal_year,2028,2028,2028,29,11
Health Insurance,"Subtotal, premium tax credits",2029,70.0,Billions of dollars,51298-2019-05-Health-Insurance.xlsx,Table 2-1,true,51298,"Net Federal Subsidies Associated With Health Insurance Coverage for People Under Age 65 / Marketplace-Related Coverage and the Basic Health Program / Subtotal, premium tax credits",fiscal_year,2029,2029,2029,29,12
Health Insurance,"Subtotal, premium tax credits",,612.0,Billions of dollars,51298-2019-05-Health-Insurance.xlsx,Table 2-1,true,51298,"Net Federal Subsidies Associated With Health Insurance Coverage for People Under Age 65 / Marketplace-Related Coverage and the Basic Health Program / Subtotal, premium tax credits",cumulative_fiscal_years,2020,2029,2020-2029,29,13
Health Insurance,Outlays for the Basic Health Program,2019,5.796132407240033,Billions of dollars,51298-2019-05-Health-Insurance.xlsx,Table 2-1,false,51298,Net Federal Subsidies Associated With Health Insurance Coverage for People Under Age 65 / Marketplace-Related Coverage and the Basic Health Program / Outlays for the Basic Health Program,fiscal_year,2019,2019,2019,31,2
Health Insurance,Outlays for the Basic Health Program,2020,5.990726633296848,Billions of dollars,51298-2019-05-Health-Insurance.xlsx,Table 2-1,false,51298,Net Federal Subsidies Associated With Health Insurance Coverage for People Under Age 65 / Marketplace-Related Coverage and the Basic Health Program / Outlays for the Basic Health Program,fiscal_year,2020,2020,2020,31,3
Health Insurance,Outlays for the Basic Health Program,2021,6.233897866129582,Billions of dollars,51298-2019-05-Health-Insurance.xlsx,Table 2-1,false,51298,Net Federal Subsidies Associated With Health Insurance Coverage for People Under Age 65 / Marketplace-Related Coverage and the Basic Health Program / Outlays for the Basic Health Program,fiscal_year,2021,2021,2021,31,4
Health Insurance,Outlays for the Basic Health Program,2022,6.694477114083504,Billions of dollars,51298-2019-05-Health-Insurance.xlsx,Table 2-1,false,51298,Net Federal Subsidies Associated With Health Insurance Coverage for People Under Age 65 / Marketplace-Related Coverage and the Basic Health Program / Outlays for the Basic Health Program,fiscal_year,2022,2022,2022,31,5
Health Insurance,Outlays for the Basic Health Program,2023,7.139908003240495,Billions of dollars,51298-2019-05-Health-Insurance.xlsx,Table 2-1,false,51298,Net Federal Subsidies Associated With Health Insurance Coverage for People Under Age 65 / Marketplace-Related Coverage and the Basic Health Program / Outlays for the Basic Health Program,fiscal_year,2023,2023,2023,31,6
Health Insurance,Outlays for the Basic Health Program,2024,7.491873371770409,Billions of dollars,51298-2019-05-Health-Insurance.xlsx,Table 2-1,false,51298,Net Federal Subsidies Associated With Health Insurance Coverage for People Under Age 65 / Marketplace-Related Coverage and the Basic Health Program / Outlays for the Basic Health Program,fiscal_year,2024,2024,2024,31,7
Health Insurance,Outlays for the Basic Health Program,2025,7.899954559390968,Billions of dollars,51298-2019-05-Health-Insurance.xlsx,Table 2-1,false,51298,Net Federal Subsidies Associated With Health Insurance Coverage for People Under Age 65 / Marketplace-Related Coverage and the Basic Health Program / Outlays for the Basic Health Program,fiscal_year,2025,2025,2025,31,8
Health Insurance,Outlays for the Basic Health Program,2026,8.361036327979981,Billions of dollars,51298-2019-05-Health-Insurance.xlsx,Table 2-1,false,51298,Net Federal Subsidies Associated With Health Insurance Coverage for People Under Age 65 / Marketplace-Related Coverage and the Basic Health Program / Outlays for the Basic Health Program,fiscal_year,2026,2026,2026,31,9
Health Insurance,Outlays for the Basic Health Program,2027,8.67980966938876,Billions of dollars,51298-2019-05-Health-Insurance.xlsx,Table 2-1,false,51298,Net Federal Subsidies Associated With Health Insurance Coverage for People Under Age 65 / Marketplace-Related Coverage and the Basic Health Program / Outlays for the Basic Health Program,fiscal_year,2027,2027,2027,31,10
Health Insurance,Outlays for the Basic Health Program,2028,9.14391283583722,Billions of dollars,51298-2019-05-Health-Insurance.xlsx,Table 2-1,false,51298,Net Federal Subsidies Associated With Health Insurance Coverage for People Under Age 65 / Marketplace-Related Coverage and the Basic Health Program / Outlays for the Basic Health Program,fiscal_year,2028,2028,2028,31,11
Health Insurance,Outlays for the Basic Health Program,2029,9.590401964534038,Billions of dollars,51298-2019-05-Health-Insurance.xlsx,Table 2-1,false,51298,Net Federal Subsidies Associated With Health Insurance Coverage for People Under Age 65 / Marketplace-Related Coverage and the Basic Health Program / Outlays for the Basic Health Program,fiscal_year,2029,2029,2029,31,12
Health Insurance,Outlays for the Basic Health Program,,77.0,Billions of dollars,51298-2019-05-Health-Insurance.xlsx,Table 2-1,false,51298,Net Federal Subsidies Associated With Health Insurance Coverage for People Under Age 65 / Marketplace-Related Coverage and the Basic Health Program / Outlays for the Basic Health Program,cumulative_fiscal_years,2020,2029,2020-2029,31,13
Health Insurance,Collections for risk adjustment and reinsurance,2019,-5.759,Billions of dollars,51298-2019-05-Health-Insurance.xlsx,Table 2-1,false,51298,Net Federal Subsidies Associated With Health Insurance Coverage for People Under Age 65 / Marketplace-Related Coverage and the Basic Health Program / Collections for risk adjustment and reinsurance,fiscal_year,2019,2019,2019,32,2
Health Insurance,Collections for risk adjustment and reinsurance,2020,-5.309,Billions of dollars,51298-2019-05-Health-Insurance.xlsx,Table 2-1,false,51298,Net Federal Subsidies Associated With Health Insurance Coverage for People Under Age 65 / Marketplace-Related Coverage and the Basic Health Program / Collections for risk adjustment and reinsurance,fiscal_year,2020,2020,2020,32,3
Health Insurance,Collections for risk adjustment and reinsurance,2021,-5.587,Billions of dollars,51298-2019-05-Health-Insurance.xlsx,Table 2-1,false,51298,Net Federal Subsidies Associated With Health Insurance Coverage for People Under Age 65 / Marketplace-Related Coverage and the Basic Health Program / Collections for risk adjustment and reinsurance,fiscal_year,2021,2021,2021,32,4
Health Insurance,Collections for risk adjustment and reinsurance,2022,-5.865,Billions of dollars,51298-2019-05-Health-Insurance.xlsx,Table 2-1,false,51298,Net Federal Subsidies Associated With Health Insurance Coverage for People Under Age 65 / Marketplace-Related Coverage and the Basic Health Program / Collections for risk adjustment and reinsurance,fiscal_year,2022,2022,2022,32,5
Health Insurance,Collections for risk adjustment and reinsurance,2023,-6.046,Billions of dollars,51298-2019-05-Health-Insurance.xlsx,Table 2-1,false,51298,Net Federal Subsidies Associated With Health Insurance Coverage for People Under Age 65 / Marketplace-Related Coverage and the Basic Health Program / Collections for risk adjustment and reinsurance,fiscal_year,2023,2023,2023,32,6
Health Insurance,Collections for risk adjustment and reinsurance,2024,-6.373,Billions of dollars,51298-2019-05-Health-Insurance.xlsx,Table 2-1,false,51298,Net Federal Subsidies Associated With Health Insurance Coverage for People Under Age 65 / Marketplace-Related Coverage and the Basic Health Program / Collections for risk adjustment and reinsurance,fiscal_year,2024,2024,2024,32,7
Health Insurance,Collections for risk adjustment and reinsurance,2025,-6.664,Billions of dollars,51298-2019-05-Health-Insurance.xlsx,Table 2-1,false,51298,Net Federal Subsidies Associated With Health Insurance Coverage for People Under Age 65 / Marketplace-Related Coverage and the Basic Health Program / Collections for risk adjustment and reinsurance,fiscal_year,2025,2025,2025,32,8
Health Insurance,Collections for risk adjustment and reinsurance,2026,-6.977,Billions of dollars,51298-2019-05-Health-Insurance.xlsx,Table 2-1,false,51298,Net Federal Subsidies Associated With Health Insurance Coverage for People Under Age 65 / Marketplace-Related Coverage and the Basic Health Program / Collections for risk adjustment and reinsurance,fiscal_year,2026,2026,2026,32,9
Health Insurance,Collections for risk adjustment and reinsurance,2027,-7.302,Billions of dollars,51298-2019-05-Health-Insurance.xlsx,Table 2-1,false,51298,Net Federal Subsidies Associated With Health Insurance Coverage for People Under Age 65 / Marketplace-Related Coverage and the Basic Health Program / Collections for risk adjustment and reinsurance,fiscal_year,2027,2027,2027,32,10
Health Insurance,Collections for risk adjustment and reinsurance,2028,-7.567,Billions of dollars,51298-2019-05-Health-Insurance.xlsx,Table 2-1,false,51298,Net Federal Subsidies Associated With Health Insurance Coverage for People Under Age 65 / Marketplace-Related Coverage and the Basic Health Program / Collections for risk adjustment and reinsurance,fiscal_year,2028,2028,2028,32,11
Health Insurance,Collections for risk adjustment and reinsurance,2029,-7.892,Billions of dollars,51298-2019-05-Health-Insurance.xlsx,Table 2-1,false,51298,Net Federal Subsidies Associated With Health Insurance Coverage for People Under Age 65 / Marketplace-Related Coverage and the Basic Health Program / Collections for risk adjustment and reinsurance,fiscal_year,2029,2029,2029,32,12
Health Insurance,Collections for risk adjustment and reinsurance,,-66.0,Billions of dollars,51298-2019-05-Health-Insurance.xlsx,Table 2-1,false,51298,Net Federal Subsidies Associated With Health Insurance Coverage for People Under Age 65 / Marketplace-Related Coverage and the Basic Health Program / Collections for risk adjustment and reinsurance,cumulative_fiscal_years,2020,2029,2020-2029,32,13
Health Insurance,Payments for risk adjustment and reinsurance,2019,9.118,Billions of dollars,51298-2019-05-Health-Insurance.xlsx,Table 2-1,false,51298,Net Federal Subsidies Associated With Health Insurance Coverage for People Under Age 65 / Marketplace-Related Coverage and the Basic Health Program / Payments for risk adjustment and reinsurance,fiscal_year,2019,2019,2019,33,2
Health Insurance,Payments for risk adjustment and reinsurance,2020,5.334,Billions of dollars,51298-2019-05-Health-Insurance.xlsx,Table 2-1,false,51298,Net Federal Subsidies Associated With Health Insurance Coverage for People Under Age 65 / Marketplace-Related Coverage and the Basic Health Program / Payments for risk adjustment and reinsurance,fiscal_year,2020,2020,2020,33,3
Health Insurance,Payments for risk adjustment and reinsurance,2021,5.763,Billions of dollars,51298-2019-05-Health-Insurance.xlsx,Table 2-1,false,51298,Net Federal Subsidies Associated With Health Insurance Coverage for People Under Age 65 / Marketplace-Related Coverage and the Basic Health Program / Payments for risk adjustment and reinsurance,fiscal_year,2021,2021,2021,33,4
Health Insurance,Payments for risk adjustment and reinsurance,2022,5.874,Billions of dollars,51298-2019-05-Health-Insurance.xlsx,Table 2-1,false,51298,Net Federal Subsidies Associated With Health Insurance Coverage for People Under Age 65 / Marketplace-Related Coverage and the Basic Health Program / Payments for risk adjustment and reinsurance,fiscal_year,2022,2022,2022,33,5
Health Insurance,Payments for risk adjustment and reinsurance,2023,6.001,Billions of dollars,51298-2019-05-Health-Insurance.xlsx,Table 2-1,false,51298,Net Federal Subsidies Associated With Health Insurance Coverage for People Under Age 65 / Marketplace-Related Coverage and the Basic Health Program / Payments for risk adjustment and reinsurance,fiscal_year,2023,2023,2023,33,6
Health Insurance,Payments for risk adjustment and reinsurance,2024,6.291,Billions of dollars,51298-2019-05-Health-Insurance.xlsx,Table 2-1,false,51298,Net Federal Subsidies Associated With Health Insurance Coverage for People Under Age 65 / Marketplace-Related Coverage and the Basic Health Program / Payments for risk adjustment and reinsurance,fiscal_year,2024,2024,2024,33,7
Health Insurance,Payments for risk adjustment and reinsurance,2025,6.591,Billions of dollars,51298-2019-05-Health-Insurance.xlsx,Table 2-1,false,51298,Net Federal Subsidies Associated With Health Insurance Coverage for People Under Age 65 / Marketplace-Related Coverage and the Basic Health Program / Payments for risk adjustment and reinsurance,fiscal_year,2025,2025,2025,33,8
Health Insurance,Payments for risk adjustment and reinsurance,2026,6.899,Billions of dollars,51298-2019-05-Health-Insurance.xlsx,Table 2-1,false,51298,Net Federal Subsidies Associated With Health Insurance Coverage for People Under Age 65 / Marketplace-Related Coverage and the Basic Health Program / Payments for risk adjustment and reinsurance,fiscal_year,2026,2026,2026,33,9
Health Insurance,Payments for risk adjustment and reinsurance,2027,7.221,Billions of dollars,51298-2019-05-Health-Insurance.xlsx,Table 2-1,false,51298,Net Federal Subsidies Associated With Health Insurance Coverage for People Under Age 65 / Marketplace-Related Coverage and the Basic Health Program / Payments for risk adjustment and reinsurance,fiscal_year,2027,2027,2027,33,10
Health Insurance,Payments for risk adjustment and reinsurance,2028,7.501,Billions of dollars,51298-2019-05-Health-Insurance.xlsx,Table 2-1,false,51298,Net Federal Subsidies Associated With Health Insurance Coverage for People Under Age 65 / Marketplace-Related Coverage and the Basic Health Program / Payments for risk adjustment and reinsurance,fiscal_year,2028,2028,2028,33,11
Health Insurance,Payments for risk adjustment and reinsurance,2029,7.811,Billions of dollars,51298-2019-05-Health-Insurance.xlsx,Table 2-1,false,51298,Net Federal Subsidies Associated With Health Insurance Coverage for People Under Age 65 / Marketplace-Related Coverage and the Basic Health Program / Payments for risk adjustment and reinsurance,fiscal_year,2029,2029,2029,33,12
Health Insurance,Payments for risk adjustment and reinsurance,,65.0,Billions of dollars,51298-2019-05-Health-Insurance.xlsx,Table 2-1,false,51298,Net Federal Subsidies Associated With Health Insurance Coverage for People Under Age 65 / Marketplace-Related Coverage and the Basic Health Program / Payments for risk adjustment and reinsurance,cumulative_fiscal_years,2020,2029,2020-2029,33,13
Health Insurance,Subtotal,2019,59.0,Billions of dollars,51298-2019-05-Health-Insurance.xlsx,Table 2-1,true,51298,Net Federal Subsidies Associated With Health Insurance Coverage for People Under Age 65 / Marketplace-Related Coverage and the Basic Health Program / Subtotal,fiscal_year,2019,2019,2019,35,2
Health Insurance,Subtotal,2020,59.0,Billions of dollars,51298-2019-05-Health-Insurance.xlsx,Table 2-1,true,51298,Net Federal Subsidies Associated With Health Insurance Coverage for People Under Age 65 / Marketplace-Related Coverage and the Basic Health Program / Subtotal,fiscal_year,2020,2020,2020,35,3
Health Insurance,Subtotal,2021,59.0,Billions of dollars,51298-2019-05-Health-Insurance.xlsx,Table 2-1,true,51298,Net Federal Subsidies Associated With Health Insurance Coverage for People Under Age 65 / Marketplace-Related Coverage and the Basic Health Program / Subtotal,fiscal_year,2021,2021,2021,35,4
Health Insurance,Subtotal,2022,61.0,Billions of dollars,51298-2019-05-Health-Insurance.xlsx,Table 2-1,true,51298,Net Federal Subsidies Associated With Health Insurance Coverage for People Under Age 65 / Marketplace-Related Coverage and the Basic Health Program / Subtotal,fiscal_year,2022,2022,2022,35,5
Health Insurance,Subtotal,2023,65.0,Billions of dollars,51298-2019-05-Health-Insurance.xlsx,Table 2-1,true,51298,Net Federal Subsidies Associated With Health Insurance Coverage for People Under Age 65 / Marketplace-Related Coverage and the Basic Health Program / Subtotal,fiscal_year,2023,2023,2023,35,6
Health Insurance,Subtotal,2024,68.0,Billions of dollars,51298-2019-05-Health-Insurance.xlsx,Table 2-1,true,51298,Net Federal Subsidies Associated With Health Insurance Coverage for People Under Age 65 / Marketplace-Related Coverage and the Basic Health Program / Subtotal,fiscal_year,2024,2024,2024,35,7
Health Insurance,Subtotal,2025,72.0,Billions of dollars,51298-2019-05-Health-Insurance.xlsx,Table 2-1,true,51298,Net Federal Subsidies Associated With Health Insurance Coverage for People Under Age 65 / Marketplace-Related Coverage and the Basic Health Program / Subtotal,fiscal_year,2025,2025,2025,35,8
Health Insurance,Subtotal,2026,74.0,Billions of dollars,51298-2019-05-Health-Insurance.xlsx,Table 2-1,true,51298,Net Federal Subsidies Associated With Health Insurance Coverage for People Under Age 65 / Marketplace-Related Coverage and the Basic Health Program / Subtotal,fiscal_year,2026,2026,2026,35,9
Health Insurance,Subtotal,2027,75.0,Billions of dollars,51298-2019-05-Health-Insurance.xlsx,Table 2-1,true,51298,Net Federal Subsidies Associated With Health Insurance Coverage for People Under Age 65 / Marketplace-Related Coverage and the Basic Health Program / Subtotal,fiscal_year,2027,2027,2027,35,10
Health Insurance,Subtotal,2028,77.0,Billions of dollars,51298-2019-05-Health-Insurance.xlsx,Table 2-1,true,51298,Net Federal Subsidies Associated With Health Insurance Coverage for People Under Age 65 / Marketplace-Related Coverage and the Basic Health Program / Subtotal,fiscal_year,2028,2028,2028,35,11
Health Insurance,Subtotal,2029,81.0,Billions of dollars,51298-2019-05-Health-Insurance.xlsx,Table 2-1,true,51298,Net Federal Subsidies Associated With Health Insurance Coverage for People Under Age 65 / Marketplace-Related Coverage and the Basic Health Program / Subtotal,fiscal_year,2029,2029,2029,35,12
Health Insurance,Subtotal,,689.0,Billions of dollars,51298-2019-05-Health-Insurance.xlsx,Table 2-1,true,51298,Net Federal Subsidies Associated With Health Insurance Coverage for People Under Age 65 / Marketplace-Related Coverage and the Basic Health Program / Subtotal,cumulative_fiscal_years,2020,2029,2020-2029,35,13
Health Insurance,Medicaree,2019,86.0,Billions of dollars,51298-2019-05-Health-Insurance.xlsx,Table 2-1,false,51298,Net Federal Subsidies Associated With Health Insurance Coverage for People Under Age 65 / Marketplace-Related Coverage and the Basic Health Program / Medicaree,fiscal_year,2019,2019,2019,37,2
Health Insurance,Medicaree,2020,88.0,Billions of dollars,51298-2019-05-Health-Insurance.xlsx,Table 2-1,false,51298,Net Federal Subsidies Associated With Health Insurance Coverage for People Under Age 65 / Marketplace-Related Coverage and the Basic Health Program / Medicaree,fiscal_year,2020,2020,2020,37,3
Health Insurance,Medicaree,2021,92.0,Billions of dollars,51298-2019-05-Health-Insurance.xlsx,Table 2-1,false,51298,Net Federal Subsidies Associated With Health Insurance Coverage for People Under Age 65 / Marketplace-Related Coverage and the Basic Health Program / Medicaree,fiscal_year,2021,2021,2021,37,4
Health Insurance,Medicaree,2022,96.0,Billions of dollars,51298-2019-05-Health-Insurance.xlsx,Table 2-1,false,51298,Net Federal Subsidies Associated With Health Insurance Coverage for People Under Age 65 / Marketplace-Related Coverage and the Basic Health Program / Medicaree,fiscal_year,2022,2022,2022,37,5
Health Insurance,Medicaree,2023,100.0,Billions of dollars,51298-2019-05-Health-Insurance.xlsx,Table 2-1,false,51298,Net Federal Subsidies Associated With Health Insurance Coverage for People Under Age 65 / Marketplace-Related Coverage and the Basic Health Program / Medicaree,fiscal_year,2023,2023,2023,37,6
Health Insurance,Medicaree,2024,104.0,Billions of dollars,51298-2019-05-Health-Insurance.xlsx,Table 2-1,false,51298,Net Federal Subsidies Associated With Health Insurance Coverage for People Under Age 65 / Marketplace-Related Coverage and the Basic Health Program / Medicaree,fiscal_year,2024,2024,2024,37,7
Health Insurance,Medicaree,2025,109.0,Billions of dollars,51298-2019-05-Health-Insurance.xlsx,Table 2-1,false,51298,Net Federal Subsidies Associated With Health Insurance Coverage for People Under Age 65 / Marketplace-Related Coverage and the Basic Health Program / Medicaree,fiscal_year,2025,2025,2025,37,8
Health Insurance,Medicaree,2026,114.0,Billions of dollars,51298-2019-05-Health-Insurance.xlsx,Table 2-1,false,51298,Net Federal Subsidies Associated With Health Insurance Coverage for People Under Age 65 / Marketplace-Related Coverage and the Basic Health Program / Medicaree,fiscal_year,2026,2026,2026,37,9
Health Insurance,Medicaree,2027,120.0,Billions of dollars,51298-2019-05-Health-Insurance.xlsx,Table 2-1,false,51298,Net Federal Subsidies Associated With Health Insurance Coverage for People Under Age 65 / Marketplace-Related Coverage and the Basic Health Program / Medicaree,fiscal_year,2027,2027,2027,37,10
Health Insurance,Medicaree,2028,127.0,Billions of dollars,51298-2019-05-Health-Insurance.xlsx,Table 2-1,false,51298,Net Federal Subsidies Associated With Health Insurance Coverage for People Under Age 65 / Marketplace-Related Coverage and the Basic Health Program / Medicaree,fiscal_year,2028,2028,2028,37,11
Health Insurance,Medicaree,2029,131.0,Billions of dollars,51298-2019-05-Health-Insurance.xlsx,Table 2-1,false,51298,Net Federal Subsidies Associated With Health Insurance Coverage for People Under Age 65 / Marketplace-Related Coverage and the Basic Health Program / Medicaree,fiscal_year,2029,2029,2029,37,12
Health Insurance,Medicaree,,1082.0,Billions of dollars,51298-2019-05-Health-Insurance.xlsx,Table 2-1,false,51298,Net Federal Subsidies Associated With Health Insurance Coverage for People Under Age 65 / Marketplace-Related Coverage and the Basic Health Program / Medicaree,cumulative_fiscal_years,2020,2029,2020-2029,37,13
Health Insurance,Gross collections of excise tax on high-premium insurance plansf,2019,0.0,Billions of dollars,51298-2019-05-Health-Insurance.xlsx,Table 2-1,false,51298,Net Federal Subsidies Associated With Health Insurance Coverage for People Under Age 65 / Taxes and Penalties Related to Coverage / Gross collections of excise tax on high-premium insurance plansf,fiscal_year,2019,2019,2019,40,2
Health Insurance,Gross collections of excise tax on high-premium insurance plansf,2020,0.0,Billions of dollars,51298-2019-05-Health-Insurance.xlsx,Table 2-1,false,51298,Net Federal Subsidies Associated With Health Insurance Coverage for People Under Age 65 / Taxes and Penalties Related to Coverage / Gross collections of excise tax on high-premium insurance plansf,fiscal_year,2020,2020,2020,40,3
Health Insurance,Gross collections of excise tax on high-premium insurance plansf,2021,0.0,Billions of dollars,51298-2019-05-Health-Insurance.xlsx,Table 2-1,false,51298,Net Federal Subsidies Associated With Health Insurance Coverage for People Under Age 65 / Taxes and Penalties Related to Coverage / Gross collections of excise tax on high-premium insurance plansf,fiscal_year,2021,2021,2021,40,4
Health Insurance,Gross collections of excise tax on high-premium insurance plansf,2022,-2.0545658024872187,Billions of dollars,51298-2019-05-Health-Insurance.xlsx,Table 2-1,false,51298,Net Federal Subsidies Associated With Health Insurance Coverage for People Under Age 65 / Taxes and Penalties Related to Coverage / Gross collections of excise tax on high-premium insurance plansf,fiscal_year,2022,2022,2022,40,5
Health Insurance,Gross collections of excise tax on high-premium insurance plansf,2023,-7.292082749526315,Billions of dollars,51298-2019-05-Health-Insurance.xlsx,Table 2-1,false,51298,Net Federal Subsidies Associated With Health Insurance Coverage for People Under Age 65 / Taxes and Penalties Related to Coverage / Gross collections of excise tax on high-premium insurance plansf,fiscal_year,2023,2023,2023,40,6
Health Insurance,Gross collections of excise tax on high-premium insurance plansf,2024,-8.522593047082756,Billions of dollars,51298-2019-05-Health-Insurance.xlsx,Table 2-1,false,51298,Net Federal Subsidies Associated With Health Insurance Coverage for People Under Age 65 / Taxes and Penalties Related to Coverage / Gross collections of excise tax on high-premium insurance plansf,fiscal_year,2024,2024,2024,40,7
Health Insurance,Gross collections of excise tax on high-premium insurance plansf,2025,-9.796567676498272,Billions of dollars,51298-2019-05-Health-Insurance.xlsx,Table 2-1,false,51298,Net Federal Subsidies Associated With Health Insurance Coverage for People Under Age 65 / Taxes and Penalties Related to Coverage / Gross collections of excise tax on high-premium insurance plansf,fiscal_year,2025,2025,2025,40,8
Health Insurance,Gross collections of excise tax on high-premium insurance plansf,2026,-12.145641588908706,Billions of dollars,51298-2019-05-Health-Insurance.xlsx,Table 2-1,false,51298,Net Federal Subsidies Associated With Health Insurance Coverage for People Under Age 65 / Taxes and Penalties Related to Coverage / Gross collections of excise tax on high-premium insurance plansf,fiscal_year,2026,2026,2026,40,9
Health Insurance,Gross collections of excise tax on high-premium insurance plansf,2027,-16.221548034426824,Billions of dollars,51298-2019-05-Health-Insurance.xlsx,Table 2-1,false,51298,Net Federal Subsidies Associated With Health Insurance Coverage for People Under Age 65 / Taxes and Penalties Related to Coverage / Gross collections of excise tax on high-premium insurance plansf,fiscal_year,2027,2027,2027,40,10
Health Insurance,Gross collections of excise tax on high-premium insurance plansf,2028,-18.659989716859787,Billions of dollars,51298-2019-05-Health-Insurance.xlsx,Table 2-1,false,51298,Net Federal Subsidies Associated With Health Insurance Coverage for People Under Age 65 / Taxes and Penalties Related to Coverage / Gross collections of excise tax on high-premium insurance plansf,fiscal_year,2028,2028,2028,40,11
Health Insurance,Gross collections of excise tax on high-premium insurance plansf,2029,-21.52786286537829,Billions of dollars,51298-2019-05-Health-Insurance.xlsx,Table 2-1,false,51298,Net Federal Subsidies Associated With Health Insurance Coverage for People Under Age 65 / Taxes and Penalties Related to Coverage / Gross collections of excise tax on high-premium insurance plansf,fiscal_year,2029,2029,2029,40,12
Health Insurance,Gross collections of excise tax on high-premium insurance plansf,,-96.0,Billions of dollars,51298-2019-05-Health-Insurance.xlsx,Table 2-1,false,51298,Net Federal Subsidies Associated With Health Insurance Coverage for People Under Age 65 / Taxes and Penalties Related to Coverage / Gross collections of excise tax on high-premium insurance plansf,cumulative_fiscal_years,2020,2029,2020-2029,40,13
Health Insurance,Penalty payments by uninsured people,2019,-3.47710394265233,Billions of dollars,51298-2019-05-Health-Insurance.xlsx,Table 2-1,false,51298,Net Federal Subsidies Associated With Health Insurance Coverage for People Under Age 65 / Taxes and Penalties Related to Coverage / Penalty payments by uninsured people,fiscal_year,2019,2019,2019,41,2
Health Insurance,Penalty payments by uninsured people,2020,0.0,Billions of dollars,51298-2019-05-Health-Insurance.xlsx,Table 2-1,false,51298,Net Federal Subsidies Associated With Health Insurance Coverage for People Under Age 65 / Taxes and Penalties Related to Coverage / Penalty payments by uninsured people,fiscal_year,2020,2020,2020,41,3
Health Insurance,Penalty payments by uninsured people,2021,0.0,Billions of dollars,51298-2019-05-Health-Insurance.xlsx,Table 2-1,false,51298,Net Federal Subsidies Associated With Health Insurance Coverage for People Under Age 65 / Taxes and Penalties Related to Coverage / Penalty payments by uninsured people,fiscal_year,2021,2021,2021,41,4
Health Insurance,Penalty payments by uninsured people,2022,0.0,Billions of dollars,51298-2019-05-Health-Insurance.xlsx,Table 2-1,false,51298,Net Federal Subsidies Associated With Health Insurance Coverage for People Under Age 65 / Taxes and Penalties Related to Coverage / Penalty payments by uninsured people,fiscal_year,2022,2022,2022,41,5
Health Insurance,Penalty payments by uninsured people,2023,0.0,Billions of dollars,51298-2019-05-Health-Insurance.xlsx,Table 2-1,false,51298,Net Federal Subsidies Associated With Health Insurance Coverage for People Under Age 65 / Taxes and Penalties Related to Coverage / Penalty payments by uninsured people,fiscal_year,2023,2023,2023,41,6
Health Insurance,Penalty payments by uninsured people,2024,0.0,Billions of dollars,51298-2019-05-Health-Insurance.xlsx,Table 2-1,false,51298,Net Federal Subsidies Associated With Health Insurance Coverage for People Under Age 65 / Taxes and Penalties Related to Coverage / Penalty payments by uninsured people,fiscal_year,2024,2024,2024,41,7
Health Insurance,Penalty payments by uninsured people,2025,0.0,Billions of dollars,51298-2019-05-Health-Insurance.xlsx,Table 2-1,false,51298,Net Federal Subsidies Associated With Health Insurance Coverage for People Under Age 65 / Taxes and Penalties Related to Coverage / Penalty payments by uninsured people,fiscal_year,2025,2025,2025,41,8
Health Insurance,Penalty payments by uninsured people,2026,0.0,Billions of dollars,51298-2019-05-Health-Insurance.xlsx,Table 2-1,false,51298,Net Federal Subsidies Associated With Health Insurance Coverage for People Under Age 65 / Taxes and Penalties Related to Coverage / Penalty payments by uninsured people,fiscal_year,2026,2026,2026,41,9
Health Insurance,Penalty payments by uninsured people,2027,0.0,Billions of dollars,51298-2019-05-Health-Insurance.xlsx,Table 2-1,false,51298,Net Federal Subsidies Associated With Health Insurance Coverage for People Under Age 65 / Taxes and Penalties Related to Coverage / Penalty payments by uninsured people,fiscal_year,2027,2027,2027,41,10
Health Insurance,Penalty payments by uninsured people,2028,0.0,Billions of dollars,51298-2019-05-Health-Insurance.xlsx,Table 2-1,false,51298,Net Federal Subsidies Associated With Health Insurance Coverage for People Under Age 65 / Taxes and Penalties Related to Coverage / Penalty payments by uninsured people,fiscal_year,2028,2028,2028,41,11
Health Insurance,Penalty payments by uninsured people,2029,0.0,Billions of dollars,51298-2019-05-Health-Insurance.xlsx,Table 2-1,false,51298,Net Federal Subsidies Associated With Health Insurance Coverage for People Under Age 65 / Taxes and Penalties Related to Coverage / Penalty payments by uninsured people,fiscal_year,2029,2029,2029,41,12
Health Insurance,Penalty payments by uninsured people,,0.0,Billions of dollars,51298-2019-05-Health-Insurance.xlsx,Table 2-1,false,51298,Net Federal Subsidies Associated With Health Insurance Coverage for People Under Age 65 / Taxes and Penalties Related to Coverage / Penalty payments by uninsured people,cumulative_fiscal_years,2020,2029,2020-2029,41,13
Health Insurance,Net receipts from tax on health insurance providersg,2019,0.0,Billions of dollars,51298-2019-05-Health-Insurance.xlsx,Table 2-1,false,51298,Net Federal Subsidies Associated With Health Insurance Coverage for People Under Age 65 / Taxes and Penalties Related to Coverage / Net receipts from tax on health insurance providersg,fiscal_year,2019,2019,2019,42,2
Health Insurance,Net receipts from tax on health insurance providersg,2020,-12.954,Billions of dollars,51298-2019-05-Health-Insurance.xlsx,Table 2-1,false,51298,Net Federal Subsidies Associated With Health Insurance Coverage for People Under Age 65 / Taxes and Penalties Related to Coverage / Net receipts from tax on health insurance providersg,fiscal_year,2020,2020,2020,42,3
Health Insurance,Net receipts from tax on health insurance providersg,2021,-13.71,Billions of dollars,51298-2019-05-Health-Insurance.xlsx,Table 2-1,false,51298,Net Federal Subsidies Associated With Health Insurance Coverage for People Under Age 65 / Taxes and Penalties Related to Coverage / Net receipts from tax on health insurance providersg,fiscal_year,2021,2021,2021,42,4
Health Insurance,Net receipts from tax on health insurance providersg,2022,-14.535,Billions of dollars,51298-2019-05-Health-Insurance.xlsx,Table 2-1,false,51298,Net Federal Subsidies Associated With Health Insurance Coverage for People Under Age 65 / Taxes and Penalties Related to Coverage / Net receipts from tax on health insurance providersg,fiscal_year,2022,2022,2022,42,5
Health Insurance,Net receipts from tax on health insurance providersg,2023,-15.393,Billions of dollars,51298-2019-05-Health-Insurance.xlsx,Table 2-1,false,51298,Net Federal Subsidies Associated With Health Insurance Coverage for People Under Age 65 / Taxes and Penalties Related to Coverage / Net receipts from tax on health insurance providersg,fiscal_year,2023,2023,2023,42,6
Health Insurance,Net receipts from tax on health insurance providersg,2024,-16.271,Billions of dollars,51298-2019-05-Health-Insurance.xlsx,Table 2-1,false,51298,Net Federal Subsidies Associated With Health Insurance Coverage for People Under Age 65 / Taxes and Penalties Related to Coverage / Net receipts from tax on health insurance providersg,fiscal_year,2024,2024,2024,42,7
Health Insurance,Net receipts from tax on health insurance providersg,2025,-17.161,Billions of dollars,51298-2019-05-Health-Insurance.xlsx,Table 2-1,false,51298,Net Federal Subsidies Associated With Health Insurance Coverage for People Under Age 65 / Taxes and Penalties Related to Coverage / Net receipts from tax on health insurance providersg,fiscal_year,2025,2025,2025,42,8
Health Insurance,Net receipts from tax on health insurance providersg,2026,-17.003,Billions of dollars,51298-2019-05-Health-Insurance.xlsx,Table 2-1,false,51298,Net Federal Subsidies Associated With Health Insurance Coverage for People Under Age 65 / Taxes and Penalties Related to Coverage / Net receipts from tax on health insurance providersg,fiscal_year,2026,2026,2026,42,9
Health Insurance,Net receipts from tax on health insurance providersg,2027,-17.852,Billions of dollars,51298-2019-05-Health-Insurance.xlsx,Table 2-1,false,51298,Net Federal Subsidies Associated With Health Insurance Coverage for People Under Age 65 / Taxes and Penalties Related to Coverage / Net receipts from tax on health insurance providersg,fiscal_year,2027,2027,2027,42,10
Health Insurance,Net receipts from tax on health insurance providersg,2028,-18.732,Billions of dollars,51298-2019-05-Health-Insurance.xlsx,Table 2-1,false,51298,Net Federal Subsidies Associated With Health Insurance Coverage for People Under Age 65 / Taxes and Penalties Related to Coverage / Net receipts from tax on health insurance providersg,fiscal_year,2028,2028,2028,42,11
Health Insurance,Net receipts from tax on health insurance providersg,2029,-20.183,Billions of dollars,51298-2019-05-Health-Insurance.xlsx,Table 2-1,false,51298,Net Federal Subsidies Associated With Health Insurance Coverage for People Under Age 65 / Taxes and Penalties Related to Coverage / Net receipts from tax on health insurance providersg,fiscal_year,2029,2029,2029,42,12
Health Insurance,Net receipts from tax on health insurance providersg,,-164.0,Billions of dollars,51298-2019-05-Health-Insurance.xlsx,Table 2-1,false,51298,Net Federal Subsidies Associated With Health Insurance Coverage for People Under Age 65 / Taxes and Penalties Related to Coverage / Net receipts from tax on health insurance providersg,cumulative_fiscal_years,2020,2029,2020-2029,42,13
Health Insurance,Gross collections of employer penaltiesf,2019,-7.817739541500002,Billions of dollars,51298-2019-05-Health-Insurance.xlsx,Table 2-1,false,51298,Net Federal Subsidies Associated With Health Insurance Coverage for People Under Age 65 / Taxes and Penalties Related to Coverage / Gross collections of employer penaltiesf,fiscal_year,2019,2019,2019,43,2
Health Insurance,Gross collections of employer penaltiesf,2020,-9.275465856000002,Billions of dollars,51298-2019-05-Health-Insurance.xlsx,Table 2-1,false,51298,Net Federal Subsidies Associated With Health Insurance Coverage for People Under Age 65 / Taxes and Penalties Related to Coverage / Gross collections of employer penaltiesf,fiscal_year,2020,2020,2020,43,3
Health Insurance,Gross collections of employer penaltiesf,2021,-8.561328900000001,Billions of dollars,51298-2019-05-Health-Insurance.xlsx,Table 2-1,false,51298,Net Federal Subsidies Associated With Health Insurance Coverage for People Under Age 65 / Taxes and Penalties Related to Coverage / Gross collections of employer penaltiesf,fiscal_year,2021,2021,2021,43,4
Health Insurance,Gross collections of employer penaltiesf,2022,-6.1350891,Billions of dollars,51298-2019-05-Health-Insurance.xlsx,Table 2-1,false,51298,Net Federal Subsidies Associated With Health Insurance Coverage for People Under Age 65 / Taxes and Penalties Related to Coverage / Gross collections of employer penaltiesf,fiscal_year,2022,2022,2022,43,5
Health Insurance,Gross collections of employer penaltiesf,2023,-6.4033941,Billions of dollars,51298-2019-05-Health-Insurance.xlsx,Table 2-1,false,51298,Net Federal Subsidies Associated With Health Insurance Coverage for People Under Age 65 / Taxes and Penalties Related to Coverage / Gross collections of employer penaltiesf,fiscal_year,2023,2023,2023,43,6
Health Insurance,Gross collections of employer penaltiesf,2024,-6.7196964,Billions of dollars,51298-2019-05-Health-Insurance.xlsx,Table 2-1,false,51298,Net Federal Subsidies Associated With Health Insurance Coverage for People Under Age 65 / Taxes and Penalties Related to Coverage / Gross collections of employer penaltiesf,fiscal_year,2024,2024,2024,43,7
Health Insurance,Gross collections of employer penaltiesf,2025,-7.0276100999999995,Billions of dollars,51298-2019-05-Health-Insurance.xlsx,Table 2-1,false,51298,Net Federal Subsidies Associated With Health Insurance Coverage for People Under Age 65 / Taxes and Penalties Related to Coverage / Gross collections of employer penaltiesf,fiscal_year,2025,2025,2025,43,8
Health Insurance,Gross collections of employer penaltiesf,2026,-7.326316800000002,Billions of dollars,51298-2019-05-Health-Insurance.xlsx,Table 2-1,false,51298,Net Federal Subsidies Associated With Health Insurance Coverage for People Under Age 65 / Taxes and Penalties Related to Coverage / Gross collections of employer penaltiesf,fiscal_year,2026,2026,2026,43,9
Health Insurance,Gross collections of employer penaltiesf,2027,-7.634583900000001,Billions of dollars,51298-2019-05-Health-Insurance.xlsx,Table 2-1,false,51298,Net Federal Subsidies Associated With Health Insurance Coverage for People Under Age 65 / Taxes and Penalties Related to Coverage / Gross collections of employer penaltiesf,fiscal_year,2027,2027,2027,43,10
Health Insurance,Gross collections of employer penaltiesf,2028,-8.0196225,Billions of dollars,51298-2019-05-Health-Insurance.xlsx,Table 2-1,false,51298,Net Federal Subsidies Associated With Health Insurance Coverage for People Under Age 65 / Taxes and Penalties Related to Coverage / Gross collections of employer penaltiesf,fiscal_year,2028,2028,2028,43,11
Health Insurance,Gross collections of employer penaltiesf,2029,-7.3261308000000005,Billions of dollars,51298-2019-05-Health-Insurance.xlsx,Table 2-1,false,51298,Net Federal Subsidies Associated With Health Insurance Coverage for People Under Age 65 / Taxes and Penalties Related to Coverage / Gross collections of employer penaltiesf,fiscal_year,2029,2029,2029,43,12
Health Insurance,Gross collections of employer penaltiesf,,-74.0,Billions of dollars,51298-2019-05-Health-Insurance.xlsx,Table 2-1,false,51298,Net Federal Subsidies Associated With Health Insurance Coverage for People Under Age 65 / Taxes and Penalties Related to Coverage / Gross collections of employer penaltiesf,cumulative_fiscal_years,2020,2029,2020-2029,43,13
Health Insurance,Subtotal,2019,-11.29484348415233,Billions of dollars,51298-2019-05-Health-Insurance.xlsx,Table 2-1,true,51298,Net Federal Subsidies Associated With Health Insurance Coverage for People Under Age 65 / Taxes and Penalties Related to Coverage / Subtotal,fiscal_year,2019,2019,2019,45,2
Health Insurance,Subtotal,2020,-22.229465856000004,Billions of dollars,51298-2019-05-Health-Insurance.xlsx,Table 2-1,true,51298,Net Federal Subsidies Associated With Health Insurance Coverage for People Under Age 65 / Taxes and Penalties Related to Coverage / Subtotal,fiscal_year,2020,2020,2020,45,3
Health Insurance,Subtotal,2021,-22.2713289,Billions of dollars,51298-2019-05-Health-Insurance.xlsx,Table 2-1,true,51298,Net Federal Subsidies Associated With Health Insurance Coverage for People Under Age 65 / Taxes and Penalties Related to Coverage / Subtotal,fiscal_year,2021,2021,2021,45,4
Health Insurance,Subtotal,2022,-22.724654902487217,Billions of dollars,51298-2019-05-Health-Insurance.xlsx,Table 2-1,true,51298,Net Federal Subsidies Associated With Health Insurance Coverage for People Under Age 65 / Taxes and Penalties Related to Coverage / Subtotal,fiscal_year,2022,2022,2022,45,5
Health Insurance,Subtotal,2023,-29.088476849526316,Billions of dollars,51298-2019-05-Health-Insurance.xlsx,Table 2-1,true,51298,Net Federal Subsidies Associated With Health Insurance Coverage for People Under Age 65 / Taxes and Penalties Related to Coverage / Subtotal,fiscal_year,2023,2023,2023,45,6
Health Insurance,Subtotal,2024,-31.51328944708276,Billions of dollars,51298-2019-05-Health-Insurance.xlsx,Table 2-1,true,51298,Net Federal Subsidies Associated With Health Insurance Coverage for People Under Age 65 / Taxes and Penalties Related to Coverage / Subtotal,fiscal_year,2024,2024,2024,45,7
Health Insurance,Subtotal,2025,-33.98517777649827,Billions of dollars,51298-2019-05-Health-Insurance.xlsx,Table 2-1,true,51298,Net Federal Subsidies Associated With Health Insurance Coverage for People Under Age 65 / Taxes and Penalties Related to Coverage / Subtotal,fiscal_year,2025,2025,2025,45,8
Health Insurance,Subtotal,2026,-36.47495838890871,Billions of dollars,51298-2019-05-Health-Insurance.xlsx,Table 2-1,true,51298,Net Federal Subsidies Associated With Health Insurance Coverage for People Under Age 65 / Taxes and Penalties Related to Coverage / Subtotal,fiscal_year,2026,2026,2026,45,9
Health Insurance,Subtotal,2027,-41.708131934426824,Billions of dollars,51298-2019-05-Health-Insurance.xlsx,Table 2-1,true,51298,Net Federal Subsidies Associated With Health Insurance Coverage for People Under Age 65 / Taxes and Penalties Related to Coverage / Subtotal,fiscal_year,2027,2027,2027,45,10
Health Insurance,Subtotal,2028,-45.41161221685978,Billions of dollars,51298-2019-05-Health-Insurance.xlsx,Table 2-1,true,51298,Net Federal Subsidies Associated With Health Insurance Coverage for People Under Age 65 / Taxes and Penalties Related to Coverage / Subtotal,fiscal_year,2028,2028,2028,45,11
Health Insurance,Subtotal,2029,-49.03699366537829,Billions of dollars,51298-2019-05-Health-Insurance.xlsx,Table 2-1,true,51298,Net Federal Subsidies Associated With Health Insurance Coverage for People Under Age 65 / Taxes and Penalties Related to Coverage / Subtotal,fiscal_year,2029,2029,2029,45,12
Health Insurance,Subtotal,,-334.0,Billions of dollars,51298-2019-05-Health-Insurance.xlsx,Table 2-1,true,51298,Net Federal Subsidies Associated With Health Insurance Coverage for People Under Age 65 / Taxes and Penalties Related to Coverage / Subtotal,cumulative_fiscal_years,2020,2029,2020-2029,45,13
Health Insurance,Net Subsidies,2019,737.247346103972,Billions of dollars,51298-2019-05-Health-Insurance.xlsx,Table 2-1,false,51298,Net Federal Subsidies Associated With Health Insurance Coverage for People Under Age 65 / Taxes and Penalties Related to Coverage / Net Subsidies,fiscal_year,2019,2019,2019,47,2
Health Insurance,Net Subsidies,2020,755.190449278486,Billions of dollars,51298-2019-05-Health-Insurance.xlsx,Table 2-1,false,51298,Net Federal Subsidies Associated With Health Insurance Coverage for People Under Age 65 / Taxes and Penalties Related to Coverage / Net Subsidies,fiscal_year,2020,2020,2020,47,3
Health Insurance,Net Subsidies,2021,793.5856007779477,Billions of dollars,51298-2019-05-Health-Insurance.xlsx,Table 2-1,false,51298,Net Federal Subsidies Associated With Health Insurance Coverage for People Under Age 65 / Taxes and Penalties Related to Coverage / Net Subsidies,fiscal_year,2021,2021,2021,47,4
Health Insurance,Net Subsidies,2022,842.0888540671018,Billions of dollars,51298-2019-05-Health-Insurance.xlsx,Table 2-1,false,51298,Net Federal Subsidies Associated With Health Insurance Coverage for People Under Age 65 / Taxes and Penalties Related to Coverage / Net Subsidies,fiscal_year,2022,2022,2022,47,5
Health Insurance,Net Subsidies,2023,889.2390574698136,Billions of dollars,51298-2019-05-Health-Insurance.xlsx,Table 2-1,false,51298,Net Federal Subsidies Associated With Health Insurance Coverage for People Under Age 65 / Taxes and Penalties Related to Coverage / Net Subsidies,fiscal_year,2023,2023,2023,47,6
Health Insurance,Net Subsidies,2024,941.1185878374033,Billions of dollars,51298-2019-05-Health-Insurance.xlsx,Table 2-1,false,51298,Net Federal Subsidies Associated With Health Insurance Coverage for People Under Age 65 / Taxes and Penalties Related to Coverage / Net Subsidies,fiscal_year,2024,2024,2024,47,7
Health Insurance,Net Subsidies,2025,997.1562051053064,Billions of dollars,51298-2019-05-Health-Insurance.xlsx,Table 2-1,false,51298,Net Federal Subsidies Associated With Health Insurance Coverage for People Under Age 65 / Taxes and Penalties Related to Coverage / Net Subsidies,fiscal_year,2025,2025,2025,47,8
Health Insurance,Net Subsidies,2026,1084.8287881413637,Billions of dollars,51298-2019-05-Health-Insurance.xlsx,Table 2-1,false,51298,Net Federal Subsidies Associated With Health Insurance Coverage for People Under Age 65 / Taxes and Penalties Related to Coverage / Net Subsidies,fiscal_year,2026,2026,2026,47,9
Health Insurance,Net Subsidies,2027,1149.4394117249537,Billions of dollars,51298-2019-05-Health-Insurance.xlsx,Table 2-1,false,51298,Net Federal Subsidies Associated With Health Insurance Coverage for People Under Age 65 / Taxes and Penalties Related to Coverage / Net Subsidies,fiscal_year,2027,2027,2027,47,10
Health Insurance,Net Subsidies,2028,1210.8758700205333,Billions of dollars,51298-2019-05-Health-Insurance.xlsx,Table 2-1,false,51298,Net Federal Subsidies Associated With Health Insurance Coverage for People Under Age 65 / Taxes and Penalties Related to Coverage / Net Subsidies,fiscal_year,2028,2028,2028,47,11
Health Insurance,Net Subsidies,2029,1276.9460271436708,Billions of dollars,51298-2019-05-Health-Insurance.xlsx,Table 2-1,false,51298,Net Federal Subsidies Associated With Health Insurance Coverage for People Under Age 65 / Taxes and Penalties Related to Coverage / Net Subsidies,fiscal_year,2029,2029,2029,47,12
Health Insurance,Net Subsidies,,9940.0,Billions of dollars,51298-2019-05-Health-Insurance.xlsx,Table 2-1,false,51298,Net Federal Subsidies Associated With Health Insurance Coverage for People Under Age 65 / Taxes and Penalties Related to Coverage / Net Subsidies,cumulative_fiscal_years,2020,2029,2020-2029,47,13
Health Insurance,Basic Health Program Enrollee (Dollars),2019,6490.0,Dollars,51298-2019-05-Health-Insurance.xlsx,Table 2-1,false,51298,Net Federal Subsidies Associated With Health Insurance Coverage for People Under Age 65 / Average Subsidy per Subsidized Marketplace or / Basic Health Program Enrollee (Dollars),fiscal_year,2019,2019,2019,51,2
Health Insurance,Basic Health Program Enrollee (Dollars),2020,6960.0,Dollars,51298-2019-05-Health-Insurance.xlsx,Table 2-1,false,51298,Net Federal Subsidies Associated With Health Insurance Coverage for People Under Age 65 / Average Subsidy per Subsidized Marketplace or / Basic Health Program Enrollee (Dollars),fiscal_year,2020,2020,2020,51,3
Health Insurance,Basic Health Program Enrollee (Dollars),2021,7370.0,Dollars,51298-2019-05-Health-Insurance.xlsx,Table 2-1,false,51298,Net Federal Subsidies Associated With Health Insurance Coverage for People Under Age 65 / Average Subsidy per Subsidized Marketplace or / Basic Health Program Enrollee (Dollars),fiscal_year,2021,2021,2021,51,4
Health Insurance,Basic Health Program Enrollee (Dollars),2022,8030.0,Dollars,51298-2019-05-Health-Insurance.xlsx,Table 2-1,false,51298,Net Federal Subsidies Associated With Health Insurance Coverage for People Under Age 65 / Average Subsidy per Subsidized Marketplace or / Basic Health Program Enrollee (Dollars),fiscal_year,2022,2022,2022,51,5
Health Insurance,Basic Health Program Enrollee (Dollars),2023,8600.0,Dollars,51298-2019-05-Health-Insurance.xlsx,Table 2-1,false,51298,Net Federal Subsidies Associated With Health Insurance Coverage for People Under Age 65 / Average Subsidy per Subsidized Marketplace or / Basic Health Program Enrollee (Dollars),fiscal_year,2023,2023,2023,51,6
Health Insurance,Basic Health Program Enrollee (Dollars),2024,9120.0,Dollars,51298-2019-05-Health-Insurance.xlsx,Table 2-1,false,51298,Net Federal Subsidies Associated With Health Insurance Coverage for People Under Age 65 / Average Subsidy per Subsidized Marketplace or / Basic Health Program Enrollee (Dollars),fiscal_year,2024,2024,2024,51,7
Health Insurance,Basic Health Program Enrollee (Dollars),2025,9790.0,Dollars,51298-2019-05-Health-Insurance.xlsx,Table 2-1,false,51298,Net Federal Subsidies Associated With Health Insurance Coverage for People Under Age 65 / Average Subsidy per Subsidized Marketplace or / Basic Health Program Enrollee (Dollars),fiscal_year,2025,2025,2025,51,8
Health Insurance,Basic Health Program Enrollee (Dollars),2026,10270.0,Dollars,51298-2019-05-Health-Insurance.xlsx,Table 2-1,false,51298,Net Federal Subsidies Associated With Health Insurance Coverage for People Under Age 65 / Average Subsidy per Subsidized Marketplace or / Basic Health Program Enrollee (Dollars),fiscal_year,2026,2026,2026,51,9
Health Insurance,Basic Health Program Enrollee (Dollars),2027,10720.0,Dollars,51298-2019-05-Health-Insurance.xlsx,Table 2-1,false,51298,Net Federal Subsidies Associated With Health Insurance Coverage for People Under Age 65 / Average Subsidy per Subsidized Marketplace or / Basic Health Program Enrollee (Dollars),fiscal_year,2027,2027,2027,51,10
Health Insurance,Basic Health Program Enrollee (Dollars),2028,11160.0,Dollars,51298-2019-05-Health-Insurance.xlsx,Table 2-1,false,51298,Net Federal Subsidies Associated With Health Insurance Coverage for People Under Age 65 / Average Subsidy per Subsidized Marketplace or / Basic Health Program Enrollee (Dollars),fiscal_year,2028,2028,2028,51,11
Health Insurance,Basic Health Program Enrollee (Dollars),2029,11980.0,Dollars,51298-2019-05-Health-Insurance.xlsx,Table 2-1,false,51298,Net Federal Subsidies Associated With Health Insurance Coverage for People Under Age 65 / Average Subsidy per Subsidized Marketplace or / Basic Health Program Enrollee (Dollars),fiscal_year,2029,2029,2029,51,12
Health Insurance,Taxable Compensation,2019,0.0,Dollars,51298-2019-05-Health-Insurance.xlsx,Table 2-1,false,51298,Net Federal Subsidies Associated With Health Insurance Coverage for People Under Age 65 / Including the Associated Effects on Revenues of Changes in / Taxable Compensation,fiscal_year,2019,2019,2019,55,2
Health Insurance,Taxable Compensation,2020,0.0,Dollars,51298-2019-05-Health-Insurance.xlsx,Table 2-1,false,51298,Net Federal Subsidies Associated With Health Insurance Coverage for People Under Age 65 / Including the Associated Effects on Revenues of Changes in / Taxable Compensation,fiscal_year,2020,2020,2020,55,3
Health Insurance,Taxable Compensation,2021,0.0,Dollars,51298-2019-05-Health-Insurance.xlsx,Table 2-1,false,51298,Net Federal Subsidies Associated With Health Insurance Coverage for People Under Age 65 / Including the Associated Effects on Revenues of Changes in / Taxable Compensation,fiscal_year,2021,2021,2021,55,4
Health Insurance,Taxable Compensation,2022,-6.347325154161475,Dollars,51298-2019-05-Health-Insurance.xlsx,Table 2-1,false,51298,Net Federal Subsidies Associated With Health Insurance Coverage for People Under Age 65 / Including the Associated Effects on Revenues of Changes in / Taxable Compensation,fiscal_year,2022,2022,2022,55,5
Health Insurance,Taxable Compensation,2023,-14.256761525733538,Dollars,51298-2019-05-Health-Insurance.xlsx,Table 2-1,false,51298,Net Federal Subsidies Associated With Health Insurance Coverage for People Under Age 65 / Including the Associated Effects on Revenues of Changes in / Taxable Compensation,fiscal_year,2023,2023,2023,55,6
Health Insurance,Taxable Compensation,2024,-17.660816755931315,Dollars,51298-2019-05-Health-Insurance.xlsx,Table 2-1,false,51298,Net Federal Subsidies Associated With Health Insurance Coverage for People Under Age 65 / Including the Associated Effects on Revenues of Changes in / Taxable Compensation,fiscal_year,2024,2024,2024,55,7
Health Insurance,Taxable Compensation,2025,-21.755118581837458,Dollars,51298-2019-05-Health-Insurance.xlsx,Table 2-1,false,51298,Net Federal Subsidies Associated With Health Insurance Coverage for People Under Age 65 / Including the Associated Effects on Revenues of Changes in / Taxable Compensation,fiscal_year,2025,2025,2025,55,8
Health Insurance,Taxable Compensation,2026,-25.028883921872225,Dollars,51298-2019-05-Health-Insurance.xlsx,Table 2-1,false,51298,Net Federal Subsidies Associated With Health Insurance Coverage for People Under Age 65 / Including the Associated Effects on Revenues of Changes in / Taxable Compensation,fiscal_year,2026,2026,2026,55,9
Health Insurance,Taxable Compensation,2027,-30.83162144254712,Dollars,51298-2019-05-Health-Insurance.xlsx,Table 2-1,false,51298,Net Federal Subsidies Associated With Health Insurance Coverage for People Under Age 65 / Including the Associated Effects on Revenues of Changes in / Taxable Compensation,fiscal_year,2027,2027,2027,55,10
Health Insurance,Taxable Compensation,2028,-35.36312322340923,Dollars,51298-2019-05-Health-Insurance.xlsx,Table 2-1,false,51298,Net Federal Subsidies Associated With Health Insurance Coverage for People Under Age 65 / Including the Associated Effects on Revenues of Changes in / Taxable Compensation,fiscal_year,2028,2028,2028,55,11
Health Insurance,Taxable Compensation,2029,-42.15622276742773,Dollars,51298-2019-05-Health-Insurance.xlsx,Table 2-1,false,51298,Net Federal Subsidies Associated With Health Insurance Coverage for People Under Age 65 / Including the Associated Effects on Revenues of Changes in / Taxable Compensation,fiscal_year,2029,2029,2029,55,12
Health Insurance,Taxable Compensation,,-193.0,Dollars,51298-2019-05-Health-Insurance.xlsx,Table 2-1,false,51298,Net Federal Subsidies Associated With Health Insurance Coverage for People Under Age 65 / Including the Associated Effects on Revenues of Changes in / Taxable Compensation,cumulative_fiscal_years,2020,2029,2020-2029,55,13
Health Insurance,"Tax exclusion for employment-based coverage a,b",2019,283.0,Billions of dollars,51298-2019-05-Health-Insurance.xlsx,Table 2,false,51298,"Net Federal Subsidies Associated with Health Insurance Coverage, 2019 to 2029 / Work-Related Coverage / Tax exclusion for employment-based coverage a,b",fiscal_year,2019,2019,2019,6,2
Health Insurance,"Tax exclusion for employment-based coverage a,b",2020,301.0,Billions of dollars,51298-2019-05-Health-Insurance.xlsx,Table 2,false,51298,"Net Federal Subsidies Associated with Health Insurance Coverage, 2019 to 2029 / Work-Related Coverage / Tax exclusion for employment-based coverage a,b",fiscal_year,2020,2020,2020,6,3
Health Insurance,"Tax exclusion for employment-based coverage a,b",2021,320.0,Billions of dollars,51298-2019-05-Health-Insurance.xlsx,Table 2,false,51298,"Net Federal Subsidies Associated with Health Insurance Coverage, 2019 to 2029 / Work-Related Coverage / Tax exclusion for employment-based coverage a,b",fiscal_year,2021,2021,2021,6,4
Health Insurance,"Tax exclusion for employment-based coverage a,b",2022,341.0,Billions of dollars,51298-2019-05-Health-Insurance.xlsx,Table 2,false,51298,"Net Federal Subsidies Associated with Health Insurance Coverage, 2019 to 2029 / Work-Related Coverage / Tax exclusion for employment-based coverage a,b",fiscal_year,2022,2022,2022,6,5
Health Insurance,"Tax exclusion for employment-based coverage a,b",2023,363.0,Billions of dollars,51298-2019-05-Health-Insurance.xlsx,Table 2,false,51298,"Net Federal Subsidies Associated with Health Insurance Coverage, 2019 to 2029 / Work-Related Coverage / Tax exclusion for employment-based coverage a,b",fiscal_year,2023,2023,2023,6,6
Health Insurance,"Tax exclusion for employment-based coverage a,b",2024,387.0,Billions of dollars,51298-2019-05-Health-Insurance.xlsx,Table 2,false,51298,"Net Federal Subsidies Associated with Health Insurance Coverage, 2019 to 2029 / Work-Related Coverage / Tax exclusion for employment-based coverage a,b",fiscal_year,2024,2024,2024,6,7
Health Insurance,"Tax exclusion for employment-based coverage a,b",2025,410.0,Billions of dollars,51298-2019-05-Health-Insurance.xlsx,Table 2,false,51298,"Net Federal Subsidies Associated with Health Insurance Coverage, 2019 to 2029 / Work-Related Coverage / Tax exclusion for employment-based coverage a,b",fiscal_year,2025,2025,2025,6,8
Health Insurance,"Tax exclusion for employment-based coverage a,b",2026,466.0,Billions of dollars,51298-2019-05-Health-Insurance.xlsx,Table 2,false,51298,"Net Federal Subsidies Associated with Health Insurance Coverage, 2019 to 2029 / Work-Related Coverage / Tax exclusion for employment-based coverage a,b",fiscal_year,2026,2026,2026,6,9
Health Insurance,"Tax exclusion for employment-based coverage a,b",2027,502.0,Billions of dollars,51298-2019-05-Health-Insurance.xlsx,Table 2,false,51298,"Net Federal Subsidies Associated with Health Insurance Coverage, 2019 to 2029 / Work-Related Coverage / Tax exclusion for employment-based coverage a,b",fiscal_year,2027,2027,2027,6,10
Health Insurance,"Tax exclusion for employment-based coverage a,b",2028,530.0,Billions of dollars,51298-2019-05-Health-Insurance.xlsx,Table 2,false,51298,"Net Federal Subsidies Associated with Health Insurance Coverage, 2019 to 2029 / Work-Related Coverage / Tax exclusion for employment-based coverage a,b",fiscal_year,2028,2028,2028,6,11
Health Insurance,"Tax exclusion for employment-based coverage a,b",2029,562.0,Billions of dollars,51298-2019-05-Health-Insurance.xlsx,Table 2,false,51298,"Net Federal Subsidies Associated with Health Insurance Coverage, 2019 to 2029 / Work-Related Coverage / Tax exclusion for employment-based coverage a,b",fiscal_year,2029,2029,2029,6,12
Health Insurance,Income tax deduction for self-employment health insurance c,2019,4.0,Billions of dollars,51298-2019-05-Health-Insurance.xlsx,Table 2,false,51298,"Net Federal Subsidies Associated with Health Insurance Coverage, 2019 to 2029 / Work-Related Coverage / Income tax deduction for self-employment health insurance c",fiscal_year,2019,2019,2019,7,2
Health Insurance,Income tax deduction for self-employment health insurance c,2020,4.0,Billions of dollars,51298-2019-05-Health-Insurance.xlsx,Table 2,false,51298,"Net Federal Subsidies Associated with Health Insurance Coverage, 2019 to 2029 / Work-Related Coverage / Income tax deduction for self-employment health insurance c",fiscal_year,2020,2020,2020,7,3
Health Insurance,Income tax deduction for self-employment health insurance c,2021,3.0,Billions of dollars,51298-2019-05-Health-Insurance.xlsx,Table 2,false,51298,"Net Federal Subsidies Associated with Health Insurance Coverage, 2019 to 2029 / Work-Related Coverage / Income tax deduction for self-employment health insurance c",fiscal_year,2021,2021,2021,7,4
Health Insurance,Income tax deduction for self-employment health insurance c,2022,3.0,Billions of dollars,51298-2019-05-Health-Insurance.xlsx,Table 2,false,51298,"Net Federal Subsidies Associated with Health Insurance Coverage, 2019 to 2029 / Work-Related Coverage / Income tax deduction for self-employment health insurance c",fiscal_year,2022,2022,2022,7,5
Health Insurance,Income tax deduction for self-employment health insurance c,2023,3.0,Billions of dollars,51298-2019-05-Health-Insurance.xlsx,Table 2,false,51298,"Net Federal Subsidies Associated with Health Insurance Coverage, 2019 to 2029 / Work-Related Coverage / Income tax deduction for self-employment health insurance c",fiscal_year,2023,2023,2023,7,6
Health Insurance,Income tax deduction for self-employment health insurance c,2024,4.0,Billions of dollars,51298-2019-05-Health-Insurance.xlsx,Table 2,false,51298,"Net Federal Subsidies Associated with Health Insurance Coverage, 2019 to 2029 / Work-Related Coverage / Income tax deduction for self-employment health insurance c",fiscal_year,2024,2024,2024,7,7
Health Insurance,Income tax deduction for self-employment health insurance c,2025,4.0,Billions of dollars,51298-2019-05-Health-Insurance.xlsx,Table 2,false,51298,"Net Federal Subsidies Associated with Health Insurance Coverage, 2019 to 2029 / Work-Related Coverage / Income tax deduction for self-employment health insurance c",fiscal_year,2025,2025,2025,7,8
Health Insurance,Income tax deduction for self-employment health insurance c,2026,4.0,Billions of dollars,51298-2019-05-Health-Insurance.xlsx,Table 2,false,51298,"Net Federal Subsidies Associated with Health Insurance Coverage, 2019 to 2029 / Work-Related Coverage / Income tax deduction for self-employment health insurance c",fiscal_year,2026,2026,2026,7,9
Health Insurance,Income tax deduction for self-employment health insurance c,2027,5.0,Billions of dollars,51298-2019-05-Health-Insurance.xlsx,Table 2,false,51298,"Net Federal Subsidies Associated with Health Insurance Coverage, 2019 to 2029 / Work-Related Coverage / Income tax deduction for self-employment health insurance c",fiscal_year,2027,2027,2027,7,10
Health Insurance,Income tax deduction for self-employment health insurance c,2028,5.0,Billions of dollars,51298-2019-05-Health-Insurance.xlsx,Table 2,false,51298,"Net Federal Subsidies Associated with Health Insurance Coverage, 2019 to 2029 / Work-Related Coverage / Income tax deduction for self-employment health insurance c",fiscal_year,2028,2028,2028,7,11
Health Insurance,Income tax deduction for self-employment health insurance c,2029,5.0,Billions of dollars,51298-2019-05-Health-Insurance.xlsx,Table 2,false,51298,"Net Federal Subsidies Associated with Health Insurance Coverage, 2019 to 2029 / Work-Related Coverage / Income tax deduction for self-employment health insurance c",fiscal_year,2029,2029,2029,7,12
Health Insurance,Subtotal,2019,287.0,Billions of dollars,51298-2019-05-Health-Insurance.xlsx,Table 2,true,51298,"Net Federal Subsidies Associated with Health Insurance Coverage, 2019 to 2029 / Small-employer tax credits b / Subtotal",fiscal_year,2019,2019,2019,10,2
Health Insurance,Subtotal,2020,304.0,Billions of dollars,51298-2019-05-Health-Insurance.xlsx,Table 2,true,51298,"Net Federal Subsidies Associated with Health Insurance Coverage, 2019 to 2029 / Small-employer tax credits b / Subtotal",fiscal_year,2020,2020,2020,10,3
Health Insurance,Subtotal,2021,324.0,Billions of dollars,51298-2019-05-Health-Insurance.xlsx,Table 2,true,51298,"Net Federal Subsidies Associated with Health Insurance Coverage, 2019 to 2029 / Small-employer tax credits b / Subtotal",fiscal_year,2021,2021,2021,10,4
Health Insurance,Subtotal,2022,344.0,Billions of dollars,51298-2019-05-Health-Insurance.xlsx,Table 2,true,51298,"Net Federal Subsidies Associated with Health Insurance Coverage, 2019 to 2029 / Small-employer tax credits b / Subtotal",fiscal_year,2022,2022,2022,10,5
Health Insurance,Subtotal,2023,367.0,Billions of dollars,51298-2019-05-Health-Insurance.xlsx,Table 2,true,51298,"Net Federal Subsidies Associated with Health Insurance Coverage, 2019 to 2029 / Small-employer tax credits b / Subtotal",fiscal_year,2023,2023,2023,10,6
Health Insurance,Subtotal,2024,390.0,Billions of dollars,51298-2019-05-Health-Insurance.xlsx,Table 2,true,51298,"Net Federal Subsidies Associated with Health Insurance Coverage, 2019 to 2029 / Small-employer tax credits b / Subtotal",fiscal_year,2024,2024,2024,10,7
Health Insurance,Subtotal,2025,414.0,Billions of dollars,51298-2019-05-Health-Insurance.xlsx,Table 2,true,51298,"Net Federal Subsidies Associated with Health Insurance Coverage, 2019 to 2029 / Small-employer tax credits b / Subtotal",fiscal_year,2025,2025,2025,10,8
Health Insurance,Subtotal,2026,470.0,Billions of dollars,51298-2019-05-Health-Insurance.xlsx,Table 2,true,51298,"Net Federal Subsidies Associated with Health Insurance Coverage, 2019 to 2029 / Small-employer tax credits b / Subtotal",fiscal_year,2026,2026,2026,10,9
Health Insurance,Subtotal,2027,507.0,Billions of dollars,51298-2019-05-Health-Insurance.xlsx,Table 2,true,51298,"Net Federal Subsidies Associated with Health Insurance Coverage, 2019 to 2029 / Small-employer tax credits b / Subtotal",fiscal_year,2027,2027,2027,10,10
Health Insurance,Subtotal,2028,534.0,Billions of dollars,51298-2019-05-Health-Insurance.xlsx,Table 2,true,51298,"Net Federal Subsidies Associated with Health Insurance Coverage, 2019 to 2029 / Small-employer tax credits b / Subtotal",fiscal_year,2028,2028,2028,10,11
Health Insurance,Subtotal,2029,567.0,Billions of dollars,51298-2019-05-Health-Insurance.xlsx,Table 2,true,51298,"Net Federal Subsidies Associated with Health Insurance Coverage, 2019 to 2029 / Small-employer tax credits b / Subtotal",fiscal_year,2029,2029,2029,10,12
Health Insurance,Blind and disabled,2019,109.0,Billions of dollars,51298-2019-05-Health-Insurance.xlsx,Table 2,false,51298,"Net Federal Subsidies Associated with Health Insurance Coverage, 2019 to 2029 / Medicaid and CHIP d / Blind and disabled",fiscal_year,2019,2019,2019,13,2
Health Insurance,Blind and disabled,2020,115.0,Billions of dollars,51298-2019-05-Health-Insurance.xlsx,Table 2,false,51298,"Net Federal Subsidies Associated with Health Insurance Coverage, 2019 to 2029 / Medicaid and CHIP d / Blind and disabled",fiscal_year,2020,2020,2020,13,3
Health Insurance,Blind and disabled,2021,121.0,Billions of dollars,51298-2019-05-Health-Insurance.xlsx,Table 2,false,51298,"Net Federal Subsidies Associated with Health Insurance Coverage, 2019 to 2029 / Medicaid and CHIP d / Blind and disabled",fiscal_year,2021,2021,2021,13,4
Health Insurance,Blind and disabled,2022,127.0,Billions of dollars,51298-2019-05-Health-Insurance.xlsx,Table 2,false,51298,"Net Federal Subsidies Associated with Health Insurance Coverage, 2019 to 2029 / Medicaid and CHIP d / Blind and disabled",fiscal_year,2022,2022,2022,13,5
Health Insurance,Blind and disabled,2023,135.0,Billions of dollars,51298-2019-05-Health-Insurance.xlsx,Table 2,false,51298,"Net Federal Subsidies Associated with Health Insurance Coverage, 2019 to 2029 / Medicaid and CHIP d / Blind and disabled",fiscal_year,2023,2023,2023,13,6
Health Insurance,Blind and disabled,2024,143.0,Billions of dollars,51298-2019-05-Health-Insurance.xlsx,Table 2,false,51298,"Net Federal Subsidies Associated with Health Insurance Coverage, 2019 to 2029 / Medicaid and CHIP d / Blind and disabled",fiscal_year,2024,2024,2024,13,7
Health Insurance,Blind and disabled,2025,152.0,Billions of dollars,51298-2019-05-Health-Insurance.xlsx,Table 2,false,51298,"Net Federal Subsidies Associated with Health Insurance Coverage, 2019 to 2029 / Medicaid and CHIP d / Blind and disabled",fiscal_year,2025,2025,2025,13,8
Health Insurance,Blind and disabled,2026,161.0,Billions of dollars,51298-2019-05-Health-Insurance.xlsx,Table 2,false,51298,"Net Federal Subsidies Associated with Health Insurance Coverage, 2019 to 2029 / Medicaid and CHIP d / Blind and disabled",fiscal_year,2026,2026,2026,13,9
Health Insurance,Blind and disabled,2027,172.0,Billions of dollars,51298-2019-05-Health-Insurance.xlsx,Table 2,false,51298,"Net Federal Subsidies Associated with Health Insurance Coverage, 2019 to 2029 / Medicaid and CHIP d / Blind and disabled",fiscal_year,2027,2027,2027,13,10
Health Insurance,Blind and disabled,2028,182.0,Billions of dollars,51298-2019-05-Health-Insurance.xlsx,Table 2,false,51298,"Net Federal Subsidies Associated with Health Insurance Coverage, 2019 to 2029 / Medicaid and CHIP d / Blind and disabled",fiscal_year,2028,2028,2028,13,11
Health Insurance,Blind and disabled,2029,194.0,Billions of dollars,51298-2019-05-Health-Insurance.xlsx,Table 2,false,51298,"Net Federal Subsidies Associated with Health Insurance Coverage, 2019 to 2029 / Medicaid and CHIP d / Blind and disabled",fiscal_year,2029,2029,2029,13,12
Health Insurance,Children,2019,76.0,Billions of dollars,51298-2019-05-Health-Insurance.xlsx,Table 2,false,51298,"Net Federal Subsidies Associated with Health Insurance Coverage, 2019 to 2029 / Medicaid and CHIP d / Children",fiscal_year,2019,2019,2019,14,2
Health Insurance,Children,2020,80.0,Billions of dollars,51298-2019-05-Health-Insurance.xlsx,Table 2,false,51298,"Net Federal Subsidies Associated with Health Insurance Coverage, 2019 to 2029 / Medicaid and CHIP d / Children",fiscal_year,2020,2020,2020,14,3
Health Insurance,Children,2021,85.0,Billions of dollars,51298-2019-05-Health-Insurance.xlsx,Table 2,false,51298,"Net Federal Subsidies Associated with Health Insurance Coverage, 2019 to 2029 / Medicaid and CHIP d / Children",fiscal_year,2021,2021,2021,14,4
Health Insurance,Children,2022,91.0,Billions of dollars,51298-2019-05-Health-Insurance.xlsx,Table 2,false,51298,"Net Federal Subsidies Associated with Health Insurance Coverage, 2019 to 2029 / Medicaid and CHIP d / Children",fiscal_year,2022,2022,2022,14,5
Health Insurance,Children,2023,96.0,Billions of dollars,51298-2019-05-Health-Insurance.xlsx,Table 2,false,51298,"Net Federal Subsidies Associated with Health Insurance Coverage, 2019 to 2029 / Medicaid and CHIP d / Children",fiscal_year,2023,2023,2023,14,6
Health Insurance,Children,2024,102.0,Billions of dollars,51298-2019-05-Health-Insurance.xlsx,Table 2,false,51298,"Net Federal Subsidies Associated with Health Insurance Coverage, 2019 to 2029 / Medicaid and CHIP d / Children",fiscal_year,2024,2024,2024,14,7
Health Insurance,Children,2025,108.0,Billions of dollars,51298-2019-05-Health-Insurance.xlsx,Table 2,false,51298,"Net Federal Subsidies Associated with Health Insurance Coverage, 2019 to 2029 / Medicaid and CHIP d / Children",fiscal_year,2025,2025,2025,14,8
Health Insurance,Children,2026,114.0,Billions of dollars,51298-2019-05-Health-Insurance.xlsx,Table 2,false,51298,"Net Federal Subsidies Associated with Health Insurance Coverage, 2019 to 2029 / Medicaid and CHIP d / Children",fiscal_year,2026,2026,2026,14,9
Health Insurance,Children,2027,120.0,Billions of dollars,51298-2019-05-Health-Insurance.xlsx,Table 2,false,51298,"Net Federal Subsidies Associated with Health Insurance Coverage, 2019 to 2029 / Medicaid and CHIP d / Children",fiscal_year,2027,2027,2027,14,10
Health Insurance,Children,2028,126.0,Billions of dollars,51298-2019-05-Health-Insurance.xlsx,Table 2,false,51298,"Net Federal Subsidies Associated with Health Insurance Coverage, 2019 to 2029 / Medicaid and CHIP d / Children",fiscal_year,2028,2028,2028,14,11
Health Insurance,Children,2029,133.0,Billions of dollars,51298-2019-05-Health-Insurance.xlsx,Table 2,false,51298,"Net Federal Subsidies Associated with Health Insurance Coverage, 2019 to 2029 / Medicaid and CHIP d / Children",fiscal_year,2029,2029,2029,14,12
Health Insurance,Adults made eligible for Medicaid by the ACA,2019,66.0,Billions of dollars,51298-2019-05-Health-Insurance.xlsx,Table 2,false,51298,"Net Federal Subsidies Associated with Health Insurance Coverage, 2019 to 2029 / Medicaid and CHIP d / Adults made eligible for Medicaid by the ACA",fiscal_year,2019,2019,2019,15,2
Health Insurance,Adults made eligible for Medicaid by the ACA,2020,66.0,Billions of dollars,51298-2019-05-Health-Insurance.xlsx,Table 2,false,51298,"Net Federal Subsidies Associated with Health Insurance Coverage, 2019 to 2029 / Medicaid and CHIP d / Adults made eligible for Medicaid by the ACA",fiscal_year,2020,2020,2020,15,3
Health Insurance,Adults made eligible for Medicaid by the ACA,2021,70.0,Billions of dollars,51298-2019-05-Health-Insurance.xlsx,Table 2,false,51298,"Net Federal Subsidies Associated with Health Insurance Coverage, 2019 to 2029 / Medicaid and CHIP d / Adults made eligible for Medicaid by the ACA",fiscal_year,2021,2021,2021,15,4
Health Insurance,Adults made eligible for Medicaid by the ACA,2022,76.0,Billions of dollars,51298-2019-05-Health-Insurance.xlsx,Table 2,false,51298,"Net Federal Subsidies Associated with Health Insurance Coverage, 2019 to 2029 / Medicaid and CHIP d / Adults made eligible for Medicaid by the ACA",fiscal_year,2022,2022,2022,15,5
Health Insurance,Adults made eligible for Medicaid by the ACA,2023,83.0,Billions of dollars,51298-2019-05-Health-Insurance.xlsx,Table 2,false,51298,"Net Federal Subsidies Associated with Health Insurance Coverage, 2019 to 2029 / Medicaid and CHIP d / Adults made eligible for Medicaid by the ACA",fiscal_year,2023,2023,2023,15,6
Health Insurance,Adults made eligible for Medicaid by the ACA,2024,89.0,Billions of dollars,51298-2019-05-Health-Insurance.xlsx,Table 2,false,51298,"Net Federal Subsidies Associated with Health Insurance Coverage, 2019 to 2029 / Medicaid and CHIP d / Adults made eligible for Medicaid by the ACA",fiscal_year,2024,2024,2024,15,7
Health Insurance,Adults made eligible for Medicaid by the ACA,2025,95.0,Billions of dollars,51298-2019-05-Health-Insurance.xlsx,Table 2,false,51298,"Net Federal Subsidies Associated with Health Insurance Coverage, 2019 to 2029 / Medicaid and CHIP d / Adults made eligible for Medicaid by the ACA",fiscal_year,2025,2025,2025,15,8
Health Insurance,Adults made eligible for Medicaid by the ACA,2026,102.0,Billions of dollars,51298-2019-05-Health-Insurance.xlsx,Table 2,false,51298,"Net Federal Subsidies Associated with Health Insurance Coverage, 2019 to 2029 / Medicaid and CHIP d / Adults made eligible for Medicaid by the ACA",fiscal_year,2026,2026,2026,15,9
Health Insurance,Adults made eligible for Medicaid by the ACA,2027,108.0,Billions of dollars,51298-2019-05-Health-Insurance.xlsx,Table 2,false,51298,"Net Federal Subsidies Associated with Health Insurance Coverage, 2019 to 2029 / Medicaid and CHIP d / Adults made eligible for Medicaid by the ACA",fiscal_year,2027,2027,2027,15,10
Health Insurance,Adults made eligible for Medicaid by the ACA,2028,115.0,Billions of dollars,51298-2019-05-Health-Insurance.xlsx,Table 2,false,51298,"Net Federal Subsidies Associated with Health Insurance Coverage, 2019 to 2029 / Medicaid and CHIP d / Adults made eligible for Medicaid by the ACA",fiscal_year,2028,2028,2028,15,11
Health Insurance,Adults made eligible for Medicaid by the ACA,2029,121.0,Billions of dollars,51298-2019-05-Health-Insurance.xlsx,Table 2,false,51298,"Net Federal Subsidies Associated with Health Insurance Coverage, 2019 to 2029 / Medicaid and CHIP d / Adults made eligible for Medicaid by the ACA",fiscal_year,2029,2029,2029,15,12
Health Insurance,Adults otherwise eligible for Medicaid,2019,46.0,Billions of dollars,51298-2019-05-Health-Insurance.xlsx,Table 2,false,51298,"Net Federal Subsidies Associated with Health Insurance Coverage, 2019 to 2029 / Medicaid and CHIP d / Adults otherwise eligible for Medicaid",fiscal_year,2019,2019,2019,16,2
Health Insurance,Adults otherwise eligible for Medicaid,2020,48.0,Billions of dollars,51298-2019-05-Health-Insurance.xlsx,Table 2,false,51298,"Net Federal Subsidies Associated with Health Insurance Coverage, 2019 to 2029 / Medicaid and CHIP d / Adults otherwise eligible for Medicaid",fiscal_year,2020,2020,2020,16,3
Health Insurance,Adults otherwise eligible for Medicaid,2021,51.0,Billions of dollars,51298-2019-05-Health-Insurance.xlsx,Table 2,false,51298,"Net Federal Subsidies Associated with Health Insurance Coverage, 2019 to 2029 / Medicaid and CHIP d / Adults otherwise eligible for Medicaid",fiscal_year,2021,2021,2021,16,4
Health Insurance,Adults otherwise eligible for Medicaid,2022,54.0,Billions of dollars,51298-2019-05-Health-Insurance.xlsx,Table 2,false,51298,"Net Federal Subsidies Associated with Health Insurance Coverage, 2019 to 2029 / Medicaid and CHIP d / Adults otherwise eligible for Medicaid",fiscal_year,2022,2022,2022,16,5
Health Insurance,Adults otherwise eligible for Medicaid,2023,58.0,Billions of dollars,51298-2019-05-Health-Insurance.xlsx,Table 2,false,51298,"Net Federal Subsidies Associated with Health Insurance Coverage, 2019 to 2029 / Medicaid and CHIP d / Adults otherwise eligible for Medicaid",fiscal_year,2023,2023,2023,16,6
Health Insurance,Adults otherwise eligible for Medicaid,2024,61.0,Billions of dollars,51298-2019-05-Health-Insurance.xlsx,Table 2,false,51298,"Net Federal Subsidies Associated with Health Insurance Coverage, 2019 to 2029 / Medicaid and CHIP d / Adults otherwise eligible for Medicaid",fiscal_year,2024,2024,2024,16,7
Health Insurance,Adults otherwise eligible for Medicaid,2025,65.0,Billions of dollars,51298-2019-05-Health-Insurance.xlsx,Table 2,false,51298,"Net Federal Subsidies Associated with Health Insurance Coverage, 2019 to 2029 / Medicaid and CHIP d / Adults otherwise eligible for Medicaid",fiscal_year,2025,2025,2025,16,8
Health Insurance,Adults otherwise eligible for Medicaid,2026,68.0,Billions of dollars,51298-2019-05-Health-Insurance.xlsx,Table 2,false,51298,"Net Federal Subsidies Associated with Health Insurance Coverage, 2019 to 2029 / Medicaid and CHIP d / Adults otherwise eligible for Medicaid",fiscal_year,2026,2026,2026,16,9
Health Insurance,Adults otherwise eligible for Medicaid,2027,72.0,Billions of dollars,51298-2019-05-Health-Insurance.xlsx,Table 2,false,51298,"Net Federal Subsidies Associated with Health Insurance Coverage, 2019 to 2029 / Medicaid and CHIP d / Adults otherwise eligible for Medicaid",fiscal_year,2027,2027,2027,16,10
Health Insurance,Adults otherwise eligible for Medicaid,2028,76.0,Billions of dollars,51298-2019-05-Health-Insurance.xlsx,Table 2,false,51298,"Net Federal Subsidies Associated with Health Insurance Coverage, 2019 to 2029 / Medicaid and CHIP d / Adults otherwise eligible for Medicaid",fiscal_year,2028,2028,2028,16,11
Health Insurance,Adults otherwise eligible for Medicaid,2029,81.0,Billions of dollars,51298-2019-05-Health-Insurance.xlsx,Table 2,false,51298,"Net Federal Subsidies Associated with Health Insurance Coverage, 2019 to 2029 / Medicaid and CHIP d / Adults otherwise eligible for Medicaid",fiscal_year,2029,2029,2029,16,12
Health Insurance,CHIP,2019,18.0,Billions of dollars,51298-2019-05-Health-Insurance.xlsx,Table 2,false,51298,"Net Federal Subsidies Associated with Health Insurance Coverage, 2019 to 2029 / Medicaid and CHIP d / CHIP",fiscal_year,2019,2019,2019,17,2
Health Insurance,CHIP,2020,16.0,Billions of dollars,51298-2019-05-Health-Insurance.xlsx,Table 2,false,51298,"Net Federal Subsidies Associated with Health Insurance Coverage, 2019 to 2029 / Medicaid and CHIP d / CHIP",fiscal_year,2020,2020,2020,17,3
Health Insurance,CHIP,2021,14.0,Billions of dollars,51298-2019-05-Health-Insurance.xlsx,Table 2,false,51298,"Net Federal Subsidies Associated with Health Insurance Coverage, 2019 to 2029 / Medicaid and CHIP d / CHIP",fiscal_year,2021,2021,2021,17,4
Health Insurance,CHIP,2022,14.0,Billions of dollars,51298-2019-05-Health-Insurance.xlsx,Table 2,false,51298,"Net Federal Subsidies Associated with Health Insurance Coverage, 2019 to 2029 / Medicaid and CHIP d / CHIP",fiscal_year,2022,2022,2022,17,5
Health Insurance,CHIP,2023,15.0,Billions of dollars,51298-2019-05-Health-Insurance.xlsx,Table 2,false,51298,"Net Federal Subsidies Associated with Health Insurance Coverage, 2019 to 2029 / Medicaid and CHIP d / CHIP",fiscal_year,2023,2023,2023,17,6
Health Insurance,CHIP,2024,16.0,Billions of dollars,51298-2019-05-Health-Insurance.xlsx,Table 2,false,51298,"Net Federal Subsidies Associated with Health Insurance Coverage, 2019 to 2029 / Medicaid and CHIP d / CHIP",fiscal_year,2024,2024,2024,17,7
Health Insurance,CHIP,2025,16.0,Billions of dollars,51298-2019-05-Health-Insurance.xlsx,Table 2,false,51298,"Net Federal Subsidies Associated with Health Insurance Coverage, 2019 to 2029 / Medicaid and CHIP d / CHIP",fiscal_year,2025,2025,2025,17,8
Health Insurance,CHIP,2026,17.0,Billions of dollars,51298-2019-05-Health-Insurance.xlsx,Table 2,false,51298,"Net Federal Subsidies Associated with Health Insurance Coverage, 2019 to 2029 / Medicaid and CHIP d / CHIP",fiscal_year,2026,2026,2026,17,9
Health Insurance,CHIP,2027,18.0,Billions of dollars,51298-2019-05-Health-Insurance.xlsx,Table 2,false,51298,"Net Federal Subsidies Associated with Health Insurance Coverage, 2019 to 2029 / Medicaid and CHIP d / CHIP",fiscal_year,2027,2027,2027,17,10
Health Insurance,CHIP,2028,18.0,Billions of dollars,51298-2019-05-Health-Insurance.xlsx,Table 2,false,51298,"Net Federal Subsidies Associated with Health Insurance Coverage, 2019 to 2029 / Medicaid and CHIP d / CHIP",fiscal_year,2028,2028,2028,17,11
Health Insurance,CHIP,2029,19.0,Billions of dollars,51298-2019-05-Health-Insurance.xlsx,Table 2,false,51298,"Net Federal Subsidies Associated with Health Insurance Coverage, 2019 to 2029 / Medicaid and CHIP d / CHIP",fiscal_year,2029,2029,2029,17,12
Health Insurance,Subtotal,2019,314.0,Billions of dollars,51298-2019-05-Health-Insurance.xlsx,Table 2,true,51298,"Net Federal Subsidies Associated with Health Insurance Coverage, 2019 to 2029 / Medicaid and CHIP d / Subtotal",fiscal_year,2019,2019,2019,19,2
Health Insurance,Subtotal,2020,325.0,Billions of dollars,51298-2019-05-Health-Insurance.xlsx,Table 2,true,51298,"Net Federal Subsidies Associated with Health Insurance Coverage, 2019 to 2029 / Medicaid and CHIP d / Subtotal",fiscal_year,2020,2020,2020,19,3
Health Insurance,Subtotal,2021,341.0,Billions of dollars,51298-2019-05-Health-Insurance.xlsx,Table 2,true,51298,"Net Federal Subsidies Associated with Health Insurance Coverage, 2019 to 2029 / Medicaid and CHIP d / Subtotal",fiscal_year,2021,2021,2021,19,4
Health Insurance,Subtotal,2022,363.0,Billions of dollars,51298-2019-05-Health-Insurance.xlsx,Table 2,true,51298,"Net Federal Subsidies Associated with Health Insurance Coverage, 2019 to 2029 / Medicaid and CHIP d / Subtotal",fiscal_year,2022,2022,2022,19,5
Health Insurance,Subtotal,2023,387.0,Billions of dollars,51298-2019-05-Health-Insurance.xlsx,Table 2,true,51298,"Net Federal Subsidies Associated with Health Insurance Coverage, 2019 to 2029 / Medicaid and CHIP d / Subtotal",fiscal_year,2023,2023,2023,19,6
Health Insurance,Subtotal,2024,411.0,Billions of dollars,51298-2019-05-Health-Insurance.xlsx,Table 2,true,51298,"Net Federal Subsidies Associated with Health Insurance Coverage, 2019 to 2029 / Medicaid and CHIP d / Subtotal",fiscal_year,2024,2024,2024,19,7
Health Insurance,Subtotal,2025,436.0,Billions of dollars,51298-2019-05-Health-Insurance.xlsx,Table 2,true,51298,"Net Federal Subsidies Associated with Health Insurance Coverage, 2019 to 2029 / Medicaid and CHIP d / Subtotal",fiscal_year,2025,2025,2025,19,8
Health Insurance,Subtotal,2026,462.0,Billions of dollars,51298-2019-05-Health-Insurance.xlsx,Table 2,true,51298,"Net Federal Subsidies Associated with Health Insurance Coverage, 2019 to 2029 / Medicaid and CHIP d / Subtotal",fiscal_year,2026,2026,2026,19,9
Health Insurance,Subtotal,2027,490.0,Billions of dollars,51298-2019-05-Health-Insurance.xlsx,Table 2,true,51298,"Net Federal Subsidies Associated with Health Insurance Coverage, 2019 to 2029 / Medicaid and CHIP d / Subtotal",fiscal_year,2027,2027,2027,19,10
Health Insurance,Subtotal,2028,518.0,Billions of dollars,51298-2019-05-Health-Insurance.xlsx,Table 2,true,51298,"Net Federal Subsidies Associated with Health Insurance Coverage, 2019 to 2029 / Medicaid and CHIP d / Subtotal",fiscal_year,2028,2028,2028,19,11
Health Insurance,Subtotal,2029,549.0,Billions of dollars,51298-2019-05-Health-Insurance.xlsx,Table 2,true,51298,"Net Federal Subsidies Associated with Health Insurance Coverage, 2019 to 2029 / Medicaid and CHIP d / Subtotal",fiscal_year,2029,2029,2029,19,12
Health Insurance,Premium tax credit outlays,2019,43.0,Billions of dollars,51298-2019-05-Health-Insurance.xlsx,Table 2,false,51298,"Net Federal Subsidies Associated with Health Insurance Coverage, 2019 to 2029 / Marketplace-Related Coverage and the Basic Health Program / Premium tax credit outlays",fiscal_year,2019,2019,2019,22,2
Health Insurance,Premium tax credit outlays,2020,44.0,Billions of dollars,51298-2019-05-Health-Insurance.xlsx,Table 2,false,51298,"Net Federal Subsidies Associated with Health Insurance Coverage, 2019 to 2029 / Marketplace-Related Coverage and the Basic Health Program / Premium tax credit outlays",fiscal_year,2020,2020,2020,22,3
Health Insurance,Premium tax credit outlays,2021,43.0,Billions of dollars,51298-2019-05-Health-Insurance.xlsx,Table 2,false,51298,"Net Federal Subsidies Associated with Health Insurance Coverage, 2019 to 2029 / Marketplace-Related Coverage and the Basic Health Program / Premium tax credit outlays",fiscal_year,2021,2021,2021,22,4
Health Insurance,Premium tax credit outlays,2022,45.0,Billions of dollars,51298-2019-05-Health-Insurance.xlsx,Table 2,false,51298,"Net Federal Subsidies Associated with Health Insurance Coverage, 2019 to 2029 / Marketplace-Related Coverage and the Basic Health Program / Premium tax credit outlays",fiscal_year,2022,2022,2022,22,5
Health Insurance,Premium tax credit outlays,2023,47.0,Billions of dollars,51298-2019-05-Health-Insurance.xlsx,Table 2,false,51298,"Net Federal Subsidies Associated with Health Insurance Coverage, 2019 to 2029 / Marketplace-Related Coverage and the Basic Health Program / Premium tax credit outlays",fiscal_year,2023,2023,2023,22,6
Health Insurance,Premium tax credit outlays,2024,49.0,Billions of dollars,51298-2019-05-Health-Insurance.xlsx,Table 2,false,51298,"Net Federal Subsidies Associated with Health Insurance Coverage, 2019 to 2029 / Marketplace-Related Coverage and the Basic Health Program / Premium tax credit outlays",fiscal_year,2024,2024,2024,22,7
Health Insurance,Premium tax credit outlays,2025,52.0,Billions of dollars,51298-2019-05-Health-Insurance.xlsx,Table 2,false,51298,"Net Federal Subsidies Associated with Health Insurance Coverage, 2019 to 2029 / Marketplace-Related Coverage and the Basic Health Program / Premium tax credit outlays",fiscal_year,2025,2025,2025,22,8
Health Insurance,Premium tax credit outlays,2026,54.0,Billions of dollars,51298-2019-05-Health-Insurance.xlsx,Table 2,false,51298,"Net Federal Subsidies Associated with Health Insurance Coverage, 2019 to 2029 / Marketplace-Related Coverage and the Basic Health Program / Premium tax credit outlays",fiscal_year,2026,2026,2026,22,9
Health Insurance,Premium tax credit outlays,2027,55.0,Billions of dollars,51298-2019-05-Health-Insurance.xlsx,Table 2,false,51298,"Net Federal Subsidies Associated with Health Insurance Coverage, 2019 to 2029 / Marketplace-Related Coverage and the Basic Health Program / Premium tax credit outlays",fiscal_year,2027,2027,2027,22,10
Health Insurance,Premium tax credit outlays,2028,56.0,Billions of dollars,51298-2019-05-Health-Insurance.xlsx,Table 2,false,51298,"Net Federal Subsidies Associated with Health Insurance Coverage, 2019 to 2029 / Marketplace-Related Coverage and the Basic Health Program / Premium tax credit outlays",fiscal_year,2028,2028,2028,22,11
Health Insurance,Premium tax credit outlays,2029,57.0,Billions of dollars,51298-2019-05-Health-Insurance.xlsx,Table 2,false,51298,"Net Federal Subsidies Associated with Health Insurance Coverage, 2019 to 2029 / Marketplace-Related Coverage and the Basic Health Program / Premium tax credit outlays",fiscal_year,2029,2029,2029,22,12
Health Insurance,Premium tax credit revenue reductions,2019,9.0,Billions of dollars,51298-2019-05-Health-Insurance.xlsx,Table 2,false,51298,"Net Federal Subsidies Associated with Health Insurance Coverage, 2019 to 2029 / Marketplace-Related Coverage and the Basic Health Program / Premium tax credit revenue reductions",fiscal_year,2019,2019,2019,23,2
Health Insurance,Premium tax credit revenue reductions,2020,10.0,Billions of dollars,51298-2019-05-Health-Insurance.xlsx,Table 2,false,51298,"Net Federal Subsidies Associated with Health Insurance Coverage, 2019 to 2029 / Marketplace-Related Coverage and the Basic Health Program / Premium tax credit revenue reductions",fiscal_year,2020,2020,2020,23,3
Health Insurance,Premium tax credit revenue reductions,2021,9.0,Billions of dollars,51298-2019-05-Health-Insurance.xlsx,Table 2,false,51298,"Net Federal Subsidies Associated with Health Insurance Coverage, 2019 to 2029 / Marketplace-Related Coverage and the Basic Health Program / Premium tax credit revenue reductions",fiscal_year,2021,2021,2021,23,4
Health Insurance,Premium tax credit revenue reductions,2022,10.0,Billions of dollars,51298-2019-05-Health-Insurance.xlsx,Table 2,false,51298,"Net Federal Subsidies Associated with Health Insurance Coverage, 2019 to 2029 / Marketplace-Related Coverage and the Basic Health Program / Premium tax credit revenue reductions",fiscal_year,2022,2022,2022,23,5
Health Insurance,Premium tax credit revenue reductions,2023,10.0,Billions of dollars,51298-2019-05-Health-Insurance.xlsx,Table 2,false,51298,"Net Federal Subsidies Associated with Health Insurance Coverage, 2019 to 2029 / Marketplace-Related Coverage and the Basic Health Program / Premium tax credit revenue reductions",fiscal_year,2023,2023,2023,23,6
Health Insurance,Premium tax credit revenue reductions,2024,11.0,Billions of dollars,51298-2019-05-Health-Insurance.xlsx,Table 2,false,51298,"Net Federal Subsidies Associated with Health Insurance Coverage, 2019 to 2029 / Marketplace-Related Coverage and the Basic Health Program / Premium tax credit revenue reductions",fiscal_year,2024,2024,2024,23,7
Health Insurance,Premium tax credit revenue reductions,2025,11.0,Billions of dollars,51298-2019-05-Health-Insurance.xlsx,Table 2,false,51298,"Net Federal Subsidies Associated with Health Insurance Coverage, 2019 to 2029 / Marketplace-Related Coverage and the Basic Health Program / Premium tax credit revenue reductions",fiscal_year,2025,2025,2025,23,8
Health Insurance,Premium tax credit revenue reductions,2026,12.0,Billions of dollars,51298-2019-05-Health-Insurance.xlsx,Table 2,false,51298,"Net Federal Subsidies Associated with Health Insurance Coverage, 2019 to 2029 / Marketplace-Related Coverage and the Basic Health Program / Premium tax credit revenue reductions",fiscal_year,2026,2026,2026,23,9
Health Insurance,Premium tax credit revenue reductions,2027,12.0,Billions of dollars,51298-2019-05-Health-Insurance.xlsx,Table 2,false,51298,"Net Federal Subsidies Associated with Health Insurance Coverage, 2019 to 2029 / Marketplace-Related Coverage and the Basic Health Program / Premium tax credit revenue reductions",fiscal_year,2027,2027,2027,23,10
Health Insurance,Premium tax credit revenue reductions,2028,12.0,Billions of dollars,51298-2019-05-Health-Insurance.xlsx,Table 2,false,51298,"Net Federal Subsidies Associated with Health Insurance Coverage, 2019 to 2029 / Marketplace-Related Coverage and the Basic Health Program / Premium tax credit revenue reductions",fiscal_year,2028,2028,2028,23,11
Health Insurance,Premium tax credit revenue reductions,2029,12.0,Billions of dollars,51298-2019-05-Health-Insurance.xlsx,Table 2,false,51298,"Net Federal Subsidies Associated with Health Insurance Coverage, 2019 to 2029 / Marketplace-Related Coverage and the Basic Health Program / Premium tax credit revenue reductions",fiscal_year,2029,2029,2029,23,12
Health Insurance,Subtotal,2019,53.0,Billions of dollars,51298-2019-05-Health-Insurance.xlsx,Table 2,true,51298,"Net Federal Subsidies Associated with Health Insurance Coverage, 2019 to 2029 / Marketplace-Related Coverage and the Basic Health Program / Subtotal",fiscal_year,2019,2019,2019,25,2
Health Insurance,Subtotal,2020,53.0,Billions of dollars,51298-2019-05-Health-Insurance.xlsx,Table 2,true,51298,"Net Federal Subsidies Associated with Health Insurance Coverage, 2019 to 2029 / Marketplace-Related Coverage and the Basic Health Program / Subtotal",fiscal_year,2020,2020,2020,25,3
Health Insurance,Subtotal,2021,53.0,Billions of dollars,51298-2019-05-Health-Insurance.xlsx,Table 2,true,51298,"Net Federal Subsidies Associated with Health Insurance Coverage, 2019 to 2029 / Marketplace-Related Coverage and the Basic Health Program / Subtotal",fiscal_year,2021,2021,2021,25,4
Health Insurance,Subtotal,2022,55.0,Billions of dollars,51298-2019-05-Health-Insurance.xlsx,Table 2,true,51298,"Net Federal Subsidies Associated with Health Insurance Coverage, 2019 to 2029 / Marketplace-Related Coverage and the Basic Health Program / Subtotal",fiscal_year,2022,2022,2022,25,5
Health Insurance,Subtotal,2023,58.0,Billions of dollars,51298-2019-05-Health-Insurance.xlsx,Table 2,true,51298,"Net Federal Subsidies Associated with Health Insurance Coverage, 2019 to 2029 / Marketplace-Related Coverage and the Basic Health Program / Subtotal",fiscal_year,2023,2023,2023,25,6
Health Insurance,Subtotal,2024,60.0,Billions of dollars,51298-2019-05-Health-Insurance.xlsx,Table 2,true,51298,"Net Federal Subsidies Associated with Health Insurance Coverage, 2019 to 2029 / Marketplace-Related Coverage and the Basic Health Program / Subtotal",fiscal_year,2024,2024,2024,25,7
Health Insurance,Subtotal,2025,64.0,Billions of dollars,51298-2019-05-Health-Insurance.xlsx,Table 2,true,51298,"Net Federal Subsidies Associated with Health Insurance Coverage, 2019 to 2029 / Marketplace-Related Coverage and the Basic Health Program / Subtotal",fiscal_year,2025,2025,2025,25,8
Health Insurance,Subtotal,2026,66.0,Billions of dollars,51298-2019-05-Health-Insurance.xlsx,Table 2,true,51298,"Net Federal Subsidies Associated with Health Insurance Coverage, 2019 to 2029 / Marketplace-Related Coverage and the Basic Health Program / Subtotal",fiscal_year,2026,2026,2026,25,9
Health Insurance,Subtotal,2027,67.0,Billions of dollars,51298-2019-05-Health-Insurance.xlsx,Table 2,true,51298,"Net Federal Subsidies Associated with Health Insurance Coverage, 2019 to 2029 / Marketplace-Related Coverage and the Basic Health Program / Subtotal",fiscal_year,2027,2027,2027,25,10
Health Insurance,Subtotal,2028,68.0,Billions of dollars,51298-2019-05-Health-Insurance.xlsx,Table 2,true,51298,"Net Federal Subsidies Associated with Health Insurance Coverage, 2019 to 2029 / Marketplace-Related Coverage and the Basic Health Program / Subtotal",fiscal_year,2028,2028,2028,25,11
Health Insurance,Subtotal,2029,70.0,Billions of dollars,51298-2019-05-Health-Insurance.xlsx,Table 2,true,51298,"Net Federal Subsidies Associated with Health Insurance Coverage, 2019 to 2029 / Marketplace-Related Coverage and the Basic Health Program / Subtotal",fiscal_year,2029,2029,2029,25,12
Health Insurance,Outlays for the Basic Health Program,2019,6.0,Billions of dollars,51298-2019-05-Health-Insurance.xlsx,Table 2,false,51298,"Net Federal Subsidies Associated with Health Insurance Coverage, 2019 to 2029 / Marketplace-Related Coverage and the Basic Health Program / Outlays for the Basic Health Program",fiscal_year,2019,2019,2019,26,2
Health Insurance,Outlays for the Basic Health Program,2020,6.0,Billions of dollars,51298-2019-05-Health-Insurance.xlsx,Table 2,false,51298,"Net Federal Subsidies Associated with Health Insurance Coverage, 2019 to 2029 / Marketplace-Related Coverage and the Basic Health Program / Outlays for the Basic Health Program",fiscal_year,2020,2020,2020,26,3
Health Insurance,Outlays for the Basic Health Program,2021,6.0,Billions of dollars,51298-2019-05-Health-Insurance.xlsx,Table 2,false,51298,"Net Federal Subsidies Associated with Health Insurance Coverage, 2019 to 2029 / Marketplace-Related Coverage and the Basic Health Program / Outlays for the Basic Health Program",fiscal_year,2021,2021,2021,26,4
Health Insurance,Outlays for the Basic Health Program,2022,7.0,Billions of dollars,51298-2019-05-Health-Insurance.xlsx,Table 2,false,51298,"Net Federal Subsidies Associated with Health Insurance Coverage, 2019 to 2029 / Marketplace-Related Coverage and the Basic Health Program / Outlays for the Basic Health Program",fiscal_year,2022,2022,2022,26,5
Health Insurance,Outlays for the Basic Health Program,2023,7.0,Billions of dollars,51298-2019-05-Health-Insurance.xlsx,Table 2,false,51298,"Net Federal Subsidies Associated with Health Insurance Coverage, 2019 to 2029 / Marketplace-Related Coverage and the Basic Health Program / Outlays for the Basic Health Program",fiscal_year,2023,2023,2023,26,6
Health Insurance,Outlays for the Basic Health Program,2024,7.0,Billions of dollars,51298-2019-05-Health-Insurance.xlsx,Table 2,false,51298,"Net Federal Subsidies Associated with Health Insurance Coverage, 2019 to 2029 / Marketplace-Related Coverage and the Basic Health Program / Outlays for the Basic Health Program",fiscal_year,2024,2024,2024,26,7
Health Insurance,Outlays for the Basic Health Program,2025,8.0,Billions of dollars,51298-2019-05-Health-Insurance.xlsx,Table 2,false,51298,"Net Federal Subsidies Associated with Health Insurance Coverage, 2019 to 2029 / Marketplace-Related Coverage and the Basic Health Program / Outlays for the Basic Health Program",fiscal_year,2025,2025,2025,26,8
Health Insurance,Outlays for the Basic Health Program,2026,8.0,Billions of dollars,51298-2019-05-Health-Insurance.xlsx,Table 2,false,51298,"Net Federal Subsidies Associated with Health Insurance Coverage, 2019 to 2029 / Marketplace-Related Coverage and the Basic Health Program / Outlays for the Basic Health Program",fiscal_year,2026,2026,2026,26,9
Health Insurance,Outlays for the Basic Health Program,2027,9.0,Billions of dollars,51298-2019-05-Health-Insurance.xlsx,Table 2,false,51298,"Net Federal Subsidies Associated with Health Insurance Coverage, 2019 to 2029 / Marketplace-Related Coverage and the Basic Health Program / Outlays for the Basic Health Program",fiscal_year,2027,2027,2027,26,10
Health Insurance,Outlays for the Basic Health Program,2028,9.0,Billions of dollars,51298-2019-05-Health-Insurance.xlsx,Table 2,false,51298,"Net Federal Subsidies Associated with Health Insurance Coverage, 2019 to 2029 / Marketplace-Related Coverage and the Basic Health Program / Outlays for the Basic Health Program",fiscal_year,2028,2028,2028,26,11
Health Insurance,Outlays for the Basic Health Program,2029,10.0,Billions of dollars,51298-2019-05-Health-Insurance.xlsx,Table 2,false,51298,"Net Federal Subsidies Associated with Health Insurance Coverage, 2019 to 2029 / Marketplace-Related Coverage and the Basic Health Program / Outlays for the Basic Health Program",fiscal_year,2029,2029,2029,26,12
Health Insurance,Collections for risk adjustment and reinsurance,2019,-6.0,Billions of dollars,51298-2019-05-Health-Insurance.xlsx,Table 2,false,51298,"Net Federal Subsidies Associated with Health Insurance Coverage, 2019 to 2029 / Marketplace-Related Coverage and the Basic Health Program / Collections for risk adjustment and reinsurance",fiscal_year,2019,2019,2019,27,2
Health Insurance,Collections for risk adjustment and reinsurance,2020,-5.0,Billions of dollars,51298-2019-05-Health-Insurance.xlsx,Table 2,false,51298,"Net Federal Subsidies Associated with Health Insurance Coverage, 2019 to 2029 / Marketplace-Related Coverage and the Basic Health Program / Collections for risk adjustment and reinsurance",fiscal_year,2020,2020,2020,27,3
Health Insurance,Collections for risk adjustment and reinsurance,2021,-6.0,Billions of dollars,51298-2019-05-Health-Insurance.xlsx,Table 2,false,51298,"Net Federal Subsidies Associated with Health Insurance Coverage, 2019 to 2029 / Marketplace-Related Coverage and the Basic Health Program / Collections for risk adjustment and reinsurance",fiscal_year,2021,2021,2021,27,4
Health Insurance,Collections for risk adjustment and reinsurance,2022,-6.0,Billions of dollars,51298-2019-05-Health-Insurance.xlsx,Table 2,false,51298,"Net Federal Subsidies Associated with Health Insurance Coverage, 2019 to 2029 / Marketplace-Related Coverage and the Basic Health Program / Collections for risk adjustment and reinsurance",fiscal_year,2022,2022,2022,27,5
Health Insurance,Collections for risk adjustment and reinsurance,2023,-6.0,Billions of dollars,51298-2019-05-Health-Insurance.xlsx,Table 2,false,51298,"Net Federal Subsidies Associated with Health Insurance Coverage, 2019 to 2029 / Marketplace-Related Coverage and the Basic Health Program / Collections for risk adjustment and reinsurance",fiscal_year,2023,2023,2023,27,6
Health Insurance,Collections for risk adjustment and reinsurance,2024,-6.0,Billions of dollars,51298-2019-05-Health-Insurance.xlsx,Table 2,false,51298,"Net Federal Subsidies Associated with Health Insurance Coverage, 2019 to 2029 / Marketplace-Related Coverage and the Basic Health Program / Collections for risk adjustment and reinsurance",fiscal_year,2024,2024,2024,27,7
Health Insurance,Collections for risk adjustment and reinsurance,2025,-7.0,Billions of dollars,51298-2019-05-Health-Insurance.xlsx,Table 2,false,51298,"Net Federal Subsidies Associated with Health Insurance Coverage, 2019 to 2029 / Marketplace-Related Coverage and the Basic Health Program / Collections for risk adjustment and reinsurance",fiscal_year,2025,2025,2025,27,8
Health Insurance,Collections for risk adjustment and reinsurance,2026,-7.0,Billions of dollars,51298-2019-05-Health-Insurance.xlsx,Table 2,false,51298,"Net Federal Subsidies Associated with Health Insurance Coverage, 2019 to 2029 / Marketplace-Related Coverage and the Basic Health Program / Collections for risk adjustment and reinsurance",fiscal_year,2026,2026,2026,27,9
Health Insurance,Collections for risk adjustment and reinsurance,2027,-7.0,Billions of dollars,51298-2019-05-Health-Insurance.xlsx,Table 2,false,51298,"Net Federal Subsidies Associated with Health Insurance Coverage, 2019 to 2029 / Marketplace-Related Coverage and the Basic Health Program / Collections for risk adjustment and reinsurance",fiscal_year,2027,2027,2027,27,10
Health Insurance,Collections for risk adjustment and reinsurance,2028,-8.0,Billions of dollars,51298-2019-05-Health-Insurance.xlsx,Table 2,false,51298,"Net Federal Subsidies Associated with Health Insurance Coverage, 2019 to 2029 / Marketplace-Related Coverage and the Basic Health Program / Collections for risk adjustment and reinsurance",fiscal_year,2028,2028,2028,27,11
Health Insurance,Collections for risk adjustment and reinsurance,2029,-8.0,Billions of dollars,51298-2019-05-Health-Insurance.xlsx,Table 2,false,51298,"Net Federal Subsidies Associated with Health Insurance Coverage, 2019 to 2029 / Marketplace-Related Coverage and the Basic Health Program / Collections for risk adjustment and reinsurance",fiscal_year,2029,2029,2029,27,12
Health Insurance,Payments for risk adjustment and reinsurance,2019,9.0,Billions of dollars,51298-2019-05-Health-Insurance.xlsx,Table 2,false,51298,"Net Federal Subsidies Associated with Health Insurance Coverage, 2019 to 2029 / Marketplace-Related Coverage and the Basic Health Program / Payments for risk adjustment and reinsurance",fiscal_year,2019,2019,2019,28,2
Health Insurance,Payments for risk adjustment and reinsurance,2020,5.0,Billions of dollars,51298-2019-05-Health-Insurance.xlsx,Table 2,false,51298,"Net Federal Subsidies Associated with Health Insurance Coverage, 2019 to 2029 / Marketplace-Related Coverage and the Basic Health Program / Payments for risk adjustment and reinsurance",fiscal_year,2020,2020,2020,28,3
Health Insurance,Payments for risk adjustment and reinsurance,2021,6.0,Billions of dollars,51298-2019-05-Health-Insurance.xlsx,Table 2,false,51298,"Net Federal Subsidies Associated with Health Insurance Coverage, 2019 to 2029 / Marketplace-Related Coverage and the Basic Health Program / Payments for risk adjustment and reinsurance",fiscal_year,2021,2021,2021,28,4
Health Insurance,Payments for risk adjustment and reinsurance,2022,6.0,Billions of dollars,51298-2019-05-Health-Insurance.xlsx,Table 2,false,51298,"Net Federal Subsidies Associated with Health Insurance Coverage, 2019 to 2029 / Marketplace-Related Coverage and the Basic Health Program / Payments for risk adjustment and reinsurance",fiscal_year,2022,2022,2022,28,5
Health Insurance,Payments for risk adjustment and reinsurance,2023,6.0,Billions of dollars,51298-2019-05-Health-Insurance.xlsx,Table 2,false,51298,"Net Federal Subsidies Associated with Health Insurance Coverage, 2019 to 2029 / Marketplace-Related Coverage and the Basic Health Program / Payments for risk adjustment and reinsurance",fiscal_year,2023,2023,2023,28,6
Health Insurance,Payments for risk adjustment and reinsurance,2024,6.0,Billions of dollars,51298-2019-05-Health-Insurance.xlsx,Table 2,false,51298,"Net Federal Subsidies Associated with Health Insurance Coverage, 2019 to 2029 / Marketplace-Related Coverage and the Basic Health Program / Payments for risk adjustment and reinsurance",fiscal_year,2024,2024,2024,28,7
Health Insurance,Payments for risk adjustment and reinsurance,2025,7.0,Billions of dollars,51298-2019-05-Health-Insurance.xlsx,Table 2,false,51298,"Net Federal Subsidies Associated with Health Insurance Coverage, 2019 to 2029 / Marketplace-Related Coverage and the Basic Health Program / Payments for risk adjustment and reinsurance",fiscal_year,2025,2025,2025,28,8
Health Insurance,Payments for risk adjustment and reinsurance,2026,7.0,Billions of dollars,51298-2019-05-Health-Insurance.xlsx,Table 2,false,51298,"Net Federal Subsidies Associated with Health Insurance Coverage, 2019 to 2029 / Marketplace-Related Coverage and the Basic Health Program / Payments for risk adjustment and reinsurance",fiscal_year,2026,2026,2026,28,9
Health Insurance,Payments for risk adjustment and reinsurance,2027,7.0,Billions of dollars,51298-2019-05-Health-Insurance.xlsx,Table 2,false,51298,"Net Federal Subsidies Associated with Health Insurance Coverage, 2019 to 2029 / Marketplace-Related Coverage and the Basic Health Program / Payments for risk adjustment and reinsurance",fiscal_year,2027,2027,2027,28,10
Health Insurance,Payments for risk adjustment and reinsurance,2028,8.0,Billions of dollars,51298-2019-05-Health-Insurance.xlsx,Table 2,false,51298,"Net Federal Subsidies Associated with Health Insurance Coverage, 2019 to 2029 / Marketplace-Related Coverage and the Basic Health Program / Payments for risk adjustment and reinsurance",fiscal_year,2028,2028,2028,28,11
Health Insurance,Payments for risk adjustment and reinsurance,2029,8.0,Billions of dollars,51298-2019-05-Health-Insurance.xlsx,Table 2,false,51298,"Net Federal Subsidies Associated with Health Insurance Coverage, 2019 to 2029 / Marketplace-Related Coverage and the Basic Health Program / Payments for risk adjustment and reinsurance",fiscal_year,2029,2029,2029,28,12
Health Insurance,Subtotal,2019,62.0,Billions of dollars,51298-2019-05-Health-Insurance.xlsx,Table 2,true,51298,"Net Federal Subsidies Associated with Health Insurance Coverage, 2019 to 2029 / Marketplace-Related Coverage and the Basic Health Program / Subtotal",fiscal_year,2019,2019,2019,30,2
Health Insurance,Subtotal,2020,59.0,Billions of dollars,51298-2019-05-Health-Insurance.xlsx,Table 2,true,51298,"Net Federal Subsidies Associated with Health Insurance Coverage, 2019 to 2029 / Marketplace-Related Coverage and the Basic Health Program / Subtotal",fiscal_year,2020,2020,2020,30,3
Health Insurance,Subtotal,2021,59.0,Billions of dollars,51298-2019-05-Health-Insurance.xlsx,Table 2,true,51298,"Net Federal Subsidies Associated with Health Insurance Coverage, 2019 to 2029 / Marketplace-Related Coverage and the Basic Health Program / Subtotal",fiscal_year,2021,2021,2021,30,4
Health Insurance,Subtotal,2022,61.0,Billions of dollars,51298-2019-05-Health-Insurance.xlsx,Table 2,true,51298,"Net Federal Subsidies Associated with Health Insurance Coverage, 2019 to 2029 / Marketplace-Related Coverage and the Basic Health Program / Subtotal",fiscal_year,2022,2022,2022,30,5
Health Insurance,Subtotal,2023,65.0,Billions of dollars,51298-2019-05-Health-Insurance.xlsx,Table 2,true,51298,"Net Federal Subsidies Associated with Health Insurance Coverage, 2019 to 2029 / Marketplace-Related Coverage and the Basic Health Program / Subtotal",fiscal_year,2023,2023,2023,30,6
Health Insurance,Subtotal,2024,68.0,Billions of dollars,51298-2019-05-Health-Insurance.xlsx,Table 2,true,51298,"Net Federal Subsidies Associated with Health Insurance Coverage, 2019 to 2029 / Marketplace-Related Coverage and the Basic Health Program / Subtotal",fiscal_year,2024,2024,2024,30,7
Health Insurance,Subtotal,2025,72.0,Billions of dollars,51298-2019-05-Health-Insurance.xlsx,Table 2,true,51298,"Net Federal Subsidies Associated with Health Insurance Coverage, 2019 to 2029 / Marketplace-Related Coverage and the Basic Health Program / Subtotal",fiscal_year,2025,2025,2025,30,8
Health Insurance,Subtotal,2026,74.0,Billions of dollars,51298-2019-05-Health-Insurance.xlsx,Table 2,true,51298,"Net Federal Subsidies Associated with Health Insurance Coverage, 2019 to 2029 / Marketplace-Related Coverage and the Basic Health Program / Subtotal",fiscal_year,2026,2026,2026,30,9
Health Insurance,Subtotal,2027,75.0,Billions of dollars,51298-2019-05-Health-Insurance.xlsx,Table 2,true,51298,"Net Federal Subsidies Associated with Health Insurance Coverage, 2019 to 2029 / Marketplace-Related Coverage and the Basic Health Program / Subtotal",fiscal_year,2027,2027,2027,30,10
Health Insurance,Subtotal,2028,77.0,Billions of dollars,51298-2019-05-Health-Insurance.xlsx,Table 2,true,51298,"Net Federal Subsidies Associated with Health Insurance Coverage, 2019 to 2029 / Marketplace-Related Coverage and the Basic Health Program / Subtotal",fiscal_year,2028,2028,2028,30,11
Health Insurance,Subtotal,2029,79.0,Billions of dollars,51298-2019-05-Health-Insurance.xlsx,Table 2,true,51298,"Net Federal Subsidies Associated with Health Insurance Coverage, 2019 to 2029 / Marketplace-Related Coverage and the Basic Health Program / Subtotal",fiscal_year,2029,2029,2029,30,12
Health Insurance,Medicare e,2019,86.0,Billions of dollars,51298-2019-05-Health-Insurance.xlsx,Table 2,false,51298,"Net Federal Subsidies Associated with Health Insurance Coverage, 2019 to 2029 / Marketplace-Related Coverage and the Basic Health Program / Medicare e",fiscal_year,2019,2019,2019,32,2
Health Insurance,Medicare e,2020,88.0,Billions of dollars,51298-2019-05-Health-Insurance.xlsx,Table 2,false,51298,"Net Federal Subsidies Associated with Health Insurance Coverage, 2019 to 2029 / Marketplace-Related Coverage and the Basic Health Program / Medicare e",fiscal_year,2020,2020,2020,32,3
Health Insurance,Medicare e,2021,92.0,Billions of dollars,51298-2019-05-Health-Insurance.xlsx,Table 2,false,51298,"Net Federal Subsidies Associated with Health Insurance Coverage, 2019 to 2029 / Marketplace-Related Coverage and the Basic Health Program / Medicare e",fiscal_year,2021,2021,2021,32,4
Health Insurance,Medicare e,2022,96.0,Billions of dollars,51298-2019-05-Health-Insurance.xlsx,Table 2,false,51298,"Net Federal Subsidies Associated with Health Insurance Coverage, 2019 to 2029 / Marketplace-Related Coverage and the Basic Health Program / Medicare e",fiscal_year,2022,2022,2022,32,5
Health Insurance,Medicare e,2023,100.0,Billions of dollars,51298-2019-05-Health-Insurance.xlsx,Table 2,false,51298,"Net Federal Subsidies Associated with Health Insurance Coverage, 2019 to 2029 / Marketplace-Related Coverage and the Basic Health Program / Medicare e",fiscal_year,2023,2023,2023,32,6
Health Insurance,Medicare e,2024,104.0,Billions of dollars,51298-2019-05-Health-Insurance.xlsx,Table 2,false,51298,"Net Federal Subsidies Associated with Health Insurance Coverage, 2019 to 2029 / Marketplace-Related Coverage and the Basic Health Program / Medicare e",fiscal_year,2024,2024,2024,32,7
Health Insurance,Medicare e,2025,109.0,Billions of dollars,51298-2019-05-Health-Insurance.xlsx,Table 2,false,51298,"Net Federal Subsidies Associated with Health Insurance Coverage, 2019 to 2029 / Marketplace-Related Coverage and the Basic Health Program / Medicare e",fiscal_year,2025,2025,2025,32,8
Health Insurance,Medicare e,2026,114.0,Billions of dollars,51298-2019-05-Health-Insurance.xlsx,Table 2,false,51298,"Net Federal Subsidies Associated with Health Insurance Coverage, 2019 to 2029 / Marketplace-Related Coverage and the Basic Health Program / Medicare e",fiscal_year,2026,2026,2026,32,9
Health Insurance,Medicare e,2027,120.0,Billions of dollars,51298-2019-05-Health-Insurance.xlsx,Table 2,false,51298,"Net Federal Subsidies Associated with Health Insurance Coverage, 2019 to 2029 / Marketplace-Related Coverage and the Basic Health Program / Medicare e",fiscal_year,2027,2027,2027,32,10
Health Insurance,Medicare e,2028,127.0,Billions of dollars,51298-2019-05-Health-Insurance.xlsx,Table 2,false,51298,"Net Federal Subsidies Associated with Health Insurance Coverage, 2019 to 2029 / Marketplace-Related Coverage and the Basic Health Program / Medicare e",fiscal_year,2028,2028,2028,32,11
Health Insurance,Medicare e,2029,131.0,Billions of dollars,51298-2019-05-Health-Insurance.xlsx,Table 2,false,51298,"Net Federal Subsidies Associated with Health Insurance Coverage, 2019 to 2029 / Marketplace-Related Coverage and the Basic Health Program / Medicare e",fiscal_year,2029,2029,2029,32,12
Health Insurance,Gross collections of excise tax on high-premium insurance plans f,2019,0.0,Billions of dollars,51298-2019-05-Health-Insurance.xlsx,Table 2,false,51298,"Net Federal Subsidies Associated with Health Insurance Coverage, 2019 to 2029 / Taxes and Penalties Related to Coverage / Gross collections of excise tax on high-premium insurance plans f",fiscal_year,2019,2019,2019,35,2
Health Insurance,Gross collections of excise tax on high-premium insurance plans f,2020,0.0,Billions of dollars,51298-2019-05-Health-Insurance.xlsx,Table 2,false,51298,"Net Federal Subsidies Associated with Health Insurance Coverage, 2019 to 2029 / Taxes and Penalties Related to Coverage / Gross collections of excise tax on high-premium insurance plans f",fiscal_year,2020,2020,2020,35,3
Health Insurance,Gross collections of excise tax on high-premium insurance plans f,2021,0.0,Billions of dollars,51298-2019-05-Health-Insurance.xlsx,Table 2,false,51298,"Net Federal Subsidies Associated with Health Insurance Coverage, 2019 to 2029 / Taxes and Penalties Related to Coverage / Gross collections of excise tax on high-premium insurance plans f",fiscal_year,2021,2021,2021,35,4
Health Insurance,Gross collections of excise tax on high-premium insurance plans f,2022,-2.0,Billions of dollars,51298-2019-05-Health-Insurance.xlsx,Table 2,false,51298,"Net Federal Subsidies Associated with Health Insurance Coverage, 2019 to 2029 / Taxes and Penalties Related to Coverage / Gross collections of excise tax on high-premium insurance plans f",fiscal_year,2022,2022,2022,35,5
Health Insurance,Gross collections of excise tax on high-premium insurance plans f,2023,-7.0,Billions of dollars,51298-2019-05-Health-Insurance.xlsx,Table 2,false,51298,"Net Federal Subsidies Associated with Health Insurance Coverage, 2019 to 2029 / Taxes and Penalties Related to Coverage / Gross collections of excise tax on high-premium insurance plans f",fiscal_year,2023,2023,2023,35,6
Health Insurance,Gross collections of excise tax on high-premium insurance plans f,2024,-9.0,Billions of dollars,51298-2019-05-Health-Insurance.xlsx,Table 2,false,51298,"Net Federal Subsidies Associated with Health Insurance Coverage, 2019 to 2029 / Taxes and Penalties Related to Coverage / Gross collections of excise tax on high-premium insurance plans f",fiscal_year,2024,2024,2024,35,7
Health Insurance,Gross collections of excise tax on high-premium insurance plans f,2025,-10.0,Billions of dollars,51298-2019-05-Health-Insurance.xlsx,Table 2,false,51298,"Net Federal Subsidies Associated with Health Insurance Coverage, 2019 to 2029 / Taxes and Penalties Related to Coverage / Gross collections of excise tax on high-premium insurance plans f",fiscal_year,2025,2025,2025,35,8
Health Insurance,Gross collections of excise tax on high-premium insurance plans f,2026,-12.0,Billions of dollars,51298-2019-05-Health-Insurance.xlsx,Table 2,false,51298,"Net Federal Subsidies Associated with Health Insurance Coverage, 2019 to 2029 / Taxes and Penalties Related to Coverage / Gross collections of excise tax on high-premium insurance plans f",fiscal_year,2026,2026,2026,35,9
Health Insurance,Gross collections of excise tax on high-premium insurance plans f,2027,-16.0,Billions of dollars,51298-2019-05-Health-Insurance.xlsx,Table 2,false,51298,"Net Federal Subsidies Associated with Health Insurance Coverage, 2019 to 2029 / Taxes and Penalties Related to Coverage / Gross collections of excise tax on high-premium insurance plans f",fiscal_year,2027,2027,2027,35,10
Health Insurance,Gross collections of excise tax on high-premium insurance plans f,2028,-19.0,Billions of dollars,51298-2019-05-Health-Insurance.xlsx,Table 2,false,51298,"Net Federal Subsidies Associated with Health Insurance Coverage, 2019 to 2029 / Taxes and Penalties Related to Coverage / Gross collections of excise tax on high-premium insurance plans f",fiscal_year,2028,2028,2028,35,11
Health Insurance,Gross collections of excise tax on high-premium insurance plans f,2029,-22.0,Billions of dollars,51298-2019-05-Health-Insurance.xlsx,Table 2,false,51298,"Net Federal Subsidies Associated with Health Insurance Coverage, 2019 to 2029 / Taxes and Penalties Related to Coverage / Gross collections of excise tax on high-premium insurance plans f",fiscal_year,2029,2029,2029,35,12
Health Insurance,Penalty payments by uninsured people,2019,-3.0,Billions of dollars,51298-2019-05-Health-Insurance.xlsx,Table 2,false,51298,"Net Federal Subsidies Associated with Health Insurance Coverage, 2019 to 2029 / Taxes and Penalties Related to Coverage / Penalty payments by uninsured people",fiscal_year,2019,2019,2019,36,2
Health Insurance,Penalty payments by uninsured people,2020,0.0,Billions of dollars,51298-2019-05-Health-Insurance.xlsx,Table 2,false,51298,"Net Federal Subsidies Associated with Health Insurance Coverage, 2019 to 2029 / Taxes and Penalties Related to Coverage / Penalty payments by uninsured people",fiscal_year,2020,2020,2020,36,3
Health Insurance,Penalty payments by uninsured people,2021,0.0,Billions of dollars,51298-2019-05-Health-Insurance.xlsx,Table 2,false,51298,"Net Federal Subsidies Associated with Health Insurance Coverage, 2019 to 2029 / Taxes and Penalties Related to Coverage / Penalty payments by uninsured people",fiscal_year,2021,2021,2021,36,4
Health Insurance,Penalty payments by uninsured people,2022,0.0,Billions of dollars,51298-2019-05-Health-Insurance.xlsx,Table 2,false,51298,"Net Federal Subsidies Associated with Health Insurance Coverage, 2019 to 2029 / Taxes and Penalties Related to Coverage / Penalty payments by uninsured people",fiscal_year,2022,2022,2022,36,5
Health Insurance,Penalty payments by uninsured people,2023,0.0,Billions of dollars,51298-2019-05-Health-Insurance.xlsx,Table 2,false,51298,"Net Federal Subsidies Associated with Health Insurance Coverage, 2019 to 2029 / Taxes and Penalties Related to Coverage / Penalty payments by uninsured people",fiscal_year,2023,2023,2023,36,6
Health Insurance,Penalty payments by uninsured people,2024,0.0,Billions of dollars,51298-2019-05-Health-Insurance.xlsx,Table 2,false,51298,"Net Federal Subsidies Associated with Health Insurance Coverage, 2019 to 2029 / Taxes and Penalties Related to Coverage / Penalty payments by uninsured people",fiscal_year,2024,2024,2024,36,7
Health Insurance,Penalty payments by uninsured people,2025,0.0,Billions of dollars,51298-2019-05-Health-Insurance.xlsx,Table 2,false,51298,"Net Federal Subsidies Associated with Health Insurance Coverage, 2019 to 2029 / Taxes and Penalties Related to Coverage / Penalty payments by uninsured people",fiscal_year,2025,2025,2025,36,8
Health Insurance,Penalty payments by uninsured people,2026,0.0,Billions of dollars,51298-2019-05-Health-Insurance.xlsx,Table 2,false,51298,"Net Federal Subsidies Associated with Health Insurance Coverage, 2019 to 2029 / Taxes and Penalties Related to Coverage / Penalty payments by uninsured people",fiscal_year,2026,2026,2026,36,9
Health Insurance,Penalty payments by uninsured people,2027,0.0,Billions of dollars,51298-2019-05-Health-Insurance.xlsx,Table 2,false,51298,"Net Federal Subsidies Associated with Health Insurance Coverage, 2019 to 2029 / Taxes and Penalties Related to Coverage / Penalty payments by uninsured people",fiscal_year,2027,2027,2027,36,10
Health Insurance,Penalty payments by uninsured people,2028,0.0,Billions of dollars,51298-2019-05-Health-Insurance.xlsx,Table 2,false,51298,"Net Federal Subsidies Associated with Health Insurance Coverage, 2019 to 2029 / Taxes and Penalties Related to Coverage / Penalty payments by uninsured people",fiscal_year,2028,2028,2028,36,11
Health Insurance,Penalty payments by uninsured people,2029,0.0,Billions of dollars,51298-2019-05-Health-Insurance.xlsx,Table 2,false,51298,"Net Federal Subsidies Associated with Health Insurance Coverage, 2019 to 2029 / Taxes and Penalties Related to Coverage / Penalty payments by uninsured people",fiscal_year,2029,2029,2029,36,12
Health Insurance,Net receipts from tax on health insurance providers g,2019,0.0,Billions of dollars,51298-2019-05-Health-Insurance.xlsx,Table 2,false,51298,"Net Federal Subsidies Associated with Health Insurance Coverage, 2019 to 2029 / Taxes and Penalties Related to Coverage / Net receipts from tax on health insurance providers g",fiscal_year,2019,2019,2019,37,2
Health Insurance,Net receipts from tax on health insurance providers g,2020,-13.0,Billions of dollars,51298-2019-05-Health-Insurance.xlsx,Table 2,false,51298,"Net Federal Subsidies Associated with Health Insurance Coverage, 2019 to 2029 / Taxes and Penalties Related to Coverage / Net receipts from tax on health insurance providers g",fiscal_year,2020,2020,2020,37,3
Health Insurance,Net receipts from tax on health insurance providers g,2021,-14.0,Billions of dollars,51298-2019-05-Health-Insurance.xlsx,Table 2,false,51298,"Net Federal Subsidies Associated with Health Insurance Coverage, 2019 to 2029 / Taxes and Penalties Related to Coverage / Net receipts from tax on health insurance providers g",fiscal_year,2021,2021,2021,37,4
Health Insurance,Net receipts from tax on health insurance providers g,2022,-15.0,Billions of dollars,51298-2019-05-Health-Insurance.xlsx,Table 2,false,51298,"Net Federal Subsidies Associated with Health Insurance Coverage, 2019 to 2029 / Taxes and Penalties Related to Coverage / Net receipts from tax on health insurance providers g",fiscal_year,2022,2022,2022,37,5
Health Insurance,Net receipts from tax on health insurance providers g,2023,-15.0,Billions of dollars,51298-2019-05-Health-Insurance.xlsx,Table 2,false,51298,"Net Federal Subsidies Associated with Health Insurance Coverage, 2019 to 2029 / Taxes and Penalties Related to Coverage / Net receipts from tax on health insurance providers g",fiscal_year,2023,2023,2023,37,6
Health Insurance,Net receipts from tax on health insurance providers g,2024,-16.0,Billions of dollars,51298-2019-05-Health-Insurance.xlsx,Table 2,false,51298,"Net Federal Subsidies Associated with Health Insurance Coverage, 2019 to 2029 / Taxes and Penalties Related to Coverage / Net receipts from tax on health insurance providers g",fiscal_year,2024,2024,2024,37,7
Health Insurance,Net receipts from tax on health insurance providers g,2025,-17.0,Billions of dollars,51298-2019-05-Health-Insurance.xlsx,Table 2,false,51298,"Net Federal Subsidies Associated with Health Insurance Coverage, 2019 to 2029 / Taxes and Penalties Related to Coverage / Net receipts from tax on health insurance providers g",fiscal_year,2025,2025,2025,37,8
Health Insurance,Net receipts from tax on health insurance providers g,2026,-17.0,Billions of dollars,51298-2019-05-Health-Insurance.xlsx,Table 2,false,51298,"Net Federal Subsidies Associated with Health Insurance Coverage, 2019 to 2029 / Taxes and Penalties Related to Coverage / Net receipts from tax on health insurance providers g",fiscal_year,2026,2026,2026,37,9
Health Insurance,Net receipts from tax on health insurance providers g,2027,-18.0,Billions of dollars,51298-2019-05-Health-Insurance.xlsx,Table 2,false,51298,"Net Federal Subsidies Associated with Health Insurance Coverage, 2019 to 2029 / Taxes and Penalties Related to Coverage / Net receipts from tax on health insurance providers g",fiscal_year,2027,2027,2027,37,10
Health Insurance,Net receipts from tax on health insurance providers g,2028,-19.0,Billions of dollars,51298-2019-05-Health-Insurance.xlsx,Table 2,false,51298,"Net Federal Subsidies Associated with Health Insurance Coverage, 2019 to 2029 / Taxes and Penalties Related to Coverage / Net receipts from tax on health insurance providers g",fiscal_year,2028,2028,2028,37,11
Health Insurance,Net receipts from tax on health insurance providers g,2029,-20.0,Billions of dollars,51298-2019-05-Health-Insurance.xlsx,Table 2,false,51298,"Net Federal Subsidies Associated with Health Insurance Coverage, 2019 to 2029 / Taxes and Penalties Related to Coverage / Net receipts from tax on health insurance providers g",fiscal_year,2029,2029,2029,37,12
Health Insurance,Gross collections of employer penalties f,2019,-8.0,Billions of dollars,51298-2019-05-Health-Insurance.xlsx,Table 2,false,51298,"Net Federal Subsidies Associated with Health Insurance Coverage, 2019 to 2029 / Taxes and Penalties Related to Coverage / Gross collections of employer penalties f",fiscal_year,2019,2019,2019,38,2
Health Insurance,Gross collections of employer penalties f,2020,-9.0,Billions of dollars,51298-2019-05-Health-Insurance.xlsx,Table 2,false,51298,"Net Federal Subsidies Associated with Health Insurance Coverage, 2019 to 2029 / Taxes and Penalties Related to Coverage / Gross collections of employer penalties f",fiscal_year,2020,2020,2020,38,3
Health Insurance,Gross collections of employer penalties f,2021,-9.0,Billions of dollars,51298-2019-05-Health-Insurance.xlsx,Table 2,false,51298,"Net Federal Subsidies Associated with Health Insurance Coverage, 2019 to 2029 / Taxes and Penalties Related to Coverage / Gross collections of employer penalties f",fiscal_year,2021,2021,2021,38,4
Health Insurance,Gross collections of employer penalties f,2022,-6.0,Billions of dollars,51298-2019-05-Health-Insurance.xlsx,Table 2,false,51298,"Net Federal Subsidies Associated with Health Insurance Coverage, 2019 to 2029 / Taxes and Penalties Related to Coverage / Gross collections of employer penalties f",fiscal_year,2022,2022,2022,38,5
Health Insurance,Gross collections of employer penalties f,2023,-6.0,Billions of dollars,51298-2019-05-Health-Insurance.xlsx,Table 2,false,51298,"Net Federal Subsidies Associated with Health Insurance Coverage, 2019 to 2029 / Taxes and Penalties Related to Coverage / Gross collections of employer penalties f",fiscal_year,2023,2023,2023,38,6
Health Insurance,Gross collections of employer penalties f,2024,-7.0,Billions of dollars,51298-2019-05-Health-Insurance.xlsx,Table 2,false,51298,"Net Federal Subsidies Associated with Health Insurance Coverage, 2019 to 2029 / Taxes and Penalties Related to Coverage / Gross collections of employer penalties f",fiscal_year,2024,2024,2024,38,7
Health Insurance,Gross collections of employer penalties f,2025,-7.0,Billions of dollars,51298-2019-05-Health-Insurance.xlsx,Table 2,false,51298,"Net Federal Subsidies Associated with Health Insurance Coverage, 2019 to 2029 / Taxes and Penalties Related to Coverage / Gross collections of employer penalties f",fiscal_year,2025,2025,2025,38,8
Health Insurance,Gross collections of employer penalties f,2026,-7.0,Billions of dollars,51298-2019-05-Health-Insurance.xlsx,Table 2,false,51298,"Net Federal Subsidies Associated with Health Insurance Coverage, 2019 to 2029 / Taxes and Penalties Related to Coverage / Gross collections of employer penalties f",fiscal_year,2026,2026,2026,38,9
Health Insurance,Gross collections of employer penalties f,2027,-8.0,Billions of dollars,51298-2019-05-Health-Insurance.xlsx,Table 2,false,51298,"Net Federal Subsidies Associated with Health Insurance Coverage, 2019 to 2029 / Taxes and Penalties Related to Coverage / Gross collections of employer penalties f",fiscal_year,2027,2027,2027,38,10
Health Insurance,Gross collections of employer penalties f,2028,-8.0,Billions of dollars,51298-2019-05-Health-Insurance.xlsx,Table 2,false,51298,"Net Federal Subsidies Associated with Health Insurance Coverage, 2019 to 2029 / Taxes and Penalties Related to Coverage / Gross collections of employer penalties f",fiscal_year,2028,2028,2028,38,11
Health Insurance,Gross collections of employer penalties f,2029,-7.0,Billions of dollars,51298-2019-05-Health-Insurance.xlsx,Table 2,false,51298,"Net Federal Subsidies Associated with Health Insurance Coverage, 2019 to 2029 / Taxes and Penalties Related to Coverage / Gross collections of employer penalties f",fiscal_year,2029,2029,2029,38,12
Health Insurance,Subtotal,2019,-11.0,Billions of dollars,51298-2019-05-Health-Insurance.xlsx,Table 2,true,51298,"Net Federal Subsidies Associated with Health Insurance Coverage, 2019 to 2029 / Taxes and Penalties Related to Coverage / Subtotal",fiscal_year,2019,2019,2019,40,2
Health Insurance,Subtotal,2020,-22.0,Billions of dollars,51298-2019-05-Health-Insurance.xlsx,Table 2,true,51298,"Net Federal Subsidies Associated with Health Insurance Coverage, 2019 to 2029 / Taxes and Penalties Related to Coverage / Subtotal",fiscal_year,2020,2020,2020,40,3
Health Insurance,Subtotal,2021,-22.0,Billions of dollars,51298-2019-05-Health-Insurance.xlsx,Table 2,true,51298,"Net Federal Subsidies Associated with Health Insurance Coverage, 2019 to 2029 / Taxes and Penalties Related to Coverage / Subtotal",fiscal_year,2021,2021,2021,40,4
Health Insurance,Subtotal,2022,-23.0,Billions of dollars,51298-2019-05-Health-Insurance.xlsx,Table 2,true,51298,"Net Federal Subsidies Associated with Health Insurance Coverage, 2019 to 2029 / Taxes and Penalties Related to Coverage / Subtotal",fiscal_year,2022,2022,2022,40,5
Health Insurance,Subtotal,2023,-29.0,Billions of dollars,51298-2019-05-Health-Insurance.xlsx,Table 2,true,51298,"Net Federal Subsidies Associated with Health Insurance Coverage, 2019 to 2029 / Taxes and Penalties Related to Coverage / Subtotal",fiscal_year,2023,2023,2023,40,6
Health Insurance,Subtotal,2024,-32.0,Billions of dollars,51298-2019-05-Health-Insurance.xlsx,Table 2,true,51298,"Net Federal Subsidies Associated with Health Insurance Coverage, 2019 to 2029 / Taxes and Penalties Related to Coverage / Subtotal",fiscal_year,2024,2024,2024,40,7
Health Insurance,Subtotal,2025,-34.0,Billions of dollars,51298-2019-05-Health-Insurance.xlsx,Table 2,true,51298,"Net Federal Subsidies Associated with Health Insurance Coverage, 2019 to 2029 / Taxes and Penalties Related to Coverage / Subtotal",fiscal_year,2025,2025,2025,40,8
Health Insurance,Subtotal,2026,-36.0,Billions of dollars,51298-2019-05-Health-Insurance.xlsx,Table 2,true,51298,"Net Federal Subsidies Associated with Health Insurance Coverage, 2019 to 2029 / Taxes and Penalties Related to Coverage / Subtotal",fiscal_year,2026,2026,2026,40,9
Health Insurance,Subtotal,2027,-42.0,Billions of dollars,51298-2019-05-Health-Insurance.xlsx,Table 2,true,51298,"Net Federal Subsidies Associated with Health Insurance Coverage, 2019 to 2029 / Taxes and Penalties Related to Coverage / Subtotal",fiscal_year,2027,2027,2027,40,10
Health Insurance,Subtotal,2028,-45.0,Billions of dollars,51298-2019-05-Health-Insurance.xlsx,Table 2,true,51298,"Net Federal Subsidies Associated with Health Insurance Coverage, 2019 to 2029 / Taxes and Penalties Related to Coverage / Subtotal",fiscal_year,2028,2028,2028,40,11
Health Insurance,Subtotal,2029,-49.0,Billions of dollars,51298-2019-05-Health-Insurance.xlsx,Table 2,true,51298,"Net Federal Subsidies Associated with Health Insurance Coverage, 2019 to 2029 / Taxes and Penalties Related to Coverage / Subtotal",fiscal_year,2029,2029,2029,40,12
Health Insurance,Net Subsidies,2019,737.0,Billions of dollars,51298-2019-05-Health-Insurance.xlsx,Table 2,false,51298,"Net Federal Subsidies Associated with Health Insurance Coverage, 2019 to 2029 / Taxes and Penalties Related to Coverage / Net Subsidies",fiscal_year,2019,2019,2019,42,2
Health Insurance,Net Subsidies,2020,755.0,Billions of dollars,51298-2019-05-Health-Insurance.xlsx,Table 2,false,51298,"Net Federal Subsidies Associated with Health Insurance Coverage, 2019 to 2029 / Taxes and Penalties Related to Coverage / Net Subsidies",fiscal_year,2020,2020,2020,42,3
Health Insurance,Net Subsidies,2021,794.0,Billions of dollars,51298-2019-05-Health-Insurance.xlsx,Table 2,false,51298,"Net Federal Subsidies Associated with Health Insurance Coverage, 2019 to 2029 / Taxes and Penalties Related to Coverage / Net Subsidies",fiscal_year,2021,2021,2021,42,4
Health Insurance,Net Subsidies,2022,842.0,Billions of dollars,51298-2019-05-Health-Insurance.xlsx,Table 2,false,51298,"Net Federal Subsidies Associated with Health Insurance Coverage, 2019 to 2029 / Taxes and Penalties Related to Coverage / Net Subsidies",fiscal_year,2022,2022,2022,42,5
Health Insurance,Net Subsidies,2023,889.0,Billions of dollars,51298-2019-05-Health-Insurance.xlsx,Table 2,false,51298,"Net Federal Subsidies Associated with Health Insurance Coverage, 2019 to 2029 / Taxes and Penalties Related to Coverage / Net Subsidies",fiscal_year,2023,2023,2023,42,6
Health Insurance,Net Subsidies,2024,941.0,Billions of dollars,51298-2019-05-Health-Insurance.xlsx,Table 2,false,51298,"Net Federal Subsidies Associated with Health Insurance Coverage, 2019 to 2029 / Taxes and Penalties Related to Coverage / Net Subsidies",fiscal_year,2024,2024,2024,42,7
Health Insurance,Net Subsidies,2025,997.0,Billions of dollars,51298-2019-05-Health-Insurance.xlsx,Table 2,false,51298,"Net Federal Subsidies Associated with Health Insurance Coverage, 2019 to 2029 / Taxes and Penalties Related to Coverage / Net Subsidies",fiscal_year,2025,2025,2025,42,8
Health Insurance,Net Subsidies,2026,1085.0,Billions of dollars,51298-2019-05-Health-Insurance.xlsx,Table 2,false,51298,"Net Federal Subsidies Associated with Health Insurance Coverage, 2019 to 2029 / Taxes and Penalties Related to Coverage / Net Subsidies",fiscal_year,2026,2026,2026,42,9
Health Insurance,Net Subsidies,2027,1149.0,Billions of dollars,51298-2019-05-Health-Insurance.xlsx,Table 2,false,51298,"Net Federal Subsidies Associated with Health Insurance Coverage, 2019 to 2029 / Taxes and Penalties Related to Coverage / Net Subsidies",fiscal_year,2027,2027,2027,42,10
Health Insurance,Net Subsidies,2028,1211.0,Billions of dollars,51298-2019-05-Health-Insurance.xlsx,Table 2,false,51298,"Net Federal Subsidies Associated with Health Insurance Coverage, 2019 to 2029 / Taxes and Penalties Related to Coverage / Net Subsidies",fiscal_year,2028,2028,2028,42,11
Health Insurance,Net Subsidies,2029,1277.0,Billions of dollars,51298-2019-05-Health-Insurance.xlsx,Table 2,false,51298,"Net Federal Subsidies Associated with Health Insurance Coverage, 2019 to 2029 / Taxes and Penalties Related to Coverage / Net Subsidies",fiscal_year,2029,2029,2029,42,12
Health Insurance,"Collections of Excise Tax on High-Premium Insurance Plans, Including the Associated Effects on Revenues of Changes in Taxable Compensation",2019,0.0,Billions of dollars,51298-2019-05-Health-Insurance.xlsx,Table 2,false,51298,"Net Federal Subsidies Associated with Health Insurance Coverage, 2019 to 2029 / Memorandum: / Collections of Excise Tax on High-Premium Insurance Plans, Including the Associated Effects on Revenues of Changes in Taxable Compensation",fiscal_year,2019,2019,2019,45,2
Health Insurance,"Collections of Excise Tax on High-Premium Insurance Plans, Including the Associated Effects on Revenues of Changes in Taxable Compensation",2020,0.0,Billions of dollars,51298-2019-05-Health-Insurance.xlsx,Table 2,false,51298,"Net Federal Subsidies Associated with Health Insurance Coverage, 2019 to 2029 / Memorandum: / Collections of Excise Tax on High-Premium Insurance Plans, Including the Associated Effects on Revenues of Changes in Taxable Compensation",fiscal_year,2020,2020,2020,45,3
Health Insurance,"Collections of Excise Tax on High-Premium Insurance Plans, Including the Associated Effects on Revenues of Changes in Taxable Compensation",2021,0.0,Billions of dollars,51298-2019-05-Health-Insurance.xlsx,Table 2,false,51298,"Net Federal Subsidies Associated with Health Insurance Coverage, 2019 to 2029 / Memorandum: / Collections of Excise Tax on High-Premium Insurance Plans, Including the Associated Effects on Revenues of Changes in Taxable Compensation",fiscal_year,2021,2021,2021,45,4
Health Insurance,"Collections of Excise Tax on High-Premium Insurance Plans, Including the Associated Effects on Revenues of Changes in Taxable Compensation",2022,-6.0,Billions of dollars,51298-2019-05-Health-Insurance.xlsx,Table 2,false,51298,"Net Federal Subsidies Associated with Health Insurance Coverage, 2019 to 2029 / Memorandum: / Collections of Excise Tax on High-Premium Insurance Plans, Including the Associated Effects on Revenues of Changes in Taxable Compensation",fiscal_year,2022,2022,2022,45,5
Health Insurance,"Collections of Excise Tax on High-Premium Insurance Plans, Including the Associated Effects on Revenues of Changes in Taxable Compensation",2023,-14.0,Billions of dollars,51298-2019-05-Health-Insurance.xlsx,Table 2,false,51298,"Net Federal Subsidies Associated with Health Insurance Coverage, 2019 to 2029 / Memorandum: / Collections of Excise Tax on High-Premium Insurance Plans, Including the Associated Effects on Revenues of Changes in Taxable Compensation",fiscal_year,2023,2023,2023,45,6
Health Insurance,"Collections of Excise Tax on High-Premium Insurance Plans, Including the Associated Effects on Revenues of Changes in Taxable Compensation",2024,-18.0,Billions of dollars,51298-2019-05-Health-Insurance.xlsx,Table 2,false,51298,"Net Federal Subsidies Associated with Health Insurance Coverage, 2019 to 2029 / Memorandum: / Collections of Excise Tax on High-Premium Insurance Plans, Including the Associated Effects on Revenues of Changes in Taxable Compensation",fiscal_year,2024,2024,2024,45,7
Health Insurance,"Collections of Excise Tax on High-Premium Insurance Plans, Including the Associated Effects on Revenues of Changes in Taxable Compensation",2025,-22.0,Billions of dollars,51298-2019-05-Health-Insurance.xlsx,Table 2,false,51298,"Net Federal Subsidies Associated with Health Insurance Coverage, 2019 to 2029 / Memorandum: / Collections of Excise Tax on High-Premium Insurance Plans, Including the Associated Effects on Revenues of Changes in Taxable Compensation",fiscal_year,2025,2025,2025,45,8
Health Insurance,"Collections of Excise Tax on High-Premium Insurance Plans, Including the Associated Effects on Revenues of Changes in Taxable Compensation",2026,-25.0,Billions of dollars,51298-2019-05-Health-Insurance.xlsx,Table 2,false,51298,"Net Federal Subsidies Associated with Health Insurance Coverage, 2019 to 2029 / Memorandum: / Collections of Excise Tax on High-Premium Insurance Plans, Including the Associated Effects on Revenues of Changes in Taxable Compensation",fiscal_year,2026,2026,2026,45,9
Health Insurance,"Collections of Excise Tax on High-Premium Insurance Plans, Including the Associated Effects on Revenues of Changes in Taxable Compensation",2027,-31.0,Billions of dollars,51298-2019-05-Health-Insurance.xlsx,Table 2,false,51298,"Net Federal Subsidies Associated with Health Insurance Coverage, 2019 to 2029 / Memorandum: / Collections of Excise Tax on High-Premium Insurance Plans, Including the Associated Effects on Revenues of Changes in Taxable Compensation",fiscal_year,2027,2027,2027,45,10
Health Insurance,"Collections of Excise Tax on High-Premium Insurance Plans, Including the Associated Effects on Revenues of Changes in Taxable Compensation",2028,-35.0,Billions of dollars,51298-2019-05-Health-Insurance.xlsx,Table 2,false,51298,"Net Federal Subsidies Associated with Health Insurance Coverage, 2019 to 2029 / Memorandum: / Collections of Excise Tax on High-Premium Insurance Plans, Including the Associated Effects on Revenues of Changes in Taxable Compensation",fiscal_year,2028,2028,2028,45,11
Health Insurance,"Collections of Excise Tax on High-Premium Insurance Plans, Including the Associated Effects on Revenues of Changes in Taxable Compensation",2029,-42.0,Billions of dollars,51298-2019-05-Health-Insurance.xlsx,Table 2,false,51298,"Net Federal Subsidies Associated with Health Insurance Coverage, 2019 to 2029 / Memorandum: / Collections of Excise Tax on High-Premium Insurance Plans, Including the Associated Effects on Revenues of Changes in Taxable Compensation",fiscal_year,2029,2029,2029,45,12
Health Insurance,Total Population,2019,273.0,Millions of people,51298-2019-05-Health-Insurance.xlsx,Table 3-1,true,51298,Comparison of Current and Previous Projections of Health Insurance Coverage and Net Federal Subsidies for People Under Age 65 / Total Population,fiscal_year,2019,2019,2019,9,2
Health Insurance,Employment-Based Coverage,2019,159.0,Millions of people,51298-2019-05-Health-Insurance.xlsx,Table 3-1,false,51298,Comparison of Current and Previous Projections of Health Insurance Coverage and Net Federal Subsidies for People Under Age 65 / Employment-Based Coverage,fiscal_year,2019,2019,2019,11,2
Health Insurance,Made eligible for Medicaid by the ACA,2019,12.0,Millions of people,51298-2019-05-Health-Insurance.xlsx,Table 3-1,false,51298,Comparison of Current and Previous Projections of Health Insurance Coverage and Net Federal Subsidies for People Under Age 65 / Medicaid and CHIPb / Made eligible for Medicaid by the ACA,fiscal_year,2019,2019,2019,14,2
Health Insurance,Otherwise eligible for Medicaid,2019,48.0,Millions of people,51298-2019-05-Health-Insurance.xlsx,Table 3-1,false,51298,Comparison of Current and Previous Projections of Health Insurance Coverage and Net Federal Subsidies for People Under Age 65 / Medicaid and CHIPb / Otherwise eligible for Medicaid,fiscal_year,2019,2019,2019,15,2
Health Insurance,CHIP,2019,6.0,Millions of people,51298-2019-05-Health-Insurance.xlsx,Table 3-1,false,51298,Comparison of Current and Previous Projections of Health Insurance Coverage and Net Federal Subsidies for People Under Age 65 / Medicaid and CHIPb / CHIP,fiscal_year,2019,2019,2019,16,2
Health Insurance,Total,2019,66.0,Millions of people,51298-2019-05-Health-Insurance.xlsx,Table 3-1,true,51298,Comparison of Current and Previous Projections of Health Insurance Coverage and Net Federal Subsidies for People Under Age 65 / Medicaid and CHIPb / Total,fiscal_year,2019,2019,2019,18,2
Health Insurance,Subsidized nongroup,2019,7.0,Millions of people,51298-2019-05-Health-Insurance.xlsx,Table 3-1,false,51298,Comparison of Current and Previous Projections of Health Insurance Coverage and Net Federal Subsidies for People Under Age 65 / Nongroup Coverage and the Basic Health Program / Subsidized nongroup,fiscal_year,2019,2019,2019,21,2
Health Insurance,Unsubsidized nongroup,2019,5.0,Millions of people,51298-2019-05-Health-Insurance.xlsx,Table 3-1,false,51298,Comparison of Current and Previous Projections of Health Insurance Coverage and Net Federal Subsidies for People Under Age 65 / Nongroup Coverage and the Basic Health Program / Unsubsidized nongroup,fiscal_year,2019,2019,2019,22,2
Health Insurance,Total,2019,12.0,Millions of people,51298-2019-05-Health-Insurance.xlsx,Table 3-1,true,51298,Comparison of Current and Previous Projections of Health Insurance Coverage and Net Federal Subsidies for People Under Age 65 / Nongroup Coverage and the Basic Health Program / Total,fiscal_year,2019,2019,2019,24,2
Health Insurance,Coverage through the Basic Health Programc,2019,1.0,Millions of people,51298-2019-05-Health-Insurance.xlsx,Table 3-1,false,51298,Comparison of Current and Previous Projections of Health Insurance Coverage and Net Federal Subsidies for People Under Age 65 / Nongroup Coverage and the Basic Health Program / Coverage through the Basic Health Programc,fiscal_year,2019,2019,2019,26,2
Health Insurance,Medicared,2019,8.0,Millions of people,51298-2019-05-Health-Insurance.xlsx,Table 3-1,false,51298,Comparison of Current and Previous Projections of Health Insurance Coverage and Net Federal Subsidies for People Under Age 65 / Nongroup Coverage and the Basic Health Program / Medicared,fiscal_year,2019,2019,2019,28,2
Health Insurance,Other Coveragee,2019,5.0,Millions of people,51298-2019-05-Health-Insurance.xlsx,Table 3-1,false,51298,Comparison of Current and Previous Projections of Health Insurance Coverage and Net Federal Subsidies for People Under Age 65 / Nongroup Coverage and the Basic Health Program / Other Coveragee,fiscal_year,2019,2019,2019,30,2
Health Insurance,Uninsuredf,2019,32.0,Millions of people,51298-2019-05-Health-Insurance.xlsx,Table 3-1,false,51298,Comparison of Current and Previous Projections of Health Insurance Coverage and Net Federal Subsidies for People Under Age 65 / Nongroup Coverage and the Basic Health Program / Uninsuredf,fiscal_year,2019,2019,2019,32,2
Health Insurance,Tax exclusion for employment-based coverageh,2019,276.0,Billions of dollars,51298-2019-05-Health-Insurance.xlsx,Table 3-1,false,51298,Comparison of Current and Previous Projections of Health Insurance Coverage and Net Federal Subsidies for People Under Age 65 / Work-Related Coverage / Tax exclusion for employment-based coverageh,fiscal_year,2019,2019,2019,39,2
Health Insurance,Income tax deduction for self-employment health insurancei,2019,5.0,Billions of dollars,51298-2019-05-Health-Insurance.xlsx,Table 3-1,false,51298,Comparison of Current and Previous Projections of Health Insurance Coverage and Net Federal Subsidies for People Under Age 65 / Work-Related Coverage / Income tax deduction for self-employment health insurancei,fiscal_year,2019,2019,2019,40,2
Health Insurance,Small-employer tax credits,2019,1.0,Billions of dollars,51298-2019-05-Health-Insurance.xlsx,Table 3-1,false,51298,Comparison of Current and Previous Projections of Health Insurance Coverage and Net Federal Subsidies for People Under Age 65 / Work-Related Coverage / Small-employer tax credits,fiscal_year,2019,2019,2019,41,2
Health Insurance,Subtotal,2019,282.0,Billions of dollars,51298-2019-05-Health-Insurance.xlsx,Table 3-1,true,51298,Comparison of Current and Previous Projections of Health Insurance Coverage and Net Federal Subsidies for People Under Age 65 / Work-Related Coverage / Subtotal,fiscal_year,2019,2019,2019,43,2
Health Insurance,Made eligible for Medicaid by the ACA,2019,62.0,Billions of dollars,51298-2019-05-Health-Insurance.xlsx,Table 3-1,false,51298,Comparison of Current and Previous Projections of Health Insurance Coverage and Net Federal Subsidies for People Under Age 65 / Medicaid and CHIPj / Made eligible for Medicaid by the ACA,fiscal_year,2019,2019,2019,46,2
Health Insurance,Otherwise eligible for Medicaid,2019,233.0,Billions of dollars,51298-2019-05-Health-Insurance.xlsx,Table 3-1,false,51298,Comparison of Current and Previous Projections of Health Insurance Coverage and Net Federal Subsidies for People Under Age 65 / Medicaid and CHIPj / Otherwise eligible for Medicaid,fiscal_year,2019,2019,2019,47,2
Health Insurance,CHIP,2019,16.0,Billions of dollars,51298-2019-05-Health-Insurance.xlsx,Table 3-1,false,51298,Comparison of Current and Previous Projections of Health Insurance Coverage and Net Federal Subsidies for People Under Age 65 / Medicaid and CHIPj / CHIP,fiscal_year,2019,2019,2019,48,2
Health Insurance,Subtotal,2019,310.0,Billions of dollars,51298-2019-05-Health-Insurance.xlsx,Table 3-1,true,51298,Comparison of Current and Previous Projections of Health Insurance Coverage and Net Federal Subsidies for People Under Age 65 / Medicaid and CHIPj / Subtotal,fiscal_year,2019,2019,2019,50,2
Health Insurance,Premium tax credits,2019,53.0,Billions of dollars,51298-2019-05-Health-Insurance.xlsx,Table 3-1,false,51298,Comparison of Current and Previous Projections of Health Insurance Coverage and Net Federal Subsidies for People Under Age 65 / Marketplace-Related Coverage and the Basic Health Program / Premium tax credits,fiscal_year,2019,2019,2019,54,2
Health Insurance,Outlays for the Basic Health Program,2019,4.0,Billions of dollars,51298-2019-05-Health-Insurance.xlsx,Table 3-1,false,51298,Comparison of Current and Previous Projections of Health Insurance Coverage and Net Federal Subsidies for People Under Age 65 / Marketplace-Related Coverage and the Basic Health Program / Outlays for the Basic Health Program,fiscal_year,2019,2019,2019,55,2
Health Insurance,Subtotal,2019,57.0,Billions of dollars,51298-2019-05-Health-Insurance.xlsx,Table 3-1,true,51298,Comparison of Current and Previous Projections of Health Insurance Coverage and Net Federal Subsidies for People Under Age 65 / Marketplace-Related Coverage and the Basic Health Program / Subtotal,fiscal_year,2019,2019,2019,57,2
Health Insurance,Medicarek,2019,84.0,Billions of dollars,51298-2019-05-Health-Insurance.xlsx,Table 3-1,false,51298,Comparison of Current and Previous Projections of Health Insurance Coverage and Net Federal Subsidies for People Under Age 65 / Marketplace-Related Coverage and the Basic Health Program / Medicarek,fiscal_year,2019,2019,2019,59,2
Health Insurance,Gross collections of excise tax on high-premium insurance plansl,2019,0.0,Billions of dollars,51298-2019-05-Health-Insurance.xlsx,Table 3-1,false,51298,Comparison of Current and Previous Projections of Health Insurance Coverage and Net Federal Subsidies for People Under Age 65 / Taxes and Penalties Related to Coverage / Gross collections of excise tax on high-premium insurance plansl,fiscal_year,2019,2019,2019,62,2
Health Insurance,Penalty payments by uninsured people,2019,-3.0,Billions of dollars,51298-2019-05-Health-Insurance.xlsx,Table 3-1,false,51298,Comparison of Current and Previous Projections of Health Insurance Coverage and Net Federal Subsidies for People Under Age 65 / Taxes and Penalties Related to Coverage / Penalty payments by uninsured people,fiscal_year,2019,2019,2019,63,2
Health Insurance,Net receipts from tax on health insurance providersm,2019,0.0,Billions of dollars,51298-2019-05-Health-Insurance.xlsx,Table 3-1,false,51298,Comparison of Current and Previous Projections of Health Insurance Coverage and Net Federal Subsidies for People Under Age 65 / Taxes and Penalties Related to Coverage / Net receipts from tax on health insurance providersm,fiscal_year,2019,2019,2019,64,2
Health Insurance,Gross collections of employer penaltiesl,2019,-8.0,Billions of dollars,51298-2019-05-Health-Insurance.xlsx,Table 3-1,false,51298,Comparison of Current and Previous Projections of Health Insurance Coverage and Net Federal Subsidies for People Under Age 65 / Taxes and Penalties Related to Coverage / Gross collections of employer penaltiesl,fiscal_year,2019,2019,2019,65,2
Health Insurance,Subtotal,2019,-11.0,Billions of dollars,51298-2019-05-Health-Insurance.xlsx,Table 3-1,true,51298,Comparison of Current and Previous Projections of Health Insurance Coverage and Net Federal Subsidies for People Under Age 65 / Taxes and Penalties Related to Coverage / Subtotal,fiscal_year,2019,2019,2019,67,2
Health Insurance,Net Subsidiesm,2019,723.0,Billions of dollars,51298-2019-05-Health-Insurance.xlsx,Table 3-1,false,51298,Comparison of Current and Previous Projections of Health Insurance Coverage and Net Federal Subsidies for People Under Age 65 / Taxes and Penalties Related to Coverage / Net Subsidiesm,fiscal_year,2019,2019,2019,69,2
Health Insurance,Total Population,2019,273.0,Millions of people,51298-2019-05-Health-Insurance.xlsx,Table 3,true,51298,Comparison of Current and Previous Projections of Health Insurance Coverage and Net Federal Subsidies / Total Population,fiscal_year,2019,2019,2019,6,2
Health Insurance,Employment-Based Coverage,2019,159.0,Millions of people,51298-2019-05-Health-Insurance.xlsx,Table 3,false,51298,Comparison of Current and Previous Projections of Health Insurance Coverage and Net Federal Subsidies / Employment-Based Coverage,fiscal_year,2019,2019,2019,8,2
Health Insurance,Adults made eligible for Medicaid by the ACA,2019,12.0,Millions of people,51298-2019-05-Health-Insurance.xlsx,Table 3,false,51298,Comparison of Current and Previous Projections of Health Insurance Coverage and Net Federal Subsidies / Medicaid and CHIP b / Adults made eligible for Medicaid by the ACA,fiscal_year,2019,2019,2019,11,2
Health Insurance,People otherwise eligible for Medicaid,2019,48.0,Millions of people,51298-2019-05-Health-Insurance.xlsx,Table 3,false,51298,Comparison of Current and Previous Projections of Health Insurance Coverage and Net Federal Subsidies / Medicaid and CHIP b / People otherwise eligible for Medicaid,fiscal_year,2019,2019,2019,12,2
Health Insurance,CHIP,2019,6.0,Millions of people,51298-2019-05-Health-Insurance.xlsx,Table 3,false,51298,Comparison of Current and Previous Projections of Health Insurance Coverage and Net Federal Subsidies / Medicaid and CHIP b / CHIP,fiscal_year,2019,2019,2019,13,2
Health Insurance,Total,2019,66.0,Millions of people,51298-2019-05-Health-Insurance.xlsx,Table 3,true,51298,Comparison of Current and Previous Projections of Health Insurance Coverage and Net Federal Subsidies / Medicaid and CHIP b / Total,fiscal_year,2019,2019,2019,15,2
Health Insurance,Subsidized nongroup,2019,7.0,Millions of people,51298-2019-05-Health-Insurance.xlsx,Table 3,false,51298,Comparison of Current and Previous Projections of Health Insurance Coverage and Net Federal Subsidies / Nongroup Coverage and the Basic Health Program / Subsidized nongroup,fiscal_year,2019,2019,2019,17,2
Health Insurance,Unsubsidized nongroup,2019,5.0,Millions of people,51298-2019-05-Health-Insurance.xlsx,Table 3,false,51298,Comparison of Current and Previous Projections of Health Insurance Coverage and Net Federal Subsidies / Nongroup Coverage and the Basic Health Program / Unsubsidized nongroup,fiscal_year,2019,2019,2019,18,2
Health Insurance,"Total, nongroup coverage",2019,12.0,Millions of people,51298-2019-05-Health-Insurance.xlsx,Table 3,true,51298,"Comparison of Current and Previous Projections of Health Insurance Coverage and Net Federal Subsidies / Nongroup Coverage and the Basic Health Program / Total, nongroup coverage",fiscal_year,2019,2019,2019,20,2
Health Insurance,Coverage through the Basic Health Program c,2019,1.0,Millions of people,51298-2019-05-Health-Insurance.xlsx,Table 3,false,51298,Comparison of Current and Previous Projections of Health Insurance Coverage and Net Federal Subsidies / Nongroup Coverage and the Basic Health Program / Coverage through the Basic Health Program c,fiscal_year,2019,2019,2019,21,2
Health Insurance,Medicare d,2019,8.0,Millions of people,51298-2019-05-Health-Insurance.xlsx,Table 3,false,51298,Comparison of Current and Previous Projections of Health Insurance Coverage and Net Federal Subsidies / Nongroup Coverage and the Basic Health Program / Medicare d,fiscal_year,2019,2019,2019,23,2
Health Insurance,Other Coverage e,2019,5.0,Millions of people,51298-2019-05-Health-Insurance.xlsx,Table 3,false,51298,Comparison of Current and Previous Projections of Health Insurance Coverage and Net Federal Subsidies / Nongroup Coverage and the Basic Health Program / Other Coverage e,fiscal_year,2019,2019,2019,25,2
Health Insurance,Uninsured f,2019,32.0,Millions of people,51298-2019-05-Health-Insurance.xlsx,Table 3,false,51298,Comparison of Current and Previous Projections of Health Insurance Coverage and Net Federal Subsidies / Nongroup Coverage and the Basic Health Program / Uninsured f,fiscal_year,2019,2019,2019,27,2
Health Insurance,Tax exclusion for employment-based coverage h,2019,276.0,Billions of dollars,51298-2019-05-Health-Insurance.xlsx,Table 3,false,51298,Comparison of Current and Previous Projections of Health Insurance Coverage and Net Federal Subsidies / Work-Related Coverage / Tax exclusion for employment-based coverage h,fiscal_year,2019,2019,2019,31,2
Health Insurance,Income tax deduction for self-employment health insurance i,2019,5.0,Billions of dollars,51298-2019-05-Health-Insurance.xlsx,Table 3,false,51298,Comparison of Current and Previous Projections of Health Insurance Coverage and Net Federal Subsidies / Work-Related Coverage / Income tax deduction for self-employment health insurance i,fiscal_year,2019,2019,2019,32,2
Health Insurance,Small-employer tax credits,2019,1.0,Billions of dollars,51298-2019-05-Health-Insurance.xlsx,Table 3,false,51298,Comparison of Current and Previous Projections of Health Insurance Coverage and Net Federal Subsidies / Work-Related Coverage / Small-employer tax credits,fiscal_year,2019,2019,2019,33,2
Health Insurance,Subtotal,2019,282.0,Billions of dollars,51298-2019-05-Health-Insurance.xlsx,Table 3,true,51298,Comparison of Current and Previous Projections of Health Insurance Coverage and Net Federal Subsidies / Work-Related Coverage / Subtotal,fiscal_year,2019,2019,2019,35,2
Health Insurance,Adults made eligible for Medicaid by the ACA,2019,62.0,Billions of dollars,51298-2019-05-Health-Insurance.xlsx,Table 3,false,51298,Comparison of Current and Previous Projections of Health Insurance Coverage and Net Federal Subsidies / Medicaid and CHIP j / Adults made eligible for Medicaid by the ACA,fiscal_year,2019,2019,2019,38,2
Health Insurance,People otherwise eligible for Medicaid,2019,233.0,Billions of dollars,51298-2019-05-Health-Insurance.xlsx,Table 3,false,51298,Comparison of Current and Previous Projections of Health Insurance Coverage and Net Federal Subsidies / Medicaid and CHIP j / People otherwise eligible for Medicaid,fiscal_year,2019,2019,2019,39,2
Health Insurance,CHIP,2019,16.0,Billions of dollars,51298-2019-05-Health-Insurance.xlsx,Table 3,false,51298,Comparison of Current and Previous Projections of Health Insurance Coverage and Net Federal Subsidies / Medicaid and CHIP j / CHIP,fiscal_year,2019,2019,2019,40,2
Health Insurance,Subtotal,2019,310.0,Billions of dollars,51298-2019-05-Health-Insurance.xlsx,Table 3,true,51298,Comparison of Current and Previous Projections of Health Insurance Coverage and Net Federal Subsidies / Medicaid and CHIP j / Subtotal,fiscal_year,2019,2019,2019,42,2
Health Insurance,Premium tax credits,2019,53.0,Billions of dollars,51298-2019-05-Health-Insurance.xlsx,Table 3,false,51298,Comparison of Current and Previous Projections of Health Insurance Coverage and Net Federal Subsidies / Marketplace-Related Coverage and the Basic Health Program / Premium tax credits,fiscal_year,2019,2019,2019,45,2
Health Insurance,Outlays for the Basic Health Program,2019,4.0,Billions of dollars,51298-2019-05-Health-Insurance.xlsx,Table 3,false,51298,Comparison of Current and Previous Projections of Health Insurance Coverage and Net Federal Subsidies / Marketplace-Related Coverage and the Basic Health Program / Outlays for the Basic Health Program,fiscal_year,2019,2019,2019,46,2
Health Insurance,Subtotal,2019,57.0,Billions of dollars,51298-2019-05-Health-Insurance.xlsx,Table 3,true,51298,Comparison of Current and Previous Projections of Health Insurance Coverage and Net Federal Subsidies / Net collections and payments for risk adjustment and reinsurance / Subtotal,fiscal_year,2019,2019,2019,49,2
Health Insurance,Medicare k,2019,84.0,Billions of dollars,51298-2019-05-Health-Insurance.xlsx,Table 3,false,51298,Comparison of Current and Previous Projections of Health Insurance Coverage and Net Federal Subsidies / Net collections and payments for risk adjustment and reinsurance / Medicare k,fiscal_year,2019,2019,2019,51,2
Health Insurance,Gross collections of excise tax on high-premium insurance plans l,2019,0.0,Billions of dollars,51298-2019-05-Health-Insurance.xlsx,Table 3,false,51298,Comparison of Current and Previous Projections of Health Insurance Coverage and Net Federal Subsidies / Taxes and Penalties Related to Coverage / Gross collections of excise tax on high-premium insurance plans l,fiscal_year,2019,2019,2019,54,2
Health Insurance,Penalty payments by uninsured people,2019,-3.0,Billions of dollars,51298-2019-05-Health-Insurance.xlsx,Table 3,false,51298,Comparison of Current and Previous Projections of Health Insurance Coverage and Net Federal Subsidies / Taxes and Penalties Related to Coverage / Penalty payments by uninsured people,fiscal_year,2019,2019,2019,55,2
Health Insurance,Net receipts from tax on health insurance providers m,2019,0.0,Billions of dollars,51298-2019-05-Health-Insurance.xlsx,Table 3,false,51298,Comparison of Current and Previous Projections of Health Insurance Coverage and Net Federal Subsidies / Taxes and Penalties Related to Coverage / Net receipts from tax on health insurance providers m,fiscal_year,2019,2019,2019,56,2
Health Insurance,Gross collections of employer penalties l,2019,-8.0,Billions of dollars,51298-2019-05-Health-Insurance.xlsx,Table 3,false,51298,Comparison of Current and Previous Projections of Health Insurance Coverage and Net Federal Subsidies / Taxes and Penalties Related to Coverage / Gross collections of employer penalties l,fiscal_year,2019,2019,2019,57,2
Health Insurance,Subtotal,2019,-11.0,Billions of dollars,51298-2019-05-Health-Insurance.xlsx,Table 3,true,51298,Comparison of Current and Previous Projections of Health Insurance Coverage and Net Federal Subsidies / Taxes and Penalties Related to Coverage / Subtotal,fiscal_year,2019,2019,2019,59,2
Health Insurance,Net Subsidies,2019,723.0,Billions of dollars,51298-2019-05-Health-Insurance.xlsx,Table 3,false,51298,Comparison of Current and Previous Projections of Health Insurance Coverage and Net Federal Subsidies / Taxes and Penalties Related to Coverage / Net Subsidies,fiscal_year,2019,2019,2019,61,2
Health Insurance,Employment Based Coverage,,157.18885293854305,Millions of people,51298-2019-05-Health-Insurance.xlsx,Table 4-1,false,51298,Employment Based Coverage / Projection,calendar_year,2018,2018,2018,11,7
Health Insurance,Employment Based Coverage,,158.0,Millions of people,51298-2019-05-Health-Insurance.xlsx,Table 4-1,false,51298,Employment Based Coverage / Projection,calendar_year,2018,2018,2018,11,10
Health Insurance,Made Eligible for Medicaid by the ACA,,12.6,Millions of people,51298-2019-05-Health-Insurance.xlsx,Table 4-1,false,51298,Medicaid and CHIP / Made Eligible for Medicaid by the ACA / Projection,calendar_year,2018,2018,2018,14,7
Health Insurance,Made Eligible for Medicaid by the ACA,,12.0,Millions of people,51298-2019-05-Health-Insurance.xlsx,Table 4-1,false,51298,Medicaid and CHIP / Made Eligible for Medicaid by the ACA / Projection,calendar_year,2018,2018,2018,14,10
Health Insurance,Made Eligible for Medicaid by the ACA,,11.8,Millions of people,51298-2019-05-Health-Insurance.xlsx,Table 4-1,false,51298,Medicaid and CHIP / Made Eligible for Medicaid by the ACA / Actual,calendar_year,2018,2018,2018,14,13
Health Insurance,Made Eligible for Medicaid by the ACA,,0.7999999999999989,Millions of people,51298-2019-05-Health-Insurance.xlsx,Table 4-1,false,51298,"Medicaid and CHIP / Made Eligible for Medicaid by the ACA / Difference, 7.461999999999989",calendar_year,2018,2018,2018,14,16
Health Insurance,Made Eligible for Medicaid by the ACA,,0.1999999999999993,Millions of people,51298-2019-05-Health-Insurance.xlsx,Table 4-1,false,51298,Medicaid and CHIP / Made Eligible for Medicaid by the ACA / May18 7.461999999999989,calendar_year,2018,2018,2018,14,19
Health Insurance,Otherwise Eligible for Medicaid,,50.980000000000004,Millions of people,51298-2019-05-Health-Insurance.xlsx,Table 4-1,false,51298,Medicaid and CHIP / Otherwise Eligible for Medicaid / Projection,calendar_year,2018,2018,2018,15,7
Health Insurance,Otherwise Eligible for Medicaid,,49.0,Millions of people,51298-2019-05-Health-Insurance.xlsx,Table 4-1,false,51298,Medicaid and CHIP / Otherwise Eligible for Medicaid / Projection,calendar_year,2018,2018,2018,15,10
Health Insurance,Otherwise Eligible for Medicaid,,50.3,Millions of people,51298-2019-05-Health-Insurance.xlsx,Table 4-1,false,51298,Medicaid and CHIP / Otherwise Eligible for Medicaid / Actual,calendar_year,2018,2018,2018,15,13
Health Insurance,Otherwise Eligible for Medicaid,,0.6800000000000068,Millions of people,51298-2019-05-Health-Insurance.xlsx,Table 4-1,false,51298,"Medicaid and CHIP / Otherwise Eligible for Medicaid / Difference, 7.461999999999989",calendar_year,2018,2018,2018,15,16
Health Insurance,Otherwise Eligible for Medicaid,,-1.2999999999999972,Millions of people,51298-2019-05-Health-Insurance.xlsx,Table 4-1,false,51298,Medicaid and CHIP / Otherwise Eligible for Medicaid / May18 7.461999999999989,calendar_year,2018,2018,2018,15,19
Health Insurance,CHIP,,4.5600000000000005,Millions of people,51298-2019-05-Health-Insurance.xlsx,Table 4-1,false,51298,Medicaid and CHIP / CHIP / Projection,calendar_year,2018,2018,2018,16,7
Health Insurance,CHIP,,6.0,Millions of people,51298-2019-05-Health-Insurance.xlsx,Table 4-1,false,51298,Medicaid and CHIP / CHIP / Projection,calendar_year,2018,2018,2018,16,10
Health Insurance,CHIP,,7.1,Millions of people,51298-2019-05-Health-Insurance.xlsx,Table 4-1,false,51298,Medicaid and CHIP / CHIP / Actual,calendar_year,2018,2018,2018,16,13
Health Insurance,CHIP,,-2.539999999999999,Millions of people,51298-2019-05-Health-Insurance.xlsx,Table 4-1,false,51298,"Medicaid and CHIP / CHIP / Difference, 7.461999999999989",calendar_year,2018,2018,2018,16,16
Health Insurance,CHIP,,-1.0999999999999996,Millions of people,51298-2019-05-Health-Insurance.xlsx,Table 4-1,false,51298,Medicaid and CHIP / CHIP / May18 7.461999999999989,calendar_year,2018,2018,2018,16,19
Health Insurance,Subtotal,,68.14,Millions of people,51298-2019-05-Health-Insurance.xlsx,Table 4-1,true,51298,Medicaid and CHIP / Subtotal / Projection,calendar_year,2018,2018,2018,18,7
Health Insurance,Subtotal,,67.0,Millions of people,51298-2019-05-Health-Insurance.xlsx,Table 4-1,true,51298,Medicaid and CHIP / Subtotal / Projection,calendar_year,2018,2018,2018,18,10
Health Insurance,Subtotal,,69.19999999999999,Millions of people,51298-2019-05-Health-Insurance.xlsx,Table 4-1,true,51298,Medicaid and CHIP / Subtotal / Actual,calendar_year,2018,2018,2018,18,13
Health Insurance,Subtotal,,-1.059999999999988,Millions of people,51298-2019-05-Health-Insurance.xlsx,Table 4-1,true,51298,"Medicaid and CHIP / Subtotal / Difference, 7.461999999999989",calendar_year,2018,2018,2018,18,16
Health Insurance,Subtotal,,-2.1999999999999886,Millions of people,51298-2019-05-Health-Insurance.xlsx,Table 4-1,true,51298,Medicaid and CHIP / Subtotal / May18 7.461999999999989,calendar_year,2018,2018,2018,18,19
Health Insurance,Subsidized,,9.497942891729949,Millions of people,51298-2019-05-Health-Insurance.xlsx,Table 4-1,false,51298,Nongroup Coverage and Basic Health Program / Purchased Through Marketplaces / Subsidized / Projection,calendar_year,2018,2018,2018,22,7
Health Insurance,Subsidized,,8.0,Millions of people,51298-2019-05-Health-Insurance.xlsx,Table 4-1,false,51298,Nongroup Coverage and Basic Health Program / Purchased Through Marketplaces / Subsidized / Projection,calendar_year,2018,2018,2018,22,10
Health Insurance,Subsidized,,8.41,Millions of people,51298-2019-05-Health-Insurance.xlsx,Table 4-1,false,51298,Nongroup Coverage and Basic Health Program / Purchased Through Marketplaces / Subsidized / Actual,calendar_year,2018,2018,2018,22,13
Health Insurance,Subsidized,,1.0879428917299485,Millions of people,51298-2019-05-Health-Insurance.xlsx,Table 4-1,false,51298,"Nongroup Coverage and Basic Health Program / Purchased Through Marketplaces / Subsidized / Difference, 7.461999999999989",calendar_year,2018,2018,2018,22,16
Health Insurance,Subsidized,,-0.41000000000000014,Millions of people,51298-2019-05-Health-Insurance.xlsx,Table 4-1,false,51298,Nongroup Coverage and Basic Health Program / Purchased Through Marketplaces / Subsidized / May18 7.461999999999989,calendar_year,2018,2018,2018,22,19
Health Insurance,Unsubsidized,,2.0,Millions of people,51298-2019-05-Health-Insurance.xlsx,Table 4-1,false,51298,Nongroup Coverage and Basic Health Program / Purchased Through Marketplaces / Unsubsidized / Projection,calendar_year,2018,2018,2018,23,7
Health Insurance,Unsubsidized,,2.0,Millions of people,51298-2019-05-Health-Insurance.xlsx,Table 4-1,false,51298,Nongroup Coverage and Basic Health Program / Purchased Through Marketplaces / Unsubsidized / Projection,calendar_year,2018,2018,2018,23,10
Health Insurance,Unsubsidized,,1.3,Millions of people,51298-2019-05-Health-Insurance.xlsx,Table 4-1,false,51298,Nongroup Coverage and Basic Health Program / Purchased Through Marketplaces / Unsubsidized / Actual,calendar_year,2018,2018,2018,23,13
Health Insurance,Unsubsidized,,0.7,Millions of people,51298-2019-05-Health-Insurance.xlsx,Table 4-1,false,51298,"Nongroup Coverage and Basic Health Program / Purchased Through Marketplaces / Unsubsidized / Difference, 7.461999999999989",calendar_year,2018,2018,2018,23,16
Health Insurance,Unsubsidized,,0.7,Millions of people,51298-2019-05-Health-Insurance.xlsx,Table 4-1,false,51298,Nongroup Coverage and Basic Health Program / Purchased Through Marketplaces / Unsubsidized / May18 7.461999999999989,calendar_year,2018,2018,2018,23,19
Health Insurance,Subtotal,,11.0,Millions of people,51298-2019-05-Health-Insurance.xlsx,Table 4-1,true,51298,Nongroup Coverage and Basic Health Program / Purchased Through Marketplaces / Subtotal / Projection,calendar_year,2018,2018,2018,25,7
Health Insurance,Subtotal,,9.0,Millions of people,51298-2019-05-Health-Insurance.xlsx,Table 4-1,true,51298,Nongroup Coverage and Basic Health Program / Purchased Through Marketplaces / Subtotal / Projection,calendar_year,2018,2018,2018,25,10
Health Insurance,Subtotal,,9.71,Millions of people,51298-2019-05-Health-Insurance.xlsx,Table 4-1,true,51298,Nongroup Coverage and Basic Health Program / Purchased Through Marketplaces / Subtotal / Actual,calendar_year,2018,2018,2018,25,13
Health Insurance,Subtotal,,1.0,Millions of people,51298-2019-05-Health-Insurance.xlsx,Table 4-1,true,51298,"Nongroup Coverage and Basic Health Program / Purchased Through Marketplaces / Subtotal / Difference, 7.461999999999989",calendar_year,2018,2018,2018,25,16
Health Insurance,Subtotal,,-1.0,Millions of people,51298-2019-05-Health-Insurance.xlsx,Table 4-1,true,51298,Nongroup Coverage and Basic Health Program / Purchased Through Marketplaces / Subtotal / May18 7.461999999999989,calendar_year,2018,2018,2018,25,19
Health Insurance,Purchased Outside Marketplaces,,5.0,Millions of people,51298-2019-05-Health-Insurance.xlsx,Table 4-1,false,51298,Nongroup Coverage and Basic Health Program / Purchased Through Marketplaces / Purchased Outside Marketplaces / Projection,calendar_year,2018,2018,2018,27,7
Health Insurance,Purchased Outside Marketplaces,,5.0,Millions of people,51298-2019-05-Health-Insurance.xlsx,Table 4-1,false,51298,Nongroup Coverage and Basic Health Program / Purchased Through Marketplaces / Purchased Outside Marketplaces / Projection,calendar_year,2018,2018,2018,27,10
Health Insurance,Purchased Outside Marketplaces,,4.9,Millions of people,51298-2019-05-Health-Insurance.xlsx,Table 4-1,false,51298,Nongroup Coverage and Basic Health Program / Purchased Through Marketplaces / Purchased Outside Marketplaces / Actual,calendar_year,2018,2018,2018,27,13
Health Insurance,Purchased Outside Marketplaces,,0.09999999999999964,Millions of people,51298-2019-05-Health-Insurance.xlsx,Table 4-1,false,51298,"Nongroup Coverage and Basic Health Program / Purchased Through Marketplaces / Purchased Outside Marketplaces / Difference, 7.461999999999989",calendar_year,2018,2018,2018,27,16
Health Insurance,Purchased Outside Marketplaces,,0.09999999999999964,Millions of people,51298-2019-05-Health-Insurance.xlsx,Table 4-1,false,51298,Nongroup Coverage and Basic Health Program / Purchased Through Marketplaces / Purchased Outside Marketplaces / May18 7.461999999999989,calendar_year,2018,2018,2018,27,19
Health Insurance,"Subtotal, Nongroup Coverage",,16.0,Millions of people,51298-2019-05-Health-Insurance.xlsx,Table 4-1,true,51298,"Nongroup Coverage and Basic Health Program / Purchased Through Marketplaces / Subtotal, Nongroup Coverage / Projection",calendar_year,2018,2018,2018,29,7
Health Insurance,"Subtotal, Nongroup Coverage",,14.0,Millions of people,51298-2019-05-Health-Insurance.xlsx,Table 4-1,true,51298,"Nongroup Coverage and Basic Health Program / Purchased Through Marketplaces / Subtotal, Nongroup Coverage / Projection",calendar_year,2018,2018,2018,29,10
Health Insurance,"Subtotal, Nongroup Coverage",,14.610000000000001,Millions of people,51298-2019-05-Health-Insurance.xlsx,Table 4-1,true,51298,"Nongroup Coverage and Basic Health Program / Purchased Through Marketplaces / Subtotal, Nongroup Coverage / Actual",calendar_year,2018,2018,2018,29,13
Health Insurance,"Subtotal, Nongroup Coverage",,1.0999999999999996,Millions of people,51298-2019-05-Health-Insurance.xlsx,Table 4-1,true,51298,"Nongroup Coverage and Basic Health Program / Purchased Through Marketplaces / Subtotal, Nongroup Coverage / Difference, 7.461999999999989",calendar_year,2018,2018,2018,29,16
Health Insurance,"Subtotal, Nongroup Coverage",,-0.9000000000000004,Millions of people,51298-2019-05-Health-Insurance.xlsx,Table 4-1,true,51298,"Nongroup Coverage and Basic Health Program / Purchased Through Marketplaces / Subtotal, Nongroup Coverage / May18 7.461999999999989",calendar_year,2018,2018,2018,29,19
Health Insurance,Basic Health Programb,,1.0,Millions of people,51298-2019-05-Health-Insurance.xlsx,Table 4-1,false,51298,Nongroup Coverage and Basic Health Program / Basic Health Programb / Projection,calendar_year,2018,2018,2018,31,7
Health Insurance,Basic Health Programb,,1.0,Millions of people,51298-2019-05-Health-Insurance.xlsx,Table 4-1,false,51298,Nongroup Coverage and Basic Health Program / Basic Health Programb / Projection,calendar_year,2018,2018,2018,31,10
Health Insurance,Basic Health Programb,,0.8,Millions of people,51298-2019-05-Health-Insurance.xlsx,Table 4-1,false,51298,Nongroup Coverage and Basic Health Program / Basic Health Programb / Actual,calendar_year,2018,2018,2018,31,13
Health Insurance,Basic Health Programb,,0.19999999999999996,Millions of people,51298-2019-05-Health-Insurance.xlsx,Table 4-1,false,51298,"Nongroup Coverage and Basic Health Program / Basic Health Programb / Difference, 7.461999999999989",calendar_year,2018,2018,2018,31,16
Health Insurance,Basic Health Programb,,0.19999999999999996,Millions of people,51298-2019-05-Health-Insurance.xlsx,Table 4-1,false,51298,Nongroup Coverage and Basic Health Program / Basic Health Programb / May18 7.461999999999989,calendar_year,2018,2018,2018,31,19
Health Insurance,Medicare,,8.0,Millions of people,51298-2019-05-Health-Insurance.xlsx,Table 4-1,false,51298,Nongroup Coverage and Basic Health Program / Medicare / Projection,calendar_year,2018,2018,2018,33,7
Health Insurance,Medicare,,8.0,Millions of people,51298-2019-05-Health-Insurance.xlsx,Table 4-1,false,51298,Nongroup Coverage and Basic Health Program / Medicare / Projection,calendar_year,2018,2018,2018,33,10
Health Insurance,Medicare,,8.2,Millions of people,51298-2019-05-Health-Insurance.xlsx,Table 4-1,false,51298,Nongroup Coverage and Basic Health Program / Medicare / Actual,calendar_year,2018,2018,2018,33,13
Health Insurance,Medicare,,-0.1999999999999993,Millions of people,51298-2019-05-Health-Insurance.xlsx,Table 4-1,false,51298,"Nongroup Coverage and Basic Health Program / Medicare / Difference, 7.461999999999989",calendar_year,2018,2018,2018,33,16
Health Insurance,Medicare,,-0.1999999999999993,Millions of people,51298-2019-05-Health-Insurance.xlsx,Table 4-1,false,51298,Nongroup Coverage and Basic Health Program / Medicare / May18 7.461999999999989,calendar_year,2018,2018,2018,33,19
Health Insurance,Other Coverage,,5.0,Millions of people,51298-2019-05-Health-Insurance.xlsx,Table 4-1,false,51298,Nongroup Coverage and Basic Health Program / Other Coverage / Projection,calendar_year,2018,2018,2018,35,7
Health Insurance,Other Coverage,,5.0,Millions of people,51298-2019-05-Health-Insurance.xlsx,Table 4-1,false,51298,Nongroup Coverage and Basic Health Program / Other Coverage / Projection,calendar_year,2018,2018,2018,35,10
Health Insurance,Other Coverage,,3.1,Millions of people,51298-2019-05-Health-Insurance.xlsx,Table 4-1,false,51298,Nongroup Coverage and Basic Health Program / Other Coverage / Actual,calendar_year,2018,2018,2018,35,13
Health Insurance,Other Coverage,,1.9,Millions of people,51298-2019-05-Health-Insurance.xlsx,Table 4-1,false,51298,"Nongroup Coverage and Basic Health Program / Other Coverage / Difference, 7.461999999999989",calendar_year,2018,2018,2018,35,16
Health Insurance,Other Coverage,,1.9,Millions of people,51298-2019-05-Health-Insurance.xlsx,Table 4-1,false,51298,Nongroup Coverage and Basic Health Program / Other Coverage / May18 7.461999999999989,calendar_year,2018,2018,2018,35,19
Health Insurance,Uninsuredc,,30.0,Millions of people,51298-2019-05-Health-Insurance.xlsx,Table 4-1,false,51298,Nongroup Coverage and Basic Health Program / Uninsuredc / Projection,calendar_year,2018,2018,2018,37,7
Health Insurance,Uninsuredc,,29.0,Millions of people,51298-2019-05-Health-Insurance.xlsx,Table 4-1,false,51298,Nongroup Coverage and Basic Health Program / Uninsuredc / Projection,calendar_year,2018,2018,2018,37,10
Health Insurance,Uninsuredc,,28.9,Millions of people,51298-2019-05-Health-Insurance.xlsx,Table 4-1,false,51298,Nongroup Coverage and Basic Health Program / Uninsuredc / Actual,calendar_year,2018,2018,2018,37,13
Health Insurance,Uninsuredc,,1.1000000000000014,Millions of people,51298-2019-05-Health-Insurance.xlsx,Table 4-1,false,51298,"Nongroup Coverage and Basic Health Program / Uninsuredc / Difference, 7.461999999999989",calendar_year,2018,2018,2018,37,16
Health Insurance,Uninsuredc,,0.10000000000000142,Millions of people,51298-2019-05-Health-Insurance.xlsx,Table 4-1,false,51298,Nongroup Coverage and Basic Health Program / Uninsuredc / May18 7.461999999999989,calendar_year,2018,2018,2018,37,19
Health Insurance,Medicaide,2018,302.0,Billions of dollars,51298-2019-05-Health-Insurance.xlsx,Table 4-1,false,51298,Medicaid and CHIPd / Medicaide / Projection,fiscal_year,2018,2018,2018,43,7
Health Insurance,Medicaide,2018,280.0,Billions of dollars,51298-2019-05-Health-Insurance.xlsx,Table 4-1,false,51298,Medicaid and CHIPd / Medicaide / Projection,fiscal_year,2018,2018,2018,43,10
Health Insurance,Medicaide,2018,285.0,Billions of dollars,51298-2019-05-Health-Insurance.xlsx,Table 4-1,false,51298,Medicaid and CHIPd / Medicaide / Actual,fiscal_year,2018,2018,2018,43,13
Health Insurance,Medicaide,2018,17.0,Billions of dollars,51298-2019-05-Health-Insurance.xlsx,Table 4-1,false,51298,"Medicaid and CHIPd / Medicaide / Difference, 7.461999999999989",fiscal_year,2018,2018,2018,43,16
Health Insurance,Medicaide,2018,-5.0,Billions of dollars,51298-2019-05-Health-Insurance.xlsx,Table 4-1,false,51298,Medicaid and CHIPd / Medicaide / May18 7.461999999999989,fiscal_year,2018,2018,2018,43,19
Health Insurance,CHIP,2018,13.0,Billions of dollars,51298-2019-05-Health-Insurance.xlsx,Table 4-1,false,51298,Medicaid and CHIPd / CHIP / Projection,fiscal_year,2018,2018,2018,44,7
Health Insurance,CHIP,2018,16.0,Billions of dollars,51298-2019-05-Health-Insurance.xlsx,Table 4-1,false,51298,Medicaid and CHIPd / CHIP / Projection,fiscal_year,2018,2018,2018,44,10
Health Insurance,CHIP,2018,17.0,Billions of dollars,51298-2019-05-Health-Insurance.xlsx,Table 4-1,false,51298,Medicaid and CHIPd / CHIP / Actual,fiscal_year,2018,2018,2018,44,13
Health Insurance,CHIP,2018,-4.0,Billions of dollars,51298-2019-05-Health-Insurance.xlsx,Table 4-1,false,51298,"Medicaid and CHIPd / CHIP / Difference, 7.461999999999989",fiscal_year,2018,2018,2018,44,16
Health Insurance,CHIP,2018,-1.0,Billions of dollars,51298-2019-05-Health-Insurance.xlsx,Table 4-1,false,51298,Medicaid and CHIPd / CHIP / May18 7.461999999999989,fiscal_year,2018,2018,2018,44,19
Health Insurance,Subtotal,2018,315.0,Billions of dollars,51298-2019-05-Health-Insurance.xlsx,Table 4-1,true,51298,Medicaid and CHIPd / Subtotal / Projection,fiscal_year,2018,2018,2018,46,7
Health Insurance,Subtotal,2018,296.0,Billions of dollars,51298-2019-05-Health-Insurance.xlsx,Table 4-1,true,51298,Medicaid and CHIPd / Subtotal / Projection,fiscal_year,2018,2018,2018,46,10
Health Insurance,Subtotal,2018,302.0,Billions of dollars,51298-2019-05-Health-Insurance.xlsx,Table 4-1,true,51298,Medicaid and CHIPd / Subtotal / Actual,fiscal_year,2018,2018,2018,46,13
Health Insurance,Subtotal,2018,13.0,Billions of dollars,51298-2019-05-Health-Insurance.xlsx,Table 4-1,true,51298,"Medicaid and CHIPd / Subtotal / Difference, 7.461999999999989",fiscal_year,2018,2018,2018,46,16
Health Insurance,Subtotal,2018,-6.0,Billions of dollars,51298-2019-05-Health-Insurance.xlsx,Table 4-1,true,51298,Medicaid and CHIPd / Subtotal / May18 7.461999999999989,fiscal_year,2018,2018,2018,46,19
Health Insurance,Premium tax creditsf,2018,47.0,Billions of dollars,51298-2019-05-Health-Insurance.xlsx,Table 4-1,false,51298,Nongroup Coverage and the Basic Health Program / Premium tax creditsf / Projection,fiscal_year,2018,2018,2018,49,7
Health Insurance,Premium tax creditsf,2018,49.0,Billions of dollars,51298-2019-05-Health-Insurance.xlsx,Table 4-1,false,51298,Nongroup Coverage and the Basic Health Program / Premium tax creditsf / Projection,fiscal_year,2018,2018,2018,49,10
Health Insurance,Premium tax creditsf,2018,49.0,Billions of dollars,51298-2019-05-Health-Insurance.xlsx,Table 4-1,false,51298,Nongroup Coverage and the Basic Health Program / Premium tax creditsf / Actual,fiscal_year,2018,2018,2018,49,13
Health Insurance,Premium tax creditsf,2018,-2.0,Billions of dollars,51298-2019-05-Health-Insurance.xlsx,Table 4-1,false,51298,"Nongroup Coverage and the Basic Health Program / Premium tax creditsf / Difference, 7.461999999999989",fiscal_year,2018,2018,2018,49,16
Health Insurance,Premium tax creditsf,2018,0.0,Billions of dollars,51298-2019-05-Health-Insurance.xlsx,Table 4-1,false,51298,Nongroup Coverage and the Basic Health Program / Premium tax creditsf / May18 7.461999999999989,fiscal_year,2018,2018,2018,49,19
Health Insurance,Outlays for the Basic Health Programf,2018,5.0,Billions of dollars,51298-2019-05-Health-Insurance.xlsx,Table 4-1,false,51298,Nongroup Coverage and the Basic Health Program / Outlays for the Basic Health Programf / Projection,fiscal_year,2018,2018,2018,50,7
Health Insurance,Outlays for the Basic Health Programf,2018,4.0,Billions of dollars,51298-2019-05-Health-Insurance.xlsx,Table 4-1,false,51298,Nongroup Coverage and the Basic Health Program / Outlays for the Basic Health Programf / Projection,fiscal_year,2018,2018,2018,50,10
Health Insurance,Outlays for the Basic Health Programf,2018,5.0,Billions of dollars,51298-2019-05-Health-Insurance.xlsx,Table 4-1,false,51298,Nongroup Coverage and the Basic Health Program / Outlays for the Basic Health Programf / Actual,fiscal_year,2018,2018,2018,50,13
Health Insurance,Outlays for the Basic Health Programf,2018,0.0,Billions of dollars,51298-2019-05-Health-Insurance.xlsx,Table 4-1,false,51298,"Nongroup Coverage and the Basic Health Program / Outlays for the Basic Health Programf / Difference, 7.461999999999989",fiscal_year,2018,2018,2018,50,16
Health Insurance,Outlays for the Basic Health Programf,2018,-1.0,Billions of dollars,51298-2019-05-Health-Insurance.xlsx,Table 4-1,false,51298,Nongroup Coverage and the Basic Health Program / Outlays for the Basic Health Programf / May18 7.461999999999989,fiscal_year,2018,2018,2018,50,19
Health Insurance,Collections for risk adjustment and reinsuranceg,2018,-5.0,Billions of dollars,51298-2019-05-Health-Insurance.xlsx,Table 4-1,false,51298,Nongroup Coverage and the Basic Health Program / Collections for risk adjustment and reinsuranceg / Projection,fiscal_year,2018,2018,2018,51,7
Health Insurance,Collections for risk adjustment and reinsuranceg,2018,-5.0,Billions of dollars,51298-2019-05-Health-Insurance.xlsx,Table 4-1,false,51298,Nongroup Coverage and the Basic Health Program / Collections for risk adjustment and reinsuranceg / Projection,fiscal_year,2018,2018,2018,51,10
Health Insurance,Collections for risk adjustment and reinsuranceg,2018,-5.0,Billions of dollars,51298-2019-05-Health-Insurance.xlsx,Table 4-1,false,51298,Nongroup Coverage and the Basic Health Program / Collections for risk adjustment and reinsuranceg / Actual,fiscal_year,2018,2018,2018,51,13
Health Insurance,Collections for risk adjustment and reinsuranceg,2018,0.0,Billions of dollars,51298-2019-05-Health-Insurance.xlsx,Table 4-1,false,51298,"Nongroup Coverage and the Basic Health Program / Collections for risk adjustment and reinsuranceg / Difference, 7.461999999999989",fiscal_year,2018,2018,2018,51,16
Health Insurance,Collections for risk adjustment and reinsuranceg,2018,0.0,Billions of dollars,51298-2019-05-Health-Insurance.xlsx,Table 4-1,false,51298,Nongroup Coverage and the Basic Health Program / Collections for risk adjustment and reinsuranceg / May18 7.461999999999989,fiscal_year,2018,2018,2018,51,19
Health Insurance,Payments for risk adjustment and reinsuranceg,2018,5.0,Billions of dollars,51298-2019-05-Health-Insurance.xlsx,Table 4-1,false,51298,Nongroup Coverage and the Basic Health Program / Payments for risk adjustment and reinsuranceg / Projection,fiscal_year,2018,2018,2018,52,7
Health Insurance,Payments for risk adjustment and reinsuranceg,2018,7.0,Billions of dollars,51298-2019-05-Health-Insurance.xlsx,Table 4-1,false,51298,Nongroup Coverage and the Basic Health Program / Payments for risk adjustment and reinsuranceg / Projection,fiscal_year,2018,2018,2018,52,10
Health Insurance,Payments for risk adjustment and reinsuranceg,2018,3.0,Billions of dollars,51298-2019-05-Health-Insurance.xlsx,Table 4-1,false,51298,Nongroup Coverage and the Basic Health Program / Payments for risk adjustment and reinsuranceg / Actual,fiscal_year,2018,2018,2018,52,13
Health Insurance,Payments for risk adjustment and reinsuranceg,2018,2.0,Billions of dollars,51298-2019-05-Health-Insurance.xlsx,Table 4-1,false,51298,"Nongroup Coverage and the Basic Health Program / Payments for risk adjustment and reinsuranceg / Difference, 7.461999999999989",fiscal_year,2018,2018,2018,52,16
Health Insurance,Payments for risk adjustment and reinsuranceg,2018,4.0,Billions of dollars,51298-2019-05-Health-Insurance.xlsx,Table 4-1,false,51298,Nongroup Coverage and the Basic Health Program / Payments for risk adjustment and reinsuranceg / May18 7.461999999999989,fiscal_year,2018,2018,2018,52,19
Health Insurance,Subtotal,2018,53.0,Billions of dollars,51298-2019-05-Health-Insurance.xlsx,Table 4-1,true,51298,Nongroup Coverage and the Basic Health Program / Subtotal / Projection,fiscal_year,2018,2018,2018,54,7
Health Insurance,Subtotal,2018,55.0,Billions of dollars,51298-2019-05-Health-Insurance.xlsx,Table 4-1,true,51298,Nongroup Coverage and the Basic Health Program / Subtotal / Projection,fiscal_year,2018,2018,2018,54,10
Health Insurance,Subtotal,2018,52.0,Billions of dollars,51298-2019-05-Health-Insurance.xlsx,Table 4-1,true,51298,Nongroup Coverage and the Basic Health Program / Subtotal / Actual,fiscal_year,2018,2018,2018,54,13
Health Insurance,Subtotal,2018,1.0,Billions of dollars,51298-2019-05-Health-Insurance.xlsx,Table 4-1,true,51298,"Nongroup Coverage and the Basic Health Program / Subtotal / Difference, 7.461999999999989",fiscal_year,2018,2018,2018,54,16
Health Insurance,Subtotal,2018,3.0,Billions of dollars,51298-2019-05-Health-Insurance.xlsx,Table 4-1,true,51298,Nongroup Coverage and the Basic Health Program / Subtotal / May18 7.461999999999989,fiscal_year,2018,2018,2018,54,19
Health Insurance,"Medicared,h",2018,81.0,Billions of dollars,51298-2019-05-Health-Insurance.xlsx,Table 4-1,false,51298,"Nongroup Coverage and the Basic Health Program / Medicared,h / Projection",fiscal_year,2018,2018,2018,56,7
Health Insurance,"Medicared,h",2018,82.0,Billions of dollars,51298-2019-05-Health-Insurance.xlsx,Table 4-1,false,51298,"Nongroup Coverage and the Basic Health Program / Medicared,h / Projection",fiscal_year,2018,2018,2018,56,10
Health Insurance,"Medicared,h",2018,83.0,Billions of dollars,51298-2019-05-Health-Insurance.xlsx,Table 4-1,false,51298,"Nongroup Coverage and the Basic Health Program / Medicared,h / Actual",fiscal_year,2018,2018,2018,56,13
Health Insurance,"Medicared,h",2018,-2.0,Billions of dollars,51298-2019-05-Health-Insurance.xlsx,Table 4-1,false,51298,"Nongroup Coverage and the Basic Health Program / Medicared,h / Difference, 7.461999999999989",fiscal_year,2018,2018,2018,56,16
Health Insurance,"Medicared,h",2018,-1.0,Billions of dollars,51298-2019-05-Health-Insurance.xlsx,Table 4-1,false,51298,"Nongroup Coverage and the Basic Health Program / Medicared,h / May18 7.461999999999989",fiscal_year,2018,2018,2018,56,19
Health Insurance,Penalty Payments by Uninsured Peoplei,2018,-4.0,Billions of dollars,51298-2019-05-Health-Insurance.xlsx,Table 4-1,false,51298,Nongroup Coverage and the Basic Health Program / Penalty Payments by Uninsured Peoplei / Projection,fiscal_year,2018,2018,2018,58,7
Health Insurance,Penalty Payments by Uninsured Peoplei,2018,-4.0,Billions of dollars,51298-2019-05-Health-Insurance.xlsx,Table 4-1,false,51298,Nongroup Coverage and the Basic Health Program / Penalty Payments by Uninsured Peoplei / Projection,fiscal_year,2018,2018,2018,58,10
Health Insurance,Penalty Payments by Uninsured Peoplei,2018,-3.0,Billions of dollars,51298-2019-05-Health-Insurance.xlsx,Table 4-1,false,51298,Nongroup Coverage and the Basic Health Program / Penalty Payments by Uninsured Peoplei / Actual,fiscal_year,2018,2018,2018,58,13
Health Insurance,Penalty Payments by Uninsured Peoplei,2018,-1.0,Billions of dollars,51298-2019-05-Health-Insurance.xlsx,Table 4-1,false,51298,"Nongroup Coverage and the Basic Health Program / Penalty Payments by Uninsured Peoplei / Difference, 7.461999999999989",fiscal_year,2018,2018,2018,58,16
Health Insurance,Penalty Payments by Uninsured Peoplei,2018,-1.0,Billions of dollars,51298-2019-05-Health-Insurance.xlsx,Table 4-1,false,51298,Nongroup Coverage and the Basic Health Program / Penalty Payments by Uninsured Peoplei / May18 7.461999999999989,fiscal_year,2018,2018,2018,58,19
Health Insurance,"(Dollars, calendar year 2017)j",,6370.0,Billions of dollars,51298-2019-05-Health-Insurance.xlsx,Table 4-1,false,51298,"or Basic Health Program Enrollee / (Dollars, calendar year 2017)j / Projection",calendar_year,2017,2017,2017,63,7
Health Insurance,"(Dollars, calendar year 2017)j",,6300.0,Billions of dollars,51298-2019-05-Health-Insurance.xlsx,Table 4-1,false,51298,"or Basic Health Program Enrollee / (Dollars, calendar year 2017)j / Projection",calendar_year,2017,2017,2017,63,10
Health Insurance,"(Dollars, calendar year 2017)j",,6430.0,Billions of dollars,51298-2019-05-Health-Insurance.xlsx,Table 4-1,false,51298,"or Basic Health Program Enrollee / (Dollars, calendar year 2017)j / Actual",calendar_year,2017,2017,2017,63,13
Health Insurance,"(Dollars, calendar year 2017)j",,-60.0,Billions of dollars,51298-2019-05-Health-Insurance.xlsx,Table 4-1,false,51298,"or Basic Health Program Enrollee / (Dollars, calendar year 2017)j / Difference, 7.461999999999989",calendar_year,2017,2017,2017,63,16
Health Insurance,"(Dollars, calendar year 2017)j",,-130.0,Billions of dollars,51298-2019-05-Health-Insurance.xlsx,Table 4-1,false,51298,"or Basic Health Program Enrollee / (Dollars, calendar year 2017)j / May18 7.461999999999989",calendar_year,2017,2017,2017,63,19
Health Insurance,Employment-Based Coverage,,157.0,Millions of people,51298-2019-05-Health-Insurance.xlsx,Table 4,false,51298,Employment-Based Coverage / September 2017 Projection,calendar_year,2018,2018,2018,5,2
Health Insurance,Employment-Based Coverage,,158.0,Millions of people,51298-2019-05-Health-Insurance.xlsx,Table 4,false,51298,Employment-Based Coverage / May 2018 Projection,calendar_year,2018,2018,2018,5,3
Health Insurance,Employment-Based Coverage,,160.0,Millions of people,51298-2019-05-Health-Insurance.xlsx,Table 4,false,51298,Employment-Based Coverage / Actual Amounts,calendar_year,2018,2018,2018,5,4
Health Insurance,Employment-Based Coverage,,-3.0,Millions of people,51298-2019-05-Health-Insurance.xlsx,Table 4,false,51298,"Employment-Based Coverage / Difference, September 2017",calendar_year,2018,2018,2018,5,5
Health Insurance,Employment-Based Coverage,,-1.0,Millions of people,51298-2019-05-Health-Insurance.xlsx,Table 4,false,51298,"Employment-Based Coverage / Difference, May 2018",calendar_year,2018,2018,2018,5,6
Health Insurance,Adults made eligible for Medicaid by the ACA,,13.0,Millions of people,51298-2019-05-Health-Insurance.xlsx,Table 4,false,51298,Medicaid and CHIP / Adults made eligible for Medicaid by the ACA / September 2017 Projection,calendar_year,2018,2018,2018,8,2
Health Insurance,Adults made eligible for Medicaid by the ACA,,12.0,Millions of people,51298-2019-05-Health-Insurance.xlsx,Table 4,false,51298,Medicaid and CHIP / Adults made eligible for Medicaid by the ACA / May 2018 Projection,calendar_year,2018,2018,2018,8,3
Health Insurance,Adults made eligible for Medicaid by the ACA,,12.0,Millions of people,51298-2019-05-Health-Insurance.xlsx,Table 4,false,51298,Medicaid and CHIP / Adults made eligible for Medicaid by the ACA / Actual Amounts,calendar_year,2018,2018,2018,8,4
Health Insurance,Adults made eligible for Medicaid by the ACA,,1.0,Millions of people,51298-2019-05-Health-Insurance.xlsx,Table 4,false,51298,"Medicaid and CHIP / Adults made eligible for Medicaid by the ACA / Difference, September 2017",calendar_year,2018,2018,2018,8,5
Health Insurance,People otherwise eligible for Medicaid,,51.0,Millions of people,51298-2019-05-Health-Insurance.xlsx,Table 4,false,51298,Medicaid and CHIP / People otherwise eligible for Medicaid / September 2017 Projection,calendar_year,2018,2018,2018,9,2
Health Insurance,People otherwise eligible for Medicaid,,49.0,Millions of people,51298-2019-05-Health-Insurance.xlsx,Table 4,false,51298,Medicaid and CHIP / People otherwise eligible for Medicaid / May 2018 Projection,calendar_year,2018,2018,2018,9,3
Health Insurance,People otherwise eligible for Medicaid,,50.0,Millions of people,51298-2019-05-Health-Insurance.xlsx,Table 4,false,51298,Medicaid and CHIP / People otherwise eligible for Medicaid / Actual Amounts,calendar_year,2018,2018,2018,9,4
Health Insurance,People otherwise eligible for Medicaid,,1.0,Millions of people,51298-2019-05-Health-Insurance.xlsx,Table 4,false,51298,"Medicaid and CHIP / People otherwise eligible for Medicaid / Difference, September 2017",calendar_year,2018,2018,2018,9,5
Health Insurance,People otherwise eligible for Medicaid,,-2.0,Millions of people,51298-2019-05-Health-Insurance.xlsx,Table 4,false,51298,"Medicaid and CHIP / People otherwise eligible for Medicaid / Difference, May 2018",calendar_year,2018,2018,2018,9,6
Health Insurance,CHIP,,5.0,Millions of people,51298-2019-05-Health-Insurance.xlsx,Table 4,false,51298,Medicaid and CHIP / CHIP / September 2017 Projection,calendar_year,2018,2018,2018,10,2
Health Insurance,CHIP,,6.0,Millions of people,51298-2019-05-Health-Insurance.xlsx,Table 4,false,51298,Medicaid and CHIP / CHIP / May 2018 Projection,calendar_year,2018,2018,2018,10,3
Health Insurance,CHIP,,7.0,Millions of people,51298-2019-05-Health-Insurance.xlsx,Table 4,false,51298,Medicaid and CHIP / CHIP / Actual Amounts,calendar_year,2018,2018,2018,10,4
Health Insurance,CHIP,,-3.0,Millions of people,51298-2019-05-Health-Insurance.xlsx,Table 4,false,51298,"Medicaid and CHIP / CHIP / Difference, September 2017",calendar_year,2018,2018,2018,10,5
Health Insurance,CHIP,,-1.0,Millions of people,51298-2019-05-Health-Insurance.xlsx,Table 4,false,51298,"Medicaid and CHIP / CHIP / Difference, May 2018",calendar_year,2018,2018,2018,10,6
Health Insurance,Total,,68.0,Millions of people,51298-2019-05-Health-Insurance.xlsx,Table 4,true,51298,Medicaid and CHIP / Total / September 2017 Projection,calendar_year,2018,2018,2018,12,2
Health Insurance,Total,,67.0,Millions of people,51298-2019-05-Health-Insurance.xlsx,Table 4,true,51298,Medicaid and CHIP / Total / May 2018 Projection,calendar_year,2018,2018,2018,12,3
Health Insurance,Total,,69.0,Millions of people,51298-2019-05-Health-Insurance.xlsx,Table 4,true,51298,Medicaid and CHIP / Total / Actual Amounts,calendar_year,2018,2018,2018,12,4
Health Insurance,Total,,-1.0,Millions of people,51298-2019-05-Health-Insurance.xlsx,Table 4,true,51298,"Medicaid and CHIP / Total / Difference, September 2017",calendar_year,2018,2018,2018,12,5
Health Insurance,Total,,-2.0,Millions of people,51298-2019-05-Health-Insurance.xlsx,Table 4,true,51298,"Medicaid and CHIP / Total / Difference, May 2018",calendar_year,2018,2018,2018,12,6
Health Insurance,Subsidized,,9.0,Millions of people,51298-2019-05-Health-Insurance.xlsx,Table 4,false,51298,Nongroup coverage purchased through marketplaces / Subsidized / September 2017 Projection,calendar_year,2018,2018,2018,16,2
Health Insurance,Subsidized,,8.0,Millions of people,51298-2019-05-Health-Insurance.xlsx,Table 4,false,51298,Nongroup coverage purchased through marketplaces / Subsidized / May 2018 Projection,calendar_year,2018,2018,2018,16,3
Health Insurance,Subsidized,,8.0,Millions of people,51298-2019-05-Health-Insurance.xlsx,Table 4,false,51298,Nongroup coverage purchased through marketplaces / Subsidized / Actual Amounts,calendar_year,2018,2018,2018,16,4
Health Insurance,Subsidized,,1.0,Millions of people,51298-2019-05-Health-Insurance.xlsx,Table 4,false,51298,"Nongroup coverage purchased through marketplaces / Subsidized / Difference, September 2017",calendar_year,2018,2018,2018,16,5
Health Insurance,Subsidized,,-1.0,Millions of people,51298-2019-05-Health-Insurance.xlsx,Table 4,false,51298,"Nongroup coverage purchased through marketplaces / Subsidized / Difference, May 2018",calendar_year,2018,2018,2018,16,6
Health Insurance,Unsubsidized,,2.0,Millions of people,51298-2019-05-Health-Insurance.xlsx,Table 4,false,51298,Nongroup coverage purchased through marketplaces / Unsubsidized / September 2017 Projection,calendar_year,2018,2018,2018,17,2
Health Insurance,Unsubsidized,,2.0,Millions of people,51298-2019-05-Health-Insurance.xlsx,Table 4,false,51298,Nongroup coverage purchased through marketplaces / Unsubsidized / May 2018 Projection,calendar_year,2018,2018,2018,17,3
Health Insurance,Unsubsidized,,1.0,Millions of people,51298-2019-05-Health-Insurance.xlsx,Table 4,false,51298,Nongroup coverage purchased through marketplaces / Unsubsidized / Actual Amounts,calendar_year,2018,2018,2018,17,4
Health Insurance,Subtotal,,11.0,Millions of people,51298-2019-05-Health-Insurance.xlsx,Table 4,true,51298,Nongroup coverage purchased through marketplaces / Subtotal / September 2017 Projection,calendar_year,2018,2018,2018,18,2
Health Insurance,Subtotal,,9.0,Millions of people,51298-2019-05-Health-Insurance.xlsx,Table 4,true,51298,Nongroup coverage purchased through marketplaces / Subtotal / May 2018 Projection,calendar_year,2018,2018,2018,18,3
Health Insurance,Subtotal,,10.0,Millions of people,51298-2019-05-Health-Insurance.xlsx,Table 4,true,51298,Nongroup coverage purchased through marketplaces / Subtotal / Actual Amounts,calendar_year,2018,2018,2018,18,4
Health Insurance,Subtotal,,1.0,Millions of people,51298-2019-05-Health-Insurance.xlsx,Table 4,true,51298,"Nongroup coverage purchased through marketplaces / Subtotal / Difference, September 2017",calendar_year,2018,2018,2018,18,5
Health Insurance,Nongroup coverage purchased outside marketplaces,,5.0,Millions of people,51298-2019-05-Health-Insurance.xlsx,Table 4,false,51298,Nongroup coverage purchased through marketplaces / Nongroup coverage purchased outside marketplaces / September 2017 Projection,calendar_year,2018,2018,2018,19,2
Health Insurance,Nongroup coverage purchased outside marketplaces,,5.0,Millions of people,51298-2019-05-Health-Insurance.xlsx,Table 4,false,51298,Nongroup coverage purchased through marketplaces / Nongroup coverage purchased outside marketplaces / May 2018 Projection,calendar_year,2018,2018,2018,19,3
Health Insurance,Nongroup coverage purchased outside marketplaces,,5.0,Millions of people,51298-2019-05-Health-Insurance.xlsx,Table 4,false,51298,Nongroup coverage purchased through marketplaces / Nongroup coverage purchased outside marketplaces / Actual Amounts,calendar_year,2018,2018,2018,19,4
Health Insurance,*,,1.0,Millions of people,51298-2019-05-Health-Insurance.xlsx,Table 4,false,51298,"Nongroup coverage purchased through marketplaces / Nongroup coverage purchased outside marketplaces / * / Difference, May 2018",calendar_year,2018,2018,2018,19,6
Health Insurance,"Total, nongroup coverage",,16.0,Millions of people,51298-2019-05-Health-Insurance.xlsx,Table 4,true,51298,"Nongroup coverage purchased through marketplaces / Total, nongroup coverage / September 2017 Projection",calendar_year,2018,2018,2018,21,2
Health Insurance,"Total, nongroup coverage",,15.0,Millions of people,51298-2019-05-Health-Insurance.xlsx,Table 4,true,51298,"Nongroup coverage purchased through marketplaces / Total, nongroup coverage / May 2018 Projection",calendar_year,2018,2018,2018,21,3
Health Insurance,"Total, nongroup coverage",,15.0,Millions of people,51298-2019-05-Health-Insurance.xlsx,Table 4,true,51298,"Nongroup coverage purchased through marketplaces / Total, nongroup coverage / Actual Amounts",calendar_year,2018,2018,2018,21,4
Health Insurance,"Total, nongroup coverage",,1.0,Millions of people,51298-2019-05-Health-Insurance.xlsx,Table 4,true,51298,"Nongroup coverage purchased through marketplaces / Total, nongroup coverage / Difference, September 2017",calendar_year,2018,2018,2018,21,5
Health Insurance,Coverage through the Basic Health Program,,1.0,Millions of people,51298-2019-05-Health-Insurance.xlsx,Table 4,false,51298,Nongroup coverage purchased through marketplaces / Coverage through the Basic Health Program / September 2017 Projection,calendar_year,2018,2018,2018,22,2
Health Insurance,Coverage through the Basic Health Program,,1.0,Millions of people,51298-2019-05-Health-Insurance.xlsx,Table 4,false,51298,Nongroup coverage purchased through marketplaces / Coverage through the Basic Health Program / May 2018 Projection,calendar_year,2018,2018,2018,22,3
Health Insurance,Coverage through the Basic Health Program,,1.0,Millions of people,51298-2019-05-Health-Insurance.xlsx,Table 4,false,51298,Nongroup coverage purchased through marketplaces / Coverage through the Basic Health Program / Actual Amounts,calendar_year,2018,2018,2018,22,4
Health Insurance,Medicare,,8.0,Millions of people,51298-2019-05-Health-Insurance.xlsx,Table 4,false,51298,Nongroup coverage purchased through marketplaces / Medicare / September 2017 Projection,calendar_year,2018,2018,2018,24,2
Health Insurance,Medicare,,8.0,Millions of people,51298-2019-05-Health-Insurance.xlsx,Table 4,false,51298,Nongroup coverage purchased through marketplaces / Medicare / May 2018 Projection,calendar_year,2018,2018,2018,24,3
Health Insurance,Medicare,,8.0,Millions of people,51298-2019-05-Health-Insurance.xlsx,Table 4,false,51298,Nongroup coverage purchased through marketplaces / Medicare / Actual Amounts,calendar_year,2018,2018,2018,24,4
Health Insurance,Other Coverage,,5.0,Millions of people,51298-2019-05-Health-Insurance.xlsx,Table 4,false,51298,Nongroup coverage purchased through marketplaces / Other Coverage / September 2017 Projection,calendar_year,2018,2018,2018,26,2
Health Insurance,Other Coverage,,5.0,Millions of people,51298-2019-05-Health-Insurance.xlsx,Table 4,false,51298,Nongroup coverage purchased through marketplaces / Other Coverage / May 2018 Projection,calendar_year,2018,2018,2018,26,3
Health Insurance,Other Coverage,,3.0,Millions of people,51298-2019-05-Health-Insurance.xlsx,Table 4,false,51298,Nongroup coverage purchased through marketplaces / Other Coverage / Actual Amounts,calendar_year,2018,2018,2018,26,4
Health Insurance,Other Coverage,,2.0,Millions of people,51298-2019-05-Health-Insurance.xlsx,Table 4,false,51298,"Nongroup coverage purchased through marketplaces / Other Coverage / Difference, September 2017",calendar_year,2018,2018,2018,26,5
Health Insurance,Other Coverage,,2.0,Millions of people,51298-2019-05-Health-Insurance.xlsx,Table 4,false,51298,"Nongroup coverage purchased through marketplaces / Other Coverage / Difference, May 2018",calendar_year,2018,2018,2018,26,6
Health Insurance,Uninsured,,30.0,Millions of people,51298-2019-05-Health-Insurance.xlsx,Table 4,false,51298,Nongroup coverage purchased through marketplaces / Uninsured / September 2017 Projection,calendar_year,2018,2018,2018,28,2
Health Insurance,Uninsured,,29.0,Millions of people,51298-2019-05-Health-Insurance.xlsx,Table 4,false,51298,Nongroup coverage purchased through marketplaces / Uninsured / May 2018 Projection,calendar_year,2018,2018,2018,28,3
Health Insurance,Uninsured,,29.0,Millions of people,51298-2019-05-Health-Insurance.xlsx,Table 4,false,51298,Nongroup coverage purchased through marketplaces / Uninsured / Actual Amounts,calendar_year,2018,2018,2018,28,4
Health Insurance,Uninsured,,1.0,Millions of people,51298-2019-05-Health-Insurance.xlsx,Table 4,false,51298,"Nongroup coverage purchased through marketplaces / Uninsured / Difference, September 2017",calendar_year,2018,2018,2018,28,5
Health Insurance,Medicaid b,2018,302.0,Billions of dollars,51298-2019-05-Health-Insurance.xlsx,Table 4,false,51298,Medicaid and CHIP a / Medicaid b / September 2017 Projection,fiscal_year,2018,2018,2018,33,2
Health Insurance,Medicaid b,2018,280.0,Billions of dollars,51298-2019-05-Health-Insurance.xlsx,Table 4,false,51298,Medicaid and CHIP a / Medicaid b / May 2018 Projection,fiscal_year,2018,2018,2018,33,3
Health Insurance,Medicaid b,2018,287.0,Billions of dollars,51298-2019-05-Health-Insurance.xlsx,Table 4,false,51298,Medicaid and CHIP a / Medicaid b / Actual Amounts,fiscal_year,2018,2018,2018,33,4
Health Insurance,Medicaid b,2018,15.0,Billions of dollars,51298-2019-05-Health-Insurance.xlsx,Table 4,false,51298,"Medicaid and CHIP a / Medicaid b / Difference, September 2017",fiscal_year,2018,2018,2018,33,5
Health Insurance,Medicaid b,2018,-7.0,Billions of dollars,51298-2019-05-Health-Insurance.xlsx,Table 4,false,51298,"Medicaid and CHIP a / Medicaid b / Difference, May 2018",fiscal_year,2018,2018,2018,33,6
Health Insurance,CHIP,2018,13.0,Billions of dollars,51298-2019-05-Health-Insurance.xlsx,Table 4,false,51298,Medicaid and CHIP a / CHIP / September 2017 Projection,fiscal_year,2018,2018,2018,34,2
Health Insurance,CHIP,2018,16.0,Billions of dollars,51298-2019-05-Health-Insurance.xlsx,Table 4,false,51298,Medicaid and CHIP a / CHIP / May 2018 Projection,fiscal_year,2018,2018,2018,34,3
Health Insurance,CHIP,2018,17.0,Billions of dollars,51298-2019-05-Health-Insurance.xlsx,Table 4,false,51298,Medicaid and CHIP a / CHIP / Actual Amounts,fiscal_year,2018,2018,2018,34,4
Health Insurance,CHIP,2018,-4.0,Billions of dollars,51298-2019-05-Health-Insurance.xlsx,Table 4,false,51298,"Medicaid and CHIP a / CHIP / Difference, September 2017",fiscal_year,2018,2018,2018,34,5
Health Insurance,CHIP,2018,-2.0,Billions of dollars,51298-2019-05-Health-Insurance.xlsx,Table 4,false,51298,"Medicaid and CHIP a / CHIP / Difference, May 2018",fiscal_year,2018,2018,2018,34,6
Health Insurance,Total,2018,315.0,Billions of dollars,51298-2019-05-Health-Insurance.xlsx,Table 4,true,51298,Medicaid and CHIP a / Total / September 2017 Projection,fiscal_year,2018,2018,2018,36,2
Health Insurance,Total,2018,296.0,Billions of dollars,51298-2019-05-Health-Insurance.xlsx,Table 4,true,51298,Medicaid and CHIP a / Total / May 2018 Projection,fiscal_year,2018,2018,2018,36,3
Health Insurance,Total,2018,304.0,Billions of dollars,51298-2019-05-Health-Insurance.xlsx,Table 4,true,51298,Medicaid and CHIP a / Total / Actual Amounts,fiscal_year,2018,2018,2018,36,4
Health Insurance,Total,2018,10.0,Billions of dollars,51298-2019-05-Health-Insurance.xlsx,Table 4,true,51298,"Medicaid and CHIP a / Total / Difference, September 2017",fiscal_year,2018,2018,2018,36,5
Health Insurance,Total,2018,-8.0,Billions of dollars,51298-2019-05-Health-Insurance.xlsx,Table 4,true,51298,"Medicaid and CHIP a / Total / Difference, May 2018",fiscal_year,2018,2018,2018,36,6
Health Insurance,Premium tax credits c,2018,47.0,Billions of dollars,51298-2019-05-Health-Insurance.xlsx,Table 4,false,51298,Nongroup Coverage and the Basic Health Program / Premium tax credits c / September 2017 Projection,fiscal_year,2018,2018,2018,39,2
Health Insurance,Premium tax credits c,2018,49.0,Billions of dollars,51298-2019-05-Health-Insurance.xlsx,Table 4,false,51298,Nongroup Coverage and the Basic Health Program / Premium tax credits c / May 2018 Projection,fiscal_year,2018,2018,2018,39,3
Health Insurance,Premium tax credits c,2018,49.0,Billions of dollars,51298-2019-05-Health-Insurance.xlsx,Table 4,false,51298,Nongroup Coverage and the Basic Health Program / Premium tax credits c / Actual Amounts,fiscal_year,2018,2018,2018,39,4
Health Insurance,Premium tax credits c,2018,-2.0,Billions of dollars,51298-2019-05-Health-Insurance.xlsx,Table 4,false,51298,"Nongroup Coverage and the Basic Health Program / Premium tax credits c / Difference, September 2017",fiscal_year,2018,2018,2018,39,5
Health Insurance,Payments for cost-sharing reductions d,2018,9.0,Billions of dollars,51298-2019-05-Health-Insurance.xlsx,Table 4,false,51298,Nongroup Coverage and the Basic Health Program / Payments for cost-sharing reductions d / September 2017 Projection,fiscal_year,2018,2018,2018,40,2
Health Insurance,Payments for cost-sharing reductions d,2018,0.0,Billions of dollars,51298-2019-05-Health-Insurance.xlsx,Table 4,false,51298,Nongroup Coverage and the Basic Health Program / Payments for cost-sharing reductions d / May 2018 Projection,fiscal_year,2018,2018,2018,40,3
Health Insurance,Payments for cost-sharing reductions d,2018,0.0,Billions of dollars,51298-2019-05-Health-Insurance.xlsx,Table 4,false,51298,Nongroup Coverage and the Basic Health Program / Payments for cost-sharing reductions d / Actual Amounts,fiscal_year,2018,2018,2018,40,4
Health Insurance,Payments for cost-sharing reductions d,2018,9.0,Billions of dollars,51298-2019-05-Health-Insurance.xlsx,Table 4,false,51298,"Nongroup Coverage and the Basic Health Program / Payments for cost-sharing reductions d / Difference, September 2017",fiscal_year,2018,2018,2018,40,5
Health Insurance,Payments for cost-sharing reductions d,2018,0.0,Billions of dollars,51298-2019-05-Health-Insurance.xlsx,Table 4,false,51298,"Nongroup Coverage and the Basic Health Program / Payments for cost-sharing reductions d / Difference, May 2018",fiscal_year,2018,2018,2018,40,6
Health Insurance,Outlays for the Basic Health Program c,2018,5.0,Billions of dollars,51298-2019-05-Health-Insurance.xlsx,Table 4,false,51298,Nongroup Coverage and the Basic Health Program / Outlays for the Basic Health Program c / September 2017 Projection,fiscal_year,2018,2018,2018,41,2
Health Insurance,Outlays for the Basic Health Program c,2018,4.0,Billions of dollars,51298-2019-05-Health-Insurance.xlsx,Table 4,false,51298,Nongroup Coverage and the Basic Health Program / Outlays for the Basic Health Program c / May 2018 Projection,fiscal_year,2018,2018,2018,41,3
Health Insurance,Outlays for the Basic Health Program c,2018,5.0,Billions of dollars,51298-2019-05-Health-Insurance.xlsx,Table 4,false,51298,Nongroup Coverage and the Basic Health Program / Outlays for the Basic Health Program c / Actual Amounts,fiscal_year,2018,2018,2018,41,4
Health Insurance,Outlays for the Basic Health Program c,2018,1.0,Billions of dollars,51298-2019-05-Health-Insurance.xlsx,Table 4,false,51298,"Nongroup Coverage and the Basic Health Program / Outlays for the Basic Health Program c / Difference, September 2017",fiscal_year,2018,2018,2018,41,5
Health Insurance,Outlays for the Basic Health Program c,2018,-1.0,Billions of dollars,51298-2019-05-Health-Insurance.xlsx,Table 4,false,51298,"Nongroup Coverage and the Basic Health Program / Outlays for the Basic Health Program c / Difference, May 2018",fiscal_year,2018,2018,2018,41,6
Health Insurance,Collections for risk adjustment and reinsurance e,2018,-5.0,Billions of dollars,51298-2019-05-Health-Insurance.xlsx,Table 4,false,51298,Nongroup Coverage and the Basic Health Program / Collections for risk adjustment and reinsurance e / September 2017 Projection,fiscal_year,2018,2018,2018,42,2
Health Insurance,Collections for risk adjustment and reinsurance e,2018,-5.0,Billions of dollars,51298-2019-05-Health-Insurance.xlsx,Table 4,false,51298,Nongroup Coverage and the Basic Health Program / Collections for risk adjustment and reinsurance e / May 2018 Projection,fiscal_year,2018,2018,2018,42,3
Health Insurance,Collections for risk adjustment and reinsurance e,2018,-5.0,Billions of dollars,51298-2019-05-Health-Insurance.xlsx,Table 4,false,51298,Nongroup Coverage and the Basic Health Program / Collections for risk adjustment and reinsurance e / Actual Amounts,fiscal_year,2018,2018,2018,42,4
Health Insurance,Payments for risk adjustment and reinsurance e,2018,5.0,Billions of dollars,51298-2019-05-Health-Insurance.xlsx,Table 4,false,51298,Nongroup Coverage and the Basic Health Program / Payments for risk adjustment and reinsurance e / September 2017 Projection,fiscal_year,2018,2018,2018,43,2
Health Insurance,Payments for risk adjustment and reinsurance e,2018,7.0,Billions of dollars,51298-2019-05-Health-Insurance.xlsx,Table 4,false,51298,Nongroup Coverage and the Basic Health Program / Payments for risk adjustment and reinsurance e / May 2018 Projection,fiscal_year,2018,2018,2018,43,3
Health Insurance,Payments for risk adjustment and reinsurance e,2018,3.0,Billions of dollars,51298-2019-05-Health-Insurance.xlsx,Table 4,false,51298,Nongroup Coverage and the Basic Health Program / Payments for risk adjustment and reinsurance e / Actual Amounts,fiscal_year,2018,2018,2018,43,4
Health Insurance,Payments for risk adjustment and reinsurance e,2018,2.0,Billions of dollars,51298-2019-05-Health-Insurance.xlsx,Table 4,false,51298,"Nongroup Coverage and the Basic Health Program / Payments for risk adjustment and reinsurance e / Difference, September 2017",fiscal_year,2018,2018,2018,43,5
Health Insurance,Payments for risk adjustment and reinsurance e,2018,4.0,Billions of dollars,51298-2019-05-Health-Insurance.xlsx,Table 4,false,51298,"Nongroup Coverage and the Basic Health Program / Payments for risk adjustment and reinsurance e / Difference, May 2018",fiscal_year,2018,2018,2018,43,6
Health Insurance,Total,2018,62.0,Billions of dollars,51298-2019-05-Health-Insurance.xlsx,Table 4,true,51298,Nongroup Coverage and the Basic Health Program / Total / September 2017 Projection,fiscal_year,2018,2018,2018,45,2
Health Insurance,Total,2018,55.0,Billions of dollars,51298-2019-05-Health-Insurance.xlsx,Table 4,true,51298,Nongroup Coverage and the Basic Health Program / Total / May 2018 Projection,fiscal_year,2018,2018,2018,45,3
Health Insurance,Total,2018,52.0,Billions of dollars,51298-2019-05-Health-Insurance.xlsx,Table 4,true,51298,Nongroup Coverage and the Basic Health Program / Total / Actual Amounts,fiscal_year,2018,2018,2018,45,4
Health Insurance,Total,2018,10.0,Billions of dollars,51298-2019-05-Health-Insurance.xlsx,Table 4,true,51298,"Nongroup Coverage and the Basic Health Program / Total / Difference, September 2017",fiscal_year,2018,2018,2018,45,5
Health Insurance,Total,2018,3.0,Billions of dollars,51298-2019-05-Health-Insurance.xlsx,Table 4,true,51298,"Nongroup Coverage and the Basic Health Program / Total / Difference, May 2018",fiscal_year,2018,2018,2018,45,6
Health Insurance,"Medicare a,f",2018,81.0,Billions of dollars,51298-2019-05-Health-Insurance.xlsx,Table 4,false,51298,"Nongroup Coverage and the Basic Health Program / Medicare a,f / September 2017 Projection",fiscal_year,2018,2018,2018,47,2
Health Insurance,"Medicare a,f",2018,82.0,Billions of dollars,51298-2019-05-Health-Insurance.xlsx,Table 4,false,51298,"Nongroup Coverage and the Basic Health Program / Medicare a,f / May 2018 Projection",fiscal_year,2018,2018,2018,47,3
Health Insurance,"Medicare a,f",2018,83.0,Billions of dollars,51298-2019-05-Health-Insurance.xlsx,Table 4,false,51298,"Nongroup Coverage and the Basic Health Program / Medicare a,f / Actual Amounts",fiscal_year,2018,2018,2018,47,4
Health Insurance,"Medicare a,f",2018,-2.0,Billions of dollars,51298-2019-05-Health-Insurance.xlsx,Table 4,false,51298,"Nongroup Coverage and the Basic Health Program / Medicare a,f / Difference, September 2017",fiscal_year,2018,2018,2018,47,5
Health Insurance,"Medicare a,f",2018,-1.0,Billions of dollars,51298-2019-05-Health-Insurance.xlsx,Table 4,false,51298,"Nongroup Coverage and the Basic Health Program / Medicare a,f / Difference, May 2018",fiscal_year,2018,2018,2018,47,6
Health Insurance,Penalty Payments by Uninsured People g,2018,-4.0,Billions of dollars,51298-2019-05-Health-Insurance.xlsx,Table 4,false,51298,Nongroup Coverage and the Basic Health Program / Penalty Payments by Uninsured People g / September 2017 Projection,fiscal_year,2018,2018,2018,49,2
Health Insurance,Penalty Payments by Uninsured People g,2018,-4.0,Billions of dollars,51298-2019-05-Health-Insurance.xlsx,Table 4,false,51298,Nongroup Coverage and the Basic Health Program / Penalty Payments by Uninsured People g / May 2018 Projection,fiscal_year,2018,2018,2018,49,3
Health Insurance,Penalty Payments by Uninsured People g,2018,-3.0,Billions of dollars,51298-2019-05-Health-Insurance.xlsx,Table 4,false,51298,Nongroup Coverage and the Basic Health Program / Penalty Payments by Uninsured People g / Actual Amounts,fiscal_year,2018,2018,2018,49,4
Health Insurance,Penalty Payments by Uninsured People g,2018,-1.0,Billions of dollars,51298-2019-05-Health-Insurance.xlsx,Table 4,false,51298,"Nongroup Coverage and the Basic Health Program / Penalty Payments by Uninsured People g / Difference, September 2017",fiscal_year,2018,2018,2018,49,5
