program,category,fiscal_year,value,unit,source_file,source_sheet,is_total,program_id,category_path,period_type,period_start_year,period_end_year,period_label,source_row,source_column
Health Insurance,Total Population Under Age 65,2021,271.0,Millions of people,51298-2021-07-healthinsurance.xlsx,Table 1,true,51298,"Table 1. CBO and JCT’s July 2021 Projections for Health Insurance Coverage, 2021 to 2031 / Total Population Under Age 65",fiscal_year,2021,2021,2021,9,2
Health Insurance,Total Population Under Age 65,2022,270.0,Millions of people,51298-2021-07-healthinsurance.xlsx,Table 1,true,51298,"Table 1. CBO and JCT’s July 2021 Projections for Health Insurance Coverage, 2021 to 2031 / Total Population Under Age 65",fiscal_year,2022,2022,2022,9,3
Health Insurance,Total Population Under Age 65,2023,270.0,Millions of people,51298-2021-07-healthinsurance.xlsx,Table 1,true,51298,"Table 1. CBO and JCT’s July 2021 Projections for Health Insurance Coverage, 2021 to 2031 / Total Population Under Age 65",fiscal_year,2023,2023,2023,9,4
Health Insurance,Total Population Under Age 65,2024,269.0,Millions of people,51298-2021-07-healthinsurance.xlsx,Table 1,true,51298,"Table 1. CBO and JCT’s July 2021 Projections for Health Insurance Coverage, 2021 to 2031 / Total Population Under Age 65",fiscal_year,2024,2024,2024,9,5
Health Insurance,Total Population Under Age 65,2025,269.0,Millions of people,51298-2021-07-healthinsurance.xlsx,Table 1,true,51298,"Table 1. CBO and JCT’s July 2021 Projections for Health Insurance Coverage, 2021 to 2031 / Total Population Under Age 65",fiscal_year,2025,2025,2025,9,6
Health Insurance,Total Population Under Age 65,2026,269.0,Millions of people,51298-2021-07-healthinsurance.xlsx,Table 1,true,51298,"Table 1. CBO and JCT’s July 2021 Projections for Health Insurance Coverage, 2021 to 2031 / Total Population Under Age 65",fiscal_year,2026,2026,2026,9,7
Health Insurance,Total Population Under Age 65,2027,269.0,Millions of people,51298-2021-07-healthinsurance.xlsx,Table 1,true,51298,"Table 1. CBO and JCT’s July 2021 Projections for Health Insurance Coverage, 2021 to 2031 / Total Population Under Age 65",fiscal_year,2027,2027,2027,9,8
Health Insurance,Total Population Under Age 65,2028,269.0,Millions of people,51298-2021-07-healthinsurance.xlsx,Table 1,true,51298,"Table 1. CBO and JCT’s July 2021 Projections for Health Insurance Coverage, 2021 to 2031 / Total Population Under Age 65",fiscal_year,2028,2028,2028,9,9
Health Insurance,Total Population Under Age 65,2029,270.0,Millions of people,51298-2021-07-healthinsurance.xlsx,Table 1,true,51298,"Table 1. CBO and JCT’s July 2021 Projections for Health Insurance Coverage, 2021 to 2031 / Total Population Under Age 65",fiscal_year,2029,2029,2029,9,10
Health Insurance,Total Population Under Age 65,2030,270.0,Millions of people,51298-2021-07-healthinsurance.xlsx,Table 1,true,51298,"Table 1. CBO and JCT’s July 2021 Projections for Health Insurance Coverage, 2021 to 2031 / Total Population Under Age 65",fiscal_year,2030,2030,2030,9,11
Health Insurance,Total Population Under Age 65,2031,271.0,Millions of people,51298-2021-07-healthinsurance.xlsx,Table 1,true,51298,"Table 1. CBO and JCT’s July 2021 Projections for Health Insurance Coverage, 2021 to 2031 / Total Population Under Age 65",fiscal_year,2031,2031,2031,9,12
Health Insurance,Employment-Based Coverage,2021,159.0,Millions of people,51298-2021-07-healthinsurance.xlsx,Table 1,false,51298,"Table 1. CBO and JCT’s July 2021 Projections for Health Insurance Coverage, 2021 to 2031 / Employment-Based Coverage",fiscal_year,2021,2021,2021,10,2
Health Insurance,Employment-Based Coverage,2022,155.0,Millions of people,51298-2021-07-healthinsurance.xlsx,Table 1,false,51298,"Table 1. CBO and JCT’s July 2021 Projections for Health Insurance Coverage, 2021 to 2031 / Employment-Based Coverage",fiscal_year,2022,2022,2022,10,3
Health Insurance,Employment-Based Coverage,2023,155.0,Millions of people,51298-2021-07-healthinsurance.xlsx,Table 1,false,51298,"Table 1. CBO and JCT’s July 2021 Projections for Health Insurance Coverage, 2021 to 2031 / Employment-Based Coverage",fiscal_year,2023,2023,2023,10,4
Health Insurance,Employment-Based Coverage,2024,155.0,Millions of people,51298-2021-07-healthinsurance.xlsx,Table 1,false,51298,"Table 1. CBO and JCT’s July 2021 Projections for Health Insurance Coverage, 2021 to 2031 / Employment-Based Coverage",fiscal_year,2024,2024,2024,10,5
Health Insurance,Employment-Based Coverage,2025,154.0,Millions of people,51298-2021-07-healthinsurance.xlsx,Table 1,false,51298,"Table 1. CBO and JCT’s July 2021 Projections for Health Insurance Coverage, 2021 to 2031 / Employment-Based Coverage",fiscal_year,2025,2025,2025,10,6
Health Insurance,Employment-Based Coverage,2026,154.0,Millions of people,51298-2021-07-healthinsurance.xlsx,Table 1,false,51298,"Table 1. CBO and JCT’s July 2021 Projections for Health Insurance Coverage, 2021 to 2031 / Employment-Based Coverage",fiscal_year,2026,2026,2026,10,7
Health Insurance,Employment-Based Coverage,2027,154.0,Millions of people,51298-2021-07-healthinsurance.xlsx,Table 1,false,51298,"Table 1. CBO and JCT’s July 2021 Projections for Health Insurance Coverage, 2021 to 2031 / Employment-Based Coverage",fiscal_year,2027,2027,2027,10,8
Health Insurance,Employment-Based Coverage,2028,154.0,Millions of people,51298-2021-07-healthinsurance.xlsx,Table 1,false,51298,"Table 1. CBO and JCT’s July 2021 Projections for Health Insurance Coverage, 2021 to 2031 / Employment-Based Coverage",fiscal_year,2028,2028,2028,10,9
Health Insurance,Employment-Based Coverage,2029,154.0,Millions of people,51298-2021-07-healthinsurance.xlsx,Table 1,false,51298,"Table 1. CBO and JCT’s July 2021 Projections for Health Insurance Coverage, 2021 to 2031 / Employment-Based Coverage",fiscal_year,2029,2029,2029,10,10
Health Insurance,Employment-Based Coverage,2030,154.0,Millions of people,51298-2021-07-healthinsurance.xlsx,Table 1,false,51298,"Table 1. CBO and JCT’s July 2021 Projections for Health Insurance Coverage, 2021 to 2031 / Employment-Based Coverage",fiscal_year,2030,2030,2030,10,11
Health Insurance,Employment-Based Coverage,2031,154.0,Millions of people,51298-2021-07-healthinsurance.xlsx,Table 1,false,51298,"Table 1. CBO and JCT’s July 2021 Projections for Health Insurance Coverage, 2021 to 2031 / Employment-Based Coverage",fiscal_year,2031,2031,2031,10,12
Health Insurance,Blind and disabled,2021,7.0,Millions of people,51298-2021-07-healthinsurance.xlsx,Table 1,false,51298,"Table 1. CBO and JCT’s July 2021 Projections for Health Insurance Coverage, 2021 to 2031 / Medicaid and CHIP / Blind and disabled",fiscal_year,2021,2021,2021,12,2
Health Insurance,Blind and disabled,2022,7.0,Millions of people,51298-2021-07-healthinsurance.xlsx,Table 1,false,51298,"Table 1. CBO and JCT’s July 2021 Projections for Health Insurance Coverage, 2021 to 2031 / Medicaid and CHIP / Blind and disabled",fiscal_year,2022,2022,2022,12,3
Health Insurance,Blind and disabled,2023,7.0,Millions of people,51298-2021-07-healthinsurance.xlsx,Table 1,false,51298,"Table 1. CBO and JCT’s July 2021 Projections for Health Insurance Coverage, 2021 to 2031 / Medicaid and CHIP / Blind and disabled",fiscal_year,2023,2023,2023,12,4
Health Insurance,Blind and disabled,2024,7.0,Millions of people,51298-2021-07-healthinsurance.xlsx,Table 1,false,51298,"Table 1. CBO and JCT’s July 2021 Projections for Health Insurance Coverage, 2021 to 2031 / Medicaid and CHIP / Blind and disabled",fiscal_year,2024,2024,2024,12,5
Health Insurance,Blind and disabled,2025,7.0,Millions of people,51298-2021-07-healthinsurance.xlsx,Table 1,false,51298,"Table 1. CBO and JCT’s July 2021 Projections for Health Insurance Coverage, 2021 to 2031 / Medicaid and CHIP / Blind and disabled",fiscal_year,2025,2025,2025,12,6
Health Insurance,Blind and disabled,2026,7.0,Millions of people,51298-2021-07-healthinsurance.xlsx,Table 1,false,51298,"Table 1. CBO and JCT’s July 2021 Projections for Health Insurance Coverage, 2021 to 2031 / Medicaid and CHIP / Blind and disabled",fiscal_year,2026,2026,2026,12,7
Health Insurance,Blind and disabled,2027,7.0,Millions of people,51298-2021-07-healthinsurance.xlsx,Table 1,false,51298,"Table 1. CBO and JCT’s July 2021 Projections for Health Insurance Coverage, 2021 to 2031 / Medicaid and CHIP / Blind and disabled",fiscal_year,2027,2027,2027,12,8
Health Insurance,Blind and disabled,2028,7.0,Millions of people,51298-2021-07-healthinsurance.xlsx,Table 1,false,51298,"Table 1. CBO and JCT’s July 2021 Projections for Health Insurance Coverage, 2021 to 2031 / Medicaid and CHIP / Blind and disabled",fiscal_year,2028,2028,2028,12,9
Health Insurance,Blind and disabled,2029,7.0,Millions of people,51298-2021-07-healthinsurance.xlsx,Table 1,false,51298,"Table 1. CBO and JCT’s July 2021 Projections for Health Insurance Coverage, 2021 to 2031 / Medicaid and CHIP / Blind and disabled",fiscal_year,2029,2029,2029,12,10
Health Insurance,Blind and disabled,2030,7.0,Millions of people,51298-2021-07-healthinsurance.xlsx,Table 1,false,51298,"Table 1. CBO and JCT’s July 2021 Projections for Health Insurance Coverage, 2021 to 2031 / Medicaid and CHIP / Blind and disabled",fiscal_year,2030,2030,2030,12,11
Health Insurance,Blind and disabled,2031,7.0,Millions of people,51298-2021-07-healthinsurance.xlsx,Table 1,false,51298,"Table 1. CBO and JCT’s July 2021 Projections for Health Insurance Coverage, 2021 to 2031 / Medicaid and CHIP / Blind and disabled",fiscal_year,2031,2031,2031,12,12
Health Insurance,Children,2021,30.0,Millions of people,51298-2021-07-healthinsurance.xlsx,Table 1,false,51298,"Table 1. CBO and JCT’s July 2021 Projections for Health Insurance Coverage, 2021 to 2031 / Medicaid and CHIP / Children",fiscal_year,2021,2021,2021,13,2
Health Insurance,Children,2022,30.0,Millions of people,51298-2021-07-healthinsurance.xlsx,Table 1,false,51298,"Table 1. CBO and JCT’s July 2021 Projections for Health Insurance Coverage, 2021 to 2031 / Medicaid and CHIP / Children",fiscal_year,2022,2022,2022,13,3
Health Insurance,Children,2023,29.0,Millions of people,51298-2021-07-healthinsurance.xlsx,Table 1,false,51298,"Table 1. CBO and JCT’s July 2021 Projections for Health Insurance Coverage, 2021 to 2031 / Medicaid and CHIP / Children",fiscal_year,2023,2023,2023,13,4
Health Insurance,Children,2024,29.0,Millions of people,51298-2021-07-healthinsurance.xlsx,Table 1,false,51298,"Table 1. CBO and JCT’s July 2021 Projections for Health Insurance Coverage, 2021 to 2031 / Medicaid and CHIP / Children",fiscal_year,2024,2024,2024,13,5
Health Insurance,Children,2025,29.0,Millions of people,51298-2021-07-healthinsurance.xlsx,Table 1,false,51298,"Table 1. CBO and JCT’s July 2021 Projections for Health Insurance Coverage, 2021 to 2031 / Medicaid and CHIP / Children",fiscal_year,2025,2025,2025,13,6
Health Insurance,Children,2026,29.0,Millions of people,51298-2021-07-healthinsurance.xlsx,Table 1,false,51298,"Table 1. CBO and JCT’s July 2021 Projections for Health Insurance Coverage, 2021 to 2031 / Medicaid and CHIP / Children",fiscal_year,2026,2026,2026,13,7
Health Insurance,Children,2027,29.0,Millions of people,51298-2021-07-healthinsurance.xlsx,Table 1,false,51298,"Table 1. CBO and JCT’s July 2021 Projections for Health Insurance Coverage, 2021 to 2031 / Medicaid and CHIP / Children",fiscal_year,2027,2027,2027,13,8
Health Insurance,Children,2028,29.0,Millions of people,51298-2021-07-healthinsurance.xlsx,Table 1,false,51298,"Table 1. CBO and JCT’s July 2021 Projections for Health Insurance Coverage, 2021 to 2031 / Medicaid and CHIP / Children",fiscal_year,2028,2028,2028,13,9
Health Insurance,Children,2029,29.0,Millions of people,51298-2021-07-healthinsurance.xlsx,Table 1,false,51298,"Table 1. CBO and JCT’s July 2021 Projections for Health Insurance Coverage, 2021 to 2031 / Medicaid and CHIP / Children",fiscal_year,2029,2029,2029,13,10
Health Insurance,Children,2030,29.0,Millions of people,51298-2021-07-healthinsurance.xlsx,Table 1,false,51298,"Table 1. CBO and JCT’s July 2021 Projections for Health Insurance Coverage, 2021 to 2031 / Medicaid and CHIP / Children",fiscal_year,2030,2030,2030,13,11
Health Insurance,Children,2031,29.0,Millions of people,51298-2021-07-healthinsurance.xlsx,Table 1,false,51298,"Table 1. CBO and JCT’s July 2021 Projections for Health Insurance Coverage, 2021 to 2031 / Medicaid and CHIP / Children",fiscal_year,2031,2031,2031,13,12
Health Insurance,Adults made eligible for Medicaid by the ACA,2021,14.0,Millions of people,51298-2021-07-healthinsurance.xlsx,Table 1,false,51298,"Table 1. CBO and JCT’s July 2021 Projections for Health Insurance Coverage, 2021 to 2031 / Medicaid and CHIP / Adults made eligible for Medicaid by the ACA",fiscal_year,2021,2021,2021,14,2
Health Insurance,Adults made eligible for Medicaid by the ACA,2022,14.0,Millions of people,51298-2021-07-healthinsurance.xlsx,Table 1,false,51298,"Table 1. CBO and JCT’s July 2021 Projections for Health Insurance Coverage, 2021 to 2031 / Medicaid and CHIP / Adults made eligible for Medicaid by the ACA",fiscal_year,2022,2022,2022,14,3
Health Insurance,Adults made eligible for Medicaid by the ACA,2023,14.0,Millions of people,51298-2021-07-healthinsurance.xlsx,Table 1,false,51298,"Table 1. CBO and JCT’s July 2021 Projections for Health Insurance Coverage, 2021 to 2031 / Medicaid and CHIP / Adults made eligible for Medicaid by the ACA",fiscal_year,2023,2023,2023,14,4
Health Insurance,Adults made eligible for Medicaid by the ACA,2024,13.0,Millions of people,51298-2021-07-healthinsurance.xlsx,Table 1,false,51298,"Table 1. CBO and JCT’s July 2021 Projections for Health Insurance Coverage, 2021 to 2031 / Medicaid and CHIP / Adults made eligible for Medicaid by the ACA",fiscal_year,2024,2024,2024,14,5
Health Insurance,Adults made eligible for Medicaid by the ACA,2025,14.0,Millions of people,51298-2021-07-healthinsurance.xlsx,Table 1,false,51298,"Table 1. CBO and JCT’s July 2021 Projections for Health Insurance Coverage, 2021 to 2031 / Medicaid and CHIP / Adults made eligible for Medicaid by the ACA",fiscal_year,2025,2025,2025,14,6
Health Insurance,Adults made eligible for Medicaid by the ACA,2026,14.0,Millions of people,51298-2021-07-healthinsurance.xlsx,Table 1,false,51298,"Table 1. CBO and JCT’s July 2021 Projections for Health Insurance Coverage, 2021 to 2031 / Medicaid and CHIP / Adults made eligible for Medicaid by the ACA",fiscal_year,2026,2026,2026,14,7
Health Insurance,Adults made eligible for Medicaid by the ACA,2027,14.0,Millions of people,51298-2021-07-healthinsurance.xlsx,Table 1,false,51298,"Table 1. CBO and JCT’s July 2021 Projections for Health Insurance Coverage, 2021 to 2031 / Medicaid and CHIP / Adults made eligible for Medicaid by the ACA",fiscal_year,2027,2027,2027,14,8
Health Insurance,Adults made eligible for Medicaid by the ACA,2028,14.0,Millions of people,51298-2021-07-healthinsurance.xlsx,Table 1,false,51298,"Table 1. CBO and JCT’s July 2021 Projections for Health Insurance Coverage, 2021 to 2031 / Medicaid and CHIP / Adults made eligible for Medicaid by the ACA",fiscal_year,2028,2028,2028,14,9
Health Insurance,Adults made eligible for Medicaid by the ACA,2029,14.0,Millions of people,51298-2021-07-healthinsurance.xlsx,Table 1,false,51298,"Table 1. CBO and JCT’s July 2021 Projections for Health Insurance Coverage, 2021 to 2031 / Medicaid and CHIP / Adults made eligible for Medicaid by the ACA",fiscal_year,2029,2029,2029,14,10
Health Insurance,Adults made eligible for Medicaid by the ACA,2030,15.0,Millions of people,51298-2021-07-healthinsurance.xlsx,Table 1,false,51298,"Table 1. CBO and JCT’s July 2021 Projections for Health Insurance Coverage, 2021 to 2031 / Medicaid and CHIP / Adults made eligible for Medicaid by the ACA",fiscal_year,2030,2030,2030,14,11
Health Insurance,Adults made eligible for Medicaid by the ACA,2031,15.0,Millions of people,51298-2021-07-healthinsurance.xlsx,Table 1,false,51298,"Table 1. CBO and JCT’s July 2021 Projections for Health Insurance Coverage, 2021 to 2031 / Medicaid and CHIP / Adults made eligible for Medicaid by the ACA",fiscal_year,2031,2031,2031,14,12
Health Insurance,Adults otherwise eligible for Medicaid,2021,13.0,Millions of people,51298-2021-07-healthinsurance.xlsx,Table 1,false,51298,"Table 1. CBO and JCT’s July 2021 Projections for Health Insurance Coverage, 2021 to 2031 / Medicaid and CHIP / Adults otherwise eligible for Medicaid",fiscal_year,2021,2021,2021,15,2
Health Insurance,Adults otherwise eligible for Medicaid,2022,13.0,Millions of people,51298-2021-07-healthinsurance.xlsx,Table 1,false,51298,"Table 1. CBO and JCT’s July 2021 Projections for Health Insurance Coverage, 2021 to 2031 / Medicaid and CHIP / Adults otherwise eligible for Medicaid",fiscal_year,2022,2022,2022,15,3
Health Insurance,Adults otherwise eligible for Medicaid,2023,12.0,Millions of people,51298-2021-07-healthinsurance.xlsx,Table 1,false,51298,"Table 1. CBO and JCT’s July 2021 Projections for Health Insurance Coverage, 2021 to 2031 / Medicaid and CHIP / Adults otherwise eligible for Medicaid",fiscal_year,2023,2023,2023,15,4
Health Insurance,Adults otherwise eligible for Medicaid,2024,12.0,Millions of people,51298-2021-07-healthinsurance.xlsx,Table 1,false,51298,"Table 1. CBO and JCT’s July 2021 Projections for Health Insurance Coverage, 2021 to 2031 / Medicaid and CHIP / Adults otherwise eligible for Medicaid",fiscal_year,2024,2024,2024,15,5
Health Insurance,Adults otherwise eligible for Medicaid,2025,12.0,Millions of people,51298-2021-07-healthinsurance.xlsx,Table 1,false,51298,"Table 1. CBO and JCT’s July 2021 Projections for Health Insurance Coverage, 2021 to 2031 / Medicaid and CHIP / Adults otherwise eligible for Medicaid",fiscal_year,2025,2025,2025,15,6
Health Insurance,Adults otherwise eligible for Medicaid,2026,12.0,Millions of people,51298-2021-07-healthinsurance.xlsx,Table 1,false,51298,"Table 1. CBO and JCT’s July 2021 Projections for Health Insurance Coverage, 2021 to 2031 / Medicaid and CHIP / Adults otherwise eligible for Medicaid",fiscal_year,2026,2026,2026,15,7
Health Insurance,Adults otherwise eligible for Medicaid,2027,12.0,Millions of people,51298-2021-07-healthinsurance.xlsx,Table 1,false,51298,"Table 1. CBO and JCT’s July 2021 Projections for Health Insurance Coverage, 2021 to 2031 / Medicaid and CHIP / Adults otherwise eligible for Medicaid",fiscal_year,2027,2027,2027,15,8
Health Insurance,Adults otherwise eligible for Medicaid,2028,12.0,Millions of people,51298-2021-07-healthinsurance.xlsx,Table 1,false,51298,"Table 1. CBO and JCT’s July 2021 Projections for Health Insurance Coverage, 2021 to 2031 / Medicaid and CHIP / Adults otherwise eligible for Medicaid",fiscal_year,2028,2028,2028,15,9
Health Insurance,Adults otherwise eligible for Medicaid,2029,12.0,Millions of people,51298-2021-07-healthinsurance.xlsx,Table 1,false,51298,"Table 1. CBO and JCT’s July 2021 Projections for Health Insurance Coverage, 2021 to 2031 / Medicaid and CHIP / Adults otherwise eligible for Medicaid",fiscal_year,2029,2029,2029,15,10
Health Insurance,Adults otherwise eligible for Medicaid,2030,12.0,Millions of people,51298-2021-07-healthinsurance.xlsx,Table 1,false,51298,"Table 1. CBO and JCT’s July 2021 Projections for Health Insurance Coverage, 2021 to 2031 / Medicaid and CHIP / Adults otherwise eligible for Medicaid",fiscal_year,2030,2030,2030,15,11
Health Insurance,Adults otherwise eligible for Medicaid,2031,12.0,Millions of people,51298-2021-07-healthinsurance.xlsx,Table 1,false,51298,"Table 1. CBO and JCT’s July 2021 Projections for Health Insurance Coverage, 2021 to 2031 / Medicaid and CHIP / Adults otherwise eligible for Medicaid",fiscal_year,2031,2031,2031,15,12
Health Insurance,CHIP,2021,7.0,Millions of people,51298-2021-07-healthinsurance.xlsx,Table 1,false,51298,"Table 1. CBO and JCT’s July 2021 Projections for Health Insurance Coverage, 2021 to 2031 / Medicaid and CHIP / CHIP",fiscal_year,2021,2021,2021,16,2
Health Insurance,CHIP,2022,7.0,Millions of people,51298-2021-07-healthinsurance.xlsx,Table 1,false,51298,"Table 1. CBO and JCT’s July 2021 Projections for Health Insurance Coverage, 2021 to 2031 / Medicaid and CHIP / CHIP",fiscal_year,2022,2022,2022,16,3
Health Insurance,CHIP,2023,7.0,Millions of people,51298-2021-07-healthinsurance.xlsx,Table 1,false,51298,"Table 1. CBO and JCT’s July 2021 Projections for Health Insurance Coverage, 2021 to 2031 / Medicaid and CHIP / CHIP",fiscal_year,2023,2023,2023,16,4
Health Insurance,CHIP,2024,7.0,Millions of people,51298-2021-07-healthinsurance.xlsx,Table 1,false,51298,"Table 1. CBO and JCT’s July 2021 Projections for Health Insurance Coverage, 2021 to 2031 / Medicaid and CHIP / CHIP",fiscal_year,2024,2024,2024,16,5
Health Insurance,CHIP,2025,7.0,Millions of people,51298-2021-07-healthinsurance.xlsx,Table 1,false,51298,"Table 1. CBO and JCT’s July 2021 Projections for Health Insurance Coverage, 2021 to 2031 / Medicaid and CHIP / CHIP",fiscal_year,2025,2025,2025,16,6
Health Insurance,CHIP,2026,7.0,Millions of people,51298-2021-07-healthinsurance.xlsx,Table 1,false,51298,"Table 1. CBO and JCT’s July 2021 Projections for Health Insurance Coverage, 2021 to 2031 / Medicaid and CHIP / CHIP",fiscal_year,2026,2026,2026,16,7
Health Insurance,CHIP,2027,7.0,Millions of people,51298-2021-07-healthinsurance.xlsx,Table 1,false,51298,"Table 1. CBO and JCT’s July 2021 Projections for Health Insurance Coverage, 2021 to 2031 / Medicaid and CHIP / CHIP",fiscal_year,2027,2027,2027,16,8
Health Insurance,CHIP,2028,7.0,Millions of people,51298-2021-07-healthinsurance.xlsx,Table 1,false,51298,"Table 1. CBO and JCT’s July 2021 Projections for Health Insurance Coverage, 2021 to 2031 / Medicaid and CHIP / CHIP",fiscal_year,2028,2028,2028,16,9
Health Insurance,CHIP,2029,7.0,Millions of people,51298-2021-07-healthinsurance.xlsx,Table 1,false,51298,"Table 1. CBO and JCT’s July 2021 Projections for Health Insurance Coverage, 2021 to 2031 / Medicaid and CHIP / CHIP",fiscal_year,2029,2029,2029,16,10
Health Insurance,CHIP,2030,7.0,Millions of people,51298-2021-07-healthinsurance.xlsx,Table 1,false,51298,"Table 1. CBO and JCT’s July 2021 Projections for Health Insurance Coverage, 2021 to 2031 / Medicaid and CHIP / CHIP",fiscal_year,2030,2030,2030,16,11
Health Insurance,CHIP,2031,7.0,Millions of people,51298-2021-07-healthinsurance.xlsx,Table 1,false,51298,"Table 1. CBO and JCT’s July 2021 Projections for Health Insurance Coverage, 2021 to 2031 / Medicaid and CHIP / CHIP",fiscal_year,2031,2031,2031,16,12
Health Insurance,Subtotal,2021,71.0,Millions of people,51298-2021-07-healthinsurance.xlsx,Table 1,true,51298,"Table 1. CBO and JCT’s July 2021 Projections for Health Insurance Coverage, 2021 to 2031 / Medicaid and CHIP / Subtotal",fiscal_year,2021,2021,2021,17,2
Health Insurance,Subtotal,2022,71.0,Millions of people,51298-2021-07-healthinsurance.xlsx,Table 1,true,51298,"Table 1. CBO and JCT’s July 2021 Projections for Health Insurance Coverage, 2021 to 2031 / Medicaid and CHIP / Subtotal",fiscal_year,2022,2022,2022,17,3
Health Insurance,Subtotal,2023,70.0,Millions of people,51298-2021-07-healthinsurance.xlsx,Table 1,true,51298,"Table 1. CBO and JCT’s July 2021 Projections for Health Insurance Coverage, 2021 to 2031 / Medicaid and CHIP / Subtotal",fiscal_year,2023,2023,2023,17,4
Health Insurance,Subtotal,2024,69.0,Millions of people,51298-2021-07-healthinsurance.xlsx,Table 1,true,51298,"Table 1. CBO and JCT’s July 2021 Projections for Health Insurance Coverage, 2021 to 2031 / Medicaid and CHIP / Subtotal",fiscal_year,2024,2024,2024,17,5
Health Insurance,Subtotal,2025,69.0,Millions of people,51298-2021-07-healthinsurance.xlsx,Table 1,true,51298,"Table 1. CBO and JCT’s July 2021 Projections for Health Insurance Coverage, 2021 to 2031 / Medicaid and CHIP / Subtotal",fiscal_year,2025,2025,2025,17,6
Health Insurance,Subtotal,2026,69.0,Millions of people,51298-2021-07-healthinsurance.xlsx,Table 1,true,51298,"Table 1. CBO and JCT’s July 2021 Projections for Health Insurance Coverage, 2021 to 2031 / Medicaid and CHIP / Subtotal",fiscal_year,2026,2026,2026,17,7
Health Insurance,Subtotal,2027,69.0,Millions of people,51298-2021-07-healthinsurance.xlsx,Table 1,true,51298,"Table 1. CBO and JCT’s July 2021 Projections for Health Insurance Coverage, 2021 to 2031 / Medicaid and CHIP / Subtotal",fiscal_year,2027,2027,2027,17,8
Health Insurance,Subtotal,2028,69.0,Millions of people,51298-2021-07-healthinsurance.xlsx,Table 1,true,51298,"Table 1. CBO and JCT’s July 2021 Projections for Health Insurance Coverage, 2021 to 2031 / Medicaid and CHIP / Subtotal",fiscal_year,2028,2028,2028,17,9
Health Insurance,Subtotal,2029,69.0,Millions of people,51298-2021-07-healthinsurance.xlsx,Table 1,true,51298,"Table 1. CBO and JCT’s July 2021 Projections for Health Insurance Coverage, 2021 to 2031 / Medicaid and CHIP / Subtotal",fiscal_year,2029,2029,2029,17,10
Health Insurance,Subtotal,2030,70.0,Millions of people,51298-2021-07-healthinsurance.xlsx,Table 1,true,51298,"Table 1. CBO and JCT’s July 2021 Projections for Health Insurance Coverage, 2021 to 2031 / Medicaid and CHIP / Subtotal",fiscal_year,2030,2030,2030,17,11
Health Insurance,Subtotal,2031,70.0,Millions of people,51298-2021-07-healthinsurance.xlsx,Table 1,true,51298,"Table 1. CBO and JCT’s July 2021 Projections for Health Insurance Coverage, 2021 to 2031 / Medicaid and CHIP / Subtotal",fiscal_year,2031,2031,2031,17,12
Health Insurance,Subsidized,2021,10.0,Millions of people,51298-2021-07-healthinsurance.xlsx,Table 1,false,51298,"Table 1. CBO and JCT’s July 2021 Projections for Health Insurance Coverage, 2021 to 2031 / Nongroup coverage purchased through marketplaces / Subsidized",fiscal_year,2021,2021,2021,20,2
Health Insurance,Subsidized,2022,11.0,Millions of people,51298-2021-07-healthinsurance.xlsx,Table 1,false,51298,"Table 1. CBO and JCT’s July 2021 Projections for Health Insurance Coverage, 2021 to 2031 / Nongroup coverage purchased through marketplaces / Subsidized",fiscal_year,2022,2022,2022,20,3
Health Insurance,Subsidized,2023,9.0,Millions of people,51298-2021-07-healthinsurance.xlsx,Table 1,false,51298,"Table 1. CBO and JCT’s July 2021 Projections for Health Insurance Coverage, 2021 to 2031 / Nongroup coverage purchased through marketplaces / Subsidized",fiscal_year,2023,2023,2023,20,4
Health Insurance,Subsidized,2024,9.0,Millions of people,51298-2021-07-healthinsurance.xlsx,Table 1,false,51298,"Table 1. CBO and JCT’s July 2021 Projections for Health Insurance Coverage, 2021 to 2031 / Nongroup coverage purchased through marketplaces / Subsidized",fiscal_year,2024,2024,2024,20,5
Health Insurance,Subsidized,2025,9.0,Millions of people,51298-2021-07-healthinsurance.xlsx,Table 1,false,51298,"Table 1. CBO and JCT’s July 2021 Projections for Health Insurance Coverage, 2021 to 2031 / Nongroup coverage purchased through marketplaces / Subsidized",fiscal_year,2025,2025,2025,20,6
Health Insurance,Subsidized,2026,9.0,Millions of people,51298-2021-07-healthinsurance.xlsx,Table 1,false,51298,"Table 1. CBO and JCT’s July 2021 Projections for Health Insurance Coverage, 2021 to 2031 / Nongroup coverage purchased through marketplaces / Subsidized",fiscal_year,2026,2026,2026,20,7
Health Insurance,Subsidized,2027,9.0,Millions of people,51298-2021-07-healthinsurance.xlsx,Table 1,false,51298,"Table 1. CBO and JCT’s July 2021 Projections for Health Insurance Coverage, 2021 to 2031 / Nongroup coverage purchased through marketplaces / Subsidized",fiscal_year,2027,2027,2027,20,8
Health Insurance,Subsidized,2028,10.0,Millions of people,51298-2021-07-healthinsurance.xlsx,Table 1,false,51298,"Table 1. CBO and JCT’s July 2021 Projections for Health Insurance Coverage, 2021 to 2031 / Nongroup coverage purchased through marketplaces / Subsidized",fiscal_year,2028,2028,2028,20,9
Health Insurance,Subsidized,2029,10.0,Millions of people,51298-2021-07-healthinsurance.xlsx,Table 1,false,51298,"Table 1. CBO and JCT’s July 2021 Projections for Health Insurance Coverage, 2021 to 2031 / Nongroup coverage purchased through marketplaces / Subsidized",fiscal_year,2029,2029,2029,20,10
Health Insurance,Subsidized,2030,10.0,Millions of people,51298-2021-07-healthinsurance.xlsx,Table 1,false,51298,"Table 1. CBO and JCT’s July 2021 Projections for Health Insurance Coverage, 2021 to 2031 / Nongroup coverage purchased through marketplaces / Subsidized",fiscal_year,2030,2030,2030,20,11
Health Insurance,Subsidized,2031,10.0,Millions of people,51298-2021-07-healthinsurance.xlsx,Table 1,false,51298,"Table 1. CBO and JCT’s July 2021 Projections for Health Insurance Coverage, 2021 to 2031 / Nongroup coverage purchased through marketplaces / Subsidized",fiscal_year,2031,2031,2031,20,12
Health Insurance,Unsubsidized,2021,1.0,Millions of people,51298-2021-07-healthinsurance.xlsx,Table 1,false,51298,"Table 1. CBO and JCT’s July 2021 Projections for Health Insurance Coverage, 2021 to 2031 / Nongroup coverage purchased through marketplaces / Unsubsidized",fiscal_year,2021,2021,2021,21,2
Health Insurance,Unsubsidized,2022,1.0,Millions of people,51298-2021-07-healthinsurance.xlsx,Table 1,false,51298,"Table 1. CBO and JCT’s July 2021 Projections for Health Insurance Coverage, 2021 to 2031 / Nongroup coverage purchased through marketplaces / Unsubsidized",fiscal_year,2022,2022,2022,21,3
Health Insurance,Unsubsidized,2023,1.0,Millions of people,51298-2021-07-healthinsurance.xlsx,Table 1,false,51298,"Table 1. CBO and JCT’s July 2021 Projections for Health Insurance Coverage, 2021 to 2031 / Nongroup coverage purchased through marketplaces / Unsubsidized",fiscal_year,2023,2023,2023,21,4
Health Insurance,Unsubsidized,2024,1.0,Millions of people,51298-2021-07-healthinsurance.xlsx,Table 1,false,51298,"Table 1. CBO and JCT’s July 2021 Projections for Health Insurance Coverage, 2021 to 2031 / Nongroup coverage purchased through marketplaces / Unsubsidized",fiscal_year,2024,2024,2024,21,5
Health Insurance,Unsubsidized,2025,1.0,Millions of people,51298-2021-07-healthinsurance.xlsx,Table 1,false,51298,"Table 1. CBO and JCT’s July 2021 Projections for Health Insurance Coverage, 2021 to 2031 / Nongroup coverage purchased through marketplaces / Unsubsidized",fiscal_year,2025,2025,2025,21,6
Health Insurance,Unsubsidized,2026,1.0,Millions of people,51298-2021-07-healthinsurance.xlsx,Table 1,false,51298,"Table 1. CBO and JCT’s July 2021 Projections for Health Insurance Coverage, 2021 to 2031 / Nongroup coverage purchased through marketplaces / Unsubsidized",fiscal_year,2026,2026,2026,21,7
Health Insurance,Unsubsidized,2027,1.0,Millions of people,51298-2021-07-healthinsurance.xlsx,Table 1,false,51298,"Table 1. CBO and JCT’s July 2021 Projections for Health Insurance Coverage, 2021 to 2031 / Nongroup coverage purchased through marketplaces / Unsubsidized",fiscal_year,2027,2027,2027,21,8
Health Insurance,Unsubsidized,2028,1.0,Millions of people,51298-2021-07-healthinsurance.xlsx,Table 1,false,51298,"Table 1. CBO and JCT’s July 2021 Projections for Health Insurance Coverage, 2021 to 2031 / Nongroup coverage purchased through marketplaces / Unsubsidized",fiscal_year,2028,2028,2028,21,9
Health Insurance,Unsubsidized,2029,1.0,Millions of people,51298-2021-07-healthinsurance.xlsx,Table 1,false,51298,"Table 1. CBO and JCT’s July 2021 Projections for Health Insurance Coverage, 2021 to 2031 / Nongroup coverage purchased through marketplaces / Unsubsidized",fiscal_year,2029,2029,2029,21,10
Health Insurance,Unsubsidized,2030,1.0,Millions of people,51298-2021-07-healthinsurance.xlsx,Table 1,false,51298,"Table 1. CBO and JCT’s July 2021 Projections for Health Insurance Coverage, 2021 to 2031 / Nongroup coverage purchased through marketplaces / Unsubsidized",fiscal_year,2030,2030,2030,21,11
Health Insurance,Unsubsidized,2031,1.0,Millions of people,51298-2021-07-healthinsurance.xlsx,Table 1,false,51298,"Table 1. CBO and JCT’s July 2021 Projections for Health Insurance Coverage, 2021 to 2031 / Nongroup coverage purchased through marketplaces / Unsubsidized",fiscal_year,2031,2031,2031,21,12
Health Insurance,Subtotal,2021,11.0,Millions of people,51298-2021-07-healthinsurance.xlsx,Table 1,true,51298,"Table 1. CBO and JCT’s July 2021 Projections for Health Insurance Coverage, 2021 to 2031 / Nongroup coverage purchased through marketplaces / Subtotal",fiscal_year,2021,2021,2021,22,2
Health Insurance,Subtotal,2022,12.0,Millions of people,51298-2021-07-healthinsurance.xlsx,Table 1,true,51298,"Table 1. CBO and JCT’s July 2021 Projections for Health Insurance Coverage, 2021 to 2031 / Nongroup coverage purchased through marketplaces / Subtotal",fiscal_year,2022,2022,2022,22,3
Health Insurance,Subtotal,2023,11.0,Millions of people,51298-2021-07-healthinsurance.xlsx,Table 1,true,51298,"Table 1. CBO and JCT’s July 2021 Projections for Health Insurance Coverage, 2021 to 2031 / Nongroup coverage purchased through marketplaces / Subtotal",fiscal_year,2023,2023,2023,22,4
Health Insurance,Subtotal,2024,10.0,Millions of people,51298-2021-07-healthinsurance.xlsx,Table 1,true,51298,"Table 1. CBO and JCT’s July 2021 Projections for Health Insurance Coverage, 2021 to 2031 / Nongroup coverage purchased through marketplaces / Subtotal",fiscal_year,2024,2024,2024,22,5
Health Insurance,Subtotal,2025,11.0,Millions of people,51298-2021-07-healthinsurance.xlsx,Table 1,true,51298,"Table 1. CBO and JCT’s July 2021 Projections for Health Insurance Coverage, 2021 to 2031 / Nongroup coverage purchased through marketplaces / Subtotal",fiscal_year,2025,2025,2025,22,6
Health Insurance,Subtotal,2026,11.0,Millions of people,51298-2021-07-healthinsurance.xlsx,Table 1,true,51298,"Table 1. CBO and JCT’s July 2021 Projections for Health Insurance Coverage, 2021 to 2031 / Nongroup coverage purchased through marketplaces / Subtotal",fiscal_year,2026,2026,2026,22,7
Health Insurance,Subtotal,2027,11.0,Millions of people,51298-2021-07-healthinsurance.xlsx,Table 1,true,51298,"Table 1. CBO and JCT’s July 2021 Projections for Health Insurance Coverage, 2021 to 2031 / Nongroup coverage purchased through marketplaces / Subtotal",fiscal_year,2027,2027,2027,22,8
Health Insurance,Subtotal,2028,11.0,Millions of people,51298-2021-07-healthinsurance.xlsx,Table 1,true,51298,"Table 1. CBO and JCT’s July 2021 Projections for Health Insurance Coverage, 2021 to 2031 / Nongroup coverage purchased through marketplaces / Subtotal",fiscal_year,2028,2028,2028,22,9
Health Insurance,Subtotal,2029,11.0,Millions of people,51298-2021-07-healthinsurance.xlsx,Table 1,true,51298,"Table 1. CBO and JCT’s July 2021 Projections for Health Insurance Coverage, 2021 to 2031 / Nongroup coverage purchased through marketplaces / Subtotal",fiscal_year,2029,2029,2029,22,10
Health Insurance,Subtotal,2030,11.0,Millions of people,51298-2021-07-healthinsurance.xlsx,Table 1,true,51298,"Table 1. CBO and JCT’s July 2021 Projections for Health Insurance Coverage, 2021 to 2031 / Nongroup coverage purchased through marketplaces / Subtotal",fiscal_year,2030,2030,2030,22,11
Health Insurance,Subtotal,2031,11.0,Millions of people,51298-2021-07-healthinsurance.xlsx,Table 1,true,51298,"Table 1. CBO and JCT’s July 2021 Projections for Health Insurance Coverage, 2021 to 2031 / Nongroup coverage purchased through marketplaces / Subtotal",fiscal_year,2031,2031,2031,22,12
Health Insurance,Nongroup coverage purchased outside marketplaces,2021,5.0,Millions of people,51298-2021-07-healthinsurance.xlsx,Table 1,false,51298,"Table 1. CBO and JCT’s July 2021 Projections for Health Insurance Coverage, 2021 to 2031 / Nongroup coverage purchased through marketplaces / Nongroup coverage purchased outside marketplaces",fiscal_year,2021,2021,2021,23,2
Health Insurance,Nongroup coverage purchased outside marketplaces,2022,4.0,Millions of people,51298-2021-07-healthinsurance.xlsx,Table 1,false,51298,"Table 1. CBO and JCT’s July 2021 Projections for Health Insurance Coverage, 2021 to 2031 / Nongroup coverage purchased through marketplaces / Nongroup coverage purchased outside marketplaces",fiscal_year,2022,2022,2022,23,3
Health Insurance,Nongroup coverage purchased outside marketplaces,2023,6.0,Millions of people,51298-2021-07-healthinsurance.xlsx,Table 1,false,51298,"Table 1. CBO and JCT’s July 2021 Projections for Health Insurance Coverage, 2021 to 2031 / Nongroup coverage purchased through marketplaces / Nongroup coverage purchased outside marketplaces",fiscal_year,2023,2023,2023,23,4
Health Insurance,Nongroup coverage purchased outside marketplaces,2024,7.0,Millions of people,51298-2021-07-healthinsurance.xlsx,Table 1,false,51298,"Table 1. CBO and JCT’s July 2021 Projections for Health Insurance Coverage, 2021 to 2031 / Nongroup coverage purchased through marketplaces / Nongroup coverage purchased outside marketplaces",fiscal_year,2024,2024,2024,23,5
Health Insurance,Nongroup coverage purchased outside marketplaces,2025,7.0,Millions of people,51298-2021-07-healthinsurance.xlsx,Table 1,false,51298,"Table 1. CBO and JCT’s July 2021 Projections for Health Insurance Coverage, 2021 to 2031 / Nongroup coverage purchased through marketplaces / Nongroup coverage purchased outside marketplaces",fiscal_year,2025,2025,2025,23,6
Health Insurance,Nongroup coverage purchased outside marketplaces,2026,7.0,Millions of people,51298-2021-07-healthinsurance.xlsx,Table 1,false,51298,"Table 1. CBO and JCT’s July 2021 Projections for Health Insurance Coverage, 2021 to 2031 / Nongroup coverage purchased through marketplaces / Nongroup coverage purchased outside marketplaces",fiscal_year,2026,2026,2026,23,7
Health Insurance,Nongroup coverage purchased outside marketplaces,2027,7.0,Millions of people,51298-2021-07-healthinsurance.xlsx,Table 1,false,51298,"Table 1. CBO and JCT’s July 2021 Projections for Health Insurance Coverage, 2021 to 2031 / Nongroup coverage purchased through marketplaces / Nongroup coverage purchased outside marketplaces",fiscal_year,2027,2027,2027,23,8
Health Insurance,Nongroup coverage purchased outside marketplaces,2028,7.0,Millions of people,51298-2021-07-healthinsurance.xlsx,Table 1,false,51298,"Table 1. CBO and JCT’s July 2021 Projections for Health Insurance Coverage, 2021 to 2031 / Nongroup coverage purchased through marketplaces / Nongroup coverage purchased outside marketplaces",fiscal_year,2028,2028,2028,23,9
Health Insurance,Nongroup coverage purchased outside marketplaces,2029,8.0,Millions of people,51298-2021-07-healthinsurance.xlsx,Table 1,false,51298,"Table 1. CBO and JCT’s July 2021 Projections for Health Insurance Coverage, 2021 to 2031 / Nongroup coverage purchased through marketplaces / Nongroup coverage purchased outside marketplaces",fiscal_year,2029,2029,2029,23,10
Health Insurance,Nongroup coverage purchased outside marketplaces,2030,8.0,Millions of people,51298-2021-07-healthinsurance.xlsx,Table 1,false,51298,"Table 1. CBO and JCT’s July 2021 Projections for Health Insurance Coverage, 2021 to 2031 / Nongroup coverage purchased through marketplaces / Nongroup coverage purchased outside marketplaces",fiscal_year,2030,2030,2030,23,11
Health Insurance,Nongroup coverage purchased outside marketplaces,2031,8.0,Millions of people,51298-2021-07-healthinsurance.xlsx,Table 1,false,51298,"Table 1. CBO and JCT’s July 2021 Projections for Health Insurance Coverage, 2021 to 2031 / Nongroup coverage purchased through marketplaces / Nongroup coverage purchased outside marketplaces",fiscal_year,2031,2031,2031,23,12
Health Insurance,Subtotal,2021,16.0,Millions of people,51298-2021-07-healthinsurance.xlsx,Table 1,true,51298,"Table 1. CBO and JCT’s July 2021 Projections for Health Insurance Coverage, 2021 to 2031 / Nongroup coverage purchased through marketplaces / Subtotal",fiscal_year,2021,2021,2021,24,2
Health Insurance,Subtotal,2022,17.0,Millions of people,51298-2021-07-healthinsurance.xlsx,Table 1,true,51298,"Table 1. CBO and JCT’s July 2021 Projections for Health Insurance Coverage, 2021 to 2031 / Nongroup coverage purchased through marketplaces / Subtotal",fiscal_year,2022,2022,2022,24,3
Health Insurance,Subtotal,2023,17.0,Millions of people,51298-2021-07-healthinsurance.xlsx,Table 1,true,51298,"Table 1. CBO and JCT’s July 2021 Projections for Health Insurance Coverage, 2021 to 2031 / Nongroup coverage purchased through marketplaces / Subtotal",fiscal_year,2023,2023,2023,24,4
Health Insurance,Subtotal,2024,17.0,Millions of people,51298-2021-07-healthinsurance.xlsx,Table 1,true,51298,"Table 1. CBO and JCT’s July 2021 Projections for Health Insurance Coverage, 2021 to 2031 / Nongroup coverage purchased through marketplaces / Subtotal",fiscal_year,2024,2024,2024,24,5
Health Insurance,Subtotal,2025,18.0,Millions of people,51298-2021-07-healthinsurance.xlsx,Table 1,true,51298,"Table 1. CBO and JCT’s July 2021 Projections for Health Insurance Coverage, 2021 to 2031 / Nongroup coverage purchased through marketplaces / Subtotal",fiscal_year,2025,2025,2025,24,6
Health Insurance,Subtotal,2026,18.0,Millions of people,51298-2021-07-healthinsurance.xlsx,Table 1,true,51298,"Table 1. CBO and JCT’s July 2021 Projections for Health Insurance Coverage, 2021 to 2031 / Nongroup coverage purchased through marketplaces / Subtotal",fiscal_year,2026,2026,2026,24,7
Health Insurance,Subtotal,2027,18.0,Millions of people,51298-2021-07-healthinsurance.xlsx,Table 1,true,51298,"Table 1. CBO and JCT’s July 2021 Projections for Health Insurance Coverage, 2021 to 2031 / Nongroup coverage purchased through marketplaces / Subtotal",fiscal_year,2027,2027,2027,24,8
Health Insurance,Subtotal,2028,18.0,Millions of people,51298-2021-07-healthinsurance.xlsx,Table 1,true,51298,"Table 1. CBO and JCT’s July 2021 Projections for Health Insurance Coverage, 2021 to 2031 / Nongroup coverage purchased through marketplaces / Subtotal",fiscal_year,2028,2028,2028,24,9
Health Insurance,Subtotal,2029,18.0,Millions of people,51298-2021-07-healthinsurance.xlsx,Table 1,true,51298,"Table 1. CBO and JCT’s July 2021 Projections for Health Insurance Coverage, 2021 to 2031 / Nongroup coverage purchased through marketplaces / Subtotal",fiscal_year,2029,2029,2029,24,10
Health Insurance,Subtotal,2030,19.0,Millions of people,51298-2021-07-healthinsurance.xlsx,Table 1,true,51298,"Table 1. CBO and JCT’s July 2021 Projections for Health Insurance Coverage, 2021 to 2031 / Nongroup coverage purchased through marketplaces / Subtotal",fiscal_year,2030,2030,2030,24,11
Health Insurance,Subtotal,2031,19.0,Millions of people,51298-2021-07-healthinsurance.xlsx,Table 1,true,51298,"Table 1. CBO and JCT’s July 2021 Projections for Health Insurance Coverage, 2021 to 2031 / Nongroup coverage purchased through marketplaces / Subtotal",fiscal_year,2031,2031,2031,24,12
Health Insurance,Coverage through the Basic Health Program,2021,1.0,Millions of people,51298-2021-07-healthinsurance.xlsx,Table 1,false,51298,"Table 1. CBO and JCT’s July 2021 Projections for Health Insurance Coverage, 2021 to 2031 / Nongroup coverage purchased through marketplaces / Coverage through the Basic Health Program",fiscal_year,2021,2021,2021,25,2
Health Insurance,Coverage through the Basic Health Program,2022,1.0,Millions of people,51298-2021-07-healthinsurance.xlsx,Table 1,false,51298,"Table 1. CBO and JCT’s July 2021 Projections for Health Insurance Coverage, 2021 to 2031 / Nongroup coverage purchased through marketplaces / Coverage through the Basic Health Program",fiscal_year,2022,2022,2022,25,3
Health Insurance,Coverage through the Basic Health Program,2023,1.0,Millions of people,51298-2021-07-healthinsurance.xlsx,Table 1,false,51298,"Table 1. CBO and JCT’s July 2021 Projections for Health Insurance Coverage, 2021 to 2031 / Nongroup coverage purchased through marketplaces / Coverage through the Basic Health Program",fiscal_year,2023,2023,2023,25,4
Health Insurance,Coverage through the Basic Health Program,2024,1.0,Millions of people,51298-2021-07-healthinsurance.xlsx,Table 1,false,51298,"Table 1. CBO and JCT’s July 2021 Projections for Health Insurance Coverage, 2021 to 2031 / Nongroup coverage purchased through marketplaces / Coverage through the Basic Health Program",fiscal_year,2024,2024,2024,25,5
Health Insurance,Coverage through the Basic Health Program,2025,1.0,Millions of people,51298-2021-07-healthinsurance.xlsx,Table 1,false,51298,"Table 1. CBO and JCT’s July 2021 Projections for Health Insurance Coverage, 2021 to 2031 / Nongroup coverage purchased through marketplaces / Coverage through the Basic Health Program",fiscal_year,2025,2025,2025,25,6
Health Insurance,Coverage through the Basic Health Program,2026,1.0,Millions of people,51298-2021-07-healthinsurance.xlsx,Table 1,false,51298,"Table 1. CBO and JCT’s July 2021 Projections for Health Insurance Coverage, 2021 to 2031 / Nongroup coverage purchased through marketplaces / Coverage through the Basic Health Program",fiscal_year,2026,2026,2026,25,7
Health Insurance,Coverage through the Basic Health Program,2027,1.0,Millions of people,51298-2021-07-healthinsurance.xlsx,Table 1,false,51298,"Table 1. CBO and JCT’s July 2021 Projections for Health Insurance Coverage, 2021 to 2031 / Nongroup coverage purchased through marketplaces / Coverage through the Basic Health Program",fiscal_year,2027,2027,2027,25,8
Health Insurance,Coverage through the Basic Health Program,2028,1.0,Millions of people,51298-2021-07-healthinsurance.xlsx,Table 1,false,51298,"Table 1. CBO and JCT’s July 2021 Projections for Health Insurance Coverage, 2021 to 2031 / Nongroup coverage purchased through marketplaces / Coverage through the Basic Health Program",fiscal_year,2028,2028,2028,25,9
Health Insurance,Coverage through the Basic Health Program,2029,1.0,Millions of people,51298-2021-07-healthinsurance.xlsx,Table 1,false,51298,"Table 1. CBO and JCT’s July 2021 Projections for Health Insurance Coverage, 2021 to 2031 / Nongroup coverage purchased through marketplaces / Coverage through the Basic Health Program",fiscal_year,2029,2029,2029,25,10
Health Insurance,Coverage through the Basic Health Program,2030,1.0,Millions of people,51298-2021-07-healthinsurance.xlsx,Table 1,false,51298,"Table 1. CBO and JCT’s July 2021 Projections for Health Insurance Coverage, 2021 to 2031 / Nongroup coverage purchased through marketplaces / Coverage through the Basic Health Program",fiscal_year,2030,2030,2030,25,11
Health Insurance,Coverage through the Basic Health Program,2031,1.0,Millions of people,51298-2021-07-healthinsurance.xlsx,Table 1,false,51298,"Table 1. CBO and JCT’s July 2021 Projections for Health Insurance Coverage, 2021 to 2031 / Nongroup coverage purchased through marketplaces / Coverage through the Basic Health Program",fiscal_year,2031,2031,2031,25,12
Health Insurance,Medicare,2021,8.0,Millions of people,51298-2021-07-healthinsurance.xlsx,Table 1,false,51298,"Table 1. CBO and JCT’s July 2021 Projections for Health Insurance Coverage, 2021 to 2031 / Nongroup coverage purchased through marketplaces / Medicare",fiscal_year,2021,2021,2021,26,2
Health Insurance,Medicare,2022,8.0,Millions of people,51298-2021-07-healthinsurance.xlsx,Table 1,false,51298,"Table 1. CBO and JCT’s July 2021 Projections for Health Insurance Coverage, 2021 to 2031 / Nongroup coverage purchased through marketplaces / Medicare",fiscal_year,2022,2022,2022,26,3
Health Insurance,Medicare,2023,8.0,Millions of people,51298-2021-07-healthinsurance.xlsx,Table 1,false,51298,"Table 1. CBO and JCT’s July 2021 Projections for Health Insurance Coverage, 2021 to 2031 / Nongroup coverage purchased through marketplaces / Medicare",fiscal_year,2023,2023,2023,26,4
Health Insurance,Medicare,2024,8.0,Millions of people,51298-2021-07-healthinsurance.xlsx,Table 1,false,51298,"Table 1. CBO and JCT’s July 2021 Projections for Health Insurance Coverage, 2021 to 2031 / Nongroup coverage purchased through marketplaces / Medicare",fiscal_year,2024,2024,2024,26,5
Health Insurance,Medicare,2025,8.0,Millions of people,51298-2021-07-healthinsurance.xlsx,Table 1,false,51298,"Table 1. CBO and JCT’s July 2021 Projections for Health Insurance Coverage, 2021 to 2031 / Nongroup coverage purchased through marketplaces / Medicare",fiscal_year,2025,2025,2025,26,6
Health Insurance,Medicare,2026,8.0,Millions of people,51298-2021-07-healthinsurance.xlsx,Table 1,false,51298,"Table 1. CBO and JCT’s July 2021 Projections for Health Insurance Coverage, 2021 to 2031 / Nongroup coverage purchased through marketplaces / Medicare",fiscal_year,2026,2026,2026,26,7
Health Insurance,Medicare,2027,8.0,Millions of people,51298-2021-07-healthinsurance.xlsx,Table 1,false,51298,"Table 1. CBO and JCT’s July 2021 Projections for Health Insurance Coverage, 2021 to 2031 / Nongroup coverage purchased through marketplaces / Medicare",fiscal_year,2027,2027,2027,26,8
Health Insurance,Medicare,2028,8.0,Millions of people,51298-2021-07-healthinsurance.xlsx,Table 1,false,51298,"Table 1. CBO and JCT’s July 2021 Projections for Health Insurance Coverage, 2021 to 2031 / Nongroup coverage purchased through marketplaces / Medicare",fiscal_year,2028,2028,2028,26,9
Health Insurance,Medicare,2029,8.0,Millions of people,51298-2021-07-healthinsurance.xlsx,Table 1,false,51298,"Table 1. CBO and JCT’s July 2021 Projections for Health Insurance Coverage, 2021 to 2031 / Nongroup coverage purchased through marketplaces / Medicare",fiscal_year,2029,2029,2029,26,10
Health Insurance,Medicare,2030,8.0,Millions of people,51298-2021-07-healthinsurance.xlsx,Table 1,false,51298,"Table 1. CBO and JCT’s July 2021 Projections for Health Insurance Coverage, 2021 to 2031 / Nongroup coverage purchased through marketplaces / Medicare",fiscal_year,2030,2030,2030,26,11
Health Insurance,Medicare,2031,8.0,Millions of people,51298-2021-07-healthinsurance.xlsx,Table 1,false,51298,"Table 1. CBO and JCT’s July 2021 Projections for Health Insurance Coverage, 2021 to 2031 / Nongroup coverage purchased through marketplaces / Medicare",fiscal_year,2031,2031,2031,26,12
Health Insurance,Other Coverage,2021,3.0,Millions of people,51298-2021-07-healthinsurance.xlsx,Table 1,false,51298,"Table 1. CBO and JCT’s July 2021 Projections for Health Insurance Coverage, 2021 to 2031 / Nongroup coverage purchased through marketplaces / Other Coverage",fiscal_year,2021,2021,2021,27,2
Health Insurance,Other Coverage,2022,3.0,Millions of people,51298-2021-07-healthinsurance.xlsx,Table 1,false,51298,"Table 1. CBO and JCT’s July 2021 Projections for Health Insurance Coverage, 2021 to 2031 / Nongroup coverage purchased through marketplaces / Other Coverage",fiscal_year,2022,2022,2022,27,3
Health Insurance,Other Coverage,2023,3.0,Millions of people,51298-2021-07-healthinsurance.xlsx,Table 1,false,51298,"Table 1. CBO and JCT’s July 2021 Projections for Health Insurance Coverage, 2021 to 2031 / Nongroup coverage purchased through marketplaces / Other Coverage",fiscal_year,2023,2023,2023,27,4
Health Insurance,Other Coverage,2024,3.0,Millions of people,51298-2021-07-healthinsurance.xlsx,Table 1,false,51298,"Table 1. CBO and JCT’s July 2021 Projections for Health Insurance Coverage, 2021 to 2031 / Nongroup coverage purchased through marketplaces / Other Coverage",fiscal_year,2024,2024,2024,27,5
Health Insurance,Other Coverage,2025,3.0,Millions of people,51298-2021-07-healthinsurance.xlsx,Table 1,false,51298,"Table 1. CBO and JCT’s July 2021 Projections for Health Insurance Coverage, 2021 to 2031 / Nongroup coverage purchased through marketplaces / Other Coverage",fiscal_year,2025,2025,2025,27,6
Health Insurance,Other Coverage,2026,3.0,Millions of people,51298-2021-07-healthinsurance.xlsx,Table 1,false,51298,"Table 1. CBO and JCT’s July 2021 Projections for Health Insurance Coverage, 2021 to 2031 / Nongroup coverage purchased through marketplaces / Other Coverage",fiscal_year,2026,2026,2026,27,7
Health Insurance,Other Coverage,2027,3.0,Millions of people,51298-2021-07-healthinsurance.xlsx,Table 1,false,51298,"Table 1. CBO and JCT’s July 2021 Projections for Health Insurance Coverage, 2021 to 2031 / Nongroup coverage purchased through marketplaces / Other Coverage",fiscal_year,2027,2027,2027,27,8
Health Insurance,Other Coverage,2028,3.0,Millions of people,51298-2021-07-healthinsurance.xlsx,Table 1,false,51298,"Table 1. CBO and JCT’s July 2021 Projections for Health Insurance Coverage, 2021 to 2031 / Nongroup coverage purchased through marketplaces / Other Coverage",fiscal_year,2028,2028,2028,27,9
Health Insurance,Other Coverage,2029,3.0,Millions of people,51298-2021-07-healthinsurance.xlsx,Table 1,false,51298,"Table 1. CBO and JCT’s July 2021 Projections for Health Insurance Coverage, 2021 to 2031 / Nongroup coverage purchased through marketplaces / Other Coverage",fiscal_year,2029,2029,2029,27,10
Health Insurance,Other Coverage,2030,3.0,Millions of people,51298-2021-07-healthinsurance.xlsx,Table 1,false,51298,"Table 1. CBO and JCT’s July 2021 Projections for Health Insurance Coverage, 2021 to 2031 / Nongroup coverage purchased through marketplaces / Other Coverage",fiscal_year,2030,2030,2030,27,11
Health Insurance,Other Coverage,2031,3.0,Millions of people,51298-2021-07-healthinsurance.xlsx,Table 1,false,51298,"Table 1. CBO and JCT’s July 2021 Projections for Health Insurance Coverage, 2021 to 2031 / Nongroup coverage purchased through marketplaces / Other Coverage",fiscal_year,2031,2031,2031,27,12
Health Insurance,Uninsured,2021,28.0,Millions of people,51298-2021-07-healthinsurance.xlsx,Table 1,false,51298,"Table 1. CBO and JCT’s July 2021 Projections for Health Insurance Coverage, 2021 to 2031 / Nongroup coverage purchased through marketplaces / Uninsured",fiscal_year,2021,2021,2021,28,2
Health Insurance,Uninsured,2022,28.0,Millions of people,51298-2021-07-healthinsurance.xlsx,Table 1,false,51298,"Table 1. CBO and JCT’s July 2021 Projections for Health Insurance Coverage, 2021 to 2031 / Nongroup coverage purchased through marketplaces / Uninsured",fiscal_year,2022,2022,2022,28,3
Health Insurance,Uninsured,2023,29.0,Millions of people,51298-2021-07-healthinsurance.xlsx,Table 1,false,51298,"Table 1. CBO and JCT’s July 2021 Projections for Health Insurance Coverage, 2021 to 2031 / Nongroup coverage purchased through marketplaces / Uninsured",fiscal_year,2023,2023,2023,28,4
Health Insurance,Uninsured,2024,29.0,Millions of people,51298-2021-07-healthinsurance.xlsx,Table 1,false,51298,"Table 1. CBO and JCT’s July 2021 Projections for Health Insurance Coverage, 2021 to 2031 / Nongroup coverage purchased through marketplaces / Uninsured",fiscal_year,2024,2024,2024,28,5
Health Insurance,Uninsured,2025,29.0,Millions of people,51298-2021-07-healthinsurance.xlsx,Table 1,false,51298,"Table 1. CBO and JCT’s July 2021 Projections for Health Insurance Coverage, 2021 to 2031 / Nongroup coverage purchased through marketplaces / Uninsured",fiscal_year,2025,2025,2025,28,6
Health Insurance,Uninsured,2026,29.0,Millions of people,51298-2021-07-healthinsurance.xlsx,Table 1,false,51298,"Table 1. CBO and JCT’s July 2021 Projections for Health Insurance Coverage, 2021 to 2031 / Nongroup coverage purchased through marketplaces / Uninsured",fiscal_year,2026,2026,2026,28,7
Health Insurance,Uninsured,2027,28.0,Millions of people,51298-2021-07-healthinsurance.xlsx,Table 1,false,51298,"Table 1. CBO and JCT’s July 2021 Projections for Health Insurance Coverage, 2021 to 2031 / Nongroup coverage purchased through marketplaces / Uninsured",fiscal_year,2027,2027,2027,28,8
Health Insurance,Uninsured,2028,28.0,Millions of people,51298-2021-07-healthinsurance.xlsx,Table 1,false,51298,"Table 1. CBO and JCT’s July 2021 Projections for Health Insurance Coverage, 2021 to 2031 / Nongroup coverage purchased through marketplaces / Uninsured",fiscal_year,2028,2028,2028,28,9
Health Insurance,Uninsured,2029,28.0,Millions of people,51298-2021-07-healthinsurance.xlsx,Table 1,false,51298,"Table 1. CBO and JCT’s July 2021 Projections for Health Insurance Coverage, 2021 to 2031 / Nongroup coverage purchased through marketplaces / Uninsured",fiscal_year,2029,2029,2029,28,10
Health Insurance,Uninsured,2030,28.0,Millions of people,51298-2021-07-healthinsurance.xlsx,Table 1,false,51298,"Table 1. CBO and JCT’s July 2021 Projections for Health Insurance Coverage, 2021 to 2031 / Nongroup coverage purchased through marketplaces / Uninsured",fiscal_year,2030,2030,2030,28,11
Health Insurance,Uninsured,2031,28.0,Millions of people,51298-2021-07-healthinsurance.xlsx,Table 1,false,51298,"Table 1. CBO and JCT’s July 2021 Projections for Health Insurance Coverage, 2021 to 2031 / Nongroup coverage purchased through marketplaces / Uninsured",fiscal_year,2031,2031,2031,28,12
Health Insurance,Memorandum:,2021,243.0,Number of insured people,51298-2021-07-healthinsurance.xlsx,Table 1,false,51298,"Table 1. CBO and JCT’s July 2021 Projections for Health Insurance Coverage, 2021 to 2031 / Memorandum:",fiscal_year,2021,2021,2021,30,2
Health Insurance,Memorandum:,2022,243.0,Number of insured people,51298-2021-07-healthinsurance.xlsx,Table 1,false,51298,"Table 1. CBO and JCT’s July 2021 Projections for Health Insurance Coverage, 2021 to 2031 / Memorandum:",fiscal_year,2022,2022,2022,30,3
Health Insurance,Memorandum:,2023,241.0,Number of insured people,51298-2021-07-healthinsurance.xlsx,Table 1,false,51298,"Table 1. CBO and JCT’s July 2021 Projections for Health Insurance Coverage, 2021 to 2031 / Memorandum:",fiscal_year,2023,2023,2023,30,4
Health Insurance,Memorandum:,2024,240.0,Number of insured people,51298-2021-07-healthinsurance.xlsx,Table 1,false,51298,"Table 1. CBO and JCT’s July 2021 Projections for Health Insurance Coverage, 2021 to 2031 / Memorandum:",fiscal_year,2024,2024,2024,30,5
Health Insurance,Memorandum:,2025,240.0,Number of insured people,51298-2021-07-healthinsurance.xlsx,Table 1,false,51298,"Table 1. CBO and JCT’s July 2021 Projections for Health Insurance Coverage, 2021 to 2031 / Memorandum:",fiscal_year,2025,2025,2025,30,6
Health Insurance,Memorandum:,2026,241.0,Number of insured people,51298-2021-07-healthinsurance.xlsx,Table 1,false,51298,"Table 1. CBO and JCT’s July 2021 Projections for Health Insurance Coverage, 2021 to 2031 / Memorandum:",fiscal_year,2026,2026,2026,30,7
Health Insurance,Memorandum:,2027,241.0,Number of insured people,51298-2021-07-healthinsurance.xlsx,Table 1,false,51298,"Table 1. CBO and JCT’s July 2021 Projections for Health Insurance Coverage, 2021 to 2031 / Memorandum:",fiscal_year,2027,2027,2027,30,8
Health Insurance,Memorandum:,2028,241.0,Number of insured people,51298-2021-07-healthinsurance.xlsx,Table 1,false,51298,"Table 1. CBO and JCT’s July 2021 Projections for Health Insurance Coverage, 2021 to 2031 / Memorandum:",fiscal_year,2028,2028,2028,30,9
Health Insurance,Memorandum:,2029,242.0,Number of insured people,51298-2021-07-healthinsurance.xlsx,Table 1,false,51298,"Table 1. CBO and JCT’s July 2021 Projections for Health Insurance Coverage, 2021 to 2031 / Memorandum:",fiscal_year,2029,2029,2029,30,10
Health Insurance,Memorandum:,2030,242.0,Number of insured people,51298-2021-07-healthinsurance.xlsx,Table 1,false,51298,"Table 1. CBO and JCT’s July 2021 Projections for Health Insurance Coverage, 2021 to 2031 / Memorandum:",fiscal_year,2030,2030,2030,30,11
Health Insurance,Memorandum:,2031,243.0,Number of insured people,51298-2021-07-healthinsurance.xlsx,Table 1,false,51298,"Table 1. CBO and JCT’s July 2021 Projections for Health Insurance Coverage, 2021 to 2031 / Memorandum:",fiscal_year,2031,2031,2031,30,12
Health Insurance,Including all U.S. residents,2021,90.0,Number of insured people,51298-2021-07-healthinsurance.xlsx,Table 1,false,51298,"Table 1. CBO and JCT’s July 2021 Projections for Health Insurance Coverage, 2021 to 2031 / Insured as a Percentage of the Population / Including all U.S. residents",fiscal_year,2021,2021,2021,32,2
Health Insurance,Including all U.S. residents,2022,90.0,Number of insured people,51298-2021-07-healthinsurance.xlsx,Table 1,false,51298,"Table 1. CBO and JCT’s July 2021 Projections for Health Insurance Coverage, 2021 to 2031 / Insured as a Percentage of the Population / Including all U.S. residents",fiscal_year,2022,2022,2022,32,3
Health Insurance,Including all U.S. residents,2023,89.0,Number of insured people,51298-2021-07-healthinsurance.xlsx,Table 1,false,51298,"Table 1. CBO and JCT’s July 2021 Projections for Health Insurance Coverage, 2021 to 2031 / Insured as a Percentage of the Population / Including all U.S. residents",fiscal_year,2023,2023,2023,32,4
Health Insurance,Including all U.S. residents,2024,89.0,Number of insured people,51298-2021-07-healthinsurance.xlsx,Table 1,false,51298,"Table 1. CBO and JCT’s July 2021 Projections for Health Insurance Coverage, 2021 to 2031 / Insured as a Percentage of the Population / Including all U.S. residents",fiscal_year,2024,2024,2024,32,5
Health Insurance,Including all U.S. residents,2025,89.0,Number of insured people,51298-2021-07-healthinsurance.xlsx,Table 1,false,51298,"Table 1. CBO and JCT’s July 2021 Projections for Health Insurance Coverage, 2021 to 2031 / Insured as a Percentage of the Population / Including all U.S. residents",fiscal_year,2025,2025,2025,32,6
Health Insurance,Including all U.S. residents,2026,89.0,Number of insured people,51298-2021-07-healthinsurance.xlsx,Table 1,false,51298,"Table 1. CBO and JCT’s July 2021 Projections for Health Insurance Coverage, 2021 to 2031 / Insured as a Percentage of the Population / Including all U.S. residents",fiscal_year,2026,2026,2026,32,7
Health Insurance,Including all U.S. residents,2027,89.0,Number of insured people,51298-2021-07-healthinsurance.xlsx,Table 1,false,51298,"Table 1. CBO and JCT’s July 2021 Projections for Health Insurance Coverage, 2021 to 2031 / Insured as a Percentage of the Population / Including all U.S. residents",fiscal_year,2027,2027,2027,32,8
Health Insurance,Including all U.S. residents,2028,90.0,Number of insured people,51298-2021-07-healthinsurance.xlsx,Table 1,false,51298,"Table 1. CBO and JCT’s July 2021 Projections for Health Insurance Coverage, 2021 to 2031 / Insured as a Percentage of the Population / Including all U.S. residents",fiscal_year,2028,2028,2028,32,9
Health Insurance,Including all U.S. residents,2029,90.0,Number of insured people,51298-2021-07-healthinsurance.xlsx,Table 1,false,51298,"Table 1. CBO and JCT’s July 2021 Projections for Health Insurance Coverage, 2021 to 2031 / Insured as a Percentage of the Population / Including all U.S. residents",fiscal_year,2029,2029,2029,32,10
Health Insurance,Including all U.S. residents,2030,90.0,Number of insured people,51298-2021-07-healthinsurance.xlsx,Table 1,false,51298,"Table 1. CBO and JCT’s July 2021 Projections for Health Insurance Coverage, 2021 to 2031 / Insured as a Percentage of the Population / Including all U.S. residents",fiscal_year,2030,2030,2030,32,11
Health Insurance,Including all U.S. residents,2031,90.0,Number of insured people,51298-2021-07-healthinsurance.xlsx,Table 1,false,51298,"Table 1. CBO and JCT’s July 2021 Projections for Health Insurance Coverage, 2021 to 2031 / Insured as a Percentage of the Population / Including all U.S. residents",fiscal_year,2031,2031,2031,32,12
Health Insurance,Excluding unauthorized immigrants,2021,92.0,Number of insured people,51298-2021-07-healthinsurance.xlsx,Table 1,false,51298,"Table 1. CBO and JCT’s July 2021 Projections for Health Insurance Coverage, 2021 to 2031 / Insured as a Percentage of the Population / Excluding unauthorized immigrants",fiscal_year,2021,2021,2021,33,2
Health Insurance,Excluding unauthorized immigrants,2022,92.0,Number of insured people,51298-2021-07-healthinsurance.xlsx,Table 1,false,51298,"Table 1. CBO and JCT’s July 2021 Projections for Health Insurance Coverage, 2021 to 2031 / Insured as a Percentage of the Population / Excluding unauthorized immigrants",fiscal_year,2022,2022,2022,33,3
Health Insurance,Excluding unauthorized immigrants,2023,91.0,Number of insured people,51298-2021-07-healthinsurance.xlsx,Table 1,false,51298,"Table 1. CBO and JCT’s July 2021 Projections for Health Insurance Coverage, 2021 to 2031 / Insured as a Percentage of the Population / Excluding unauthorized immigrants",fiscal_year,2023,2023,2023,33,4
Health Insurance,Excluding unauthorized immigrants,2024,91.0,Number of insured people,51298-2021-07-healthinsurance.xlsx,Table 1,false,51298,"Table 1. CBO and JCT’s July 2021 Projections for Health Insurance Coverage, 2021 to 2031 / Insured as a Percentage of the Population / Excluding unauthorized immigrants",fiscal_year,2024,2024,2024,33,5
Health Insurance,Excluding unauthorized immigrants,2025,91.0,Number of insured people,51298-2021-07-healthinsurance.xlsx,Table 1,false,51298,"Table 1. CBO and JCT’s July 2021 Projections for Health Insurance Coverage, 2021 to 2031 / Insured as a Percentage of the Population / Excluding unauthorized immigrants",fiscal_year,2025,2025,2025,33,6
Health Insurance,Excluding unauthorized immigrants,2026,91.0,Number of insured people,51298-2021-07-healthinsurance.xlsx,Table 1,false,51298,"Table 1. CBO and JCT’s July 2021 Projections for Health Insurance Coverage, 2021 to 2031 / Insured as a Percentage of the Population / Excluding unauthorized immigrants",fiscal_year,2026,2026,2026,33,7
Health Insurance,Excluding unauthorized immigrants,2027,91.0,Number of insured people,51298-2021-07-healthinsurance.xlsx,Table 1,false,51298,"Table 1. CBO and JCT’s July 2021 Projections for Health Insurance Coverage, 2021 to 2031 / Insured as a Percentage of the Population / Excluding unauthorized immigrants",fiscal_year,2027,2027,2027,33,8
Health Insurance,Excluding unauthorized immigrants,2028,91.0,Number of insured people,51298-2021-07-healthinsurance.xlsx,Table 1,false,51298,"Table 1. CBO and JCT’s July 2021 Projections for Health Insurance Coverage, 2021 to 2031 / Insured as a Percentage of the Population / Excluding unauthorized immigrants",fiscal_year,2028,2028,2028,33,9
Health Insurance,Excluding unauthorized immigrants,2029,91.0,Number of insured people,51298-2021-07-healthinsurance.xlsx,Table 1,false,51298,"Table 1. CBO and JCT’s July 2021 Projections for Health Insurance Coverage, 2021 to 2031 / Insured as a Percentage of the Population / Excluding unauthorized immigrants",fiscal_year,2029,2029,2029,33,10
Health Insurance,Excluding unauthorized immigrants,2030,92.0,Number of insured people,51298-2021-07-healthinsurance.xlsx,Table 1,false,51298,"Table 1. CBO and JCT’s July 2021 Projections for Health Insurance Coverage, 2021 to 2031 / Insured as a Percentage of the Population / Excluding unauthorized immigrants",fiscal_year,2030,2030,2030,33,11
Health Insurance,Excluding unauthorized immigrants,2031,92.0,Number of insured people,51298-2021-07-healthinsurance.xlsx,Table 1,false,51298,"Table 1. CBO and JCT’s July 2021 Projections for Health Insurance Coverage, 2021 to 2031 / Insured as a Percentage of the Population / Excluding unauthorized immigrants",fiscal_year,2031,2031,2031,33,12
Health Insurance,Tax exclusion for employment-based coverage,2021,313.0,Billions of dollars,51298-2021-07-healthinsurance.xlsx,Table 2,false,51298,"Table 2. CBO and JCT’s July 2021 Projections for Net Federal Subsidies for Health Insurance Coverage, 2021 to 2031 / Employment-Based Coverage / Tax exclusion for employment-based coverage",fiscal_year,2021,2021,2021,8,2
Health Insurance,Tax exclusion for employment-based coverage,2022,314.0,Billions of dollars,51298-2021-07-healthinsurance.xlsx,Table 2,false,51298,"Table 2. CBO and JCT’s July 2021 Projections for Net Federal Subsidies for Health Insurance Coverage, 2021 to 2031 / Employment-Based Coverage / Tax exclusion for employment-based coverage",fiscal_year,2022,2022,2022,8,3
Health Insurance,Tax exclusion for employment-based coverage,2023,324.0,Billions of dollars,51298-2021-07-healthinsurance.xlsx,Table 2,false,51298,"Table 2. CBO and JCT’s July 2021 Projections for Net Federal Subsidies for Health Insurance Coverage, 2021 to 2031 / Employment-Based Coverage / Tax exclusion for employment-based coverage",fiscal_year,2023,2023,2023,8,4
Health Insurance,Tax exclusion for employment-based coverage,2024,338.0,Billions of dollars,51298-2021-07-healthinsurance.xlsx,Table 2,false,51298,"Table 2. CBO and JCT’s July 2021 Projections for Net Federal Subsidies for Health Insurance Coverage, 2021 to 2031 / Employment-Based Coverage / Tax exclusion for employment-based coverage",fiscal_year,2024,2024,2024,8,5
Health Insurance,Tax exclusion for employment-based coverage,2025,352.0,Billions of dollars,51298-2021-07-healthinsurance.xlsx,Table 2,false,51298,"Table 2. CBO and JCT’s July 2021 Projections for Net Federal Subsidies for Health Insurance Coverage, 2021 to 2031 / Employment-Based Coverage / Tax exclusion for employment-based coverage",fiscal_year,2025,2025,2025,8,6
Health Insurance,Tax exclusion for employment-based coverage,2026,394.0,Billions of dollars,51298-2021-07-healthinsurance.xlsx,Table 2,false,51298,"Table 2. CBO and JCT’s July 2021 Projections for Net Federal Subsidies for Health Insurance Coverage, 2021 to 2031 / Employment-Based Coverage / Tax exclusion for employment-based coverage",fiscal_year,2026,2026,2026,8,7
Health Insurance,Tax exclusion for employment-based coverage,2027,424.0,Billions of dollars,51298-2021-07-healthinsurance.xlsx,Table 2,false,51298,"Table 2. CBO and JCT’s July 2021 Projections for Net Federal Subsidies for Health Insurance Coverage, 2021 to 2031 / Employment-Based Coverage / Tax exclusion for employment-based coverage",fiscal_year,2027,2027,2027,8,8
Health Insurance,Tax exclusion for employment-based coverage,2028,447.0,Billions of dollars,51298-2021-07-healthinsurance.xlsx,Table 2,false,51298,"Table 2. CBO and JCT’s July 2021 Projections for Net Federal Subsidies for Health Insurance Coverage, 2021 to 2031 / Employment-Based Coverage / Tax exclusion for employment-based coverage",fiscal_year,2028,2028,2028,8,9
Health Insurance,Tax exclusion for employment-based coverage,2029,472.0,Billions of dollars,51298-2021-07-healthinsurance.xlsx,Table 2,false,51298,"Table 2. CBO and JCT’s July 2021 Projections for Net Federal Subsidies for Health Insurance Coverage, 2021 to 2031 / Employment-Based Coverage / Tax exclusion for employment-based coverage",fiscal_year,2029,2029,2029,8,10
Health Insurance,Tax exclusion for employment-based coverage,2030,499.0,Billions of dollars,51298-2021-07-healthinsurance.xlsx,Table 2,false,51298,"Table 2. CBO and JCT’s July 2021 Projections for Net Federal Subsidies for Health Insurance Coverage, 2021 to 2031 / Employment-Based Coverage / Tax exclusion for employment-based coverage",fiscal_year,2030,2030,2030,8,11
Health Insurance,Tax exclusion for employment-based coverage,2031,530.0,Billions of dollars,51298-2021-07-healthinsurance.xlsx,Table 2,false,51298,"Table 2. CBO and JCT’s July 2021 Projections for Net Federal Subsidies for Health Insurance Coverage, 2021 to 2031 / Employment-Based Coverage / Tax exclusion for employment-based coverage",fiscal_year,2031,2031,2031,8,12
Health Insurance,Income tax deduction for self-employment health insurance,2021,4.0,Billions of dollars,51298-2021-07-healthinsurance.xlsx,Table 2,false,51298,"Table 2. CBO and JCT’s July 2021 Projections for Net Federal Subsidies for Health Insurance Coverage, 2021 to 2031 / Employment-Based Coverage / Income tax deduction for self-employment health insurance",fiscal_year,2021,2021,2021,9,2
Health Insurance,Income tax deduction for self-employment health insurance,2022,4.0,Billions of dollars,51298-2021-07-healthinsurance.xlsx,Table 2,false,51298,"Table 2. CBO and JCT’s July 2021 Projections for Net Federal Subsidies for Health Insurance Coverage, 2021 to 2031 / Employment-Based Coverage / Income tax deduction for self-employment health insurance",fiscal_year,2022,2022,2022,9,3
Health Insurance,Income tax deduction for self-employment health insurance,2023,4.0,Billions of dollars,51298-2021-07-healthinsurance.xlsx,Table 2,false,51298,"Table 2. CBO and JCT’s July 2021 Projections for Net Federal Subsidies for Health Insurance Coverage, 2021 to 2031 / Employment-Based Coverage / Income tax deduction for self-employment health insurance",fiscal_year,2023,2023,2023,9,4
Health Insurance,Income tax deduction for self-employment health insurance,2024,4.0,Billions of dollars,51298-2021-07-healthinsurance.xlsx,Table 2,false,51298,"Table 2. CBO and JCT’s July 2021 Projections for Net Federal Subsidies for Health Insurance Coverage, 2021 to 2031 / Employment-Based Coverage / Income tax deduction for self-employment health insurance",fiscal_year,2024,2024,2024,9,5
Health Insurance,Income tax deduction for self-employment health insurance,2025,4.0,Billions of dollars,51298-2021-07-healthinsurance.xlsx,Table 2,false,51298,"Table 2. CBO and JCT’s July 2021 Projections for Net Federal Subsidies for Health Insurance Coverage, 2021 to 2031 / Employment-Based Coverage / Income tax deduction for self-employment health insurance",fiscal_year,2025,2025,2025,9,6
Health Insurance,Income tax deduction for self-employment health insurance,2026,5.0,Billions of dollars,51298-2021-07-healthinsurance.xlsx,Table 2,false,51298,"Table 2. CBO and JCT’s July 2021 Projections for Net Federal Subsidies for Health Insurance Coverage, 2021 to 2031 / Employment-Based Coverage / Income tax deduction for self-employment health insurance",fiscal_year,2026,2026,2026,9,7
Health Insurance,Income tax deduction for self-employment health insurance,2027,6.0,Billions of dollars,51298-2021-07-healthinsurance.xlsx,Table 2,false,51298,"Table 2. CBO and JCT’s July 2021 Projections for Net Federal Subsidies for Health Insurance Coverage, 2021 to 2031 / Employment-Based Coverage / Income tax deduction for self-employment health insurance",fiscal_year,2027,2027,2027,9,8
Health Insurance,Income tax deduction for self-employment health insurance,2028,6.0,Billions of dollars,51298-2021-07-healthinsurance.xlsx,Table 2,false,51298,"Table 2. CBO and JCT’s July 2021 Projections for Net Federal Subsidies for Health Insurance Coverage, 2021 to 2031 / Employment-Based Coverage / Income tax deduction for self-employment health insurance",fiscal_year,2028,2028,2028,9,9
Health Insurance,Income tax deduction for self-employment health insurance,2029,6.0,Billions of dollars,51298-2021-07-healthinsurance.xlsx,Table 2,false,51298,"Table 2. CBO and JCT’s July 2021 Projections for Net Federal Subsidies for Health Insurance Coverage, 2021 to 2031 / Employment-Based Coverage / Income tax deduction for self-employment health insurance",fiscal_year,2029,2029,2029,9,10
Health Insurance,Income tax deduction for self-employment health insurance,2030,7.0,Billions of dollars,51298-2021-07-healthinsurance.xlsx,Table 2,false,51298,"Table 2. CBO and JCT’s July 2021 Projections for Net Federal Subsidies for Health Insurance Coverage, 2021 to 2031 / Employment-Based Coverage / Income tax deduction for self-employment health insurance",fiscal_year,2030,2030,2030,9,11
Health Insurance,Income tax deduction for self-employment health insurance,2031,7.0,Billions of dollars,51298-2021-07-healthinsurance.xlsx,Table 2,false,51298,"Table 2. CBO and JCT’s July 2021 Projections for Net Federal Subsidies for Health Insurance Coverage, 2021 to 2031 / Employment-Based Coverage / Income tax deduction for self-employment health insurance",fiscal_year,2031,2031,2031,9,12
Health Insurance,Subtotal,2021,316.0,Billions of dollars,51298-2021-07-healthinsurance.xlsx,Table 2,true,51298,"Table 2. CBO and JCT’s July 2021 Projections for Net Federal Subsidies for Health Insurance Coverage, 2021 to 2031 / Small-employer tax credits / Subtotal",fiscal_year,2021,2021,2021,11,2
Health Insurance,Subtotal,2022,318.0,Billions of dollars,51298-2021-07-healthinsurance.xlsx,Table 2,true,51298,"Table 2. CBO and JCT’s July 2021 Projections for Net Federal Subsidies for Health Insurance Coverage, 2021 to 2031 / Small-employer tax credits / Subtotal",fiscal_year,2022,2022,2022,11,3
Health Insurance,Subtotal,2023,328.0,Billions of dollars,51298-2021-07-healthinsurance.xlsx,Table 2,true,51298,"Table 2. CBO and JCT’s July 2021 Projections for Net Federal Subsidies for Health Insurance Coverage, 2021 to 2031 / Small-employer tax credits / Subtotal",fiscal_year,2023,2023,2023,11,4
Health Insurance,Subtotal,2024,343.0,Billions of dollars,51298-2021-07-healthinsurance.xlsx,Table 2,true,51298,"Table 2. CBO and JCT’s July 2021 Projections for Net Federal Subsidies for Health Insurance Coverage, 2021 to 2031 / Small-employer tax credits / Subtotal",fiscal_year,2024,2024,2024,11,5
Health Insurance,Subtotal,2025,356.0,Billions of dollars,51298-2021-07-healthinsurance.xlsx,Table 2,true,51298,"Table 2. CBO and JCT’s July 2021 Projections for Net Federal Subsidies for Health Insurance Coverage, 2021 to 2031 / Small-employer tax credits / Subtotal",fiscal_year,2025,2025,2025,11,6
Health Insurance,Subtotal,2026,399.0,Billions of dollars,51298-2021-07-healthinsurance.xlsx,Table 2,true,51298,"Table 2. CBO and JCT’s July 2021 Projections for Net Federal Subsidies for Health Insurance Coverage, 2021 to 2031 / Small-employer tax credits / Subtotal",fiscal_year,2026,2026,2026,11,7
Health Insurance,Subtotal,2027,430.0,Billions of dollars,51298-2021-07-healthinsurance.xlsx,Table 2,true,51298,"Table 2. CBO and JCT’s July 2021 Projections for Net Federal Subsidies for Health Insurance Coverage, 2021 to 2031 / Small-employer tax credits / Subtotal",fiscal_year,2027,2027,2027,11,8
Health Insurance,Subtotal,2028,453.0,Billions of dollars,51298-2021-07-healthinsurance.xlsx,Table 2,true,51298,"Table 2. CBO and JCT’s July 2021 Projections for Net Federal Subsidies for Health Insurance Coverage, 2021 to 2031 / Small-employer tax credits / Subtotal",fiscal_year,2028,2028,2028,11,9
Health Insurance,Subtotal,2029,478.0,Billions of dollars,51298-2021-07-healthinsurance.xlsx,Table 2,true,51298,"Table 2. CBO and JCT’s July 2021 Projections for Net Federal Subsidies for Health Insurance Coverage, 2021 to 2031 / Small-employer tax credits / Subtotal",fiscal_year,2029,2029,2029,11,10
Health Insurance,Subtotal,2030,506.0,Billions of dollars,51298-2021-07-healthinsurance.xlsx,Table 2,true,51298,"Table 2. CBO and JCT’s July 2021 Projections for Net Federal Subsidies for Health Insurance Coverage, 2021 to 2031 / Small-employer tax credits / Subtotal",fiscal_year,2030,2030,2030,11,11
Health Insurance,Subtotal,2031,538.0,Billions of dollars,51298-2021-07-healthinsurance.xlsx,Table 2,true,51298,"Table 2. CBO and JCT’s July 2021 Projections for Net Federal Subsidies for Health Insurance Coverage, 2021 to 2031 / Small-employer tax credits / Subtotal",fiscal_year,2031,2031,2031,11,12
Health Insurance,Blind and Disabled,2021,159.0,Billions of dollars,51298-2021-07-healthinsurance.xlsx,Table 2,false,51298,"Table 2. CBO and JCT’s July 2021 Projections for Net Federal Subsidies for Health Insurance Coverage, 2021 to 2031 / Medicaid and CHIP / Blind and Disabled",fiscal_year,2021,2021,2021,13,2
Health Insurance,Blind and Disabled,2022,166.0,Billions of dollars,51298-2021-07-healthinsurance.xlsx,Table 2,false,51298,"Table 2. CBO and JCT’s July 2021 Projections for Net Federal Subsidies for Health Insurance Coverage, 2021 to 2031 / Medicaid and CHIP / Blind and Disabled",fiscal_year,2022,2022,2022,13,3
Health Insurance,Blind and Disabled,2023,149.0,Billions of dollars,51298-2021-07-healthinsurance.xlsx,Table 2,false,51298,"Table 2. CBO and JCT’s July 2021 Projections for Net Federal Subsidies for Health Insurance Coverage, 2021 to 2031 / Medicaid and CHIP / Blind and Disabled",fiscal_year,2023,2023,2023,13,4
Health Insurance,Blind and Disabled,2024,151.0,Billions of dollars,51298-2021-07-healthinsurance.xlsx,Table 2,false,51298,"Table 2. CBO and JCT’s July 2021 Projections for Net Federal Subsidies for Health Insurance Coverage, 2021 to 2031 / Medicaid and CHIP / Blind and Disabled",fiscal_year,2024,2024,2024,13,5
Health Insurance,Blind and Disabled,2025,155.0,Billions of dollars,51298-2021-07-healthinsurance.xlsx,Table 2,false,51298,"Table 2. CBO and JCT’s July 2021 Projections for Net Federal Subsidies for Health Insurance Coverage, 2021 to 2031 / Medicaid and CHIP / Blind and Disabled",fiscal_year,2025,2025,2025,13,6
Health Insurance,Blind and Disabled,2026,162.0,Billions of dollars,51298-2021-07-healthinsurance.xlsx,Table 2,false,51298,"Table 2. CBO and JCT’s July 2021 Projections for Net Federal Subsidies for Health Insurance Coverage, 2021 to 2031 / Medicaid and CHIP / Blind and Disabled",fiscal_year,2026,2026,2026,13,7
Health Insurance,Blind and Disabled,2027,169.0,Billions of dollars,51298-2021-07-healthinsurance.xlsx,Table 2,false,51298,"Table 2. CBO and JCT’s July 2021 Projections for Net Federal Subsidies for Health Insurance Coverage, 2021 to 2031 / Medicaid and CHIP / Blind and Disabled",fiscal_year,2027,2027,2027,13,8
Health Insurance,Blind and Disabled,2028,177.0,Billions of dollars,51298-2021-07-healthinsurance.xlsx,Table 2,false,51298,"Table 2. CBO and JCT’s July 2021 Projections for Net Federal Subsidies for Health Insurance Coverage, 2021 to 2031 / Medicaid and CHIP / Blind and Disabled",fiscal_year,2028,2028,2028,13,9
Health Insurance,Blind and Disabled,2029,185.0,Billions of dollars,51298-2021-07-healthinsurance.xlsx,Table 2,false,51298,"Table 2. CBO and JCT’s July 2021 Projections for Net Federal Subsidies for Health Insurance Coverage, 2021 to 2031 / Medicaid and CHIP / Blind and Disabled",fiscal_year,2029,2029,2029,13,10
Health Insurance,Blind and Disabled,2030,193.0,Billions of dollars,51298-2021-07-healthinsurance.xlsx,Table 2,false,51298,"Table 2. CBO and JCT’s July 2021 Projections for Net Federal Subsidies for Health Insurance Coverage, 2021 to 2031 / Medicaid and CHIP / Blind and Disabled",fiscal_year,2030,2030,2030,13,11
Health Insurance,Blind and Disabled,2031,202.0,Billions of dollars,51298-2021-07-healthinsurance.xlsx,Table 2,false,51298,"Table 2. CBO and JCT’s July 2021 Projections for Net Federal Subsidies for Health Insurance Coverage, 2021 to 2031 / Medicaid and CHIP / Blind and Disabled",fiscal_year,2031,2031,2031,13,12
Health Insurance,Children,2021,95.0,Billions of dollars,51298-2021-07-healthinsurance.xlsx,Table 2,false,51298,"Table 2. CBO and JCT’s July 2021 Projections for Net Federal Subsidies for Health Insurance Coverage, 2021 to 2031 / Medicaid and CHIP / Children",fiscal_year,2021,2021,2021,14,2
Health Insurance,Children,2022,100.0,Billions of dollars,51298-2021-07-healthinsurance.xlsx,Table 2,false,51298,"Table 2. CBO and JCT’s July 2021 Projections for Net Federal Subsidies for Health Insurance Coverage, 2021 to 2031 / Medicaid and CHIP / Children",fiscal_year,2022,2022,2022,14,3
Health Insurance,Children,2023,94.0,Billions of dollars,51298-2021-07-healthinsurance.xlsx,Table 2,false,51298,"Table 2. CBO and JCT’s July 2021 Projections for Net Federal Subsidies for Health Insurance Coverage, 2021 to 2031 / Medicaid and CHIP / Children",fiscal_year,2023,2023,2023,14,4
Health Insurance,Children,2024,98.0,Billions of dollars,51298-2021-07-healthinsurance.xlsx,Table 2,false,51298,"Table 2. CBO and JCT’s July 2021 Projections for Net Federal Subsidies for Health Insurance Coverage, 2021 to 2031 / Medicaid and CHIP / Children",fiscal_year,2024,2024,2024,14,5
Health Insurance,Children,2025,101.0,Billions of dollars,51298-2021-07-healthinsurance.xlsx,Table 2,false,51298,"Table 2. CBO and JCT’s July 2021 Projections for Net Federal Subsidies for Health Insurance Coverage, 2021 to 2031 / Medicaid and CHIP / Children",fiscal_year,2025,2025,2025,14,6
Health Insurance,Children,2026,106.0,Billions of dollars,51298-2021-07-healthinsurance.xlsx,Table 2,false,51298,"Table 2. CBO and JCT’s July 2021 Projections for Net Federal Subsidies for Health Insurance Coverage, 2021 to 2031 / Medicaid and CHIP / Children",fiscal_year,2026,2026,2026,14,7
Health Insurance,Children,2027,112.0,Billions of dollars,51298-2021-07-healthinsurance.xlsx,Table 2,false,51298,"Table 2. CBO and JCT’s July 2021 Projections for Net Federal Subsidies for Health Insurance Coverage, 2021 to 2031 / Medicaid and CHIP / Children",fiscal_year,2027,2027,2027,14,8
Health Insurance,Children,2028,118.0,Billions of dollars,51298-2021-07-healthinsurance.xlsx,Table 2,false,51298,"Table 2. CBO and JCT’s July 2021 Projections for Net Federal Subsidies for Health Insurance Coverage, 2021 to 2031 / Medicaid and CHIP / Children",fiscal_year,2028,2028,2028,14,9
Health Insurance,Children,2029,124.0,Billions of dollars,51298-2021-07-healthinsurance.xlsx,Table 2,false,51298,"Table 2. CBO and JCT’s July 2021 Projections for Net Federal Subsidies for Health Insurance Coverage, 2021 to 2031 / Medicaid and CHIP / Children",fiscal_year,2029,2029,2029,14,10
Health Insurance,Children,2030,131.0,Billions of dollars,51298-2021-07-healthinsurance.xlsx,Table 2,false,51298,"Table 2. CBO and JCT’s July 2021 Projections for Net Federal Subsidies for Health Insurance Coverage, 2021 to 2031 / Medicaid and CHIP / Children",fiscal_year,2030,2030,2030,14,11
Health Insurance,Children,2031,138.0,Billions of dollars,51298-2021-07-healthinsurance.xlsx,Table 2,false,51298,"Table 2. CBO and JCT’s July 2021 Projections for Net Federal Subsidies for Health Insurance Coverage, 2021 to 2031 / Medicaid and CHIP / Children",fiscal_year,2031,2031,2031,14,12
Health Insurance,Adults made eligible for Medicaid by the ACA,2021,91.0,Billions of dollars,51298-2021-07-healthinsurance.xlsx,Table 2,false,51298,"Table 2. CBO and JCT’s July 2021 Projections for Net Federal Subsidies for Health Insurance Coverage, 2021 to 2031 / Medicaid and CHIP / Adults made eligible for Medicaid by the ACA",fiscal_year,2021,2021,2021,15,2
Health Insurance,Adults made eligible for Medicaid by the ACA,2022,94.0,Billions of dollars,51298-2021-07-healthinsurance.xlsx,Table 2,false,51298,"Table 2. CBO and JCT’s July 2021 Projections for Net Federal Subsidies for Health Insurance Coverage, 2021 to 2031 / Medicaid and CHIP / Adults made eligible for Medicaid by the ACA",fiscal_year,2022,2022,2022,15,3
Health Insurance,Adults made eligible for Medicaid by the ACA,2023,95.0,Billions of dollars,51298-2021-07-healthinsurance.xlsx,Table 2,false,51298,"Table 2. CBO and JCT’s July 2021 Projections for Net Federal Subsidies for Health Insurance Coverage, 2021 to 2031 / Medicaid and CHIP / Adults made eligible for Medicaid by the ACA",fiscal_year,2023,2023,2023,15,4
Health Insurance,Adults made eligible for Medicaid by the ACA,2024,100.0,Billions of dollars,51298-2021-07-healthinsurance.xlsx,Table 2,false,51298,"Table 2. CBO and JCT’s July 2021 Projections for Net Federal Subsidies for Health Insurance Coverage, 2021 to 2031 / Medicaid and CHIP / Adults made eligible for Medicaid by the ACA",fiscal_year,2024,2024,2024,15,5
Health Insurance,Adults made eligible for Medicaid by the ACA,2025,106.0,Billions of dollars,51298-2021-07-healthinsurance.xlsx,Table 2,false,51298,"Table 2. CBO and JCT’s July 2021 Projections for Net Federal Subsidies for Health Insurance Coverage, 2021 to 2031 / Medicaid and CHIP / Adults made eligible for Medicaid by the ACA",fiscal_year,2025,2025,2025,15,6
Health Insurance,Adults made eligible for Medicaid by the ACA,2026,114.0,Billions of dollars,51298-2021-07-healthinsurance.xlsx,Table 2,false,51298,"Table 2. CBO and JCT’s July 2021 Projections for Net Federal Subsidies for Health Insurance Coverage, 2021 to 2031 / Medicaid and CHIP / Adults made eligible for Medicaid by the ACA",fiscal_year,2026,2026,2026,15,7
Health Insurance,Adults made eligible for Medicaid by the ACA,2027,123.0,Billions of dollars,51298-2021-07-healthinsurance.xlsx,Table 2,false,51298,"Table 2. CBO and JCT’s July 2021 Projections for Net Federal Subsidies for Health Insurance Coverage, 2021 to 2031 / Medicaid and CHIP / Adults made eligible for Medicaid by the ACA",fiscal_year,2027,2027,2027,15,8
Health Insurance,Adults made eligible for Medicaid by the ACA,2028,133.0,Billions of dollars,51298-2021-07-healthinsurance.xlsx,Table 2,false,51298,"Table 2. CBO and JCT’s July 2021 Projections for Net Federal Subsidies for Health Insurance Coverage, 2021 to 2031 / Medicaid and CHIP / Adults made eligible for Medicaid by the ACA",fiscal_year,2028,2028,2028,15,9
Health Insurance,Adults made eligible for Medicaid by the ACA,2029,142.0,Billions of dollars,51298-2021-07-healthinsurance.xlsx,Table 2,false,51298,"Table 2. CBO and JCT’s July 2021 Projections for Net Federal Subsidies for Health Insurance Coverage, 2021 to 2031 / Medicaid and CHIP / Adults made eligible for Medicaid by the ACA",fiscal_year,2029,2029,2029,15,10
Health Insurance,Adults made eligible for Medicaid by the ACA,2030,153.0,Billions of dollars,51298-2021-07-healthinsurance.xlsx,Table 2,false,51298,"Table 2. CBO and JCT’s July 2021 Projections for Net Federal Subsidies for Health Insurance Coverage, 2021 to 2031 / Medicaid and CHIP / Adults made eligible for Medicaid by the ACA",fiscal_year,2030,2030,2030,15,11
Health Insurance,Adults made eligible for Medicaid by the ACA,2031,163.0,Billions of dollars,51298-2021-07-healthinsurance.xlsx,Table 2,false,51298,"Table 2. CBO and JCT’s July 2021 Projections for Net Federal Subsidies for Health Insurance Coverage, 2021 to 2031 / Medicaid and CHIP / Adults made eligible for Medicaid by the ACA",fiscal_year,2031,2031,2031,15,12
Health Insurance,Adults otherwise eligible for Medicaid,2021,73.0,Billions of dollars,51298-2021-07-healthinsurance.xlsx,Table 2,false,51298,"Table 2. CBO and JCT’s July 2021 Projections for Net Federal Subsidies for Health Insurance Coverage, 2021 to 2031 / Medicaid and CHIP / Adults otherwise eligible for Medicaid",fiscal_year,2021,2021,2021,16,2
Health Insurance,Adults otherwise eligible for Medicaid,2022,77.0,Billions of dollars,51298-2021-07-healthinsurance.xlsx,Table 2,false,51298,"Table 2. CBO and JCT’s July 2021 Projections for Net Federal Subsidies for Health Insurance Coverage, 2021 to 2031 / Medicaid and CHIP / Adults otherwise eligible for Medicaid",fiscal_year,2022,2022,2022,16,3
Health Insurance,Adults otherwise eligible for Medicaid,2023,78.0,Billions of dollars,51298-2021-07-healthinsurance.xlsx,Table 2,false,51298,"Table 2. CBO and JCT’s July 2021 Projections for Net Federal Subsidies for Health Insurance Coverage, 2021 to 2031 / Medicaid and CHIP / Adults otherwise eligible for Medicaid",fiscal_year,2023,2023,2023,16,4
Health Insurance,Adults otherwise eligible for Medicaid,2024,80.0,Billions of dollars,51298-2021-07-healthinsurance.xlsx,Table 2,false,51298,"Table 2. CBO and JCT’s July 2021 Projections for Net Federal Subsidies for Health Insurance Coverage, 2021 to 2031 / Medicaid and CHIP / Adults otherwise eligible for Medicaid",fiscal_year,2024,2024,2024,16,5
Health Insurance,Adults otherwise eligible for Medicaid,2025,85.0,Billions of dollars,51298-2021-07-healthinsurance.xlsx,Table 2,false,51298,"Table 2. CBO and JCT’s July 2021 Projections for Net Federal Subsidies for Health Insurance Coverage, 2021 to 2031 / Medicaid and CHIP / Adults otherwise eligible for Medicaid",fiscal_year,2025,2025,2025,16,6
Health Insurance,Adults otherwise eligible for Medicaid,2026,90.0,Billions of dollars,51298-2021-07-healthinsurance.xlsx,Table 2,false,51298,"Table 2. CBO and JCT’s July 2021 Projections for Net Federal Subsidies for Health Insurance Coverage, 2021 to 2031 / Medicaid and CHIP / Adults otherwise eligible for Medicaid",fiscal_year,2026,2026,2026,16,7
Health Insurance,Adults otherwise eligible for Medicaid,2027,95.0,Billions of dollars,51298-2021-07-healthinsurance.xlsx,Table 2,false,51298,"Table 2. CBO and JCT’s July 2021 Projections for Net Federal Subsidies for Health Insurance Coverage, 2021 to 2031 / Medicaid and CHIP / Adults otherwise eligible for Medicaid",fiscal_year,2027,2027,2027,16,8
Health Insurance,Adults otherwise eligible for Medicaid,2028,100.0,Billions of dollars,51298-2021-07-healthinsurance.xlsx,Table 2,false,51298,"Table 2. CBO and JCT’s July 2021 Projections for Net Federal Subsidies for Health Insurance Coverage, 2021 to 2031 / Medicaid and CHIP / Adults otherwise eligible for Medicaid",fiscal_year,2028,2028,2028,16,9
Health Insurance,Adults otherwise eligible for Medicaid,2029,106.0,Billions of dollars,51298-2021-07-healthinsurance.xlsx,Table 2,false,51298,"Table 2. CBO and JCT’s July 2021 Projections for Net Federal Subsidies for Health Insurance Coverage, 2021 to 2031 / Medicaid and CHIP / Adults otherwise eligible for Medicaid",fiscal_year,2029,2029,2029,16,10
Health Insurance,Adults otherwise eligible for Medicaid,2030,113.0,Billions of dollars,51298-2021-07-healthinsurance.xlsx,Table 2,false,51298,"Table 2. CBO and JCT’s July 2021 Projections for Net Federal Subsidies for Health Insurance Coverage, 2021 to 2031 / Medicaid and CHIP / Adults otherwise eligible for Medicaid",fiscal_year,2030,2030,2030,16,11
Health Insurance,Adults otherwise eligible for Medicaid,2031,120.0,Billions of dollars,51298-2021-07-healthinsurance.xlsx,Table 2,false,51298,"Table 2. CBO and JCT’s July 2021 Projections for Net Federal Subsidies for Health Insurance Coverage, 2021 to 2031 / Medicaid and CHIP / Adults otherwise eligible for Medicaid",fiscal_year,2031,2031,2031,16,12
Health Insurance,CHIP,2021,16.0,Billions of dollars,51298-2021-07-healthinsurance.xlsx,Table 2,false,51298,"Table 2. CBO and JCT’s July 2021 Projections for Net Federal Subsidies for Health Insurance Coverage, 2021 to 2031 / Medicaid and CHIP / CHIP",fiscal_year,2021,2021,2021,17,2
Health Insurance,CHIP,2022,16.0,Billions of dollars,51298-2021-07-healthinsurance.xlsx,Table 2,false,51298,"Table 2. CBO and JCT’s July 2021 Projections for Net Federal Subsidies for Health Insurance Coverage, 2021 to 2031 / Medicaid and CHIP / CHIP",fiscal_year,2022,2022,2022,17,3
Health Insurance,CHIP,2023,15.0,Billions of dollars,51298-2021-07-healthinsurance.xlsx,Table 2,false,51298,"Table 2. CBO and JCT’s July 2021 Projections for Net Federal Subsidies for Health Insurance Coverage, 2021 to 2031 / Medicaid and CHIP / CHIP",fiscal_year,2023,2023,2023,17,4
Health Insurance,CHIP,2024,16.0,Billions of dollars,51298-2021-07-healthinsurance.xlsx,Table 2,false,51298,"Table 2. CBO and JCT’s July 2021 Projections for Net Federal Subsidies for Health Insurance Coverage, 2021 to 2031 / Medicaid and CHIP / CHIP",fiscal_year,2024,2024,2024,17,5
Health Insurance,CHIP,2025,16.0,Billions of dollars,51298-2021-07-healthinsurance.xlsx,Table 2,false,51298,"Table 2. CBO and JCT’s July 2021 Projections for Net Federal Subsidies for Health Insurance Coverage, 2021 to 2031 / Medicaid and CHIP / CHIP",fiscal_year,2025,2025,2025,17,6
Health Insurance,CHIP,2026,17.0,Billions of dollars,51298-2021-07-healthinsurance.xlsx,Table 2,false,51298,"Table 2. CBO and JCT’s July 2021 Projections for Net Federal Subsidies for Health Insurance Coverage, 2021 to 2031 / Medicaid and CHIP / CHIP",fiscal_year,2026,2026,2026,17,7
Health Insurance,CHIP,2027,18.0,Billions of dollars,51298-2021-07-healthinsurance.xlsx,Table 2,false,51298,"Table 2. CBO and JCT’s July 2021 Projections for Net Federal Subsidies for Health Insurance Coverage, 2021 to 2031 / Medicaid and CHIP / CHIP",fiscal_year,2027,2027,2027,17,8
Health Insurance,CHIP,2028,18.0,Billions of dollars,51298-2021-07-healthinsurance.xlsx,Table 2,false,51298,"Table 2. CBO and JCT’s July 2021 Projections for Net Federal Subsidies for Health Insurance Coverage, 2021 to 2031 / Medicaid and CHIP / CHIP",fiscal_year,2028,2028,2028,17,9
Health Insurance,CHIP,2029,19.0,Billions of dollars,51298-2021-07-healthinsurance.xlsx,Table 2,false,51298,"Table 2. CBO and JCT’s July 2021 Projections for Net Federal Subsidies for Health Insurance Coverage, 2021 to 2031 / Medicaid and CHIP / CHIP",fiscal_year,2029,2029,2029,17,10
Health Insurance,CHIP,2030,19.0,Billions of dollars,51298-2021-07-healthinsurance.xlsx,Table 2,false,51298,"Table 2. CBO and JCT’s July 2021 Projections for Net Federal Subsidies for Health Insurance Coverage, 2021 to 2031 / Medicaid and CHIP / CHIP",fiscal_year,2030,2030,2030,17,11
Health Insurance,CHIP,2031,20.0,Billions of dollars,51298-2021-07-healthinsurance.xlsx,Table 2,false,51298,"Table 2. CBO and JCT’s July 2021 Projections for Net Federal Subsidies for Health Insurance Coverage, 2021 to 2031 / Medicaid and CHIP / CHIP",fiscal_year,2031,2031,2031,17,12
Health Insurance,Subtotal,2021,434.0,Billions of dollars,51298-2021-07-healthinsurance.xlsx,Table 2,true,51298,"Table 2. CBO and JCT’s July 2021 Projections for Net Federal Subsidies for Health Insurance Coverage, 2021 to 2031 / Medicaid and CHIP / Subtotal",fiscal_year,2021,2021,2021,18,2
Health Insurance,Subtotal,2022,455.0,Billions of dollars,51298-2021-07-healthinsurance.xlsx,Table 2,true,51298,"Table 2. CBO and JCT’s July 2021 Projections for Net Federal Subsidies for Health Insurance Coverage, 2021 to 2031 / Medicaid and CHIP / Subtotal",fiscal_year,2022,2022,2022,18,3
Health Insurance,Subtotal,2023,431.0,Billions of dollars,51298-2021-07-healthinsurance.xlsx,Table 2,true,51298,"Table 2. CBO and JCT’s July 2021 Projections for Net Federal Subsidies for Health Insurance Coverage, 2021 to 2031 / Medicaid and CHIP / Subtotal",fiscal_year,2023,2023,2023,18,4
Health Insurance,Subtotal,2024,443.0,Billions of dollars,51298-2021-07-healthinsurance.xlsx,Table 2,true,51298,"Table 2. CBO and JCT’s July 2021 Projections for Net Federal Subsidies for Health Insurance Coverage, 2021 to 2031 / Medicaid and CHIP / Subtotal",fiscal_year,2024,2024,2024,18,5
Health Insurance,Subtotal,2025,464.0,Billions of dollars,51298-2021-07-healthinsurance.xlsx,Table 2,true,51298,"Table 2. CBO and JCT’s July 2021 Projections for Net Federal Subsidies for Health Insurance Coverage, 2021 to 2031 / Medicaid and CHIP / Subtotal",fiscal_year,2025,2025,2025,18,6
Health Insurance,Subtotal,2026,489.0,Billions of dollars,51298-2021-07-healthinsurance.xlsx,Table 2,true,51298,"Table 2. CBO and JCT’s July 2021 Projections for Net Federal Subsidies for Health Insurance Coverage, 2021 to 2031 / Medicaid and CHIP / Subtotal",fiscal_year,2026,2026,2026,18,7
Health Insurance,Subtotal,2027,517.0,Billions of dollars,51298-2021-07-healthinsurance.xlsx,Table 2,true,51298,"Table 2. CBO and JCT’s July 2021 Projections for Net Federal Subsidies for Health Insurance Coverage, 2021 to 2031 / Medicaid and CHIP / Subtotal",fiscal_year,2027,2027,2027,18,8
Health Insurance,Subtotal,2028,546.0,Billions of dollars,51298-2021-07-healthinsurance.xlsx,Table 2,true,51298,"Table 2. CBO and JCT’s July 2021 Projections for Net Federal Subsidies for Health Insurance Coverage, 2021 to 2031 / Medicaid and CHIP / Subtotal",fiscal_year,2028,2028,2028,18,9
Health Insurance,Subtotal,2029,577.0,Billions of dollars,51298-2021-07-healthinsurance.xlsx,Table 2,true,51298,"Table 2. CBO and JCT’s July 2021 Projections for Net Federal Subsidies for Health Insurance Coverage, 2021 to 2031 / Medicaid and CHIP / Subtotal",fiscal_year,2029,2029,2029,18,10
Health Insurance,Subtotal,2030,609.0,Billions of dollars,51298-2021-07-healthinsurance.xlsx,Table 2,true,51298,"Table 2. CBO and JCT’s July 2021 Projections for Net Federal Subsidies for Health Insurance Coverage, 2021 to 2031 / Medicaid and CHIP / Subtotal",fiscal_year,2030,2030,2030,18,11
Health Insurance,Subtotal,2031,643.0,Billions of dollars,51298-2021-07-healthinsurance.xlsx,Table 2,true,51298,"Table 2. CBO and JCT’s July 2021 Projections for Net Federal Subsidies for Health Insurance Coverage, 2021 to 2031 / Medicaid and CHIP / Subtotal",fiscal_year,2031,2031,2031,18,12
Health Insurance,Premium tax credit and 1332 waiver outlays,2021,55.0,Billions of dollars,51298-2021-07-healthinsurance.xlsx,Table 2,false,51298,"Table 2. CBO and JCT’s July 2021 Projections for Net Federal Subsidies for Health Insurance Coverage, 2021 to 2031 / Marketplace-Related Coverage and the Basic Health Program / Premium tax credit and 1332 waiver outlays",fiscal_year,2021,2021,2021,20,2
Health Insurance,Premium tax credit and 1332 waiver outlays,2022,64.0,Billions of dollars,51298-2021-07-healthinsurance.xlsx,Table 2,false,51298,"Table 2. CBO and JCT’s July 2021 Projections for Net Federal Subsidies for Health Insurance Coverage, 2021 to 2031 / Marketplace-Related Coverage and the Basic Health Program / Premium tax credit and 1332 waiver outlays",fiscal_year,2022,2022,2022,20,3
Health Insurance,Premium tax credit and 1332 waiver outlays,2023,39.0,Billions of dollars,51298-2021-07-healthinsurance.xlsx,Table 2,false,51298,"Table 2. CBO and JCT’s July 2021 Projections for Net Federal Subsidies for Health Insurance Coverage, 2021 to 2031 / Marketplace-Related Coverage and the Basic Health Program / Premium tax credit and 1332 waiver outlays",fiscal_year,2023,2023,2023,20,4
Health Insurance,Premium tax credit and 1332 waiver outlays,2024,42.0,Billions of dollars,51298-2021-07-healthinsurance.xlsx,Table 2,false,51298,"Table 2. CBO and JCT’s July 2021 Projections for Net Federal Subsidies for Health Insurance Coverage, 2021 to 2031 / Marketplace-Related Coverage and the Basic Health Program / Premium tax credit and 1332 waiver outlays",fiscal_year,2024,2024,2024,20,5
Health Insurance,Premium tax credit and 1332 waiver outlays,2025,44.0,Billions of dollars,51298-2021-07-healthinsurance.xlsx,Table 2,false,51298,"Table 2. CBO and JCT’s July 2021 Projections for Net Federal Subsidies for Health Insurance Coverage, 2021 to 2031 / Marketplace-Related Coverage and the Basic Health Program / Premium tax credit and 1332 waiver outlays",fiscal_year,2025,2025,2025,20,6
Health Insurance,Premium tax credit and 1332 waiver outlays,2026,46.0,Billions of dollars,51298-2021-07-healthinsurance.xlsx,Table 2,false,51298,"Table 2. CBO and JCT’s July 2021 Projections for Net Federal Subsidies for Health Insurance Coverage, 2021 to 2031 / Marketplace-Related Coverage and the Basic Health Program / Premium tax credit and 1332 waiver outlays",fiscal_year,2026,2026,2026,20,7
Health Insurance,Premium tax credit and 1332 waiver outlays,2027,46.0,Billions of dollars,51298-2021-07-healthinsurance.xlsx,Table 2,false,51298,"Table 2. CBO and JCT’s July 2021 Projections for Net Federal Subsidies for Health Insurance Coverage, 2021 to 2031 / Marketplace-Related Coverage and the Basic Health Program / Premium tax credit and 1332 waiver outlays",fiscal_year,2027,2027,2027,20,8
Health Insurance,Premium tax credit and 1332 waiver outlays,2028,49.0,Billions of dollars,51298-2021-07-healthinsurance.xlsx,Table 2,false,51298,"Table 2. CBO and JCT’s July 2021 Projections for Net Federal Subsidies for Health Insurance Coverage, 2021 to 2031 / Marketplace-Related Coverage and the Basic Health Program / Premium tax credit and 1332 waiver outlays",fiscal_year,2028,2028,2028,20,9
Health Insurance,Premium tax credit and 1332 waiver outlays,2029,51.0,Billions of dollars,51298-2021-07-healthinsurance.xlsx,Table 2,false,51298,"Table 2. CBO and JCT’s July 2021 Projections for Net Federal Subsidies for Health Insurance Coverage, 2021 to 2031 / Marketplace-Related Coverage and the Basic Health Program / Premium tax credit and 1332 waiver outlays",fiscal_year,2029,2029,2029,20,10
Health Insurance,Premium tax credit and 1332 waiver outlays,2030,53.0,Billions of dollars,51298-2021-07-healthinsurance.xlsx,Table 2,false,51298,"Table 2. CBO and JCT’s July 2021 Projections for Net Federal Subsidies for Health Insurance Coverage, 2021 to 2031 / Marketplace-Related Coverage and the Basic Health Program / Premium tax credit and 1332 waiver outlays",fiscal_year,2030,2030,2030,20,11
Health Insurance,Premium tax credit and 1332 waiver outlays,2031,55.0,Billions of dollars,51298-2021-07-healthinsurance.xlsx,Table 2,false,51298,"Table 2. CBO and JCT’s July 2021 Projections for Net Federal Subsidies for Health Insurance Coverage, 2021 to 2031 / Marketplace-Related Coverage and the Basic Health Program / Premium tax credit and 1332 waiver outlays",fiscal_year,2031,2031,2031,20,12
Health Insurance,Premium tax credit revenue reductions,2021,11.0,Billions of dollars,51298-2021-07-healthinsurance.xlsx,Table 2,false,51298,"Table 2. CBO and JCT’s July 2021 Projections for Net Federal Subsidies for Health Insurance Coverage, 2021 to 2031 / Marketplace-Related Coverage and the Basic Health Program / Premium tax credit revenue reductions",fiscal_year,2021,2021,2021,21,2
Health Insurance,Premium tax credit revenue reductions,2022,11.0,Billions of dollars,51298-2021-07-healthinsurance.xlsx,Table 2,false,51298,"Table 2. CBO and JCT’s July 2021 Projections for Net Federal Subsidies for Health Insurance Coverage, 2021 to 2031 / Marketplace-Related Coverage and the Basic Health Program / Premium tax credit revenue reductions",fiscal_year,2022,2022,2022,21,3
Health Insurance,Premium tax credit revenue reductions,2023,22.0,Billions of dollars,51298-2021-07-healthinsurance.xlsx,Table 2,false,51298,"Table 2. CBO and JCT’s July 2021 Projections for Net Federal Subsidies for Health Insurance Coverage, 2021 to 2031 / Marketplace-Related Coverage and the Basic Health Program / Premium tax credit revenue reductions",fiscal_year,2023,2023,2023,21,4
Health Insurance,Premium tax credit revenue reductions,2024,13.0,Billions of dollars,51298-2021-07-healthinsurance.xlsx,Table 2,false,51298,"Table 2. CBO and JCT’s July 2021 Projections for Net Federal Subsidies for Health Insurance Coverage, 2021 to 2031 / Marketplace-Related Coverage and the Basic Health Program / Premium tax credit revenue reductions",fiscal_year,2024,2024,2024,21,5
Health Insurance,Premium tax credit revenue reductions,2025,13.0,Billions of dollars,51298-2021-07-healthinsurance.xlsx,Table 2,false,51298,"Table 2. CBO and JCT’s July 2021 Projections for Net Federal Subsidies for Health Insurance Coverage, 2021 to 2031 / Marketplace-Related Coverage and the Basic Health Program / Premium tax credit revenue reductions",fiscal_year,2025,2025,2025,21,6
Health Insurance,Premium tax credit revenue reductions,2026,14.0,Billions of dollars,51298-2021-07-healthinsurance.xlsx,Table 2,false,51298,"Table 2. CBO and JCT’s July 2021 Projections for Net Federal Subsidies for Health Insurance Coverage, 2021 to 2031 / Marketplace-Related Coverage and the Basic Health Program / Premium tax credit revenue reductions",fiscal_year,2026,2026,2026,21,7
Health Insurance,Premium tax credit revenue reductions,2027,15.0,Billions of dollars,51298-2021-07-healthinsurance.xlsx,Table 2,false,51298,"Table 2. CBO and JCT’s July 2021 Projections for Net Federal Subsidies for Health Insurance Coverage, 2021 to 2031 / Marketplace-Related Coverage and the Basic Health Program / Premium tax credit revenue reductions",fiscal_year,2027,2027,2027,21,8
Health Insurance,Premium tax credit revenue reductions,2028,16.0,Billions of dollars,51298-2021-07-healthinsurance.xlsx,Table 2,false,51298,"Table 2. CBO and JCT’s July 2021 Projections for Net Federal Subsidies for Health Insurance Coverage, 2021 to 2031 / Marketplace-Related Coverage and the Basic Health Program / Premium tax credit revenue reductions",fiscal_year,2028,2028,2028,21,9
Health Insurance,Premium tax credit revenue reductions,2029,17.0,Billions of dollars,51298-2021-07-healthinsurance.xlsx,Table 2,false,51298,"Table 2. CBO and JCT’s July 2021 Projections for Net Federal Subsidies for Health Insurance Coverage, 2021 to 2031 / Marketplace-Related Coverage and the Basic Health Program / Premium tax credit revenue reductions",fiscal_year,2029,2029,2029,21,10
Health Insurance,Premium tax credit revenue reductions,2030,18.0,Billions of dollars,51298-2021-07-healthinsurance.xlsx,Table 2,false,51298,"Table 2. CBO and JCT’s July 2021 Projections for Net Federal Subsidies for Health Insurance Coverage, 2021 to 2031 / Marketplace-Related Coverage and the Basic Health Program / Premium tax credit revenue reductions",fiscal_year,2030,2030,2030,21,11
Health Insurance,Premium tax credit revenue reductions,2031,19.0,Billions of dollars,51298-2021-07-healthinsurance.xlsx,Table 2,false,51298,"Table 2. CBO and JCT’s July 2021 Projections for Net Federal Subsidies for Health Insurance Coverage, 2021 to 2031 / Marketplace-Related Coverage and the Basic Health Program / Premium tax credit revenue reductions",fiscal_year,2031,2031,2031,21,12
Health Insurance,Subtotal,2021,66.0,Billions of dollars,51298-2021-07-healthinsurance.xlsx,Table 2,true,51298,"Table 2. CBO and JCT’s July 2021 Projections for Net Federal Subsidies for Health Insurance Coverage, 2021 to 2031 / Marketplace-Related Coverage and the Basic Health Program / Subtotal",fiscal_year,2021,2021,2021,22,2
Health Insurance,Subtotal,2022,75.0,Billions of dollars,51298-2021-07-healthinsurance.xlsx,Table 2,true,51298,"Table 2. CBO and JCT’s July 2021 Projections for Net Federal Subsidies for Health Insurance Coverage, 2021 to 2031 / Marketplace-Related Coverage and the Basic Health Program / Subtotal",fiscal_year,2022,2022,2022,22,3
Health Insurance,Subtotal,2023,61.0,Billions of dollars,51298-2021-07-healthinsurance.xlsx,Table 2,true,51298,"Table 2. CBO and JCT’s July 2021 Projections for Net Federal Subsidies for Health Insurance Coverage, 2021 to 2031 / Marketplace-Related Coverage and the Basic Health Program / Subtotal",fiscal_year,2023,2023,2023,22,4
Health Insurance,Subtotal,2024,54.0,Billions of dollars,51298-2021-07-healthinsurance.xlsx,Table 2,true,51298,"Table 2. CBO and JCT’s July 2021 Projections for Net Federal Subsidies for Health Insurance Coverage, 2021 to 2031 / Marketplace-Related Coverage and the Basic Health Program / Subtotal",fiscal_year,2024,2024,2024,22,5
Health Insurance,Subtotal,2025,57.0,Billions of dollars,51298-2021-07-healthinsurance.xlsx,Table 2,true,51298,"Table 2. CBO and JCT’s July 2021 Projections for Net Federal Subsidies for Health Insurance Coverage, 2021 to 2031 / Marketplace-Related Coverage and the Basic Health Program / Subtotal",fiscal_year,2025,2025,2025,22,6
Health Insurance,Subtotal,2026,59.0,Billions of dollars,51298-2021-07-healthinsurance.xlsx,Table 2,true,51298,"Table 2. CBO and JCT’s July 2021 Projections for Net Federal Subsidies for Health Insurance Coverage, 2021 to 2031 / Marketplace-Related Coverage and the Basic Health Program / Subtotal",fiscal_year,2026,2026,2026,22,7
Health Insurance,Subtotal,2027,61.0,Billions of dollars,51298-2021-07-healthinsurance.xlsx,Table 2,true,51298,"Table 2. CBO and JCT’s July 2021 Projections for Net Federal Subsidies for Health Insurance Coverage, 2021 to 2031 / Marketplace-Related Coverage and the Basic Health Program / Subtotal",fiscal_year,2027,2027,2027,22,8
Health Insurance,Subtotal,2028,65.0,Billions of dollars,51298-2021-07-healthinsurance.xlsx,Table 2,true,51298,"Table 2. CBO and JCT’s July 2021 Projections for Net Federal Subsidies for Health Insurance Coverage, 2021 to 2031 / Marketplace-Related Coverage and the Basic Health Program / Subtotal",fiscal_year,2028,2028,2028,22,9
Health Insurance,Subtotal,2029,68.0,Billions of dollars,51298-2021-07-healthinsurance.xlsx,Table 2,true,51298,"Table 2. CBO and JCT’s July 2021 Projections for Net Federal Subsidies for Health Insurance Coverage, 2021 to 2031 / Marketplace-Related Coverage and the Basic Health Program / Subtotal",fiscal_year,2029,2029,2029,22,10
Health Insurance,Subtotal,2030,71.0,Billions of dollars,51298-2021-07-healthinsurance.xlsx,Table 2,true,51298,"Table 2. CBO and JCT’s July 2021 Projections for Net Federal Subsidies for Health Insurance Coverage, 2021 to 2031 / Marketplace-Related Coverage and the Basic Health Program / Subtotal",fiscal_year,2030,2030,2030,22,11
Health Insurance,Subtotal,2031,74.0,Billions of dollars,51298-2021-07-healthinsurance.xlsx,Table 2,true,51298,"Table 2. CBO and JCT’s July 2021 Projections for Net Federal Subsidies for Health Insurance Coverage, 2021 to 2031 / Marketplace-Related Coverage and the Basic Health Program / Subtotal",fiscal_year,2031,2031,2031,22,12
Health Insurance,Outlays for the Basic Health Program,2021,7.0,Billions of dollars,51298-2021-07-healthinsurance.xlsx,Table 2,false,51298,"Table 2. CBO and JCT’s July 2021 Projections for Net Federal Subsidies for Health Insurance Coverage, 2021 to 2031 / Marketplace-Related Coverage and the Basic Health Program / Outlays for the Basic Health Program",fiscal_year,2021,2021,2021,23,2
Health Insurance,Outlays for the Basic Health Program,2022,8.0,Billions of dollars,51298-2021-07-healthinsurance.xlsx,Table 2,false,51298,"Table 2. CBO and JCT’s July 2021 Projections for Net Federal Subsidies for Health Insurance Coverage, 2021 to 2031 / Marketplace-Related Coverage and the Basic Health Program / Outlays for the Basic Health Program",fiscal_year,2022,2022,2022,23,3
Health Insurance,Outlays for the Basic Health Program,2023,8.0,Billions of dollars,51298-2021-07-healthinsurance.xlsx,Table 2,false,51298,"Table 2. CBO and JCT’s July 2021 Projections for Net Federal Subsidies for Health Insurance Coverage, 2021 to 2031 / Marketplace-Related Coverage and the Basic Health Program / Outlays for the Basic Health Program",fiscal_year,2023,2023,2023,23,4
Health Insurance,Outlays for the Basic Health Program,2024,8.0,Billions of dollars,51298-2021-07-healthinsurance.xlsx,Table 2,false,51298,"Table 2. CBO and JCT’s July 2021 Projections for Net Federal Subsidies for Health Insurance Coverage, 2021 to 2031 / Marketplace-Related Coverage and the Basic Health Program / Outlays for the Basic Health Program",fiscal_year,2024,2024,2024,23,5
Health Insurance,Outlays for the Basic Health Program,2025,8.0,Billions of dollars,51298-2021-07-healthinsurance.xlsx,Table 2,false,51298,"Table 2. CBO and JCT’s July 2021 Projections for Net Federal Subsidies for Health Insurance Coverage, 2021 to 2031 / Marketplace-Related Coverage and the Basic Health Program / Outlays for the Basic Health Program",fiscal_year,2025,2025,2025,23,6
Health Insurance,Outlays for the Basic Health Program,2026,8.0,Billions of dollars,51298-2021-07-healthinsurance.xlsx,Table 2,false,51298,"Table 2. CBO and JCT’s July 2021 Projections for Net Federal Subsidies for Health Insurance Coverage, 2021 to 2031 / Marketplace-Related Coverage and the Basic Health Program / Outlays for the Basic Health Program",fiscal_year,2026,2026,2026,23,7
Health Insurance,Outlays for the Basic Health Program,2027,9.0,Billions of dollars,51298-2021-07-healthinsurance.xlsx,Table 2,false,51298,"Table 2. CBO and JCT’s July 2021 Projections for Net Federal Subsidies for Health Insurance Coverage, 2021 to 2031 / Marketplace-Related Coverage and the Basic Health Program / Outlays for the Basic Health Program",fiscal_year,2027,2027,2027,23,8
Health Insurance,Outlays for the Basic Health Program,2028,9.0,Billions of dollars,51298-2021-07-healthinsurance.xlsx,Table 2,false,51298,"Table 2. CBO and JCT’s July 2021 Projections for Net Federal Subsidies for Health Insurance Coverage, 2021 to 2031 / Marketplace-Related Coverage and the Basic Health Program / Outlays for the Basic Health Program",fiscal_year,2028,2028,2028,23,9
Health Insurance,Outlays for the Basic Health Program,2029,10.0,Billions of dollars,51298-2021-07-healthinsurance.xlsx,Table 2,false,51298,"Table 2. CBO and JCT’s July 2021 Projections for Net Federal Subsidies for Health Insurance Coverage, 2021 to 2031 / Marketplace-Related Coverage and the Basic Health Program / Outlays for the Basic Health Program",fiscal_year,2029,2029,2029,23,10
Health Insurance,Outlays for the Basic Health Program,2030,10.0,Billions of dollars,51298-2021-07-healthinsurance.xlsx,Table 2,false,51298,"Table 2. CBO and JCT’s July 2021 Projections for Net Federal Subsidies for Health Insurance Coverage, 2021 to 2031 / Marketplace-Related Coverage and the Basic Health Program / Outlays for the Basic Health Program",fiscal_year,2030,2030,2030,23,11
Health Insurance,Outlays for the Basic Health Program,2031,10.0,Billions of dollars,51298-2021-07-healthinsurance.xlsx,Table 2,false,51298,"Table 2. CBO and JCT’s July 2021 Projections for Net Federal Subsidies for Health Insurance Coverage, 2021 to 2031 / Marketplace-Related Coverage and the Basic Health Program / Outlays for the Basic Health Program",fiscal_year,2031,2031,2031,23,12
Health Insurance,Collections for risk adjustment,2021,-6.0,Billions of dollars,51298-2021-07-healthinsurance.xlsx,Table 2,false,51298,"Table 2. CBO and JCT’s July 2021 Projections for Net Federal Subsidies for Health Insurance Coverage, 2021 to 2031 / Marketplace-Related Coverage and the Basic Health Program / Collections for risk adjustment",fiscal_year,2021,2021,2021,24,2
Health Insurance,Collections for risk adjustment,2022,-6.0,Billions of dollars,51298-2021-07-healthinsurance.xlsx,Table 2,false,51298,"Table 2. CBO and JCT’s July 2021 Projections for Net Federal Subsidies for Health Insurance Coverage, 2021 to 2031 / Marketplace-Related Coverage and the Basic Health Program / Collections for risk adjustment",fiscal_year,2022,2022,2022,24,3
Health Insurance,Collections for risk adjustment,2023,-6.0,Billions of dollars,51298-2021-07-healthinsurance.xlsx,Table 2,false,51298,"Table 2. CBO and JCT’s July 2021 Projections for Net Federal Subsidies for Health Insurance Coverage, 2021 to 2031 / Marketplace-Related Coverage and the Basic Health Program / Collections for risk adjustment",fiscal_year,2023,2023,2023,24,4
Health Insurance,Collections for risk adjustment,2024,-6.0,Billions of dollars,51298-2021-07-healthinsurance.xlsx,Table 2,false,51298,"Table 2. CBO and JCT’s July 2021 Projections for Net Federal Subsidies for Health Insurance Coverage, 2021 to 2031 / Marketplace-Related Coverage and the Basic Health Program / Collections for risk adjustment",fiscal_year,2024,2024,2024,24,5
Health Insurance,Collections for risk adjustment,2025,-6.0,Billions of dollars,51298-2021-07-healthinsurance.xlsx,Table 2,false,51298,"Table 2. CBO and JCT’s July 2021 Projections for Net Federal Subsidies for Health Insurance Coverage, 2021 to 2031 / Marketplace-Related Coverage and the Basic Health Program / Collections for risk adjustment",fiscal_year,2025,2025,2025,24,6
Health Insurance,Collections for risk adjustment,2026,-7.0,Billions of dollars,51298-2021-07-healthinsurance.xlsx,Table 2,false,51298,"Table 2. CBO and JCT’s July 2021 Projections for Net Federal Subsidies for Health Insurance Coverage, 2021 to 2031 / Marketplace-Related Coverage and the Basic Health Program / Collections for risk adjustment",fiscal_year,2026,2026,2026,24,7
Health Insurance,Collections for risk adjustment,2027,-7.0,Billions of dollars,51298-2021-07-healthinsurance.xlsx,Table 2,false,51298,"Table 2. CBO and JCT’s July 2021 Projections for Net Federal Subsidies for Health Insurance Coverage, 2021 to 2031 / Marketplace-Related Coverage and the Basic Health Program / Collections for risk adjustment",fiscal_year,2027,2027,2027,24,8
Health Insurance,Collections for risk adjustment,2028,-7.0,Billions of dollars,51298-2021-07-healthinsurance.xlsx,Table 2,false,51298,"Table 2. CBO and JCT’s July 2021 Projections for Net Federal Subsidies for Health Insurance Coverage, 2021 to 2031 / Marketplace-Related Coverage and the Basic Health Program / Collections for risk adjustment",fiscal_year,2028,2028,2028,24,9
Health Insurance,Collections for risk adjustment,2029,-8.0,Billions of dollars,51298-2021-07-healthinsurance.xlsx,Table 2,false,51298,"Table 2. CBO and JCT’s July 2021 Projections for Net Federal Subsidies for Health Insurance Coverage, 2021 to 2031 / Marketplace-Related Coverage and the Basic Health Program / Collections for risk adjustment",fiscal_year,2029,2029,2029,24,10
Health Insurance,Collections for risk adjustment,2030,-8.0,Billions of dollars,51298-2021-07-healthinsurance.xlsx,Table 2,false,51298,"Table 2. CBO and JCT’s July 2021 Projections for Net Federal Subsidies for Health Insurance Coverage, 2021 to 2031 / Marketplace-Related Coverage and the Basic Health Program / Collections for risk adjustment",fiscal_year,2030,2030,2030,24,11
Health Insurance,Collections for risk adjustment,2031,-9.0,Billions of dollars,51298-2021-07-healthinsurance.xlsx,Table 2,false,51298,"Table 2. CBO and JCT’s July 2021 Projections for Net Federal Subsidies for Health Insurance Coverage, 2021 to 2031 / Marketplace-Related Coverage and the Basic Health Program / Collections for risk adjustment",fiscal_year,2031,2031,2031,24,12
Health Insurance,Payments for risk adjustment,2021,6.0,Billions of dollars,51298-2021-07-healthinsurance.xlsx,Table 2,false,51298,"Table 2. CBO and JCT’s July 2021 Projections for Net Federal Subsidies for Health Insurance Coverage, 2021 to 2031 / Marketplace-Related Coverage and the Basic Health Program / Payments for risk adjustment",fiscal_year,2021,2021,2021,25,2
Health Insurance,Payments for risk adjustment,2022,6.0,Billions of dollars,51298-2021-07-healthinsurance.xlsx,Table 2,false,51298,"Table 2. CBO and JCT’s July 2021 Projections for Net Federal Subsidies for Health Insurance Coverage, 2021 to 2031 / Marketplace-Related Coverage and the Basic Health Program / Payments for risk adjustment",fiscal_year,2022,2022,2022,25,3
Health Insurance,Payments for risk adjustment,2023,6.0,Billions of dollars,51298-2021-07-healthinsurance.xlsx,Table 2,false,51298,"Table 2. CBO and JCT’s July 2021 Projections for Net Federal Subsidies for Health Insurance Coverage, 2021 to 2031 / Marketplace-Related Coverage and the Basic Health Program / Payments for risk adjustment",fiscal_year,2023,2023,2023,25,4
Health Insurance,Payments for risk adjustment,2024,6.0,Billions of dollars,51298-2021-07-healthinsurance.xlsx,Table 2,false,51298,"Table 2. CBO and JCT’s July 2021 Projections for Net Federal Subsidies for Health Insurance Coverage, 2021 to 2031 / Marketplace-Related Coverage and the Basic Health Program / Payments for risk adjustment",fiscal_year,2024,2024,2024,25,5
Health Insurance,Payments for risk adjustment,2025,6.0,Billions of dollars,51298-2021-07-healthinsurance.xlsx,Table 2,false,51298,"Table 2. CBO and JCT’s July 2021 Projections for Net Federal Subsidies for Health Insurance Coverage, 2021 to 2031 / Marketplace-Related Coverage and the Basic Health Program / Payments for risk adjustment",fiscal_year,2025,2025,2025,25,6
Health Insurance,Payments for risk adjustment,2026,7.0,Billions of dollars,51298-2021-07-healthinsurance.xlsx,Table 2,false,51298,"Table 2. CBO and JCT’s July 2021 Projections for Net Federal Subsidies for Health Insurance Coverage, 2021 to 2031 / Marketplace-Related Coverage and the Basic Health Program / Payments for risk adjustment",fiscal_year,2026,2026,2026,25,7
Health Insurance,Payments for risk adjustment,2027,7.0,Billions of dollars,51298-2021-07-healthinsurance.xlsx,Table 2,false,51298,"Table 2. CBO and JCT’s July 2021 Projections for Net Federal Subsidies for Health Insurance Coverage, 2021 to 2031 / Marketplace-Related Coverage and the Basic Health Program / Payments for risk adjustment",fiscal_year,2027,2027,2027,25,8
Health Insurance,Payments for risk adjustment,2028,7.0,Billions of dollars,51298-2021-07-healthinsurance.xlsx,Table 2,false,51298,"Table 2. CBO and JCT’s July 2021 Projections for Net Federal Subsidies for Health Insurance Coverage, 2021 to 2031 / Marketplace-Related Coverage and the Basic Health Program / Payments for risk adjustment",fiscal_year,2028,2028,2028,25,9
Health Insurance,Payments for risk adjustment,2029,8.0,Billions of dollars,51298-2021-07-healthinsurance.xlsx,Table 2,false,51298,"Table 2. CBO and JCT’s July 2021 Projections for Net Federal Subsidies for Health Insurance Coverage, 2021 to 2031 / Marketplace-Related Coverage and the Basic Health Program / Payments for risk adjustment",fiscal_year,2029,2029,2029,25,10
Health Insurance,Payments for risk adjustment,2030,8.0,Billions of dollars,51298-2021-07-healthinsurance.xlsx,Table 2,false,51298,"Table 2. CBO and JCT’s July 2021 Projections for Net Federal Subsidies for Health Insurance Coverage, 2021 to 2031 / Marketplace-Related Coverage and the Basic Health Program / Payments for risk adjustment",fiscal_year,2030,2030,2030,25,11
Health Insurance,Payments for risk adjustment,2031,9.0,Billions of dollars,51298-2021-07-healthinsurance.xlsx,Table 2,false,51298,"Table 2. CBO and JCT’s July 2021 Projections for Net Federal Subsidies for Health Insurance Coverage, 2021 to 2031 / Marketplace-Related Coverage and the Basic Health Program / Payments for risk adjustment",fiscal_year,2031,2031,2031,25,12
Health Insurance,Subtotal,2021,74.0,Billions of dollars,51298-2021-07-healthinsurance.xlsx,Table 2,true,51298,"Table 2. CBO and JCT’s July 2021 Projections for Net Federal Subsidies for Health Insurance Coverage, 2021 to 2031 / Marketplace-Related Coverage and the Basic Health Program / Subtotal",fiscal_year,2021,2021,2021,26,2
Health Insurance,Subtotal,2022,83.0,Billions of dollars,51298-2021-07-healthinsurance.xlsx,Table 2,true,51298,"Table 2. CBO and JCT’s July 2021 Projections for Net Federal Subsidies for Health Insurance Coverage, 2021 to 2031 / Marketplace-Related Coverage and the Basic Health Program / Subtotal",fiscal_year,2022,2022,2022,26,3
Health Insurance,Subtotal,2023,69.0,Billions of dollars,51298-2021-07-healthinsurance.xlsx,Table 2,true,51298,"Table 2. CBO and JCT’s July 2021 Projections for Net Federal Subsidies for Health Insurance Coverage, 2021 to 2031 / Marketplace-Related Coverage and the Basic Health Program / Subtotal",fiscal_year,2023,2023,2023,26,4
Health Insurance,Subtotal,2024,62.0,Billions of dollars,51298-2021-07-healthinsurance.xlsx,Table 2,true,51298,"Table 2. CBO and JCT’s July 2021 Projections for Net Federal Subsidies for Health Insurance Coverage, 2021 to 2031 / Marketplace-Related Coverage and the Basic Health Program / Subtotal",fiscal_year,2024,2024,2024,26,5
Health Insurance,Subtotal,2025,65.0,Billions of dollars,51298-2021-07-healthinsurance.xlsx,Table 2,true,51298,"Table 2. CBO and JCT’s July 2021 Projections for Net Federal Subsidies for Health Insurance Coverage, 2021 to 2031 / Marketplace-Related Coverage and the Basic Health Program / Subtotal",fiscal_year,2025,2025,2025,26,6
Health Insurance,Subtotal,2026,67.0,Billions of dollars,51298-2021-07-healthinsurance.xlsx,Table 2,true,51298,"Table 2. CBO and JCT’s July 2021 Projections for Net Federal Subsidies for Health Insurance Coverage, 2021 to 2031 / Marketplace-Related Coverage and the Basic Health Program / Subtotal",fiscal_year,2026,2026,2026,26,7
Health Insurance,Subtotal,2027,70.0,Billions of dollars,51298-2021-07-healthinsurance.xlsx,Table 2,true,51298,"Table 2. CBO and JCT’s July 2021 Projections for Net Federal Subsidies for Health Insurance Coverage, 2021 to 2031 / Marketplace-Related Coverage and the Basic Health Program / Subtotal",fiscal_year,2027,2027,2027,26,8
Health Insurance,Subtotal,2028,74.0,Billions of dollars,51298-2021-07-healthinsurance.xlsx,Table 2,true,51298,"Table 2. CBO and JCT’s July 2021 Projections for Net Federal Subsidies for Health Insurance Coverage, 2021 to 2031 / Marketplace-Related Coverage and the Basic Health Program / Subtotal",fiscal_year,2028,2028,2028,26,9
Health Insurance,Subtotal,2029,77.0,Billions of dollars,51298-2021-07-healthinsurance.xlsx,Table 2,true,51298,"Table 2. CBO and JCT’s July 2021 Projections for Net Federal Subsidies for Health Insurance Coverage, 2021 to 2031 / Marketplace-Related Coverage and the Basic Health Program / Subtotal",fiscal_year,2029,2029,2029,26,10
Health Insurance,Subtotal,2030,81.0,Billions of dollars,51298-2021-07-healthinsurance.xlsx,Table 2,true,51298,"Table 2. CBO and JCT’s July 2021 Projections for Net Federal Subsidies for Health Insurance Coverage, 2021 to 2031 / Marketplace-Related Coverage and the Basic Health Program / Subtotal",fiscal_year,2030,2030,2030,26,11
Health Insurance,Subtotal,2031,85.0,Billions of dollars,51298-2021-07-healthinsurance.xlsx,Table 2,true,51298,"Table 2. CBO and JCT’s July 2021 Projections for Net Federal Subsidies for Health Insurance Coverage, 2021 to 2031 / Marketplace-Related Coverage and the Basic Health Program / Subtotal",fiscal_year,2031,2031,2031,26,12
Health Insurance,Medicare,2021,117.0,Billions of dollars,51298-2021-07-healthinsurance.xlsx,Table 2,false,51298,"Table 2. CBO and JCT’s July 2021 Projections for Net Federal Subsidies for Health Insurance Coverage, 2021 to 2031 / Marketplace-Related Coverage and the Basic Health Program / Medicare",fiscal_year,2021,2021,2021,27,2
Health Insurance,Medicare,2022,122.0,Billions of dollars,51298-2021-07-healthinsurance.xlsx,Table 2,false,51298,"Table 2. CBO and JCT’s July 2021 Projections for Net Federal Subsidies for Health Insurance Coverage, 2021 to 2031 / Marketplace-Related Coverage and the Basic Health Program / Medicare",fiscal_year,2022,2022,2022,27,3
Health Insurance,Medicare,2023,128.0,Billions of dollars,51298-2021-07-healthinsurance.xlsx,Table 2,false,51298,"Table 2. CBO and JCT’s July 2021 Projections for Net Federal Subsidies for Health Insurance Coverage, 2021 to 2031 / Marketplace-Related Coverage and the Basic Health Program / Medicare",fiscal_year,2023,2023,2023,27,4
Health Insurance,Medicare,2024,133.0,Billions of dollars,51298-2021-07-healthinsurance.xlsx,Table 2,false,51298,"Table 2. CBO and JCT’s July 2021 Projections for Net Federal Subsidies for Health Insurance Coverage, 2021 to 2031 / Marketplace-Related Coverage and the Basic Health Program / Medicare",fiscal_year,2024,2024,2024,27,5
Health Insurance,Medicare,2025,144.0,Billions of dollars,51298-2021-07-healthinsurance.xlsx,Table 2,false,51298,"Table 2. CBO and JCT’s July 2021 Projections for Net Federal Subsidies for Health Insurance Coverage, 2021 to 2031 / Marketplace-Related Coverage and the Basic Health Program / Medicare",fiscal_year,2025,2025,2025,27,6
Health Insurance,Medicare,2026,152.0,Billions of dollars,51298-2021-07-healthinsurance.xlsx,Table 2,false,51298,"Table 2. CBO and JCT’s July 2021 Projections for Net Federal Subsidies for Health Insurance Coverage, 2021 to 2031 / Marketplace-Related Coverage and the Basic Health Program / Medicare",fiscal_year,2026,2026,2026,27,7
Health Insurance,Medicare,2027,161.0,Billions of dollars,51298-2021-07-healthinsurance.xlsx,Table 2,false,51298,"Table 2. CBO and JCT’s July 2021 Projections for Net Federal Subsidies for Health Insurance Coverage, 2021 to 2031 / Marketplace-Related Coverage and the Basic Health Program / Medicare",fiscal_year,2027,2027,2027,27,8
Health Insurance,Medicare,2028,173.0,Billions of dollars,51298-2021-07-healthinsurance.xlsx,Table 2,false,51298,"Table 2. CBO and JCT’s July 2021 Projections for Net Federal Subsidies for Health Insurance Coverage, 2021 to 2031 / Marketplace-Related Coverage and the Basic Health Program / Medicare",fiscal_year,2028,2028,2028,27,9
Health Insurance,Medicare,2029,173.0,Billions of dollars,51298-2021-07-healthinsurance.xlsx,Table 2,false,51298,"Table 2. CBO and JCT’s July 2021 Projections for Net Federal Subsidies for Health Insurance Coverage, 2021 to 2031 / Marketplace-Related Coverage and the Basic Health Program / Medicare",fiscal_year,2029,2029,2029,27,10
Health Insurance,Medicare,2030,187.0,Billions of dollars,51298-2021-07-healthinsurance.xlsx,Table 2,false,51298,"Table 2. CBO and JCT’s July 2021 Projections for Net Federal Subsidies for Health Insurance Coverage, 2021 to 2031 / Marketplace-Related Coverage and the Basic Health Program / Medicare",fiscal_year,2030,2030,2030,27,11
Health Insurance,Medicare,2031,196.0,Billions of dollars,51298-2021-07-healthinsurance.xlsx,Table 2,false,51298,"Table 2. CBO and JCT’s July 2021 Projections for Net Federal Subsidies for Health Insurance Coverage, 2021 to 2031 / Marketplace-Related Coverage and the Basic Health Program / Medicare",fiscal_year,2031,2031,2031,27,12
Health Insurance,Gross Subsidies,2021,940.0,Billions of dollars,51298-2021-07-healthinsurance.xlsx,Table 2,false,51298,"Table 2. CBO and JCT’s July 2021 Projections for Net Federal Subsidies for Health Insurance Coverage, 2021 to 2031 / Marketplace-Related Coverage and the Basic Health Program / Gross Subsidies",fiscal_year,2021,2021,2021,28,2
Health Insurance,Gross Subsidies,2022,977.0,Billions of dollars,51298-2021-07-healthinsurance.xlsx,Table 2,false,51298,"Table 2. CBO and JCT’s July 2021 Projections for Net Federal Subsidies for Health Insurance Coverage, 2021 to 2031 / Marketplace-Related Coverage and the Basic Health Program / Gross Subsidies",fiscal_year,2022,2022,2022,28,3
Health Insurance,Gross Subsidies,2023,956.0,Billions of dollars,51298-2021-07-healthinsurance.xlsx,Table 2,false,51298,"Table 2. CBO and JCT’s July 2021 Projections for Net Federal Subsidies for Health Insurance Coverage, 2021 to 2031 / Marketplace-Related Coverage and the Basic Health Program / Gross Subsidies",fiscal_year,2023,2023,2023,28,4
Health Insurance,Gross Subsidies,2024,981.0,Billions of dollars,51298-2021-07-healthinsurance.xlsx,Table 2,false,51298,"Table 2. CBO and JCT’s July 2021 Projections for Net Federal Subsidies for Health Insurance Coverage, 2021 to 2031 / Marketplace-Related Coverage and the Basic Health Program / Gross Subsidies",fiscal_year,2024,2024,2024,28,5
Health Insurance,Gross Subsidies,2025,1029.0,Billions of dollars,51298-2021-07-healthinsurance.xlsx,Table 2,false,51298,"Table 2. CBO and JCT’s July 2021 Projections for Net Federal Subsidies for Health Insurance Coverage, 2021 to 2031 / Marketplace-Related Coverage and the Basic Health Program / Gross Subsidies",fiscal_year,2025,2025,2025,28,6
Health Insurance,Gross Subsidies,2026,1108.0,Billions of dollars,51298-2021-07-healthinsurance.xlsx,Table 2,false,51298,"Table 2. CBO and JCT’s July 2021 Projections for Net Federal Subsidies for Health Insurance Coverage, 2021 to 2031 / Marketplace-Related Coverage and the Basic Health Program / Gross Subsidies",fiscal_year,2026,2026,2026,28,7
Health Insurance,Gross Subsidies,2027,1177.0,Billions of dollars,51298-2021-07-healthinsurance.xlsx,Table 2,false,51298,"Table 2. CBO and JCT’s July 2021 Projections for Net Federal Subsidies for Health Insurance Coverage, 2021 to 2031 / Marketplace-Related Coverage and the Basic Health Program / Gross Subsidies",fiscal_year,2027,2027,2027,28,8
Health Insurance,Gross Subsidies,2028,1246.0,Billions of dollars,51298-2021-07-healthinsurance.xlsx,Table 2,false,51298,"Table 2. CBO and JCT’s July 2021 Projections for Net Federal Subsidies for Health Insurance Coverage, 2021 to 2031 / Marketplace-Related Coverage and the Basic Health Program / Gross Subsidies",fiscal_year,2028,2028,2028,28,9
Health Insurance,Gross Subsidies,2029,1306.0,Billions of dollars,51298-2021-07-healthinsurance.xlsx,Table 2,false,51298,"Table 2. CBO and JCT’s July 2021 Projections for Net Federal Subsidies for Health Insurance Coverage, 2021 to 2031 / Marketplace-Related Coverage and the Basic Health Program / Gross Subsidies",fiscal_year,2029,2029,2029,28,10
Health Insurance,Gross Subsidies,2030,1383.0,Billions of dollars,51298-2021-07-healthinsurance.xlsx,Table 2,false,51298,"Table 2. CBO and JCT’s July 2021 Projections for Net Federal Subsidies for Health Insurance Coverage, 2021 to 2031 / Marketplace-Related Coverage and the Basic Health Program / Gross Subsidies",fiscal_year,2030,2030,2030,28,11
Health Insurance,Gross Subsidies,2031,1462.0,Billions of dollars,51298-2021-07-healthinsurance.xlsx,Table 2,false,51298,"Table 2. CBO and JCT’s July 2021 Projections for Net Federal Subsidies for Health Insurance Coverage, 2021 to 2031 / Marketplace-Related Coverage and the Basic Health Program / Gross Subsidies",fiscal_year,2031,2031,2031,28,12
Health Insurance,Gross collections of employer penalties,2021,-1.0,Billions of dollars,51298-2021-07-healthinsurance.xlsx,Table 2,false,51298,"Table 2. CBO and JCT’s July 2021 Projections for Net Federal Subsidies for Health Insurance Coverage, 2021 to 2031 / Taxes and Penalties Related to Coverage / Gross collections of employer penalties",fiscal_year,2021,2021,2021,30,2
Health Insurance,Gross collections of employer penalties,2022,-1.0,Billions of dollars,51298-2021-07-healthinsurance.xlsx,Table 2,false,51298,"Table 2. CBO and JCT’s July 2021 Projections for Net Federal Subsidies for Health Insurance Coverage, 2021 to 2031 / Taxes and Penalties Related to Coverage / Gross collections of employer penalties",fiscal_year,2022,2022,2022,30,3
Health Insurance,Gross collections of employer penalties,2023,-1.0,Billions of dollars,51298-2021-07-healthinsurance.xlsx,Table 2,false,51298,"Table 2. CBO and JCT’s July 2021 Projections for Net Federal Subsidies for Health Insurance Coverage, 2021 to 2031 / Taxes and Penalties Related to Coverage / Gross collections of employer penalties",fiscal_year,2023,2023,2023,30,4
Health Insurance,Gross collections of employer penalties,2024,-1.0,Billions of dollars,51298-2021-07-healthinsurance.xlsx,Table 2,false,51298,"Table 2. CBO and JCT’s July 2021 Projections for Net Federal Subsidies for Health Insurance Coverage, 2021 to 2031 / Taxes and Penalties Related to Coverage / Gross collections of employer penalties",fiscal_year,2024,2024,2024,30,5
Health Insurance,Gross collections of employer penalties,2025,-2.0,Billions of dollars,51298-2021-07-healthinsurance.xlsx,Table 2,false,51298,"Table 2. CBO and JCT’s July 2021 Projections for Net Federal Subsidies for Health Insurance Coverage, 2021 to 2031 / Taxes and Penalties Related to Coverage / Gross collections of employer penalties",fiscal_year,2025,2025,2025,30,6
Health Insurance,Gross collections of employer penalties,2026,-2.0,Billions of dollars,51298-2021-07-healthinsurance.xlsx,Table 2,false,51298,"Table 2. CBO and JCT’s July 2021 Projections for Net Federal Subsidies for Health Insurance Coverage, 2021 to 2031 / Taxes and Penalties Related to Coverage / Gross collections of employer penalties",fiscal_year,2026,2026,2026,30,7
Health Insurance,Gross collections of employer penalties,2027,-2.0,Billions of dollars,51298-2021-07-healthinsurance.xlsx,Table 2,false,51298,"Table 2. CBO and JCT’s July 2021 Projections for Net Federal Subsidies for Health Insurance Coverage, 2021 to 2031 / Taxes and Penalties Related to Coverage / Gross collections of employer penalties",fiscal_year,2027,2027,2027,30,8
Health Insurance,Gross collections of employer penalties,2028,-2.0,Billions of dollars,51298-2021-07-healthinsurance.xlsx,Table 2,false,51298,"Table 2. CBO and JCT’s July 2021 Projections for Net Federal Subsidies for Health Insurance Coverage, 2021 to 2031 / Taxes and Penalties Related to Coverage / Gross collections of employer penalties",fiscal_year,2028,2028,2028,30,9
Health Insurance,Gross collections of employer penalties,2029,-2.0,Billions of dollars,51298-2021-07-healthinsurance.xlsx,Table 2,false,51298,"Table 2. CBO and JCT’s July 2021 Projections for Net Federal Subsidies for Health Insurance Coverage, 2021 to 2031 / Taxes and Penalties Related to Coverage / Gross collections of employer penalties",fiscal_year,2029,2029,2029,30,10
Health Insurance,Gross collections of employer penalties,2030,-2.0,Billions of dollars,51298-2021-07-healthinsurance.xlsx,Table 2,false,51298,"Table 2. CBO and JCT’s July 2021 Projections for Net Federal Subsidies for Health Insurance Coverage, 2021 to 2031 / Taxes and Penalties Related to Coverage / Gross collections of employer penalties",fiscal_year,2030,2030,2030,30,11
Health Insurance,Gross collections of employer penalties,2031,-2.0,Billions of dollars,51298-2021-07-healthinsurance.xlsx,Table 2,false,51298,"Table 2. CBO and JCT’s July 2021 Projections for Net Federal Subsidies for Health Insurance Coverage, 2021 to 2031 / Taxes and Penalties Related to Coverage / Gross collections of employer penalties",fiscal_year,2031,2031,2031,30,12
Health Insurance,Subtotal,2021,-1.0,Billions of dollars,51298-2021-07-healthinsurance.xlsx,Table 2,true,51298,"Table 2. CBO and JCT’s July 2021 Projections for Net Federal Subsidies for Health Insurance Coverage, 2021 to 2031 / Taxes and Penalties Related to Coverage / Subtotal",fiscal_year,2021,2021,2021,31,2
Health Insurance,Subtotal,2022,-1.0,Billions of dollars,51298-2021-07-healthinsurance.xlsx,Table 2,true,51298,"Table 2. CBO and JCT’s July 2021 Projections for Net Federal Subsidies for Health Insurance Coverage, 2021 to 2031 / Taxes and Penalties Related to Coverage / Subtotal",fiscal_year,2022,2022,2022,31,3
Health Insurance,Subtotal,2023,-1.0,Billions of dollars,51298-2021-07-healthinsurance.xlsx,Table 2,true,51298,"Table 2. CBO and JCT’s July 2021 Projections for Net Federal Subsidies for Health Insurance Coverage, 2021 to 2031 / Taxes and Penalties Related to Coverage / Subtotal",fiscal_year,2023,2023,2023,31,4
Health Insurance,Subtotal,2024,-1.0,Billions of dollars,51298-2021-07-healthinsurance.xlsx,Table 2,true,51298,"Table 2. CBO and JCT’s July 2021 Projections for Net Federal Subsidies for Health Insurance Coverage, 2021 to 2031 / Taxes and Penalties Related to Coverage / Subtotal",fiscal_year,2024,2024,2024,31,5
Health Insurance,Subtotal,2025,-2.0,Billions of dollars,51298-2021-07-healthinsurance.xlsx,Table 2,true,51298,"Table 2. CBO and JCT’s July 2021 Projections for Net Federal Subsidies for Health Insurance Coverage, 2021 to 2031 / Taxes and Penalties Related to Coverage / Subtotal",fiscal_year,2025,2025,2025,31,6
Health Insurance,Subtotal,2026,-2.0,Billions of dollars,51298-2021-07-healthinsurance.xlsx,Table 2,true,51298,"Table 2. CBO and JCT’s July 2021 Projections for Net Federal Subsidies for Health Insurance Coverage, 2021 to 2031 / Taxes and Penalties Related to Coverage / Subtotal",fiscal_year,2026,2026,2026,31,7
Health Insurance,Subtotal,2027,-2.0,Billions of dollars,51298-2021-07-healthinsurance.xlsx,Table 2,true,51298,"Table 2. CBO and JCT’s July 2021 Projections for Net Federal Subsidies for Health Insurance Coverage, 2021 to 2031 / Taxes and Penalties Related to Coverage / Subtotal",fiscal_year,2027,2027,2027,31,8
Health Insurance,Subtotal,2028,-2.0,Billions of dollars,51298-2021-07-healthinsurance.xlsx,Table 2,true,51298,"Table 2. CBO and JCT’s July 2021 Projections for Net Federal Subsidies for Health Insurance Coverage, 2021 to 2031 / Taxes and Penalties Related to Coverage / Subtotal",fiscal_year,2028,2028,2028,31,9
Health Insurance,Subtotal,2029,-2.0,Billions of dollars,51298-2021-07-healthinsurance.xlsx,Table 2,true,51298,"Table 2. CBO and JCT’s July 2021 Projections for Net Federal Subsidies for Health Insurance Coverage, 2021 to 2031 / Taxes and Penalties Related to Coverage / Subtotal",fiscal_year,2029,2029,2029,31,10
Health Insurance,Subtotal,2030,-2.0,Billions of dollars,51298-2021-07-healthinsurance.xlsx,Table 2,true,51298,"Table 2. CBO and JCT’s July 2021 Projections for Net Federal Subsidies for Health Insurance Coverage, 2021 to 2031 / Taxes and Penalties Related to Coverage / Subtotal",fiscal_year,2030,2030,2030,31,11
Health Insurance,Subtotal,2031,-2.0,Billions of dollars,51298-2021-07-healthinsurance.xlsx,Table 2,true,51298,"Table 2. CBO and JCT’s July 2021 Projections for Net Federal Subsidies for Health Insurance Coverage, 2021 to 2031 / Taxes and Penalties Related to Coverage / Subtotal",fiscal_year,2031,2031,2031,31,12
Health Insurance,Net Subsidies,2021,939.0,Billions of dollars,51298-2021-07-healthinsurance.xlsx,Table 2,false,51298,"Table 2. CBO and JCT’s July 2021 Projections for Net Federal Subsidies for Health Insurance Coverage, 2021 to 2031 / Taxes and Penalties Related to Coverage / Net Subsidies",fiscal_year,2021,2021,2021,32,2
Health Insurance,Net Subsidies,2022,976.0,Billions of dollars,51298-2021-07-healthinsurance.xlsx,Table 2,false,51298,"Table 2. CBO and JCT’s July 2021 Projections for Net Federal Subsidies for Health Insurance Coverage, 2021 to 2031 / Taxes and Penalties Related to Coverage / Net Subsidies",fiscal_year,2022,2022,2022,32,3
Health Insurance,Net Subsidies,2023,955.0,Billions of dollars,51298-2021-07-healthinsurance.xlsx,Table 2,false,51298,"Table 2. CBO and JCT’s July 2021 Projections for Net Federal Subsidies for Health Insurance Coverage, 2021 to 2031 / Taxes and Penalties Related to Coverage / Net Subsidies",fiscal_year,2023,2023,2023,32,4
Health Insurance,Net Subsidies,2024,980.0,Billions of dollars,51298-2021-07-healthinsurance.xlsx,Table 2,false,51298,"Table 2. CBO and JCT’s July 2021 Projections for Net Federal Subsidies for Health Insurance Coverage, 2021 to 2031 / Taxes and Penalties Related to Coverage / Net Subsidies",fiscal_year,2024,2024,2024,32,5
Health Insurance,Net Subsidies,2025,1028.0,Billions of dollars,51298-2021-07-healthinsurance.xlsx,Table 2,false,51298,"Table 2. CBO and JCT’s July 2021 Projections for Net Federal Subsidies for Health Insurance Coverage, 2021 to 2031 / Taxes and Penalties Related to Coverage / Net Subsidies",fiscal_year,2025,2025,2025,32,6
Health Insurance,Net Subsidies,2026,1106.0,Billions of dollars,51298-2021-07-healthinsurance.xlsx,Table 2,false,51298,"Table 2. CBO and JCT’s July 2021 Projections for Net Federal Subsidies for Health Insurance Coverage, 2021 to 2031 / Taxes and Penalties Related to Coverage / Net Subsidies",fiscal_year,2026,2026,2026,32,7
Health Insurance,Net Subsidies,2027,1175.0,Billions of dollars,51298-2021-07-healthinsurance.xlsx,Table 2,false,51298,"Table 2. CBO and JCT’s July 2021 Projections for Net Federal Subsidies for Health Insurance Coverage, 2021 to 2031 / Taxes and Penalties Related to Coverage / Net Subsidies",fiscal_year,2027,2027,2027,32,8
Health Insurance,Net Subsidies,2028,1244.0,Billions of dollars,51298-2021-07-healthinsurance.xlsx,Table 2,false,51298,"Table 2. CBO and JCT’s July 2021 Projections for Net Federal Subsidies for Health Insurance Coverage, 2021 to 2031 / Taxes and Penalties Related to Coverage / Net Subsidies",fiscal_year,2028,2028,2028,32,9
Health Insurance,Net Subsidies,2029,1304.0,Billions of dollars,51298-2021-07-healthinsurance.xlsx,Table 2,false,51298,"Table 2. CBO and JCT’s July 2021 Projections for Net Federal Subsidies for Health Insurance Coverage, 2021 to 2031 / Taxes and Penalties Related to Coverage / Net Subsidies",fiscal_year,2029,2029,2029,32,10
Health Insurance,Net Subsidies,2030,1381.0,Billions of dollars,51298-2021-07-healthinsurance.xlsx,Table 2,false,51298,"Table 2. CBO and JCT’s July 2021 Projections for Net Federal Subsidies for Health Insurance Coverage, 2021 to 2031 / Taxes and Penalties Related to Coverage / Net Subsidies",fiscal_year,2030,2030,2030,32,11
Health Insurance,Net Subsidies,2031,1460.0,Billions of dollars,51298-2021-07-healthinsurance.xlsx,Table 2,false,51298,"Table 2. CBO and JCT’s July 2021 Projections for Net Federal Subsidies for Health Insurance Coverage, 2021 to 2031 / Taxes and Penalties Related to Coverage / Net Subsidies",fiscal_year,2031,2031,2031,32,12
Health Insurance,Gross subsidies as a percentage of GDP,2021,4.2,Billions of dollars,51298-2021-07-healthinsurance.xlsx,Table 2,false,51298,"Table 2. CBO and JCT’s July 2021 Projections for Net Federal Subsidies for Health Insurance Coverage, 2021 to 2031 / Memorandum: / Gross subsidies as a percentage of GDP",fiscal_year,2021,2021,2021,34,2
Health Insurance,Gross subsidies as a percentage of GDP,2022,4.02,Billions of dollars,51298-2021-07-healthinsurance.xlsx,Table 2,false,51298,"Table 2. CBO and JCT’s July 2021 Projections for Net Federal Subsidies for Health Insurance Coverage, 2021 to 2031 / Memorandum: / Gross subsidies as a percentage of GDP",fiscal_year,2022,2022,2022,34,3
Health Insurance,Gross subsidies as a percentage of GDP,2023,3.77,Billions of dollars,51298-2021-07-healthinsurance.xlsx,Table 2,false,51298,"Table 2. CBO and JCT’s July 2021 Projections for Net Federal Subsidies for Health Insurance Coverage, 2021 to 2031 / Memorandum: / Gross subsidies as a percentage of GDP",fiscal_year,2023,2023,2023,34,4
Health Insurance,Gross subsidies as a percentage of GDP,2024,3.75,Billions of dollars,51298-2021-07-healthinsurance.xlsx,Table 2,false,51298,"Table 2. CBO and JCT’s July 2021 Projections for Net Federal Subsidies for Health Insurance Coverage, 2021 to 2031 / Memorandum: / Gross subsidies as a percentage of GDP",fiscal_year,2024,2024,2024,34,5
Health Insurance,Gross subsidies as a percentage of GDP,2025,3.8,Billions of dollars,51298-2021-07-healthinsurance.xlsx,Table 2,false,51298,"Table 2. CBO and JCT’s July 2021 Projections for Net Federal Subsidies for Health Insurance Coverage, 2021 to 2031 / Memorandum: / Gross subsidies as a percentage of GDP",fiscal_year,2025,2025,2025,34,6
Health Insurance,Gross subsidies as a percentage of GDP,2026,3.95,Billions of dollars,51298-2021-07-healthinsurance.xlsx,Table 2,false,51298,"Table 2. CBO and JCT’s July 2021 Projections for Net Federal Subsidies for Health Insurance Coverage, 2021 to 2031 / Memorandum: / Gross subsidies as a percentage of GDP",fiscal_year,2026,2026,2026,34,7
Health Insurance,Gross subsidies as a percentage of GDP,2027,4.04,Billions of dollars,51298-2021-07-healthinsurance.xlsx,Table 2,false,51298,"Table 2. CBO and JCT’s July 2021 Projections for Net Federal Subsidies for Health Insurance Coverage, 2021 to 2031 / Memorandum: / Gross subsidies as a percentage of GDP",fiscal_year,2027,2027,2027,34,8
Health Insurance,Gross subsidies as a percentage of GDP,2028,4.13,Billions of dollars,51298-2021-07-healthinsurance.xlsx,Table 2,false,51298,"Table 2. CBO and JCT’s July 2021 Projections for Net Federal Subsidies for Health Insurance Coverage, 2021 to 2031 / Memorandum: / Gross subsidies as a percentage of GDP",fiscal_year,2028,2028,2028,34,9
Health Insurance,Gross subsidies as a percentage of GDP,2029,4.17,Billions of dollars,51298-2021-07-healthinsurance.xlsx,Table 2,false,51298,"Table 2. CBO and JCT’s July 2021 Projections for Net Federal Subsidies for Health Insurance Coverage, 2021 to 2031 / Memorandum: / Gross subsidies as a percentage of GDP",fiscal_year,2029,2029,2029,34,10
Health Insurance,Gross subsidies as a percentage of GDP,2030,4.26,Billions of dollars,51298-2021-07-healthinsurance.xlsx,Table 2,false,51298,"Table 2. CBO and JCT’s July 2021 Projections for Net Federal Subsidies for Health Insurance Coverage, 2021 to 2031 / Memorandum: / Gross subsidies as a percentage of GDP",fiscal_year,2030,2030,2030,34,11
Health Insurance,Gross subsidies as a percentage of GDP,2031,4.34,Billions of dollars,51298-2021-07-healthinsurance.xlsx,Table 2,false,51298,"Table 2. CBO and JCT’s July 2021 Projections for Net Federal Subsidies for Health Insurance Coverage, 2021 to 2031 / Memorandum: / Gross subsidies as a percentage of GDP",fiscal_year,2031,2031,2031,34,12
Health Insurance,Net subsidies as a percentage of GDP,2021,4.19,Billions of dollars,51298-2021-07-healthinsurance.xlsx,Table 2,false,51298,"Table 2. CBO and JCT’s July 2021 Projections for Net Federal Subsidies for Health Insurance Coverage, 2021 to 2031 / Memorandum: / Net subsidies as a percentage of GDP",fiscal_year,2021,2021,2021,35,2
Health Insurance,Net subsidies as a percentage of GDP,2022,4.01,Billions of dollars,51298-2021-07-healthinsurance.xlsx,Table 2,false,51298,"Table 2. CBO and JCT’s July 2021 Projections for Net Federal Subsidies for Health Insurance Coverage, 2021 to 2031 / Memorandum: / Net subsidies as a percentage of GDP",fiscal_year,2022,2022,2022,35,3
Health Insurance,Net subsidies as a percentage of GDP,2023,3.77,Billions of dollars,51298-2021-07-healthinsurance.xlsx,Table 2,false,51298,"Table 2. CBO and JCT’s July 2021 Projections for Net Federal Subsidies for Health Insurance Coverage, 2021 to 2031 / Memorandum: / Net subsidies as a percentage of GDP",fiscal_year,2023,2023,2023,35,4
Health Insurance,Net subsidies as a percentage of GDP,2024,3.74,Billions of dollars,51298-2021-07-healthinsurance.xlsx,Table 2,false,51298,"Table 2. CBO and JCT’s July 2021 Projections for Net Federal Subsidies for Health Insurance Coverage, 2021 to 2031 / Memorandum: / Net subsidies as a percentage of GDP",fiscal_year,2024,2024,2024,35,5
Health Insurance,Net subsidies as a percentage of GDP,2025,3.8,Billions of dollars,51298-2021-07-healthinsurance.xlsx,Table 2,false,51298,"Table 2. CBO and JCT’s July 2021 Projections for Net Federal Subsidies for Health Insurance Coverage, 2021 to 2031 / Memorandum: / Net subsidies as a percentage of GDP",fiscal_year,2025,2025,2025,35,6
Health Insurance,Net subsidies as a percentage of GDP,2026,3.95,Billions of dollars,51298-2021-07-healthinsurance.xlsx,Table 2,false,51298,"Table 2. CBO and JCT’s July 2021 Projections for Net Federal Subsidies for Health Insurance Coverage, 2021 to 2031 / Memorandum: / Net subsidies as a percentage of GDP",fiscal_year,2026,2026,2026,35,7
Health Insurance,Net subsidies as a percentage of GDP,2027,4.04,Billions of dollars,51298-2021-07-healthinsurance.xlsx,Table 2,false,51298,"Table 2. CBO and JCT’s July 2021 Projections for Net Federal Subsidies for Health Insurance Coverage, 2021 to 2031 / Memorandum: / Net subsidies as a percentage of GDP",fiscal_year,2027,2027,2027,35,8
Health Insurance,Net subsidies as a percentage of GDP,2028,4.12,Billions of dollars,51298-2021-07-healthinsurance.xlsx,Table 2,false,51298,"Table 2. CBO and JCT’s July 2021 Projections for Net Federal Subsidies for Health Insurance Coverage, 2021 to 2031 / Memorandum: / Net subsidies as a percentage of GDP",fiscal_year,2028,2028,2028,35,9
Health Insurance,Net subsidies as a percentage of GDP,2029,4.17,Billions of dollars,51298-2021-07-healthinsurance.xlsx,Table 2,false,51298,"Table 2. CBO and JCT’s July 2021 Projections for Net Federal Subsidies for Health Insurance Coverage, 2021 to 2031 / Memorandum: / Net subsidies as a percentage of GDP",fiscal_year,2029,2029,2029,35,10
Health Insurance,Net subsidies as a percentage of GDP,2030,4.26,Billions of dollars,51298-2021-07-healthinsurance.xlsx,Table 2,false,51298,"Table 2. CBO and JCT’s July 2021 Projections for Net Federal Subsidies for Health Insurance Coverage, 2021 to 2031 / Memorandum: / Net subsidies as a percentage of GDP",fiscal_year,2030,2030,2030,35,11
Health Insurance,Net subsidies as a percentage of GDP,2031,4.34,Billions of dollars,51298-2021-07-healthinsurance.xlsx,Table 2,false,51298,"Table 2. CBO and JCT’s July 2021 Projections for Net Federal Subsidies for Health Insurance Coverage, 2021 to 2031 / Memorandum: / Net subsidies as a percentage of GDP",fiscal_year,2031,2031,2031,35,12
