program,category,fiscal_year,value,unit,source_file,source_sheet,is_total,program_id,category_path,period_type,period_start_year,period_end_year,period_label,source_row,source_column
Health Insurance,Total Population Under Age 65,2022,270.6,Millions of people,51298-2022-06-healthinsurance.xlsx,Table 1,true,51298,Table 1. Health Insurance Coverage for People Under Age 65 / Total Population Under Age 65,fiscal_year,2022,2022,2022,9,3
Health Insurance,Total Population Under Age 65,2023,270.1,Millions of people,51298-2022-06-healthinsurance.xlsx,Table 1,true,51298,Table 1. Health Insurance Coverage for People Under Age 65 / Total Population Under Age 65,fiscal_year,2023,2023,2023,9,4
Health Insurance,Total Population Under Age 65,2024,269.7,Millions of people,51298-2022-06-healthinsurance.xlsx,Table 1,true,51298,Table 1. Health Insurance Coverage for People Under Age 65 / Total Population Under Age 65,fiscal_year,2024,2024,2024,9,5
Health Insurance,Total Population Under Age 65,2025,269.40000000000003,Millions of people,51298-2022-06-healthinsurance.xlsx,Table 1,true,51298,Table 1. Health Insurance Coverage for People Under Age 65 / Total Population Under Age 65,fiscal_year,2025,2025,2025,9,6
Health Insurance,Total Population Under Age 65,2026,269.1,Millions of people,51298-2022-06-healthinsurance.xlsx,Table 1,true,51298,Table 1. Health Insurance Coverage for People Under Age 65 / Total Population Under Age 65,fiscal_year,2026,2026,2026,9,7
Health Insurance,Total Population Under Age 65,2027,268.90000000000003,Millions of people,51298-2022-06-healthinsurance.xlsx,Table 1,true,51298,Table 1. Health Insurance Coverage for People Under Age 65 / Total Population Under Age 65,fiscal_year,2027,2027,2027,9,8
Health Insurance,Total Population Under Age 65,2028,268.8,Millions of people,51298-2022-06-healthinsurance.xlsx,Table 1,true,51298,Table 1. Health Insurance Coverage for People Under Age 65 / Total Population Under Age 65,fiscal_year,2028,2028,2028,9,9
Health Insurance,Total Population Under Age 65,2029,268.90000000000003,Millions of people,51298-2022-06-healthinsurance.xlsx,Table 1,true,51298,Table 1. Health Insurance Coverage for People Under Age 65 / Total Population Under Age 65,fiscal_year,2029,2029,2029,9,10
Health Insurance,Total Population Under Age 65,2030,269.1,Millions of people,51298-2022-06-healthinsurance.xlsx,Table 1,true,51298,Table 1. Health Insurance Coverage for People Under Age 65 / Total Population Under Age 65,fiscal_year,2030,2030,2030,9,11
Health Insurance,Total Population Under Age 65,2031,269.5,Millions of people,51298-2022-06-healthinsurance.xlsx,Table 1,true,51298,Table 1. Health Insurance Coverage for People Under Age 65 / Total Population Under Age 65,fiscal_year,2031,2031,2031,9,12
Health Insurance,Total Population Under Age 65,2032,270.0,Millions of people,51298-2022-06-healthinsurance.xlsx,Table 1,true,51298,Table 1. Health Insurance Coverage for People Under Age 65 / Total Population Under Age 65,fiscal_year,2032,2032,2032,9,13
Health Insurance,Employment-Based Coverage,2022,155.60000000000002,Millions of people,51298-2022-06-healthinsurance.xlsx,Table 1,false,51298,Table 1. Health Insurance Coverage for People Under Age 65 / Employment-Based Coverage,fiscal_year,2022,2022,2022,10,3
Health Insurance,Employment-Based Coverage,2023,155.60000000000002,Millions of people,51298-2022-06-healthinsurance.xlsx,Table 1,false,51298,Table 1. Health Insurance Coverage for People Under Age 65 / Employment-Based Coverage,fiscal_year,2023,2023,2023,10,4
Health Insurance,Employment-Based Coverage,2024,156.0,Millions of people,51298-2022-06-healthinsurance.xlsx,Table 1,false,51298,Table 1. Health Insurance Coverage for People Under Age 65 / Employment-Based Coverage,fiscal_year,2024,2024,2024,10,5
Health Insurance,Employment-Based Coverage,2025,156.0,Millions of people,51298-2022-06-healthinsurance.xlsx,Table 1,false,51298,Table 1. Health Insurance Coverage for People Under Age 65 / Employment-Based Coverage,fiscal_year,2025,2025,2025,10,6
Health Insurance,Employment-Based Coverage,2026,156.0,Millions of people,51298-2022-06-healthinsurance.xlsx,Table 1,false,51298,Table 1. Health Insurance Coverage for People Under Age 65 / Employment-Based Coverage,fiscal_year,2026,2026,2026,10,7
Health Insurance,Employment-Based Coverage,2027,156.20000000000002,Millions of people,51298-2022-06-healthinsurance.xlsx,Table 1,false,51298,Table 1. Health Insurance Coverage for People Under Age 65 / Employment-Based Coverage,fiscal_year,2027,2027,2027,10,8
Health Insurance,Employment-Based Coverage,2028,156.20000000000002,Millions of people,51298-2022-06-healthinsurance.xlsx,Table 1,false,51298,Table 1. Health Insurance Coverage for People Under Age 65 / Employment-Based Coverage,fiscal_year,2028,2028,2028,10,9
Health Insurance,Employment-Based Coverage,2029,156.4,Millions of people,51298-2022-06-healthinsurance.xlsx,Table 1,false,51298,Table 1. Health Insurance Coverage for People Under Age 65 / Employment-Based Coverage,fiscal_year,2029,2029,2029,10,10
Health Insurance,Employment-Based Coverage,2030,156.70000000000002,Millions of people,51298-2022-06-healthinsurance.xlsx,Table 1,false,51298,Table 1. Health Insurance Coverage for People Under Age 65 / Employment-Based Coverage,fiscal_year,2030,2030,2030,10,11
Health Insurance,Employment-Based Coverage,2031,157.5,Millions of people,51298-2022-06-healthinsurance.xlsx,Table 1,false,51298,Table 1. Health Insurance Coverage for People Under Age 65 / Employment-Based Coverage,fiscal_year,2031,2031,2031,10,12
Health Insurance,Employment-Based Coverage,2032,158.10000000000002,Millions of people,51298-2022-06-healthinsurance.xlsx,Table 1,false,51298,Table 1. Health Insurance Coverage for People Under Age 65 / Employment-Based Coverage,fiscal_year,2032,2032,2032,10,13
Health Insurance,Blind and disabled,2022,7.6000000000000005,Millions of people,51298-2022-06-healthinsurance.xlsx,Table 1,false,51298,Table 1. Health Insurance Coverage for People Under Age 65 / Medicaid and CHIP / Blind and disabled,fiscal_year,2022,2022,2022,12,3
Health Insurance,Blind and disabled,2023,7.5,Millions of people,51298-2022-06-healthinsurance.xlsx,Table 1,false,51298,Table 1. Health Insurance Coverage for People Under Age 65 / Medicaid and CHIP / Blind and disabled,fiscal_year,2023,2023,2023,12,4
Health Insurance,Blind and disabled,2024,7.5,Millions of people,51298-2022-06-healthinsurance.xlsx,Table 1,false,51298,Table 1. Health Insurance Coverage for People Under Age 65 / Medicaid and CHIP / Blind and disabled,fiscal_year,2024,2024,2024,12,5
Health Insurance,Blind and disabled,2025,7.4,Millions of people,51298-2022-06-healthinsurance.xlsx,Table 1,false,51298,Table 1. Health Insurance Coverage for People Under Age 65 / Medicaid and CHIP / Blind and disabled,fiscal_year,2025,2025,2025,12,6
Health Insurance,Blind and disabled,2026,7.4,Millions of people,51298-2022-06-healthinsurance.xlsx,Table 1,false,51298,Table 1. Health Insurance Coverage for People Under Age 65 / Medicaid and CHIP / Blind and disabled,fiscal_year,2026,2026,2026,12,7
Health Insurance,Blind and disabled,2027,7.5,Millions of people,51298-2022-06-healthinsurance.xlsx,Table 1,false,51298,Table 1. Health Insurance Coverage for People Under Age 65 / Medicaid and CHIP / Blind and disabled,fiscal_year,2027,2027,2027,12,8
Health Insurance,Blind and disabled,2028,7.5,Millions of people,51298-2022-06-healthinsurance.xlsx,Table 1,false,51298,Table 1. Health Insurance Coverage for People Under Age 65 / Medicaid and CHIP / Blind and disabled,fiscal_year,2028,2028,2028,12,9
Health Insurance,Blind and disabled,2029,7.5,Millions of people,51298-2022-06-healthinsurance.xlsx,Table 1,false,51298,Table 1. Health Insurance Coverage for People Under Age 65 / Medicaid and CHIP / Blind and disabled,fiscal_year,2029,2029,2029,12,10
Health Insurance,Blind and disabled,2030,7.5,Millions of people,51298-2022-06-healthinsurance.xlsx,Table 1,false,51298,Table 1. Health Insurance Coverage for People Under Age 65 / Medicaid and CHIP / Blind and disabled,fiscal_year,2030,2030,2030,12,11
Health Insurance,Blind and disabled,2031,7.5,Millions of people,51298-2022-06-healthinsurance.xlsx,Table 1,false,51298,Table 1. Health Insurance Coverage for People Under Age 65 / Medicaid and CHIP / Blind and disabled,fiscal_year,2031,2031,2031,12,12
Health Insurance,Blind and disabled,2032,7.6000000000000005,Millions of people,51298-2022-06-healthinsurance.xlsx,Table 1,false,51298,Table 1. Health Insurance Coverage for People Under Age 65 / Medicaid and CHIP / Blind and disabled,fiscal_year,2032,2032,2032,12,13
Health Insurance,Children,2022,33.9,Millions of people,51298-2022-06-healthinsurance.xlsx,Table 1,false,51298,Table 1. Health Insurance Coverage for People Under Age 65 / Medicaid and CHIP / Children,fiscal_year,2022,2022,2022,13,3
Health Insurance,Children,2023,32.5,Millions of people,51298-2022-06-healthinsurance.xlsx,Table 1,false,51298,Table 1. Health Insurance Coverage for People Under Age 65 / Medicaid and CHIP / Children,fiscal_year,2023,2023,2023,13,4
Health Insurance,Children,2024,29.8,Millions of people,51298-2022-06-healthinsurance.xlsx,Table 1,false,51298,Table 1. Health Insurance Coverage for People Under Age 65 / Medicaid and CHIP / Children,fiscal_year,2024,2024,2024,13,5
Health Insurance,Children,2025,28.3,Millions of people,51298-2022-06-healthinsurance.xlsx,Table 1,false,51298,Table 1. Health Insurance Coverage for People Under Age 65 / Medicaid and CHIP / Children,fiscal_year,2025,2025,2025,13,6
Health Insurance,Children,2026,28.200000000000003,Millions of people,51298-2022-06-healthinsurance.xlsx,Table 1,false,51298,Table 1. Health Insurance Coverage for People Under Age 65 / Medicaid and CHIP / Children,fiscal_year,2026,2026,2026,13,7
Health Insurance,Children,2027,28.1,Millions of people,51298-2022-06-healthinsurance.xlsx,Table 1,false,51298,Table 1. Health Insurance Coverage for People Under Age 65 / Medicaid and CHIP / Children,fiscal_year,2027,2027,2027,13,8
Health Insurance,Children,2028,28.0,Millions of people,51298-2022-06-healthinsurance.xlsx,Table 1,false,51298,Table 1. Health Insurance Coverage for People Under Age 65 / Medicaid and CHIP / Children,fiscal_year,2028,2028,2028,13,9
Health Insurance,Children,2029,28.0,Millions of people,51298-2022-06-healthinsurance.xlsx,Table 1,false,51298,Table 1. Health Insurance Coverage for People Under Age 65 / Medicaid and CHIP / Children,fiscal_year,2029,2029,2029,13,10
Health Insurance,Children,2030,27.900000000000002,Millions of people,51298-2022-06-healthinsurance.xlsx,Table 1,false,51298,Table 1. Health Insurance Coverage for People Under Age 65 / Medicaid and CHIP / Children,fiscal_year,2030,2030,2030,13,11
Health Insurance,Children,2031,28.700000000000003,Millions of people,51298-2022-06-healthinsurance.xlsx,Table 1,false,51298,Table 1. Health Insurance Coverage for People Under Age 65 / Medicaid and CHIP / Children,fiscal_year,2031,2031,2031,13,12
Health Insurance,Children,2032,29.3,Millions of people,51298-2022-06-healthinsurance.xlsx,Table 1,false,51298,Table 1. Health Insurance Coverage for People Under Age 65 / Medicaid and CHIP / Children,fiscal_year,2032,2032,2032,13,13
Health Insurance,Adults made eligible for Medicaid by the ACA,2022,16.2,Millions of people,51298-2022-06-healthinsurance.xlsx,Table 1,false,51298,Table 1. Health Insurance Coverage for People Under Age 65 / Medicaid and CHIP / Adults made eligible for Medicaid by the ACA,fiscal_year,2022,2022,2022,14,3
Health Insurance,Adults made eligible for Medicaid by the ACA,2023,15.600000000000001,Millions of people,51298-2022-06-healthinsurance.xlsx,Table 1,false,51298,Table 1. Health Insurance Coverage for People Under Age 65 / Medicaid and CHIP / Adults made eligible for Medicaid by the ACA,fiscal_year,2023,2023,2023,14,4
Health Insurance,Adults made eligible for Medicaid by the ACA,2024,13.700000000000001,Millions of people,51298-2022-06-healthinsurance.xlsx,Table 1,false,51298,Table 1. Health Insurance Coverage for People Under Age 65 / Medicaid and CHIP / Adults made eligible for Medicaid by the ACA,fiscal_year,2024,2024,2024,14,5
Health Insurance,Adults made eligible for Medicaid by the ACA,2025,12.8,Millions of people,51298-2022-06-healthinsurance.xlsx,Table 1,false,51298,Table 1. Health Insurance Coverage for People Under Age 65 / Medicaid and CHIP / Adults made eligible for Medicaid by the ACA,fiscal_year,2025,2025,2025,14,6
Health Insurance,Adults made eligible for Medicaid by the ACA,2026,13.0,Millions of people,51298-2022-06-healthinsurance.xlsx,Table 1,false,51298,Table 1. Health Insurance Coverage for People Under Age 65 / Medicaid and CHIP / Adults made eligible for Medicaid by the ACA,fiscal_year,2026,2026,2026,14,7
Health Insurance,Adults made eligible for Medicaid by the ACA,2027,13.100000000000001,Millions of people,51298-2022-06-healthinsurance.xlsx,Table 1,false,51298,Table 1. Health Insurance Coverage for People Under Age 65 / Medicaid and CHIP / Adults made eligible for Medicaid by the ACA,fiscal_year,2027,2027,2027,14,8
Health Insurance,Adults made eligible for Medicaid by the ACA,2028,13.3,Millions of people,51298-2022-06-healthinsurance.xlsx,Table 1,false,51298,Table 1. Health Insurance Coverage for People Under Age 65 / Medicaid and CHIP / Adults made eligible for Medicaid by the ACA,fiscal_year,2028,2028,2028,14,9
Health Insurance,Adults made eligible for Medicaid by the ACA,2029,13.4,Millions of people,51298-2022-06-healthinsurance.xlsx,Table 1,false,51298,Table 1. Health Insurance Coverage for People Under Age 65 / Medicaid and CHIP / Adults made eligible for Medicaid by the ACA,fiscal_year,2029,2029,2029,14,10
Health Insurance,Adults made eligible for Medicaid by the ACA,2030,13.5,Millions of people,51298-2022-06-healthinsurance.xlsx,Table 1,false,51298,Table 1. Health Insurance Coverage for People Under Age 65 / Medicaid and CHIP / Adults made eligible for Medicaid by the ACA,fiscal_year,2030,2030,2030,14,11
Health Insurance,Adults made eligible for Medicaid by the ACA,2031,13.700000000000001,Millions of people,51298-2022-06-healthinsurance.xlsx,Table 1,false,51298,Table 1. Health Insurance Coverage for People Under Age 65 / Medicaid and CHIP / Adults made eligible for Medicaid by the ACA,fiscal_year,2031,2031,2031,14,12
Health Insurance,Adults made eligible for Medicaid by the ACA,2032,13.8,Millions of people,51298-2022-06-healthinsurance.xlsx,Table 1,false,51298,Table 1. Health Insurance Coverage for People Under Age 65 / Medicaid and CHIP / Adults made eligible for Medicaid by the ACA,fiscal_year,2032,2032,2032,14,13
Health Insurance,Adults otherwise eligible for Medicaid,2022,15.9,Millions of people,51298-2022-06-healthinsurance.xlsx,Table 1,false,51298,Table 1. Health Insurance Coverage for People Under Age 65 / Medicaid and CHIP / Adults otherwise eligible for Medicaid,fiscal_year,2022,2022,2022,15,3
Health Insurance,Adults otherwise eligible for Medicaid,2023,15.200000000000001,Millions of people,51298-2022-06-healthinsurance.xlsx,Table 1,false,51298,Table 1. Health Insurance Coverage for People Under Age 65 / Medicaid and CHIP / Adults otherwise eligible for Medicaid,fiscal_year,2023,2023,2023,15,4
Health Insurance,Adults otherwise eligible for Medicaid,2024,13.5,Millions of people,51298-2022-06-healthinsurance.xlsx,Table 1,false,51298,Table 1. Health Insurance Coverage for People Under Age 65 / Medicaid and CHIP / Adults otherwise eligible for Medicaid,fiscal_year,2024,2024,2024,15,5
Health Insurance,Adults otherwise eligible for Medicaid,2025,12.700000000000001,Millions of people,51298-2022-06-healthinsurance.xlsx,Table 1,false,51298,Table 1. Health Insurance Coverage for People Under Age 65 / Medicaid and CHIP / Adults otherwise eligible for Medicaid,fiscal_year,2025,2025,2025,15,6
Health Insurance,Adults otherwise eligible for Medicaid,2026,12.700000000000001,Millions of people,51298-2022-06-healthinsurance.xlsx,Table 1,false,51298,Table 1. Health Insurance Coverage for People Under Age 65 / Medicaid and CHIP / Adults otherwise eligible for Medicaid,fiscal_year,2026,2026,2026,15,7
Health Insurance,Adults otherwise eligible for Medicaid,2027,12.700000000000001,Millions of people,51298-2022-06-healthinsurance.xlsx,Table 1,false,51298,Table 1. Health Insurance Coverage for People Under Age 65 / Medicaid and CHIP / Adults otherwise eligible for Medicaid,fiscal_year,2027,2027,2027,15,8
Health Insurance,Adults otherwise eligible for Medicaid,2028,12.700000000000001,Millions of people,51298-2022-06-healthinsurance.xlsx,Table 1,false,51298,Table 1. Health Insurance Coverage for People Under Age 65 / Medicaid and CHIP / Adults otherwise eligible for Medicaid,fiscal_year,2028,2028,2028,15,9
Health Insurance,Adults otherwise eligible for Medicaid,2029,12.8,Millions of people,51298-2022-06-healthinsurance.xlsx,Table 1,false,51298,Table 1. Health Insurance Coverage for People Under Age 65 / Medicaid and CHIP / Adults otherwise eligible for Medicaid,fiscal_year,2029,2029,2029,15,10
Health Insurance,Adults otherwise eligible for Medicaid,2030,12.8,Millions of people,51298-2022-06-healthinsurance.xlsx,Table 1,false,51298,Table 1. Health Insurance Coverage for People Under Age 65 / Medicaid and CHIP / Adults otherwise eligible for Medicaid,fiscal_year,2030,2030,2030,15,11
Health Insurance,Adults otherwise eligible for Medicaid,2031,12.8,Millions of people,51298-2022-06-healthinsurance.xlsx,Table 1,false,51298,Table 1. Health Insurance Coverage for People Under Age 65 / Medicaid and CHIP / Adults otherwise eligible for Medicaid,fiscal_year,2031,2031,2031,15,12
Health Insurance,Adults otherwise eligible for Medicaid,2032,12.8,Millions of people,51298-2022-06-healthinsurance.xlsx,Table 1,false,51298,Table 1. Health Insurance Coverage for People Under Age 65 / Medicaid and CHIP / Adults otherwise eligible for Medicaid,fiscal_year,2032,2032,2032,15,13
Health Insurance,CHIP,2022,6.800000000000001,Millions of people,51298-2022-06-healthinsurance.xlsx,Table 1,false,51298,Table 1. Health Insurance Coverage for People Under Age 65 / Medicaid and CHIP / CHIP,fiscal_year,2022,2022,2022,16,3
Health Insurance,CHIP,2023,6.800000000000001,Millions of people,51298-2022-06-healthinsurance.xlsx,Table 1,false,51298,Table 1. Health Insurance Coverage for People Under Age 65 / Medicaid and CHIP / CHIP,fiscal_year,2023,2023,2023,16,4
Health Insurance,CHIP,2024,6.800000000000001,Millions of people,51298-2022-06-healthinsurance.xlsx,Table 1,false,51298,Table 1. Health Insurance Coverage for People Under Age 65 / Medicaid and CHIP / CHIP,fiscal_year,2024,2024,2024,16,5
Health Insurance,CHIP,2025,6.7,Millions of people,51298-2022-06-healthinsurance.xlsx,Table 1,false,51298,Table 1. Health Insurance Coverage for People Under Age 65 / Medicaid and CHIP / CHIP,fiscal_year,2025,2025,2025,16,6
Health Insurance,CHIP,2026,6.7,Millions of people,51298-2022-06-healthinsurance.xlsx,Table 1,false,51298,Table 1. Health Insurance Coverage for People Under Age 65 / Medicaid and CHIP / CHIP,fiscal_year,2026,2026,2026,16,7
Health Insurance,CHIP,2027,6.7,Millions of people,51298-2022-06-healthinsurance.xlsx,Table 1,false,51298,Table 1. Health Insurance Coverage for People Under Age 65 / Medicaid and CHIP / CHIP,fiscal_year,2027,2027,2027,16,8
Health Insurance,CHIP,2028,6.7,Millions of people,51298-2022-06-healthinsurance.xlsx,Table 1,false,51298,Table 1. Health Insurance Coverage for People Under Age 65 / Medicaid and CHIP / CHIP,fiscal_year,2028,2028,2028,16,9
Health Insurance,CHIP,2029,6.7,Millions of people,51298-2022-06-healthinsurance.xlsx,Table 1,false,51298,Table 1. Health Insurance Coverage for People Under Age 65 / Medicaid and CHIP / CHIP,fiscal_year,2029,2029,2029,16,10
Health Insurance,CHIP,2030,6.7,Millions of people,51298-2022-06-healthinsurance.xlsx,Table 1,false,51298,Table 1. Health Insurance Coverage for People Under Age 65 / Medicaid and CHIP / CHIP,fiscal_year,2030,2030,2030,16,11
Health Insurance,CHIP,2031,5.4,Millions of people,51298-2022-06-healthinsurance.xlsx,Table 1,false,51298,Table 1. Health Insurance Coverage for People Under Age 65 / Medicaid and CHIP / CHIP,fiscal_year,2031,2031,2031,16,12
Health Insurance,CHIP,2032,4.4,Millions of people,51298-2022-06-healthinsurance.xlsx,Table 1,false,51298,Table 1. Health Insurance Coverage for People Under Age 65 / Medicaid and CHIP / CHIP,fiscal_year,2032,2032,2032,16,13
Health Insurance,Subtotal,2022,80.5,Millions of people,51298-2022-06-healthinsurance.xlsx,Table 1,true,51298,Table 1. Health Insurance Coverage for People Under Age 65 / Medicaid and CHIP / Subtotal,fiscal_year,2022,2022,2022,17,3
Health Insurance,Subtotal,2023,77.60000000000001,Millions of people,51298-2022-06-healthinsurance.xlsx,Table 1,true,51298,Table 1. Health Insurance Coverage for People Under Age 65 / Medicaid and CHIP / Subtotal,fiscal_year,2023,2023,2023,17,4
Health Insurance,Subtotal,2024,71.2,Millions of people,51298-2022-06-healthinsurance.xlsx,Table 1,true,51298,Table 1. Health Insurance Coverage for People Under Age 65 / Medicaid and CHIP / Subtotal,fiscal_year,2024,2024,2024,17,5
Health Insurance,Subtotal,2025,67.9,Millions of people,51298-2022-06-healthinsurance.xlsx,Table 1,true,51298,Table 1. Health Insurance Coverage for People Under Age 65 / Medicaid and CHIP / Subtotal,fiscal_year,2025,2025,2025,17,6
Health Insurance,Subtotal,2026,68.0,Millions of people,51298-2022-06-healthinsurance.xlsx,Table 1,true,51298,Table 1. Health Insurance Coverage for People Under Age 65 / Medicaid and CHIP / Subtotal,fiscal_year,2026,2026,2026,17,7
Health Insurance,Subtotal,2027,68.10000000000001,Millions of people,51298-2022-06-healthinsurance.xlsx,Table 1,true,51298,Table 1. Health Insurance Coverage for People Under Age 65 / Medicaid and CHIP / Subtotal,fiscal_year,2027,2027,2027,17,8
Health Insurance,Subtotal,2028,68.2,Millions of people,51298-2022-06-healthinsurance.xlsx,Table 1,true,51298,Table 1. Health Insurance Coverage for People Under Age 65 / Medicaid and CHIP / Subtotal,fiscal_year,2028,2028,2028,17,9
Health Insurance,Subtotal,2029,68.3,Millions of people,51298-2022-06-healthinsurance.xlsx,Table 1,true,51298,Table 1. Health Insurance Coverage for People Under Age 65 / Medicaid and CHIP / Subtotal,fiscal_year,2029,2029,2029,17,10
Health Insurance,Subtotal,2030,68.4,Millions of people,51298-2022-06-healthinsurance.xlsx,Table 1,true,51298,Table 1. Health Insurance Coverage for People Under Age 65 / Medicaid and CHIP / Subtotal,fiscal_year,2030,2030,2030,17,11
Health Insurance,Subtotal,2031,68.10000000000001,Millions of people,51298-2022-06-healthinsurance.xlsx,Table 1,true,51298,Table 1. Health Insurance Coverage for People Under Age 65 / Medicaid and CHIP / Subtotal,fiscal_year,2031,2031,2031,17,12
Health Insurance,Subtotal,2032,67.9,Millions of people,51298-2022-06-healthinsurance.xlsx,Table 1,true,51298,Table 1. Health Insurance Coverage for People Under Age 65 / Medicaid and CHIP / Subtotal,fiscal_year,2032,2032,2032,17,13
Health Insurance,Subsidized,2022,12.4,Millions of people,51298-2022-06-healthinsurance.xlsx,Table 1,false,51298,Table 1. Health Insurance Coverage for People Under Age 65 / Nongroup coverage purchased through marketplaces / Subsidized,fiscal_year,2022,2022,2022,20,3
Health Insurance,Subsidized,2023,10.100000000000001,Millions of people,51298-2022-06-healthinsurance.xlsx,Table 1,false,51298,Table 1. Health Insurance Coverage for People Under Age 65 / Nongroup coverage purchased through marketplaces / Subsidized,fiscal_year,2023,2023,2023,20,4
Health Insurance,Subsidized,2024,10.5,Millions of people,51298-2022-06-healthinsurance.xlsx,Table 1,false,51298,Table 1. Health Insurance Coverage for People Under Age 65 / Nongroup coverage purchased through marketplaces / Subsidized,fiscal_year,2024,2024,2024,20,5
Health Insurance,Subsidized,2025,10.700000000000001,Millions of people,51298-2022-06-healthinsurance.xlsx,Table 1,false,51298,Table 1. Health Insurance Coverage for People Under Age 65 / Nongroup coverage purchased through marketplaces / Subsidized,fiscal_year,2025,2025,2025,20,6
Health Insurance,Subsidized,2026,10.700000000000001,Millions of people,51298-2022-06-healthinsurance.xlsx,Table 1,false,51298,Table 1. Health Insurance Coverage for People Under Age 65 / Nongroup coverage purchased through marketplaces / Subsidized,fiscal_year,2026,2026,2026,20,7
Health Insurance,Subsidized,2027,10.600000000000001,Millions of people,51298-2022-06-healthinsurance.xlsx,Table 1,false,51298,Table 1. Health Insurance Coverage for People Under Age 65 / Nongroup coverage purchased through marketplaces / Subsidized,fiscal_year,2027,2027,2027,20,8
Health Insurance,Subsidized,2028,10.600000000000001,Millions of people,51298-2022-06-healthinsurance.xlsx,Table 1,false,51298,Table 1. Health Insurance Coverage for People Under Age 65 / Nongroup coverage purchased through marketplaces / Subsidized,fiscal_year,2028,2028,2028,20,9
Health Insurance,Subsidized,2029,10.600000000000001,Millions of people,51298-2022-06-healthinsurance.xlsx,Table 1,false,51298,Table 1. Health Insurance Coverage for People Under Age 65 / Nongroup coverage purchased through marketplaces / Subsidized,fiscal_year,2029,2029,2029,20,10
Health Insurance,Subsidized,2030,10.600000000000001,Millions of people,51298-2022-06-healthinsurance.xlsx,Table 1,false,51298,Table 1. Health Insurance Coverage for People Under Age 65 / Nongroup coverage purchased through marketplaces / Subsidized,fiscal_year,2030,2030,2030,20,11
Health Insurance,Subsidized,2031,10.700000000000001,Millions of people,51298-2022-06-healthinsurance.xlsx,Table 1,false,51298,Table 1. Health Insurance Coverage for People Under Age 65 / Nongroup coverage purchased through marketplaces / Subsidized,fiscal_year,2031,2031,2031,20,12
Health Insurance,Subsidized,2032,11.0,Millions of people,51298-2022-06-healthinsurance.xlsx,Table 1,false,51298,Table 1. Health Insurance Coverage for People Under Age 65 / Nongroup coverage purchased through marketplaces / Subsidized,fiscal_year,2032,2032,2032,20,13
Health Insurance,Unsubsidized,2022,1.2000000000000002,Millions of people,51298-2022-06-healthinsurance.xlsx,Table 1,false,51298,Table 1. Health Insurance Coverage for People Under Age 65 / Nongroup coverage purchased through marketplaces / Unsubsidized,fiscal_year,2022,2022,2022,21,3
Health Insurance,Unsubsidized,2023,1.9000000000000001,Millions of people,51298-2022-06-healthinsurance.xlsx,Table 1,false,51298,Table 1. Health Insurance Coverage for People Under Age 65 / Nongroup coverage purchased through marketplaces / Unsubsidized,fiscal_year,2023,2023,2023,21,4
Health Insurance,Unsubsidized,2024,1.5,Millions of people,51298-2022-06-healthinsurance.xlsx,Table 1,false,51298,Table 1. Health Insurance Coverage for People Under Age 65 / Nongroup coverage purchased through marketplaces / Unsubsidized,fiscal_year,2024,2024,2024,21,5
Health Insurance,Unsubsidized,2025,1.4000000000000001,Millions of people,51298-2022-06-healthinsurance.xlsx,Table 1,false,51298,Table 1. Health Insurance Coverage for People Under Age 65 / Nongroup coverage purchased through marketplaces / Unsubsidized,fiscal_year,2025,2025,2025,21,6
Health Insurance,Unsubsidized,2026,1.4000000000000001,Millions of people,51298-2022-06-healthinsurance.xlsx,Table 1,false,51298,Table 1. Health Insurance Coverage for People Under Age 65 / Nongroup coverage purchased through marketplaces / Unsubsidized,fiscal_year,2026,2026,2026,21,7
Health Insurance,Unsubsidized,2027,1.4000000000000001,Millions of people,51298-2022-06-healthinsurance.xlsx,Table 1,false,51298,Table 1. Health Insurance Coverage for People Under Age 65 / Nongroup coverage purchased through marketplaces / Unsubsidized,fiscal_year,2027,2027,2027,21,8
Health Insurance,Unsubsidized,2028,1.4000000000000001,Millions of people,51298-2022-06-healthinsurance.xlsx,Table 1,false,51298,Table 1. Health Insurance Coverage for People Under Age 65 / Nongroup coverage purchased through marketplaces / Unsubsidized,fiscal_year,2028,2028,2028,21,9
Health Insurance,Unsubsidized,2029,1.4000000000000001,Millions of people,51298-2022-06-healthinsurance.xlsx,Table 1,false,51298,Table 1. Health Insurance Coverage for People Under Age 65 / Nongroup coverage purchased through marketplaces / Unsubsidized,fiscal_year,2029,2029,2029,21,10
Health Insurance,Unsubsidized,2030,1.4000000000000001,Millions of people,51298-2022-06-healthinsurance.xlsx,Table 1,false,51298,Table 1. Health Insurance Coverage for People Under Age 65 / Nongroup coverage purchased through marketplaces / Unsubsidized,fiscal_year,2030,2030,2030,21,11
Health Insurance,Unsubsidized,2031,1.4000000000000001,Millions of people,51298-2022-06-healthinsurance.xlsx,Table 1,false,51298,Table 1. Health Insurance Coverage for People Under Age 65 / Nongroup coverage purchased through marketplaces / Unsubsidized,fiscal_year,2031,2031,2031,21,12
Health Insurance,Unsubsidized,2032,1.4000000000000001,Millions of people,51298-2022-06-healthinsurance.xlsx,Table 1,false,51298,Table 1. Health Insurance Coverage for People Under Age 65 / Nongroup coverage purchased through marketplaces / Unsubsidized,fiscal_year,2032,2032,2032,21,13
Health Insurance,Subtotal,2022,13.600000000000001,Millions of people,51298-2022-06-healthinsurance.xlsx,Table 1,true,51298,Table 1. Health Insurance Coverage for People Under Age 65 / Nongroup coverage purchased through marketplaces / Subtotal,fiscal_year,2022,2022,2022,22,3
Health Insurance,Subtotal,2023,12.0,Millions of people,51298-2022-06-healthinsurance.xlsx,Table 1,true,51298,Table 1. Health Insurance Coverage for People Under Age 65 / Nongroup coverage purchased through marketplaces / Subtotal,fiscal_year,2023,2023,2023,22,4
Health Insurance,Subtotal,2024,12.0,Millions of people,51298-2022-06-healthinsurance.xlsx,Table 1,true,51298,Table 1. Health Insurance Coverage for People Under Age 65 / Nongroup coverage purchased through marketplaces / Subtotal,fiscal_year,2024,2024,2024,22,5
Health Insurance,Subtotal,2025,12.100000000000001,Millions of people,51298-2022-06-healthinsurance.xlsx,Table 1,true,51298,Table 1. Health Insurance Coverage for People Under Age 65 / Nongroup coverage purchased through marketplaces / Subtotal,fiscal_year,2025,2025,2025,22,6
Health Insurance,Subtotal,2026,12.100000000000001,Millions of people,51298-2022-06-healthinsurance.xlsx,Table 1,true,51298,Table 1. Health Insurance Coverage for People Under Age 65 / Nongroup coverage purchased through marketplaces / Subtotal,fiscal_year,2026,2026,2026,22,7
Health Insurance,Subtotal,2027,12.0,Millions of people,51298-2022-06-healthinsurance.xlsx,Table 1,true,51298,Table 1. Health Insurance Coverage for People Under Age 65 / Nongroup coverage purchased through marketplaces / Subtotal,fiscal_year,2027,2027,2027,22,8
Health Insurance,Subtotal,2028,12.0,Millions of people,51298-2022-06-healthinsurance.xlsx,Table 1,true,51298,Table 1. Health Insurance Coverage for People Under Age 65 / Nongroup coverage purchased through marketplaces / Subtotal,fiscal_year,2028,2028,2028,22,9
Health Insurance,Subtotal,2029,12.0,Millions of people,51298-2022-06-healthinsurance.xlsx,Table 1,true,51298,Table 1. Health Insurance Coverage for People Under Age 65 / Nongroup coverage purchased through marketplaces / Subtotal,fiscal_year,2029,2029,2029,22,10
Health Insurance,Subtotal,2030,12.0,Millions of people,51298-2022-06-healthinsurance.xlsx,Table 1,true,51298,Table 1. Health Insurance Coverage for People Under Age 65 / Nongroup coverage purchased through marketplaces / Subtotal,fiscal_year,2030,2030,2030,22,11
Health Insurance,Subtotal,2031,12.100000000000001,Millions of people,51298-2022-06-healthinsurance.xlsx,Table 1,true,51298,Table 1. Health Insurance Coverage for People Under Age 65 / Nongroup coverage purchased through marketplaces / Subtotal,fiscal_year,2031,2031,2031,22,12
Health Insurance,Subtotal,2032,12.4,Millions of people,51298-2022-06-healthinsurance.xlsx,Table 1,true,51298,Table 1. Health Insurance Coverage for People Under Age 65 / Nongroup coverage purchased through marketplaces / Subtotal,fiscal_year,2032,2032,2032,22,13
Health Insurance,Nongroup coverage purchased outside marketplaces,2022,3.5,Millions of people,51298-2022-06-healthinsurance.xlsx,Table 1,false,51298,Table 1. Health Insurance Coverage for People Under Age 65 / Nongroup coverage purchased through marketplaces / Nongroup coverage purchased outside marketplaces,fiscal_year,2022,2022,2022,23,3
Health Insurance,Nongroup coverage purchased outside marketplaces,2023,4.800000000000001,Millions of people,51298-2022-06-healthinsurance.xlsx,Table 1,false,51298,Table 1. Health Insurance Coverage for People Under Age 65 / Nongroup coverage purchased through marketplaces / Nongroup coverage purchased outside marketplaces,fiscal_year,2023,2023,2023,23,4
Health Insurance,Nongroup coverage purchased outside marketplaces,2024,5.5,Millions of people,51298-2022-06-healthinsurance.xlsx,Table 1,false,51298,Table 1. Health Insurance Coverage for People Under Age 65 / Nongroup coverage purchased through marketplaces / Nongroup coverage purchased outside marketplaces,fiscal_year,2024,2024,2024,23,5
Health Insurance,Nongroup coverage purchased outside marketplaces,2025,5.7,Millions of people,51298-2022-06-healthinsurance.xlsx,Table 1,false,51298,Table 1. Health Insurance Coverage for People Under Age 65 / Nongroup coverage purchased through marketplaces / Nongroup coverage purchased outside marketplaces,fiscal_year,2025,2025,2025,23,6
Health Insurance,Nongroup coverage purchased outside marketplaces,2026,5.800000000000001,Millions of people,51298-2022-06-healthinsurance.xlsx,Table 1,false,51298,Table 1. Health Insurance Coverage for People Under Age 65 / Nongroup coverage purchased through marketplaces / Nongroup coverage purchased outside marketplaces,fiscal_year,2026,2026,2026,23,7
Health Insurance,Nongroup coverage purchased outside marketplaces,2027,6.0,Millions of people,51298-2022-06-healthinsurance.xlsx,Table 1,false,51298,Table 1. Health Insurance Coverage for People Under Age 65 / Nongroup coverage purchased through marketplaces / Nongroup coverage purchased outside marketplaces,fiscal_year,2027,2027,2027,23,8
Health Insurance,Nongroup coverage purchased outside marketplaces,2028,5.9,Millions of people,51298-2022-06-healthinsurance.xlsx,Table 1,false,51298,Table 1. Health Insurance Coverage for People Under Age 65 / Nongroup coverage purchased through marketplaces / Nongroup coverage purchased outside marketplaces,fiscal_year,2028,2028,2028,23,9
Health Insurance,Nongroup coverage purchased outside marketplaces,2029,5.9,Millions of people,51298-2022-06-healthinsurance.xlsx,Table 1,false,51298,Table 1. Health Insurance Coverage for People Under Age 65 / Nongroup coverage purchased through marketplaces / Nongroup coverage purchased outside marketplaces,fiscal_year,2029,2029,2029,23,10
Health Insurance,Nongroup coverage purchased outside marketplaces,2030,5.9,Millions of people,51298-2022-06-healthinsurance.xlsx,Table 1,false,51298,Table 1. Health Insurance Coverage for People Under Age 65 / Nongroup coverage purchased through marketplaces / Nongroup coverage purchased outside marketplaces,fiscal_year,2030,2030,2030,23,11
Health Insurance,Nongroup coverage purchased outside marketplaces,2031,5.9,Millions of people,51298-2022-06-healthinsurance.xlsx,Table 1,false,51298,Table 1. Health Insurance Coverage for People Under Age 65 / Nongroup coverage purchased through marketplaces / Nongroup coverage purchased outside marketplaces,fiscal_year,2031,2031,2031,23,12
Health Insurance,Nongroup coverage purchased outside marketplaces,2032,5.9,Millions of people,51298-2022-06-healthinsurance.xlsx,Table 1,false,51298,Table 1. Health Insurance Coverage for People Under Age 65 / Nongroup coverage purchased through marketplaces / Nongroup coverage purchased outside marketplaces,fiscal_year,2032,2032,2032,23,13
Health Insurance,"Subtotal, nongroup coverage",2022,17.0,Millions of people,51298-2022-06-healthinsurance.xlsx,Table 1,true,51298,"Table 1. Health Insurance Coverage for People Under Age 65 / Nongroup coverage purchased through marketplaces / Subtotal, nongroup coverage",fiscal_year,2022,2022,2022,24,3
Health Insurance,"Subtotal, nongroup coverage",2023,16.900000000000002,Millions of people,51298-2022-06-healthinsurance.xlsx,Table 1,true,51298,"Table 1. Health Insurance Coverage for People Under Age 65 / Nongroup coverage purchased through marketplaces / Subtotal, nongroup coverage",fiscal_year,2023,2023,2023,24,4
Health Insurance,"Subtotal, nongroup coverage",2024,17.5,Millions of people,51298-2022-06-healthinsurance.xlsx,Table 1,true,51298,"Table 1. Health Insurance Coverage for People Under Age 65 / Nongroup coverage purchased through marketplaces / Subtotal, nongroup coverage",fiscal_year,2024,2024,2024,24,5
Health Insurance,"Subtotal, nongroup coverage",2025,17.8,Millions of people,51298-2022-06-healthinsurance.xlsx,Table 1,true,51298,"Table 1. Health Insurance Coverage for People Under Age 65 / Nongroup coverage purchased through marketplaces / Subtotal, nongroup coverage",fiscal_year,2025,2025,2025,24,6
Health Insurance,"Subtotal, nongroup coverage",2026,17.900000000000002,Millions of people,51298-2022-06-healthinsurance.xlsx,Table 1,true,51298,"Table 1. Health Insurance Coverage for People Under Age 65 / Nongroup coverage purchased through marketplaces / Subtotal, nongroup coverage",fiscal_year,2026,2026,2026,24,7
Health Insurance,"Subtotal, nongroup coverage",2027,18.0,Millions of people,51298-2022-06-healthinsurance.xlsx,Table 1,true,51298,"Table 1. Health Insurance Coverage for People Under Age 65 / Nongroup coverage purchased through marketplaces / Subtotal, nongroup coverage",fiscal_year,2027,2027,2027,24,8
Health Insurance,"Subtotal, nongroup coverage",2028,17.900000000000002,Millions of people,51298-2022-06-healthinsurance.xlsx,Table 1,true,51298,"Table 1. Health Insurance Coverage for People Under Age 65 / Nongroup coverage purchased through marketplaces / Subtotal, nongroup coverage",fiscal_year,2028,2028,2028,24,9
Health Insurance,"Subtotal, nongroup coverage",2029,17.900000000000002,Millions of people,51298-2022-06-healthinsurance.xlsx,Table 1,true,51298,"Table 1. Health Insurance Coverage for People Under Age 65 / Nongroup coverage purchased through marketplaces / Subtotal, nongroup coverage",fiscal_year,2029,2029,2029,24,10
Health Insurance,"Subtotal, nongroup coverage",2030,17.900000000000002,Millions of people,51298-2022-06-healthinsurance.xlsx,Table 1,true,51298,"Table 1. Health Insurance Coverage for People Under Age 65 / Nongroup coverage purchased through marketplaces / Subtotal, nongroup coverage",fiscal_year,2030,2030,2030,24,11
Health Insurance,"Subtotal, nongroup coverage",2031,18.0,Millions of people,51298-2022-06-healthinsurance.xlsx,Table 1,true,51298,"Table 1. Health Insurance Coverage for People Under Age 65 / Nongroup coverage purchased through marketplaces / Subtotal, nongroup coverage",fiscal_year,2031,2031,2031,24,12
Health Insurance,"Subtotal, nongroup coverage",2032,18.3,Millions of people,51298-2022-06-healthinsurance.xlsx,Table 1,true,51298,"Table 1. Health Insurance Coverage for People Under Age 65 / Nongroup coverage purchased through marketplaces / Subtotal, nongroup coverage",fiscal_year,2032,2032,2032,24,13
Health Insurance,Coverage through the Basic Health Program,2022,1.1,Millions of people,51298-2022-06-healthinsurance.xlsx,Table 1,false,51298,Table 1. Health Insurance Coverage for People Under Age 65 / Nongroup coverage purchased through marketplaces / Coverage through the Basic Health Program,fiscal_year,2022,2022,2022,25,3
Health Insurance,Coverage through the Basic Health Program,2023,1.0,Millions of people,51298-2022-06-healthinsurance.xlsx,Table 1,false,51298,Table 1. Health Insurance Coverage for People Under Age 65 / Nongroup coverage purchased through marketplaces / Coverage through the Basic Health Program,fiscal_year,2023,2023,2023,25,4
Health Insurance,Coverage through the Basic Health Program,2024,1.0,Millions of people,51298-2022-06-healthinsurance.xlsx,Table 1,false,51298,Table 1. Health Insurance Coverage for People Under Age 65 / Nongroup coverage purchased through marketplaces / Coverage through the Basic Health Program,fiscal_year,2024,2024,2024,25,5
Health Insurance,Coverage through the Basic Health Program,2025,1.0,Millions of people,51298-2022-06-healthinsurance.xlsx,Table 1,false,51298,Table 1. Health Insurance Coverage for People Under Age 65 / Nongroup coverage purchased through marketplaces / Coverage through the Basic Health Program,fiscal_year,2025,2025,2025,25,6
Health Insurance,Coverage through the Basic Health Program,2026,1.0,Millions of people,51298-2022-06-healthinsurance.xlsx,Table 1,false,51298,Table 1. Health Insurance Coverage for People Under Age 65 / Nongroup coverage purchased through marketplaces / Coverage through the Basic Health Program,fiscal_year,2026,2026,2026,25,7
Health Insurance,Coverage through the Basic Health Program,2027,1.0,Millions of people,51298-2022-06-healthinsurance.xlsx,Table 1,false,51298,Table 1. Health Insurance Coverage for People Under Age 65 / Nongroup coverage purchased through marketplaces / Coverage through the Basic Health Program,fiscal_year,2027,2027,2027,25,8
Health Insurance,Coverage through the Basic Health Program,2028,1.0,Millions of people,51298-2022-06-healthinsurance.xlsx,Table 1,false,51298,Table 1. Health Insurance Coverage for People Under Age 65 / Nongroup coverage purchased through marketplaces / Coverage through the Basic Health Program,fiscal_year,2028,2028,2028,25,9
Health Insurance,Coverage through the Basic Health Program,2029,1.0,Millions of people,51298-2022-06-healthinsurance.xlsx,Table 1,false,51298,Table 1. Health Insurance Coverage for People Under Age 65 / Nongroup coverage purchased through marketplaces / Coverage through the Basic Health Program,fiscal_year,2029,2029,2029,25,10
Health Insurance,Coverage through the Basic Health Program,2030,1.0,Millions of people,51298-2022-06-healthinsurance.xlsx,Table 1,false,51298,Table 1. Health Insurance Coverage for People Under Age 65 / Nongroup coverage purchased through marketplaces / Coverage through the Basic Health Program,fiscal_year,2030,2030,2030,25,11
Health Insurance,Coverage through the Basic Health Program,2031,1.0,Millions of people,51298-2022-06-healthinsurance.xlsx,Table 1,false,51298,Table 1. Health Insurance Coverage for People Under Age 65 / Nongroup coverage purchased through marketplaces / Coverage through the Basic Health Program,fiscal_year,2031,2031,2031,25,12
Health Insurance,Coverage through the Basic Health Program,2032,1.0,Millions of people,51298-2022-06-healthinsurance.xlsx,Table 1,false,51298,Table 1. Health Insurance Coverage for People Under Age 65 / Nongroup coverage purchased through marketplaces / Coverage through the Basic Health Program,fiscal_year,2032,2032,2032,25,13
Health Insurance,Medicare,2022,7.300000000000001,Millions of people,51298-2022-06-healthinsurance.xlsx,Table 1,false,51298,Table 1. Health Insurance Coverage for People Under Age 65 / Nongroup coverage purchased through marketplaces / Medicare,fiscal_year,2022,2022,2022,26,3
Health Insurance,Medicare,2023,7.2,Millions of people,51298-2022-06-healthinsurance.xlsx,Table 1,false,51298,Table 1. Health Insurance Coverage for People Under Age 65 / Nongroup coverage purchased through marketplaces / Medicare,fiscal_year,2023,2023,2023,26,4
Health Insurance,Medicare,2024,7.2,Millions of people,51298-2022-06-healthinsurance.xlsx,Table 1,false,51298,Table 1. Health Insurance Coverage for People Under Age 65 / Nongroup coverage purchased through marketplaces / Medicare,fiscal_year,2024,2024,2024,26,5
Health Insurance,Medicare,2025,7.2,Millions of people,51298-2022-06-healthinsurance.xlsx,Table 1,false,51298,Table 1. Health Insurance Coverage for People Under Age 65 / Nongroup coverage purchased through marketplaces / Medicare,fiscal_year,2025,2025,2025,26,6
Health Insurance,Medicare,2026,7.2,Millions of people,51298-2022-06-healthinsurance.xlsx,Table 1,false,51298,Table 1. Health Insurance Coverage for People Under Age 65 / Nongroup coverage purchased through marketplaces / Medicare,fiscal_year,2026,2026,2026,26,7
Health Insurance,Medicare,2027,7.2,Millions of people,51298-2022-06-healthinsurance.xlsx,Table 1,false,51298,Table 1. Health Insurance Coverage for People Under Age 65 / Nongroup coverage purchased through marketplaces / Medicare,fiscal_year,2027,2027,2027,26,8
Health Insurance,Medicare,2028,7.2,Millions of people,51298-2022-06-healthinsurance.xlsx,Table 1,false,51298,Table 1. Health Insurance Coverage for People Under Age 65 / Nongroup coverage purchased through marketplaces / Medicare,fiscal_year,2028,2028,2028,26,9
Health Insurance,Medicare,2029,7.2,Millions of people,51298-2022-06-healthinsurance.xlsx,Table 1,false,51298,Table 1. Health Insurance Coverage for People Under Age 65 / Nongroup coverage purchased through marketplaces / Medicare,fiscal_year,2029,2029,2029,26,10
Health Insurance,Medicare,2030,7.2,Millions of people,51298-2022-06-healthinsurance.xlsx,Table 1,false,51298,Table 1. Health Insurance Coverage for People Under Age 65 / Nongroup coverage purchased through marketplaces / Medicare,fiscal_year,2030,2030,2030,26,11
Health Insurance,Medicare,2031,7.300000000000001,Millions of people,51298-2022-06-healthinsurance.xlsx,Table 1,false,51298,Table 1. Health Insurance Coverage for People Under Age 65 / Nongroup coverage purchased through marketplaces / Medicare,fiscal_year,2031,2031,2031,26,12
Health Insurance,Medicare,2032,7.300000000000001,Millions of people,51298-2022-06-healthinsurance.xlsx,Table 1,false,51298,Table 1. Health Insurance Coverage for People Under Age 65 / Nongroup coverage purchased through marketplaces / Medicare,fiscal_year,2032,2032,2032,26,13
Health Insurance,Other Coverage,2022,3.1,Millions of people,51298-2022-06-healthinsurance.xlsx,Table 1,false,51298,Table 1. Health Insurance Coverage for People Under Age 65 / Nongroup coverage purchased through marketplaces / Other Coverage,fiscal_year,2022,2022,2022,27,3
Health Insurance,Other Coverage,2023,3.1,Millions of people,51298-2022-06-healthinsurance.xlsx,Table 1,false,51298,Table 1. Health Insurance Coverage for People Under Age 65 / Nongroup coverage purchased through marketplaces / Other Coverage,fiscal_year,2023,2023,2023,27,4
Health Insurance,Other Coverage,2024,3.1,Millions of people,51298-2022-06-healthinsurance.xlsx,Table 1,false,51298,Table 1. Health Insurance Coverage for People Under Age 65 / Nongroup coverage purchased through marketplaces / Other Coverage,fiscal_year,2024,2024,2024,27,5
Health Insurance,Other Coverage,2025,3.1,Millions of people,51298-2022-06-healthinsurance.xlsx,Table 1,false,51298,Table 1. Health Insurance Coverage for People Under Age 65 / Nongroup coverage purchased through marketplaces / Other Coverage,fiscal_year,2025,2025,2025,27,6
Health Insurance,Other Coverage,2026,3.1,Millions of people,51298-2022-06-healthinsurance.xlsx,Table 1,false,51298,Table 1. Health Insurance Coverage for People Under Age 65 / Nongroup coverage purchased through marketplaces / Other Coverage,fiscal_year,2026,2026,2026,27,7
Health Insurance,Other Coverage,2027,3.1,Millions of people,51298-2022-06-healthinsurance.xlsx,Table 1,false,51298,Table 1. Health Insurance Coverage for People Under Age 65 / Nongroup coverage purchased through marketplaces / Other Coverage,fiscal_year,2027,2027,2027,27,8
Health Insurance,Other Coverage,2028,3.1,Millions of people,51298-2022-06-healthinsurance.xlsx,Table 1,false,51298,Table 1. Health Insurance Coverage for People Under Age 65 / Nongroup coverage purchased through marketplaces / Other Coverage,fiscal_year,2028,2028,2028,27,9
Health Insurance,Other Coverage,2029,3.1,Millions of people,51298-2022-06-healthinsurance.xlsx,Table 1,false,51298,Table 1. Health Insurance Coverage for People Under Age 65 / Nongroup coverage purchased through marketplaces / Other Coverage,fiscal_year,2029,2029,2029,27,10
Health Insurance,Other Coverage,2030,3.0,Millions of people,51298-2022-06-healthinsurance.xlsx,Table 1,false,51298,Table 1. Health Insurance Coverage for People Under Age 65 / Nongroup coverage purchased through marketplaces / Other Coverage,fiscal_year,2030,2030,2030,27,11
Health Insurance,Other Coverage,2031,3.0,Millions of people,51298-2022-06-healthinsurance.xlsx,Table 1,false,51298,Table 1. Health Insurance Coverage for People Under Age 65 / Nongroup coverage purchased through marketplaces / Other Coverage,fiscal_year,2031,2031,2031,27,12
Health Insurance,Other Coverage,2032,3.0,Millions of people,51298-2022-06-healthinsurance.xlsx,Table 1,false,51298,Table 1. Health Insurance Coverage for People Under Age 65 / Nongroup coverage purchased through marketplaces / Other Coverage,fiscal_year,2032,2032,2032,27,13
Health Insurance,Uninsured,2022,25.1,Millions of people,51298-2022-06-healthinsurance.xlsx,Table 1,false,51298,Table 1. Health Insurance Coverage for People Under Age 65 / Nongroup coverage purchased through marketplaces / Uninsured,fiscal_year,2022,2022,2022,28,3
Health Insurance,Uninsured,2023,25.8,Millions of people,51298-2022-06-healthinsurance.xlsx,Table 1,false,51298,Table 1. Health Insurance Coverage for People Under Age 65 / Nongroup coverage purchased through marketplaces / Uninsured,fiscal_year,2023,2023,2023,28,4
Health Insurance,Uninsured,2024,28.0,Millions of people,51298-2022-06-healthinsurance.xlsx,Table 1,false,51298,Table 1. Health Insurance Coverage for People Under Age 65 / Nongroup coverage purchased through marketplaces / Uninsured,fiscal_year,2024,2024,2024,28,5
Health Insurance,Uninsured,2025,29.0,Millions of people,51298-2022-06-healthinsurance.xlsx,Table 1,false,51298,Table 1. Health Insurance Coverage for People Under Age 65 / Nongroup coverage purchased through marketplaces / Uninsured,fiscal_year,2025,2025,2025,28,6
Health Insurance,Uninsured,2026,29.0,Millions of people,51298-2022-06-healthinsurance.xlsx,Table 1,false,51298,Table 1. Health Insurance Coverage for People Under Age 65 / Nongroup coverage purchased through marketplaces / Uninsured,fiscal_year,2026,2026,2026,28,7
Health Insurance,Uninsured,2027,28.900000000000002,Millions of people,51298-2022-06-healthinsurance.xlsx,Table 1,false,51298,Table 1. Health Insurance Coverage for People Under Age 65 / Nongroup coverage purchased through marketplaces / Uninsured,fiscal_year,2027,2027,2027,28,8
Health Insurance,Uninsured,2028,28.700000000000003,Millions of people,51298-2022-06-healthinsurance.xlsx,Table 1,false,51298,Table 1. Health Insurance Coverage for People Under Age 65 / Nongroup coverage purchased through marketplaces / Uninsured,fiscal_year,2028,2028,2028,28,9
Health Insurance,Uninsured,2029,28.6,Millions of people,51298-2022-06-healthinsurance.xlsx,Table 1,false,51298,Table 1. Health Insurance Coverage for People Under Age 65 / Nongroup coverage purchased through marketplaces / Uninsured,fiscal_year,2029,2029,2029,28,10
Health Insurance,Uninsured,2030,28.400000000000002,Millions of people,51298-2022-06-healthinsurance.xlsx,Table 1,false,51298,Table 1. Health Insurance Coverage for People Under Age 65 / Nongroup coverage purchased through marketplaces / Uninsured,fiscal_year,2030,2030,2030,28,11
Health Insurance,Uninsured,2031,28.3,Millions of people,51298-2022-06-healthinsurance.xlsx,Table 1,false,51298,Table 1. Health Insurance Coverage for People Under Age 65 / Nongroup coverage purchased through marketplaces / Uninsured,fiscal_year,2031,2031,2031,28,12
Health Insurance,Uninsured,2032,28.200000000000003,Millions of people,51298-2022-06-healthinsurance.xlsx,Table 1,false,51298,Table 1. Health Insurance Coverage for People Under Age 65 / Nongroup coverage purchased through marketplaces / Uninsured,fiscal_year,2032,2032,2032,28,13
Health Insurance,People With Multiple Sources of Coverage,2022,19.0,Millions of people,51298-2022-06-healthinsurance.xlsx,Table 1,false,51298,Table 1. Health Insurance Coverage for People Under Age 65 / Nongroup coverage purchased through marketplaces / People With Multiple Sources of Coverage,fiscal_year,2022,2022,2022,29,3
Health Insurance,People With Multiple Sources of Coverage,2023,17.1,Millions of people,51298-2022-06-healthinsurance.xlsx,Table 1,false,51298,Table 1. Health Insurance Coverage for People Under Age 65 / Nongroup coverage purchased through marketplaces / People With Multiple Sources of Coverage,fiscal_year,2023,2023,2023,29,4
Health Insurance,People With Multiple Sources of Coverage,2024,14.4,Millions of people,51298-2022-06-healthinsurance.xlsx,Table 1,false,51298,Table 1. Health Insurance Coverage for People Under Age 65 / Nongroup coverage purchased through marketplaces / People With Multiple Sources of Coverage,fiscal_year,2024,2024,2024,29,5
Health Insurance,People With Multiple Sources of Coverage,2025,12.600000000000001,Millions of people,51298-2022-06-healthinsurance.xlsx,Table 1,false,51298,Table 1. Health Insurance Coverage for People Under Age 65 / Nongroup coverage purchased through marketplaces / People With Multiple Sources of Coverage,fiscal_year,2025,2025,2025,29,6
Health Insurance,People With Multiple Sources of Coverage,2026,13.100000000000001,Millions of people,51298-2022-06-healthinsurance.xlsx,Table 1,false,51298,Table 1. Health Insurance Coverage for People Under Age 65 / Nongroup coverage purchased through marketplaces / People With Multiple Sources of Coverage,fiscal_year,2026,2026,2026,29,7
Health Insurance,People With Multiple Sources of Coverage,2027,13.5,Millions of people,51298-2022-06-healthinsurance.xlsx,Table 1,false,51298,Table 1. Health Insurance Coverage for People Under Age 65 / Nongroup coverage purchased through marketplaces / People With Multiple Sources of Coverage,fiscal_year,2027,2027,2027,29,8
Health Insurance,People With Multiple Sources of Coverage,2028,13.5,Millions of people,51298-2022-06-healthinsurance.xlsx,Table 1,false,51298,Table 1. Health Insurance Coverage for People Under Age 65 / Nongroup coverage purchased through marketplaces / People With Multiple Sources of Coverage,fiscal_year,2028,2028,2028,29,9
Health Insurance,People With Multiple Sources of Coverage,2029,13.600000000000001,Millions of people,51298-2022-06-healthinsurance.xlsx,Table 1,false,51298,Table 1. Health Insurance Coverage for People Under Age 65 / Nongroup coverage purchased through marketplaces / People With Multiple Sources of Coverage,fiscal_year,2029,2029,2029,29,10
Health Insurance,People With Multiple Sources of Coverage,2030,13.5,Millions of people,51298-2022-06-healthinsurance.xlsx,Table 1,false,51298,Table 1. Health Insurance Coverage for People Under Age 65 / Nongroup coverage purchased through marketplaces / People With Multiple Sources of Coverage,fiscal_year,2030,2030,2030,29,11
Health Insurance,People With Multiple Sources of Coverage,2031,13.700000000000001,Millions of people,51298-2022-06-healthinsurance.xlsx,Table 1,false,51298,Table 1. Health Insurance Coverage for People Under Age 65 / Nongroup coverage purchased through marketplaces / People With Multiple Sources of Coverage,fiscal_year,2031,2031,2031,29,12
Health Insurance,People With Multiple Sources of Coverage,2032,13.700000000000001,Millions of people,51298-2022-06-healthinsurance.xlsx,Table 1,false,51298,Table 1. Health Insurance Coverage for People Under Age 65 / Nongroup coverage purchased through marketplaces / People With Multiple Sources of Coverage,fiscal_year,2032,2032,2032,29,13
Health Insurance,Memorandum:,2022,245.5,Number of insured people,51298-2022-06-healthinsurance.xlsx,Table 1,false,51298,Table 1. Health Insurance Coverage for People Under Age 65 / Memorandum:,fiscal_year,2022,2022,2022,31,3
Health Insurance,Memorandum:,2023,244.20000000000002,Number of insured people,51298-2022-06-healthinsurance.xlsx,Table 1,false,51298,Table 1. Health Insurance Coverage for People Under Age 65 / Memorandum:,fiscal_year,2023,2023,2023,31,4
Health Insurance,Memorandum:,2024,241.60000000000002,Number of insured people,51298-2022-06-healthinsurance.xlsx,Table 1,false,51298,Table 1. Health Insurance Coverage for People Under Age 65 / Memorandum:,fiscal_year,2024,2024,2024,31,5
Health Insurance,Memorandum:,2025,240.4,Number of insured people,51298-2022-06-healthinsurance.xlsx,Table 1,false,51298,Table 1. Health Insurance Coverage for People Under Age 65 / Memorandum:,fiscal_year,2025,2025,2025,31,6
Health Insurance,Memorandum:,2026,240.10000000000002,Number of insured people,51298-2022-06-healthinsurance.xlsx,Table 1,false,51298,Table 1. Health Insurance Coverage for People Under Age 65 / Memorandum:,fiscal_year,2026,2026,2026,31,7
Health Insurance,Memorandum:,2027,240.0,Number of insured people,51298-2022-06-healthinsurance.xlsx,Table 1,false,51298,Table 1. Health Insurance Coverage for People Under Age 65 / Memorandum:,fiscal_year,2027,2027,2027,31,8
Health Insurance,Memorandum:,2028,240.10000000000002,Number of insured people,51298-2022-06-healthinsurance.xlsx,Table 1,false,51298,Table 1. Health Insurance Coverage for People Under Age 65 / Memorandum:,fiscal_year,2028,2028,2028,31,9
Health Insurance,Memorandum:,2029,240.3,Number of insured people,51298-2022-06-healthinsurance.xlsx,Table 1,false,51298,Table 1. Health Insurance Coverage for People Under Age 65 / Memorandum:,fiscal_year,2029,2029,2029,31,10
Health Insurance,Memorandum:,2030,240.70000000000002,Number of insured people,51298-2022-06-healthinsurance.xlsx,Table 1,false,51298,Table 1. Health Insurance Coverage for People Under Age 65 / Memorandum:,fiscal_year,2030,2030,2030,31,11
Health Insurance,Memorandum:,2031,241.10000000000002,Number of insured people,51298-2022-06-healthinsurance.xlsx,Table 1,false,51298,Table 1. Health Insurance Coverage for People Under Age 65 / Memorandum:,fiscal_year,2031,2031,2031,31,12
Health Insurance,Memorandum:,2032,241.8,Number of insured people,51298-2022-06-healthinsurance.xlsx,Table 1,false,51298,Table 1. Health Insurance Coverage for People Under Age 65 / Memorandum:,fiscal_year,2032,2032,2032,31,13
Health Insurance,Including all U.S. residents,2022,90.7,Number of insured people,51298-2022-06-healthinsurance.xlsx,Table 1,false,51298,Table 1. Health Insurance Coverage for People Under Age 65 / Insured as a Percentage of the Population Under Age 65 / Including all U.S. residents,fiscal_year,2022,2022,2022,33,3
Health Insurance,Including all U.S. residents,2023,90.4,Number of insured people,51298-2022-06-healthinsurance.xlsx,Table 1,false,51298,Table 1. Health Insurance Coverage for People Under Age 65 / Insured as a Percentage of the Population Under Age 65 / Including all U.S. residents,fiscal_year,2023,2023,2023,33,4
Health Insurance,Including all U.S. residents,2024,89.60000000000001,Number of insured people,51298-2022-06-healthinsurance.xlsx,Table 1,false,51298,Table 1. Health Insurance Coverage for People Under Age 65 / Insured as a Percentage of the Population Under Age 65 / Including all U.S. residents,fiscal_year,2024,2024,2024,33,5
Health Insurance,Including all U.S. residents,2025,89.30000000000001,Number of insured people,51298-2022-06-healthinsurance.xlsx,Table 1,false,51298,Table 1. Health Insurance Coverage for People Under Age 65 / Insured as a Percentage of the Population Under Age 65 / Including all U.S. residents,fiscal_year,2025,2025,2025,33,6
Health Insurance,Including all U.S. residents,2026,89.2,Number of insured people,51298-2022-06-healthinsurance.xlsx,Table 1,false,51298,Table 1. Health Insurance Coverage for People Under Age 65 / Insured as a Percentage of the Population Under Age 65 / Including all U.S. residents,fiscal_year,2026,2026,2026,33,7
Health Insurance,Including all U.S. residents,2027,89.30000000000001,Number of insured people,51298-2022-06-healthinsurance.xlsx,Table 1,false,51298,Table 1. Health Insurance Coverage for People Under Age 65 / Insured as a Percentage of the Population Under Age 65 / Including all U.S. residents,fiscal_year,2027,2027,2027,33,8
Health Insurance,Including all U.S. residents,2028,89.30000000000001,Number of insured people,51298-2022-06-healthinsurance.xlsx,Table 1,false,51298,Table 1. Health Insurance Coverage for People Under Age 65 / Insured as a Percentage of the Population Under Age 65 / Including all U.S. residents,fiscal_year,2028,2028,2028,33,9
Health Insurance,Including all U.S. residents,2029,89.4,Number of insured people,51298-2022-06-healthinsurance.xlsx,Table 1,false,51298,Table 1. Health Insurance Coverage for People Under Age 65 / Insured as a Percentage of the Population Under Age 65 / Including all U.S. residents,fiscal_year,2029,2029,2029,33,10
Health Insurance,Including all U.S. residents,2030,89.4,Number of insured people,51298-2022-06-healthinsurance.xlsx,Table 1,false,51298,Table 1. Health Insurance Coverage for People Under Age 65 / Insured as a Percentage of the Population Under Age 65 / Including all U.S. residents,fiscal_year,2030,2030,2030,33,11
Health Insurance,Including all U.S. residents,2031,89.5,Number of insured people,51298-2022-06-healthinsurance.xlsx,Table 1,false,51298,Table 1. Health Insurance Coverage for People Under Age 65 / Insured as a Percentage of the Population Under Age 65 / Including all U.S. residents,fiscal_year,2031,2031,2031,33,12
Health Insurance,Including all U.S. residents,2032,89.60000000000001,Number of insured people,51298-2022-06-healthinsurance.xlsx,Table 1,false,51298,Table 1. Health Insurance Coverage for People Under Age 65 / Insured as a Percentage of the Population Under Age 65 / Including all U.S. residents,fiscal_year,2032,2032,2032,33,13
Health Insurance,Excluding noncitizens not lawfully present,2022,92.7,Number of insured people,51298-2022-06-healthinsurance.xlsx,Table 1,false,51298,Table 1. Health Insurance Coverage for People Under Age 65 / Insured as a Percentage of the Population Under Age 65 / Excluding noncitizens not lawfully present,fiscal_year,2022,2022,2022,34,3
Health Insurance,Excluding noncitizens not lawfully present,2023,92.30000000000001,Number of insured people,51298-2022-06-healthinsurance.xlsx,Table 1,false,51298,Table 1. Health Insurance Coverage for People Under Age 65 / Insured as a Percentage of the Population Under Age 65 / Excluding noncitizens not lawfully present,fiscal_year,2023,2023,2023,34,4
Health Insurance,Excluding noncitizens not lawfully present,2024,91.5,Number of insured people,51298-2022-06-healthinsurance.xlsx,Table 1,false,51298,Table 1. Health Insurance Coverage for People Under Age 65 / Insured as a Percentage of the Population Under Age 65 / Excluding noncitizens not lawfully present,fiscal_year,2024,2024,2024,34,5
Health Insurance,Excluding noncitizens not lawfully present,2025,91.10000000000001,Number of insured people,51298-2022-06-healthinsurance.xlsx,Table 1,false,51298,Table 1. Health Insurance Coverage for People Under Age 65 / Insured as a Percentage of the Population Under Age 65 / Excluding noncitizens not lawfully present,fiscal_year,2025,2025,2025,34,6
Health Insurance,Excluding noncitizens not lawfully present,2026,91.10000000000001,Number of insured people,51298-2022-06-healthinsurance.xlsx,Table 1,false,51298,Table 1. Health Insurance Coverage for People Under Age 65 / Insured as a Percentage of the Population Under Age 65 / Excluding noncitizens not lawfully present,fiscal_year,2026,2026,2026,34,7
Health Insurance,Excluding noncitizens not lawfully present,2027,91.10000000000001,Number of insured people,51298-2022-06-healthinsurance.xlsx,Table 1,false,51298,Table 1. Health Insurance Coverage for People Under Age 65 / Insured as a Percentage of the Population Under Age 65 / Excluding noncitizens not lawfully present,fiscal_year,2027,2027,2027,34,8
Health Insurance,Excluding noncitizens not lawfully present,2028,91.2,Number of insured people,51298-2022-06-healthinsurance.xlsx,Table 1,false,51298,Table 1. Health Insurance Coverage for People Under Age 65 / Insured as a Percentage of the Population Under Age 65 / Excluding noncitizens not lawfully present,fiscal_year,2028,2028,2028,34,9
Health Insurance,Excluding noncitizens not lawfully present,2029,91.2,Number of insured people,51298-2022-06-healthinsurance.xlsx,Table 1,false,51298,Table 1. Health Insurance Coverage for People Under Age 65 / Insured as a Percentage of the Population Under Age 65 / Excluding noncitizens not lawfully present,fiscal_year,2029,2029,2029,34,10
Health Insurance,Excluding noncitizens not lawfully present,2030,91.30000000000001,Number of insured people,51298-2022-06-healthinsurance.xlsx,Table 1,false,51298,Table 1. Health Insurance Coverage for People Under Age 65 / Insured as a Percentage of the Population Under Age 65 / Excluding noncitizens not lawfully present,fiscal_year,2030,2030,2030,34,11
Health Insurance,Excluding noncitizens not lawfully present,2031,91.4,Number of insured people,51298-2022-06-healthinsurance.xlsx,Table 1,false,51298,Table 1. Health Insurance Coverage for People Under Age 65 / Insured as a Percentage of the Population Under Age 65 / Excluding noncitizens not lawfully present,fiscal_year,2031,2031,2031,34,12
Health Insurance,Excluding noncitizens not lawfully present,2032,91.5,Number of insured people,51298-2022-06-healthinsurance.xlsx,Table 1,false,51298,Table 1. Health Insurance Coverage for People Under Age 65 / Insured as a Percentage of the Population Under Age 65 / Excluding noncitizens not lawfully present,fiscal_year,2032,2032,2032,34,13
Health Insurance,n.a.,2022,312.0,Billions of dollars,51298-2022-06-healthinsurance.xlsx,Table 2,false,51298,Table 2. Net Federal Subsidies for Health Insurance Coverage for People Under Age 65 / Employment-Based Coverage / Tax exclusion for employment-based coverage / n.a.,fiscal_year,2022,2022,2022,10,3
Health Insurance,n.a.,2023,326.0,Billions of dollars,51298-2022-06-healthinsurance.xlsx,Table 2,false,51298,Table 2. Net Federal Subsidies for Health Insurance Coverage for People Under Age 65 / Employment-Based Coverage / Tax exclusion for employment-based coverage / n.a.,fiscal_year,2023,2023,2023,10,4
Health Insurance,n.a.,2024,346.0,Billions of dollars,51298-2022-06-healthinsurance.xlsx,Table 2,false,51298,Table 2. Net Federal Subsidies for Health Insurance Coverage for People Under Age 65 / Employment-Based Coverage / Tax exclusion for employment-based coverage / n.a.,fiscal_year,2024,2024,2024,10,5
Health Insurance,n.a.,2025,368.0,Billions of dollars,51298-2022-06-healthinsurance.xlsx,Table 2,false,51298,Table 2. Net Federal Subsidies for Health Insurance Coverage for People Under Age 65 / Employment-Based Coverage / Tax exclusion for employment-based coverage / n.a.,fiscal_year,2025,2025,2025,10,6
Health Insurance,n.a.,2026,420.0,Billions of dollars,51298-2022-06-healthinsurance.xlsx,Table 2,false,51298,Table 2. Net Federal Subsidies for Health Insurance Coverage for People Under Age 65 / Employment-Based Coverage / Tax exclusion for employment-based coverage / n.a.,fiscal_year,2026,2026,2026,10,7
Health Insurance,n.a.,2027,457.0,Billions of dollars,51298-2022-06-healthinsurance.xlsx,Table 2,false,51298,Table 2. Net Federal Subsidies for Health Insurance Coverage for People Under Age 65 / Employment-Based Coverage / Tax exclusion for employment-based coverage / n.a.,fiscal_year,2027,2027,2027,10,8
Health Insurance,n.a.,2028,483.0,Billions of dollars,51298-2022-06-healthinsurance.xlsx,Table 2,false,51298,Table 2. Net Federal Subsidies for Health Insurance Coverage for People Under Age 65 / Employment-Based Coverage / Tax exclusion for employment-based coverage / n.a.,fiscal_year,2028,2028,2028,10,9
Health Insurance,n.a.,2029,510.0,Billions of dollars,51298-2022-06-healthinsurance.xlsx,Table 2,false,51298,Table 2. Net Federal Subsidies for Health Insurance Coverage for People Under Age 65 / Employment-Based Coverage / Tax exclusion for employment-based coverage / n.a.,fiscal_year,2029,2029,2029,10,10
Health Insurance,n.a.,2030,539.0,Billions of dollars,51298-2022-06-healthinsurance.xlsx,Table 2,false,51298,Table 2. Net Federal Subsidies for Health Insurance Coverage for People Under Age 65 / Employment-Based Coverage / Tax exclusion for employment-based coverage / n.a.,fiscal_year,2030,2030,2030,10,11
Health Insurance,n.a.,2031,569.0,Billions of dollars,51298-2022-06-healthinsurance.xlsx,Table 2,false,51298,Table 2. Net Federal Subsidies for Health Insurance Coverage for People Under Age 65 / Employment-Based Coverage / Tax exclusion for employment-based coverage / n.a.,fiscal_year,2031,2031,2031,10,12
Health Insurance,n.a.,2032,601.0,Billions of dollars,51298-2022-06-healthinsurance.xlsx,Table 2,false,51298,Table 2. Net Federal Subsidies for Health Insurance Coverage for People Under Age 65 / Employment-Based Coverage / Tax exclusion for employment-based coverage / n.a.,fiscal_year,2032,2032,2032,10,13
Health Insurance,n.a.,2022,4.0,Billions of dollars,51298-2022-06-healthinsurance.xlsx,Table 2,false,51298,Table 2. Net Federal Subsidies for Health Insurance Coverage for People Under Age 65 / Employment-Based Coverage / Income tax deduction for self-employment health insurance / n.a.,fiscal_year,2022,2022,2022,11,3
Health Insurance,n.a.,2023,4.0,Billions of dollars,51298-2022-06-healthinsurance.xlsx,Table 2,false,51298,Table 2. Net Federal Subsidies for Health Insurance Coverage for People Under Age 65 / Employment-Based Coverage / Income tax deduction for self-employment health insurance / n.a.,fiscal_year,2023,2023,2023,11,4
Health Insurance,n.a.,2024,5.0,Billions of dollars,51298-2022-06-healthinsurance.xlsx,Table 2,false,51298,Table 2. Net Federal Subsidies for Health Insurance Coverage for People Under Age 65 / Employment-Based Coverage / Income tax deduction for self-employment health insurance / n.a.,fiscal_year,2024,2024,2024,11,5
Health Insurance,n.a.,2025,5.0,Billions of dollars,51298-2022-06-healthinsurance.xlsx,Table 2,false,51298,Table 2. Net Federal Subsidies for Health Insurance Coverage for People Under Age 65 / Employment-Based Coverage / Income tax deduction for self-employment health insurance / n.a.,fiscal_year,2025,2025,2025,11,6
Health Insurance,n.a.,2026,7.0,Billions of dollars,51298-2022-06-healthinsurance.xlsx,Table 2,false,51298,Table 2. Net Federal Subsidies for Health Insurance Coverage for People Under Age 65 / Employment-Based Coverage / Income tax deduction for self-employment health insurance / n.a.,fiscal_year,2026,2026,2026,11,7
Health Insurance,n.a.,2027,8.0,Billions of dollars,51298-2022-06-healthinsurance.xlsx,Table 2,false,51298,Table 2. Net Federal Subsidies for Health Insurance Coverage for People Under Age 65 / Employment-Based Coverage / Income tax deduction for self-employment health insurance / n.a.,fiscal_year,2027,2027,2027,11,8
Health Insurance,n.a.,2028,8.0,Billions of dollars,51298-2022-06-healthinsurance.xlsx,Table 2,false,51298,Table 2. Net Federal Subsidies for Health Insurance Coverage for People Under Age 65 / Employment-Based Coverage / Income tax deduction for self-employment health insurance / n.a.,fiscal_year,2028,2028,2028,11,9
Health Insurance,n.a.,2029,9.0,Billions of dollars,51298-2022-06-healthinsurance.xlsx,Table 2,false,51298,Table 2. Net Federal Subsidies for Health Insurance Coverage for People Under Age 65 / Employment-Based Coverage / Income tax deduction for self-employment health insurance / n.a.,fiscal_year,2029,2029,2029,11,10
Health Insurance,n.a.,2030,9.0,Billions of dollars,51298-2022-06-healthinsurance.xlsx,Table 2,false,51298,Table 2. Net Federal Subsidies for Health Insurance Coverage for People Under Age 65 / Employment-Based Coverage / Income tax deduction for self-employment health insurance / n.a.,fiscal_year,2030,2030,2030,11,11
Health Insurance,n.a.,2031,10.0,Billions of dollars,51298-2022-06-healthinsurance.xlsx,Table 2,false,51298,Table 2. Net Federal Subsidies for Health Insurance Coverage for People Under Age 65 / Employment-Based Coverage / Income tax deduction for self-employment health insurance / n.a.,fiscal_year,2031,2031,2031,11,12
Health Insurance,n.a.,2032,10.0,Billions of dollars,51298-2022-06-healthinsurance.xlsx,Table 2,false,51298,Table 2. Net Federal Subsidies for Health Insurance Coverage for People Under Age 65 / Employment-Based Coverage / Income tax deduction for self-employment health insurance / n.a.,fiscal_year,2032,2032,2032,11,13
Health Insurance,n.a.,2022,316.0,Billions of dollars,51298-2022-06-healthinsurance.xlsx,Table 2,true,51298,Table 2. Net Federal Subsidies for Health Insurance Coverage for People Under Age 65 / Small-employer tax credits / n.a. / Subtotal,fiscal_year,2022,2022,2022,13,3
Health Insurance,n.a.,2023,330.0,Billions of dollars,51298-2022-06-healthinsurance.xlsx,Table 2,true,51298,Table 2. Net Federal Subsidies for Health Insurance Coverage for People Under Age 65 / Small-employer tax credits / n.a. / Subtotal,fiscal_year,2023,2023,2023,13,4
Health Insurance,n.a.,2024,351.0,Billions of dollars,51298-2022-06-healthinsurance.xlsx,Table 2,true,51298,Table 2. Net Federal Subsidies for Health Insurance Coverage for People Under Age 65 / Small-employer tax credits / n.a. / Subtotal,fiscal_year,2024,2024,2024,13,5
Health Insurance,n.a.,2025,373.0,Billions of dollars,51298-2022-06-healthinsurance.xlsx,Table 2,true,51298,Table 2. Net Federal Subsidies for Health Insurance Coverage for People Under Age 65 / Small-employer tax credits / n.a. / Subtotal,fiscal_year,2025,2025,2025,13,6
Health Insurance,n.a.,2026,427.0,Billions of dollars,51298-2022-06-healthinsurance.xlsx,Table 2,true,51298,Table 2. Net Federal Subsidies for Health Insurance Coverage for People Under Age 65 / Small-employer tax credits / n.a. / Subtotal,fiscal_year,2026,2026,2026,13,7
Health Insurance,n.a.,2027,465.0,Billions of dollars,51298-2022-06-healthinsurance.xlsx,Table 2,true,51298,Table 2. Net Federal Subsidies for Health Insurance Coverage for People Under Age 65 / Small-employer tax credits / n.a. / Subtotal,fiscal_year,2027,2027,2027,13,8
Health Insurance,n.a.,2028,492.0,Billions of dollars,51298-2022-06-healthinsurance.xlsx,Table 2,true,51298,Table 2. Net Federal Subsidies for Health Insurance Coverage for People Under Age 65 / Small-employer tax credits / n.a. / Subtotal,fiscal_year,2028,2028,2028,13,9
Health Insurance,n.a.,2029,519.0,Billions of dollars,51298-2022-06-healthinsurance.xlsx,Table 2,true,51298,Table 2. Net Federal Subsidies for Health Insurance Coverage for People Under Age 65 / Small-employer tax credits / n.a. / Subtotal,fiscal_year,2029,2029,2029,13,10
Health Insurance,n.a.,2030,548.0,Billions of dollars,51298-2022-06-healthinsurance.xlsx,Table 2,true,51298,Table 2. Net Federal Subsidies for Health Insurance Coverage for People Under Age 65 / Small-employer tax credits / n.a. / Subtotal,fiscal_year,2030,2030,2030,13,11
Health Insurance,n.a.,2031,579.0,Billions of dollars,51298-2022-06-healthinsurance.xlsx,Table 2,true,51298,Table 2. Net Federal Subsidies for Health Insurance Coverage for People Under Age 65 / Small-employer tax credits / n.a. / Subtotal,fiscal_year,2031,2031,2031,13,12
Health Insurance,n.a.,2032,612.0,Billions of dollars,51298-2022-06-healthinsurance.xlsx,Table 2,true,51298,Table 2. Net Federal Subsidies for Health Insurance Coverage for People Under Age 65 / Small-employer tax credits / n.a. / Subtotal,fiscal_year,2032,2032,2032,13,13
Health Insurance,Blind and disabled,2022,170.0,Billions of dollars,51298-2022-06-healthinsurance.xlsx,Table 2,false,51298,Table 2. Net Federal Subsidies for Health Insurance Coverage for People Under Age 65 / Medicaid and CHIP / Blind and disabled,fiscal_year,2022,2022,2022,15,3
Health Insurance,Blind and disabled,2023,170.0,Billions of dollars,51298-2022-06-healthinsurance.xlsx,Table 2,false,51298,Table 2. Net Federal Subsidies for Health Insurance Coverage for People Under Age 65 / Medicaid and CHIP / Blind and disabled,fiscal_year,2023,2023,2023,15,4
Health Insurance,Blind and disabled,2024,156.0,Billions of dollars,51298-2022-06-healthinsurance.xlsx,Table 2,false,51298,Table 2. Net Federal Subsidies for Health Insurance Coverage for People Under Age 65 / Medicaid and CHIP / Blind and disabled,fiscal_year,2024,2024,2024,15,5
Health Insurance,Blind and disabled,2025,162.0,Billions of dollars,51298-2022-06-healthinsurance.xlsx,Table 2,false,51298,Table 2. Net Federal Subsidies for Health Insurance Coverage for People Under Age 65 / Medicaid and CHIP / Blind and disabled,fiscal_year,2025,2025,2025,15,6
Health Insurance,Blind and disabled,2026,170.0,Billions of dollars,51298-2022-06-healthinsurance.xlsx,Table 2,false,51298,Table 2. Net Federal Subsidies for Health Insurance Coverage for People Under Age 65 / Medicaid and CHIP / Blind and disabled,fiscal_year,2026,2026,2026,15,7
Health Insurance,Blind and disabled,2027,178.0,Billions of dollars,51298-2022-06-healthinsurance.xlsx,Table 2,false,51298,Table 2. Net Federal Subsidies for Health Insurance Coverage for People Under Age 65 / Medicaid and CHIP / Blind and disabled,fiscal_year,2027,2027,2027,15,8
Health Insurance,Blind and disabled,2028,186.0,Billions of dollars,51298-2022-06-healthinsurance.xlsx,Table 2,false,51298,Table 2. Net Federal Subsidies for Health Insurance Coverage for People Under Age 65 / Medicaid and CHIP / Blind and disabled,fiscal_year,2028,2028,2028,15,9
Health Insurance,Blind and disabled,2029,194.0,Billions of dollars,51298-2022-06-healthinsurance.xlsx,Table 2,false,51298,Table 2. Net Federal Subsidies for Health Insurance Coverage for People Under Age 65 / Medicaid and CHIP / Blind and disabled,fiscal_year,2029,2029,2029,15,10
Health Insurance,Blind and disabled,2030,204.0,Billions of dollars,51298-2022-06-healthinsurance.xlsx,Table 2,false,51298,Table 2. Net Federal Subsidies for Health Insurance Coverage for People Under Age 65 / Medicaid and CHIP / Blind and disabled,fiscal_year,2030,2030,2030,15,11
Health Insurance,Blind and disabled,2031,213.0,Billions of dollars,51298-2022-06-healthinsurance.xlsx,Table 2,false,51298,Table 2. Net Federal Subsidies for Health Insurance Coverage for People Under Age 65 / Medicaid and CHIP / Blind and disabled,fiscal_year,2031,2031,2031,15,12
Health Insurance,Blind and disabled,2032,224.0,Billions of dollars,51298-2022-06-healthinsurance.xlsx,Table 2,false,51298,Table 2. Net Federal Subsidies for Health Insurance Coverage for People Under Age 65 / Medicaid and CHIP / Blind and disabled,fiscal_year,2032,2032,2032,15,13
Health Insurance,Children,2022,63.0,Billions of dollars,51298-2022-06-healthinsurance.xlsx,Table 2,false,51298,Table 2. Net Federal Subsidies for Health Insurance Coverage for People Under Age 65 / Medicaid and CHIP / Children,fiscal_year,2022,2022,2022,16,3
Health Insurance,Children,2023,65.0,Billions of dollars,51298-2022-06-healthinsurance.xlsx,Table 2,false,51298,Table 2. Net Federal Subsidies for Health Insurance Coverage for People Under Age 65 / Medicaid and CHIP / Children,fiscal_year,2023,2023,2023,16,4
Health Insurance,Children,2024,52.0,Billions of dollars,51298-2022-06-healthinsurance.xlsx,Table 2,false,51298,Table 2. Net Federal Subsidies for Health Insurance Coverage for People Under Age 65 / Medicaid and CHIP / Children,fiscal_year,2024,2024,2024,16,5
Health Insurance,Children,2025,52.0,Billions of dollars,51298-2022-06-healthinsurance.xlsx,Table 2,false,51298,Table 2. Net Federal Subsidies for Health Insurance Coverage for People Under Age 65 / Medicaid and CHIP / Children,fiscal_year,2025,2025,2025,16,6
Health Insurance,Children,2026,55.0,Billions of dollars,51298-2022-06-healthinsurance.xlsx,Table 2,false,51298,Table 2. Net Federal Subsidies for Health Insurance Coverage for People Under Age 65 / Medicaid and CHIP / Children,fiscal_year,2026,2026,2026,16,7
Health Insurance,Children,2027,58.0,Billions of dollars,51298-2022-06-healthinsurance.xlsx,Table 2,false,51298,Table 2. Net Federal Subsidies for Health Insurance Coverage for People Under Age 65 / Medicaid and CHIP / Children,fiscal_year,2027,2027,2027,16,8
Health Insurance,Children,2028,61.0,Billions of dollars,51298-2022-06-healthinsurance.xlsx,Table 2,false,51298,Table 2. Net Federal Subsidies for Health Insurance Coverage for People Under Age 65 / Medicaid and CHIP / Children,fiscal_year,2028,2028,2028,16,9
Health Insurance,Children,2029,64.0,Billions of dollars,51298-2022-06-healthinsurance.xlsx,Table 2,false,51298,Table 2. Net Federal Subsidies for Health Insurance Coverage for People Under Age 65 / Medicaid and CHIP / Children,fiscal_year,2029,2029,2029,16,10
Health Insurance,Children,2030,68.0,Billions of dollars,51298-2022-06-healthinsurance.xlsx,Table 2,false,51298,Table 2. Net Federal Subsidies for Health Insurance Coverage for People Under Age 65 / Medicaid and CHIP / Children,fiscal_year,2030,2030,2030,16,11
Health Insurance,Children,2031,74.0,Billions of dollars,51298-2022-06-healthinsurance.xlsx,Table 2,false,51298,Table 2. Net Federal Subsidies for Health Insurance Coverage for People Under Age 65 / Medicaid and CHIP / Children,fiscal_year,2031,2031,2031,16,12
Health Insurance,Children,2032,78.0,Billions of dollars,51298-2022-06-healthinsurance.xlsx,Table 2,false,51298,Table 2. Net Federal Subsidies for Health Insurance Coverage for People Under Age 65 / Medicaid and CHIP / Children,fiscal_year,2032,2032,2032,16,13
Health Insurance,Adults made eligible for Medicaid by the ACA,2022,116.0,Billions of dollars,51298-2022-06-healthinsurance.xlsx,Table 2,false,51298,Table 2. Net Federal Subsidies for Health Insurance Coverage for People Under Age 65 / Medicaid and CHIP / Adults made eligible for Medicaid by the ACA,fiscal_year,2022,2022,2022,17,3
Health Insurance,Adults made eligible for Medicaid by the ACA,2023,122.0,Billions of dollars,51298-2022-06-healthinsurance.xlsx,Table 2,false,51298,Table 2. Net Federal Subsidies for Health Insurance Coverage for People Under Age 65 / Medicaid and CHIP / Adults made eligible for Medicaid by the ACA,fiscal_year,2023,2023,2023,17,4
Health Insurance,Adults made eligible for Medicaid by the ACA,2024,115.0,Billions of dollars,51298-2022-06-healthinsurance.xlsx,Table 2,false,51298,Table 2. Net Federal Subsidies for Health Insurance Coverage for People Under Age 65 / Medicaid and CHIP / Adults made eligible for Medicaid by the ACA,fiscal_year,2024,2024,2024,17,5
Health Insurance,Adults made eligible for Medicaid by the ACA,2025,112.0,Billions of dollars,51298-2022-06-healthinsurance.xlsx,Table 2,false,51298,Table 2. Net Federal Subsidies for Health Insurance Coverage for People Under Age 65 / Medicaid and CHIP / Adults made eligible for Medicaid by the ACA,fiscal_year,2025,2025,2025,17,6
Health Insurance,Adults made eligible for Medicaid by the ACA,2026,121.0,Billions of dollars,51298-2022-06-healthinsurance.xlsx,Table 2,false,51298,Table 2. Net Federal Subsidies for Health Insurance Coverage for People Under Age 65 / Medicaid and CHIP / Adults made eligible for Medicaid by the ACA,fiscal_year,2026,2026,2026,17,7
Health Insurance,Adults made eligible for Medicaid by the ACA,2027,130.0,Billions of dollars,51298-2022-06-healthinsurance.xlsx,Table 2,false,51298,Table 2. Net Federal Subsidies for Health Insurance Coverage for People Under Age 65 / Medicaid and CHIP / Adults made eligible for Medicaid by the ACA,fiscal_year,2027,2027,2027,17,8
Health Insurance,Adults made eligible for Medicaid by the ACA,2028,139.0,Billions of dollars,51298-2022-06-healthinsurance.xlsx,Table 2,false,51298,Table 2. Net Federal Subsidies for Health Insurance Coverage for People Under Age 65 / Medicaid and CHIP / Adults made eligible for Medicaid by the ACA,fiscal_year,2028,2028,2028,17,9
Health Insurance,Adults made eligible for Medicaid by the ACA,2029,149.0,Billions of dollars,51298-2022-06-healthinsurance.xlsx,Table 2,false,51298,Table 2. Net Federal Subsidies for Health Insurance Coverage for People Under Age 65 / Medicaid and CHIP / Adults made eligible for Medicaid by the ACA,fiscal_year,2029,2029,2029,17,10
Health Insurance,Adults made eligible for Medicaid by the ACA,2030,158.0,Billions of dollars,51298-2022-06-healthinsurance.xlsx,Table 2,false,51298,Table 2. Net Federal Subsidies for Health Insurance Coverage for People Under Age 65 / Medicaid and CHIP / Adults made eligible for Medicaid by the ACA,fiscal_year,2030,2030,2030,17,11
Health Insurance,Adults made eligible for Medicaid by the ACA,2031,169.0,Billions of dollars,51298-2022-06-healthinsurance.xlsx,Table 2,false,51298,Table 2. Net Federal Subsidies for Health Insurance Coverage for People Under Age 65 / Medicaid and CHIP / Adults made eligible for Medicaid by the ACA,fiscal_year,2031,2031,2031,17,12
Health Insurance,Adults made eligible for Medicaid by the ACA,2032,181.0,Billions of dollars,51298-2022-06-healthinsurance.xlsx,Table 2,false,51298,Table 2. Net Federal Subsidies for Health Insurance Coverage for People Under Age 65 / Medicaid and CHIP / Adults made eligible for Medicaid by the ACA,fiscal_year,2032,2032,2032,17,13
Health Insurance,Adults otherwise eligible for Medicaid,2022,96.0,Billions of dollars,51298-2022-06-healthinsurance.xlsx,Table 2,false,51298,Table 2. Net Federal Subsidies for Health Insurance Coverage for People Under Age 65 / Medicaid and CHIP / Adults otherwise eligible for Medicaid,fiscal_year,2022,2022,2022,18,3
Health Insurance,Adults otherwise eligible for Medicaid,2023,100.0,Billions of dollars,51298-2022-06-healthinsurance.xlsx,Table 2,false,51298,Table 2. Net Federal Subsidies for Health Insurance Coverage for People Under Age 65 / Medicaid and CHIP / Adults otherwise eligible for Medicaid,fiscal_year,2023,2023,2023,18,4
Health Insurance,Adults otherwise eligible for Medicaid,2024,88.0,Billions of dollars,51298-2022-06-healthinsurance.xlsx,Table 2,false,51298,Table 2. Net Federal Subsidies for Health Insurance Coverage for People Under Age 65 / Medicaid and CHIP / Adults otherwise eligible for Medicaid,fiscal_year,2024,2024,2024,18,5
Health Insurance,Adults otherwise eligible for Medicaid,2025,87.0,Billions of dollars,51298-2022-06-healthinsurance.xlsx,Table 2,false,51298,Table 2. Net Federal Subsidies for Health Insurance Coverage for People Under Age 65 / Medicaid and CHIP / Adults otherwise eligible for Medicaid,fiscal_year,2025,2025,2025,18,6
Health Insurance,Adults otherwise eligible for Medicaid,2026,92.0,Billions of dollars,51298-2022-06-healthinsurance.xlsx,Table 2,false,51298,Table 2. Net Federal Subsidies for Health Insurance Coverage for People Under Age 65 / Medicaid and CHIP / Adults otherwise eligible for Medicaid,fiscal_year,2026,2026,2026,18,7
Health Insurance,Adults otherwise eligible for Medicaid,2027,97.0,Billions of dollars,51298-2022-06-healthinsurance.xlsx,Table 2,false,51298,Table 2. Net Federal Subsidies for Health Insurance Coverage for People Under Age 65 / Medicaid and CHIP / Adults otherwise eligible for Medicaid,fiscal_year,2027,2027,2027,18,8
Health Insurance,Adults otherwise eligible for Medicaid,2028,102.0,Billions of dollars,51298-2022-06-healthinsurance.xlsx,Table 2,false,51298,Table 2. Net Federal Subsidies for Health Insurance Coverage for People Under Age 65 / Medicaid and CHIP / Adults otherwise eligible for Medicaid,fiscal_year,2028,2028,2028,18,9
Health Insurance,Adults otherwise eligible for Medicaid,2029,108.0,Billions of dollars,51298-2022-06-healthinsurance.xlsx,Table 2,false,51298,Table 2. Net Federal Subsidies for Health Insurance Coverage for People Under Age 65 / Medicaid and CHIP / Adults otherwise eligible for Medicaid,fiscal_year,2029,2029,2029,18,10
Health Insurance,Adults otherwise eligible for Medicaid,2030,115.0,Billions of dollars,51298-2022-06-healthinsurance.xlsx,Table 2,false,51298,Table 2. Net Federal Subsidies for Health Insurance Coverage for People Under Age 65 / Medicaid and CHIP / Adults otherwise eligible for Medicaid,fiscal_year,2030,2030,2030,18,11
Health Insurance,Adults otherwise eligible for Medicaid,2031,121.0,Billions of dollars,51298-2022-06-healthinsurance.xlsx,Table 2,false,51298,Table 2. Net Federal Subsidies for Health Insurance Coverage for People Under Age 65 / Medicaid and CHIP / Adults otherwise eligible for Medicaid,fiscal_year,2031,2031,2031,18,12
Health Insurance,Adults otherwise eligible for Medicaid,2032,129.0,Billions of dollars,51298-2022-06-healthinsurance.xlsx,Table 2,false,51298,Table 2. Net Federal Subsidies for Health Insurance Coverage for People Under Age 65 / Medicaid and CHIP / Adults otherwise eligible for Medicaid,fiscal_year,2032,2032,2032,18,13
Health Insurance,CHIP,2022,17.0,Billions of dollars,51298-2022-06-healthinsurance.xlsx,Table 2,false,51298,Table 2. Net Federal Subsidies for Health Insurance Coverage for People Under Age 65 / Medicaid and CHIP / CHIP,fiscal_year,2022,2022,2022,19,3
Health Insurance,CHIP,2023,18.0,Billions of dollars,51298-2022-06-healthinsurance.xlsx,Table 2,false,51298,Table 2. Net Federal Subsidies for Health Insurance Coverage for People Under Age 65 / Medicaid and CHIP / CHIP,fiscal_year,2023,2023,2023,19,4
Health Insurance,CHIP,2024,17.0,Billions of dollars,51298-2022-06-healthinsurance.xlsx,Table 2,false,51298,Table 2. Net Federal Subsidies for Health Insurance Coverage for People Under Age 65 / Medicaid and CHIP / CHIP,fiscal_year,2024,2024,2024,19,5
Health Insurance,CHIP,2025,18.0,Billions of dollars,51298-2022-06-healthinsurance.xlsx,Table 2,false,51298,Table 2. Net Federal Subsidies for Health Insurance Coverage for People Under Age 65 / Medicaid and CHIP / CHIP,fiscal_year,2025,2025,2025,19,6
Health Insurance,CHIP,2026,18.0,Billions of dollars,51298-2022-06-healthinsurance.xlsx,Table 2,false,51298,Table 2. Net Federal Subsidies for Health Insurance Coverage for People Under Age 65 / Medicaid and CHIP / CHIP,fiscal_year,2026,2026,2026,19,7
Health Insurance,CHIP,2027,19.0,Billions of dollars,51298-2022-06-healthinsurance.xlsx,Table 2,false,51298,Table 2. Net Federal Subsidies for Health Insurance Coverage for People Under Age 65 / Medicaid and CHIP / CHIP,fiscal_year,2027,2027,2027,19,8
Health Insurance,CHIP,2028,20.0,Billions of dollars,51298-2022-06-healthinsurance.xlsx,Table 2,false,51298,Table 2. Net Federal Subsidies for Health Insurance Coverage for People Under Age 65 / Medicaid and CHIP / CHIP,fiscal_year,2028,2028,2028,19,9
Health Insurance,CHIP,2029,20.0,Billions of dollars,51298-2022-06-healthinsurance.xlsx,Table 2,false,51298,Table 2. Net Federal Subsidies for Health Insurance Coverage for People Under Age 65 / Medicaid and CHIP / CHIP,fiscal_year,2029,2029,2029,19,10
Health Insurance,CHIP,2030,21.0,Billions of dollars,51298-2022-06-healthinsurance.xlsx,Table 2,false,51298,Table 2. Net Federal Subsidies for Health Insurance Coverage for People Under Age 65 / Medicaid and CHIP / CHIP,fiscal_year,2030,2030,2030,19,11
Health Insurance,CHIP,2031,17.0,Billions of dollars,51298-2022-06-healthinsurance.xlsx,Table 2,false,51298,Table 2. Net Federal Subsidies for Health Insurance Coverage for People Under Age 65 / Medicaid and CHIP / CHIP,fiscal_year,2031,2031,2031,19,12
Health Insurance,CHIP,2032,15.0,Billions of dollars,51298-2022-06-healthinsurance.xlsx,Table 2,false,51298,Table 2. Net Federal Subsidies for Health Insurance Coverage for People Under Age 65 / Medicaid and CHIP / CHIP,fiscal_year,2032,2032,2032,19,13
Health Insurance,Subtotal,2022,462.0,Billions of dollars,51298-2022-06-healthinsurance.xlsx,Table 2,true,51298,Table 2. Net Federal Subsidies for Health Insurance Coverage for People Under Age 65 / Medicaid and CHIP / Subtotal,fiscal_year,2022,2022,2022,20,3
Health Insurance,Subtotal,2023,475.0,Billions of dollars,51298-2022-06-healthinsurance.xlsx,Table 2,true,51298,Table 2. Net Federal Subsidies for Health Insurance Coverage for People Under Age 65 / Medicaid and CHIP / Subtotal,fiscal_year,2023,2023,2023,20,4
Health Insurance,Subtotal,2024,430.0,Billions of dollars,51298-2022-06-healthinsurance.xlsx,Table 2,true,51298,Table 2. Net Federal Subsidies for Health Insurance Coverage for People Under Age 65 / Medicaid and CHIP / Subtotal,fiscal_year,2024,2024,2024,20,5
Health Insurance,Subtotal,2025,430.0,Billions of dollars,51298-2022-06-healthinsurance.xlsx,Table 2,true,51298,Table 2. Net Federal Subsidies for Health Insurance Coverage for People Under Age 65 / Medicaid and CHIP / Subtotal,fiscal_year,2025,2025,2025,20,6
Health Insurance,Subtotal,2026,456.0,Billions of dollars,51298-2022-06-healthinsurance.xlsx,Table 2,true,51298,Table 2. Net Federal Subsidies for Health Insurance Coverage for People Under Age 65 / Medicaid and CHIP / Subtotal,fiscal_year,2026,2026,2026,20,7
Health Insurance,Subtotal,2027,482.0,Billions of dollars,51298-2022-06-healthinsurance.xlsx,Table 2,true,51298,Table 2. Net Federal Subsidies for Health Insurance Coverage for People Under Age 65 / Medicaid and CHIP / Subtotal,fiscal_year,2027,2027,2027,20,8
Health Insurance,Subtotal,2028,508.0,Billions of dollars,51298-2022-06-healthinsurance.xlsx,Table 2,true,51298,Table 2. Net Federal Subsidies for Health Insurance Coverage for People Under Age 65 / Medicaid and CHIP / Subtotal,fiscal_year,2028,2028,2028,20,9
Health Insurance,Subtotal,2029,535.0,Billions of dollars,51298-2022-06-healthinsurance.xlsx,Table 2,true,51298,Table 2. Net Federal Subsidies for Health Insurance Coverage for People Under Age 65 / Medicaid and CHIP / Subtotal,fiscal_year,2029,2029,2029,20,10
Health Insurance,Subtotal,2030,565.0,Billions of dollars,51298-2022-06-healthinsurance.xlsx,Table 2,true,51298,Table 2. Net Federal Subsidies for Health Insurance Coverage for People Under Age 65 / Medicaid and CHIP / Subtotal,fiscal_year,2030,2030,2030,20,11
Health Insurance,Subtotal,2031,595.0,Billions of dollars,51298-2022-06-healthinsurance.xlsx,Table 2,true,51298,Table 2. Net Federal Subsidies for Health Insurance Coverage for People Under Age 65 / Medicaid and CHIP / Subtotal,fiscal_year,2031,2031,2031,20,12
Health Insurance,Subtotal,2032,627.0,Billions of dollars,51298-2022-06-healthinsurance.xlsx,Table 2,true,51298,Table 2. Net Federal Subsidies for Health Insurance Coverage for People Under Age 65 / Medicaid and CHIP / Subtotal,fiscal_year,2032,2032,2032,20,13
Health Insurance,Premium tax credits and 1332 waiver outlays,2022,72.0,Billions of dollars,51298-2022-06-healthinsurance.xlsx,Table 2,false,51298,Table 2. Net Federal Subsidies for Health Insurance Coverage for People Under Age 65 / Marketplace-Related Coverage and the Basic Health Program / Premium tax credits and 1332 waiver outlays,fiscal_year,2022,2022,2022,22,3
Health Insurance,Premium tax credits and 1332 waiver outlays,2023,46.0,Billions of dollars,51298-2022-06-healthinsurance.xlsx,Table 2,false,51298,Table 2. Net Federal Subsidies for Health Insurance Coverage for People Under Age 65 / Marketplace-Related Coverage and the Basic Health Program / Premium tax credits and 1332 waiver outlays,fiscal_year,2023,2023,2023,22,4
Health Insurance,Premium tax credits and 1332 waiver outlays,2024,52.0,Billions of dollars,51298-2022-06-healthinsurance.xlsx,Table 2,false,51298,Table 2. Net Federal Subsidies for Health Insurance Coverage for People Under Age 65 / Marketplace-Related Coverage and the Basic Health Program / Premium tax credits and 1332 waiver outlays,fiscal_year,2024,2024,2024,22,5
Health Insurance,Premium tax credits and 1332 waiver outlays,2025,57.0,Billions of dollars,51298-2022-06-healthinsurance.xlsx,Table 2,false,51298,Table 2. Net Federal Subsidies for Health Insurance Coverage for People Under Age 65 / Marketplace-Related Coverage and the Basic Health Program / Premium tax credits and 1332 waiver outlays,fiscal_year,2025,2025,2025,22,6
Health Insurance,Premium tax credits and 1332 waiver outlays,2026,59.0,Billions of dollars,51298-2022-06-healthinsurance.xlsx,Table 2,false,51298,Table 2. Net Federal Subsidies for Health Insurance Coverage for People Under Age 65 / Marketplace-Related Coverage and the Basic Health Program / Premium tax credits and 1332 waiver outlays,fiscal_year,2026,2026,2026,22,7
Health Insurance,Premium tax credits and 1332 waiver outlays,2027,60.0,Billions of dollars,51298-2022-06-healthinsurance.xlsx,Table 2,false,51298,Table 2. Net Federal Subsidies for Health Insurance Coverage for People Under Age 65 / Marketplace-Related Coverage and the Basic Health Program / Premium tax credits and 1332 waiver outlays,fiscal_year,2027,2027,2027,22,8
Health Insurance,Premium tax credits and 1332 waiver outlays,2028,63.0,Billions of dollars,51298-2022-06-healthinsurance.xlsx,Table 2,false,51298,Table 2. Net Federal Subsidies for Health Insurance Coverage for People Under Age 65 / Marketplace-Related Coverage and the Basic Health Program / Premium tax credits and 1332 waiver outlays,fiscal_year,2028,2028,2028,22,9
Health Insurance,Premium tax credits and 1332 waiver outlays,2029,67.0,Billions of dollars,51298-2022-06-healthinsurance.xlsx,Table 2,false,51298,Table 2. Net Federal Subsidies for Health Insurance Coverage for People Under Age 65 / Marketplace-Related Coverage and the Basic Health Program / Premium tax credits and 1332 waiver outlays,fiscal_year,2029,2029,2029,22,10
Health Insurance,Premium tax credits and 1332 waiver outlays,2030,70.0,Billions of dollars,51298-2022-06-healthinsurance.xlsx,Table 2,false,51298,Table 2. Net Federal Subsidies for Health Insurance Coverage for People Under Age 65 / Marketplace-Related Coverage and the Basic Health Program / Premium tax credits and 1332 waiver outlays,fiscal_year,2030,2030,2030,22,11
Health Insurance,Premium tax credits and 1332 waiver outlays,2031,75.0,Billions of dollars,51298-2022-06-healthinsurance.xlsx,Table 2,false,51298,Table 2. Net Federal Subsidies for Health Insurance Coverage for People Under Age 65 / Marketplace-Related Coverage and the Basic Health Program / Premium tax credits and 1332 waiver outlays,fiscal_year,2031,2031,2031,22,12
Health Insurance,Premium tax credits and 1332 waiver outlays,2032,82.0,Billions of dollars,51298-2022-06-healthinsurance.xlsx,Table 2,false,51298,Table 2. Net Federal Subsidies for Health Insurance Coverage for People Under Age 65 / Marketplace-Related Coverage and the Basic Health Program / Premium tax credits and 1332 waiver outlays,fiscal_year,2032,2032,2032,22,13
Health Insurance,n.a.,2022,6.0,Billions of dollars,51298-2022-06-healthinsurance.xlsx,Table 2,false,51298,Table 2. Net Federal Subsidies for Health Insurance Coverage for People Under Age 65 / Marketplace-Related Coverage and the Basic Health Program / Premium tax credit revenue reductions / n.a.,fiscal_year,2022,2022,2022,23,3
Health Insurance,n.a.,2023,13.0,Billions of dollars,51298-2022-06-healthinsurance.xlsx,Table 2,false,51298,Table 2. Net Federal Subsidies for Health Insurance Coverage for People Under Age 65 / Marketplace-Related Coverage and the Basic Health Program / Premium tax credit revenue reductions / n.a.,fiscal_year,2023,2023,2023,23,4
Health Insurance,n.a.,2024,8.0,Billions of dollars,51298-2022-06-healthinsurance.xlsx,Table 2,false,51298,Table 2. Net Federal Subsidies for Health Insurance Coverage for People Under Age 65 / Marketplace-Related Coverage and the Basic Health Program / Premium tax credit revenue reductions / n.a.,fiscal_year,2024,2024,2024,23,5
Health Insurance,n.a.,2025,9.0,Billions of dollars,51298-2022-06-healthinsurance.xlsx,Table 2,false,51298,Table 2. Net Federal Subsidies for Health Insurance Coverage for People Under Age 65 / Marketplace-Related Coverage and the Basic Health Program / Premium tax credit revenue reductions / n.a.,fiscal_year,2025,2025,2025,23,6
Health Insurance,n.a.,2026,10.0,Billions of dollars,51298-2022-06-healthinsurance.xlsx,Table 2,false,51298,Table 2. Net Federal Subsidies for Health Insurance Coverage for People Under Age 65 / Marketplace-Related Coverage and the Basic Health Program / Premium tax credit revenue reductions / n.a.,fiscal_year,2026,2026,2026,23,7
Health Insurance,n.a.,2027,12.0,Billions of dollars,51298-2022-06-healthinsurance.xlsx,Table 2,false,51298,Table 2. Net Federal Subsidies for Health Insurance Coverage for People Under Age 65 / Marketplace-Related Coverage and the Basic Health Program / Premium tax credit revenue reductions / n.a.,fiscal_year,2027,2027,2027,23,8
Health Insurance,n.a.,2028,12.0,Billions of dollars,51298-2022-06-healthinsurance.xlsx,Table 2,false,51298,Table 2. Net Federal Subsidies for Health Insurance Coverage for People Under Age 65 / Marketplace-Related Coverage and the Basic Health Program / Premium tax credit revenue reductions / n.a.,fiscal_year,2028,2028,2028,23,9
Health Insurance,n.a.,2029,13.0,Billions of dollars,51298-2022-06-healthinsurance.xlsx,Table 2,false,51298,Table 2. Net Federal Subsidies for Health Insurance Coverage for People Under Age 65 / Marketplace-Related Coverage and the Basic Health Program / Premium tax credit revenue reductions / n.a.,fiscal_year,2029,2029,2029,23,10
Health Insurance,n.a.,2030,14.0,Billions of dollars,51298-2022-06-healthinsurance.xlsx,Table 2,false,51298,Table 2. Net Federal Subsidies for Health Insurance Coverage for People Under Age 65 / Marketplace-Related Coverage and the Basic Health Program / Premium tax credit revenue reductions / n.a.,fiscal_year,2030,2030,2030,23,11
Health Insurance,n.a.,2031,15.0,Billions of dollars,51298-2022-06-healthinsurance.xlsx,Table 2,false,51298,Table 2. Net Federal Subsidies for Health Insurance Coverage for People Under Age 65 / Marketplace-Related Coverage and the Basic Health Program / Premium tax credit revenue reductions / n.a.,fiscal_year,2031,2031,2031,23,12
Health Insurance,n.a.,2032,16.0,Billions of dollars,51298-2022-06-healthinsurance.xlsx,Table 2,false,51298,Table 2. Net Federal Subsidies for Health Insurance Coverage for People Under Age 65 / Marketplace-Related Coverage and the Basic Health Program / Premium tax credit revenue reductions / n.a.,fiscal_year,2032,2032,2032,23,13
Health Insurance,n.a.,2022,78.0,Billions of dollars,51298-2022-06-healthinsurance.xlsx,Table 2,true,51298,Table 2. Net Federal Subsidies for Health Insurance Coverage for People Under Age 65 / Marketplace-Related Coverage and the Basic Health Program / Subtotal / n.a.,fiscal_year,2022,2022,2022,24,3
Health Insurance,n.a.,2023,59.0,Billions of dollars,51298-2022-06-healthinsurance.xlsx,Table 2,true,51298,Table 2. Net Federal Subsidies for Health Insurance Coverage for People Under Age 65 / Marketplace-Related Coverage and the Basic Health Program / Subtotal / n.a.,fiscal_year,2023,2023,2023,24,4
Health Insurance,n.a.,2024,59.0,Billions of dollars,51298-2022-06-healthinsurance.xlsx,Table 2,true,51298,Table 2. Net Federal Subsidies for Health Insurance Coverage for People Under Age 65 / Marketplace-Related Coverage and the Basic Health Program / Subtotal / n.a.,fiscal_year,2024,2024,2024,24,5
Health Insurance,n.a.,2025,66.0,Billions of dollars,51298-2022-06-healthinsurance.xlsx,Table 2,true,51298,Table 2. Net Federal Subsidies for Health Insurance Coverage for People Under Age 65 / Marketplace-Related Coverage and the Basic Health Program / Subtotal / n.a.,fiscal_year,2025,2025,2025,24,6
Health Insurance,n.a.,2026,69.0,Billions of dollars,51298-2022-06-healthinsurance.xlsx,Table 2,true,51298,Table 2. Net Federal Subsidies for Health Insurance Coverage for People Under Age 65 / Marketplace-Related Coverage and the Basic Health Program / Subtotal / n.a.,fiscal_year,2026,2026,2026,24,7
Health Insurance,n.a.,2027,72.0,Billions of dollars,51298-2022-06-healthinsurance.xlsx,Table 2,true,51298,Table 2. Net Federal Subsidies for Health Insurance Coverage for People Under Age 65 / Marketplace-Related Coverage and the Basic Health Program / Subtotal / n.a.,fiscal_year,2027,2027,2027,24,8
Health Insurance,n.a.,2028,75.0,Billions of dollars,51298-2022-06-healthinsurance.xlsx,Table 2,true,51298,Table 2. Net Federal Subsidies for Health Insurance Coverage for People Under Age 65 / Marketplace-Related Coverage and the Basic Health Program / Subtotal / n.a.,fiscal_year,2028,2028,2028,24,9
Health Insurance,n.a.,2029,80.0,Billions of dollars,51298-2022-06-healthinsurance.xlsx,Table 2,true,51298,Table 2. Net Federal Subsidies for Health Insurance Coverage for People Under Age 65 / Marketplace-Related Coverage and the Basic Health Program / Subtotal / n.a.,fiscal_year,2029,2029,2029,24,10
Health Insurance,n.a.,2030,83.0,Billions of dollars,51298-2022-06-healthinsurance.xlsx,Table 2,true,51298,Table 2. Net Federal Subsidies for Health Insurance Coverage for People Under Age 65 / Marketplace-Related Coverage and the Basic Health Program / Subtotal / n.a.,fiscal_year,2030,2030,2030,24,11
Health Insurance,n.a.,2031,90.0,Billions of dollars,51298-2022-06-healthinsurance.xlsx,Table 2,true,51298,Table 2. Net Federal Subsidies for Health Insurance Coverage for People Under Age 65 / Marketplace-Related Coverage and the Basic Health Program / Subtotal / n.a.,fiscal_year,2031,2031,2031,24,12
Health Insurance,n.a.,2032,98.0,Billions of dollars,51298-2022-06-healthinsurance.xlsx,Table 2,true,51298,Table 2. Net Federal Subsidies for Health Insurance Coverage for People Under Age 65 / Marketplace-Related Coverage and the Basic Health Program / Subtotal / n.a.,fiscal_year,2032,2032,2032,24,13
Health Insurance,Outlays for the Basic Health Program,2022,10.0,Billions of dollars,51298-2022-06-healthinsurance.xlsx,Table 2,false,51298,Table 2. Net Federal Subsidies for Health Insurance Coverage for People Under Age 65 / Marketplace-Related Coverage and the Basic Health Program / Outlays for the Basic Health Program,fiscal_year,2022,2022,2022,25,3
Health Insurance,Outlays for the Basic Health Program,2023,8.0,Billions of dollars,51298-2022-06-healthinsurance.xlsx,Table 2,false,51298,Table 2. Net Federal Subsidies for Health Insurance Coverage for People Under Age 65 / Marketplace-Related Coverage and the Basic Health Program / Outlays for the Basic Health Program,fiscal_year,2023,2023,2023,25,4
Health Insurance,Outlays for the Basic Health Program,2024,7.0,Billions of dollars,51298-2022-06-healthinsurance.xlsx,Table 2,false,51298,Table 2. Net Federal Subsidies for Health Insurance Coverage for People Under Age 65 / Marketplace-Related Coverage and the Basic Health Program / Outlays for the Basic Health Program,fiscal_year,2024,2024,2024,25,5
Health Insurance,Outlays for the Basic Health Program,2025,8.0,Billions of dollars,51298-2022-06-healthinsurance.xlsx,Table 2,false,51298,Table 2. Net Federal Subsidies for Health Insurance Coverage for People Under Age 65 / Marketplace-Related Coverage and the Basic Health Program / Outlays for the Basic Health Program,fiscal_year,2025,2025,2025,25,6
Health Insurance,Outlays for the Basic Health Program,2026,9.0,Billions of dollars,51298-2022-06-healthinsurance.xlsx,Table 2,false,51298,Table 2. Net Federal Subsidies for Health Insurance Coverage for People Under Age 65 / Marketplace-Related Coverage and the Basic Health Program / Outlays for the Basic Health Program,fiscal_year,2026,2026,2026,25,7
Health Insurance,Outlays for the Basic Health Program,2027,9.0,Billions of dollars,51298-2022-06-healthinsurance.xlsx,Table 2,false,51298,Table 2. Net Federal Subsidies for Health Insurance Coverage for People Under Age 65 / Marketplace-Related Coverage and the Basic Health Program / Outlays for the Basic Health Program,fiscal_year,2027,2027,2027,25,8
Health Insurance,Outlays for the Basic Health Program,2028,10.0,Billions of dollars,51298-2022-06-healthinsurance.xlsx,Table 2,false,51298,Table 2. Net Federal Subsidies for Health Insurance Coverage for People Under Age 65 / Marketplace-Related Coverage and the Basic Health Program / Outlays for the Basic Health Program,fiscal_year,2028,2028,2028,25,9
Health Insurance,Outlays for the Basic Health Program,2029,11.0,Billions of dollars,51298-2022-06-healthinsurance.xlsx,Table 2,false,51298,Table 2. Net Federal Subsidies for Health Insurance Coverage for People Under Age 65 / Marketplace-Related Coverage and the Basic Health Program / Outlays for the Basic Health Program,fiscal_year,2029,2029,2029,25,10
Health Insurance,Outlays for the Basic Health Program,2030,11.0,Billions of dollars,51298-2022-06-healthinsurance.xlsx,Table 2,false,51298,Table 2. Net Federal Subsidies for Health Insurance Coverage for People Under Age 65 / Marketplace-Related Coverage and the Basic Health Program / Outlays for the Basic Health Program,fiscal_year,2030,2030,2030,25,11
Health Insurance,Outlays for the Basic Health Program,2031,12.0,Billions of dollars,51298-2022-06-healthinsurance.xlsx,Table 2,false,51298,Table 2. Net Federal Subsidies for Health Insurance Coverage for People Under Age 65 / Marketplace-Related Coverage and the Basic Health Program / Outlays for the Basic Health Program,fiscal_year,2031,2031,2031,25,12
Health Insurance,Outlays for the Basic Health Program,2032,13.0,Billions of dollars,51298-2022-06-healthinsurance.xlsx,Table 2,false,51298,Table 2. Net Federal Subsidies for Health Insurance Coverage for People Under Age 65 / Marketplace-Related Coverage and the Basic Health Program / Outlays for the Basic Health Program,fiscal_year,2032,2032,2032,25,13
Health Insurance,Collections for risk adjustment,2022,-6.0,Billions of dollars,51298-2022-06-healthinsurance.xlsx,Table 2,false,51298,Table 2. Net Federal Subsidies for Health Insurance Coverage for People Under Age 65 / Marketplace-Related Coverage and the Basic Health Program / Collections for risk adjustment,fiscal_year,2022,2022,2022,26,3
Health Insurance,Collections for risk adjustment,2023,-6.0,Billions of dollars,51298-2022-06-healthinsurance.xlsx,Table 2,false,51298,Table 2. Net Federal Subsidies for Health Insurance Coverage for People Under Age 65 / Marketplace-Related Coverage and the Basic Health Program / Collections for risk adjustment,fiscal_year,2023,2023,2023,26,4
Health Insurance,Collections for risk adjustment,2024,-6.0,Billions of dollars,51298-2022-06-healthinsurance.xlsx,Table 2,false,51298,Table 2. Net Federal Subsidies for Health Insurance Coverage for People Under Age 65 / Marketplace-Related Coverage and the Basic Health Program / Collections for risk adjustment,fiscal_year,2024,2024,2024,26,5
Health Insurance,Collections for risk adjustment,2025,-7.0,Billions of dollars,51298-2022-06-healthinsurance.xlsx,Table 2,false,51298,Table 2. Net Federal Subsidies for Health Insurance Coverage for People Under Age 65 / Marketplace-Related Coverage and the Basic Health Program / Collections for risk adjustment,fiscal_year,2025,2025,2025,26,6
Health Insurance,Collections for risk adjustment,2026,-7.0,Billions of dollars,51298-2022-06-healthinsurance.xlsx,Table 2,false,51298,Table 2. Net Federal Subsidies for Health Insurance Coverage for People Under Age 65 / Marketplace-Related Coverage and the Basic Health Program / Collections for risk adjustment,fiscal_year,2026,2026,2026,26,7
Health Insurance,Collections for risk adjustment,2027,-8.0,Billions of dollars,51298-2022-06-healthinsurance.xlsx,Table 2,false,51298,Table 2. Net Federal Subsidies for Health Insurance Coverage for People Under Age 65 / Marketplace-Related Coverage and the Basic Health Program / Collections for risk adjustment,fiscal_year,2027,2027,2027,26,8
Health Insurance,Collections for risk adjustment,2028,-8.0,Billions of dollars,51298-2022-06-healthinsurance.xlsx,Table 2,false,51298,Table 2. Net Federal Subsidies for Health Insurance Coverage for People Under Age 65 / Marketplace-Related Coverage and the Basic Health Program / Collections for risk adjustment,fiscal_year,2028,2028,2028,26,9
Health Insurance,Collections for risk adjustment,2029,-9.0,Billions of dollars,51298-2022-06-healthinsurance.xlsx,Table 2,false,51298,Table 2. Net Federal Subsidies for Health Insurance Coverage for People Under Age 65 / Marketplace-Related Coverage and the Basic Health Program / Collections for risk adjustment,fiscal_year,2029,2029,2029,26,10
Health Insurance,Collections for risk adjustment,2030,-9.0,Billions of dollars,51298-2022-06-healthinsurance.xlsx,Table 2,false,51298,Table 2. Net Federal Subsidies for Health Insurance Coverage for People Under Age 65 / Marketplace-Related Coverage and the Basic Health Program / Collections for risk adjustment,fiscal_year,2030,2030,2030,26,11
Health Insurance,Collections for risk adjustment,2031,-10.0,Billions of dollars,51298-2022-06-healthinsurance.xlsx,Table 2,false,51298,Table 2. Net Federal Subsidies for Health Insurance Coverage for People Under Age 65 / Marketplace-Related Coverage and the Basic Health Program / Collections for risk adjustment,fiscal_year,2031,2031,2031,26,12
Health Insurance,Collections for risk adjustment,2032,-10.0,Billions of dollars,51298-2022-06-healthinsurance.xlsx,Table 2,false,51298,Table 2. Net Federal Subsidies for Health Insurance Coverage for People Under Age 65 / Marketplace-Related Coverage and the Basic Health Program / Collections for risk adjustment,fiscal_year,2032,2032,2032,26,13
Health Insurance,Payments for risk adjustment,2022,7.0,Billions of dollars,51298-2022-06-healthinsurance.xlsx,Table 2,false,51298,Table 2. Net Federal Subsidies for Health Insurance Coverage for People Under Age 65 / Marketplace-Related Coverage and the Basic Health Program / Payments for risk adjustment,fiscal_year,2022,2022,2022,27,3
Health Insurance,Payments for risk adjustment,2023,6.0,Billions of dollars,51298-2022-06-healthinsurance.xlsx,Table 2,false,51298,Table 2. Net Federal Subsidies for Health Insurance Coverage for People Under Age 65 / Marketplace-Related Coverage and the Basic Health Program / Payments for risk adjustment,fiscal_year,2023,2023,2023,27,4
Health Insurance,Payments for risk adjustment,2024,6.0,Billions of dollars,51298-2022-06-healthinsurance.xlsx,Table 2,false,51298,Table 2. Net Federal Subsidies for Health Insurance Coverage for People Under Age 65 / Marketplace-Related Coverage and the Basic Health Program / Payments for risk adjustment,fiscal_year,2024,2024,2024,27,5
Health Insurance,Payments for risk adjustment,2025,7.0,Billions of dollars,51298-2022-06-healthinsurance.xlsx,Table 2,false,51298,Table 2. Net Federal Subsidies for Health Insurance Coverage for People Under Age 65 / Marketplace-Related Coverage and the Basic Health Program / Payments for risk adjustment,fiscal_year,2025,2025,2025,27,6
Health Insurance,Payments for risk adjustment,2026,7.0,Billions of dollars,51298-2022-06-healthinsurance.xlsx,Table 2,false,51298,Table 2. Net Federal Subsidies for Health Insurance Coverage for People Under Age 65 / Marketplace-Related Coverage and the Basic Health Program / Payments for risk adjustment,fiscal_year,2026,2026,2026,27,7
Health Insurance,Payments for risk adjustment,2027,8.0,Billions of dollars,51298-2022-06-healthinsurance.xlsx,Table 2,false,51298,Table 2. Net Federal Subsidies for Health Insurance Coverage for People Under Age 65 / Marketplace-Related Coverage and the Basic Health Program / Payments for risk adjustment,fiscal_year,2027,2027,2027,27,8
Health Insurance,Payments for risk adjustment,2028,8.0,Billions of dollars,51298-2022-06-healthinsurance.xlsx,Table 2,false,51298,Table 2. Net Federal Subsidies for Health Insurance Coverage for People Under Age 65 / Marketplace-Related Coverage and the Basic Health Program / Payments for risk adjustment,fiscal_year,2028,2028,2028,27,9
Health Insurance,Payments for risk adjustment,2029,9.0,Billions of dollars,51298-2022-06-healthinsurance.xlsx,Table 2,false,51298,Table 2. Net Federal Subsidies for Health Insurance Coverage for People Under Age 65 / Marketplace-Related Coverage and the Basic Health Program / Payments for risk adjustment,fiscal_year,2029,2029,2029,27,10
Health Insurance,Payments for risk adjustment,2030,9.0,Billions of dollars,51298-2022-06-healthinsurance.xlsx,Table 2,false,51298,Table 2. Net Federal Subsidies for Health Insurance Coverage for People Under Age 65 / Marketplace-Related Coverage and the Basic Health Program / Payments for risk adjustment,fiscal_year,2030,2030,2030,27,11
Health Insurance,Payments for risk adjustment,2031,9.0,Billions of dollars,51298-2022-06-healthinsurance.xlsx,Table 2,false,51298,Table 2. Net Federal Subsidies for Health Insurance Coverage for People Under Age 65 / Marketplace-Related Coverage and the Basic Health Program / Payments for risk adjustment,fiscal_year,2031,2031,2031,27,12
Health Insurance,Payments for risk adjustment,2032,11.0,Billions of dollars,51298-2022-06-healthinsurance.xlsx,Table 2,false,51298,Table 2. Net Federal Subsidies for Health Insurance Coverage for People Under Age 65 / Marketplace-Related Coverage and the Basic Health Program / Payments for risk adjustment,fiscal_year,2032,2032,2032,27,13
Health Insurance,n.a.,2022,89.0,Billions of dollars,51298-2022-06-healthinsurance.xlsx,Table 2,true,51298,Table 2. Net Federal Subsidies for Health Insurance Coverage for People Under Age 65 / Marketplace-Related Coverage and the Basic Health Program / Subtotal / n.a.,fiscal_year,2022,2022,2022,28,3
Health Insurance,n.a.,2023,67.0,Billions of dollars,51298-2022-06-healthinsurance.xlsx,Table 2,true,51298,Table 2. Net Federal Subsidies for Health Insurance Coverage for People Under Age 65 / Marketplace-Related Coverage and the Basic Health Program / Subtotal / n.a.,fiscal_year,2023,2023,2023,28,4
Health Insurance,n.a.,2024,67.0,Billions of dollars,51298-2022-06-healthinsurance.xlsx,Table 2,true,51298,Table 2. Net Federal Subsidies for Health Insurance Coverage for People Under Age 65 / Marketplace-Related Coverage and the Basic Health Program / Subtotal / n.a.,fiscal_year,2024,2024,2024,28,5
Health Insurance,n.a.,2025,74.0,Billions of dollars,51298-2022-06-healthinsurance.xlsx,Table 2,true,51298,Table 2. Net Federal Subsidies for Health Insurance Coverage for People Under Age 65 / Marketplace-Related Coverage and the Basic Health Program / Subtotal / n.a.,fiscal_year,2025,2025,2025,28,6
Health Insurance,n.a.,2026,78.0,Billions of dollars,51298-2022-06-healthinsurance.xlsx,Table 2,true,51298,Table 2. Net Federal Subsidies for Health Insurance Coverage for People Under Age 65 / Marketplace-Related Coverage and the Basic Health Program / Subtotal / n.a.,fiscal_year,2026,2026,2026,28,7
Health Insurance,n.a.,2027,81.0,Billions of dollars,51298-2022-06-healthinsurance.xlsx,Table 2,true,51298,Table 2. Net Federal Subsidies for Health Insurance Coverage for People Under Age 65 / Marketplace-Related Coverage and the Basic Health Program / Subtotal / n.a.,fiscal_year,2027,2027,2027,28,8
Health Insurance,n.a.,2028,85.0,Billions of dollars,51298-2022-06-healthinsurance.xlsx,Table 2,true,51298,Table 2. Net Federal Subsidies for Health Insurance Coverage for People Under Age 65 / Marketplace-Related Coverage and the Basic Health Program / Subtotal / n.a.,fiscal_year,2028,2028,2028,28,9
Health Insurance,n.a.,2029,90.0,Billions of dollars,51298-2022-06-healthinsurance.xlsx,Table 2,true,51298,Table 2. Net Federal Subsidies for Health Insurance Coverage for People Under Age 65 / Marketplace-Related Coverage and the Basic Health Program / Subtotal / n.a.,fiscal_year,2029,2029,2029,28,10
Health Insurance,n.a.,2030,94.0,Billions of dollars,51298-2022-06-healthinsurance.xlsx,Table 2,true,51298,Table 2. Net Federal Subsidies for Health Insurance Coverage for People Under Age 65 / Marketplace-Related Coverage and the Basic Health Program / Subtotal / n.a.,fiscal_year,2030,2030,2030,28,11
Health Insurance,n.a.,2031,102.0,Billions of dollars,51298-2022-06-healthinsurance.xlsx,Table 2,true,51298,Table 2. Net Federal Subsidies for Health Insurance Coverage for People Under Age 65 / Marketplace-Related Coverage and the Basic Health Program / Subtotal / n.a.,fiscal_year,2031,2031,2031,28,12
Health Insurance,n.a.,2032,111.0,Billions of dollars,51298-2022-06-healthinsurance.xlsx,Table 2,true,51298,Table 2. Net Federal Subsidies for Health Insurance Coverage for People Under Age 65 / Marketplace-Related Coverage and the Basic Health Program / Subtotal / n.a.,fiscal_year,2032,2032,2032,28,13
Health Insurance,Medicare,2022,131.0,Billions of dollars,51298-2022-06-healthinsurance.xlsx,Table 2,false,51298,Table 2. Net Federal Subsidies for Health Insurance Coverage for People Under Age 65 / Marketplace-Related Coverage and the Basic Health Program / Medicare,fiscal_year,2022,2022,2022,29,3
Health Insurance,Medicare,2023,136.0,Billions of dollars,51298-2022-06-healthinsurance.xlsx,Table 2,false,51298,Table 2. Net Federal Subsidies for Health Insurance Coverage for People Under Age 65 / Marketplace-Related Coverage and the Basic Health Program / Medicare,fiscal_year,2023,2023,2023,29,4
Health Insurance,Medicare,2024,142.0,Billions of dollars,51298-2022-06-healthinsurance.xlsx,Table 2,false,51298,Table 2. Net Federal Subsidies for Health Insurance Coverage for People Under Age 65 / Marketplace-Related Coverage and the Basic Health Program / Medicare,fiscal_year,2024,2024,2024,29,5
Health Insurance,Medicare,2025,150.0,Billions of dollars,51298-2022-06-healthinsurance.xlsx,Table 2,false,51298,Table 2. Net Federal Subsidies for Health Insurance Coverage for People Under Age 65 / Marketplace-Related Coverage and the Basic Health Program / Medicare,fiscal_year,2025,2025,2025,29,6
Health Insurance,Medicare,2026,160.0,Billions of dollars,51298-2022-06-healthinsurance.xlsx,Table 2,false,51298,Table 2. Net Federal Subsidies for Health Insurance Coverage for People Under Age 65 / Marketplace-Related Coverage and the Basic Health Program / Medicare,fiscal_year,2026,2026,2026,29,7
Health Insurance,Medicare,2027,170.0,Billions of dollars,51298-2022-06-healthinsurance.xlsx,Table 2,false,51298,Table 2. Net Federal Subsidies for Health Insurance Coverage for People Under Age 65 / Marketplace-Related Coverage and the Basic Health Program / Medicare,fiscal_year,2027,2027,2027,29,8
Health Insurance,Medicare,2028,179.0,Billions of dollars,51298-2022-06-healthinsurance.xlsx,Table 2,false,51298,Table 2. Net Federal Subsidies for Health Insurance Coverage for People Under Age 65 / Marketplace-Related Coverage and the Basic Health Program / Medicare,fiscal_year,2028,2028,2028,29,9
Health Insurance,Medicare,2029,185.0,Billions of dollars,51298-2022-06-healthinsurance.xlsx,Table 2,false,51298,Table 2. Net Federal Subsidies for Health Insurance Coverage for People Under Age 65 / Marketplace-Related Coverage and the Basic Health Program / Medicare,fiscal_year,2029,2029,2029,29,10
Health Insurance,Medicare,2030,196.0,Billions of dollars,51298-2022-06-healthinsurance.xlsx,Table 2,false,51298,Table 2. Net Federal Subsidies for Health Insurance Coverage for People Under Age 65 / Marketplace-Related Coverage and the Basic Health Program / Medicare,fiscal_year,2030,2030,2030,29,11
Health Insurance,Medicare,2031,206.0,Billions of dollars,51298-2022-06-healthinsurance.xlsx,Table 2,false,51298,Table 2. Net Federal Subsidies for Health Insurance Coverage for People Under Age 65 / Marketplace-Related Coverage and the Basic Health Program / Medicare,fiscal_year,2031,2031,2031,29,12
Health Insurance,Medicare,2032,221.0,Billions of dollars,51298-2022-06-healthinsurance.xlsx,Table 2,false,51298,Table 2. Net Federal Subsidies for Health Insurance Coverage for People Under Age 65 / Marketplace-Related Coverage and the Basic Health Program / Medicare,fiscal_year,2032,2032,2032,29,13
Health Insurance,n.a.,2022,998.0,Billions of dollars,51298-2022-06-healthinsurance.xlsx,Table 2,false,51298,Table 2. Net Federal Subsidies for Health Insurance Coverage for People Under Age 65 / Marketplace-Related Coverage and the Basic Health Program / Gross Subsidies / n.a.,fiscal_year,2022,2022,2022,30,3
Health Insurance,n.a.,2023,1008.0,Billions of dollars,51298-2022-06-healthinsurance.xlsx,Table 2,false,51298,Table 2. Net Federal Subsidies for Health Insurance Coverage for People Under Age 65 / Marketplace-Related Coverage and the Basic Health Program / Gross Subsidies / n.a.,fiscal_year,2023,2023,2023,30,4
Health Insurance,n.a.,2024,990.0,Billions of dollars,51298-2022-06-healthinsurance.xlsx,Table 2,false,51298,Table 2. Net Federal Subsidies for Health Insurance Coverage for People Under Age 65 / Marketplace-Related Coverage and the Basic Health Program / Gross Subsidies / n.a.,fiscal_year,2024,2024,2024,30,5
Health Insurance,n.a.,2025,1026.0,Billions of dollars,51298-2022-06-healthinsurance.xlsx,Table 2,false,51298,Table 2. Net Federal Subsidies for Health Insurance Coverage for People Under Age 65 / Marketplace-Related Coverage and the Basic Health Program / Gross Subsidies / n.a.,fiscal_year,2025,2025,2025,30,6
Health Insurance,n.a.,2026,1121.0,Billions of dollars,51298-2022-06-healthinsurance.xlsx,Table 2,false,51298,Table 2. Net Federal Subsidies for Health Insurance Coverage for People Under Age 65 / Marketplace-Related Coverage and the Basic Health Program / Gross Subsidies / n.a.,fiscal_year,2026,2026,2026,30,7
Health Insurance,n.a.,2027,1197.0,Billions of dollars,51298-2022-06-healthinsurance.xlsx,Table 2,false,51298,Table 2. Net Federal Subsidies for Health Insurance Coverage for People Under Age 65 / Marketplace-Related Coverage and the Basic Health Program / Gross Subsidies / n.a.,fiscal_year,2027,2027,2027,30,8
Health Insurance,n.a.,2028,1263.0,Billions of dollars,51298-2022-06-healthinsurance.xlsx,Table 2,false,51298,Table 2. Net Federal Subsidies for Health Insurance Coverage for People Under Age 65 / Marketplace-Related Coverage and the Basic Health Program / Gross Subsidies / n.a.,fiscal_year,2028,2028,2028,30,9
Health Insurance,n.a.,2029,1330.0,Billions of dollars,51298-2022-06-healthinsurance.xlsx,Table 2,false,51298,Table 2. Net Federal Subsidies for Health Insurance Coverage for People Under Age 65 / Marketplace-Related Coverage and the Basic Health Program / Gross Subsidies / n.a.,fiscal_year,2029,2029,2029,30,10
Health Insurance,n.a.,2030,1404.0,Billions of dollars,51298-2022-06-healthinsurance.xlsx,Table 2,false,51298,Table 2. Net Federal Subsidies for Health Insurance Coverage for People Under Age 65 / Marketplace-Related Coverage and the Basic Health Program / Gross Subsidies / n.a.,fiscal_year,2030,2030,2030,30,11
Health Insurance,n.a.,2031,1481.0,Billions of dollars,51298-2022-06-healthinsurance.xlsx,Table 2,false,51298,Table 2. Net Federal Subsidies for Health Insurance Coverage for People Under Age 65 / Marketplace-Related Coverage and the Basic Health Program / Gross Subsidies / n.a.,fiscal_year,2031,2031,2031,30,12
Health Insurance,n.a.,2032,1570.0,Billions of dollars,51298-2022-06-healthinsurance.xlsx,Table 2,false,51298,Table 2. Net Federal Subsidies for Health Insurance Coverage for People Under Age 65 / Marketplace-Related Coverage and the Basic Health Program / Gross Subsidies / n.a.,fiscal_year,2032,2032,2032,30,13
Health Insurance,n.a.,2023,-1.0,Billions of dollars,51298-2022-06-healthinsurance.xlsx,Table 2,false,51298,Table 2. Net Federal Subsidies for Health Insurance Coverage for People Under Age 65 / Marketplace-Related Coverage and the Basic Health Program / Gross Collections of Penalty Payments by Employers / n.a.,fiscal_year,2023,2023,2023,31,4
Health Insurance,n.a.,2024,-1.0,Billions of dollars,51298-2022-06-healthinsurance.xlsx,Table 2,false,51298,Table 2. Net Federal Subsidies for Health Insurance Coverage for People Under Age 65 / Marketplace-Related Coverage and the Basic Health Program / Gross Collections of Penalty Payments by Employers / n.a.,fiscal_year,2024,2024,2024,31,5
Health Insurance,n.a.,2025,-1.0,Billions of dollars,51298-2022-06-healthinsurance.xlsx,Table 2,false,51298,Table 2. Net Federal Subsidies for Health Insurance Coverage for People Under Age 65 / Marketplace-Related Coverage and the Basic Health Program / Gross Collections of Penalty Payments by Employers / n.a.,fiscal_year,2025,2025,2025,31,6
Health Insurance,n.a.,2026,-1.0,Billions of dollars,51298-2022-06-healthinsurance.xlsx,Table 2,false,51298,Table 2. Net Federal Subsidies for Health Insurance Coverage for People Under Age 65 / Marketplace-Related Coverage and the Basic Health Program / Gross Collections of Penalty Payments by Employers / n.a.,fiscal_year,2026,2026,2026,31,7
Health Insurance,n.a.,2027,-1.0,Billions of dollars,51298-2022-06-healthinsurance.xlsx,Table 2,false,51298,Table 2. Net Federal Subsidies for Health Insurance Coverage for People Under Age 65 / Marketplace-Related Coverage and the Basic Health Program / Gross Collections of Penalty Payments by Employers / n.a.,fiscal_year,2027,2027,2027,31,8
Health Insurance,n.a.,2028,-1.0,Billions of dollars,51298-2022-06-healthinsurance.xlsx,Table 2,false,51298,Table 2. Net Federal Subsidies for Health Insurance Coverage for People Under Age 65 / Marketplace-Related Coverage and the Basic Health Program / Gross Collections of Penalty Payments by Employers / n.a.,fiscal_year,2028,2028,2028,31,9
Health Insurance,n.a.,2029,-1.0,Billions of dollars,51298-2022-06-healthinsurance.xlsx,Table 2,false,51298,Table 2. Net Federal Subsidies for Health Insurance Coverage for People Under Age 65 / Marketplace-Related Coverage and the Basic Health Program / Gross Collections of Penalty Payments by Employers / n.a.,fiscal_year,2029,2029,2029,31,10
Health Insurance,n.a.,2030,-1.0,Billions of dollars,51298-2022-06-healthinsurance.xlsx,Table 2,false,51298,Table 2. Net Federal Subsidies for Health Insurance Coverage for People Under Age 65 / Marketplace-Related Coverage and the Basic Health Program / Gross Collections of Penalty Payments by Employers / n.a.,fiscal_year,2030,2030,2030,31,11
Health Insurance,n.a.,2031,-1.0,Billions of dollars,51298-2022-06-healthinsurance.xlsx,Table 2,false,51298,Table 2. Net Federal Subsidies for Health Insurance Coverage for People Under Age 65 / Marketplace-Related Coverage and the Basic Health Program / Gross Collections of Penalty Payments by Employers / n.a.,fiscal_year,2031,2031,2031,31,12
Health Insurance,n.a.,2032,-1.0,Billions of dollars,51298-2022-06-healthinsurance.xlsx,Table 2,false,51298,Table 2. Net Federal Subsidies for Health Insurance Coverage for People Under Age 65 / Marketplace-Related Coverage and the Basic Health Program / Gross Collections of Penalty Payments by Employers / n.a.,fiscal_year,2032,2032,2032,31,13
Health Insurance,n.a.,2022,997.0,Billions of dollars,51298-2022-06-healthinsurance.xlsx,Table 2,false,51298,Table 2. Net Federal Subsidies for Health Insurance Coverage for People Under Age 65 / Marketplace-Related Coverage and the Basic Health Program / Net Subsidies / n.a.,fiscal_year,2022,2022,2022,32,3
Health Insurance,n.a.,2023,1007.0,Billions of dollars,51298-2022-06-healthinsurance.xlsx,Table 2,false,51298,Table 2. Net Federal Subsidies for Health Insurance Coverage for People Under Age 65 / Marketplace-Related Coverage and the Basic Health Program / Net Subsidies / n.a.,fiscal_year,2023,2023,2023,32,4
Health Insurance,n.a.,2024,989.0,Billions of dollars,51298-2022-06-healthinsurance.xlsx,Table 2,false,51298,Table 2. Net Federal Subsidies for Health Insurance Coverage for People Under Age 65 / Marketplace-Related Coverage and the Basic Health Program / Net Subsidies / n.a.,fiscal_year,2024,2024,2024,32,5
Health Insurance,n.a.,2025,1025.0,Billions of dollars,51298-2022-06-healthinsurance.xlsx,Table 2,false,51298,Table 2. Net Federal Subsidies for Health Insurance Coverage for People Under Age 65 / Marketplace-Related Coverage and the Basic Health Program / Net Subsidies / n.a.,fiscal_year,2025,2025,2025,32,6
Health Insurance,n.a.,2026,1120.0,Billions of dollars,51298-2022-06-healthinsurance.xlsx,Table 2,false,51298,Table 2. Net Federal Subsidies for Health Insurance Coverage for People Under Age 65 / Marketplace-Related Coverage and the Basic Health Program / Net Subsidies / n.a.,fiscal_year,2026,2026,2026,32,7
Health Insurance,n.a.,2027,1196.0,Billions of dollars,51298-2022-06-healthinsurance.xlsx,Table 2,false,51298,Table 2. Net Federal Subsidies for Health Insurance Coverage for People Under Age 65 / Marketplace-Related Coverage and the Basic Health Program / Net Subsidies / n.a.,fiscal_year,2027,2027,2027,32,8
Health Insurance,n.a.,2028,1262.0,Billions of dollars,51298-2022-06-healthinsurance.xlsx,Table 2,false,51298,Table 2. Net Federal Subsidies for Health Insurance Coverage for People Under Age 65 / Marketplace-Related Coverage and the Basic Health Program / Net Subsidies / n.a.,fiscal_year,2028,2028,2028,32,9
Health Insurance,n.a.,2029,1329.0,Billions of dollars,51298-2022-06-healthinsurance.xlsx,Table 2,false,51298,Table 2. Net Federal Subsidies for Health Insurance Coverage for People Under Age 65 / Marketplace-Related Coverage and the Basic Health Program / Net Subsidies / n.a.,fiscal_year,2029,2029,2029,32,10
Health Insurance,n.a.,2030,1403.0,Billions of dollars,51298-2022-06-healthinsurance.xlsx,Table 2,false,51298,Table 2. Net Federal Subsidies for Health Insurance Coverage for People Under Age 65 / Marketplace-Related Coverage and the Basic Health Program / Net Subsidies / n.a.,fiscal_year,2030,2030,2030,32,11
Health Insurance,n.a.,2031,1480.0,Billions of dollars,51298-2022-06-healthinsurance.xlsx,Table 2,false,51298,Table 2. Net Federal Subsidies for Health Insurance Coverage for People Under Age 65 / Marketplace-Related Coverage and the Basic Health Program / Net Subsidies / n.a.,fiscal_year,2031,2031,2031,32,12
Health Insurance,n.a.,2032,1569.0,Billions of dollars,51298-2022-06-healthinsurance.xlsx,Table 2,false,51298,Table 2. Net Federal Subsidies for Health Insurance Coverage for People Under Age 65 / Marketplace-Related Coverage and the Basic Health Program / Net Subsidies / n.a.,fiscal_year,2032,2032,2032,32,13
Health Insurance,n.a.,2022,4.04,Billions of dollars,51298-2022-06-healthinsurance.xlsx,Table 2,false,51298,Table 2. Net Federal Subsidies for Health Insurance Coverage for People Under Age 65 / Memorandum / Gross subsidies as a percentage of GDP / n.a.,fiscal_year,2022,2022,2022,34,3
Health Insurance,n.a.,2023,3.84,Billions of dollars,51298-2022-06-healthinsurance.xlsx,Table 2,false,51298,Table 2. Net Federal Subsidies for Health Insurance Coverage for People Under Age 65 / Memorandum / Gross subsidies as a percentage of GDP / n.a.,fiscal_year,2023,2023,2023,34,4
Health Insurance,n.a.,2024,3.63,Billions of dollars,51298-2022-06-healthinsurance.xlsx,Table 2,false,51298,Table 2. Net Federal Subsidies for Health Insurance Coverage for People Under Age 65 / Memorandum / Gross subsidies as a percentage of GDP / n.a.,fiscal_year,2024,2024,2024,34,5
Health Insurance,n.a.,2025,3.63,Billions of dollars,51298-2022-06-healthinsurance.xlsx,Table 2,false,51298,Table 2. Net Federal Subsidies for Health Insurance Coverage for People Under Age 65 / Memorandum / Gross subsidies as a percentage of GDP / n.a.,fiscal_year,2025,2025,2025,34,6
Health Insurance,n.a.,2026,3.83,Billions of dollars,51298-2022-06-healthinsurance.xlsx,Table 2,false,51298,Table 2. Net Federal Subsidies for Health Insurance Coverage for People Under Age 65 / Memorandum / Gross subsidies as a percentage of GDP / n.a.,fiscal_year,2026,2026,2026,34,7
Health Insurance,n.a.,2027,3.95,Billions of dollars,51298-2022-06-healthinsurance.xlsx,Table 2,false,51298,Table 2. Net Federal Subsidies for Health Insurance Coverage for People Under Age 65 / Memorandum / Gross subsidies as a percentage of GDP / n.a.,fiscal_year,2027,2027,2027,34,8
Health Insurance,n.a.,2028,4.01,Billions of dollars,51298-2022-06-healthinsurance.xlsx,Table 2,false,51298,Table 2. Net Federal Subsidies for Health Insurance Coverage for People Under Age 65 / Memorandum / Gross subsidies as a percentage of GDP / n.a.,fiscal_year,2028,2028,2028,34,9
Health Insurance,n.a.,2029,4.06,Billions of dollars,51298-2022-06-healthinsurance.xlsx,Table 2,false,51298,Table 2. Net Federal Subsidies for Health Insurance Coverage for People Under Age 65 / Memorandum / Gross subsidies as a percentage of GDP / n.a.,fiscal_year,2029,2029,2029,34,10
Health Insurance,n.a.,2030,4.13,Billions of dollars,51298-2022-06-healthinsurance.xlsx,Table 2,false,51298,Table 2. Net Federal Subsidies for Health Insurance Coverage for People Under Age 65 / Memorandum / Gross subsidies as a percentage of GDP / n.a.,fiscal_year,2030,2030,2030,34,11
Health Insurance,n.a.,2031,4.19,Billions of dollars,51298-2022-06-healthinsurance.xlsx,Table 2,false,51298,Table 2. Net Federal Subsidies for Health Insurance Coverage for People Under Age 65 / Memorandum / Gross subsidies as a percentage of GDP / n.a.,fiscal_year,2031,2031,2031,34,12
Health Insurance,n.a.,2032,4.28,Billions of dollars,51298-2022-06-healthinsurance.xlsx,Table 2,false,51298,Table 2. Net Federal Subsidies for Health Insurance Coverage for People Under Age 65 / Memorandum / Gross subsidies as a percentage of GDP / n.a.,fiscal_year,2032,2032,2032,34,13
Health Insurance,n.a.,2022,4.04,Billions of dollars,51298-2022-06-healthinsurance.xlsx,Table 2,false,51298,Table 2. Net Federal Subsidies for Health Insurance Coverage for People Under Age 65 / Memorandum / Net subsidies as a percentage of GDP / n.a.,fiscal_year,2022,2022,2022,35,3
Health Insurance,n.a.,2023,3.84,Billions of dollars,51298-2022-06-healthinsurance.xlsx,Table 2,false,51298,Table 2. Net Federal Subsidies for Health Insurance Coverage for People Under Age 65 / Memorandum / Net subsidies as a percentage of GDP / n.a.,fiscal_year,2023,2023,2023,35,4
Health Insurance,n.a.,2024,3.62,Billions of dollars,51298-2022-06-healthinsurance.xlsx,Table 2,false,51298,Table 2. Net Federal Subsidies for Health Insurance Coverage for People Under Age 65 / Memorandum / Net subsidies as a percentage of GDP / n.a.,fiscal_year,2024,2024,2024,35,5
Health Insurance,n.a.,2025,3.63,Billions of dollars,51298-2022-06-healthinsurance.xlsx,Table 2,false,51298,Table 2. Net Federal Subsidies for Health Insurance Coverage for People Under Age 65 / Memorandum / Net subsidies as a percentage of GDP / n.a.,fiscal_year,2025,2025,2025,35,6
Health Insurance,n.a.,2026,3.83,Billions of dollars,51298-2022-06-healthinsurance.xlsx,Table 2,false,51298,Table 2. Net Federal Subsidies for Health Insurance Coverage for People Under Age 65 / Memorandum / Net subsidies as a percentage of GDP / n.a.,fiscal_year,2026,2026,2026,35,7
Health Insurance,n.a.,2027,3.94,Billions of dollars,51298-2022-06-healthinsurance.xlsx,Table 2,false,51298,Table 2. Net Federal Subsidies for Health Insurance Coverage for People Under Age 65 / Memorandum / Net subsidies as a percentage of GDP / n.a.,fiscal_year,2027,2027,2027,35,8
Health Insurance,n.a.,2028,4.01,Billions of dollars,51298-2022-06-healthinsurance.xlsx,Table 2,false,51298,Table 2. Net Federal Subsidies for Health Insurance Coverage for People Under Age 65 / Memorandum / Net subsidies as a percentage of GDP / n.a.,fiscal_year,2028,2028,2028,35,9
Health Insurance,n.a.,2029,4.06,Billions of dollars,51298-2022-06-healthinsurance.xlsx,Table 2,false,51298,Table 2. Net Federal Subsidies for Health Insurance Coverage for People Under Age 65 / Memorandum / Net subsidies as a percentage of GDP / n.a.,fiscal_year,2029,2029,2029,35,10
Health Insurance,n.a.,2030,4.13,Billions of dollars,51298-2022-06-healthinsurance.xlsx,Table 2,false,51298,Table 2. Net Federal Subsidies for Health Insurance Coverage for People Under Age 65 / Memorandum / Net subsidies as a percentage of GDP / n.a.,fiscal_year,2030,2030,2030,35,11
Health Insurance,n.a.,2031,4.19,Billions of dollars,51298-2022-06-healthinsurance.xlsx,Table 2,false,51298,Table 2. Net Federal Subsidies for Health Insurance Coverage for People Under Age 65 / Memorandum / Net subsidies as a percentage of GDP / n.a.,fiscal_year,2031,2031,2031,35,12
Health Insurance,n.a.,2032,4.28,Billions of dollars,51298-2022-06-healthinsurance.xlsx,Table 2,false,51298,Table 2. Net Federal Subsidies for Health Insurance Coverage for People Under Age 65 / Memorandum / Net subsidies as a percentage of GDP / n.a.,fiscal_year,2032,2032,2032,35,13
