program,category,fiscal_year,value,unit,source_file,source_sheet,is_total
Healthinsurance,Total Population Under Age 65,2019,272.611306,"Millions of People, by Calendar Year",51298-2020-09-healthinsurance.xlsx,Table 1-1,true
Healthinsurance,Total Population Under Age 65,2020,272.963227,"Millions of People, by Calendar Year",51298-2020-09-healthinsurance.xlsx,Table 1-1,true
Healthinsurance,Total Population Under Age 65,2021,273.392321,"Millions of People, by Calendar Year",51298-2020-09-healthinsurance.xlsx,Table 1-1,true
Healthinsurance,Total Population Under Age 65,2022,273.8118,"Millions of People, by Calendar Year",51298-2020-09-healthinsurance.xlsx,Table 1-1,true
Healthinsurance,Total Population Under Age 65,2023,274.217522,"Millions of People, by Calendar Year",51298-2020-09-healthinsurance.xlsx,Table 1-1,true
Healthinsurance,Total Population Under Age 65,2024,274.721256,"Millions of People, by Calendar Year",51298-2020-09-healthinsurance.xlsx,Table 1-1,true
Healthinsurance,Total Population Under Age 65,2025,275.181939,"Millions of People, by Calendar Year",51298-2020-09-healthinsurance.xlsx,Table 1-1,true
Healthinsurance,Total Population Under Age 65,2026,275.559702,"Millions of People, by Calendar Year",51298-2020-09-healthinsurance.xlsx,Table 1-1,true
Healthinsurance,Total Population Under Age 65,2027,276.011327,"Millions of People, by Calendar Year",51298-2020-09-healthinsurance.xlsx,Table 1-1,true
Healthinsurance,Total Population Under Age 65,2028,276.498465,"Millions of People, by Calendar Year",51298-2020-09-healthinsurance.xlsx,Table 1-1,true
Healthinsurance,Total Population Under Age 65,2029,277.039089,"Millions of People, by Calendar Year",51298-2020-09-healthinsurance.xlsx,Table 1-1,true
Healthinsurance,Employment-Based Coverage,2019,158.85139498409808,"Millions of People, by Calendar Year",51298-2020-09-healthinsurance.xlsx,Table 1-1,false
Healthinsurance,Employment-Based Coverage,2020,158.73712594550565,"Millions of People, by Calendar Year",51298-2020-09-healthinsurance.xlsx,Table 1-1,false
Healthinsurance,Employment-Based Coverage,2021,158.37718269669773,"Millions of People, by Calendar Year",51298-2020-09-healthinsurance.xlsx,Table 1-1,false
Healthinsurance,Employment-Based Coverage,2022,158.2783405311059,"Millions of People, by Calendar Year",51298-2020-09-healthinsurance.xlsx,Table 1-1,false
Healthinsurance,Employment-Based Coverage,2023,158.06192240356282,"Millions of People, by Calendar Year",51298-2020-09-healthinsurance.xlsx,Table 1-1,false
Healthinsurance,Employment-Based Coverage,2024,157.96175281224535,"Millions of People, by Calendar Year",51298-2020-09-healthinsurance.xlsx,Table 1-1,false
Healthinsurance,Employment-Based Coverage,2025,157.73004508570904,"Millions of People, by Calendar Year",51298-2020-09-healthinsurance.xlsx,Table 1-1,false
Healthinsurance,Employment-Based Coverage,2026,157.8709114642673,"Millions of People, by Calendar Year",51298-2020-09-healthinsurance.xlsx,Table 1-1,false
Healthinsurance,Employment-Based Coverage,2027,157.8835394840483,"Millions of People, by Calendar Year",51298-2020-09-healthinsurance.xlsx,Table 1-1,false
Healthinsurance,Employment-Based Coverage,2028,158.10908725253248,"Millions of People, by Calendar Year",51298-2020-09-healthinsurance.xlsx,Table 1-1,false
Healthinsurance,Employment-Based Coverage,2029,158.16963251905932,"Millions of People, by Calendar Year",51298-2020-09-healthinsurance.xlsx,Table 1-1,false
Healthinsurance,Blind and Disabled,2019,7.03,"Millions of People, by Calendar Year",51298-2020-09-healthinsurance.xlsx,Table 1-1,false
Healthinsurance,Blind and Disabled,2020,7.0,"Millions of People, by Calendar Year",51298-2020-09-healthinsurance.xlsx,Table 1-1,false
Healthinsurance,Blind and Disabled,2021,6.99,"Millions of People, by Calendar Year",51298-2020-09-healthinsurance.xlsx,Table 1-1,false
Healthinsurance,Blind and Disabled,2022,7.01,"Millions of People, by Calendar Year",51298-2020-09-healthinsurance.xlsx,Table 1-1,false
Healthinsurance,Blind and Disabled,2023,7.04,"Millions of People, by Calendar Year",51298-2020-09-healthinsurance.xlsx,Table 1-1,false
Healthinsurance,Blind and Disabled,2024,7.08,"Millions of People, by Calendar Year",51298-2020-09-healthinsurance.xlsx,Table 1-1,false
Healthinsurance,Blind and Disabled,2025,7.14,"Millions of People, by Calendar Year",51298-2020-09-healthinsurance.xlsx,Table 1-1,false
Healthinsurance,Blind and Disabled,2026,7.19,"Millions of People, by Calendar Year",51298-2020-09-healthinsurance.xlsx,Table 1-1,false
Healthinsurance,Blind and Disabled,2027,7.26,"Millions of People, by Calendar Year",51298-2020-09-healthinsurance.xlsx,Table 1-1,false
Healthinsurance,Blind and Disabled,2028,7.33,"Millions of People, by Calendar Year",51298-2020-09-healthinsurance.xlsx,Table 1-1,false
Healthinsurance,Blind and Disabled,2029,7.4,"Millions of People, by Calendar Year",51298-2020-09-healthinsurance.xlsx,Table 1-1,false
Healthinsurance,Children,2019,29.84,"Millions of People, by Calendar Year",51298-2020-09-healthinsurance.xlsx,Table 1-1,false
Healthinsurance,Children,2020,29.59,"Millions of People, by Calendar Year",51298-2020-09-healthinsurance.xlsx,Table 1-1,false
Healthinsurance,Children,2021,29.7,"Millions of People, by Calendar Year",51298-2020-09-healthinsurance.xlsx,Table 1-1,false
Healthinsurance,Children,2022,29.92,"Millions of People, by Calendar Year",51298-2020-09-healthinsurance.xlsx,Table 1-1,false
Healthinsurance,Children,2023,30.07,"Millions of People, by Calendar Year",51298-2020-09-healthinsurance.xlsx,Table 1-1,false
Healthinsurance,Children,2024,30.14,"Millions of People, by Calendar Year",51298-2020-09-healthinsurance.xlsx,Table 1-1,false
Healthinsurance,Children,2025,30.18,"Millions of People, by Calendar Year",51298-2020-09-healthinsurance.xlsx,Table 1-1,false
Healthinsurance,Children,2026,30.2,"Millions of People, by Calendar Year",51298-2020-09-healthinsurance.xlsx,Table 1-1,false
Healthinsurance,Children,2027,30.22,"Millions of People, by Calendar Year",51298-2020-09-healthinsurance.xlsx,Table 1-1,false
Healthinsurance,Children,2028,30.25,"Millions of People, by Calendar Year",51298-2020-09-healthinsurance.xlsx,Table 1-1,false
Healthinsurance,Children,2029,30.28,"Millions of People, by Calendar Year",51298-2020-09-healthinsurance.xlsx,Table 1-1,false
Healthinsurance,Adults Made Eligible for Medicaid by the ACA,2019,11.96,"Millions of People, by Calendar Year",51298-2020-09-healthinsurance.xlsx,Table 1-1,false
Healthinsurance,Adults Made Eligible for Medicaid by the ACA,2020,12.09,"Millions of People, by Calendar Year",51298-2020-09-healthinsurance.xlsx,Table 1-1,false
Healthinsurance,Adults Made Eligible for Medicaid by the ACA,2021,12.39,"Millions of People, by Calendar Year",51298-2020-09-healthinsurance.xlsx,Table 1-1,false
Healthinsurance,Adults Made Eligible for Medicaid by the ACA,2022,12.79,"Millions of People, by Calendar Year",51298-2020-09-healthinsurance.xlsx,Table 1-1,false
Healthinsurance,Adults Made Eligible for Medicaid by the ACA,2023,13.12,"Millions of People, by Calendar Year",51298-2020-09-healthinsurance.xlsx,Table 1-1,false
Healthinsurance,Adults Made Eligible for Medicaid by the ACA,2024,13.39,"Millions of People, by Calendar Year",51298-2020-09-healthinsurance.xlsx,Table 1-1,false
Healthinsurance,Adults Made Eligible for Medicaid by the ACA,2025,13.61,"Millions of People, by Calendar Year",51298-2020-09-healthinsurance.xlsx,Table 1-1,false
Healthinsurance,Adults Made Eligible for Medicaid by the ACA,2026,13.79,"Millions of People, by Calendar Year",51298-2020-09-healthinsurance.xlsx,Table 1-1,false
Healthinsurance,Adults Made Eligible for Medicaid by the ACA,2027,13.91,"Millions of People, by Calendar Year",51298-2020-09-healthinsurance.xlsx,Table 1-1,false
Healthinsurance,Adults Made Eligible for Medicaid by the ACA,2028,14.0,"Millions of People, by Calendar Year",51298-2020-09-healthinsurance.xlsx,Table 1-1,false
Healthinsurance,Adults Made Eligible for Medicaid by the ACA,2029,14.08,"Millions of People, by Calendar Year",51298-2020-09-healthinsurance.xlsx,Table 1-1,false
Healthinsurance,Otherwise eligible for Medicaid,2019,12.58,"Millions of People, by Calendar Year",51298-2020-09-healthinsurance.xlsx,Table 1-1,false
Healthinsurance,Otherwise eligible for Medicaid,2020,12.44,"Millions of People, by Calendar Year",51298-2020-09-healthinsurance.xlsx,Table 1-1,false
Healthinsurance,Otherwise eligible for Medicaid,2021,12.42,"Millions of People, by Calendar Year",51298-2020-09-healthinsurance.xlsx,Table 1-1,false
Healthinsurance,Otherwise eligible for Medicaid,2022,12.48,"Millions of People, by Calendar Year",51298-2020-09-healthinsurance.xlsx,Table 1-1,false
Healthinsurance,Otherwise eligible for Medicaid,2023,12.52,"Millions of People, by Calendar Year",51298-2020-09-healthinsurance.xlsx,Table 1-1,false
Healthinsurance,Otherwise eligible for Medicaid,2024,12.54,"Millions of People, by Calendar Year",51298-2020-09-healthinsurance.xlsx,Table 1-1,false
Healthinsurance,Otherwise eligible for Medicaid,2025,12.58,"Millions of People, by Calendar Year",51298-2020-09-healthinsurance.xlsx,Table 1-1,false
Healthinsurance,Otherwise eligible for Medicaid,2026,12.61,"Millions of People, by Calendar Year",51298-2020-09-healthinsurance.xlsx,Table 1-1,false
Healthinsurance,Otherwise eligible for Medicaid,2027,12.63,"Millions of People, by Calendar Year",51298-2020-09-healthinsurance.xlsx,Table 1-1,false
Healthinsurance,Otherwise eligible for Medicaid,2028,12.63,"Millions of People, by Calendar Year",51298-2020-09-healthinsurance.xlsx,Table 1-1,false
Healthinsurance,Otherwise eligible for Medicaid,2029,12.63,"Millions of People, by Calendar Year",51298-2020-09-healthinsurance.xlsx,Table 1-1,false
Healthinsurance,CHIP,2019,6.987778097356189,"Millions of People, by Calendar Year",51298-2020-09-healthinsurance.xlsx,Table 1-1,false
Healthinsurance,CHIP,2020,6.929103926959699,"Millions of People, by Calendar Year",51298-2020-09-healthinsurance.xlsx,Table 1-1,false
Healthinsurance,CHIP,2021,6.895531079144609,"Millions of People, by Calendar Year",51298-2020-09-healthinsurance.xlsx,Table 1-1,false
Healthinsurance,CHIP,2022,6.889261239679753,"Millions of People, by Calendar Year",51298-2020-09-healthinsurance.xlsx,Table 1-1,false
Healthinsurance,CHIP,2023,6.887691653567511,"Millions of People, by Calendar Year",51298-2020-09-healthinsurance.xlsx,Table 1-1,false
Healthinsurance,CHIP,2024,6.899219883902938,"Millions of People, by Calendar Year",51298-2020-09-healthinsurance.xlsx,Table 1-1,false
Healthinsurance,CHIP,2025,6.903546730446964,"Millions of People, by Calendar Year",51298-2020-09-healthinsurance.xlsx,Table 1-1,false
Healthinsurance,CHIP,2026,6.905810982503455,"Millions of People, by Calendar Year",51298-2020-09-healthinsurance.xlsx,Table 1-1,false
Healthinsurance,CHIP,2027,6.912527511890428,"Millions of People, by Calendar Year",51298-2020-09-healthinsurance.xlsx,Table 1-1,false
Healthinsurance,CHIP,2028,6.9301692156899355,"Millions of People, by Calendar Year",51298-2020-09-healthinsurance.xlsx,Table 1-1,false
Healthinsurance,CHIP,2029,6.947855943500185,"Millions of People, by Calendar Year",51298-2020-09-healthinsurance.xlsx,Table 1-1,false
Healthinsurance,Subtotal,2019,68.39777809735618,"Millions of People, by Calendar Year",51298-2020-09-healthinsurance.xlsx,Table 1-1,true
Healthinsurance,Subtotal,2020,68.0491039269597,"Millions of People, by Calendar Year",51298-2020-09-healthinsurance.xlsx,Table 1-1,true
Healthinsurance,Subtotal,2021,68.3955310791446,"Millions of People, by Calendar Year",51298-2020-09-healthinsurance.xlsx,Table 1-1,true
Healthinsurance,Subtotal,2022,69.08926123967976,"Millions of People, by Calendar Year",51298-2020-09-healthinsurance.xlsx,Table 1-1,true
Healthinsurance,Subtotal,2023,69.63769165356752,"Millions of People, by Calendar Year",51298-2020-09-healthinsurance.xlsx,Table 1-1,true
Healthinsurance,Subtotal,2024,70.04921988390294,"Millions of People, by Calendar Year",51298-2020-09-healthinsurance.xlsx,Table 1-1,true
Healthinsurance,Subtotal,2025,70.41354673044697,"Millions of People, by Calendar Year",51298-2020-09-healthinsurance.xlsx,Table 1-1,true
Healthinsurance,Subtotal,2026,70.69581098250346,"Millions of People, by Calendar Year",51298-2020-09-healthinsurance.xlsx,Table 1-1,true
Healthinsurance,Subtotal,2027,70.93252751189043,"Millions of People, by Calendar Year",51298-2020-09-healthinsurance.xlsx,Table 1-1,true
Healthinsurance,Subtotal,2028,71.14016921568992,"Millions of People, by Calendar Year",51298-2020-09-healthinsurance.xlsx,Table 1-1,true
Healthinsurance,Subtotal,2029,71.33785594350019,"Millions of People, by Calendar Year",51298-2020-09-healthinsurance.xlsx,Table 1-1,true
Healthinsurance,Subsidized,2019,8.09568580766536,"Millions of People, by Calendar Year",51298-2020-09-healthinsurance.xlsx,Table 1-1,false
Healthinsurance,Subsidized,2020,7.7194507258262774,"Millions of People, by Calendar Year",51298-2020-09-healthinsurance.xlsx,Table 1-1,false
Healthinsurance,Subsidized,2021,7.171534178099607,"Millions of People, by Calendar Year",51298-2020-09-healthinsurance.xlsx,Table 1-1,false
Healthinsurance,Subsidized,2022,6.974103055795799,"Millions of People, by Calendar Year",51298-2020-09-healthinsurance.xlsx,Table 1-1,false
Healthinsurance,Subsidized,2023,6.8421361766096656,"Millions of People, by Calendar Year",51298-2020-09-healthinsurance.xlsx,Table 1-1,false
Healthinsurance,Subsidized,2024,6.6817868563152665,"Millions of People, by Calendar Year",51298-2020-09-healthinsurance.xlsx,Table 1-1,false
Healthinsurance,Subsidized,2025,6.637739270030255,"Millions of People, by Calendar Year",51298-2020-09-healthinsurance.xlsx,Table 1-1,false
Healthinsurance,Subsidized,2026,6.439911636099074,"Millions of People, by Calendar Year",51298-2020-09-healthinsurance.xlsx,Table 1-1,false
Healthinsurance,Subsidized,2027,6.20572931278116,"Millions of People, by Calendar Year",51298-2020-09-healthinsurance.xlsx,Table 1-1,false
Healthinsurance,Subsidized,2028,6.08225042756676,"Millions of People, by Calendar Year",51298-2020-09-healthinsurance.xlsx,Table 1-1,false
Healthinsurance,Subsidized,2029,6.006829201508282,"Millions of People, by Calendar Year",51298-2020-09-healthinsurance.xlsx,Table 1-1,false
Healthinsurance,Unsubsidized,2019,1.2374860779398684,"Millions of People, by Calendar Year",51298-2020-09-healthinsurance.xlsx,Table 1-1,false
Healthinsurance,Unsubsidized,2020,0.95368573614964,"Millions of People, by Calendar Year",51298-2020-09-healthinsurance.xlsx,Table 1-1,false
Healthinsurance,Unsubsidized,2021,0.982431791476259,"Millions of People, by Calendar Year",51298-2020-09-healthinsurance.xlsx,Table 1-1,false
Healthinsurance,Unsubsidized,2022,0.9620397882118854,"Millions of People, by Calendar Year",51298-2020-09-healthinsurance.xlsx,Table 1-1,false
Healthinsurance,Unsubsidized,2023,0.9597972168054584,"Millions of People, by Calendar Year",51298-2020-09-healthinsurance.xlsx,Table 1-1,false
Healthinsurance,Unsubsidized,2024,0.9464575252663632,"Millions of People, by Calendar Year",51298-2020-09-healthinsurance.xlsx,Table 1-1,false
Healthinsurance,Unsubsidized,2025,0.9972760049407507,"Millions of People, by Calendar Year",51298-2020-09-healthinsurance.xlsx,Table 1-1,false
Healthinsurance,Unsubsidized,2026,0.9475253772405772,"Millions of People, by Calendar Year",51298-2020-09-healthinsurance.xlsx,Table 1-1,false
Healthinsurance,Unsubsidized,2027,0.9522533827971591,"Millions of People, by Calendar Year",51298-2020-09-healthinsurance.xlsx,Table 1-1,false
Healthinsurance,Unsubsidized,2028,0.9463609928439705,"Millions of People, by Calendar Year",51298-2020-09-healthinsurance.xlsx,Table 1-1,false
Healthinsurance,Unsubsidized,2029,0.9556752837951403,"Millions of People, by Calendar Year",51298-2020-09-healthinsurance.xlsx,Table 1-1,false
Healthinsurance,Subtotal,2019,9.333171885605228,"Millions of People, by Calendar Year",51298-2020-09-healthinsurance.xlsx,Table 1-1,true
Healthinsurance,Subtotal,2020,8.673136461975918,"Millions of People, by Calendar Year",51298-2020-09-healthinsurance.xlsx,Table 1-1,true
Healthinsurance,Subtotal,2021,8.153965969575866,"Millions of People, by Calendar Year",51298-2020-09-healthinsurance.xlsx,Table 1-1,true
Healthinsurance,Subtotal,2022,7.9361428440076835,"Millions of People, by Calendar Year",51298-2020-09-healthinsurance.xlsx,Table 1-1,true
Healthinsurance,Subtotal,2023,7.801933393415124,"Millions of People, by Calendar Year",51298-2020-09-healthinsurance.xlsx,Table 1-1,true
Healthinsurance,Subtotal,2024,7.62824438158163,"Millions of People, by Calendar Year",51298-2020-09-healthinsurance.xlsx,Table 1-1,true
Healthinsurance,Subtotal,2025,7.635015274971005,"Millions of People, by Calendar Year",51298-2020-09-healthinsurance.xlsx,Table 1-1,true
Healthinsurance,Subtotal,2026,7.387437013339651,"Millions of People, by Calendar Year",51298-2020-09-healthinsurance.xlsx,Table 1-1,true
Healthinsurance,Subtotal,2027,7.157982695578319,"Millions of People, by Calendar Year",51298-2020-09-healthinsurance.xlsx,Table 1-1,true
Healthinsurance,Subtotal,2028,7.02861142041073,"Millions of People, by Calendar Year",51298-2020-09-healthinsurance.xlsx,Table 1-1,true
Healthinsurance,Subtotal,2029,6.962504485303422,"Millions of People, by Calendar Year",51298-2020-09-healthinsurance.xlsx,Table 1-1,true
Healthinsurance,Nongroup coverage purchased outside marketplaces,2019,4.808551847258087,"Millions of People, by Calendar Year",51298-2020-09-healthinsurance.xlsx,Table 1-1,false
Healthinsurance,Nongroup coverage purchased outside marketplaces,2020,4.653606947948661,"Millions of People, by Calendar Year",51298-2020-09-healthinsurance.xlsx,Table 1-1,false
Healthinsurance,Nongroup coverage purchased outside marketplaces,2021,4.349878619194177,"Millions of People, by Calendar Year",51298-2020-09-healthinsurance.xlsx,Table 1-1,false
Healthinsurance,Nongroup coverage purchased outside marketplaces,2022,4.249986825100686,"Millions of People, by Calendar Year",51298-2020-09-healthinsurance.xlsx,Table 1-1,false
Healthinsurance,Nongroup coverage purchased outside marketplaces,2023,4.303991645315287,"Millions of People, by Calendar Year",51298-2020-09-healthinsurance.xlsx,Table 1-1,false
Healthinsurance,Nongroup coverage purchased outside marketplaces,2024,4.362944851126021,"Millions of People, by Calendar Year",51298-2020-09-healthinsurance.xlsx,Table 1-1,false
Healthinsurance,Nongroup coverage purchased outside marketplaces,2025,4.462923221232568,"Millions of People, by Calendar Year",51298-2020-09-healthinsurance.xlsx,Table 1-1,false
Healthinsurance,Nongroup coverage purchased outside marketplaces,2026,4.415751850964717,"Millions of People, by Calendar Year",51298-2020-09-healthinsurance.xlsx,Table 1-1,false
Healthinsurance,Nongroup coverage purchased outside marketplaces,2027,4.4387357929431985,"Millions of People, by Calendar Year",51298-2020-09-healthinsurance.xlsx,Table 1-1,false
Healthinsurance,Nongroup coverage purchased outside marketplaces,2028,4.349151018151895,"Millions of People, by Calendar Year",51298-2020-09-healthinsurance.xlsx,Table 1-1,false
Healthinsurance,Nongroup coverage purchased outside marketplaces,2029,4.394599446433952,"Millions of People, by Calendar Year",51298-2020-09-healthinsurance.xlsx,Table 1-1,false
Healthinsurance,14.141723732863316,2019,14.141723732863316,"Millions of People, by Calendar Year",51298-2020-09-healthinsurance.xlsx,Table 1-1,false
Healthinsurance,14.141723732863316,2020,13.326743409924578,"Millions of People, by Calendar Year",51298-2020-09-healthinsurance.xlsx,Table 1-1,false
Healthinsurance,14.141723732863316,2021,12.503844588770043,"Millions of People, by Calendar Year",51298-2020-09-healthinsurance.xlsx,Table 1-1,false
Healthinsurance,14.141723732863316,2022,12.18612966910837,"Millions of People, by Calendar Year",51298-2020-09-healthinsurance.xlsx,Table 1-1,false
Healthinsurance,14.141723732863316,2023,12.105925038730412,"Millions of People, by Calendar Year",51298-2020-09-healthinsurance.xlsx,Table 1-1,false
Healthinsurance,14.141723732863316,2024,11.99118923270765,"Millions of People, by Calendar Year",51298-2020-09-healthinsurance.xlsx,Table 1-1,false
Healthinsurance,14.141723732863316,2025,12.097938496203573,"Millions of People, by Calendar Year",51298-2020-09-healthinsurance.xlsx,Table 1-1,false
Healthinsurance,14.141723732863316,2026,11.803188864304367,"Millions of People, by Calendar Year",51298-2020-09-healthinsurance.xlsx,Table 1-1,false
Healthinsurance,14.141723732863316,2027,11.596718488521518,"Millions of People, by Calendar Year",51298-2020-09-healthinsurance.xlsx,Table 1-1,false
Healthinsurance,14.141723732863316,2028,11.377762438562625,"Millions of People, by Calendar Year",51298-2020-09-healthinsurance.xlsx,Table 1-1,false
Healthinsurance,14.141723732863316,2029,11.357103931737374,"Millions of People, by Calendar Year",51298-2020-09-healthinsurance.xlsx,Table 1-1,false
Healthinsurance,Coverage through the Basic Health Programc,2019,0.8712760399999999,"Millions of People, by Calendar Year",51298-2020-09-healthinsurance.xlsx,Table 1-1,false
Healthinsurance,Coverage through the Basic Health Programc,2020,0.8421057467826119,"Millions of People, by Calendar Year",51298-2020-09-healthinsurance.xlsx,Table 1-1,false
Healthinsurance,Coverage through the Basic Health Programc,2021,0.8116439234213473,"Millions of People, by Calendar Year",51298-2020-09-healthinsurance.xlsx,Table 1-1,false
Healthinsurance,Coverage through the Basic Health Programc,2022,0.8148326958304837,"Millions of People, by Calendar Year",51298-2020-09-healthinsurance.xlsx,Table 1-1,false
Healthinsurance,Coverage through the Basic Health Programc,2023,0.8190601118268004,"Millions of People, by Calendar Year",51298-2020-09-healthinsurance.xlsx,Table 1-1,false
Healthinsurance,Coverage through the Basic Health Programc,2024,0.8217785128882411,"Millions of People, by Calendar Year",51298-2020-09-healthinsurance.xlsx,Table 1-1,false
Healthinsurance,Coverage through the Basic Health Programc,2025,0.8261190616814373,"Millions of People, by Calendar Year",51298-2020-09-healthinsurance.xlsx,Table 1-1,false
Healthinsurance,Coverage through the Basic Health Programc,2026,0.8297005555298025,"Millions of People, by Calendar Year",51298-2020-09-healthinsurance.xlsx,Table 1-1,false
Healthinsurance,Coverage through the Basic Health Programc,2027,0.8319784299558051,"Millions of People, by Calendar Year",51298-2020-09-healthinsurance.xlsx,Table 1-1,false
Healthinsurance,Coverage through the Basic Health Programc,2028,0.8357993462054552,"Millions of People, by Calendar Year",51298-2020-09-healthinsurance.xlsx,Table 1-1,false
Healthinsurance,Coverage through the Basic Health Programc,2029,0.8395913112698967,"Millions of People, by Calendar Year",51298-2020-09-healthinsurance.xlsx,Table 1-1,false
Healthinsurance,Medicared,2019,8.152433561065106,"Millions of People, by Calendar Year",51298-2020-09-healthinsurance.xlsx,Table 1-1,false
Healthinsurance,Medicared,2020,8.052241623417581,"Millions of People, by Calendar Year",51298-2020-09-healthinsurance.xlsx,Table 1-1,false
Healthinsurance,Medicared,2021,8.00485508828796,"Millions of People, by Calendar Year",51298-2020-09-healthinsurance.xlsx,Table 1-1,false
Healthinsurance,Medicared,2022,7.980189799621532,"Millions of People, by Calendar Year",51298-2020-09-healthinsurance.xlsx,Table 1-1,false
Healthinsurance,Medicared,2023,7.993651337281834,"Millions of People, by Calendar Year",51298-2020-09-healthinsurance.xlsx,Table 1-1,false
Healthinsurance,Medicared,2024,8.006173109359954,"Millions of People, by Calendar Year",51298-2020-09-healthinsurance.xlsx,Table 1-1,false
Healthinsurance,Medicared,2025,8.023474618446642,"Millions of People, by Calendar Year",51298-2020-09-healthinsurance.xlsx,Table 1-1,false
Healthinsurance,Medicared,2026,8.04917483112559,"Millions of People, by Calendar Year",51298-2020-09-healthinsurance.xlsx,Table 1-1,false
Healthinsurance,Medicared,2027,8.061415120301382,"Millions of People, by Calendar Year",51298-2020-09-healthinsurance.xlsx,Table 1-1,false
Healthinsurance,Medicared,2028,8.077115383904752,"Millions of People, by Calendar Year",51298-2020-09-healthinsurance.xlsx,Table 1-1,false
Healthinsurance,Medicared,2029,8.089683849249337,"Millions of People, by Calendar Year",51298-2020-09-healthinsurance.xlsx,Table 1-1,false
Healthinsurance,Other Coveragee,2019,2.969308070092474,"Millions of People, by Calendar Year",51298-2020-09-healthinsurance.xlsx,Table 1-1,false
Healthinsurance,Other Coveragee,2020,2.9119909979875924,"Millions of People, by Calendar Year",51298-2020-09-healthinsurance.xlsx,Table 1-1,false
Healthinsurance,Other Coveragee,2021,2.963203881018815,"Millions of People, by Calendar Year",51298-2020-09-healthinsurance.xlsx,Table 1-1,false
Healthinsurance,Other Coveragee,2022,3.0007010416983286,"Millions of People, by Calendar Year",51298-2020-09-healthinsurance.xlsx,Table 1-1,false
Healthinsurance,Other Coveragee,2023,3.0286182643901642,"Millions of People, by Calendar Year",51298-2020-09-healthinsurance.xlsx,Table 1-1,false
Healthinsurance,Other Coveragee,2024,3.063141834247951,"Millions of People, by Calendar Year",51298-2020-09-healthinsurance.xlsx,Table 1-1,false
Healthinsurance,Other Coveragee,2025,3.0880958537246403,"Millions of People, by Calendar Year",51298-2020-09-healthinsurance.xlsx,Table 1-1,false
Healthinsurance,Other Coveragee,2026,3.1285861106911934,"Millions of People, by Calendar Year",51298-2020-09-healthinsurance.xlsx,Table 1-1,false
Healthinsurance,Other Coveragee,2027,3.1541923735872843,"Millions of People, by Calendar Year",51298-2020-09-healthinsurance.xlsx,Table 1-1,false
Healthinsurance,Other Coveragee,2028,3.1604024511771636,"Millions of People, by Calendar Year",51298-2020-09-healthinsurance.xlsx,Table 1-1,false
Healthinsurance,Other Coveragee,2029,3.189132880106247,"Millions of People, by Calendar Year",51298-2020-09-healthinsurance.xlsx,Table 1-1,false
Healthinsurance,Uninsuredf,2019,30.483515917272243,"Millions of People, by Calendar Year",51298-2020-09-healthinsurance.xlsx,Table 1-1,false
Healthinsurance,Uninsuredf,2020,32.07679758528951,"Millions of People, by Calendar Year",51298-2020-09-healthinsurance.xlsx,Table 1-1,false
Healthinsurance,Uninsuredf,2021,33.34516956191523,"Millions of People, by Calendar Year",51298-2020-09-healthinsurance.xlsx,Table 1-1,false
Healthinsurance,Uninsuredf,2022,33.416881681166274,"Millions of People, by Calendar Year",51298-2020-09-healthinsurance.xlsx,Table 1-1,false
Healthinsurance,Uninsuredf,2023,33.543674783404384,"Millions of People, by Calendar Year",51298-2020-09-healthinsurance.xlsx,Table 1-1,false
Healthinsurance,Uninsuredf,2024,33.86055872418484,"Millions of People, by Calendar Year",51298-2020-09-healthinsurance.xlsx,Table 1-1,false
Healthinsurance,Uninsuredf,2025,34.055976667895905,"Millions of People, by Calendar Year",51298-2020-09-healthinsurance.xlsx,Table 1-1,false
Healthinsurance,Uninsuredf,2026,34.28336876019463,"Millions of People, by Calendar Year",51298-2020-09-healthinsurance.xlsx,Table 1-1,false
Healthinsurance,Uninsuredf,2027,34.72147351785289,"Millions of People, by Calendar Year",51298-2020-09-healthinsurance.xlsx,Table 1-1,false
Healthinsurance,Uninsuredf,2028,34.96911457154164,"Millions of People, by Calendar Year",51298-2020-09-healthinsurance.xlsx,Table 1-1,false
Healthinsurance,Uninsuredf,2029,35.28532459424753,"Millions of People, by Calendar Year",51298-2020-09-healthinsurance.xlsx,Table 1-1,false
Healthinsurance,Number of Insured People,2019,242.12779008272776,"Millions of People, by Calendar Year",51298-2020-09-healthinsurance.xlsx,Table 1-1,false
Healthinsurance,Number of Insured People,2020,240.8864294147105,"Millions of People, by Calendar Year",51298-2020-09-healthinsurance.xlsx,Table 1-1,false
Healthinsurance,Number of Insured People,2021,240.04715143808477,"Millions of People, by Calendar Year",51298-2020-09-healthinsurance.xlsx,Table 1-1,false
Healthinsurance,Number of Insured People,2022,240.39491831883373,"Millions of People, by Calendar Year",51298-2020-09-healthinsurance.xlsx,Table 1-1,false
Healthinsurance,Number of Insured People,2023,240.6738472165956,"Millions of People, by Calendar Year",51298-2020-09-healthinsurance.xlsx,Table 1-1,false
Healthinsurance,Number of Insured People,2024,240.86069727581514,"Millions of People, by Calendar Year",51298-2020-09-healthinsurance.xlsx,Table 1-1,false
Healthinsurance,Number of Insured People,2025,241.1259623321041,"Millions of People, by Calendar Year",51298-2020-09-healthinsurance.xlsx,Table 1-1,false
Healthinsurance,Number of Insured People,2026,241.27633323980538,"Millions of People, by Calendar Year",51298-2020-09-healthinsurance.xlsx,Table 1-1,false
Healthinsurance,Number of Insured People,2027,241.2898534821471,"Millions of People, by Calendar Year",51298-2020-09-healthinsurance.xlsx,Table 1-1,false
Healthinsurance,Number of Insured People,2028,241.52935042845837,"Millions of People, by Calendar Year",51298-2020-09-healthinsurance.xlsx,Table 1-1,false
Healthinsurance,Number of Insured People,2029,241.75376440575246,"Millions of People, by Calendar Year",51298-2020-09-healthinsurance.xlsx,Table 1-1,false
Healthinsurance,Including all U.S. residents,2019,88.81795609853678,"Millions of People, by Calendar Year",51298-2020-09-healthinsurance.xlsx,Table 1-1,false
Healthinsurance,Including all U.S. residents,2020,88.24867439551134,"Millions of People, by Calendar Year",51298-2020-09-healthinsurance.xlsx,Table 1-1,false
Healthinsurance,Including all U.S. residents,2021,87.8031798991475,"Millions of People, by Calendar Year",51298-2020-09-healthinsurance.xlsx,Table 1-1,false
Healthinsurance,Including all U.S. residents,2022,87.7956751019619,"Millions of People, by Calendar Year",51298-2020-09-healthinsurance.xlsx,Table 1-1,false
Healthinsurance,Including all U.S. residents,2023,87.76749401761263,"Millions of People, by Calendar Year",51298-2020-09-healthinsurance.xlsx,Table 1-1,false
Healthinsurance,Including all U.S. residents,2024,87.67457632612715,"Millions of People, by Calendar Year",51298-2020-09-healthinsurance.xlsx,Table 1-1,false
Healthinsurance,Including all U.S. residents,2025,87.62419627114556,"Millions of People, by Calendar Year",51298-2020-09-healthinsurance.xlsx,Table 1-1,false
Healthinsurance,Including all U.S. residents,2026,87.55864209774961,"Millions of People, by Calendar Year",51298-2020-09-healthinsurance.xlsx,Table 1-1,false
Healthinsurance,Including all U.S. residents,2027,87.42027224199647,"Millions of People, by Calendar Year",51298-2020-09-healthinsurance.xlsx,Table 1-1,false
Healthinsurance,Including all U.S. residents,2028,87.35287207777387,"Millions of People, by Calendar Year",51298-2020-09-healthinsurance.xlsx,Table 1-1,false
Healthinsurance,Including all U.S. residents,2029,87.26341300008839,"Millions of People, by Calendar Year",51298-2020-09-healthinsurance.xlsx,Table 1-1,false
Healthinsurance,Excluding unauthorized immigrants,2019,90.61135190560893,"Millions of People, by Calendar Year",51298-2020-09-healthinsurance.xlsx,Table 1-1,false
Healthinsurance,Excluding unauthorized immigrants,2020,90.01738572497952,"Millions of People, by Calendar Year",51298-2020-09-healthinsurance.xlsx,Table 1-1,false
Healthinsurance,Excluding unauthorized immigrants,2021,89.55561167172908,"Millions of People, by Calendar Year",51298-2020-09-healthinsurance.xlsx,Table 1-1,false
Healthinsurance,Excluding unauthorized immigrants,2022,89.56880627106194,"Millions of People, by Calendar Year",51298-2020-09-healthinsurance.xlsx,Table 1-1,false
Healthinsurance,Excluding unauthorized immigrants,2023,89.53985799609654,"Millions of People, by Calendar Year",51298-2020-09-healthinsurance.xlsx,Table 1-1,false
Healthinsurance,Excluding unauthorized immigrants,2024,89.44490455866514,"Millions of People, by Calendar Year",51298-2020-09-healthinsurance.xlsx,Table 1-1,false
Healthinsurance,Excluding unauthorized immigrants,2025,89.41511217348035,"Millions of People, by Calendar Year",51298-2020-09-healthinsurance.xlsx,Table 1-1,false
Healthinsurance,Excluding unauthorized immigrants,2026,89.35444314108058,"Millions of People, by Calendar Year",51298-2020-09-healthinsurance.xlsx,Table 1-1,false
Healthinsurance,Excluding unauthorized immigrants,2027,89.2344386997437,"Millions of People, by Calendar Year",51298-2020-09-healthinsurance.xlsx,Table 1-1,false
Healthinsurance,Excluding unauthorized immigrants,2028,89.1784003140204,"Millions of People, by Calendar Year",51298-2020-09-healthinsurance.xlsx,Table 1-1,false
Healthinsurance,Excluding unauthorized immigrants,2029,89.0999478183993,"Millions of People, by Calendar Year",51298-2020-09-healthinsurance.xlsx,Table 1-1,false
Healthinsurance,Total Population Under Age 65,2020,271.8,"Millions of People, by Calendar Year",51298-2020-09-healthinsurance.xlsx,Table 1,true
Healthinsurance,Total Population Under Age 65,2021,271.2,"Millions of People, by Calendar Year",51298-2020-09-healthinsurance.xlsx,Table 1,true
Healthinsurance,Total Population Under Age 65,2022,270.5,"Millions of People, by Calendar Year",51298-2020-09-healthinsurance.xlsx,Table 1,true
Healthinsurance,Total Population Under Age 65,2023,269.90000000000003,"Millions of People, by Calendar Year",51298-2020-09-healthinsurance.xlsx,Table 1,true
Healthinsurance,Total Population Under Age 65,2024,269.7,"Millions of People, by Calendar Year",51298-2020-09-healthinsurance.xlsx,Table 1,true
Healthinsurance,Total Population Under Age 65,2025,269.7,"Millions of People, by Calendar Year",51298-2020-09-healthinsurance.xlsx,Table 1,true
Healthinsurance,Total Population Under Age 65,2026,269.8,"Millions of People, by Calendar Year",51298-2020-09-healthinsurance.xlsx,Table 1,true
Healthinsurance,Total Population Under Age 65,2027,270.0,"Millions of People, by Calendar Year",51298-2020-09-healthinsurance.xlsx,Table 1,true
Healthinsurance,Total Population Under Age 65,2028,270.3,"Millions of People, by Calendar Year",51298-2020-09-healthinsurance.xlsx,Table 1,true
Healthinsurance,Total Population Under Age 65,2029,270.8,"Millions of People, by Calendar Year",51298-2020-09-healthinsurance.xlsx,Table 1,true
Healthinsurance,Total Population Under Age 65,2030,271.3,"Millions of People, by Calendar Year",51298-2020-09-healthinsurance.xlsx,Table 1,true
Healthinsurance,Employment-Based Coverage,2020,155.10000000000002,"Millions of People, by Calendar Year",51298-2020-09-healthinsurance.xlsx,Table 1,false
Healthinsurance,Employment-Based Coverage,2021,151.1,"Millions of People, by Calendar Year",51298-2020-09-healthinsurance.xlsx,Table 1,false
Healthinsurance,Employment-Based Coverage,2022,152.70000000000002,"Millions of People, by Calendar Year",51298-2020-09-healthinsurance.xlsx,Table 1,false
Healthinsurance,Employment-Based Coverage,2023,153.20000000000002,"Millions of People, by Calendar Year",51298-2020-09-healthinsurance.xlsx,Table 1,false
Healthinsurance,Employment-Based Coverage,2024,153.20000000000002,"Millions of People, by Calendar Year",51298-2020-09-healthinsurance.xlsx,Table 1,false
Healthinsurance,Employment-Based Coverage,2025,153.4,"Millions of People, by Calendar Year",51298-2020-09-healthinsurance.xlsx,Table 1,false
Healthinsurance,Employment-Based Coverage,2026,154.0,"Millions of People, by Calendar Year",51298-2020-09-healthinsurance.xlsx,Table 1,false
Healthinsurance,Employment-Based Coverage,2027,154.5,"Millions of People, by Calendar Year",51298-2020-09-healthinsurance.xlsx,Table 1,false
Healthinsurance,Employment-Based Coverage,2028,154.70000000000002,"Millions of People, by Calendar Year",51298-2020-09-healthinsurance.xlsx,Table 1,false
Healthinsurance,Employment-Based Coverage,2029,155.0,"Millions of People, by Calendar Year",51298-2020-09-healthinsurance.xlsx,Table 1,false
Healthinsurance,Employment-Based Coverage,2030,155.3,"Millions of People, by Calendar Year",51298-2020-09-healthinsurance.xlsx,Table 1,false
Healthinsurance,Blind and disabled in Medicaid,2020,7.5,"Millions of People, by Calendar Year",51298-2020-09-healthinsurance.xlsx,Table 1,false
Healthinsurance,Blind and disabled in Medicaid,2021,7.800000000000001,"Millions of People, by Calendar Year",51298-2020-09-healthinsurance.xlsx,Table 1,false
Healthinsurance,Blind and disabled in Medicaid,2022,7.800000000000001,"Millions of People, by Calendar Year",51298-2020-09-healthinsurance.xlsx,Table 1,false
Healthinsurance,Blind and disabled in Medicaid,2023,7.7,"Millions of People, by Calendar Year",51298-2020-09-healthinsurance.xlsx,Table 1,false
Healthinsurance,Blind and disabled in Medicaid,2024,7.7,"Millions of People, by Calendar Year",51298-2020-09-healthinsurance.xlsx,Table 1,false
Healthinsurance,Blind and disabled in Medicaid,2025,7.800000000000001,"Millions of People, by Calendar Year",51298-2020-09-healthinsurance.xlsx,Table 1,false
Healthinsurance,Blind and disabled in Medicaid,2026,7.9,"Millions of People, by Calendar Year",51298-2020-09-healthinsurance.xlsx,Table 1,false
Healthinsurance,Blind and disabled in Medicaid,2027,7.9,"Millions of People, by Calendar Year",51298-2020-09-healthinsurance.xlsx,Table 1,false
Healthinsurance,Blind and disabled in Medicaid,2028,7.9,"Millions of People, by Calendar Year",51298-2020-09-healthinsurance.xlsx,Table 1,false
Healthinsurance,Blind and disabled in Medicaid,2029,7.9,"Millions of People, by Calendar Year",51298-2020-09-healthinsurance.xlsx,Table 1,false
Healthinsurance,Blind and disabled in Medicaid,2030,7.800000000000001,"Millions of People, by Calendar Year",51298-2020-09-healthinsurance.xlsx,Table 1,false
Healthinsurance,Children in Medicaid,2020,29.8,"Millions of People, by Calendar Year",51298-2020-09-healthinsurance.xlsx,Table 1,false
Healthinsurance,Children in Medicaid,2021,32.7,"Millions of People, by Calendar Year",51298-2020-09-healthinsurance.xlsx,Table 1,false
Healthinsurance,Children in Medicaid,2022,31.5,"Millions of People, by Calendar Year",51298-2020-09-healthinsurance.xlsx,Table 1,false
Healthinsurance,Children in Medicaid,2023,30.6,"Millions of People, by Calendar Year",51298-2020-09-healthinsurance.xlsx,Table 1,false
Healthinsurance,Children in Medicaid,2024,30.200000000000003,"Millions of People, by Calendar Year",51298-2020-09-healthinsurance.xlsx,Table 1,false
Healthinsurance,Children in Medicaid,2025,29.900000000000002,"Millions of People, by Calendar Year",51298-2020-09-healthinsurance.xlsx,Table 1,false
Healthinsurance,Children in Medicaid,2026,29.700000000000003,"Millions of People, by Calendar Year",51298-2020-09-healthinsurance.xlsx,Table 1,false
Healthinsurance,Children in Medicaid,2027,29.5,"Millions of People, by Calendar Year",51298-2020-09-healthinsurance.xlsx,Table 1,false
Healthinsurance,Children in Medicaid,2028,29.3,"Millions of People, by Calendar Year",51298-2020-09-healthinsurance.xlsx,Table 1,false
Healthinsurance,Children in Medicaid,2029,29.3,"Millions of People, by Calendar Year",51298-2020-09-healthinsurance.xlsx,Table 1,false
Healthinsurance,Children in Medicaid,2030,29.400000000000002,"Millions of People, by Calendar Year",51298-2020-09-healthinsurance.xlsx,Table 1,false
Healthinsurance,Adults made eligible for Medicaid by the ACA,2020,12.600000000000001,"Millions of People, by Calendar Year",51298-2020-09-healthinsurance.xlsx,Table 1,false
Healthinsurance,Adults made eligible for Medicaid by the ACA,2021,14.0,"Millions of People, by Calendar Year",51298-2020-09-healthinsurance.xlsx,Table 1,false
Healthinsurance,Adults made eligible for Medicaid by the ACA,2022,13.5,"Millions of People, by Calendar Year",51298-2020-09-healthinsurance.xlsx,Table 1,false
Healthinsurance,Adults made eligible for Medicaid by the ACA,2023,12.700000000000001,"Millions of People, by Calendar Year",51298-2020-09-healthinsurance.xlsx,Table 1,false
Healthinsurance,Adults made eligible for Medicaid by the ACA,2024,12.8,"Millions of People, by Calendar Year",51298-2020-09-healthinsurance.xlsx,Table 1,false
Healthinsurance,Adults made eligible for Medicaid by the ACA,2025,13.100000000000001,"Millions of People, by Calendar Year",51298-2020-09-healthinsurance.xlsx,Table 1,false
Healthinsurance,Adults made eligible for Medicaid by the ACA,2026,13.3,"Millions of People, by Calendar Year",51298-2020-09-healthinsurance.xlsx,Table 1,false
Healthinsurance,Adults made eligible for Medicaid by the ACA,2027,13.5,"Millions of People, by Calendar Year",51298-2020-09-healthinsurance.xlsx,Table 1,false
Healthinsurance,Adults made eligible for Medicaid by the ACA,2028,13.600000000000001,"Millions of People, by Calendar Year",51298-2020-09-healthinsurance.xlsx,Table 1,false
Healthinsurance,Adults made eligible for Medicaid by the ACA,2029,13.700000000000001,"Millions of People, by Calendar Year",51298-2020-09-healthinsurance.xlsx,Table 1,false
Healthinsurance,Adults made eligible for Medicaid by the ACA,2030,13.700000000000001,"Millions of People, by Calendar Year",51298-2020-09-healthinsurance.xlsx,Table 1,false
Healthinsurance,Otherwise eligible for Medicaid,2020,12.600000000000001,"Millions of People, by Calendar Year",51298-2020-09-healthinsurance.xlsx,Table 1,false
Healthinsurance,Otherwise eligible for Medicaid,2021,14.4,"Millions of People, by Calendar Year",51298-2020-09-healthinsurance.xlsx,Table 1,false
Healthinsurance,Otherwise eligible for Medicaid,2022,13.700000000000001,"Millions of People, by Calendar Year",51298-2020-09-healthinsurance.xlsx,Table 1,false
Healthinsurance,Otherwise eligible for Medicaid,2023,12.600000000000001,"Millions of People, by Calendar Year",51298-2020-09-healthinsurance.xlsx,Table 1,false
Healthinsurance,Otherwise eligible for Medicaid,2024,12.3,"Millions of People, by Calendar Year",51298-2020-09-healthinsurance.xlsx,Table 1,false
Healthinsurance,Otherwise eligible for Medicaid,2025,12.200000000000001,"Millions of People, by Calendar Year",51298-2020-09-healthinsurance.xlsx,Table 1,false
Healthinsurance,Otherwise eligible for Medicaid,2026,12.200000000000001,"Millions of People, by Calendar Year",51298-2020-09-healthinsurance.xlsx,Table 1,false
Healthinsurance,Otherwise eligible for Medicaid,2027,12.100000000000001,"Millions of People, by Calendar Year",51298-2020-09-healthinsurance.xlsx,Table 1,false
Healthinsurance,Otherwise eligible for Medicaid,2028,12.100000000000001,"Millions of People, by Calendar Year",51298-2020-09-healthinsurance.xlsx,Table 1,false
Healthinsurance,Otherwise eligible for Medicaid,2029,12.0,"Millions of People, by Calendar Year",51298-2020-09-healthinsurance.xlsx,Table 1,false
Healthinsurance,Otherwise eligible for Medicaid,2030,12.0,"Millions of People, by Calendar Year",51298-2020-09-healthinsurance.xlsx,Table 1,false
Healthinsurance,CHIP,2020,7.0,"Millions of People, by Calendar Year",51298-2020-09-healthinsurance.xlsx,Table 1,false
Healthinsurance,CHIP,2021,7.2,"Millions of People, by Calendar Year",51298-2020-09-healthinsurance.xlsx,Table 1,false
Healthinsurance,CHIP,2022,7.1000000000000005,"Millions of People, by Calendar Year",51298-2020-09-healthinsurance.xlsx,Table 1,false
Healthinsurance,CHIP,2023,7.1000000000000005,"Millions of People, by Calendar Year",51298-2020-09-healthinsurance.xlsx,Table 1,false
Healthinsurance,CHIP,2024,7.1000000000000005,"Millions of People, by Calendar Year",51298-2020-09-healthinsurance.xlsx,Table 1,false
Healthinsurance,CHIP,2025,7.0,"Millions of People, by Calendar Year",51298-2020-09-healthinsurance.xlsx,Table 1,false
Healthinsurance,CHIP,2026,7.0,"Millions of People, by Calendar Year",51298-2020-09-healthinsurance.xlsx,Table 1,false
Healthinsurance,CHIP,2027,6.9,"Millions of People, by Calendar Year",51298-2020-09-healthinsurance.xlsx,Table 1,false
Healthinsurance,CHIP,2028,6.9,"Millions of People, by Calendar Year",51298-2020-09-healthinsurance.xlsx,Table 1,false
Healthinsurance,CHIP,2029,6.9,"Millions of People, by Calendar Year",51298-2020-09-healthinsurance.xlsx,Table 1,false
Healthinsurance,CHIP,2030,6.9,"Millions of People, by Calendar Year",51298-2020-09-healthinsurance.xlsx,Table 1,false
Healthinsurance,Subtotal,2020,69.60000000000001,"Millions of People, by Calendar Year",51298-2020-09-healthinsurance.xlsx,Table 1,true
Healthinsurance,Subtotal,2021,76.10000000000001,"Millions of People, by Calendar Year",51298-2020-09-healthinsurance.xlsx,Table 1,true
Healthinsurance,Subtotal,2022,73.60000000000001,"Millions of People, by Calendar Year",51298-2020-09-healthinsurance.xlsx,Table 1,true
Healthinsurance,Subtotal,2023,70.60000000000001,"Millions of People, by Calendar Year",51298-2020-09-healthinsurance.xlsx,Table 1,true
Healthinsurance,Subtotal,2024,70.0,"Millions of People, by Calendar Year",51298-2020-09-healthinsurance.xlsx,Table 1,true
Healthinsurance,Subtotal,2025,70.10000000000001,"Millions of People, by Calendar Year",51298-2020-09-healthinsurance.xlsx,Table 1,true
Healthinsurance,Subtotal,2026,70.0,"Millions of People, by Calendar Year",51298-2020-09-healthinsurance.xlsx,Table 1,true
Healthinsurance,Subtotal,2027,69.8,"Millions of People, by Calendar Year",51298-2020-09-healthinsurance.xlsx,Table 1,true
Healthinsurance,Subtotal,2028,69.7,"Millions of People, by Calendar Year",51298-2020-09-healthinsurance.xlsx,Table 1,true
Healthinsurance,Subtotal,2029,69.7,"Millions of People, by Calendar Year",51298-2020-09-healthinsurance.xlsx,Table 1,true
Healthinsurance,Subtotal,2030,69.8,"Millions of People, by Calendar Year",51298-2020-09-healthinsurance.xlsx,Table 1,true
Healthinsurance,Subsidized,2020,8.8,"Millions of People, by Calendar Year",51298-2020-09-healthinsurance.xlsx,Table 1,false
Healthinsurance,Subsidized,2021,8.4,"Millions of People, by Calendar Year",51298-2020-09-healthinsurance.xlsx,Table 1,false
Healthinsurance,Subsidized,2022,7.5,"Millions of People, by Calendar Year",51298-2020-09-healthinsurance.xlsx,Table 1,false
Healthinsurance,Subsidized,2023,7.7,"Millions of People, by Calendar Year",51298-2020-09-healthinsurance.xlsx,Table 1,false
Healthinsurance,Subsidized,2024,7.9,"Millions of People, by Calendar Year",51298-2020-09-healthinsurance.xlsx,Table 1,false
Healthinsurance,Subsidized,2025,7.800000000000001,"Millions of People, by Calendar Year",51298-2020-09-healthinsurance.xlsx,Table 1,false
Healthinsurance,Subsidized,2026,7.9,"Millions of People, by Calendar Year",51298-2020-09-healthinsurance.xlsx,Table 1,false
Healthinsurance,Subsidized,2027,7.9,"Millions of People, by Calendar Year",51298-2020-09-healthinsurance.xlsx,Table 1,false
Healthinsurance,Subsidized,2028,8.0,"Millions of People, by Calendar Year",51298-2020-09-healthinsurance.xlsx,Table 1,false
Healthinsurance,Subsidized,2029,8.1,"Millions of People, by Calendar Year",51298-2020-09-healthinsurance.xlsx,Table 1,false
Healthinsurance,Subsidized,2030,8.200000000000001,"Millions of People, by Calendar Year",51298-2020-09-healthinsurance.xlsx,Table 1,false
Healthinsurance,Unsubsidized,2020,1.3,"Millions of People, by Calendar Year",51298-2020-09-healthinsurance.xlsx,Table 1,false
Healthinsurance,Unsubsidized,2021,1.1,"Millions of People, by Calendar Year",51298-2020-09-healthinsurance.xlsx,Table 1,false
Healthinsurance,Unsubsidized,2022,1.1,"Millions of People, by Calendar Year",51298-2020-09-healthinsurance.xlsx,Table 1,false
Healthinsurance,Unsubsidized,2023,1.1,"Millions of People, by Calendar Year",51298-2020-09-healthinsurance.xlsx,Table 1,false
Healthinsurance,Unsubsidized,2024,1.2000000000000002,"Millions of People, by Calendar Year",51298-2020-09-healthinsurance.xlsx,Table 1,false
Healthinsurance,Unsubsidized,2025,1.2000000000000002,"Millions of People, by Calendar Year",51298-2020-09-healthinsurance.xlsx,Table 1,false
Healthinsurance,Unsubsidized,2026,1.2000000000000002,"Millions of People, by Calendar Year",51298-2020-09-healthinsurance.xlsx,Table 1,false
Healthinsurance,Unsubsidized,2027,1.2000000000000002,"Millions of People, by Calendar Year",51298-2020-09-healthinsurance.xlsx,Table 1,false
Healthinsurance,Unsubsidized,2028,1.2000000000000002,"Millions of People, by Calendar Year",51298-2020-09-healthinsurance.xlsx,Table 1,false
Healthinsurance,Unsubsidized,2029,1.2000000000000002,"Millions of People, by Calendar Year",51298-2020-09-healthinsurance.xlsx,Table 1,false
Healthinsurance,Unsubsidized,2030,1.1,"Millions of People, by Calendar Year",51298-2020-09-healthinsurance.xlsx,Table 1,false
Healthinsurance,Subtotal,2020,10.100000000000001,"Millions of People, by Calendar Year",51298-2020-09-healthinsurance.xlsx,Table 1,true
Healthinsurance,Subtotal,2021,9.5,"Millions of People, by Calendar Year",51298-2020-09-healthinsurance.xlsx,Table 1,true
Healthinsurance,Subtotal,2022,8.6,"Millions of People, by Calendar Year",51298-2020-09-healthinsurance.xlsx,Table 1,true
Healthinsurance,Subtotal,2023,8.8,"Millions of People, by Calendar Year",51298-2020-09-healthinsurance.xlsx,Table 1,true
Healthinsurance,Subtotal,2024,9.1,"Millions of People, by Calendar Year",51298-2020-09-healthinsurance.xlsx,Table 1,true
Healthinsurance,Subtotal,2025,8.9,"Millions of People, by Calendar Year",51298-2020-09-healthinsurance.xlsx,Table 1,true
Healthinsurance,Subtotal,2026,9.1,"Millions of People, by Calendar Year",51298-2020-09-healthinsurance.xlsx,Table 1,true
Healthinsurance,Subtotal,2027,9.1,"Millions of People, by Calendar Year",51298-2020-09-healthinsurance.xlsx,Table 1,true
Healthinsurance,Subtotal,2028,9.200000000000001,"Millions of People, by Calendar Year",51298-2020-09-healthinsurance.xlsx,Table 1,true
Healthinsurance,Subtotal,2029,9.3,"Millions of People, by Calendar Year",51298-2020-09-healthinsurance.xlsx,Table 1,true
Healthinsurance,Subtotal,2030,9.3,"Millions of People, by Calendar Year",51298-2020-09-healthinsurance.xlsx,Table 1,true
Healthinsurance,Nongroup coverage purchased outside marketplaces,2020,5.4,"Millions of People, by Calendar Year",51298-2020-09-healthinsurance.xlsx,Table 1,false
Healthinsurance,Nongroup coverage purchased outside marketplaces,2021,5.0,"Millions of People, by Calendar Year",51298-2020-09-healthinsurance.xlsx,Table 1,false
Healthinsurance,Nongroup coverage purchased outside marketplaces,2022,5.0,"Millions of People, by Calendar Year",51298-2020-09-healthinsurance.xlsx,Table 1,false
Healthinsurance,Nongroup coverage purchased outside marketplaces,2023,5.6000000000000005,"Millions of People, by Calendar Year",51298-2020-09-healthinsurance.xlsx,Table 1,false
Healthinsurance,Nongroup coverage purchased outside marketplaces,2024,6.1000000000000005,"Millions of People, by Calendar Year",51298-2020-09-healthinsurance.xlsx,Table 1,false
Healthinsurance,Nongroup coverage purchased outside marketplaces,2025,6.5,"Millions of People, by Calendar Year",51298-2020-09-healthinsurance.xlsx,Table 1,false
Healthinsurance,Nongroup coverage purchased outside marketplaces,2026,6.5,"Millions of People, by Calendar Year",51298-2020-09-healthinsurance.xlsx,Table 1,false
Healthinsurance,Nongroup coverage purchased outside marketplaces,2027,6.6000000000000005,"Millions of People, by Calendar Year",51298-2020-09-healthinsurance.xlsx,Table 1,false
Healthinsurance,Nongroup coverage purchased outside marketplaces,2028,6.7,"Millions of People, by Calendar Year",51298-2020-09-healthinsurance.xlsx,Table 1,false
Healthinsurance,Nongroup coverage purchased outside marketplaces,2029,6.800000000000001,"Millions of People, by Calendar Year",51298-2020-09-healthinsurance.xlsx,Table 1,false
Healthinsurance,Nongroup coverage purchased outside marketplaces,2030,6.800000000000001,"Millions of People, by Calendar Year",51298-2020-09-healthinsurance.xlsx,Table 1,false
Healthinsurance,"Total, nongroup coverage",2020,15.5,"Millions of People, by Calendar Year",51298-2020-09-healthinsurance.xlsx,Table 1,true
Healthinsurance,"Total, nongroup coverage",2021,14.4,"Millions of People, by Calendar Year",51298-2020-09-healthinsurance.xlsx,Table 1,true
Healthinsurance,"Total, nongroup coverage",2022,13.5,"Millions of People, by Calendar Year",51298-2020-09-healthinsurance.xlsx,Table 1,true
Healthinsurance,"Total, nongroup coverage",2023,14.4,"Millions of People, by Calendar Year",51298-2020-09-healthinsurance.xlsx,Table 1,true
Healthinsurance,"Total, nongroup coverage",2024,15.200000000000001,"Millions of People, by Calendar Year",51298-2020-09-healthinsurance.xlsx,Table 1,true
Healthinsurance,"Total, nongroup coverage",2025,15.5,"Millions of People, by Calendar Year",51298-2020-09-healthinsurance.xlsx,Table 1,true
Healthinsurance,"Total, nongroup coverage",2026,15.600000000000001,"Millions of People, by Calendar Year",51298-2020-09-healthinsurance.xlsx,Table 1,true
Healthinsurance,"Total, nongroup coverage",2027,15.700000000000001,"Millions of People, by Calendar Year",51298-2020-09-healthinsurance.xlsx,Table 1,true
Healthinsurance,"Total, nongroup coverage",2028,15.9,"Millions of People, by Calendar Year",51298-2020-09-healthinsurance.xlsx,Table 1,true
Healthinsurance,"Total, nongroup coverage",2029,16.1,"Millions of People, by Calendar Year",51298-2020-09-healthinsurance.xlsx,Table 1,true
Healthinsurance,"Total, nongroup coverage",2030,16.1,"Millions of People, by Calendar Year",51298-2020-09-healthinsurance.xlsx,Table 1,true
Healthinsurance,Coverage through the Basic Health Program c,2020,0.9,"Millions of People, by Calendar Year",51298-2020-09-healthinsurance.xlsx,Table 1,false
Healthinsurance,Coverage through the Basic Health Program c,2021,0.9,"Millions of People, by Calendar Year",51298-2020-09-healthinsurance.xlsx,Table 1,false
Healthinsurance,Coverage through the Basic Health Program c,2022,0.9,"Millions of People, by Calendar Year",51298-2020-09-healthinsurance.xlsx,Table 1,false
Healthinsurance,Coverage through the Basic Health Program c,2023,0.9,"Millions of People, by Calendar Year",51298-2020-09-healthinsurance.xlsx,Table 1,false
Healthinsurance,Coverage through the Basic Health Program c,2024,0.9,"Millions of People, by Calendar Year",51298-2020-09-healthinsurance.xlsx,Table 1,false
Healthinsurance,Coverage through the Basic Health Program c,2025,0.9,"Millions of People, by Calendar Year",51298-2020-09-healthinsurance.xlsx,Table 1,false
Healthinsurance,Coverage through the Basic Health Program c,2026,0.9,"Millions of People, by Calendar Year",51298-2020-09-healthinsurance.xlsx,Table 1,false
Healthinsurance,Coverage through the Basic Health Program c,2027,0.9,"Millions of People, by Calendar Year",51298-2020-09-healthinsurance.xlsx,Table 1,false
Healthinsurance,Coverage through the Basic Health Program c,2028,0.9,"Millions of People, by Calendar Year",51298-2020-09-healthinsurance.xlsx,Table 1,false
Healthinsurance,Coverage through the Basic Health Program c,2029,0.9,"Millions of People, by Calendar Year",51298-2020-09-healthinsurance.xlsx,Table 1,false
Healthinsurance,Coverage through the Basic Health Program c,2030,0.9,"Millions of People, by Calendar Year",51298-2020-09-healthinsurance.xlsx,Table 1,false
Healthinsurance,Medicare d,2020,8.0,"Millions of People, by Calendar Year",51298-2020-09-healthinsurance.xlsx,Table 1,false
Healthinsurance,Medicare d,2021,8.0,"Millions of People, by Calendar Year",51298-2020-09-healthinsurance.xlsx,Table 1,false
Healthinsurance,Medicare d,2022,8.0,"Millions of People, by Calendar Year",51298-2020-09-healthinsurance.xlsx,Table 1,false
Healthinsurance,Medicare d,2023,8.1,"Millions of People, by Calendar Year",51298-2020-09-healthinsurance.xlsx,Table 1,false
Healthinsurance,Medicare d,2024,8.200000000000001,"Millions of People, by Calendar Year",51298-2020-09-healthinsurance.xlsx,Table 1,false
Healthinsurance,Medicare d,2025,8.3,"Millions of People, by Calendar Year",51298-2020-09-healthinsurance.xlsx,Table 1,false
Healthinsurance,Medicare d,2026,8.4,"Millions of People, by Calendar Year",51298-2020-09-healthinsurance.xlsx,Table 1,false
Healthinsurance,Medicare d,2027,8.4,"Millions of People, by Calendar Year",51298-2020-09-healthinsurance.xlsx,Table 1,false
Healthinsurance,Medicare d,2028,8.3,"Millions of People, by Calendar Year",51298-2020-09-healthinsurance.xlsx,Table 1,false
Healthinsurance,Medicare d,2029,8.200000000000001,"Millions of People, by Calendar Year",51298-2020-09-healthinsurance.xlsx,Table 1,false
Healthinsurance,Medicare d,2030,8.200000000000001,"Millions of People, by Calendar Year",51298-2020-09-healthinsurance.xlsx,Table 1,false
Healthinsurance,Other Coverage e,2020,3.1,"Millions of People, by Calendar Year",51298-2020-09-healthinsurance.xlsx,Table 1,false
Healthinsurance,Other Coverage e,2021,3.2,"Millions of People, by Calendar Year",51298-2020-09-healthinsurance.xlsx,Table 1,false
Healthinsurance,Other Coverage e,2022,3.2,"Millions of People, by Calendar Year",51298-2020-09-healthinsurance.xlsx,Table 1,false
Healthinsurance,Other Coverage e,2023,3.2,"Millions of People, by Calendar Year",51298-2020-09-healthinsurance.xlsx,Table 1,false
Healthinsurance,Other Coverage e,2024,3.2,"Millions of People, by Calendar Year",51298-2020-09-healthinsurance.xlsx,Table 1,false
Healthinsurance,Other Coverage e,2025,3.2,"Millions of People, by Calendar Year",51298-2020-09-healthinsurance.xlsx,Table 1,false
Healthinsurance,Other Coverage e,2026,3.2,"Millions of People, by Calendar Year",51298-2020-09-healthinsurance.xlsx,Table 1,false
Healthinsurance,Other Coverage e,2027,3.2,"Millions of People, by Calendar Year",51298-2020-09-healthinsurance.xlsx,Table 1,false
Healthinsurance,Other Coverage e,2028,3.2,"Millions of People, by Calendar Year",51298-2020-09-healthinsurance.xlsx,Table 1,false
Healthinsurance,Other Coverage e,2029,3.2,"Millions of People, by Calendar Year",51298-2020-09-healthinsurance.xlsx,Table 1,false
Healthinsurance,Other Coverage e,2030,3.2,"Millions of People, by Calendar Year",51298-2020-09-healthinsurance.xlsx,Table 1,false
Healthinsurance,Uninsured f,2020,31.4,"Millions of People, by Calendar Year",51298-2020-09-healthinsurance.xlsx,Table 1,false
Healthinsurance,Uninsured f,2021,31.5,"Millions of People, by Calendar Year",51298-2020-09-healthinsurance.xlsx,Table 1,false
Healthinsurance,Uninsured f,2022,31.6,"Millions of People, by Calendar Year",51298-2020-09-healthinsurance.xlsx,Table 1,false
Healthinsurance,Uninsured f,2023,31.7,"Millions of People, by Calendar Year",51298-2020-09-healthinsurance.xlsx,Table 1,false
Healthinsurance,Uninsured f,2024,31.4,"Millions of People, by Calendar Year",51298-2020-09-healthinsurance.xlsx,Table 1,false
Healthinsurance,Uninsured f,2025,31.3,"Millions of People, by Calendar Year",51298-2020-09-healthinsurance.xlsx,Table 1,false
Healthinsurance,Uninsured f,2026,30.8,"Millions of People, by Calendar Year",51298-2020-09-healthinsurance.xlsx,Table 1,false
Healthinsurance,Uninsured f,2027,30.6,"Millions of People, by Calendar Year",51298-2020-09-healthinsurance.xlsx,Table 1,false
Healthinsurance,Uninsured f,2028,30.6,"Millions of People, by Calendar Year",51298-2020-09-healthinsurance.xlsx,Table 1,false
Healthinsurance,Uninsured f,2029,30.6,"Millions of People, by Calendar Year",51298-2020-09-healthinsurance.xlsx,Table 1,false
Healthinsurance,Uninsured f,2030,30.7,"Millions of People, by Calendar Year",51298-2020-09-healthinsurance.xlsx,Table 1,false
Healthinsurance,Number of Insured People,2020,240.4,"Millions of People, by Calendar Year",51298-2020-09-healthinsurance.xlsx,Table 1,false
Healthinsurance,Number of Insured People,2021,239.70000000000002,"Millions of People, by Calendar Year",51298-2020-09-healthinsurance.xlsx,Table 1,false
Healthinsurance,Number of Insured People,2022,238.9,"Millions of People, by Calendar Year",51298-2020-09-healthinsurance.xlsx,Table 1,false
Healthinsurance,Number of Insured People,2023,238.3,"Millions of People, by Calendar Year",51298-2020-09-healthinsurance.xlsx,Table 1,false
Healthinsurance,Number of Insured People,2024,238.20000000000002,"Millions of People, by Calendar Year",51298-2020-09-healthinsurance.xlsx,Table 1,false
Healthinsurance,Number of Insured People,2025,238.5,"Millions of People, by Calendar Year",51298-2020-09-healthinsurance.xlsx,Table 1,false
Healthinsurance,Number of Insured People,2026,239.0,"Millions of People, by Calendar Year",51298-2020-09-healthinsurance.xlsx,Table 1,false
Healthinsurance,Number of Insured People,2027,239.4,"Millions of People, by Calendar Year",51298-2020-09-healthinsurance.xlsx,Table 1,false
Healthinsurance,Number of Insured People,2028,239.70000000000002,"Millions of People, by Calendar Year",51298-2020-09-healthinsurance.xlsx,Table 1,false
Healthinsurance,Number of Insured People,2029,240.10000000000002,"Millions of People, by Calendar Year",51298-2020-09-healthinsurance.xlsx,Table 1,false
Healthinsurance,Number of Insured People,2030,240.60000000000002,"Millions of People, by Calendar Year",51298-2020-09-healthinsurance.xlsx,Table 1,false
Healthinsurance,Including all U.S. residents,2020,88.4,"Millions of People, by Calendar Year",51298-2020-09-healthinsurance.xlsx,Table 1,false
Healthinsurance,Including all U.S. residents,2021,88.4,"Millions of People, by Calendar Year",51298-2020-09-healthinsurance.xlsx,Table 1,false
Healthinsurance,Including all U.S. residents,2022,88.30000000000001,"Millions of People, by Calendar Year",51298-2020-09-healthinsurance.xlsx,Table 1,false
Healthinsurance,Including all U.S. residents,2023,88.30000000000001,"Millions of People, by Calendar Year",51298-2020-09-healthinsurance.xlsx,Table 1,false
Healthinsurance,Including all U.S. residents,2024,88.30000000000001,"Millions of People, by Calendar Year",51298-2020-09-healthinsurance.xlsx,Table 1,false
Healthinsurance,Including all U.S. residents,2025,88.4,"Millions of People, by Calendar Year",51298-2020-09-healthinsurance.xlsx,Table 1,false
Healthinsurance,Including all U.S. residents,2026,88.60000000000001,"Millions of People, by Calendar Year",51298-2020-09-healthinsurance.xlsx,Table 1,false
Healthinsurance,Including all U.S. residents,2027,88.7,"Millions of People, by Calendar Year",51298-2020-09-healthinsurance.xlsx,Table 1,false
Healthinsurance,Including all U.S. residents,2028,88.7,"Millions of People, by Calendar Year",51298-2020-09-healthinsurance.xlsx,Table 1,false
Healthinsurance,Including all U.S. residents,2029,88.7,"Millions of People, by Calendar Year",51298-2020-09-healthinsurance.xlsx,Table 1,false
Healthinsurance,Including all U.S. residents,2030,88.7,"Millions of People, by Calendar Year",51298-2020-09-healthinsurance.xlsx,Table 1,false
Healthinsurance,Excluding noncitizens not lawfully present,2020,90.0,"Millions of People, by Calendar Year",51298-2020-09-healthinsurance.xlsx,Table 1,false
Healthinsurance,Excluding noncitizens not lawfully present,2021,89.9,"Millions of People, by Calendar Year",51298-2020-09-healthinsurance.xlsx,Table 1,false
Healthinsurance,Excluding noncitizens not lawfully present,2022,89.9,"Millions of People, by Calendar Year",51298-2020-09-healthinsurance.xlsx,Table 1,false
Healthinsurance,Excluding noncitizens not lawfully present,2023,89.80000000000001,"Millions of People, by Calendar Year",51298-2020-09-healthinsurance.xlsx,Table 1,false
Healthinsurance,Excluding noncitizens not lawfully present,2024,89.80000000000001,"Millions of People, by Calendar Year",51298-2020-09-healthinsurance.xlsx,Table 1,false
Healthinsurance,Excluding noncitizens not lawfully present,2025,89.9,"Millions of People, by Calendar Year",51298-2020-09-healthinsurance.xlsx,Table 1,false
Healthinsurance,Excluding noncitizens not lawfully present,2026,90.10000000000001,"Millions of People, by Calendar Year",51298-2020-09-healthinsurance.xlsx,Table 1,false
Healthinsurance,Excluding noncitizens not lawfully present,2027,90.10000000000001,"Millions of People, by Calendar Year",51298-2020-09-healthinsurance.xlsx,Table 1,false
Healthinsurance,Excluding noncitizens not lawfully present,2028,90.10000000000001,"Millions of People, by Calendar Year",51298-2020-09-healthinsurance.xlsx,Table 1,false
Healthinsurance,Excluding noncitizens not lawfully present,2029,90.2,"Millions of People, by Calendar Year",51298-2020-09-healthinsurance.xlsx,Table 1,false
Healthinsurance,Excluding noncitizens not lawfully present,2030,90.2,"Millions of People, by Calendar Year",51298-2020-09-healthinsurance.xlsx,Table 1,false
Healthinsurance,"Tax exclusion for employment-based coverage a,b",2020,288.0,"Billions of Dollars, by Fiscal Year",51298-2020-09-healthinsurance.xlsx,Table 2,false
Healthinsurance,"Tax exclusion for employment-based coverage a,b",2021,299.0,"Billions of Dollars, by Fiscal Year",51298-2020-09-healthinsurance.xlsx,Table 2,false
Healthinsurance,"Tax exclusion for employment-based coverage a,b",2022,315.0,"Billions of Dollars, by Fiscal Year",51298-2020-09-healthinsurance.xlsx,Table 2,false
Healthinsurance,"Tax exclusion for employment-based coverage a,b",2023,328.0,"Billions of Dollars, by Fiscal Year",51298-2020-09-healthinsurance.xlsx,Table 2,false
Healthinsurance,"Tax exclusion for employment-based coverage a,b",2024,336.0,"Billions of Dollars, by Fiscal Year",51298-2020-09-healthinsurance.xlsx,Table 2,false
Healthinsurance,"Tax exclusion for employment-based coverage a,b",2025,347.0,"Billions of Dollars, by Fiscal Year",51298-2020-09-healthinsurance.xlsx,Table 2,false
Healthinsurance,"Tax exclusion for employment-based coverage a,b",2026,388.0,"Billions of Dollars, by Fiscal Year",51298-2020-09-healthinsurance.xlsx,Table 2,false
Healthinsurance,"Tax exclusion for employment-based coverage a,b",2027,417.0,"Billions of Dollars, by Fiscal Year",51298-2020-09-healthinsurance.xlsx,Table 2,false
Healthinsurance,"Tax exclusion for employment-based coverage a,b",2028,444.0,"Billions of Dollars, by Fiscal Year",51298-2020-09-healthinsurance.xlsx,Table 2,false
Healthinsurance,"Tax exclusion for employment-based coverage a,b",2029,475.0,"Billions of Dollars, by Fiscal Year",51298-2020-09-healthinsurance.xlsx,Table 2,false
Healthinsurance,"Tax exclusion for employment-based coverage a,b",2030,510.0,"Billions of Dollars, by Fiscal Year",51298-2020-09-healthinsurance.xlsx,Table 2,false
Healthinsurance,Income tax deduction for self-employment health insurance c,2020,4.0,"Billions of Dollars, by Fiscal Year",51298-2020-09-healthinsurance.xlsx,Table 2,false
Healthinsurance,Income tax deduction for self-employment health insurance c,2021,4.0,"Billions of Dollars, by Fiscal Year",51298-2020-09-healthinsurance.xlsx,Table 2,false
Healthinsurance,Income tax deduction for self-employment health insurance c,2022,4.0,"Billions of Dollars, by Fiscal Year",51298-2020-09-healthinsurance.xlsx,Table 2,false
Healthinsurance,Income tax deduction for self-employment health insurance c,2023,4.0,"Billions of Dollars, by Fiscal Year",51298-2020-09-healthinsurance.xlsx,Table 2,false
Healthinsurance,Income tax deduction for self-employment health insurance c,2024,4.0,"Billions of Dollars, by Fiscal Year",51298-2020-09-healthinsurance.xlsx,Table 2,false
Healthinsurance,Income tax deduction for self-employment health insurance c,2025,4.0,"Billions of Dollars, by Fiscal Year",51298-2020-09-healthinsurance.xlsx,Table 2,false
Healthinsurance,Income tax deduction for self-employment health insurance c,2026,5.0,"Billions of Dollars, by Fiscal Year",51298-2020-09-healthinsurance.xlsx,Table 2,false
Healthinsurance,Income tax deduction for self-employment health insurance c,2027,5.0,"Billions of Dollars, by Fiscal Year",51298-2020-09-healthinsurance.xlsx,Table 2,false
Healthinsurance,Income tax deduction for self-employment health insurance c,2028,6.0,"Billions of Dollars, by Fiscal Year",51298-2020-09-healthinsurance.xlsx,Table 2,false
Healthinsurance,Income tax deduction for self-employment health insurance c,2029,6.0,"Billions of Dollars, by Fiscal Year",51298-2020-09-healthinsurance.xlsx,Table 2,false
Healthinsurance,Income tax deduction for self-employment health insurance c,2030,6.0,"Billions of Dollars, by Fiscal Year",51298-2020-09-healthinsurance.xlsx,Table 2,false
Healthinsurance,Subtotal,2020,291.0,"Billions of Dollars, by Fiscal Year",51298-2020-09-healthinsurance.xlsx,Table 2,true
Healthinsurance,Subtotal,2021,303.0,"Billions of Dollars, by Fiscal Year",51298-2020-09-healthinsurance.xlsx,Table 2,true
Healthinsurance,Subtotal,2022,319.0,"Billions of Dollars, by Fiscal Year",51298-2020-09-healthinsurance.xlsx,Table 2,true
Healthinsurance,Subtotal,2023,332.0,"Billions of Dollars, by Fiscal Year",51298-2020-09-healthinsurance.xlsx,Table 2,true
Healthinsurance,Subtotal,2024,340.0,"Billions of Dollars, by Fiscal Year",51298-2020-09-healthinsurance.xlsx,Table 2,true
Healthinsurance,Subtotal,2025,351.0,"Billions of Dollars, by Fiscal Year",51298-2020-09-healthinsurance.xlsx,Table 2,true
Healthinsurance,Subtotal,2026,393.0,"Billions of Dollars, by Fiscal Year",51298-2020-09-healthinsurance.xlsx,Table 2,true
Healthinsurance,Subtotal,2027,423.0,"Billions of Dollars, by Fiscal Year",51298-2020-09-healthinsurance.xlsx,Table 2,true
Healthinsurance,Subtotal,2028,450.0,"Billions of Dollars, by Fiscal Year",51298-2020-09-healthinsurance.xlsx,Table 2,true
Healthinsurance,Subtotal,2029,481.0,"Billions of Dollars, by Fiscal Year",51298-2020-09-healthinsurance.xlsx,Table 2,true
Healthinsurance,Subtotal,2030,516.0,"Billions of Dollars, by Fiscal Year",51298-2020-09-healthinsurance.xlsx,Table 2,true
Healthinsurance,Blind and disabled in Medicaid,2020,124.0,"Billions of Dollars, by Fiscal Year",51298-2020-09-healthinsurance.xlsx,Table 2,false
Healthinsurance,Blind and disabled in Medicaid,2021,143.0,"Billions of Dollars, by Fiscal Year",51298-2020-09-healthinsurance.xlsx,Table 2,false
Healthinsurance,Blind and disabled in Medicaid,2022,138.0,"Billions of Dollars, by Fiscal Year",51298-2020-09-healthinsurance.xlsx,Table 2,false
Healthinsurance,Blind and disabled in Medicaid,2023,133.0,"Billions of Dollars, by Fiscal Year",51298-2020-09-healthinsurance.xlsx,Table 2,false
Healthinsurance,Blind and disabled in Medicaid,2024,142.0,"Billions of Dollars, by Fiscal Year",51298-2020-09-healthinsurance.xlsx,Table 2,false
Healthinsurance,Blind and disabled in Medicaid,2025,151.0,"Billions of Dollars, by Fiscal Year",51298-2020-09-healthinsurance.xlsx,Table 2,false
Healthinsurance,Blind and disabled in Medicaid,2026,159.0,"Billions of Dollars, by Fiscal Year",51298-2020-09-healthinsurance.xlsx,Table 2,false
Healthinsurance,Blind and disabled in Medicaid,2027,168.0,"Billions of Dollars, by Fiscal Year",51298-2020-09-healthinsurance.xlsx,Table 2,false
Healthinsurance,Blind and disabled in Medicaid,2028,176.0,"Billions of Dollars, by Fiscal Year",51298-2020-09-healthinsurance.xlsx,Table 2,false
Healthinsurance,Blind and disabled in Medicaid,2029,185.0,"Billions of Dollars, by Fiscal Year",51298-2020-09-healthinsurance.xlsx,Table 2,false
Healthinsurance,Blind and disabled in Medicaid,2030,194.0,"Billions of Dollars, by Fiscal Year",51298-2020-09-healthinsurance.xlsx,Table 2,false
Healthinsurance,Children in Medicaid,2020,86.0,"Billions of Dollars, by Fiscal Year",51298-2020-09-healthinsurance.xlsx,Table 2,false
Healthinsurance,Children in Medicaid,2021,103.0,"Billions of Dollars, by Fiscal Year",51298-2020-09-healthinsurance.xlsx,Table 2,false
Healthinsurance,Children in Medicaid,2022,98.0,"Billions of Dollars, by Fiscal Year",51298-2020-09-healthinsurance.xlsx,Table 2,false
Healthinsurance,Children in Medicaid,2023,94.0,"Billions of Dollars, by Fiscal Year",51298-2020-09-healthinsurance.xlsx,Table 2,false
Healthinsurance,Children in Medicaid,2024,98.0,"Billions of Dollars, by Fiscal Year",51298-2020-09-healthinsurance.xlsx,Table 2,false
Healthinsurance,Children in Medicaid,2025,102.0,"Billions of Dollars, by Fiscal Year",51298-2020-09-healthinsurance.xlsx,Table 2,false
Healthinsurance,Children in Medicaid,2026,107.0,"Billions of Dollars, by Fiscal Year",51298-2020-09-healthinsurance.xlsx,Table 2,false
Healthinsurance,Children in Medicaid,2027,112.0,"Billions of Dollars, by Fiscal Year",51298-2020-09-healthinsurance.xlsx,Table 2,false
Healthinsurance,Children in Medicaid,2028,117.0,"Billions of Dollars, by Fiscal Year",51298-2020-09-healthinsurance.xlsx,Table 2,false
Healthinsurance,Children in Medicaid,2029,123.0,"Billions of Dollars, by Fiscal Year",51298-2020-09-healthinsurance.xlsx,Table 2,false
Healthinsurance,Children in Medicaid,2030,130.0,"Billions of Dollars, by Fiscal Year",51298-2020-09-healthinsurance.xlsx,Table 2,false
Healthinsurance,Adults made eligible for Medicaid by the ACA,2020,82.0,"Billions of Dollars, by Fiscal Year",51298-2020-09-healthinsurance.xlsx,Table 2,false
Healthinsurance,Adults made eligible for Medicaid by the ACA,2021,95.0,"Billions of Dollars, by Fiscal Year",51298-2020-09-healthinsurance.xlsx,Table 2,false
Healthinsurance,Adults made eligible for Medicaid by the ACA,2022,96.0,"Billions of Dollars, by Fiscal Year",51298-2020-09-healthinsurance.xlsx,Table 2,false
Healthinsurance,Adults made eligible for Medicaid by the ACA,2023,94.0,"Billions of Dollars, by Fiscal Year",51298-2020-09-healthinsurance.xlsx,Table 2,false
Healthinsurance,Adults made eligible for Medicaid by the ACA,2024,99.0,"Billions of Dollars, by Fiscal Year",51298-2020-09-healthinsurance.xlsx,Table 2,false
Healthinsurance,Adults made eligible for Medicaid by the ACA,2025,106.0,"Billions of Dollars, by Fiscal Year",51298-2020-09-healthinsurance.xlsx,Table 2,false
Healthinsurance,Adults made eligible for Medicaid by the ACA,2026,114.0,"Billions of Dollars, by Fiscal Year",51298-2020-09-healthinsurance.xlsx,Table 2,false
Healthinsurance,Adults made eligible for Medicaid by the ACA,2027,121.0,"Billions of Dollars, by Fiscal Year",51298-2020-09-healthinsurance.xlsx,Table 2,false
Healthinsurance,Adults made eligible for Medicaid by the ACA,2028,128.0,"Billions of Dollars, by Fiscal Year",51298-2020-09-healthinsurance.xlsx,Table 2,false
Healthinsurance,Adults made eligible for Medicaid by the ACA,2029,135.0,"Billions of Dollars, by Fiscal Year",51298-2020-09-healthinsurance.xlsx,Table 2,false
Healthinsurance,Adults made eligible for Medicaid by the ACA,2030,143.0,"Billions of Dollars, by Fiscal Year",51298-2020-09-healthinsurance.xlsx,Table 2,false
Healthinsurance,Otherwise eligible for Medicaid,2020,57.0,"Billions of Dollars, by Fiscal Year",51298-2020-09-healthinsurance.xlsx,Table 2,false
Healthinsurance,Otherwise eligible for Medicaid,2021,76.0,"Billions of Dollars, by Fiscal Year",51298-2020-09-healthinsurance.xlsx,Table 2,false
Healthinsurance,Otherwise eligible for Medicaid,2022,70.0,"Billions of Dollars, by Fiscal Year",51298-2020-09-healthinsurance.xlsx,Table 2,false
Healthinsurance,Otherwise eligible for Medicaid,2023,60.0,"Billions of Dollars, by Fiscal Year",51298-2020-09-healthinsurance.xlsx,Table 2,false
Healthinsurance,Otherwise eligible for Medicaid,2024,60.0,"Billions of Dollars, by Fiscal Year",51298-2020-09-healthinsurance.xlsx,Table 2,false
Healthinsurance,Otherwise eligible for Medicaid,2025,63.0,"Billions of Dollars, by Fiscal Year",51298-2020-09-healthinsurance.xlsx,Table 2,false
Healthinsurance,Otherwise eligible for Medicaid,2026,67.0,"Billions of Dollars, by Fiscal Year",51298-2020-09-healthinsurance.xlsx,Table 2,false
Healthinsurance,Otherwise eligible for Medicaid,2027,70.0,"Billions of Dollars, by Fiscal Year",51298-2020-09-healthinsurance.xlsx,Table 2,false
Healthinsurance,Otherwise eligible for Medicaid,2028,74.0,"Billions of Dollars, by Fiscal Year",51298-2020-09-healthinsurance.xlsx,Table 2,false
Healthinsurance,Otherwise eligible for Medicaid,2029,78.0,"Billions of Dollars, by Fiscal Year",51298-2020-09-healthinsurance.xlsx,Table 2,false
Healthinsurance,Otherwise eligible for Medicaid,2030,82.0,"Billions of Dollars, by Fiscal Year",51298-2020-09-healthinsurance.xlsx,Table 2,false
Healthinsurance,CHIP,2020,17.0,"Billions of Dollars, by Fiscal Year",51298-2020-09-healthinsurance.xlsx,Table 2,false
Healthinsurance,CHIP,2021,16.0,"Billions of Dollars, by Fiscal Year",51298-2020-09-healthinsurance.xlsx,Table 2,false
Healthinsurance,CHIP,2022,15.0,"Billions of Dollars, by Fiscal Year",51298-2020-09-healthinsurance.xlsx,Table 2,false
Healthinsurance,CHIP,2023,15.0,"Billions of Dollars, by Fiscal Year",51298-2020-09-healthinsurance.xlsx,Table 2,false
Healthinsurance,CHIP,2024,16.0,"Billions of Dollars, by Fiscal Year",51298-2020-09-healthinsurance.xlsx,Table 2,false
Healthinsurance,CHIP,2025,16.0,"Billions of Dollars, by Fiscal Year",51298-2020-09-healthinsurance.xlsx,Table 2,false
Healthinsurance,CHIP,2026,17.0,"Billions of Dollars, by Fiscal Year",51298-2020-09-healthinsurance.xlsx,Table 2,false
Healthinsurance,CHIP,2027,17.0,"Billions of Dollars, by Fiscal Year",51298-2020-09-healthinsurance.xlsx,Table 2,false
Healthinsurance,CHIP,2028,18.0,"Billions of Dollars, by Fiscal Year",51298-2020-09-healthinsurance.xlsx,Table 2,false
Healthinsurance,CHIP,2029,19.0,"Billions of Dollars, by Fiscal Year",51298-2020-09-healthinsurance.xlsx,Table 2,false
Healthinsurance,CHIP,2030,19.0,"Billions of Dollars, by Fiscal Year",51298-2020-09-healthinsurance.xlsx,Table 2,false
Healthinsurance,Subtotal,2020,366.0,"Billions of Dollars, by Fiscal Year",51298-2020-09-healthinsurance.xlsx,Table 2,true
Healthinsurance,Subtotal,2021,433.0,"Billions of Dollars, by Fiscal Year",51298-2020-09-healthinsurance.xlsx,Table 2,true
Healthinsurance,Subtotal,2022,418.0,"Billions of Dollars, by Fiscal Year",51298-2020-09-healthinsurance.xlsx,Table 2,true
Healthinsurance,Subtotal,2023,397.0,"Billions of Dollars, by Fiscal Year",51298-2020-09-healthinsurance.xlsx,Table 2,true
Healthinsurance,Subtotal,2024,415.0,"Billions of Dollars, by Fiscal Year",51298-2020-09-healthinsurance.xlsx,Table 2,true
Healthinsurance,Subtotal,2025,439.0,"Billions of Dollars, by Fiscal Year",51298-2020-09-healthinsurance.xlsx,Table 2,true
Healthinsurance,Subtotal,2026,463.0,"Billions of Dollars, by Fiscal Year",51298-2020-09-healthinsurance.xlsx,Table 2,true
Healthinsurance,Subtotal,2027,488.0,"Billions of Dollars, by Fiscal Year",51298-2020-09-healthinsurance.xlsx,Table 2,true
Healthinsurance,Subtotal,2028,513.0,"Billions of Dollars, by Fiscal Year",51298-2020-09-healthinsurance.xlsx,Table 2,true
Healthinsurance,Subtotal,2029,539.0,"Billions of Dollars, by Fiscal Year",51298-2020-09-healthinsurance.xlsx,Table 2,true
Healthinsurance,Subtotal,2030,569.0,"Billions of Dollars, by Fiscal Year",51298-2020-09-healthinsurance.xlsx,Table 2,true
Healthinsurance,Premium tax credit outlays,2020,43.0,"Billions of Dollars, by Fiscal Year",51298-2020-09-healthinsurance.xlsx,Table 2,false
Healthinsurance,Premium tax credit outlays,2021,45.0,"Billions of Dollars, by Fiscal Year",51298-2020-09-healthinsurance.xlsx,Table 2,false
Healthinsurance,Premium tax credit outlays,2022,43.0,"Billions of Dollars, by Fiscal Year",51298-2020-09-healthinsurance.xlsx,Table 2,false
Healthinsurance,Premium tax credit outlays,2023,43.0,"Billions of Dollars, by Fiscal Year",51298-2020-09-healthinsurance.xlsx,Table 2,false
Healthinsurance,Premium tax credit outlays,2024,44.0,"Billions of Dollars, by Fiscal Year",51298-2020-09-healthinsurance.xlsx,Table 2,false
Healthinsurance,Premium tax credit outlays,2025,45.0,"Billions of Dollars, by Fiscal Year",51298-2020-09-healthinsurance.xlsx,Table 2,false
Healthinsurance,Premium tax credit outlays,2026,45.0,"Billions of Dollars, by Fiscal Year",51298-2020-09-healthinsurance.xlsx,Table 2,false
Healthinsurance,Premium tax credit outlays,2027,47.0,"Billions of Dollars, by Fiscal Year",51298-2020-09-healthinsurance.xlsx,Table 2,false
Healthinsurance,Premium tax credit outlays,2028,50.0,"Billions of Dollars, by Fiscal Year",51298-2020-09-healthinsurance.xlsx,Table 2,false
Healthinsurance,Premium tax credit outlays,2029,53.0,"Billions of Dollars, by Fiscal Year",51298-2020-09-healthinsurance.xlsx,Table 2,false
Healthinsurance,Premium tax credit outlays,2030,57.0,"Billions of Dollars, by Fiscal Year",51298-2020-09-healthinsurance.xlsx,Table 2,false
Healthinsurance,Premium tax credit revenue reductions,2020,9.0,"Billions of Dollars, by Fiscal Year",51298-2020-09-healthinsurance.xlsx,Table 2,false
Healthinsurance,Premium tax credit revenue reductions,2021,10.0,"Billions of Dollars, by Fiscal Year",51298-2020-09-healthinsurance.xlsx,Table 2,false
Healthinsurance,Premium tax credit revenue reductions,2022,9.0,"Billions of Dollars, by Fiscal Year",51298-2020-09-healthinsurance.xlsx,Table 2,false
Healthinsurance,Premium tax credit revenue reductions,2023,9.0,"Billions of Dollars, by Fiscal Year",51298-2020-09-healthinsurance.xlsx,Table 2,false
Healthinsurance,Premium tax credit revenue reductions,2024,10.0,"Billions of Dollars, by Fiscal Year",51298-2020-09-healthinsurance.xlsx,Table 2,false
Healthinsurance,Premium tax credit revenue reductions,2025,10.0,"Billions of Dollars, by Fiscal Year",51298-2020-09-healthinsurance.xlsx,Table 2,false
Healthinsurance,Premium tax credit revenue reductions,2026,10.0,"Billions of Dollars, by Fiscal Year",51298-2020-09-healthinsurance.xlsx,Table 2,false
Healthinsurance,Premium tax credit revenue reductions,2027,10.0,"Billions of Dollars, by Fiscal Year",51298-2020-09-healthinsurance.xlsx,Table 2,false
Healthinsurance,Premium tax credit revenue reductions,2028,11.0,"Billions of Dollars, by Fiscal Year",51298-2020-09-healthinsurance.xlsx,Table 2,false
Healthinsurance,Premium tax credit revenue reductions,2029,12.0,"Billions of Dollars, by Fiscal Year",51298-2020-09-healthinsurance.xlsx,Table 2,false
Healthinsurance,Premium tax credit revenue reductions,2030,13.0,"Billions of Dollars, by Fiscal Year",51298-2020-09-healthinsurance.xlsx,Table 2,false
Healthinsurance,Subtotal,2020,53.0,"Billions of Dollars, by Fiscal Year",51298-2020-09-healthinsurance.xlsx,Table 2,true
Healthinsurance,Subtotal,2021,55.0,"Billions of Dollars, by Fiscal Year",51298-2020-09-healthinsurance.xlsx,Table 2,true
Healthinsurance,Subtotal,2022,53.0,"Billions of Dollars, by Fiscal Year",51298-2020-09-healthinsurance.xlsx,Table 2,true
Healthinsurance,Subtotal,2023,52.0,"Billions of Dollars, by Fiscal Year",51298-2020-09-healthinsurance.xlsx,Table 2,true
Healthinsurance,Subtotal,2024,54.0,"Billions of Dollars, by Fiscal Year",51298-2020-09-healthinsurance.xlsx,Table 2,true
Healthinsurance,Subtotal,2025,54.0,"Billions of Dollars, by Fiscal Year",51298-2020-09-healthinsurance.xlsx,Table 2,true
Healthinsurance,Subtotal,2026,55.0,"Billions of Dollars, by Fiscal Year",51298-2020-09-healthinsurance.xlsx,Table 2,true
Healthinsurance,Subtotal,2027,57.0,"Billions of Dollars, by Fiscal Year",51298-2020-09-healthinsurance.xlsx,Table 2,true
Healthinsurance,Subtotal,2028,61.0,"Billions of Dollars, by Fiscal Year",51298-2020-09-healthinsurance.xlsx,Table 2,true
Healthinsurance,Subtotal,2029,65.0,"Billions of Dollars, by Fiscal Year",51298-2020-09-healthinsurance.xlsx,Table 2,true
Healthinsurance,Subtotal,2030,70.0,"Billions of Dollars, by Fiscal Year",51298-2020-09-healthinsurance.xlsx,Table 2,true
Healthinsurance,Outlays for the Basic Health Program,2020,5.0,"Billions of Dollars, by Fiscal Year",51298-2020-09-healthinsurance.xlsx,Table 2,false
Healthinsurance,Outlays for the Basic Health Program,2021,5.0,"Billions of Dollars, by Fiscal Year",51298-2020-09-healthinsurance.xlsx,Table 2,false
Healthinsurance,Outlays for the Basic Health Program,2022,6.0,"Billions of Dollars, by Fiscal Year",51298-2020-09-healthinsurance.xlsx,Table 2,false
Healthinsurance,Outlays for the Basic Health Program,2023,6.0,"Billions of Dollars, by Fiscal Year",51298-2020-09-healthinsurance.xlsx,Table 2,false
Healthinsurance,Outlays for the Basic Health Program,2024,6.0,"Billions of Dollars, by Fiscal Year",51298-2020-09-healthinsurance.xlsx,Table 2,false
Healthinsurance,Outlays for the Basic Health Program,2025,6.0,"Billions of Dollars, by Fiscal Year",51298-2020-09-healthinsurance.xlsx,Table 2,false
Healthinsurance,Outlays for the Basic Health Program,2026,6.0,"Billions of Dollars, by Fiscal Year",51298-2020-09-healthinsurance.xlsx,Table 2,false
Healthinsurance,Outlays for the Basic Health Program,2027,6.0,"Billions of Dollars, by Fiscal Year",51298-2020-09-healthinsurance.xlsx,Table 2,false
Healthinsurance,Outlays for the Basic Health Program,2028,7.0,"Billions of Dollars, by Fiscal Year",51298-2020-09-healthinsurance.xlsx,Table 2,false
Healthinsurance,Outlays for the Basic Health Program,2029,7.0,"Billions of Dollars, by Fiscal Year",51298-2020-09-healthinsurance.xlsx,Table 2,false
Healthinsurance,Outlays for the Basic Health Program,2030,8.0,"Billions of Dollars, by Fiscal Year",51298-2020-09-healthinsurance.xlsx,Table 2,false
Healthinsurance,Collections for risk adjustment and reinsurance,2020,-6.0,"Billions of Dollars, by Fiscal Year",51298-2020-09-healthinsurance.xlsx,Table 2,false
Healthinsurance,Collections for risk adjustment and reinsurance,2021,-6.0,"Billions of Dollars, by Fiscal Year",51298-2020-09-healthinsurance.xlsx,Table 2,false
Healthinsurance,Collections for risk adjustment and reinsurance,2022,-6.0,"Billions of Dollars, by Fiscal Year",51298-2020-09-healthinsurance.xlsx,Table 2,false
Healthinsurance,Collections for risk adjustment and reinsurance,2023,-6.0,"Billions of Dollars, by Fiscal Year",51298-2020-09-healthinsurance.xlsx,Table 2,false
Healthinsurance,Collections for risk adjustment and reinsurance,2024,-6.0,"Billions of Dollars, by Fiscal Year",51298-2020-09-healthinsurance.xlsx,Table 2,false
Healthinsurance,Collections for risk adjustment and reinsurance,2025,-7.0,"Billions of Dollars, by Fiscal Year",51298-2020-09-healthinsurance.xlsx,Table 2,false
Healthinsurance,Collections for risk adjustment and reinsurance,2026,-7.0,"Billions of Dollars, by Fiscal Year",51298-2020-09-healthinsurance.xlsx,Table 2,false
Healthinsurance,Collections for risk adjustment and reinsurance,2027,-7.0,"Billions of Dollars, by Fiscal Year",51298-2020-09-healthinsurance.xlsx,Table 2,false
Healthinsurance,Collections for risk adjustment and reinsurance,2028,-7.0,"Billions of Dollars, by Fiscal Year",51298-2020-09-healthinsurance.xlsx,Table 2,false
Healthinsurance,Collections for risk adjustment and reinsurance,2029,-8.0,"Billions of Dollars, by Fiscal Year",51298-2020-09-healthinsurance.xlsx,Table 2,false
Healthinsurance,Collections for risk adjustment and reinsurance,2030,-8.0,"Billions of Dollars, by Fiscal Year",51298-2020-09-healthinsurance.xlsx,Table 2,false
Healthinsurance,Payments for risk adjustment and reinsurance,2020,6.0,"Billions of Dollars, by Fiscal Year",51298-2020-09-healthinsurance.xlsx,Table 2,false
Healthinsurance,Payments for risk adjustment and reinsurance,2021,6.0,"Billions of Dollars, by Fiscal Year",51298-2020-09-healthinsurance.xlsx,Table 2,false
Healthinsurance,Payments for risk adjustment and reinsurance,2022,6.0,"Billions of Dollars, by Fiscal Year",51298-2020-09-healthinsurance.xlsx,Table 2,false
Healthinsurance,Payments for risk adjustment and reinsurance,2023,6.0,"Billions of Dollars, by Fiscal Year",51298-2020-09-healthinsurance.xlsx,Table 2,false
Healthinsurance,Payments for risk adjustment and reinsurance,2024,6.0,"Billions of Dollars, by Fiscal Year",51298-2020-09-healthinsurance.xlsx,Table 2,false
Healthinsurance,Payments for risk adjustment and reinsurance,2025,6.0,"Billions of Dollars, by Fiscal Year",51298-2020-09-healthinsurance.xlsx,Table 2,false
Healthinsurance,Payments for risk adjustment and reinsurance,2026,7.0,"Billions of Dollars, by Fiscal Year",51298-2020-09-healthinsurance.xlsx,Table 2,false
Healthinsurance,Payments for risk adjustment and reinsurance,2027,7.0,"Billions of Dollars, by Fiscal Year",51298-2020-09-healthinsurance.xlsx,Table 2,false
Healthinsurance,Payments for risk adjustment and reinsurance,2028,7.0,"Billions of Dollars, by Fiscal Year",51298-2020-09-healthinsurance.xlsx,Table 2,false
Healthinsurance,Payments for risk adjustment and reinsurance,2029,7.0,"Billions of Dollars, by Fiscal Year",51298-2020-09-healthinsurance.xlsx,Table 2,false
Healthinsurance,Payments for risk adjustment and reinsurance,2030,8.0,"Billions of Dollars, by Fiscal Year",51298-2020-09-healthinsurance.xlsx,Table 2,false
Healthinsurance,Subtotal,2020,58.0,"Billions of Dollars, by Fiscal Year",51298-2020-09-healthinsurance.xlsx,Table 2,true
Healthinsurance,Subtotal,2021,60.0,"Billions of Dollars, by Fiscal Year",51298-2020-09-healthinsurance.xlsx,Table 2,true
Healthinsurance,Subtotal,2022,58.0,"Billions of Dollars, by Fiscal Year",51298-2020-09-healthinsurance.xlsx,Table 2,true
Healthinsurance,Subtotal,2023,58.0,"Billions of Dollars, by Fiscal Year",51298-2020-09-healthinsurance.xlsx,Table 2,true
Healthinsurance,Subtotal,2024,59.0,"Billions of Dollars, by Fiscal Year",51298-2020-09-healthinsurance.xlsx,Table 2,true
Healthinsurance,Subtotal,2025,60.0,"Billions of Dollars, by Fiscal Year",51298-2020-09-healthinsurance.xlsx,Table 2,true
Healthinsurance,Subtotal,2026,61.0,"Billions of Dollars, by Fiscal Year",51298-2020-09-healthinsurance.xlsx,Table 2,true
Healthinsurance,Subtotal,2027,63.0,"Billions of Dollars, by Fiscal Year",51298-2020-09-healthinsurance.xlsx,Table 2,true
Healthinsurance,Subtotal,2028,67.0,"Billions of Dollars, by Fiscal Year",51298-2020-09-healthinsurance.xlsx,Table 2,true
Healthinsurance,Subtotal,2029,72.0,"Billions of Dollars, by Fiscal Year",51298-2020-09-healthinsurance.xlsx,Table 2,true
Healthinsurance,Subtotal,2030,77.0,"Billions of Dollars, by Fiscal Year",51298-2020-09-healthinsurance.xlsx,Table 2,true
Healthinsurance,Medicare e,2020,118.0,"Billions of Dollars, by Fiscal Year",51298-2020-09-healthinsurance.xlsx,Table 2,false
Healthinsurance,Medicare e,2021,125.0,"Billions of Dollars, by Fiscal Year",51298-2020-09-healthinsurance.xlsx,Table 2,false
Healthinsurance,Medicare e,2022,131.0,"Billions of Dollars, by Fiscal Year",51298-2020-09-healthinsurance.xlsx,Table 2,false
Healthinsurance,Medicare e,2023,139.0,"Billions of Dollars, by Fiscal Year",51298-2020-09-healthinsurance.xlsx,Table 2,false
Healthinsurance,Medicare e,2024,147.0,"Billions of Dollars, by Fiscal Year",51298-2020-09-healthinsurance.xlsx,Table 2,false
Healthinsurance,Medicare e,2025,157.0,"Billions of Dollars, by Fiscal Year",51298-2020-09-healthinsurance.xlsx,Table 2,false
Healthinsurance,Medicare e,2026,165.0,"Billions of Dollars, by Fiscal Year",51298-2020-09-healthinsurance.xlsx,Table 2,false
Healthinsurance,Medicare e,2027,174.0,"Billions of Dollars, by Fiscal Year",51298-2020-09-healthinsurance.xlsx,Table 2,false
Healthinsurance,Medicare e,2028,182.0,"Billions of Dollars, by Fiscal Year",51298-2020-09-healthinsurance.xlsx,Table 2,false
Healthinsurance,Medicare e,2029,187.0,"Billions of Dollars, by Fiscal Year",51298-2020-09-healthinsurance.xlsx,Table 2,false
Healthinsurance,Medicare e,2030,196.0,"Billions of Dollars, by Fiscal Year",51298-2020-09-healthinsurance.xlsx,Table 2,false
Healthinsurance,Gross Subsidies,2020,834.0,"Billions of Dollars, by Fiscal Year",51298-2020-09-healthinsurance.xlsx,Table 2,false
Healthinsurance,Gross Subsidies,2021,922.0,"Billions of Dollars, by Fiscal Year",51298-2020-09-healthinsurance.xlsx,Table 2,false
Healthinsurance,Gross Subsidies,2022,926.0,"Billions of Dollars, by Fiscal Year",51298-2020-09-healthinsurance.xlsx,Table 2,false
Healthinsurance,Gross Subsidies,2023,926.0,"Billions of Dollars, by Fiscal Year",51298-2020-09-healthinsurance.xlsx,Table 2,false
Healthinsurance,Gross Subsidies,2024,962.0,"Billions of Dollars, by Fiscal Year",51298-2020-09-healthinsurance.xlsx,Table 2,false
Healthinsurance,Gross Subsidies,2025,1007.0,"Billions of Dollars, by Fiscal Year",51298-2020-09-healthinsurance.xlsx,Table 2,false
Healthinsurance,Gross Subsidies,2026,1083.0,"Billions of Dollars, by Fiscal Year",51298-2020-09-healthinsurance.xlsx,Table 2,false
Healthinsurance,Gross Subsidies,2027,1147.0,"Billions of Dollars, by Fiscal Year",51298-2020-09-healthinsurance.xlsx,Table 2,false
Healthinsurance,Gross Subsidies,2028,1212.0,"Billions of Dollars, by Fiscal Year",51298-2020-09-healthinsurance.xlsx,Table 2,false
Healthinsurance,Gross Subsidies,2029,1280.0,"Billions of Dollars, by Fiscal Year",51298-2020-09-healthinsurance.xlsx,Table 2,false
Healthinsurance,Gross Subsidies,2030,1358.0,"Billions of Dollars, by Fiscal Year",51298-2020-09-healthinsurance.xlsx,Table 2,false
Healthinsurance,Net receipts from tax on health insurance providers f,2020,-13.0,"Billions of Dollars, by Fiscal Year",51298-2020-09-healthinsurance.xlsx,Table 2,false
Healthinsurance,Net receipts from tax on health insurance providers f,2021,0.0,"Billions of Dollars, by Fiscal Year",51298-2020-09-healthinsurance.xlsx,Table 2,false
Healthinsurance,Net receipts from tax on health insurance providers f,2022,0.0,"Billions of Dollars, by Fiscal Year",51298-2020-09-healthinsurance.xlsx,Table 2,false
Healthinsurance,Net receipts from tax on health insurance providers f,2023,0.0,"Billions of Dollars, by Fiscal Year",51298-2020-09-healthinsurance.xlsx,Table 2,false
Healthinsurance,Net receipts from tax on health insurance providers f,2024,0.0,"Billions of Dollars, by Fiscal Year",51298-2020-09-healthinsurance.xlsx,Table 2,false
Healthinsurance,Net receipts from tax on health insurance providers f,2025,0.0,"Billions of Dollars, by Fiscal Year",51298-2020-09-healthinsurance.xlsx,Table 2,false
Healthinsurance,Net receipts from tax on health insurance providers f,2026,0.0,"Billions of Dollars, by Fiscal Year",51298-2020-09-healthinsurance.xlsx,Table 2,false
Healthinsurance,Net receipts from tax on health insurance providers f,2027,0.0,"Billions of Dollars, by Fiscal Year",51298-2020-09-healthinsurance.xlsx,Table 2,false
Healthinsurance,Net receipts from tax on health insurance providers f,2028,0.0,"Billions of Dollars, by Fiscal Year",51298-2020-09-healthinsurance.xlsx,Table 2,false
Healthinsurance,Net receipts from tax on health insurance providers f,2029,0.0,"Billions of Dollars, by Fiscal Year",51298-2020-09-healthinsurance.xlsx,Table 2,false
Healthinsurance,Net receipts from tax on health insurance providers f,2030,0.0,"Billions of Dollars, by Fiscal Year",51298-2020-09-healthinsurance.xlsx,Table 2,false
Healthinsurance,Gross collections of employer penalties g,2020,-2.0,"Billions of Dollars, by Fiscal Year",51298-2020-09-healthinsurance.xlsx,Table 2,false
Healthinsurance,Gross collections of employer penalties g,2021,-2.0,"Billions of Dollars, by Fiscal Year",51298-2020-09-healthinsurance.xlsx,Table 2,false
Healthinsurance,Gross collections of employer penalties g,2022,-2.0,"Billions of Dollars, by Fiscal Year",51298-2020-09-healthinsurance.xlsx,Table 2,false
Healthinsurance,Gross collections of employer penalties g,2023,-2.0,"Billions of Dollars, by Fiscal Year",51298-2020-09-healthinsurance.xlsx,Table 2,false
Healthinsurance,Gross collections of employer penalties g,2024,-2.0,"Billions of Dollars, by Fiscal Year",51298-2020-09-healthinsurance.xlsx,Table 2,false
Healthinsurance,Gross collections of employer penalties g,2025,-2.0,"Billions of Dollars, by Fiscal Year",51298-2020-09-healthinsurance.xlsx,Table 2,false
Healthinsurance,Gross collections of employer penalties g,2026,-2.0,"Billions of Dollars, by Fiscal Year",51298-2020-09-healthinsurance.xlsx,Table 2,false
Healthinsurance,Gross collections of employer penalties g,2027,-2.0,"Billions of Dollars, by Fiscal Year",51298-2020-09-healthinsurance.xlsx,Table 2,false
Healthinsurance,Gross collections of employer penalties g,2028,-2.0,"Billions of Dollars, by Fiscal Year",51298-2020-09-healthinsurance.xlsx,Table 2,false
Healthinsurance,Gross collections of employer penalties g,2029,-2.0,"Billions of Dollars, by Fiscal Year",51298-2020-09-healthinsurance.xlsx,Table 2,false
Healthinsurance,Gross collections of employer penalties g,2030,-3.0,"Billions of Dollars, by Fiscal Year",51298-2020-09-healthinsurance.xlsx,Table 2,false
Healthinsurance,Subtotal,2020,-14.0,"Billions of Dollars, by Fiscal Year",51298-2020-09-healthinsurance.xlsx,Table 2,true
Healthinsurance,Subtotal,2021,-2.0,"Billions of Dollars, by Fiscal Year",51298-2020-09-healthinsurance.xlsx,Table 2,true
Healthinsurance,Subtotal,2022,-2.0,"Billions of Dollars, by Fiscal Year",51298-2020-09-healthinsurance.xlsx,Table 2,true
Healthinsurance,Subtotal,2023,-2.0,"Billions of Dollars, by Fiscal Year",51298-2020-09-healthinsurance.xlsx,Table 2,true
Healthinsurance,Subtotal,2024,-2.0,"Billions of Dollars, by Fiscal Year",51298-2020-09-healthinsurance.xlsx,Table 2,true
Healthinsurance,Subtotal,2025,-2.0,"Billions of Dollars, by Fiscal Year",51298-2020-09-healthinsurance.xlsx,Table 2,true
Healthinsurance,Subtotal,2026,-2.0,"Billions of Dollars, by Fiscal Year",51298-2020-09-healthinsurance.xlsx,Table 2,true
Healthinsurance,Subtotal,2027,-2.0,"Billions of Dollars, by Fiscal Year",51298-2020-09-healthinsurance.xlsx,Table 2,true
Healthinsurance,Subtotal,2028,-2.0,"Billions of Dollars, by Fiscal Year",51298-2020-09-healthinsurance.xlsx,Table 2,true
Healthinsurance,Subtotal,2029,-2.0,"Billions of Dollars, by Fiscal Year",51298-2020-09-healthinsurance.xlsx,Table 2,true
Healthinsurance,Subtotal,2030,-3.0,"Billions of Dollars, by Fiscal Year",51298-2020-09-healthinsurance.xlsx,Table 2,true
Healthinsurance,Net Subsidies,2020,819.0,"Billions of Dollars, by Fiscal Year",51298-2020-09-healthinsurance.xlsx,Table 2,false
Healthinsurance,Net Subsidies,2021,920.0,"Billions of Dollars, by Fiscal Year",51298-2020-09-healthinsurance.xlsx,Table 2,false
Healthinsurance,Net Subsidies,2022,924.0,"Billions of Dollars, by Fiscal Year",51298-2020-09-healthinsurance.xlsx,Table 2,false
Healthinsurance,Net Subsidies,2023,924.0,"Billions of Dollars, by Fiscal Year",51298-2020-09-healthinsurance.xlsx,Table 2,false
Healthinsurance,Net Subsidies,2024,960.0,"Billions of Dollars, by Fiscal Year",51298-2020-09-healthinsurance.xlsx,Table 2,false
Healthinsurance,Net Subsidies,2025,1005.0,"Billions of Dollars, by Fiscal Year",51298-2020-09-healthinsurance.xlsx,Table 2,false
Healthinsurance,Net Subsidies,2026,1081.0,"Billions of Dollars, by Fiscal Year",51298-2020-09-healthinsurance.xlsx,Table 2,false
Healthinsurance,Net Subsidies,2027,1145.0,"Billions of Dollars, by Fiscal Year",51298-2020-09-healthinsurance.xlsx,Table 2,false
Healthinsurance,Net Subsidies,2028,1210.0,"Billions of Dollars, by Fiscal Year",51298-2020-09-healthinsurance.xlsx,Table 2,false
Healthinsurance,Net Subsidies,2029,1277.0,"Billions of Dollars, by Fiscal Year",51298-2020-09-healthinsurance.xlsx,Table 2,false
Healthinsurance,Net Subsidies,2030,1356.0,"Billions of Dollars, by Fiscal Year",51298-2020-09-healthinsurance.xlsx,Table 2,false
Healthinsurance,Gross Subsidies as a Percentage of GDP,2020,4.04,"Billions of Dollars, by Fiscal Year",51298-2020-09-healthinsurance.xlsx,Table 2,false
Healthinsurance,Gross Subsidies as a Percentage of GDP,2021,4.39,"Billions of Dollars, by Fiscal Year",51298-2020-09-healthinsurance.xlsx,Table 2,false
Healthinsurance,Gross Subsidies as a Percentage of GDP,2022,4.19,"Billions of Dollars, by Fiscal Year",51298-2020-09-healthinsurance.xlsx,Table 2,false
Healthinsurance,Gross Subsidies as a Percentage of GDP,2023,4.03,"Billions of Dollars, by Fiscal Year",51298-2020-09-healthinsurance.xlsx,Table 2,false
Healthinsurance,Gross Subsidies as a Percentage of GDP,2024,4.02,"Billions of Dollars, by Fiscal Year",51298-2020-09-healthinsurance.xlsx,Table 2,false
Healthinsurance,Gross Subsidies as a Percentage of GDP,2025,4.02,"Billions of Dollars, by Fiscal Year",51298-2020-09-healthinsurance.xlsx,Table 2,false
Healthinsurance,Gross Subsidies as a Percentage of GDP,2026,4.15,"Billions of Dollars, by Fiscal Year",51298-2020-09-healthinsurance.xlsx,Table 2,false
Healthinsurance,Gross Subsidies as a Percentage of GDP,2027,4.21,"Billions of Dollars, by Fiscal Year",51298-2020-09-healthinsurance.xlsx,Table 2,false
Healthinsurance,Gross Subsidies as a Percentage of GDP,2028,4.26,"Billions of Dollars, by Fiscal Year",51298-2020-09-healthinsurance.xlsx,Table 2,false
Healthinsurance,Gross Subsidies as a Percentage of GDP,2029,4.32,"Billions of Dollars, by Fiscal Year",51298-2020-09-healthinsurance.xlsx,Table 2,false
Healthinsurance,Gross Subsidies as a Percentage of GDP,2030,4.42,"Billions of Dollars, by Fiscal Year",51298-2020-09-healthinsurance.xlsx,Table 2,false
Healthinsurance,Net Subsidies as a Percentage of GDP,2020,3.97,"Billions of Dollars, by Fiscal Year",51298-2020-09-healthinsurance.xlsx,Table 2,false
Healthinsurance,Net Subsidies as a Percentage of GDP,2021,4.38,"Billions of Dollars, by Fiscal Year",51298-2020-09-healthinsurance.xlsx,Table 2,false
Healthinsurance,Net Subsidies as a Percentage of GDP,2022,4.19,"Billions of Dollars, by Fiscal Year",51298-2020-09-healthinsurance.xlsx,Table 2,false
Healthinsurance,Net Subsidies as a Percentage of GDP,2023,4.02,"Billions of Dollars, by Fiscal Year",51298-2020-09-healthinsurance.xlsx,Table 2,false
Healthinsurance,Net Subsidies as a Percentage of GDP,2024,4.01,"Billions of Dollars, by Fiscal Year",51298-2020-09-healthinsurance.xlsx,Table 2,false
Healthinsurance,Net Subsidies as a Percentage of GDP,2025,4.02,"Billions of Dollars, by Fiscal Year",51298-2020-09-healthinsurance.xlsx,Table 2,false
Healthinsurance,Net Subsidies as a Percentage of GDP,2026,4.14,"Billions of Dollars, by Fiscal Year",51298-2020-09-healthinsurance.xlsx,Table 2,false
Healthinsurance,Net Subsidies as a Percentage of GDP,2027,4.2,"Billions of Dollars, by Fiscal Year",51298-2020-09-healthinsurance.xlsx,Table 2,false
Healthinsurance,Net Subsidies as a Percentage of GDP,2028,4.25,"Billions of Dollars, by Fiscal Year",51298-2020-09-healthinsurance.xlsx,Table 2,false
Healthinsurance,Net Subsidies as a Percentage of GDP,2029,4.32,"Billions of Dollars, by Fiscal Year",51298-2020-09-healthinsurance.xlsx,Table 2,false
Healthinsurance,Net Subsidies as a Percentage of GDP,2030,4.41,"Billions of Dollars, by Fiscal Year",51298-2020-09-healthinsurance.xlsx,Table 2,false
Healthinsurance,"Tax exclusion for employment-based coveragea,b",2019,283.0,"Billions of Dollars, by Fiscal Year",51298-2020-09-healthinsurance.xlsx,Table 2-1,false
Healthinsurance,"Tax exclusion for employment-based coveragea,b",2020,301.0,"Billions of Dollars, by Fiscal Year",51298-2020-09-healthinsurance.xlsx,Table 2-1,false
Healthinsurance,"Tax exclusion for employment-based coveragea,b",2021,320.0,"Billions of Dollars, by Fiscal Year",51298-2020-09-healthinsurance.xlsx,Table 2-1,false
Healthinsurance,"Tax exclusion for employment-based coveragea,b",2022,341.0,"Billions of Dollars, by Fiscal Year",51298-2020-09-healthinsurance.xlsx,Table 2-1,false
Healthinsurance,"Tax exclusion for employment-based coveragea,b",2023,363.0,"Billions of Dollars, by Fiscal Year",51298-2020-09-healthinsurance.xlsx,Table 2-1,false
Healthinsurance,"Tax exclusion for employment-based coveragea,b",2024,387.0,"Billions of Dollars, by Fiscal Year",51298-2020-09-healthinsurance.xlsx,Table 2-1,false
Healthinsurance,"Tax exclusion for employment-based coveragea,b",2025,410.0,"Billions of Dollars, by Fiscal Year",51298-2020-09-healthinsurance.xlsx,Table 2-1,false
Healthinsurance,"Tax exclusion for employment-based coveragea,b",2026,466.0,"Billions of Dollars, by Fiscal Year",51298-2020-09-healthinsurance.xlsx,Table 2-1,false
Healthinsurance,"Tax exclusion for employment-based coveragea,b",2027,502.0,"Billions of Dollars, by Fiscal Year",51298-2020-09-healthinsurance.xlsx,Table 2-1,false
Healthinsurance,"Tax exclusion for employment-based coveragea,b",2028,530.0,"Billions of Dollars, by Fiscal Year",51298-2020-09-healthinsurance.xlsx,Table 2-1,false
Healthinsurance,"Tax exclusion for employment-based coveragea,b",2029,562.0,"Billions of Dollars, by Fiscal Year",51298-2020-09-healthinsurance.xlsx,Table 2-1,false
Healthinsurance,"Tax exclusion for employment-based coveragea,b",2029,4182.0,"Billions of Dollars, by Fiscal Year",51298-2020-09-healthinsurance.xlsx,Table 2-1,false
Healthinsurance,Income tax deduction for self-employment health insurancec,2019,4.0,"Billions of Dollars, by Fiscal Year",51298-2020-09-healthinsurance.xlsx,Table 2-1,false
Healthinsurance,Income tax deduction for self-employment health insurancec,2020,4.0,"Billions of Dollars, by Fiscal Year",51298-2020-09-healthinsurance.xlsx,Table 2-1,false
Healthinsurance,Income tax deduction for self-employment health insurancec,2021,3.0,"Billions of Dollars, by Fiscal Year",51298-2020-09-healthinsurance.xlsx,Table 2-1,false
Healthinsurance,Income tax deduction for self-employment health insurancec,2022,3.0,"Billions of Dollars, by Fiscal Year",51298-2020-09-healthinsurance.xlsx,Table 2-1,false
Healthinsurance,Income tax deduction for self-employment health insurancec,2023,3.0,"Billions of Dollars, by Fiscal Year",51298-2020-09-healthinsurance.xlsx,Table 2-1,false
Healthinsurance,Income tax deduction for self-employment health insurancec,2024,4.0,"Billions of Dollars, by Fiscal Year",51298-2020-09-healthinsurance.xlsx,Table 2-1,false
Healthinsurance,Income tax deduction for self-employment health insurancec,2025,4.0,"Billions of Dollars, by Fiscal Year",51298-2020-09-healthinsurance.xlsx,Table 2-1,false
Healthinsurance,Income tax deduction for self-employment health insurancec,2026,4.0,"Billions of Dollars, by Fiscal Year",51298-2020-09-healthinsurance.xlsx,Table 2-1,false
Healthinsurance,Income tax deduction for self-employment health insurancec,2027,5.0,"Billions of Dollars, by Fiscal Year",51298-2020-09-healthinsurance.xlsx,Table 2-1,false
Healthinsurance,Income tax deduction for self-employment health insurancec,2028,5.0,"Billions of Dollars, by Fiscal Year",51298-2020-09-healthinsurance.xlsx,Table 2-1,false
Healthinsurance,Income tax deduction for self-employment health insurancec,2029,5.0,"Billions of Dollars, by Fiscal Year",51298-2020-09-healthinsurance.xlsx,Table 2-1,false
Healthinsurance,Income tax deduction for self-employment health insurancec,2029,39.0,"Billions of Dollars, by Fiscal Year",51298-2020-09-healthinsurance.xlsx,Table 2-1,false
Healthinsurance,Subtotal,2019,287.0,"Billions of Dollars, by Fiscal Year",51298-2020-09-healthinsurance.xlsx,Table 2-1,true
Healthinsurance,Subtotal,2020,305.0,"Billions of Dollars, by Fiscal Year",51298-2020-09-healthinsurance.xlsx,Table 2-1,true
Healthinsurance,Subtotal,2021,323.0,"Billions of Dollars, by Fiscal Year",51298-2020-09-healthinsurance.xlsx,Table 2-1,true
Healthinsurance,Subtotal,2022,344.0,"Billions of Dollars, by Fiscal Year",51298-2020-09-healthinsurance.xlsx,Table 2-1,true
Healthinsurance,Subtotal,2023,366.0,"Billions of Dollars, by Fiscal Year",51298-2020-09-healthinsurance.xlsx,Table 2-1,true
Healthinsurance,Subtotal,2024,391.0,"Billions of Dollars, by Fiscal Year",51298-2020-09-healthinsurance.xlsx,Table 2-1,true
Healthinsurance,Subtotal,2025,414.0,"Billions of Dollars, by Fiscal Year",51298-2020-09-healthinsurance.xlsx,Table 2-1,true
Healthinsurance,Subtotal,2026,470.0,"Billions of Dollars, by Fiscal Year",51298-2020-09-healthinsurance.xlsx,Table 2-1,true
Healthinsurance,Subtotal,2027,507.0,"Billions of Dollars, by Fiscal Year",51298-2020-09-healthinsurance.xlsx,Table 2-1,true
Healthinsurance,Subtotal,2028,535.0,"Billions of Dollars, by Fiscal Year",51298-2020-09-healthinsurance.xlsx,Table 2-1,true
Healthinsurance,Subtotal,2029,567.0,"Billions of Dollars, by Fiscal Year",51298-2020-09-healthinsurance.xlsx,Table 2-1,true
Healthinsurance,Subtotal,2029,4222.0,"Billions of Dollars, by Fiscal Year",51298-2020-09-healthinsurance.xlsx,Table 2-1,true
Healthinsurance,Blind and Disabled,2019,109.0,"Billions of Dollars, by Fiscal Year",51298-2020-09-healthinsurance.xlsx,Table 2-1,false
Healthinsurance,Blind and Disabled,2020,115.0,"Billions of Dollars, by Fiscal Year",51298-2020-09-healthinsurance.xlsx,Table 2-1,false
Healthinsurance,Blind and Disabled,2021,121.0,"Billions of Dollars, by Fiscal Year",51298-2020-09-healthinsurance.xlsx,Table 2-1,false
Healthinsurance,Blind and Disabled,2022,127.0,"Billions of Dollars, by Fiscal Year",51298-2020-09-healthinsurance.xlsx,Table 2-1,false
Healthinsurance,Blind and Disabled,2023,135.0,"Billions of Dollars, by Fiscal Year",51298-2020-09-healthinsurance.xlsx,Table 2-1,false
Healthinsurance,Blind and Disabled,2024,143.0,"Billions of Dollars, by Fiscal Year",51298-2020-09-healthinsurance.xlsx,Table 2-1,false
Healthinsurance,Blind and Disabled,2025,152.0,"Billions of Dollars, by Fiscal Year",51298-2020-09-healthinsurance.xlsx,Table 2-1,false
Healthinsurance,Blind and Disabled,2026,161.0,"Billions of Dollars, by Fiscal Year",51298-2020-09-healthinsurance.xlsx,Table 2-1,false
Healthinsurance,Blind and Disabled,2027,172.0,"Billions of Dollars, by Fiscal Year",51298-2020-09-healthinsurance.xlsx,Table 2-1,false
Healthinsurance,Blind and Disabled,2028,182.0,"Billions of Dollars, by Fiscal Year",51298-2020-09-healthinsurance.xlsx,Table 2-1,false
Healthinsurance,Blind and Disabled,2029,194.0,"Billions of Dollars, by Fiscal Year",51298-2020-09-healthinsurance.xlsx,Table 2-1,false
Healthinsurance,Blind and Disabled,2029,1502.0,"Billions of Dollars, by Fiscal Year",51298-2020-09-healthinsurance.xlsx,Table 2-1,false
Healthinsurance,Children,2019,76.0,"Billions of Dollars, by Fiscal Year",51298-2020-09-healthinsurance.xlsx,Table 2-1,false
Healthinsurance,Children,2020,80.0,"Billions of Dollars, by Fiscal Year",51298-2020-09-healthinsurance.xlsx,Table 2-1,false
Healthinsurance,Children,2021,85.0,"Billions of Dollars, by Fiscal Year",51298-2020-09-healthinsurance.xlsx,Table 2-1,false
Healthinsurance,Children,2022,91.0,"Billions of Dollars, by Fiscal Year",51298-2020-09-healthinsurance.xlsx,Table 2-1,false
Healthinsurance,Children,2023,96.0,"Billions of Dollars, by Fiscal Year",51298-2020-09-healthinsurance.xlsx,Table 2-1,false
Healthinsurance,Children,2024,102.0,"Billions of Dollars, by Fiscal Year",51298-2020-09-healthinsurance.xlsx,Table 2-1,false
Healthinsurance,Children,2025,108.0,"Billions of Dollars, by Fiscal Year",51298-2020-09-healthinsurance.xlsx,Table 2-1,false
Healthinsurance,Children,2026,114.0,"Billions of Dollars, by Fiscal Year",51298-2020-09-healthinsurance.xlsx,Table 2-1,false
Healthinsurance,Children,2027,120.0,"Billions of Dollars, by Fiscal Year",51298-2020-09-healthinsurance.xlsx,Table 2-1,false
Healthinsurance,Children,2028,126.0,"Billions of Dollars, by Fiscal Year",51298-2020-09-healthinsurance.xlsx,Table 2-1,false
Healthinsurance,Children,2029,133.0,"Billions of Dollars, by Fiscal Year",51298-2020-09-healthinsurance.xlsx,Table 2-1,false
Healthinsurance,Children,2029,1055.0,"Billions of Dollars, by Fiscal Year",51298-2020-09-healthinsurance.xlsx,Table 2-1,false
Healthinsurance,Adults Made Eligible for Medicaid by the ACA,2019,66.0,"Billions of Dollars, by Fiscal Year",51298-2020-09-healthinsurance.xlsx,Table 2-1,false
Healthinsurance,Adults Made Eligible for Medicaid by the ACA,2020,66.0,"Billions of Dollars, by Fiscal Year",51298-2020-09-healthinsurance.xlsx,Table 2-1,false
Healthinsurance,Adults Made Eligible for Medicaid by the ACA,2021,70.0,"Billions of Dollars, by Fiscal Year",51298-2020-09-healthinsurance.xlsx,Table 2-1,false
Healthinsurance,Adults Made Eligible for Medicaid by the ACA,2022,76.0,"Billions of Dollars, by Fiscal Year",51298-2020-09-healthinsurance.xlsx,Table 2-1,false
Healthinsurance,Adults Made Eligible for Medicaid by the ACA,2023,83.0,"Billions of Dollars, by Fiscal Year",51298-2020-09-healthinsurance.xlsx,Table 2-1,false
Healthinsurance,Adults Made Eligible for Medicaid by the ACA,2024,89.0,"Billions of Dollars, by Fiscal Year",51298-2020-09-healthinsurance.xlsx,Table 2-1,false
Healthinsurance,Adults Made Eligible for Medicaid by the ACA,2025,95.0,"Billions of Dollars, by Fiscal Year",51298-2020-09-healthinsurance.xlsx,Table 2-1,false
Healthinsurance,Adults Made Eligible for Medicaid by the ACA,2026,102.0,"Billions of Dollars, by Fiscal Year",51298-2020-09-healthinsurance.xlsx,Table 2-1,false
Healthinsurance,Adults Made Eligible for Medicaid by the ACA,2027,108.0,"Billions of Dollars, by Fiscal Year",51298-2020-09-healthinsurance.xlsx,Table 2-1,false
Healthinsurance,Adults Made Eligible for Medicaid by the ACA,2028,115.0,"Billions of Dollars, by Fiscal Year",51298-2020-09-healthinsurance.xlsx,Table 2-1,false
Healthinsurance,Adults Made Eligible for Medicaid by the ACA,2029,121.0,"Billions of Dollars, by Fiscal Year",51298-2020-09-healthinsurance.xlsx,Table 2-1,false
Healthinsurance,Adults Made Eligible for Medicaid by the ACA,2029,925.0,"Billions of Dollars, by Fiscal Year",51298-2020-09-healthinsurance.xlsx,Table 2-1,false
Healthinsurance,Otherwise eligible for Medicaid,2019,46.0,"Billions of Dollars, by Fiscal Year",51298-2020-09-healthinsurance.xlsx,Table 2-1,false
Healthinsurance,Otherwise eligible for Medicaid,2020,48.0,"Billions of Dollars, by Fiscal Year",51298-2020-09-healthinsurance.xlsx,Table 2-1,false
Healthinsurance,Otherwise eligible for Medicaid,2021,51.0,"Billions of Dollars, by Fiscal Year",51298-2020-09-healthinsurance.xlsx,Table 2-1,false
Healthinsurance,Otherwise eligible for Medicaid,2022,54.0,"Billions of Dollars, by Fiscal Year",51298-2020-09-healthinsurance.xlsx,Table 2-1,false
Healthinsurance,Otherwise eligible for Medicaid,2023,58.0,"Billions of Dollars, by Fiscal Year",51298-2020-09-healthinsurance.xlsx,Table 2-1,false
Healthinsurance,Otherwise eligible for Medicaid,2024,61.0,"Billions of Dollars, by Fiscal Year",51298-2020-09-healthinsurance.xlsx,Table 2-1,false
Healthinsurance,Otherwise eligible for Medicaid,2025,65.0,"Billions of Dollars, by Fiscal Year",51298-2020-09-healthinsurance.xlsx,Table 2-1,false
Healthinsurance,Otherwise eligible for Medicaid,2026,68.0,"Billions of Dollars, by Fiscal Year",51298-2020-09-healthinsurance.xlsx,Table 2-1,false
Healthinsurance,Otherwise eligible for Medicaid,2027,72.0,"Billions of Dollars, by Fiscal Year",51298-2020-09-healthinsurance.xlsx,Table 2-1,false
Healthinsurance,Otherwise eligible for Medicaid,2028,76.0,"Billions of Dollars, by Fiscal Year",51298-2020-09-healthinsurance.xlsx,Table 2-1,false
Healthinsurance,Otherwise eligible for Medicaid,2029,81.0,"Billions of Dollars, by Fiscal Year",51298-2020-09-healthinsurance.xlsx,Table 2-1,false
Healthinsurance,Otherwise eligible for Medicaid,2029,635.0,"Billions of Dollars, by Fiscal Year",51298-2020-09-healthinsurance.xlsx,Table 2-1,false
Healthinsurance,CHIP,2019,18.0,"Billions of Dollars, by Fiscal Year",51298-2020-09-healthinsurance.xlsx,Table 2-1,false
Healthinsurance,CHIP,2020,16.0,"Billions of Dollars, by Fiscal Year",51298-2020-09-healthinsurance.xlsx,Table 2-1,false
Healthinsurance,CHIP,2021,14.0,"Billions of Dollars, by Fiscal Year",51298-2020-09-healthinsurance.xlsx,Table 2-1,false
Healthinsurance,CHIP,2022,14.0,"Billions of Dollars, by Fiscal Year",51298-2020-09-healthinsurance.xlsx,Table 2-1,false
Healthinsurance,CHIP,2023,15.0,"Billions of Dollars, by Fiscal Year",51298-2020-09-healthinsurance.xlsx,Table 2-1,false
Healthinsurance,CHIP,2024,16.0,"Billions of Dollars, by Fiscal Year",51298-2020-09-healthinsurance.xlsx,Table 2-1,false
Healthinsurance,CHIP,2025,16.0,"Billions of Dollars, by Fiscal Year",51298-2020-09-healthinsurance.xlsx,Table 2-1,false
Healthinsurance,CHIP,2026,17.0,"Billions of Dollars, by Fiscal Year",51298-2020-09-healthinsurance.xlsx,Table 2-1,false
Healthinsurance,CHIP,2027,18.0,"Billions of Dollars, by Fiscal Year",51298-2020-09-healthinsurance.xlsx,Table 2-1,false
Healthinsurance,CHIP,2028,18.0,"Billions of Dollars, by Fiscal Year",51298-2020-09-healthinsurance.xlsx,Table 2-1,false
Healthinsurance,CHIP,2029,19.0,"Billions of Dollars, by Fiscal Year",51298-2020-09-healthinsurance.xlsx,Table 2-1,false
Healthinsurance,CHIP,2029,164.0,"Billions of Dollars, by Fiscal Year",51298-2020-09-healthinsurance.xlsx,Table 2-1,false
Healthinsurance,314,2019,314.0,"Billions of Dollars, by Fiscal Year",51298-2020-09-healthinsurance.xlsx,Table 2-1,false
Healthinsurance,314,2020,325.0,"Billions of Dollars, by Fiscal Year",51298-2020-09-healthinsurance.xlsx,Table 2-1,false
Healthinsurance,314,2021,341.0,"Billions of Dollars, by Fiscal Year",51298-2020-09-healthinsurance.xlsx,Table 2-1,false
Healthinsurance,314,2022,363.0,"Billions of Dollars, by Fiscal Year",51298-2020-09-healthinsurance.xlsx,Table 2-1,false
Healthinsurance,314,2023,387.0,"Billions of Dollars, by Fiscal Year",51298-2020-09-healthinsurance.xlsx,Table 2-1,false
Healthinsurance,314,2024,411.0,"Billions of Dollars, by Fiscal Year",51298-2020-09-healthinsurance.xlsx,Table 2-1,false
Healthinsurance,314,2025,436.0,"Billions of Dollars, by Fiscal Year",51298-2020-09-healthinsurance.xlsx,Table 2-1,false
Healthinsurance,314,2026,462.0,"Billions of Dollars, by Fiscal Year",51298-2020-09-healthinsurance.xlsx,Table 2-1,false
Healthinsurance,314,2027,490.0,"Billions of Dollars, by Fiscal Year",51298-2020-09-healthinsurance.xlsx,Table 2-1,false
Healthinsurance,314,2028,518.0,"Billions of Dollars, by Fiscal Year",51298-2020-09-healthinsurance.xlsx,Table 2-1,false
Healthinsurance,314,2029,549.0,"Billions of Dollars, by Fiscal Year",51298-2020-09-healthinsurance.xlsx,Table 2-1,false
Healthinsurance,314,2029,4282.0,"Billions of Dollars, by Fiscal Year",51298-2020-09-healthinsurance.xlsx,Table 2-1,false
Healthinsurance,Premium tax credit outlays,2019,43.0,"Billions of Dollars, by Fiscal Year",51298-2020-09-healthinsurance.xlsx,Table 2-1,false
Healthinsurance,Premium tax credit outlays,2020,44.0,"Billions of Dollars, by Fiscal Year",51298-2020-09-healthinsurance.xlsx,Table 2-1,false
Healthinsurance,Premium tax credit outlays,2021,43.0,"Billions of Dollars, by Fiscal Year",51298-2020-09-healthinsurance.xlsx,Table 2-1,false
Healthinsurance,Premium tax credit outlays,2022,45.0,"Billions of Dollars, by Fiscal Year",51298-2020-09-healthinsurance.xlsx,Table 2-1,false
Healthinsurance,Premium tax credit outlays,2023,47.0,"Billions of Dollars, by Fiscal Year",51298-2020-09-healthinsurance.xlsx,Table 2-1,false
Healthinsurance,Premium tax credit outlays,2024,49.0,"Billions of Dollars, by Fiscal Year",51298-2020-09-healthinsurance.xlsx,Table 2-1,false
Healthinsurance,Premium tax credit outlays,2025,52.0,"Billions of Dollars, by Fiscal Year",51298-2020-09-healthinsurance.xlsx,Table 2-1,false
Healthinsurance,Premium tax credit outlays,2026,54.0,"Billions of Dollars, by Fiscal Year",51298-2020-09-healthinsurance.xlsx,Table 2-1,false
Healthinsurance,Premium tax credit outlays,2027,55.0,"Billions of Dollars, by Fiscal Year",51298-2020-09-healthinsurance.xlsx,Table 2-1,false
Healthinsurance,Premium tax credit outlays,2028,56.0,"Billions of Dollars, by Fiscal Year",51298-2020-09-healthinsurance.xlsx,Table 2-1,false
Healthinsurance,Premium tax credit outlays,2029,57.0,"Billions of Dollars, by Fiscal Year",51298-2020-09-healthinsurance.xlsx,Table 2-1,false
Healthinsurance,Premium tax credit outlays,2029,503.0,"Billions of Dollars, by Fiscal Year",51298-2020-09-healthinsurance.xlsx,Table 2-1,false
Healthinsurance,Premium tax credit revenue reductions,2019,9.0,"Billions of Dollars, by Fiscal Year",51298-2020-09-healthinsurance.xlsx,Table 2-1,false
Healthinsurance,Premium tax credit revenue reductions,2020,10.0,"Billions of Dollars, by Fiscal Year",51298-2020-09-healthinsurance.xlsx,Table 2-1,false
Healthinsurance,Premium tax credit revenue reductions,2021,9.0,"Billions of Dollars, by Fiscal Year",51298-2020-09-healthinsurance.xlsx,Table 2-1,false
Healthinsurance,Premium tax credit revenue reductions,2022,10.0,"Billions of Dollars, by Fiscal Year",51298-2020-09-healthinsurance.xlsx,Table 2-1,false
Healthinsurance,Premium tax credit revenue reductions,2023,10.0,"Billions of Dollars, by Fiscal Year",51298-2020-09-healthinsurance.xlsx,Table 2-1,false
Healthinsurance,Premium tax credit revenue reductions,2024,11.0,"Billions of Dollars, by Fiscal Year",51298-2020-09-healthinsurance.xlsx,Table 2-1,false
Healthinsurance,Premium tax credit revenue reductions,2025,11.0,"Billions of Dollars, by Fiscal Year",51298-2020-09-healthinsurance.xlsx,Table 2-1,false
Healthinsurance,Premium tax credit revenue reductions,2026,12.0,"Billions of Dollars, by Fiscal Year",51298-2020-09-healthinsurance.xlsx,Table 2-1,false
Healthinsurance,Premium tax credit revenue reductions,2027,12.0,"Billions of Dollars, by Fiscal Year",51298-2020-09-healthinsurance.xlsx,Table 2-1,false
Healthinsurance,Premium tax credit revenue reductions,2028,12.0,"Billions of Dollars, by Fiscal Year",51298-2020-09-healthinsurance.xlsx,Table 2-1,false
Healthinsurance,Premium tax credit revenue reductions,2029,12.0,"Billions of Dollars, by Fiscal Year",51298-2020-09-healthinsurance.xlsx,Table 2-1,false
Healthinsurance,Premium tax credit revenue reductions,2029,109.0,"Billions of Dollars, by Fiscal Year",51298-2020-09-healthinsurance.xlsx,Table 2-1,false
Healthinsurance,"Subtotal, premium tax credits",2019,53.0,"Billions of Dollars, by Fiscal Year",51298-2020-09-healthinsurance.xlsx,Table 2-1,true
Healthinsurance,"Subtotal, premium tax credits",2020,53.0,"Billions of Dollars, by Fiscal Year",51298-2020-09-healthinsurance.xlsx,Table 2-1,true
Healthinsurance,"Subtotal, premium tax credits",2021,53.0,"Billions of Dollars, by Fiscal Year",51298-2020-09-healthinsurance.xlsx,Table 2-1,true
Healthinsurance,"Subtotal, premium tax credits",2022,55.0,"Billions of Dollars, by Fiscal Year",51298-2020-09-healthinsurance.xlsx,Table 2-1,true
Healthinsurance,"Subtotal, premium tax credits",2023,58.0,"Billions of Dollars, by Fiscal Year",51298-2020-09-healthinsurance.xlsx,Table 2-1,true
Healthinsurance,"Subtotal, premium tax credits",2024,60.0,"Billions of Dollars, by Fiscal Year",51298-2020-09-healthinsurance.xlsx,Table 2-1,true
Healthinsurance,"Subtotal, premium tax credits",2025,64.0,"Billions of Dollars, by Fiscal Year",51298-2020-09-healthinsurance.xlsx,Table 2-1,true
Healthinsurance,"Subtotal, premium tax credits",2026,66.0,"Billions of Dollars, by Fiscal Year",51298-2020-09-healthinsurance.xlsx,Table 2-1,true
Healthinsurance,"Subtotal, premium tax credits",2027,67.0,"Billions of Dollars, by Fiscal Year",51298-2020-09-healthinsurance.xlsx,Table 2-1,true
Healthinsurance,"Subtotal, premium tax credits",2028,68.0,"Billions of Dollars, by Fiscal Year",51298-2020-09-healthinsurance.xlsx,Table 2-1,true
Healthinsurance,"Subtotal, premium tax credits",2029,70.0,"Billions of Dollars, by Fiscal Year",51298-2020-09-healthinsurance.xlsx,Table 2-1,true
Healthinsurance,"Subtotal, premium tax credits",2029,612.0,"Billions of Dollars, by Fiscal Year",51298-2020-09-healthinsurance.xlsx,Table 2-1,true
Healthinsurance,Outlays for the Basic Health Program,2019,5.796132407240033,"Billions of Dollars, by Fiscal Year",51298-2020-09-healthinsurance.xlsx,Table 2-1,false
Healthinsurance,Outlays for the Basic Health Program,2020,5.990726633296848,"Billions of Dollars, by Fiscal Year",51298-2020-09-healthinsurance.xlsx,Table 2-1,false
Healthinsurance,Outlays for the Basic Health Program,2021,6.233897866129582,"Billions of Dollars, by Fiscal Year",51298-2020-09-healthinsurance.xlsx,Table 2-1,false
Healthinsurance,Outlays for the Basic Health Program,2022,6.694477114083504,"Billions of Dollars, by Fiscal Year",51298-2020-09-healthinsurance.xlsx,Table 2-1,false
Healthinsurance,Outlays for the Basic Health Program,2023,7.139908003240495,"Billions of Dollars, by Fiscal Year",51298-2020-09-healthinsurance.xlsx,Table 2-1,false
Healthinsurance,Outlays for the Basic Health Program,2024,7.491873371770409,"Billions of Dollars, by Fiscal Year",51298-2020-09-healthinsurance.xlsx,Table 2-1,false
Healthinsurance,Outlays for the Basic Health Program,2025,7.899954559390968,"Billions of Dollars, by Fiscal Year",51298-2020-09-healthinsurance.xlsx,Table 2-1,false
Healthinsurance,Outlays for the Basic Health Program,2026,8.361036327979981,"Billions of Dollars, by Fiscal Year",51298-2020-09-healthinsurance.xlsx,Table 2-1,false
Healthinsurance,Outlays for the Basic Health Program,2027,8.67980966938876,"Billions of Dollars, by Fiscal Year",51298-2020-09-healthinsurance.xlsx,Table 2-1,false
Healthinsurance,Outlays for the Basic Health Program,2028,9.14391283583722,"Billions of Dollars, by Fiscal Year",51298-2020-09-healthinsurance.xlsx,Table 2-1,false
Healthinsurance,Outlays for the Basic Health Program,2029,9.590401964534038,"Billions of Dollars, by Fiscal Year",51298-2020-09-healthinsurance.xlsx,Table 2-1,false
Healthinsurance,Outlays for the Basic Health Program,2029,77.0,"Billions of Dollars, by Fiscal Year",51298-2020-09-healthinsurance.xlsx,Table 2-1,false
Healthinsurance,Collections for risk adjustment and reinsurance,2019,-5.759,"Billions of Dollars, by Fiscal Year",51298-2020-09-healthinsurance.xlsx,Table 2-1,false
Healthinsurance,Collections for risk adjustment and reinsurance,2020,-5.309,"Billions of Dollars, by Fiscal Year",51298-2020-09-healthinsurance.xlsx,Table 2-1,false
Healthinsurance,Collections for risk adjustment and reinsurance,2021,-5.587,"Billions of Dollars, by Fiscal Year",51298-2020-09-healthinsurance.xlsx,Table 2-1,false
Healthinsurance,Collections for risk adjustment and reinsurance,2022,-5.865,"Billions of Dollars, by Fiscal Year",51298-2020-09-healthinsurance.xlsx,Table 2-1,false
Healthinsurance,Collections for risk adjustment and reinsurance,2023,-6.046,"Billions of Dollars, by Fiscal Year",51298-2020-09-healthinsurance.xlsx,Table 2-1,false
Healthinsurance,Collections for risk adjustment and reinsurance,2024,-6.373,"Billions of Dollars, by Fiscal Year",51298-2020-09-healthinsurance.xlsx,Table 2-1,false
Healthinsurance,Collections for risk adjustment and reinsurance,2025,-6.664,"Billions of Dollars, by Fiscal Year",51298-2020-09-healthinsurance.xlsx,Table 2-1,false
Healthinsurance,Collections for risk adjustment and reinsurance,2026,-6.977,"Billions of Dollars, by Fiscal Year",51298-2020-09-healthinsurance.xlsx,Table 2-1,false
Healthinsurance,Collections for risk adjustment and reinsurance,2027,-7.302,"Billions of Dollars, by Fiscal Year",51298-2020-09-healthinsurance.xlsx,Table 2-1,false
Healthinsurance,Collections for risk adjustment and reinsurance,2028,-7.567,"Billions of Dollars, by Fiscal Year",51298-2020-09-healthinsurance.xlsx,Table 2-1,false
Healthinsurance,Collections for risk adjustment and reinsurance,2029,-7.892,"Billions of Dollars, by Fiscal Year",51298-2020-09-healthinsurance.xlsx,Table 2-1,false
Healthinsurance,Collections for risk adjustment and reinsurance,2029,-66.0,"Billions of Dollars, by Fiscal Year",51298-2020-09-healthinsurance.xlsx,Table 2-1,false
Healthinsurance,Payments for risk adjustment and reinsurance,2019,9.118,"Billions of Dollars, by Fiscal Year",51298-2020-09-healthinsurance.xlsx,Table 2-1,false
Healthinsurance,Payments for risk adjustment and reinsurance,2020,5.334,"Billions of Dollars, by Fiscal Year",51298-2020-09-healthinsurance.xlsx,Table 2-1,false
Healthinsurance,Payments for risk adjustment and reinsurance,2021,5.763,"Billions of Dollars, by Fiscal Year",51298-2020-09-healthinsurance.xlsx,Table 2-1,false
Healthinsurance,Payments for risk adjustment and reinsurance,2022,5.874,"Billions of Dollars, by Fiscal Year",51298-2020-09-healthinsurance.xlsx,Table 2-1,false
Healthinsurance,Payments for risk adjustment and reinsurance,2023,6.001,"Billions of Dollars, by Fiscal Year",51298-2020-09-healthinsurance.xlsx,Table 2-1,false
Healthinsurance,Payments for risk adjustment and reinsurance,2024,6.291,"Billions of Dollars, by Fiscal Year",51298-2020-09-healthinsurance.xlsx,Table 2-1,false
Healthinsurance,Payments for risk adjustment and reinsurance,2025,6.591,"Billions of Dollars, by Fiscal Year",51298-2020-09-healthinsurance.xlsx,Table 2-1,false
Healthinsurance,Payments for risk adjustment and reinsurance,2026,6.899,"Billions of Dollars, by Fiscal Year",51298-2020-09-healthinsurance.xlsx,Table 2-1,false
Healthinsurance,Payments for risk adjustment and reinsurance,2027,7.221,"Billions of Dollars, by Fiscal Year",51298-2020-09-healthinsurance.xlsx,Table 2-1,false
Healthinsurance,Payments for risk adjustment and reinsurance,2028,7.501,"Billions of Dollars, by Fiscal Year",51298-2020-09-healthinsurance.xlsx,Table 2-1,false
Healthinsurance,Payments for risk adjustment and reinsurance,2029,7.811,"Billions of Dollars, by Fiscal Year",51298-2020-09-healthinsurance.xlsx,Table 2-1,false
Healthinsurance,Payments for risk adjustment and reinsurance,2029,65.0,"Billions of Dollars, by Fiscal Year",51298-2020-09-healthinsurance.xlsx,Table 2-1,false
Healthinsurance,Subtotal,2019,59.0,"Billions of Dollars, by Fiscal Year",51298-2020-09-healthinsurance.xlsx,Table 2-1,true
Healthinsurance,Subtotal,2020,59.0,"Billions of Dollars, by Fiscal Year",51298-2020-09-healthinsurance.xlsx,Table 2-1,true
Healthinsurance,Subtotal,2021,59.0,"Billions of Dollars, by Fiscal Year",51298-2020-09-healthinsurance.xlsx,Table 2-1,true
Healthinsurance,Subtotal,2022,61.0,"Billions of Dollars, by Fiscal Year",51298-2020-09-healthinsurance.xlsx,Table 2-1,true
Healthinsurance,Subtotal,2023,65.0,"Billions of Dollars, by Fiscal Year",51298-2020-09-healthinsurance.xlsx,Table 2-1,true
Healthinsurance,Subtotal,2024,68.0,"Billions of Dollars, by Fiscal Year",51298-2020-09-healthinsurance.xlsx,Table 2-1,true
Healthinsurance,Subtotal,2025,72.0,"Billions of Dollars, by Fiscal Year",51298-2020-09-healthinsurance.xlsx,Table 2-1,true
Healthinsurance,Subtotal,2026,74.0,"Billions of Dollars, by Fiscal Year",51298-2020-09-healthinsurance.xlsx,Table 2-1,true
Healthinsurance,Subtotal,2027,75.0,"Billions of Dollars, by Fiscal Year",51298-2020-09-healthinsurance.xlsx,Table 2-1,true
Healthinsurance,Subtotal,2028,77.0,"Billions of Dollars, by Fiscal Year",51298-2020-09-healthinsurance.xlsx,Table 2-1,true
Healthinsurance,Subtotal,2029,81.0,"Billions of Dollars, by Fiscal Year",51298-2020-09-healthinsurance.xlsx,Table 2-1,true
Healthinsurance,Subtotal,2029,689.0,"Billions of Dollars, by Fiscal Year",51298-2020-09-healthinsurance.xlsx,Table 2-1,true
Healthinsurance,Medicaree,2019,86.0,"Billions of Dollars, by Fiscal Year",51298-2020-09-healthinsurance.xlsx,Table 2-1,false
Healthinsurance,Medicaree,2020,88.0,"Billions of Dollars, by Fiscal Year",51298-2020-09-healthinsurance.xlsx,Table 2-1,false
Healthinsurance,Medicaree,2021,92.0,"Billions of Dollars, by Fiscal Year",51298-2020-09-healthinsurance.xlsx,Table 2-1,false
Healthinsurance,Medicaree,2022,96.0,"Billions of Dollars, by Fiscal Year",51298-2020-09-healthinsurance.xlsx,Table 2-1,false
Healthinsurance,Medicaree,2023,100.0,"Billions of Dollars, by Fiscal Year",51298-2020-09-healthinsurance.xlsx,Table 2-1,false
Healthinsurance,Medicaree,2024,104.0,"Billions of Dollars, by Fiscal Year",51298-2020-09-healthinsurance.xlsx,Table 2-1,false
Healthinsurance,Medicaree,2025,109.0,"Billions of Dollars, by Fiscal Year",51298-2020-09-healthinsurance.xlsx,Table 2-1,false
Healthinsurance,Medicaree,2026,114.0,"Billions of Dollars, by Fiscal Year",51298-2020-09-healthinsurance.xlsx,Table 2-1,false
Healthinsurance,Medicaree,2027,120.0,"Billions of Dollars, by Fiscal Year",51298-2020-09-healthinsurance.xlsx,Table 2-1,false
Healthinsurance,Medicaree,2028,127.0,"Billions of Dollars, by Fiscal Year",51298-2020-09-healthinsurance.xlsx,Table 2-1,false
Healthinsurance,Medicaree,2029,131.0,"Billions of Dollars, by Fiscal Year",51298-2020-09-healthinsurance.xlsx,Table 2-1,false
Healthinsurance,Medicaree,2029,1082.0,"Billions of Dollars, by Fiscal Year",51298-2020-09-healthinsurance.xlsx,Table 2-1,false
Healthinsurance,Gross collections of excise tax on high-premium insurance plansf,2019,0.0,"Billions of Dollars, by Fiscal Year",51298-2020-09-healthinsurance.xlsx,Table 2-1,false
Healthinsurance,Gross collections of excise tax on high-premium insurance plansf,2020,0.0,"Billions of Dollars, by Fiscal Year",51298-2020-09-healthinsurance.xlsx,Table 2-1,false
Healthinsurance,Gross collections of excise tax on high-premium insurance plansf,2021,0.0,"Billions of Dollars, by Fiscal Year",51298-2020-09-healthinsurance.xlsx,Table 2-1,false
Healthinsurance,Gross collections of excise tax on high-premium insurance plansf,2022,-2.0545658024872187,"Billions of Dollars, by Fiscal Year",51298-2020-09-healthinsurance.xlsx,Table 2-1,false
Healthinsurance,Gross collections of excise tax on high-premium insurance plansf,2023,-7.292082749526315,"Billions of Dollars, by Fiscal Year",51298-2020-09-healthinsurance.xlsx,Table 2-1,false
Healthinsurance,Gross collections of excise tax on high-premium insurance plansf,2024,-8.522593047082756,"Billions of Dollars, by Fiscal Year",51298-2020-09-healthinsurance.xlsx,Table 2-1,false
Healthinsurance,Gross collections of excise tax on high-premium insurance plansf,2025,-9.796567676498272,"Billions of Dollars, by Fiscal Year",51298-2020-09-healthinsurance.xlsx,Table 2-1,false
Healthinsurance,Gross collections of excise tax on high-premium insurance plansf,2026,-12.145641588908706,"Billions of Dollars, by Fiscal Year",51298-2020-09-healthinsurance.xlsx,Table 2-1,false
Healthinsurance,Gross collections of excise tax on high-premium insurance plansf,2027,-16.221548034426824,"Billions of Dollars, by Fiscal Year",51298-2020-09-healthinsurance.xlsx,Table 2-1,false
Healthinsurance,Gross collections of excise tax on high-premium insurance plansf,2028,-18.659989716859787,"Billions of Dollars, by Fiscal Year",51298-2020-09-healthinsurance.xlsx,Table 2-1,false
Healthinsurance,Gross collections of excise tax on high-premium insurance plansf,2029,-21.52786286537829,"Billions of Dollars, by Fiscal Year",51298-2020-09-healthinsurance.xlsx,Table 2-1,false
Healthinsurance,Gross collections of excise tax on high-premium insurance plansf,2029,-96.0,"Billions of Dollars, by Fiscal Year",51298-2020-09-healthinsurance.xlsx,Table 2-1,false
Healthinsurance,Penalty payments by uninsured people,2019,-3.47710394265233,"Billions of Dollars, by Fiscal Year",51298-2020-09-healthinsurance.xlsx,Table 2-1,false
Healthinsurance,Penalty payments by uninsured people,2020,0.0,"Billions of Dollars, by Fiscal Year",51298-2020-09-healthinsurance.xlsx,Table 2-1,false
Healthinsurance,Penalty payments by uninsured people,2021,0.0,"Billions of Dollars, by Fiscal Year",51298-2020-09-healthinsurance.xlsx,Table 2-1,false
Healthinsurance,Penalty payments by uninsured people,2022,0.0,"Billions of Dollars, by Fiscal Year",51298-2020-09-healthinsurance.xlsx,Table 2-1,false
Healthinsurance,Penalty payments by uninsured people,2023,0.0,"Billions of Dollars, by Fiscal Year",51298-2020-09-healthinsurance.xlsx,Table 2-1,false
Healthinsurance,Penalty payments by uninsured people,2024,0.0,"Billions of Dollars, by Fiscal Year",51298-2020-09-healthinsurance.xlsx,Table 2-1,false
Healthinsurance,Penalty payments by uninsured people,2025,0.0,"Billions of Dollars, by Fiscal Year",51298-2020-09-healthinsurance.xlsx,Table 2-1,false
Healthinsurance,Penalty payments by uninsured people,2026,0.0,"Billions of Dollars, by Fiscal Year",51298-2020-09-healthinsurance.xlsx,Table 2-1,false
Healthinsurance,Penalty payments by uninsured people,2027,0.0,"Billions of Dollars, by Fiscal Year",51298-2020-09-healthinsurance.xlsx,Table 2-1,false
Healthinsurance,Penalty payments by uninsured people,2028,0.0,"Billions of Dollars, by Fiscal Year",51298-2020-09-healthinsurance.xlsx,Table 2-1,false
Healthinsurance,Penalty payments by uninsured people,2029,0.0,"Billions of Dollars, by Fiscal Year",51298-2020-09-healthinsurance.xlsx,Table 2-1,false
Healthinsurance,Net receipts from tax on health insurance providersg,2019,0.0,"Billions of Dollars, by Fiscal Year",51298-2020-09-healthinsurance.xlsx,Table 2-1,false
Healthinsurance,Net receipts from tax on health insurance providersg,2020,-12.954,"Billions of Dollars, by Fiscal Year",51298-2020-09-healthinsurance.xlsx,Table 2-1,false
Healthinsurance,Net receipts from tax on health insurance providersg,2021,-13.71,"Billions of Dollars, by Fiscal Year",51298-2020-09-healthinsurance.xlsx,Table 2-1,false
Healthinsurance,Net receipts from tax on health insurance providersg,2022,-14.535,"Billions of Dollars, by Fiscal Year",51298-2020-09-healthinsurance.xlsx,Table 2-1,false
Healthinsurance,Net receipts from tax on health insurance providersg,2023,-15.393,"Billions of Dollars, by Fiscal Year",51298-2020-09-healthinsurance.xlsx,Table 2-1,false
Healthinsurance,Net receipts from tax on health insurance providersg,2024,-16.271,"Billions of Dollars, by Fiscal Year",51298-2020-09-healthinsurance.xlsx,Table 2-1,false
Healthinsurance,Net receipts from tax on health insurance providersg,2025,-17.161,"Billions of Dollars, by Fiscal Year",51298-2020-09-healthinsurance.xlsx,Table 2-1,false
Healthinsurance,Net receipts from tax on health insurance providersg,2026,-17.003,"Billions of Dollars, by Fiscal Year",51298-2020-09-healthinsurance.xlsx,Table 2-1,false
Healthinsurance,Net receipts from tax on health insurance providersg,2027,-17.852,"Billions of Dollars, by Fiscal Year",51298-2020-09-healthinsurance.xlsx,Table 2-1,false
Healthinsurance,Net receipts from tax on health insurance providersg,2028,-18.732,"Billions of Dollars, by Fiscal Year",51298-2020-09-healthinsurance.xlsx,Table 2-1,false
Healthinsurance,Net receipts from tax on health insurance providersg,2029,-20.183,"Billions of Dollars, by Fiscal Year",51298-2020-09-healthinsurance.xlsx,Table 2-1,false
Healthinsurance,Net receipts from tax on health insurance providersg,2029,-164.0,"Billions of Dollars, by Fiscal Year",51298-2020-09-healthinsurance.xlsx,Table 2-1,false
Healthinsurance,Gross collections of employer penaltiesf,2019,-7.817739541500002,"Billions of Dollars, by Fiscal Year",51298-2020-09-healthinsurance.xlsx,Table 2-1,false
Healthinsurance,Gross collections of employer penaltiesf,2020,-9.275465856000002,"Billions of Dollars, by Fiscal Year",51298-2020-09-healthinsurance.xlsx,Table 2-1,false
Healthinsurance,Gross collections of employer penaltiesf,2021,-8.561328900000001,"Billions of Dollars, by Fiscal Year",51298-2020-09-healthinsurance.xlsx,Table 2-1,false
Healthinsurance,Gross collections of employer penaltiesf,2022,-6.1350891,"Billions of Dollars, by Fiscal Year",51298-2020-09-healthinsurance.xlsx,Table 2-1,false
Healthinsurance,Gross collections of employer penaltiesf,2023,-6.4033941,"Billions of Dollars, by Fiscal Year",51298-2020-09-healthinsurance.xlsx,Table 2-1,false
Healthinsurance,Gross collections of employer penaltiesf,2024,-6.7196964,"Billions of Dollars, by Fiscal Year",51298-2020-09-healthinsurance.xlsx,Table 2-1,false
Healthinsurance,Gross collections of employer penaltiesf,2025,-7.0276100999999995,"Billions of Dollars, by Fiscal Year",51298-2020-09-healthinsurance.xlsx,Table 2-1,false
Healthinsurance,Gross collections of employer penaltiesf,2026,-7.326316800000002,"Billions of Dollars, by Fiscal Year",51298-2020-09-healthinsurance.xlsx,Table 2-1,false
Healthinsurance,Gross collections of employer penaltiesf,2027,-7.634583900000001,"Billions of Dollars, by Fiscal Year",51298-2020-09-healthinsurance.xlsx,Table 2-1,false
Healthinsurance,Gross collections of employer penaltiesf,2028,-8.0196225,"Billions of Dollars, by Fiscal Year",51298-2020-09-healthinsurance.xlsx,Table 2-1,false
Healthinsurance,Gross collections of employer penaltiesf,2029,-7.3261308000000005,"Billions of Dollars, by Fiscal Year",51298-2020-09-healthinsurance.xlsx,Table 2-1,false
Healthinsurance,Gross collections of employer penaltiesf,2029,-74.0,"Billions of Dollars, by Fiscal Year",51298-2020-09-healthinsurance.xlsx,Table 2-1,false
Healthinsurance,Subtotal,2019,-11.29484348415233,"Billions of Dollars, by Fiscal Year",51298-2020-09-healthinsurance.xlsx,Table 2-1,true
Healthinsurance,Subtotal,2020,-22.229465856000004,"Billions of Dollars, by Fiscal Year",51298-2020-09-healthinsurance.xlsx,Table 2-1,true
Healthinsurance,Subtotal,2021,-22.2713289,"Billions of Dollars, by Fiscal Year",51298-2020-09-healthinsurance.xlsx,Table 2-1,true
Healthinsurance,Subtotal,2022,-22.724654902487217,"Billions of Dollars, by Fiscal Year",51298-2020-09-healthinsurance.xlsx,Table 2-1,true
Healthinsurance,Subtotal,2023,-29.088476849526316,"Billions of Dollars, by Fiscal Year",51298-2020-09-healthinsurance.xlsx,Table 2-1,true
Healthinsurance,Subtotal,2024,-31.51328944708276,"Billions of Dollars, by Fiscal Year",51298-2020-09-healthinsurance.xlsx,Table 2-1,true
Healthinsurance,Subtotal,2025,-33.98517777649827,"Billions of Dollars, by Fiscal Year",51298-2020-09-healthinsurance.xlsx,Table 2-1,true
Healthinsurance,Subtotal,2026,-36.47495838890871,"Billions of Dollars, by Fiscal Year",51298-2020-09-healthinsurance.xlsx,Table 2-1,true
Healthinsurance,Subtotal,2027,-41.708131934426824,"Billions of Dollars, by Fiscal Year",51298-2020-09-healthinsurance.xlsx,Table 2-1,true
Healthinsurance,Subtotal,2028,-45.41161221685978,"Billions of Dollars, by Fiscal Year",51298-2020-09-healthinsurance.xlsx,Table 2-1,true
Healthinsurance,Subtotal,2029,-49.03699366537829,"Billions of Dollars, by Fiscal Year",51298-2020-09-healthinsurance.xlsx,Table 2-1,true
Healthinsurance,Subtotal,2029,-334.0,"Billions of Dollars, by Fiscal Year",51298-2020-09-healthinsurance.xlsx,Table 2-1,true
Healthinsurance,Net Subsidies,2019,737.247346103972,"Billions of Dollars, by Fiscal Year",51298-2020-09-healthinsurance.xlsx,Table 2-1,false
Healthinsurance,Net Subsidies,2020,755.190449278486,"Billions of Dollars, by Fiscal Year",51298-2020-09-healthinsurance.xlsx,Table 2-1,false
Healthinsurance,Net Subsidies,2021,793.5856007779477,"Billions of Dollars, by Fiscal Year",51298-2020-09-healthinsurance.xlsx,Table 2-1,false
Healthinsurance,Net Subsidies,2022,842.0888540671018,"Billions of Dollars, by Fiscal Year",51298-2020-09-healthinsurance.xlsx,Table 2-1,false
Healthinsurance,Net Subsidies,2023,889.2390574698136,"Billions of Dollars, by Fiscal Year",51298-2020-09-healthinsurance.xlsx,Table 2-1,false
Healthinsurance,Net Subsidies,2024,941.1185878374033,"Billions of Dollars, by Fiscal Year",51298-2020-09-healthinsurance.xlsx,Table 2-1,false
Healthinsurance,Net Subsidies,2025,997.1562051053064,"Billions of Dollars, by Fiscal Year",51298-2020-09-healthinsurance.xlsx,Table 2-1,false
Healthinsurance,Net Subsidies,2026,1084.8287881413637,"Billions of Dollars, by Fiscal Year",51298-2020-09-healthinsurance.xlsx,Table 2-1,false
Healthinsurance,Net Subsidies,2027,1149.4394117249537,"Billions of Dollars, by Fiscal Year",51298-2020-09-healthinsurance.xlsx,Table 2-1,false
Healthinsurance,Net Subsidies,2028,1210.8758700205333,"Billions of Dollars, by Fiscal Year",51298-2020-09-healthinsurance.xlsx,Table 2-1,false
Healthinsurance,Net Subsidies,2029,1276.9460271436708,"Billions of Dollars, by Fiscal Year",51298-2020-09-healthinsurance.xlsx,Table 2-1,false
Healthinsurance,Net Subsidies,2029,9940.0,"Billions of Dollars, by Fiscal Year",51298-2020-09-healthinsurance.xlsx,Table 2-1,false
Healthinsurance,Basic Health Program Enrollee (Dollars),2019,6490.0,"Billions of Dollars, by Fiscal Year",51298-2020-09-healthinsurance.xlsx,Table 2-1,false
Healthinsurance,Basic Health Program Enrollee (Dollars),2020,6960.0,"Billions of Dollars, by Fiscal Year",51298-2020-09-healthinsurance.xlsx,Table 2-1,false
Healthinsurance,Basic Health Program Enrollee (Dollars),2021,7370.0,"Billions of Dollars, by Fiscal Year",51298-2020-09-healthinsurance.xlsx,Table 2-1,false
Healthinsurance,Basic Health Program Enrollee (Dollars),2022,8030.0,"Billions of Dollars, by Fiscal Year",51298-2020-09-healthinsurance.xlsx,Table 2-1,false
Healthinsurance,Basic Health Program Enrollee (Dollars),2023,8600.0,"Billions of Dollars, by Fiscal Year",51298-2020-09-healthinsurance.xlsx,Table 2-1,false
Healthinsurance,Basic Health Program Enrollee (Dollars),2024,9120.0,"Billions of Dollars, by Fiscal Year",51298-2020-09-healthinsurance.xlsx,Table 2-1,false
Healthinsurance,Basic Health Program Enrollee (Dollars),2025,9790.0,"Billions of Dollars, by Fiscal Year",51298-2020-09-healthinsurance.xlsx,Table 2-1,false
Healthinsurance,Basic Health Program Enrollee (Dollars),2026,10270.0,"Billions of Dollars, by Fiscal Year",51298-2020-09-healthinsurance.xlsx,Table 2-1,false
Healthinsurance,Basic Health Program Enrollee (Dollars),2027,10720.0,"Billions of Dollars, by Fiscal Year",51298-2020-09-healthinsurance.xlsx,Table 2-1,false
Healthinsurance,Basic Health Program Enrollee (Dollars),2028,11160.0,"Billions of Dollars, by Fiscal Year",51298-2020-09-healthinsurance.xlsx,Table 2-1,false
Healthinsurance,Basic Health Program Enrollee (Dollars),2029,11980.0,"Billions of Dollars, by Fiscal Year",51298-2020-09-healthinsurance.xlsx,Table 2-1,false
Healthinsurance,Taxable Compensation,2019,0.0,"Billions of Dollars, by Fiscal Year",51298-2020-09-healthinsurance.xlsx,Table 2-1,false
Healthinsurance,Taxable Compensation,2020,0.0,"Billions of Dollars, by Fiscal Year",51298-2020-09-healthinsurance.xlsx,Table 2-1,false
Healthinsurance,Taxable Compensation,2021,0.0,"Billions of Dollars, by Fiscal Year",51298-2020-09-healthinsurance.xlsx,Table 2-1,false
Healthinsurance,Taxable Compensation,2022,-6.347325154161475,"Billions of Dollars, by Fiscal Year",51298-2020-09-healthinsurance.xlsx,Table 2-1,false
Healthinsurance,Taxable Compensation,2023,-14.256761525733538,"Billions of Dollars, by Fiscal Year",51298-2020-09-healthinsurance.xlsx,Table 2-1,false
Healthinsurance,Taxable Compensation,2024,-17.660816755931315,"Billions of Dollars, by Fiscal Year",51298-2020-09-healthinsurance.xlsx,Table 2-1,false
Healthinsurance,Taxable Compensation,2025,-21.755118581837458,"Billions of Dollars, by Fiscal Year",51298-2020-09-healthinsurance.xlsx,Table 2-1,false
Healthinsurance,Taxable Compensation,2026,-25.028883921872225,"Billions of Dollars, by Fiscal Year",51298-2020-09-healthinsurance.xlsx,Table 2-1,false
Healthinsurance,Taxable Compensation,2027,-30.83162144254712,"Billions of Dollars, by Fiscal Year",51298-2020-09-healthinsurance.xlsx,Table 2-1,false
Healthinsurance,Taxable Compensation,2028,-35.36312322340923,"Billions of Dollars, by Fiscal Year",51298-2020-09-healthinsurance.xlsx,Table 2-1,false
Healthinsurance,Taxable Compensation,2029,-42.15622276742773,"Billions of Dollars, by Fiscal Year",51298-2020-09-healthinsurance.xlsx,Table 2-1,false
Healthinsurance,Taxable Compensation,2029,-193.0,"Billions of Dollars, by Fiscal Year",51298-2020-09-healthinsurance.xlsx,Table 2-1,false
Healthinsurance,Total Population,2019,273.0,(Millions of people)a,51298-2020-09-healthinsurance.xlsx,Table 3-1,true
Healthinsurance,Employment-Based Coverage,2019,159.0,(Millions of people)a,51298-2020-09-healthinsurance.xlsx,Table 3-1,false
Healthinsurance,Made eligible for Medicaid by the ACA,2019,12.0,(Millions of people)a,51298-2020-09-healthinsurance.xlsx,Table 3-1,false
Healthinsurance,Otherwise eligible for Medicaid,2019,48.0,(Millions of people)a,51298-2020-09-healthinsurance.xlsx,Table 3-1,false
Healthinsurance,CHIP,2019,6.0,(Millions of people)a,51298-2020-09-healthinsurance.xlsx,Table 3-1,false
Healthinsurance,Total,2019,66.0,(Millions of people)a,51298-2020-09-healthinsurance.xlsx,Table 3-1,true
Healthinsurance,Subsidized nongroup,2019,7.0,(Millions of people)a,51298-2020-09-healthinsurance.xlsx,Table 3-1,false
Healthinsurance,Unsubsidized nongroup,2019,5.0,(Millions of people)a,51298-2020-09-healthinsurance.xlsx,Table 3-1,false
Healthinsurance,Total,2019,12.0,(Millions of people)a,51298-2020-09-healthinsurance.xlsx,Table 3-1,true
Healthinsurance,Coverage through the Basic Health Programc,2019,1.0,(Millions of people)a,51298-2020-09-healthinsurance.xlsx,Table 3-1,false
Healthinsurance,Medicared,2019,8.0,(Millions of people)a,51298-2020-09-healthinsurance.xlsx,Table 3-1,false
Healthinsurance,Other Coveragee,2019,5.0,(Millions of people)a,51298-2020-09-healthinsurance.xlsx,Table 3-1,false
Healthinsurance,Uninsuredf,2019,32.0,(Millions of people)a,51298-2020-09-healthinsurance.xlsx,Table 3-1,false
Healthinsurance,Tax exclusion for employment-based coverageh,2019,276.0,(Millions of people)a,51298-2020-09-healthinsurance.xlsx,Table 3-1,false
Healthinsurance,Income tax deduction for self-employment health insurancei,2019,5.0,(Millions of people)a,51298-2020-09-healthinsurance.xlsx,Table 3-1,false
Healthinsurance,Small-employer tax credits,2019,1.0,(Millions of people)a,51298-2020-09-healthinsurance.xlsx,Table 3-1,false
Healthinsurance,Subtotal,2019,282.0,(Millions of people)a,51298-2020-09-healthinsurance.xlsx,Table 3-1,true
Healthinsurance,Made eligible for Medicaid by the ACA,2019,62.0,(Millions of people)a,51298-2020-09-healthinsurance.xlsx,Table 3-1,false
Healthinsurance,Otherwise eligible for Medicaid,2019,233.0,(Millions of people)a,51298-2020-09-healthinsurance.xlsx,Table 3-1,false
Healthinsurance,CHIP,2019,16.0,(Millions of people)a,51298-2020-09-healthinsurance.xlsx,Table 3-1,false
Healthinsurance,Subtotal,2019,310.0,(Millions of people)a,51298-2020-09-healthinsurance.xlsx,Table 3-1,true
Healthinsurance,Premium tax credits,2019,53.0,(Millions of people)a,51298-2020-09-healthinsurance.xlsx,Table 3-1,false
Healthinsurance,Outlays for the Basic Health Program,2019,4.0,(Millions of people)a,51298-2020-09-healthinsurance.xlsx,Table 3-1,false
Healthinsurance,Subtotal,2019,57.0,(Millions of people)a,51298-2020-09-healthinsurance.xlsx,Table 3-1,true
Healthinsurance,Medicarek,2019,84.0,(Millions of people)a,51298-2020-09-healthinsurance.xlsx,Table 3-1,false
Healthinsurance,Gross collections of excise tax on high-premium insurance plansl,2019,0.0,(Millions of people)a,51298-2020-09-healthinsurance.xlsx,Table 3-1,false
Healthinsurance,Penalty payments by uninsured people,2019,-3.0,(Millions of people)a,51298-2020-09-healthinsurance.xlsx,Table 3-1,false
Healthinsurance,Net receipts from tax on health insurance providersm,2019,0.0,(Millions of people)a,51298-2020-09-healthinsurance.xlsx,Table 3-1,false
Healthinsurance,Gross collections of employer penaltiesl,2019,-8.0,(Millions of people)a,51298-2020-09-healthinsurance.xlsx,Table 3-1,false
Healthinsurance,Subtotal,2019,-11.0,(Millions of people)a,51298-2020-09-healthinsurance.xlsx,Table 3-1,true
Healthinsurance,Net Subsidiesm,2019,723.0,(Millions of people)a,51298-2020-09-healthinsurance.xlsx,Table 3-1,false
Healthinsurance,Total Population,2021,271.8,Insurance Coverage for the Yeara (Millions of people),51298-2020-09-healthinsurance.xlsx,Table 3,true
Healthinsurance,Employment-Based Coverage,2021,158.8,Insurance Coverage for the Yeara (Millions of people),51298-2020-09-healthinsurance.xlsx,Table 3,false
Healthinsurance,Blind and disabled in Medicaid,2021,7.3,Insurance Coverage for the Yeara (Millions of people),51298-2020-09-healthinsurance.xlsx,Table 3,false
Healthinsurance,Children in Medicaid,2021,28.9,Insurance Coverage for the Yeara (Millions of people),51298-2020-09-healthinsurance.xlsx,Table 3,false
Healthinsurance,Adults made eligible for Medicaid by the ACA,2021,12.1,Insurance Coverage for the Yeara (Millions of people),51298-2020-09-healthinsurance.xlsx,Table 3,false
Healthinsurance,Otherwise eligible for Medicaid,2021,11.8,Insurance Coverage for the Yeara (Millions of people),51298-2020-09-healthinsurance.xlsx,Table 3,false
Healthinsurance,CHIP,2021,6.9,Insurance Coverage for the Yeara (Millions of people),51298-2020-09-healthinsurance.xlsx,Table 3,false
Healthinsurance,Total,2021,67.0,Insurance Coverage for the Yeara (Millions of people),51298-2020-09-healthinsurance.xlsx,Table 3,true
Healthinsurance,Subsidized nongroup,2021,8.4,Insurance Coverage for the Yeara (Millions of people),51298-2020-09-healthinsurance.xlsx,Table 3,false
Healthinsurance,Unsubsidized nongroup,2021,6.6,Insurance Coverage for the Yeara (Millions of people),51298-2020-09-healthinsurance.xlsx,Table 3,false
Healthinsurance,"Total, nongroup coverage",2021,15.0,Insurance Coverage for the Yeara (Millions of people),51298-2020-09-healthinsurance.xlsx,Table 3,true
Healthinsurance,Coverage through the Basic Health Program c,2021,0.9,Insurance Coverage for the Yeara (Millions of people),51298-2020-09-healthinsurance.xlsx,Table 3,false
Healthinsurance,Medicare d,2021,7.9,Insurance Coverage for the Yeara (Millions of people),51298-2020-09-healthinsurance.xlsx,Table 3,false
Healthinsurance,Other Coverage e,2021,3.2,Insurance Coverage for the Yeara (Millions of people),51298-2020-09-healthinsurance.xlsx,Table 3,false
Healthinsurance,Uninsured f,2021,30.7,Insurance Coverage for the Yeara (Millions of people),51298-2020-09-healthinsurance.xlsx,Table 3,false
Healthinsurance,Tax exclusion for employment-based coverage h,2021,313.0,Insurance Coverage for the Yeara (Millions of people),51298-2020-09-healthinsurance.xlsx,Table 3,false
Healthinsurance,Income tax deduction for self-employment health insurance i,2021,4.0,Insurance Coverage for the Yeara (Millions of people),51298-2020-09-healthinsurance.xlsx,Table 3,false
Healthinsurance,Subtotal,2021,317.0,Insurance Coverage for the Yeara (Millions of people),51298-2020-09-healthinsurance.xlsx,Table 3,true
Healthinsurance,Blind and Disabled,2021,118.0,Insurance Coverage for the Yeara (Millions of people),51298-2020-09-healthinsurance.xlsx,Table 3,false
Healthinsurance,Children,2021,83.0,Insurance Coverage for the Yeara (Millions of people),51298-2020-09-healthinsurance.xlsx,Table 3,false
Healthinsurance,Adults made eligible for Medicaid by the ACA,2021,82.0,Insurance Coverage for the Yeara (Millions of people),51298-2020-09-healthinsurance.xlsx,Table 3,false
Healthinsurance,Otherwise eligible for Medicaid,2021,50.0,Insurance Coverage for the Yeara (Millions of people),51298-2020-09-healthinsurance.xlsx,Table 3,false
Healthinsurance,CHIP,2021,14.0,Insurance Coverage for the Yeara (Millions of people),51298-2020-09-healthinsurance.xlsx,Table 3,false
Healthinsurance,Subtotal,2021,347.0,Insurance Coverage for the Yeara (Millions of people),51298-2020-09-healthinsurance.xlsx,Table 3,true
Healthinsurance,Premium tax credits,2021,52.0,Insurance Coverage for the Yeara (Millions of people),51298-2020-09-healthinsurance.xlsx,Table 3,false
Healthinsurance,Outlays for the Basic Health Program,2021,5.0,Insurance Coverage for the Yeara (Millions of people),51298-2020-09-healthinsurance.xlsx,Table 3,false
Healthinsurance,Subtotal,2021,57.0,Insurance Coverage for the Yeara (Millions of people),51298-2020-09-healthinsurance.xlsx,Table 3,true
Healthinsurance,Medicare k,2021,92.0,Insurance Coverage for the Yeara (Millions of people),51298-2020-09-healthinsurance.xlsx,Table 3,false
Healthinsurance,Gross Subsidies,2021,814.0,Insurance Coverage for the Yeara (Millions of people),51298-2020-09-healthinsurance.xlsx,Table 3,false
Healthinsurance,Gross collections of employer penalties l,2021,-2.0,Insurance Coverage for the Yeara (Millions of people),51298-2020-09-healthinsurance.xlsx,Table 3,false
Healthinsurance,Net Subsidies,2021,812.0,Insurance Coverage for the Yeara (Millions of people),51298-2020-09-healthinsurance.xlsx,Table 3,false
