program,category,fiscal_year,value,unit,source_file,source_sheet,is_total,program_id,category_path,period_type,period_start_year,period_end_year,period_label,source_row,source_column
Medicare,Mandatory Outlaysa,2021,868.0,Billions of dollars,51302-2022-05-medicare.xlsx,Medicare_05-2022,true,51302,Medicare Totals / Mandatory Outlaysa,fiscal_year,2021,2021,2021,15,4
Medicare,Mandatory Outlaysa,2022,983.0,Billions of dollars,51302-2022-05-medicare.xlsx,Medicare_05-2022,true,51302,Medicare Totals / Mandatory Outlaysa,fiscal_year,2022,2022,2022,15,5
Medicare,Mandatory Outlaysa,2023,1019.0,Billions of dollars,51302-2022-05-medicare.xlsx,Medicare_05-2022,true,51302,Medicare Totals / Mandatory Outlaysa,fiscal_year,2023,2023,2023,15,6
Medicare,Mandatory Outlaysa,2024,1034.0,Billions of dollars,51302-2022-05-medicare.xlsx,Medicare_05-2022,true,51302,Medicare Totals / Mandatory Outlaysa,fiscal_year,2024,2024,2024,15,7
Medicare,Mandatory Outlaysa,2025,1165.0,Billions of dollars,51302-2022-05-medicare.xlsx,Medicare_05-2022,true,51302,Medicare Totals / Mandatory Outlaysa,fiscal_year,2025,2025,2025,15,8
Medicare,Mandatory Outlaysa,2026,1262.0,Billions of dollars,51302-2022-05-medicare.xlsx,Medicare_05-2022,true,51302,Medicare Totals / Mandatory Outlaysa,fiscal_year,2026,2026,2026,15,9
Medicare,Mandatory Outlaysa,2027,1360.0,Billions of dollars,51302-2022-05-medicare.xlsx,Medicare_05-2022,true,51302,Medicare Totals / Mandatory Outlaysa,fiscal_year,2027,2027,2027,15,10
Medicare,Mandatory Outlaysa,2028,1541.0,Billions of dollars,51302-2022-05-medicare.xlsx,Medicare_05-2022,true,51302,Medicare Totals / Mandatory Outlaysa,fiscal_year,2028,2028,2028,15,11
Medicare,Mandatory Outlaysa,2029,1480.0,Billions of dollars,51302-2022-05-medicare.xlsx,Medicare_05-2022,true,51302,Medicare Totals / Mandatory Outlaysa,fiscal_year,2029,2029,2029,15,12
Medicare,Mandatory Outlaysa,2030,1672.0,Billions of dollars,51302-2022-05-medicare.xlsx,Medicare_05-2022,true,51302,Medicare Totals / Mandatory Outlaysa,fiscal_year,2030,2030,2030,15,13
Medicare,Mandatory Outlaysa,2031,1782.0,Billions of dollars,51302-2022-05-medicare.xlsx,Medicare_05-2022,true,51302,Medicare Totals / Mandatory Outlaysa,fiscal_year,2031,2031,2031,15,14
Medicare,Mandatory Outlaysa,2032,1929.0,Billions of dollars,51302-2022-05-medicare.xlsx,Medicare_05-2022,true,51302,Medicare Totals / Mandatory Outlaysa,fiscal_year,2032,2032,2032,15,15
Medicare,Discretionary Outlays,2021,8.0,Billions of dollars,51302-2022-05-medicare.xlsx,Medicare_05-2022,true,51302,Medicare Totals / Discretionary Outlays,fiscal_year,2021,2021,2021,16,4
Medicare,Discretionary Outlays,2022,7.0,Billions of dollars,51302-2022-05-medicare.xlsx,Medicare_05-2022,true,51302,Medicare Totals / Discretionary Outlays,fiscal_year,2022,2022,2022,16,5
Medicare,Discretionary Outlays,2023,8.0,Billions of dollars,51302-2022-05-medicare.xlsx,Medicare_05-2022,true,51302,Medicare Totals / Discretionary Outlays,fiscal_year,2023,2023,2023,16,6
Medicare,Discretionary Outlays,2024,9.0,Billions of dollars,51302-2022-05-medicare.xlsx,Medicare_05-2022,true,51302,Medicare Totals / Discretionary Outlays,fiscal_year,2024,2024,2024,16,7
Medicare,Discretionary Outlays,2025,9.0,Billions of dollars,51302-2022-05-medicare.xlsx,Medicare_05-2022,true,51302,Medicare Totals / Discretionary Outlays,fiscal_year,2025,2025,2025,16,8
Medicare,Discretionary Outlays,2026,10.0,Billions of dollars,51302-2022-05-medicare.xlsx,Medicare_05-2022,true,51302,Medicare Totals / Discretionary Outlays,fiscal_year,2026,2026,2026,16,9
Medicare,Discretionary Outlays,2027,10.0,Billions of dollars,51302-2022-05-medicare.xlsx,Medicare_05-2022,true,51302,Medicare Totals / Discretionary Outlays,fiscal_year,2027,2027,2027,16,10
Medicare,Discretionary Outlays,2028,10.0,Billions of dollars,51302-2022-05-medicare.xlsx,Medicare_05-2022,true,51302,Medicare Totals / Discretionary Outlays,fiscal_year,2028,2028,2028,16,11
Medicare,Discretionary Outlays,2029,11.0,Billions of dollars,51302-2022-05-medicare.xlsx,Medicare_05-2022,true,51302,Medicare Totals / Discretionary Outlays,fiscal_year,2029,2029,2029,16,12
Medicare,Discretionary Outlays,2030,11.0,Billions of dollars,51302-2022-05-medicare.xlsx,Medicare_05-2022,true,51302,Medicare Totals / Discretionary Outlays,fiscal_year,2030,2030,2030,16,13
Medicare,Discretionary Outlays,2031,12.0,Billions of dollars,51302-2022-05-medicare.xlsx,Medicare_05-2022,true,51302,Medicare Totals / Discretionary Outlays,fiscal_year,2031,2031,2031,16,14
Medicare,Discretionary Outlays,2032,12.0,Billions of dollars,51302-2022-05-medicare.xlsx,Medicare_05-2022,true,51302,Medicare Totals / Discretionary Outlays,fiscal_year,2032,2032,2032,16,15
Medicare,Gross Outlays,2021,875.0,Billions of dollars,51302-2022-05-medicare.xlsx,Medicare_05-2022,true,51302,Medicare Totals / Gross Outlays,fiscal_year,2021,2021,2021,17,4
Medicare,Gross Outlays,2022,991.0,Billions of dollars,51302-2022-05-medicare.xlsx,Medicare_05-2022,true,51302,Medicare Totals / Gross Outlays,fiscal_year,2022,2022,2022,17,5
Medicare,Gross Outlays,2023,1027.0,Billions of dollars,51302-2022-05-medicare.xlsx,Medicare_05-2022,true,51302,Medicare Totals / Gross Outlays,fiscal_year,2023,2023,2023,17,6
Medicare,Gross Outlays,2024,1043.0,Billions of dollars,51302-2022-05-medicare.xlsx,Medicare_05-2022,true,51302,Medicare Totals / Gross Outlays,fiscal_year,2024,2024,2024,17,7
Medicare,Gross Outlays,2025,1174.0,Billions of dollars,51302-2022-05-medicare.xlsx,Medicare_05-2022,true,51302,Medicare Totals / Gross Outlays,fiscal_year,2025,2025,2025,17,8
Medicare,Gross Outlays,2026,1272.0,Billions of dollars,51302-2022-05-medicare.xlsx,Medicare_05-2022,true,51302,Medicare Totals / Gross Outlays,fiscal_year,2026,2026,2026,17,9
Medicare,Gross Outlays,2027,1370.0,Billions of dollars,51302-2022-05-medicare.xlsx,Medicare_05-2022,true,51302,Medicare Totals / Gross Outlays,fiscal_year,2027,2027,2027,17,10
Medicare,Gross Outlays,2028,1552.0,Billions of dollars,51302-2022-05-medicare.xlsx,Medicare_05-2022,true,51302,Medicare Totals / Gross Outlays,fiscal_year,2028,2028,2028,17,11
Medicare,Gross Outlays,2029,1490.0,Billions of dollars,51302-2022-05-medicare.xlsx,Medicare_05-2022,true,51302,Medicare Totals / Gross Outlays,fiscal_year,2029,2029,2029,17,12
Medicare,Gross Outlays,2030,1683.0,Billions of dollars,51302-2022-05-medicare.xlsx,Medicare_05-2022,true,51302,Medicare Totals / Gross Outlays,fiscal_year,2030,2030,2030,17,13
Medicare,Gross Outlays,2031,1794.0,Billions of dollars,51302-2022-05-medicare.xlsx,Medicare_05-2022,true,51302,Medicare Totals / Gross Outlays,fiscal_year,2031,2031,2031,17,14
Medicare,Gross Outlays,2032,1941.0,Billions of dollars,51302-2022-05-medicare.xlsx,Medicare_05-2022,true,51302,Medicare Totals / Gross Outlays,fiscal_year,2032,2032,2032,17,15
Medicare,Total Offsetting Receiptsb,2021,-180.0,Billions of dollars,51302-2022-05-medicare.xlsx,Medicare_05-2022,true,51302,Medicare Totals / Total Offsetting Receiptsb,fiscal_year,2021,2021,2021,18,4
Medicare,Total Offsetting Receiptsb,2022,-216.0,Billions of dollars,51302-2022-05-medicare.xlsx,Medicare_05-2022,true,51302,Medicare Totals / Total Offsetting Receiptsb,fiscal_year,2022,2022,2022,18,5
Medicare,Total Offsetting Receiptsb,2023,-170.0,Billions of dollars,51302-2022-05-medicare.xlsx,Medicare_05-2022,true,51302,Medicare Totals / Total Offsetting Receiptsb,fiscal_year,2023,2023,2023,18,6
Medicare,Total Offsetting Receiptsb,2024,-181.0,Billions of dollars,51302-2022-05-medicare.xlsx,Medicare_05-2022,true,51302,Medicare Totals / Total Offsetting Receiptsb,fiscal_year,2024,2024,2024,18,7
Medicare,Total Offsetting Receiptsb,2025,-198.0,Billions of dollars,51302-2022-05-medicare.xlsx,Medicare_05-2022,true,51302,Medicare Totals / Total Offsetting Receiptsb,fiscal_year,2025,2025,2025,18,8
Medicare,Total Offsetting Receiptsb,2026,-216.0,Billions of dollars,51302-2022-05-medicare.xlsx,Medicare_05-2022,true,51302,Medicare Totals / Total Offsetting Receiptsb,fiscal_year,2026,2026,2026,18,9
Medicare,Total Offsetting Receiptsb,2027,-234.0,Billions of dollars,51302-2022-05-medicare.xlsx,Medicare_05-2022,true,51302,Medicare Totals / Total Offsetting Receiptsb,fiscal_year,2027,2027,2027,18,10
Medicare,Total Offsetting Receiptsb,2028,-253.0,Billions of dollars,51302-2022-05-medicare.xlsx,Medicare_05-2022,true,51302,Medicare Totals / Total Offsetting Receiptsb,fiscal_year,2028,2028,2028,18,11
Medicare,Total Offsetting Receiptsb,2029,-272.0,Billions of dollars,51302-2022-05-medicare.xlsx,Medicare_05-2022,true,51302,Medicare Totals / Total Offsetting Receiptsb,fiscal_year,2029,2029,2029,18,12
Medicare,Total Offsetting Receiptsb,2030,-293.0,Billions of dollars,51302-2022-05-medicare.xlsx,Medicare_05-2022,true,51302,Medicare Totals / Total Offsetting Receiptsb,fiscal_year,2030,2030,2030,18,13
Medicare,Total Offsetting Receiptsb,2031,-317.0,Billions of dollars,51302-2022-05-medicare.xlsx,Medicare_05-2022,true,51302,Medicare Totals / Total Offsetting Receiptsb,fiscal_year,2031,2031,2031,18,14
Medicare,Total Offsetting Receiptsb,2032,-345.0,Billions of dollars,51302-2022-05-medicare.xlsx,Medicare_05-2022,true,51302,Medicare Totals / Total Offsetting Receiptsb,fiscal_year,2032,2032,2032,18,15
Medicare,Net Outlays (Gross outlays minus receipts),2021,695.0,Billions of dollars,51302-2022-05-medicare.xlsx,Medicare_05-2022,true,51302,Medicare Totals / Net Outlays (Gross outlays minus receipts),fiscal_year,2021,2021,2021,19,4
Medicare,Net Outlays (Gross outlays minus receipts),2022,775.0,Billions of dollars,51302-2022-05-medicare.xlsx,Medicare_05-2022,true,51302,Medicare Totals / Net Outlays (Gross outlays minus receipts),fiscal_year,2022,2022,2022,19,5
Medicare,Net Outlays (Gross outlays minus receipts),2023,857.0,Billions of dollars,51302-2022-05-medicare.xlsx,Medicare_05-2022,true,51302,Medicare Totals / Net Outlays (Gross outlays minus receipts),fiscal_year,2023,2023,2023,19,6
Medicare,Net Outlays (Gross outlays minus receipts),2024,862.0,Billions of dollars,51302-2022-05-medicare.xlsx,Medicare_05-2022,true,51302,Medicare Totals / Net Outlays (Gross outlays minus receipts),fiscal_year,2024,2024,2024,19,7
Medicare,Net Outlays (Gross outlays minus receipts),2025,976.0,Billions of dollars,51302-2022-05-medicare.xlsx,Medicare_05-2022,true,51302,Medicare Totals / Net Outlays (Gross outlays minus receipts),fiscal_year,2025,2025,2025,19,8
Medicare,Net Outlays (Gross outlays minus receipts),2026,1056.0,Billions of dollars,51302-2022-05-medicare.xlsx,Medicare_05-2022,true,51302,Medicare Totals / Net Outlays (Gross outlays minus receipts),fiscal_year,2026,2026,2026,19,9
Medicare,Net Outlays (Gross outlays minus receipts),2027,1137.0,Billions of dollars,51302-2022-05-medicare.xlsx,Medicare_05-2022,true,51302,Medicare Totals / Net Outlays (Gross outlays minus receipts),fiscal_year,2027,2027,2027,19,10
Medicare,Net Outlays (Gross outlays minus receipts),2028,1299.0,Billions of dollars,51302-2022-05-medicare.xlsx,Medicare_05-2022,true,51302,Medicare Totals / Net Outlays (Gross outlays minus receipts),fiscal_year,2028,2028,2028,19,11
Medicare,Net Outlays (Gross outlays minus receipts),2029,1219.0,Billions of dollars,51302-2022-05-medicare.xlsx,Medicare_05-2022,true,51302,Medicare Totals / Net Outlays (Gross outlays minus receipts),fiscal_year,2029,2029,2029,19,12
Medicare,Net Outlays (Gross outlays minus receipts),2030,1390.0,Billions of dollars,51302-2022-05-medicare.xlsx,Medicare_05-2022,true,51302,Medicare Totals / Net Outlays (Gross outlays minus receipts),fiscal_year,2030,2030,2030,19,13
Medicare,Net Outlays (Gross outlays minus receipts),2031,1477.0,Billions of dollars,51302-2022-05-medicare.xlsx,Medicare_05-2022,true,51302,Medicare Totals / Net Outlays (Gross outlays minus receipts),fiscal_year,2031,2031,2031,19,14
Medicare,Net Outlays (Gross outlays minus receipts),2032,1597.0,Billions of dollars,51302-2022-05-medicare.xlsx,Medicare_05-2022,true,51302,Medicare Totals / Net Outlays (Gross outlays minus receipts),fiscal_year,2032,2032,2032,19,15
Medicare,Net Mandatory Outlays,2021,688.0,Billions of dollars,51302-2022-05-medicare.xlsx,Medicare_05-2022,true,51302,Medicare Totals / Net Mandatory Outlays,fiscal_year,2021,2021,2021,20,4
Medicare,Net Mandatory Outlays,2022,768.0,Billions of dollars,51302-2022-05-medicare.xlsx,Medicare_05-2022,true,51302,Medicare Totals / Net Mandatory Outlays,fiscal_year,2022,2022,2022,20,5
Medicare,Net Mandatory Outlays,2023,848.0,Billions of dollars,51302-2022-05-medicare.xlsx,Medicare_05-2022,true,51302,Medicare Totals / Net Mandatory Outlays,fiscal_year,2023,2023,2023,20,6
Medicare,Net Mandatory Outlays,2024,853.0,Billions of dollars,51302-2022-05-medicare.xlsx,Medicare_05-2022,true,51302,Medicare Totals / Net Mandatory Outlays,fiscal_year,2024,2024,2024,20,7
Medicare,Net Mandatory Outlays,2025,967.0,Billions of dollars,51302-2022-05-medicare.xlsx,Medicare_05-2022,true,51302,Medicare Totals / Net Mandatory Outlays,fiscal_year,2025,2025,2025,20,8
Medicare,Net Mandatory Outlays,2026,1047.0,Billions of dollars,51302-2022-05-medicare.xlsx,Medicare_05-2022,true,51302,Medicare Totals / Net Mandatory Outlays,fiscal_year,2026,2026,2026,20,9
Medicare,Net Mandatory Outlays,2027,1127.0,Billions of dollars,51302-2022-05-medicare.xlsx,Medicare_05-2022,true,51302,Medicare Totals / Net Mandatory Outlays,fiscal_year,2027,2027,2027,20,10
Medicare,Net Mandatory Outlays,2028,1289.0,Billions of dollars,51302-2022-05-medicare.xlsx,Medicare_05-2022,true,51302,Medicare Totals / Net Mandatory Outlays,fiscal_year,2028,2028,2028,20,11
Medicare,Net Mandatory Outlays,2029,1208.0,Billions of dollars,51302-2022-05-medicare.xlsx,Medicare_05-2022,true,51302,Medicare Totals / Net Mandatory Outlays,fiscal_year,2029,2029,2029,20,12
Medicare,Net Mandatory Outlays,2030,1379.0,Billions of dollars,51302-2022-05-medicare.xlsx,Medicare_05-2022,true,51302,Medicare Totals / Net Mandatory Outlays,fiscal_year,2030,2030,2030,20,13
Medicare,Net Mandatory Outlays,2031,1465.0,Billions of dollars,51302-2022-05-medicare.xlsx,Medicare_05-2022,true,51302,Medicare Totals / Net Mandatory Outlays,fiscal_year,2031,2031,2031,20,14
Medicare,Net Mandatory Outlays,2032,1585.0,Billions of dollars,51302-2022-05-medicare.xlsx,Medicare_05-2022,true,51302,Medicare Totals / Net Mandatory Outlays,fiscal_year,2032,2032,2032,20,15
Medicare,Part A,2021,354.0,Billions of dollars,51302-2022-05-medicare.xlsx,Medicare_05-2022,false,51302,Medicare / Benefits / Part A,fiscal_year,2021,2021,2021,24,4
Medicare,Part A,2022,388.0,Billions of dollars,51302-2022-05-medicare.xlsx,Medicare_05-2022,false,51302,Medicare / Benefits / Part A,fiscal_year,2022,2022,2022,24,5
Medicare,Part A,2023,404.0,Billions of dollars,51302-2022-05-medicare.xlsx,Medicare_05-2022,false,51302,Medicare / Benefits / Part A,fiscal_year,2023,2023,2023,24,6
Medicare,Part A,2024,410.0,Billions of dollars,51302-2022-05-medicare.xlsx,Medicare_05-2022,false,51302,Medicare / Benefits / Part A,fiscal_year,2024,2024,2024,24,7
Medicare,Part A,2025,454.0,Billions of dollars,51302-2022-05-medicare.xlsx,Medicare_05-2022,false,51302,Medicare / Benefits / Part A,fiscal_year,2025,2025,2025,24,8
Medicare,Part A,2026,481.0,Billions of dollars,51302-2022-05-medicare.xlsx,Medicare_05-2022,false,51302,Medicare / Benefits / Part A,fiscal_year,2026,2026,2026,24,9
Medicare,Part A,2027,508.0,Billions of dollars,51302-2022-05-medicare.xlsx,Medicare_05-2022,false,51302,Medicare / Benefits / Part A,fiscal_year,2027,2027,2027,24,10
Medicare,Part A,2028,562.0,Billions of dollars,51302-2022-05-medicare.xlsx,Medicare_05-2022,false,51302,Medicare / Benefits / Part A,fiscal_year,2028,2028,2028,24,11
Medicare,Part A,2029,541.0,Billions of dollars,51302-2022-05-medicare.xlsx,Medicare_05-2022,false,51302,Medicare / Benefits / Part A,fiscal_year,2029,2029,2029,24,12
Medicare,Part A,2030,596.0,Billions of dollars,51302-2022-05-medicare.xlsx,Medicare_05-2022,false,51302,Medicare / Benefits / Part A,fiscal_year,2030,2030,2030,24,13
Medicare,Part A,2031,624.0,Billions of dollars,51302-2022-05-medicare.xlsx,Medicare_05-2022,false,51302,Medicare / Benefits / Part A,fiscal_year,2031,2031,2031,24,14
Medicare,Part A,2032,670.0,Billions of dollars,51302-2022-05-medicare.xlsx,Medicare_05-2022,false,51302,Medicare / Benefits / Part A,fiscal_year,2032,2032,2032,24,15
Medicare,Part B,2021,413.0,Billions of dollars,51302-2022-05-medicare.xlsx,Medicare_05-2022,false,51302,Medicare / Benefits / Part B,fiscal_year,2021,2021,2021,25,4
Medicare,Part B,2022,475.0,Billions of dollars,51302-2022-05-medicare.xlsx,Medicare_05-2022,false,51302,Medicare / Benefits / Part B,fiscal_year,2022,2022,2022,25,5
Medicare,Part B,2023,494.0,Billions of dollars,51302-2022-05-medicare.xlsx,Medicare_05-2022,false,51302,Medicare / Benefits / Part B,fiscal_year,2023,2023,2023,25,6
Medicare,Part B,2024,503.0,Billions of dollars,51302-2022-05-medicare.xlsx,Medicare_05-2022,false,51302,Medicare / Benefits / Part B,fiscal_year,2024,2024,2024,25,7
Medicare,Part B,2025,570.0,Billions of dollars,51302-2022-05-medicare.xlsx,Medicare_05-2022,false,51302,Medicare / Benefits / Part B,fiscal_year,2025,2025,2025,25,8
Medicare,Part B,2026,616.0,Billions of dollars,51302-2022-05-medicare.xlsx,Medicare_05-2022,false,51302,Medicare / Benefits / Part B,fiscal_year,2026,2026,2026,25,9
Medicare,Part B,2027,669.0,Billions of dollars,51302-2022-05-medicare.xlsx,Medicare_05-2022,false,51302,Medicare / Benefits / Part B,fiscal_year,2027,2027,2027,25,10
Medicare,Part B,2028,765.0,Billions of dollars,51302-2022-05-medicare.xlsx,Medicare_05-2022,false,51302,Medicare / Benefits / Part B,fiscal_year,2028,2028,2028,25,11
Medicare,Part B,2029,743.0,Billions of dollars,51302-2022-05-medicare.xlsx,Medicare_05-2022,false,51302,Medicare / Benefits / Part B,fiscal_year,2029,2029,2029,25,12
Medicare,Part B,2030,847.0,Billions of dollars,51302-2022-05-medicare.xlsx,Medicare_05-2022,false,51302,Medicare / Benefits / Part B,fiscal_year,2030,2030,2030,25,13
Medicare,Part B,2031,916.0,Billions of dollars,51302-2022-05-medicare.xlsx,Medicare_05-2022,false,51302,Medicare / Benefits / Part B,fiscal_year,2031,2031,2031,25,14
Medicare,Part B,2032,999.0,Billions of dollars,51302-2022-05-medicare.xlsx,Medicare_05-2022,false,51302,Medicare / Benefits / Part B,fiscal_year,2032,2032,2032,25,15
Medicare,Part Dc,2021,98.0,Billions of dollars,51302-2022-05-medicare.xlsx,Medicare_05-2022,false,51302,Medicare / Benefits / Part Dc,fiscal_year,2021,2021,2021,26,4
Medicare,Part Dc,2022,119.0,Billions of dollars,51302-2022-05-medicare.xlsx,Medicare_05-2022,false,51302,Medicare / Benefits / Part Dc,fiscal_year,2022,2022,2022,26,5
Medicare,Part Dc,2023,119.0,Billions of dollars,51302-2022-05-medicare.xlsx,Medicare_05-2022,false,51302,Medicare / Benefits / Part Dc,fiscal_year,2023,2023,2023,26,6
Medicare,Part Dc,2024,118.0,Billions of dollars,51302-2022-05-medicare.xlsx,Medicare_05-2022,false,51302,Medicare / Benefits / Part Dc,fiscal_year,2024,2024,2024,26,7
Medicare,Part Dc,2025,138.0,Billions of dollars,51302-2022-05-medicare.xlsx,Medicare_05-2022,false,51302,Medicare / Benefits / Part Dc,fiscal_year,2025,2025,2025,26,8
Medicare,Part Dc,2026,163.0,Billions of dollars,51302-2022-05-medicare.xlsx,Medicare_05-2022,false,51302,Medicare / Benefits / Part Dc,fiscal_year,2026,2026,2026,26,9
Medicare,Part Dc,2027,181.0,Billions of dollars,51302-2022-05-medicare.xlsx,Medicare_05-2022,false,51302,Medicare / Benefits / Part Dc,fiscal_year,2027,2027,2027,26,10
Medicare,Part Dc,2028,212.0,Billions of dollars,51302-2022-05-medicare.xlsx,Medicare_05-2022,false,51302,Medicare / Benefits / Part Dc,fiscal_year,2028,2028,2028,26,11
Medicare,Part Dc,2029,192.0,Billions of dollars,51302-2022-05-medicare.xlsx,Medicare_05-2022,false,51302,Medicare / Benefits / Part Dc,fiscal_year,2029,2029,2029,26,12
Medicare,Part Dc,2030,225.0,Billions of dollars,51302-2022-05-medicare.xlsx,Medicare_05-2022,false,51302,Medicare / Benefits / Part Dc,fiscal_year,2030,2030,2030,26,13
Medicare,Part Dc,2031,239.0,Billions of dollars,51302-2022-05-medicare.xlsx,Medicare_05-2022,false,51302,Medicare / Benefits / Part Dc,fiscal_year,2031,2031,2031,26,14
Medicare,Part Dc,2032,258.0,Billions of dollars,51302-2022-05-medicare.xlsx,Medicare_05-2022,false,51302,Medicare / Benefits / Part Dc,fiscal_year,2032,2032,2032,26,15
Medicare,Total Benefits,2021,865.0,Billions of dollars,51302-2022-05-medicare.xlsx,Medicare_05-2022,true,51302,Medicare / Benefits / Total Benefits,fiscal_year,2021,2021,2021,27,4
Medicare,Total Benefits,2022,981.0,Billions of dollars,51302-2022-05-medicare.xlsx,Medicare_05-2022,true,51302,Medicare / Benefits / Total Benefits,fiscal_year,2022,2022,2022,27,5
Medicare,Total Benefits,2023,1016.0,Billions of dollars,51302-2022-05-medicare.xlsx,Medicare_05-2022,true,51302,Medicare / Benefits / Total Benefits,fiscal_year,2023,2023,2023,27,6
Medicare,Total Benefits,2024,1031.0,Billions of dollars,51302-2022-05-medicare.xlsx,Medicare_05-2022,true,51302,Medicare / Benefits / Total Benefits,fiscal_year,2024,2024,2024,27,7
Medicare,Total Benefits,2025,1162.0,Billions of dollars,51302-2022-05-medicare.xlsx,Medicare_05-2022,true,51302,Medicare / Benefits / Total Benefits,fiscal_year,2025,2025,2025,27,8
Medicare,Total Benefits,2026,1260.0,Billions of dollars,51302-2022-05-medicare.xlsx,Medicare_05-2022,true,51302,Medicare / Benefits / Total Benefits,fiscal_year,2026,2026,2026,27,9
Medicare,Total Benefits,2027,1358.0,Billions of dollars,51302-2022-05-medicare.xlsx,Medicare_05-2022,true,51302,Medicare / Benefits / Total Benefits,fiscal_year,2027,2027,2027,27,10
Medicare,Total Benefits,2028,1539.0,Billions of dollars,51302-2022-05-medicare.xlsx,Medicare_05-2022,true,51302,Medicare / Benefits / Total Benefits,fiscal_year,2028,2028,2028,27,11
Medicare,Total Benefits,2029,1477.0,Billions of dollars,51302-2022-05-medicare.xlsx,Medicare_05-2022,true,51302,Medicare / Benefits / Total Benefits,fiscal_year,2029,2029,2029,27,12
Medicare,Total Benefits,2030,1669.0,Billions of dollars,51302-2022-05-medicare.xlsx,Medicare_05-2022,true,51302,Medicare / Benefits / Total Benefits,fiscal_year,2030,2030,2030,27,13
Medicare,Total Benefits,2031,1779.0,Billions of dollars,51302-2022-05-medicare.xlsx,Medicare_05-2022,true,51302,Medicare / Benefits / Total Benefits,fiscal_year,2031,2031,2031,27,14
Medicare,Total Benefits,2032,1927.0,Billions of dollars,51302-2022-05-medicare.xlsx,Medicare_05-2022,true,51302,Medicare / Benefits / Total Benefits,fiscal_year,2032,2032,2032,27,15
Medicare,Mandatory Administrationd,2021,2.0,Billions of dollars,51302-2022-05-medicare.xlsx,Medicare_05-2022,false,51302,Medicare / Benefits / Mandatory Administrationd,fiscal_year,2021,2021,2021,28,4
Medicare,Mandatory Administrationd,2022,2.0,Billions of dollars,51302-2022-05-medicare.xlsx,Medicare_05-2022,false,51302,Medicare / Benefits / Mandatory Administrationd,fiscal_year,2022,2022,2022,28,5
Medicare,Mandatory Administrationd,2023,2.0,Billions of dollars,51302-2022-05-medicare.xlsx,Medicare_05-2022,false,51302,Medicare / Benefits / Mandatory Administrationd,fiscal_year,2023,2023,2023,28,6
Medicare,Mandatory Administrationd,2024,3.0,Billions of dollars,51302-2022-05-medicare.xlsx,Medicare_05-2022,false,51302,Medicare / Benefits / Mandatory Administrationd,fiscal_year,2024,2024,2024,28,7
Medicare,Mandatory Administrationd,2025,3.0,Billions of dollars,51302-2022-05-medicare.xlsx,Medicare_05-2022,false,51302,Medicare / Benefits / Mandatory Administrationd,fiscal_year,2025,2025,2025,28,8
Medicare,Mandatory Administrationd,2026,2.0,Billions of dollars,51302-2022-05-medicare.xlsx,Medicare_05-2022,false,51302,Medicare / Benefits / Mandatory Administrationd,fiscal_year,2026,2026,2026,28,9
Medicare,Mandatory Administrationd,2027,2.0,Billions of dollars,51302-2022-05-medicare.xlsx,Medicare_05-2022,false,51302,Medicare / Benefits / Mandatory Administrationd,fiscal_year,2027,2027,2027,28,10
Medicare,Mandatory Administrationd,2028,2.0,Billions of dollars,51302-2022-05-medicare.xlsx,Medicare_05-2022,false,51302,Medicare / Benefits / Mandatory Administrationd,fiscal_year,2028,2028,2028,28,11
Medicare,Mandatory Administrationd,2029,3.0,Billions of dollars,51302-2022-05-medicare.xlsx,Medicare_05-2022,false,51302,Medicare / Benefits / Mandatory Administrationd,fiscal_year,2029,2029,2029,28,12
Medicare,Mandatory Administrationd,2030,3.0,Billions of dollars,51302-2022-05-medicare.xlsx,Medicare_05-2022,false,51302,Medicare / Benefits / Mandatory Administrationd,fiscal_year,2030,2030,2030,28,13
Medicare,Mandatory Administrationd,2031,3.0,Billions of dollars,51302-2022-05-medicare.xlsx,Medicare_05-2022,false,51302,Medicare / Benefits / Mandatory Administrationd,fiscal_year,2031,2031,2031,28,14
Medicare,Mandatory Administrationd,2032,3.0,Billions of dollars,51302-2022-05-medicare.xlsx,Medicare_05-2022,false,51302,Medicare / Benefits / Mandatory Administrationd,fiscal_year,2032,2032,2032,28,15
Medicare,Total Mandatory Outlays,2021,868.0,Billions of dollars,51302-2022-05-medicare.xlsx,Medicare_05-2022,true,51302,Medicare / Benefits / Total Mandatory Outlays,fiscal_year,2021,2021,2021,29,4
Medicare,Total Mandatory Outlays,2022,983.0,Billions of dollars,51302-2022-05-medicare.xlsx,Medicare_05-2022,true,51302,Medicare / Benefits / Total Mandatory Outlays,fiscal_year,2022,2022,2022,29,5
Medicare,Total Mandatory Outlays,2023,1019.0,Billions of dollars,51302-2022-05-medicare.xlsx,Medicare_05-2022,true,51302,Medicare / Benefits / Total Mandatory Outlays,fiscal_year,2023,2023,2023,29,6
Medicare,Total Mandatory Outlays,2024,1034.0,Billions of dollars,51302-2022-05-medicare.xlsx,Medicare_05-2022,true,51302,Medicare / Benefits / Total Mandatory Outlays,fiscal_year,2024,2024,2024,29,7
Medicare,Total Mandatory Outlays,2025,1165.0,Billions of dollars,51302-2022-05-medicare.xlsx,Medicare_05-2022,true,51302,Medicare / Benefits / Total Mandatory Outlays,fiscal_year,2025,2025,2025,29,8
Medicare,Total Mandatory Outlays,2026,1262.0,Billions of dollars,51302-2022-05-medicare.xlsx,Medicare_05-2022,true,51302,Medicare / Benefits / Total Mandatory Outlays,fiscal_year,2026,2026,2026,29,9
Medicare,Total Mandatory Outlays,2027,1360.0,Billions of dollars,51302-2022-05-medicare.xlsx,Medicare_05-2022,true,51302,Medicare / Benefits / Total Mandatory Outlays,fiscal_year,2027,2027,2027,29,10
Medicare,Total Mandatory Outlays,2028,1541.0,Billions of dollars,51302-2022-05-medicare.xlsx,Medicare_05-2022,true,51302,Medicare / Benefits / Total Mandatory Outlays,fiscal_year,2028,2028,2028,29,11
Medicare,Total Mandatory Outlays,2029,1480.0,Billions of dollars,51302-2022-05-medicare.xlsx,Medicare_05-2022,true,51302,Medicare / Benefits / Total Mandatory Outlays,fiscal_year,2029,2029,2029,29,12
Medicare,Total Mandatory Outlays,2030,1672.0,Billions of dollars,51302-2022-05-medicare.xlsx,Medicare_05-2022,true,51302,Medicare / Benefits / Total Mandatory Outlays,fiscal_year,2030,2030,2030,29,13
Medicare,Total Mandatory Outlays,2031,1782.0,Billions of dollars,51302-2022-05-medicare.xlsx,Medicare_05-2022,true,51302,Medicare / Benefits / Total Mandatory Outlays,fiscal_year,2031,2031,2031,29,14
Medicare,Total Mandatory Outlays,2032,1929.0,Billions of dollars,51302-2022-05-medicare.xlsx,Medicare_05-2022,true,51302,Medicare / Benefits / Total Mandatory Outlays,fiscal_year,2032,2032,2032,29,15
Medicare,Hospital Inpatient Services,2021,147.0,Billions of dollars,51302-2022-05-medicare.xlsx,Medicare_05-2022,false,51302,Medicare / Components of Benefits / Hospital Inpatient Services,fiscal_year,2021,2021,2021,32,4
Medicare,Hospital Inpatient Services,2022,145.0,Billions of dollars,51302-2022-05-medicare.xlsx,Medicare_05-2022,false,51302,Medicare / Components of Benefits / Hospital Inpatient Services,fiscal_year,2022,2022,2022,32,5
Medicare,Hospital Inpatient Services,2023,146.0,Billions of dollars,51302-2022-05-medicare.xlsx,Medicare_05-2022,false,51302,Medicare / Components of Benefits / Hospital Inpatient Services,fiscal_year,2023,2023,2023,32,6
Medicare,Hospital Inpatient Services,2024,150.0,Billions of dollars,51302-2022-05-medicare.xlsx,Medicare_05-2022,false,51302,Medicare / Components of Benefits / Hospital Inpatient Services,fiscal_year,2024,2024,2024,32,7
Medicare,Hospital Inpatient Services,2025,155.0,Billions of dollars,51302-2022-05-medicare.xlsx,Medicare_05-2022,false,51302,Medicare / Components of Benefits / Hospital Inpatient Services,fiscal_year,2025,2025,2025,32,8
Medicare,Hospital Inpatient Services,2026,159.0,Billions of dollars,51302-2022-05-medicare.xlsx,Medicare_05-2022,false,51302,Medicare / Components of Benefits / Hospital Inpatient Services,fiscal_year,2026,2026,2026,32,9
Medicare,Hospital Inpatient Services,2027,165.0,Billions of dollars,51302-2022-05-medicare.xlsx,Medicare_05-2022,false,51302,Medicare / Components of Benefits / Hospital Inpatient Services,fiscal_year,2027,2027,2027,32,10
Medicare,Hospital Inpatient Services,2028,170.0,Billions of dollars,51302-2022-05-medicare.xlsx,Medicare_05-2022,false,51302,Medicare / Components of Benefits / Hospital Inpatient Services,fiscal_year,2028,2028,2028,32,11
Medicare,Hospital Inpatient Services,2029,176.0,Billions of dollars,51302-2022-05-medicare.xlsx,Medicare_05-2022,false,51302,Medicare / Components of Benefits / Hospital Inpatient Services,fiscal_year,2029,2029,2029,32,12
Medicare,Hospital Inpatient Services,2030,183.0,Billions of dollars,51302-2022-05-medicare.xlsx,Medicare_05-2022,false,51302,Medicare / Components of Benefits / Hospital Inpatient Services,fiscal_year,2030,2030,2030,32,13
Medicare,Hospital Inpatient Services,2031,187.0,Billions of dollars,51302-2022-05-medicare.xlsx,Medicare_05-2022,false,51302,Medicare / Components of Benefits / Hospital Inpatient Services,fiscal_year,2031,2031,2031,32,14
Medicare,Hospital Inpatient Services,2032,200.0,Billions of dollars,51302-2022-05-medicare.xlsx,Medicare_05-2022,false,51302,Medicare / Components of Benefits / Hospital Inpatient Services,fiscal_year,2032,2032,2032,32,15
Medicare,Skilled Nursing Facilities,2021,29.0,Billions of dollars,51302-2022-05-medicare.xlsx,Medicare_05-2022,false,51302,Medicare / Components of Benefits / Skilled Nursing Facilities,fiscal_year,2021,2021,2021,33,4
Medicare,Skilled Nursing Facilities,2022,28.0,Billions of dollars,51302-2022-05-medicare.xlsx,Medicare_05-2022,false,51302,Medicare / Components of Benefits / Skilled Nursing Facilities,fiscal_year,2022,2022,2022,33,5
Medicare,Skilled Nursing Facilities,2023,27.0,Billions of dollars,51302-2022-05-medicare.xlsx,Medicare_05-2022,false,51302,Medicare / Components of Benefits / Skilled Nursing Facilities,fiscal_year,2023,2023,2023,33,6
Medicare,Skilled Nursing Facilities,2024,28.0,Billions of dollars,51302-2022-05-medicare.xlsx,Medicare_05-2022,false,51302,Medicare / Components of Benefits / Skilled Nursing Facilities,fiscal_year,2024,2024,2024,33,7
Medicare,Skilled Nursing Facilities,2025,28.0,Billions of dollars,51302-2022-05-medicare.xlsx,Medicare_05-2022,false,51302,Medicare / Components of Benefits / Skilled Nursing Facilities,fiscal_year,2025,2025,2025,33,8
Medicare,Skilled Nursing Facilities,2026,28.0,Billions of dollars,51302-2022-05-medicare.xlsx,Medicare_05-2022,false,51302,Medicare / Components of Benefits / Skilled Nursing Facilities,fiscal_year,2026,2026,2026,33,9
Medicare,Skilled Nursing Facilities,2027,28.0,Billions of dollars,51302-2022-05-medicare.xlsx,Medicare_05-2022,false,51302,Medicare / Components of Benefits / Skilled Nursing Facilities,fiscal_year,2027,2027,2027,33,10
Medicare,Skilled Nursing Facilities,2028,29.0,Billions of dollars,51302-2022-05-medicare.xlsx,Medicare_05-2022,false,51302,Medicare / Components of Benefits / Skilled Nursing Facilities,fiscal_year,2028,2028,2028,33,11
Medicare,Skilled Nursing Facilities,2029,30.0,Billions of dollars,51302-2022-05-medicare.xlsx,Medicare_05-2022,false,51302,Medicare / Components of Benefits / Skilled Nursing Facilities,fiscal_year,2029,2029,2029,33,12
Medicare,Skilled Nursing Facilities,2030,30.0,Billions of dollars,51302-2022-05-medicare.xlsx,Medicare_05-2022,false,51302,Medicare / Components of Benefits / Skilled Nursing Facilities,fiscal_year,2030,2030,2030,33,13
Medicare,Skilled Nursing Facilities,2031,31.0,Billions of dollars,51302-2022-05-medicare.xlsx,Medicare_05-2022,false,51302,Medicare / Components of Benefits / Skilled Nursing Facilities,fiscal_year,2031,2031,2031,33,14
Medicare,Skilled Nursing Facilities,2032,32.0,Billions of dollars,51302-2022-05-medicare.xlsx,Medicare_05-2022,false,51302,Medicare / Components of Benefits / Skilled Nursing Facilities,fiscal_year,2032,2032,2032,33,15
Medicare,Physician Fee Schedule,2021,66.0,Billions of dollars,51302-2022-05-medicare.xlsx,Medicare_05-2022,false,51302,Medicare / Components of Benefits / Physician Fee Schedule,fiscal_year,2021,2021,2021,34,4
Medicare,Physician Fee Schedule,2022,72.0,Billions of dollars,51302-2022-05-medicare.xlsx,Medicare_05-2022,false,51302,Medicare / Components of Benefits / Physician Fee Schedule,fiscal_year,2022,2022,2022,34,5
Medicare,Physician Fee Schedule,2023,73.0,Billions of dollars,51302-2022-05-medicare.xlsx,Medicare_05-2022,false,51302,Medicare / Components of Benefits / Physician Fee Schedule,fiscal_year,2023,2023,2023,34,6
Medicare,Physician Fee Schedule,2024,70.0,Billions of dollars,51302-2022-05-medicare.xlsx,Medicare_05-2022,false,51302,Medicare / Components of Benefits / Physician Fee Schedule,fiscal_year,2024,2024,2024,34,7
Medicare,Physician Fee Schedule,2025,69.0,Billions of dollars,51302-2022-05-medicare.xlsx,Medicare_05-2022,false,51302,Medicare / Components of Benefits / Physician Fee Schedule,fiscal_year,2025,2025,2025,34,8
Medicare,Physician Fee Schedule,2026,70.0,Billions of dollars,51302-2022-05-medicare.xlsx,Medicare_05-2022,false,51302,Medicare / Components of Benefits / Physician Fee Schedule,fiscal_year,2026,2026,2026,34,9
Medicare,Physician Fee Schedule,2027,71.0,Billions of dollars,51302-2022-05-medicare.xlsx,Medicare_05-2022,false,51302,Medicare / Components of Benefits / Physician Fee Schedule,fiscal_year,2027,2027,2027,34,10
Medicare,Physician Fee Schedule,2028,73.0,Billions of dollars,51302-2022-05-medicare.xlsx,Medicare_05-2022,false,51302,Medicare / Components of Benefits / Physician Fee Schedule,fiscal_year,2028,2028,2028,34,11
Medicare,Physician Fee Schedule,2029,75.0,Billions of dollars,51302-2022-05-medicare.xlsx,Medicare_05-2022,false,51302,Medicare / Components of Benefits / Physician Fee Schedule,fiscal_year,2029,2029,2029,34,12
Medicare,Physician Fee Schedule,2030,77.0,Billions of dollars,51302-2022-05-medicare.xlsx,Medicare_05-2022,false,51302,Medicare / Components of Benefits / Physician Fee Schedule,fiscal_year,2030,2030,2030,34,13
Medicare,Physician Fee Schedule,2031,80.0,Billions of dollars,51302-2022-05-medicare.xlsx,Medicare_05-2022,false,51302,Medicare / Components of Benefits / Physician Fee Schedule,fiscal_year,2031,2031,2031,34,14
Medicare,Physician Fee Schedule,2032,82.0,Billions of dollars,51302-2022-05-medicare.xlsx,Medicare_05-2022,false,51302,Medicare / Components of Benefits / Physician Fee Schedule,fiscal_year,2032,2032,2032,34,15
Medicare,Hospital Outpatient Services,2021,60.0,Billions of dollars,51302-2022-05-medicare.xlsx,Medicare_05-2022,false,51302,Medicare / Components of Benefits / Hospital Outpatient Services,fiscal_year,2021,2021,2021,35,4
Medicare,Hospital Outpatient Services,2022,64.0,Billions of dollars,51302-2022-05-medicare.xlsx,Medicare_05-2022,false,51302,Medicare / Components of Benefits / Hospital Outpatient Services,fiscal_year,2022,2022,2022,35,5
Medicare,Hospital Outpatient Services,2023,66.0,Billions of dollars,51302-2022-05-medicare.xlsx,Medicare_05-2022,false,51302,Medicare / Components of Benefits / Hospital Outpatient Services,fiscal_year,2023,2023,2023,35,6
Medicare,Hospital Outpatient Services,2024,70.0,Billions of dollars,51302-2022-05-medicare.xlsx,Medicare_05-2022,false,51302,Medicare / Components of Benefits / Hospital Outpatient Services,fiscal_year,2024,2024,2024,35,7
Medicare,Hospital Outpatient Services,2025,75.0,Billions of dollars,51302-2022-05-medicare.xlsx,Medicare_05-2022,false,51302,Medicare / Components of Benefits / Hospital Outpatient Services,fiscal_year,2025,2025,2025,35,8
Medicare,Hospital Outpatient Services,2026,81.0,Billions of dollars,51302-2022-05-medicare.xlsx,Medicare_05-2022,false,51302,Medicare / Components of Benefits / Hospital Outpatient Services,fiscal_year,2026,2026,2026,35,9
Medicare,Hospital Outpatient Services,2027,88.0,Billions of dollars,51302-2022-05-medicare.xlsx,Medicare_05-2022,false,51302,Medicare / Components of Benefits / Hospital Outpatient Services,fiscal_year,2027,2027,2027,35,10
Medicare,Hospital Outpatient Services,2028,96.0,Billions of dollars,51302-2022-05-medicare.xlsx,Medicare_05-2022,false,51302,Medicare / Components of Benefits / Hospital Outpatient Services,fiscal_year,2028,2028,2028,35,11
Medicare,Hospital Outpatient Services,2029,104.0,Billions of dollars,51302-2022-05-medicare.xlsx,Medicare_05-2022,false,51302,Medicare / Components of Benefits / Hospital Outpatient Services,fiscal_year,2029,2029,2029,35,12
Medicare,Hospital Outpatient Services,2030,114.0,Billions of dollars,51302-2022-05-medicare.xlsx,Medicare_05-2022,false,51302,Medicare / Components of Benefits / Hospital Outpatient Services,fiscal_year,2030,2030,2030,35,13
Medicare,Hospital Outpatient Services,2031,124.0,Billions of dollars,51302-2022-05-medicare.xlsx,Medicare_05-2022,false,51302,Medicare / Components of Benefits / Hospital Outpatient Services,fiscal_year,2031,2031,2031,35,14
Medicare,Hospital Outpatient Services,2032,138.0,Billions of dollars,51302-2022-05-medicare.xlsx,Medicare_05-2022,false,51302,Medicare / Components of Benefits / Hospital Outpatient Services,fiscal_year,2032,2032,2032,35,15
Medicare,Home Health Agencies,2021,17.0,Billions of dollars,51302-2022-05-medicare.xlsx,Medicare_05-2022,false,51302,Medicare / Components of Benefits / Home Health Agencies,fiscal_year,2021,2021,2021,36,4
Medicare,Home Health Agencies,2022,17.0,Billions of dollars,51302-2022-05-medicare.xlsx,Medicare_05-2022,false,51302,Medicare / Components of Benefits / Home Health Agencies,fiscal_year,2022,2022,2022,36,5
Medicare,Home Health Agencies,2023,17.0,Billions of dollars,51302-2022-05-medicare.xlsx,Medicare_05-2022,false,51302,Medicare / Components of Benefits / Home Health Agencies,fiscal_year,2023,2023,2023,36,6
Medicare,Home Health Agencies,2024,17.0,Billions of dollars,51302-2022-05-medicare.xlsx,Medicare_05-2022,false,51302,Medicare / Components of Benefits / Home Health Agencies,fiscal_year,2024,2024,2024,36,7
Medicare,Home Health Agencies,2025,18.0,Billions of dollars,51302-2022-05-medicare.xlsx,Medicare_05-2022,false,51302,Medicare / Components of Benefits / Home Health Agencies,fiscal_year,2025,2025,2025,36,8
Medicare,Home Health Agencies,2026,18.0,Billions of dollars,51302-2022-05-medicare.xlsx,Medicare_05-2022,false,51302,Medicare / Components of Benefits / Home Health Agencies,fiscal_year,2026,2026,2026,36,9
Medicare,Home Health Agencies,2027,19.0,Billions of dollars,51302-2022-05-medicare.xlsx,Medicare_05-2022,false,51302,Medicare / Components of Benefits / Home Health Agencies,fiscal_year,2027,2027,2027,36,10
Medicare,Home Health Agencies,2028,19.0,Billions of dollars,51302-2022-05-medicare.xlsx,Medicare_05-2022,false,51302,Medicare / Components of Benefits / Home Health Agencies,fiscal_year,2028,2028,2028,36,11
Medicare,Home Health Agencies,2029,20.0,Billions of dollars,51302-2022-05-medicare.xlsx,Medicare_05-2022,false,51302,Medicare / Components of Benefits / Home Health Agencies,fiscal_year,2029,2029,2029,36,12
Medicare,Home Health Agencies,2030,21.0,Billions of dollars,51302-2022-05-medicare.xlsx,Medicare_05-2022,false,51302,Medicare / Components of Benefits / Home Health Agencies,fiscal_year,2030,2030,2030,36,13
Medicare,Home Health Agencies,2031,21.0,Billions of dollars,51302-2022-05-medicare.xlsx,Medicare_05-2022,false,51302,Medicare / Components of Benefits / Home Health Agencies,fiscal_year,2031,2031,2031,36,14
Medicare,Home Health Agencies,2032,23.0,Billions of dollars,51302-2022-05-medicare.xlsx,Medicare_05-2022,false,51302,Medicare / Components of Benefits / Home Health Agencies,fiscal_year,2032,2032,2032,36,15
Medicare,Group Plans (Includes Medicare Advantage),2021,340.0,Billions of dollars,51302-2022-05-medicare.xlsx,Medicare_05-2022,false,51302,Medicare / Components of Benefits / Group Plans (Includes Medicare Advantage),fiscal_year,2021,2021,2021,37,4
Medicare,Group Plans (Includes Medicare Advantage),2022,427.0,Billions of dollars,51302-2022-05-medicare.xlsx,Medicare_05-2022,false,51302,Medicare / Components of Benefits / Group Plans (Includes Medicare Advantage),fiscal_year,2022,2022,2022,37,5
Medicare,Group Plans (Includes Medicare Advantage),2023,460.0,Billions of dollars,51302-2022-05-medicare.xlsx,Medicare_05-2022,false,51302,Medicare / Components of Benefits / Group Plans (Includes Medicare Advantage),fiscal_year,2023,2023,2023,37,6
Medicare,Group Plans (Includes Medicare Advantage),2024,463.0,Billions of dollars,51302-2022-05-medicare.xlsx,Medicare_05-2022,false,51302,Medicare / Components of Benefits / Group Plans (Includes Medicare Advantage),fiscal_year,2024,2024,2024,37,7
Medicare,Group Plans (Includes Medicare Advantage),2025,557.0,Billions of dollars,51302-2022-05-medicare.xlsx,Medicare_05-2022,false,51302,Medicare / Components of Benefits / Group Plans (Includes Medicare Advantage),fiscal_year,2025,2025,2025,37,8
Medicare,Group Plans (Includes Medicare Advantage),2026,611.0,Billions of dollars,51302-2022-05-medicare.xlsx,Medicare_05-2022,false,51302,Medicare / Components of Benefits / Group Plans (Includes Medicare Advantage),fiscal_year,2026,2026,2026,37,9
Medicare,Group Plans (Includes Medicare Advantage),2027,668.0,Billions of dollars,51302-2022-05-medicare.xlsx,Medicare_05-2022,false,51302,Medicare / Components of Benefits / Group Plans (Includes Medicare Advantage),fiscal_year,2027,2027,2027,37,10
Medicare,Group Plans (Includes Medicare Advantage),2028,794.0,Billions of dollars,51302-2022-05-medicare.xlsx,Medicare_05-2022,false,51302,Medicare / Components of Benefits / Group Plans (Includes Medicare Advantage),fiscal_year,2028,2028,2028,37,11
Medicare,Group Plans (Includes Medicare Advantage),2029,723.0,Billions of dollars,51302-2022-05-medicare.xlsx,Medicare_05-2022,false,51302,Medicare / Components of Benefits / Group Plans (Includes Medicare Advantage),fiscal_year,2029,2029,2029,37,12
Medicare,Group Plans (Includes Medicare Advantage),2030,853.0,Billions of dollars,51302-2022-05-medicare.xlsx,Medicare_05-2022,false,51302,Medicare / Components of Benefits / Group Plans (Includes Medicare Advantage),fiscal_year,2030,2030,2030,37,13
Medicare,Group Plans (Includes Medicare Advantage),2031,921.0,Billions of dollars,51302-2022-05-medicare.xlsx,Medicare_05-2022,false,51302,Medicare / Components of Benefits / Group Plans (Includes Medicare Advantage),fiscal_year,2031,2031,2031,37,14
Medicare,Group Plans (Includes Medicare Advantage),2032,998.0,Billions of dollars,51302-2022-05-medicare.xlsx,Medicare_05-2022,false,51302,Medicare / Components of Benefits / Group Plans (Includes Medicare Advantage),fiscal_year,2032,2032,2032,37,15
Medicare,Part De,2021,98.0,Billions of dollars,51302-2022-05-medicare.xlsx,Medicare_05-2022,false,51302,Medicare / Components of Benefits / Part De,fiscal_year,2021,2021,2021,38,4
Medicare,Part De,2022,119.0,Billions of dollars,51302-2022-05-medicare.xlsx,Medicare_05-2022,false,51302,Medicare / Components of Benefits / Part De,fiscal_year,2022,2022,2022,38,5
Medicare,Part De,2023,119.0,Billions of dollars,51302-2022-05-medicare.xlsx,Medicare_05-2022,false,51302,Medicare / Components of Benefits / Part De,fiscal_year,2023,2023,2023,38,6
Medicare,Part De,2024,118.0,Billions of dollars,51302-2022-05-medicare.xlsx,Medicare_05-2022,false,51302,Medicare / Components of Benefits / Part De,fiscal_year,2024,2024,2024,38,7
Medicare,Part De,2025,138.0,Billions of dollars,51302-2022-05-medicare.xlsx,Medicare_05-2022,false,51302,Medicare / Components of Benefits / Part De,fiscal_year,2025,2025,2025,38,8
Medicare,Part De,2026,163.0,Billions of dollars,51302-2022-05-medicare.xlsx,Medicare_05-2022,false,51302,Medicare / Components of Benefits / Part De,fiscal_year,2026,2026,2026,38,9
Medicare,Part De,2027,181.0,Billions of dollars,51302-2022-05-medicare.xlsx,Medicare_05-2022,false,51302,Medicare / Components of Benefits / Part De,fiscal_year,2027,2027,2027,38,10
Medicare,Part De,2028,212.0,Billions of dollars,51302-2022-05-medicare.xlsx,Medicare_05-2022,false,51302,Medicare / Components of Benefits / Part De,fiscal_year,2028,2028,2028,38,11
Medicare,Part De,2029,192.0,Billions of dollars,51302-2022-05-medicare.xlsx,Medicare_05-2022,false,51302,Medicare / Components of Benefits / Part De,fiscal_year,2029,2029,2029,38,12
Medicare,Part De,2030,225.0,Billions of dollars,51302-2022-05-medicare.xlsx,Medicare_05-2022,false,51302,Medicare / Components of Benefits / Part De,fiscal_year,2030,2030,2030,38,13
Medicare,Part De,2031,239.0,Billions of dollars,51302-2022-05-medicare.xlsx,Medicare_05-2022,false,51302,Medicare / Components of Benefits / Part De,fiscal_year,2031,2031,2031,38,14
Medicare,Part De,2032,258.0,Billions of dollars,51302-2022-05-medicare.xlsx,Medicare_05-2022,false,51302,Medicare / Components of Benefits / Part De,fiscal_year,2032,2032,2032,38,15
Medicare,Low-income subsidy (Non-add),2021,34.0,Billions of dollars,51302-2022-05-medicare.xlsx,Medicare_05-2022,false,51302,Medicare / Components of Benefits / Low-income subsidy (Non-add),fiscal_year,2021,2021,2021,39,4
Medicare,Low-income subsidy (Non-add),2022,43.0,Billions of dollars,51302-2022-05-medicare.xlsx,Medicare_05-2022,false,51302,Medicare / Components of Benefits / Low-income subsidy (Non-add),fiscal_year,2022,2022,2022,39,5
Medicare,Low-income subsidy (Non-add),2023,42.0,Billions of dollars,51302-2022-05-medicare.xlsx,Medicare_05-2022,false,51302,Medicare / Components of Benefits / Low-income subsidy (Non-add),fiscal_year,2023,2023,2023,39,6
Medicare,Low-income subsidy (Non-add),2024,41.0,Billions of dollars,51302-2022-05-medicare.xlsx,Medicare_05-2022,false,51302,Medicare / Components of Benefits / Low-income subsidy (Non-add),fiscal_year,2024,2024,2024,39,7
Medicare,Low-income subsidy (Non-add),2025,48.0,Billions of dollars,51302-2022-05-medicare.xlsx,Medicare_05-2022,false,51302,Medicare / Components of Benefits / Low-income subsidy (Non-add),fiscal_year,2025,2025,2025,39,8
Medicare,Low-income subsidy (Non-add),2026,46.0,Billions of dollars,51302-2022-05-medicare.xlsx,Medicare_05-2022,false,51302,Medicare / Components of Benefits / Low-income subsidy (Non-add),fiscal_year,2026,2026,2026,39,9
Medicare,Low-income subsidy (Non-add),2027,47.0,Billions of dollars,51302-2022-05-medicare.xlsx,Medicare_05-2022,false,51302,Medicare / Components of Benefits / Low-income subsidy (Non-add),fiscal_year,2027,2027,2027,39,10
Medicare,Low-income subsidy (Non-add),2028,55.0,Billions of dollars,51302-2022-05-medicare.xlsx,Medicare_05-2022,false,51302,Medicare / Components of Benefits / Low-income subsidy (Non-add),fiscal_year,2028,2028,2028,39,11
Medicare,Low-income subsidy (Non-add),2029,51.0,Billions of dollars,51302-2022-05-medicare.xlsx,Medicare_05-2022,false,51302,Medicare / Components of Benefits / Low-income subsidy (Non-add),fiscal_year,2029,2029,2029,39,12
Medicare,Low-income subsidy (Non-add),2030,59.0,Billions of dollars,51302-2022-05-medicare.xlsx,Medicare_05-2022,false,51302,Medicare / Components of Benefits / Low-income subsidy (Non-add),fiscal_year,2030,2030,2030,39,13
Medicare,Low-income subsidy (Non-add),2031,62.0,Billions of dollars,51302-2022-05-medicare.xlsx,Medicare_05-2022,false,51302,Medicare / Components of Benefits / Low-income subsidy (Non-add),fiscal_year,2031,2031,2031,39,14
Medicare,Low-income subsidy (Non-add),2032,67.0,Billions of dollars,51302-2022-05-medicare.xlsx,Medicare_05-2022,false,51302,Medicare / Components of Benefits / Low-income subsidy (Non-add),fiscal_year,2032,2032,2032,39,15
Medicare,Other servicesf,2021,108.0,Billions of dollars,51302-2022-05-medicare.xlsx,Medicare_05-2022,false,51302,Medicare / Components of Benefits / Other servicesf,fiscal_year,2021,2021,2021,40,4
Medicare,Other servicesf,2022,109.0,Billions of dollars,51302-2022-05-medicare.xlsx,Medicare_05-2022,false,51302,Medicare / Components of Benefits / Other servicesf,fiscal_year,2022,2022,2022,40,5
Medicare,Other servicesf,2023,108.0,Billions of dollars,51302-2022-05-medicare.xlsx,Medicare_05-2022,false,51302,Medicare / Components of Benefits / Other servicesf,fiscal_year,2023,2023,2023,40,6
Medicare,Other servicesf,2024,115.0,Billions of dollars,51302-2022-05-medicare.xlsx,Medicare_05-2022,false,51302,Medicare / Components of Benefits / Other servicesf,fiscal_year,2024,2024,2024,40,7
Medicare,Other servicesf,2025,122.0,Billions of dollars,51302-2022-05-medicare.xlsx,Medicare_05-2022,false,51302,Medicare / Components of Benefits / Other servicesf,fiscal_year,2025,2025,2025,40,8
Medicare,Other servicesf,2026,130.0,Billions of dollars,51302-2022-05-medicare.xlsx,Medicare_05-2022,false,51302,Medicare / Components of Benefits / Other servicesf,fiscal_year,2026,2026,2026,40,9
Medicare,Other servicesf,2027,138.0,Billions of dollars,51302-2022-05-medicare.xlsx,Medicare_05-2022,false,51302,Medicare / Components of Benefits / Other servicesf,fiscal_year,2027,2027,2027,40,10
Medicare,Other servicesf,2028,146.0,Billions of dollars,51302-2022-05-medicare.xlsx,Medicare_05-2022,false,51302,Medicare / Components of Benefits / Other servicesf,fiscal_year,2028,2028,2028,40,11
Medicare,Other servicesf,2029,157.0,Billions of dollars,51302-2022-05-medicare.xlsx,Medicare_05-2022,false,51302,Medicare / Components of Benefits / Other servicesf,fiscal_year,2029,2029,2029,40,12
Medicare,Other servicesf,2030,166.0,Billions of dollars,51302-2022-05-medicare.xlsx,Medicare_05-2022,false,51302,Medicare / Components of Benefits / Other servicesf,fiscal_year,2030,2030,2030,40,13
Medicare,Other servicesf,2031,176.0,Billions of dollars,51302-2022-05-medicare.xlsx,Medicare_05-2022,false,51302,Medicare / Components of Benefits / Other servicesf,fiscal_year,2031,2031,2031,40,14
Medicare,Other servicesf,2032,196.0,Billions of dollars,51302-2022-05-medicare.xlsx,Medicare_05-2022,false,51302,Medicare / Components of Benefits / Other servicesf,fiscal_year,2032,2032,2032,40,15
Medicare,Total Benefits,2021,865.0,Billions of dollars,51302-2022-05-medicare.xlsx,Medicare_05-2022,true,51302,Medicare / Components of Benefits / Total Benefits,fiscal_year,2021,2021,2021,41,4
Medicare,Total Benefits,2022,981.0,Billions of dollars,51302-2022-05-medicare.xlsx,Medicare_05-2022,true,51302,Medicare / Components of Benefits / Total Benefits,fiscal_year,2022,2022,2022,41,5
Medicare,Total Benefits,2023,1016.0,Billions of dollars,51302-2022-05-medicare.xlsx,Medicare_05-2022,true,51302,Medicare / Components of Benefits / Total Benefits,fiscal_year,2023,2023,2023,41,6
Medicare,Total Benefits,2024,1031.0,Billions of dollars,51302-2022-05-medicare.xlsx,Medicare_05-2022,true,51302,Medicare / Components of Benefits / Total Benefits,fiscal_year,2024,2024,2024,41,7
Medicare,Total Benefits,2025,1162.0,Billions of dollars,51302-2022-05-medicare.xlsx,Medicare_05-2022,true,51302,Medicare / Components of Benefits / Total Benefits,fiscal_year,2025,2025,2025,41,8
Medicare,Total Benefits,2026,1260.0,Billions of dollars,51302-2022-05-medicare.xlsx,Medicare_05-2022,true,51302,Medicare / Components of Benefits / Total Benefits,fiscal_year,2026,2026,2026,41,9
Medicare,Total Benefits,2027,1358.0,Billions of dollars,51302-2022-05-medicare.xlsx,Medicare_05-2022,true,51302,Medicare / Components of Benefits / Total Benefits,fiscal_year,2027,2027,2027,41,10
Medicare,Total Benefits,2028,1539.0,Billions of dollars,51302-2022-05-medicare.xlsx,Medicare_05-2022,true,51302,Medicare / Components of Benefits / Total Benefits,fiscal_year,2028,2028,2028,41,11
Medicare,Total Benefits,2029,1477.0,Billions of dollars,51302-2022-05-medicare.xlsx,Medicare_05-2022,true,51302,Medicare / Components of Benefits / Total Benefits,fiscal_year,2029,2029,2029,41,12
Medicare,Total Benefits,2030,1669.0,Billions of dollars,51302-2022-05-medicare.xlsx,Medicare_05-2022,true,51302,Medicare / Components of Benefits / Total Benefits,fiscal_year,2030,2030,2030,41,13
Medicare,Total Benefits,2031,1779.0,Billions of dollars,51302-2022-05-medicare.xlsx,Medicare_05-2022,true,51302,Medicare / Components of Benefits / Total Benefits,fiscal_year,2031,2031,2031,41,14
Medicare,Total Benefits,2032,1927.0,Billions of dollars,51302-2022-05-medicare.xlsx,Medicare_05-2022,true,51302,Medicare / Components of Benefits / Total Benefits,fiscal_year,2032,2032,2032,41,15
Medicare,Part A Premiums,2021,-4.0,Billions of dollars,51302-2022-05-medicare.xlsx,Medicare_05-2022,false,51302,Medicare / Components of Offsetting Receipts / Part A Premiums,fiscal_year,2021,2021,2021,44,4
Medicare,Part A Premiums,2022,-5.0,Billions of dollars,51302-2022-05-medicare.xlsx,Medicare_05-2022,false,51302,Medicare / Components of Offsetting Receipts / Part A Premiums,fiscal_year,2022,2022,2022,44,5
Medicare,Part A Premiums,2023,-5.0,Billions of dollars,51302-2022-05-medicare.xlsx,Medicare_05-2022,false,51302,Medicare / Components of Offsetting Receipts / Part A Premiums,fiscal_year,2023,2023,2023,44,6
Medicare,Part A Premiums,2024,-5.0,Billions of dollars,51302-2022-05-medicare.xlsx,Medicare_05-2022,false,51302,Medicare / Components of Offsetting Receipts / Part A Premiums,fiscal_year,2024,2024,2024,44,7
Medicare,Part A Premiums,2025,-5.0,Billions of dollars,51302-2022-05-medicare.xlsx,Medicare_05-2022,false,51302,Medicare / Components of Offsetting Receipts / Part A Premiums,fiscal_year,2025,2025,2025,44,8
Medicare,Part A Premiums,2026,-5.0,Billions of dollars,51302-2022-05-medicare.xlsx,Medicare_05-2022,false,51302,Medicare / Components of Offsetting Receipts / Part A Premiums,fiscal_year,2026,2026,2026,44,9
Medicare,Part A Premiums,2027,-5.0,Billions of dollars,51302-2022-05-medicare.xlsx,Medicare_05-2022,false,51302,Medicare / Components of Offsetting Receipts / Part A Premiums,fiscal_year,2027,2027,2027,44,10
Medicare,Part A Premiums,2028,-6.0,Billions of dollars,51302-2022-05-medicare.xlsx,Medicare_05-2022,false,51302,Medicare / Components of Offsetting Receipts / Part A Premiums,fiscal_year,2028,2028,2028,44,11
Medicare,Part A Premiums,2029,-6.0,Billions of dollars,51302-2022-05-medicare.xlsx,Medicare_05-2022,false,51302,Medicare / Components of Offsetting Receipts / Part A Premiums,fiscal_year,2029,2029,2029,44,12
Medicare,Part A Premiums,2030,-6.0,Billions of dollars,51302-2022-05-medicare.xlsx,Medicare_05-2022,false,51302,Medicare / Components of Offsetting Receipts / Part A Premiums,fiscal_year,2030,2030,2030,44,13
Medicare,Part A Premiums,2031,-6.0,Billions of dollars,51302-2022-05-medicare.xlsx,Medicare_05-2022,false,51302,Medicare / Components of Offsetting Receipts / Part A Premiums,fiscal_year,2031,2031,2031,44,14
Medicare,Part A Premiums,2032,-7.0,Billions of dollars,51302-2022-05-medicare.xlsx,Medicare_05-2022,false,51302,Medicare / Components of Offsetting Receipts / Part A Premiums,fiscal_year,2032,2032,2032,44,15
Medicare,Part B Premiumsg,2021,-114.0,Billions of dollars,51302-2022-05-medicare.xlsx,Medicare_05-2022,false,51302,Medicare / Components of Offsetting Receipts / Part B Premiumsg,fiscal_year,2021,2021,2021,45,4
Medicare,Part B Premiumsg,2022,-131.0,Billions of dollars,51302-2022-05-medicare.xlsx,Medicare_05-2022,false,51302,Medicare / Components of Offsetting Receipts / Part B Premiumsg,fiscal_year,2022,2022,2022,45,5
Medicare,Part B Premiumsg,2023,-133.0,Billions of dollars,51302-2022-05-medicare.xlsx,Medicare_05-2022,false,51302,Medicare / Components of Offsetting Receipts / Part B Premiumsg,fiscal_year,2023,2023,2023,45,6
Medicare,Part B Premiumsg,2024,-142.0,Billions of dollars,51302-2022-05-medicare.xlsx,Medicare_05-2022,false,51302,Medicare / Components of Offsetting Receipts / Part B Premiumsg,fiscal_year,2024,2024,2024,45,7
Medicare,Part B Premiumsg,2025,-156.0,Billions of dollars,51302-2022-05-medicare.xlsx,Medicare_05-2022,false,51302,Medicare / Components of Offsetting Receipts / Part B Premiumsg,fiscal_year,2025,2025,2025,45,8
Medicare,Part B Premiumsg,2026,-170.0,Billions of dollars,51302-2022-05-medicare.xlsx,Medicare_05-2022,false,51302,Medicare / Components of Offsetting Receipts / Part B Premiumsg,fiscal_year,2026,2026,2026,45,9
Medicare,Part B Premiumsg,2027,-185.0,Billions of dollars,51302-2022-05-medicare.xlsx,Medicare_05-2022,false,51302,Medicare / Components of Offsetting Receipts / Part B Premiumsg,fiscal_year,2027,2027,2027,45,10
Medicare,Part B Premiumsg,2028,-201.0,Billions of dollars,51302-2022-05-medicare.xlsx,Medicare_05-2022,false,51302,Medicare / Components of Offsetting Receipts / Part B Premiumsg,fiscal_year,2028,2028,2028,45,11
Medicare,Part B Premiumsg,2029,-216.0,Billions of dollars,51302-2022-05-medicare.xlsx,Medicare_05-2022,false,51302,Medicare / Components of Offsetting Receipts / Part B Premiumsg,fiscal_year,2029,2029,2029,45,12
Medicare,Part B Premiumsg,2030,-234.0,Billions of dollars,51302-2022-05-medicare.xlsx,Medicare_05-2022,false,51302,Medicare / Components of Offsetting Receipts / Part B Premiumsg,fiscal_year,2030,2030,2030,45,13
Medicare,Part B Premiumsg,2031,-253.0,Billions of dollars,51302-2022-05-medicare.xlsx,Medicare_05-2022,false,51302,Medicare / Components of Offsetting Receipts / Part B Premiumsg,fiscal_year,2031,2031,2031,45,14
Medicare,Part B Premiumsg,2032,-276.0,Billions of dollars,51302-2022-05-medicare.xlsx,Medicare_05-2022,false,51302,Medicare / Components of Offsetting Receipts / Part B Premiumsg,fiscal_year,2032,2032,2032,45,15
Medicare,Part D Premiumsh,2021,-6.0,Billions of dollars,51302-2022-05-medicare.xlsx,Medicare_05-2022,false,51302,Medicare / Components of Offsetting Receipts / Part D Premiumsh,fiscal_year,2021,2021,2021,46,4
Medicare,Part D Premiumsh,2022,-6.0,Billions of dollars,51302-2022-05-medicare.xlsx,Medicare_05-2022,false,51302,Medicare / Components of Offsetting Receipts / Part D Premiumsh,fiscal_year,2022,2022,2022,46,5
Medicare,Part D Premiumsh,2023,-6.0,Billions of dollars,51302-2022-05-medicare.xlsx,Medicare_05-2022,false,51302,Medicare / Components of Offsetting Receipts / Part D Premiumsh,fiscal_year,2023,2023,2023,46,6
Medicare,Part D Premiumsh,2024,-6.0,Billions of dollars,51302-2022-05-medicare.xlsx,Medicare_05-2022,false,51302,Medicare / Components of Offsetting Receipts / Part D Premiumsh,fiscal_year,2024,2024,2024,46,7
Medicare,Part D Premiumsh,2025,-7.0,Billions of dollars,51302-2022-05-medicare.xlsx,Medicare_05-2022,false,51302,Medicare / Components of Offsetting Receipts / Part D Premiumsh,fiscal_year,2025,2025,2025,46,8
Medicare,Part D Premiumsh,2026,-8.0,Billions of dollars,51302-2022-05-medicare.xlsx,Medicare_05-2022,false,51302,Medicare / Components of Offsetting Receipts / Part D Premiumsh,fiscal_year,2026,2026,2026,46,9
Medicare,Part D Premiumsh,2027,-8.0,Billions of dollars,51302-2022-05-medicare.xlsx,Medicare_05-2022,false,51302,Medicare / Components of Offsetting Receipts / Part D Premiumsh,fiscal_year,2027,2027,2027,46,10
Medicare,Part D Premiumsh,2028,-9.0,Billions of dollars,51302-2022-05-medicare.xlsx,Medicare_05-2022,false,51302,Medicare / Components of Offsetting Receipts / Part D Premiumsh,fiscal_year,2028,2028,2028,46,11
Medicare,Part D Premiumsh,2029,-9.0,Billions of dollars,51302-2022-05-medicare.xlsx,Medicare_05-2022,false,51302,Medicare / Components of Offsetting Receipts / Part D Premiumsh,fiscal_year,2029,2029,2029,46,12
Medicare,Part D Premiumsh,2030,-10.0,Billions of dollars,51302-2022-05-medicare.xlsx,Medicare_05-2022,false,51302,Medicare / Components of Offsetting Receipts / Part D Premiumsh,fiscal_year,2030,2030,2030,46,13
Medicare,Part D Premiumsh,2031,-11.0,Billions of dollars,51302-2022-05-medicare.xlsx,Medicare_05-2022,false,51302,Medicare / Components of Offsetting Receipts / Part D Premiumsh,fiscal_year,2031,2031,2031,46,14
Medicare,Part D Premiumsh,2032,-12.0,Billions of dollars,51302-2022-05-medicare.xlsx,Medicare_05-2022,false,51302,Medicare / Components of Offsetting Receipts / Part D Premiumsh,fiscal_year,2032,2032,2032,46,15
Medicare,Part D Payments by States,2021,-12.0,Billions of dollars,51302-2022-05-medicare.xlsx,Medicare_05-2022,false,51302,Medicare / Components of Offsetting Receipts / Part D Payments by States,fiscal_year,2021,2021,2021,47,4
Medicare,Part D Payments by States,2022,-12.0,Billions of dollars,51302-2022-05-medicare.xlsx,Medicare_05-2022,false,51302,Medicare / Components of Offsetting Receipts / Part D Payments by States,fiscal_year,2022,2022,2022,47,5
Medicare,Part D Payments by States,2023,-15.0,Billions of dollars,51302-2022-05-medicare.xlsx,Medicare_05-2022,false,51302,Medicare / Components of Offsetting Receipts / Part D Payments by States,fiscal_year,2023,2023,2023,47,6
Medicare,Part D Payments by States,2024,-16.0,Billions of dollars,51302-2022-05-medicare.xlsx,Medicare_05-2022,false,51302,Medicare / Components of Offsetting Receipts / Part D Payments by States,fiscal_year,2024,2024,2024,47,7
Medicare,Part D Payments by States,2025,-17.0,Billions of dollars,51302-2022-05-medicare.xlsx,Medicare_05-2022,false,51302,Medicare / Components of Offsetting Receipts / Part D Payments by States,fiscal_year,2025,2025,2025,47,8
Medicare,Part D Payments by States,2026,-19.0,Billions of dollars,51302-2022-05-medicare.xlsx,Medicare_05-2022,false,51302,Medicare / Components of Offsetting Receipts / Part D Payments by States,fiscal_year,2026,2026,2026,47,9
Medicare,Part D Payments by States,2027,-20.0,Billions of dollars,51302-2022-05-medicare.xlsx,Medicare_05-2022,false,51302,Medicare / Components of Offsetting Receipts / Part D Payments by States,fiscal_year,2027,2027,2027,47,10
Medicare,Part D Payments by States,2028,-22.0,Billions of dollars,51302-2022-05-medicare.xlsx,Medicare_05-2022,false,51302,Medicare / Components of Offsetting Receipts / Part D Payments by States,fiscal_year,2028,2028,2028,47,11
Medicare,Part D Payments by States,2029,-23.0,Billions of dollars,51302-2022-05-medicare.xlsx,Medicare_05-2022,false,51302,Medicare / Components of Offsetting Receipts / Part D Payments by States,fiscal_year,2029,2029,2029,47,12
Medicare,Part D Payments by States,2030,-25.0,Billions of dollars,51302-2022-05-medicare.xlsx,Medicare_05-2022,false,51302,Medicare / Components of Offsetting Receipts / Part D Payments by States,fiscal_year,2030,2030,2030,47,13
Medicare,Part D Payments by States,2031,-26.0,Billions of dollars,51302-2022-05-medicare.xlsx,Medicare_05-2022,false,51302,Medicare / Components of Offsetting Receipts / Part D Payments by States,fiscal_year,2031,2031,2031,47,14
Medicare,Part D Payments by States,2032,-28.0,Billions of dollars,51302-2022-05-medicare.xlsx,Medicare_05-2022,false,51302,Medicare / Components of Offsetting Receipts / Part D Payments by States,fiscal_year,2032,2032,2032,47,15
Medicare,Payments Recovered from Providersi,2021,-45.0,Billions of dollars,51302-2022-05-medicare.xlsx,Medicare_05-2022,false,51302,Medicare / Components of Offsetting Receipts / Payments Recovered from Providersi,fiscal_year,2021,2021,2021,48,4
Medicare,Payments Recovered from Providersi,2022,-63.0,Billions of dollars,51302-2022-05-medicare.xlsx,Medicare_05-2022,false,51302,Medicare / Components of Offsetting Receipts / Payments Recovered from Providersi,fiscal_year,2022,2022,2022,48,5
Medicare,Payments Recovered from Providersi,2023,-12.0,Billions of dollars,51302-2022-05-medicare.xlsx,Medicare_05-2022,false,51302,Medicare / Components of Offsetting Receipts / Payments Recovered from Providersi,fiscal_year,2023,2023,2023,48,6
Medicare,Payments Recovered from Providersi,2024,-13.0,Billions of dollars,51302-2022-05-medicare.xlsx,Medicare_05-2022,false,51302,Medicare / Components of Offsetting Receipts / Payments Recovered from Providersi,fiscal_year,2024,2024,2024,48,7
Medicare,Payments Recovered from Providersi,2025,-13.0,Billions of dollars,51302-2022-05-medicare.xlsx,Medicare_05-2022,false,51302,Medicare / Components of Offsetting Receipts / Payments Recovered from Providersi,fiscal_year,2025,2025,2025,48,8
Medicare,Payments Recovered from Providersi,2026,-14.0,Billions of dollars,51302-2022-05-medicare.xlsx,Medicare_05-2022,false,51302,Medicare / Components of Offsetting Receipts / Payments Recovered from Providersi,fiscal_year,2026,2026,2026,48,9
Medicare,Payments Recovered from Providersi,2027,-15.0,Billions of dollars,51302-2022-05-medicare.xlsx,Medicare_05-2022,false,51302,Medicare / Components of Offsetting Receipts / Payments Recovered from Providersi,fiscal_year,2027,2027,2027,48,10
Medicare,Payments Recovered from Providersi,2028,-17.0,Billions of dollars,51302-2022-05-medicare.xlsx,Medicare_05-2022,false,51302,Medicare / Components of Offsetting Receipts / Payments Recovered from Providersi,fiscal_year,2028,2028,2028,48,11
Medicare,Payments Recovered from Providersi,2029,-18.0,Billions of dollars,51302-2022-05-medicare.xlsx,Medicare_05-2022,false,51302,Medicare / Components of Offsetting Receipts / Payments Recovered from Providersi,fiscal_year,2029,2029,2029,48,12
Medicare,Payments Recovered from Providersi,2030,-19.0,Billions of dollars,51302-2022-05-medicare.xlsx,Medicare_05-2022,false,51302,Medicare / Components of Offsetting Receipts / Payments Recovered from Providersi,fiscal_year,2030,2030,2030,48,13
Medicare,Payments Recovered from Providersi,2031,-21.0,Billions of dollars,51302-2022-05-medicare.xlsx,Medicare_05-2022,false,51302,Medicare / Components of Offsetting Receipts / Payments Recovered from Providersi,fiscal_year,2031,2031,2031,48,14
Medicare,Payments Recovered from Providersi,2032,-23.0,Billions of dollars,51302-2022-05-medicare.xlsx,Medicare_05-2022,false,51302,Medicare / Components of Offsetting Receipts / Payments Recovered from Providersi,fiscal_year,2032,2032,2032,48,15
Medicare,Total,2021,-180.0,Billions of dollars,51302-2022-05-medicare.xlsx,Medicare_05-2022,true,51302,Medicare / Components of Offsetting Receipts / Total,fiscal_year,2021,2021,2021,49,4
Medicare,Total,2022,-216.0,Billions of dollars,51302-2022-05-medicare.xlsx,Medicare_05-2022,true,51302,Medicare / Components of Offsetting Receipts / Total,fiscal_year,2022,2022,2022,49,5
Medicare,Total,2023,-170.0,Billions of dollars,51302-2022-05-medicare.xlsx,Medicare_05-2022,true,51302,Medicare / Components of Offsetting Receipts / Total,fiscal_year,2023,2023,2023,49,6
Medicare,Total,2024,-181.0,Billions of dollars,51302-2022-05-medicare.xlsx,Medicare_05-2022,true,51302,Medicare / Components of Offsetting Receipts / Total,fiscal_year,2024,2024,2024,49,7
Medicare,Total,2025,-198.0,Billions of dollars,51302-2022-05-medicare.xlsx,Medicare_05-2022,true,51302,Medicare / Components of Offsetting Receipts / Total,fiscal_year,2025,2025,2025,49,8
Medicare,Total,2026,-216.0,Billions of dollars,51302-2022-05-medicare.xlsx,Medicare_05-2022,true,51302,Medicare / Components of Offsetting Receipts / Total,fiscal_year,2026,2026,2026,49,9
Medicare,Total,2027,-234.0,Billions of dollars,51302-2022-05-medicare.xlsx,Medicare_05-2022,true,51302,Medicare / Components of Offsetting Receipts / Total,fiscal_year,2027,2027,2027,49,10
Medicare,Total,2028,-253.0,Billions of dollars,51302-2022-05-medicare.xlsx,Medicare_05-2022,true,51302,Medicare / Components of Offsetting Receipts / Total,fiscal_year,2028,2028,2028,49,11
Medicare,Total,2029,-272.0,Billions of dollars,51302-2022-05-medicare.xlsx,Medicare_05-2022,true,51302,Medicare / Components of Offsetting Receipts / Total,fiscal_year,2029,2029,2029,49,12
Medicare,Total,2030,-293.0,Billions of dollars,51302-2022-05-medicare.xlsx,Medicare_05-2022,true,51302,Medicare / Components of Offsetting Receipts / Total,fiscal_year,2030,2030,2030,49,13
Medicare,Total,2031,-317.0,Billions of dollars,51302-2022-05-medicare.xlsx,Medicare_05-2022,true,51302,Medicare / Components of Offsetting Receipts / Total,fiscal_year,2031,2031,2031,49,14
Medicare,Total,2032,-345.0,Billions of dollars,51302-2022-05-medicare.xlsx,Medicare_05-2022,true,51302,Medicare / Components of Offsetting Receipts / Total,fiscal_year,2032,2032,2032,49,15
Medicare,Capitation Payments (Number per year)j,2021,12.0,Billions of dollars,51302-2022-05-medicare.xlsx,Medicare_05-2022,true,51302,Total / Memorandum: / Capitation Payments (Number per year)j,fiscal_year,2021,2021,2021,57,4
Medicare,Capitation Payments (Number per year)j,2022,13.0,Billions of dollars,51302-2022-05-medicare.xlsx,Medicare_05-2022,true,51302,Total / Memorandum: / Capitation Payments (Number per year)j,fiscal_year,2022,2022,2022,57,5
Medicare,Capitation Payments (Number per year)j,2023,12.0,Billions of dollars,51302-2022-05-medicare.xlsx,Medicare_05-2022,true,51302,Total / Memorandum: / Capitation Payments (Number per year)j,fiscal_year,2023,2023,2023,57,6
Medicare,Capitation Payments (Number per year)j,2024,11.0,Billions of dollars,51302-2022-05-medicare.xlsx,Medicare_05-2022,true,51302,Total / Memorandum: / Capitation Payments (Number per year)j,fiscal_year,2024,2024,2024,57,7
Medicare,Capitation Payments (Number per year)j,2025,12.0,Billions of dollars,51302-2022-05-medicare.xlsx,Medicare_05-2022,true,51302,Total / Memorandum: / Capitation Payments (Number per year)j,fiscal_year,2025,2025,2025,57,8
Medicare,Capitation Payments (Number per year)j,2026,12.0,Billions of dollars,51302-2022-05-medicare.xlsx,Medicare_05-2022,true,51302,Total / Memorandum: / Capitation Payments (Number per year)j,fiscal_year,2026,2026,2026,57,9
Medicare,Capitation Payments (Number per year)j,2027,12.0,Billions of dollars,51302-2022-05-medicare.xlsx,Medicare_05-2022,true,51302,Total / Memorandum: / Capitation Payments (Number per year)j,fiscal_year,2027,2027,2027,57,10
Medicare,Capitation Payments (Number per year)j,2028,13.0,Billions of dollars,51302-2022-05-medicare.xlsx,Medicare_05-2022,true,51302,Total / Memorandum: / Capitation Payments (Number per year)j,fiscal_year,2028,2028,2028,57,11
Medicare,Capitation Payments (Number per year)j,2029,11.0,Billions of dollars,51302-2022-05-medicare.xlsx,Medicare_05-2022,true,51302,Total / Memorandum: / Capitation Payments (Number per year)j,fiscal_year,2029,2029,2029,57,12
Medicare,Capitation Payments (Number per year)j,2030,12.0,Billions of dollars,51302-2022-05-medicare.xlsx,Medicare_05-2022,true,51302,Total / Memorandum: / Capitation Payments (Number per year)j,fiscal_year,2030,2030,2030,57,13
Medicare,Capitation Payments (Number per year)j,2031,12.0,Billions of dollars,51302-2022-05-medicare.xlsx,Medicare_05-2022,true,51302,Total / Memorandum: / Capitation Payments (Number per year)j,fiscal_year,2031,2031,2031,57,14
Medicare,Capitation Payments (Number per year)j,2032,12.0,Billions of dollars,51302-2022-05-medicare.xlsx,Medicare_05-2022,true,51302,Total / Memorandum: / Capitation Payments (Number per year)j,fiscal_year,2032,2032,2032,57,15
Medicare,PPS Market Basket Increase,2021,2.4,Percent,51302-2022-05-medicare.xlsx,Medicare_05-2022,true,51302,Total / Payment Updates and Changes in Price Indexes (Percent) / PPS Market Basket Increase,fiscal_year,2021,2021,2021,60,4
Medicare,PPS Market Basket Increase,2022,2.7,Percent,51302-2022-05-medicare.xlsx,Medicare_05-2022,true,51302,Total / Payment Updates and Changes in Price Indexes (Percent) / PPS Market Basket Increase,fiscal_year,2022,2022,2022,60,5
Medicare,PPS Market Basket Increase,2023,4.2,Percent,51302-2022-05-medicare.xlsx,Medicare_05-2022,true,51302,Total / Payment Updates and Changes in Price Indexes (Percent) / PPS Market Basket Increase,fiscal_year,2023,2023,2023,60,6
Medicare,PPS Market Basket Increase,2024,3.6,Percent,51302-2022-05-medicare.xlsx,Medicare_05-2022,true,51302,Total / Payment Updates and Changes in Price Indexes (Percent) / PPS Market Basket Increase,fiscal_year,2024,2024,2024,60,7
Medicare,PPS Market Basket Increase,2025,3.4,Percent,51302-2022-05-medicare.xlsx,Medicare_05-2022,true,51302,Total / Payment Updates and Changes in Price Indexes (Percent) / PPS Market Basket Increase,fiscal_year,2025,2025,2025,60,8
Medicare,PPS Market Basket Increase,2026,3.3,Percent,51302-2022-05-medicare.xlsx,Medicare_05-2022,true,51302,Total / Payment Updates and Changes in Price Indexes (Percent) / PPS Market Basket Increase,fiscal_year,2026,2026,2026,60,9
Medicare,PPS Market Basket Increase,2027,3.3,Percent,51302-2022-05-medicare.xlsx,Medicare_05-2022,true,51302,Total / Payment Updates and Changes in Price Indexes (Percent) / PPS Market Basket Increase,fiscal_year,2027,2027,2027,60,10
Medicare,PPS Market Basket Increase,2028,3.3,Percent,51302-2022-05-medicare.xlsx,Medicare_05-2022,true,51302,Total / Payment Updates and Changes in Price Indexes (Percent) / PPS Market Basket Increase,fiscal_year,2028,2028,2028,60,11
Medicare,PPS Market Basket Increase,2029,3.3,Percent,51302-2022-05-medicare.xlsx,Medicare_05-2022,true,51302,Total / Payment Updates and Changes in Price Indexes (Percent) / PPS Market Basket Increase,fiscal_year,2029,2029,2029,60,12
Medicare,PPS Market Basket Increase,2030,3.3,Percent,51302-2022-05-medicare.xlsx,Medicare_05-2022,true,51302,Total / Payment Updates and Changes in Price Indexes (Percent) / PPS Market Basket Increase,fiscal_year,2030,2030,2030,60,13
Medicare,PPS Market Basket Increase,2031,3.2,Percent,51302-2022-05-medicare.xlsx,Medicare_05-2022,true,51302,Total / Payment Updates and Changes in Price Indexes (Percent) / PPS Market Basket Increase,fiscal_year,2031,2031,2031,60,14
Medicare,PPS Market Basket Increase,2032,3.2,Percent,51302-2022-05-medicare.xlsx,Medicare_05-2022,true,51302,Total / Payment Updates and Changes in Price Indexes (Percent) / PPS Market Basket Increase,fiscal_year,2032,2032,2032,60,15
Medicare,PPS Update Factor,2021,2.9,Percent,51302-2022-05-medicare.xlsx,Medicare_05-2022,true,51302,Total / Payment Updates and Changes in Price Indexes (Percent) / PPS Update Factor,fiscal_year,2021,2021,2021,61,4
Medicare,PPS Update Factor,2022,2.5,Percent,51302-2022-05-medicare.xlsx,Medicare_05-2022,true,51302,Total / Payment Updates and Changes in Price Indexes (Percent) / PPS Update Factor,fiscal_year,2022,2022,2022,61,5
Medicare,PPS Update Factor,2023,4.2,Percent,51302-2022-05-medicare.xlsx,Medicare_05-2022,true,51302,Total / Payment Updates and Changes in Price Indexes (Percent) / PPS Update Factor,fiscal_year,2023,2023,2023,61,6
Medicare,PPS Update Factor,2024,3.1,Percent,51302-2022-05-medicare.xlsx,Medicare_05-2022,true,51302,Total / Payment Updates and Changes in Price Indexes (Percent) / PPS Update Factor,fiscal_year,2024,2024,2024,61,7
Medicare,PPS Update Factor,2025,2.9,Percent,51302-2022-05-medicare.xlsx,Medicare_05-2022,true,51302,Total / Payment Updates and Changes in Price Indexes (Percent) / PPS Update Factor,fiscal_year,2025,2025,2025,61,8
Medicare,PPS Update Factor,2026,2.8,Percent,51302-2022-05-medicare.xlsx,Medicare_05-2022,true,51302,Total / Payment Updates and Changes in Price Indexes (Percent) / PPS Update Factor,fiscal_year,2026,2026,2026,61,9
Medicare,PPS Update Factor,2027,2.7,Percent,51302-2022-05-medicare.xlsx,Medicare_05-2022,true,51302,Total / Payment Updates and Changes in Price Indexes (Percent) / PPS Update Factor,fiscal_year,2027,2027,2027,61,10
Medicare,PPS Update Factor,2028,2.7,Percent,51302-2022-05-medicare.xlsx,Medicare_05-2022,true,51302,Total / Payment Updates and Changes in Price Indexes (Percent) / PPS Update Factor,fiscal_year,2028,2028,2028,61,11
Medicare,PPS Update Factor,2029,2.7,Percent,51302-2022-05-medicare.xlsx,Medicare_05-2022,true,51302,Total / Payment Updates and Changes in Price Indexes (Percent) / PPS Update Factor,fiscal_year,2029,2029,2029,61,12
Medicare,PPS Update Factor,2030,2.5,Percent,51302-2022-05-medicare.xlsx,Medicare_05-2022,true,51302,Total / Payment Updates and Changes in Price Indexes (Percent) / PPS Update Factor,fiscal_year,2030,2030,2030,61,13
Medicare,PPS Update Factor,2031,2.5,Percent,51302-2022-05-medicare.xlsx,Medicare_05-2022,true,51302,Total / Payment Updates and Changes in Price Indexes (Percent) / PPS Update Factor,fiscal_year,2031,2031,2031,61,14
Medicare,PPS Update Factor,2032,2.5,Percent,51302-2022-05-medicare.xlsx,Medicare_05-2022,true,51302,Total / Payment Updates and Changes in Price Indexes (Percent) / PPS Update Factor,fiscal_year,2032,2032,2032,61,15
Medicare,10-Year Moving Average of Multifactor Productivityk,2021,0.0,Percent,51302-2022-05-medicare.xlsx,Medicare_05-2022,true,51302,Total / Payment Updates and Changes in Price Indexes (Percent) / 10-Year Moving Average of Multifactor Productivityk,fiscal_year,2021,2021,2021,62,4
Medicare,10-Year Moving Average of Multifactor Productivityk,2022,0.7,Percent,51302-2022-05-medicare.xlsx,Medicare_05-2022,true,51302,Total / Payment Updates and Changes in Price Indexes (Percent) / 10-Year Moving Average of Multifactor Productivityk,fiscal_year,2022,2022,2022,62,5
Medicare,10-Year Moving Average of Multifactor Productivityk,2023,0.5,Percent,51302-2022-05-medicare.xlsx,Medicare_05-2022,true,51302,Total / Payment Updates and Changes in Price Indexes (Percent) / 10-Year Moving Average of Multifactor Productivityk,fiscal_year,2023,2023,2023,62,6
Medicare,10-Year Moving Average of Multifactor Productivityk,2024,0.5,Percent,51302-2022-05-medicare.xlsx,Medicare_05-2022,true,51302,Total / Payment Updates and Changes in Price Indexes (Percent) / 10-Year Moving Average of Multifactor Productivityk,fiscal_year,2024,2024,2024,62,7
Medicare,10-Year Moving Average of Multifactor Productivityk,2025,0.5,Percent,51302-2022-05-medicare.xlsx,Medicare_05-2022,true,51302,Total / Payment Updates and Changes in Price Indexes (Percent) / 10-Year Moving Average of Multifactor Productivityk,fiscal_year,2025,2025,2025,62,8
Medicare,10-Year Moving Average of Multifactor Productivityk,2026,0.6,Percent,51302-2022-05-medicare.xlsx,Medicare_05-2022,true,51302,Total / Payment Updates and Changes in Price Indexes (Percent) / 10-Year Moving Average of Multifactor Productivityk,fiscal_year,2026,2026,2026,62,9
Medicare,10-Year Moving Average of Multifactor Productivityk,2027,0.6,Percent,51302-2022-05-medicare.xlsx,Medicare_05-2022,true,51302,Total / Payment Updates and Changes in Price Indexes (Percent) / 10-Year Moving Average of Multifactor Productivityk,fiscal_year,2027,2027,2027,62,10
Medicare,10-Year Moving Average of Multifactor Productivityk,2028,0.6,Percent,51302-2022-05-medicare.xlsx,Medicare_05-2022,true,51302,Total / Payment Updates and Changes in Price Indexes (Percent) / 10-Year Moving Average of Multifactor Productivityk,fiscal_year,2028,2028,2028,62,11
Medicare,10-Year Moving Average of Multifactor Productivityk,2029,0.6,Percent,51302-2022-05-medicare.xlsx,Medicare_05-2022,true,51302,Total / Payment Updates and Changes in Price Indexes (Percent) / 10-Year Moving Average of Multifactor Productivityk,fiscal_year,2029,2029,2029,62,12
Medicare,10-Year Moving Average of Multifactor Productivityk,2030,0.8,Percent,51302-2022-05-medicare.xlsx,Medicare_05-2022,true,51302,Total / Payment Updates and Changes in Price Indexes (Percent) / 10-Year Moving Average of Multifactor Productivityk,fiscal_year,2030,2030,2030,62,13
Medicare,10-Year Moving Average of Multifactor Productivityk,2031,0.8,Percent,51302-2022-05-medicare.xlsx,Medicare_05-2022,true,51302,Total / Payment Updates and Changes in Price Indexes (Percent) / 10-Year Moving Average of Multifactor Productivityk,fiscal_year,2031,2031,2031,62,14
Medicare,10-Year Moving Average of Multifactor Productivityk,2032,0.7,Percent,51302-2022-05-medicare.xlsx,Medicare_05-2022,true,51302,Total / Payment Updates and Changes in Price Indexes (Percent) / 10-Year Moving Average of Multifactor Productivityk,fiscal_year,2032,2032,2032,62,15
Medicare,Part A,2021,63.0,Millions of people,51302-2022-05-medicare.xlsx,Medicare_05-2022,true,51302,Total / Average Monthly Enrollment in a Fiscal Year (Millions of people) / Part A,fiscal_year,2021,2021,2021,65,4
Medicare,Part A,2022,64.0,Millions of people,51302-2022-05-medicare.xlsx,Medicare_05-2022,true,51302,Total / Average Monthly Enrollment in a Fiscal Year (Millions of people) / Part A,fiscal_year,2022,2022,2022,65,5
Medicare,Part A,2023,65.0,Millions of people,51302-2022-05-medicare.xlsx,Medicare_05-2022,true,51302,Total / Average Monthly Enrollment in a Fiscal Year (Millions of people) / Part A,fiscal_year,2023,2023,2023,65,6
Medicare,Part A,2024,67.0,Millions of people,51302-2022-05-medicare.xlsx,Medicare_05-2022,true,51302,Total / Average Monthly Enrollment in a Fiscal Year (Millions of people) / Part A,fiscal_year,2024,2024,2024,65,7
Medicare,Part A,2025,68.0,Millions of people,51302-2022-05-medicare.xlsx,Medicare_05-2022,true,51302,Total / Average Monthly Enrollment in a Fiscal Year (Millions of people) / Part A,fiscal_year,2025,2025,2025,65,8
Medicare,Part A,2026,70.0,Millions of people,51302-2022-05-medicare.xlsx,Medicare_05-2022,true,51302,Total / Average Monthly Enrollment in a Fiscal Year (Millions of people) / Part A,fiscal_year,2026,2026,2026,65,9
Medicare,Part A,2027,71.0,Millions of people,51302-2022-05-medicare.xlsx,Medicare_05-2022,true,51302,Total / Average Monthly Enrollment in a Fiscal Year (Millions of people) / Part A,fiscal_year,2027,2027,2027,65,10
Medicare,Part A,2028,73.0,Millions of people,51302-2022-05-medicare.xlsx,Medicare_05-2022,true,51302,Total / Average Monthly Enrollment in a Fiscal Year (Millions of people) / Part A,fiscal_year,2028,2028,2028,65,11
Medicare,Part A,2029,74.0,Millions of people,51302-2022-05-medicare.xlsx,Medicare_05-2022,true,51302,Total / Average Monthly Enrollment in a Fiscal Year (Millions of people) / Part A,fiscal_year,2029,2029,2029,65,12
Medicare,Part A,2030,75.0,Millions of people,51302-2022-05-medicare.xlsx,Medicare_05-2022,true,51302,Total / Average Monthly Enrollment in a Fiscal Year (Millions of people) / Part A,fiscal_year,2030,2030,2030,65,13
Medicare,Part A,2031,76.0,Millions of people,51302-2022-05-medicare.xlsx,Medicare_05-2022,true,51302,Total / Average Monthly Enrollment in a Fiscal Year (Millions of people) / Part A,fiscal_year,2031,2031,2031,65,14
Medicare,Part A,2032,77.0,Millions of people,51302-2022-05-medicare.xlsx,Medicare_05-2022,true,51302,Total / Average Monthly Enrollment in a Fiscal Year (Millions of people) / Part A,fiscal_year,2032,2032,2032,65,15
Medicare,Part B,2021,58.0,Millions of people,51302-2022-05-medicare.xlsx,Medicare_05-2022,true,51302,Total / Average Monthly Enrollment in a Fiscal Year (Millions of people) / Part B,fiscal_year,2021,2021,2021,66,4
Medicare,Part B,2022,59.0,Millions of people,51302-2022-05-medicare.xlsx,Medicare_05-2022,true,51302,Total / Average Monthly Enrollment in a Fiscal Year (Millions of people) / Part B,fiscal_year,2022,2022,2022,66,5
Medicare,Part B,2023,60.0,Millions of people,51302-2022-05-medicare.xlsx,Medicare_05-2022,true,51302,Total / Average Monthly Enrollment in a Fiscal Year (Millions of people) / Part B,fiscal_year,2023,2023,2023,66,6
Medicare,Part B,2024,62.0,Millions of people,51302-2022-05-medicare.xlsx,Medicare_05-2022,true,51302,Total / Average Monthly Enrollment in a Fiscal Year (Millions of people) / Part B,fiscal_year,2024,2024,2024,66,7
Medicare,Part B,2025,63.0,Millions of people,51302-2022-05-medicare.xlsx,Medicare_05-2022,true,51302,Total / Average Monthly Enrollment in a Fiscal Year (Millions of people) / Part B,fiscal_year,2025,2025,2025,66,8
Medicare,Part B,2026,64.0,Millions of people,51302-2022-05-medicare.xlsx,Medicare_05-2022,true,51302,Total / Average Monthly Enrollment in a Fiscal Year (Millions of people) / Part B,fiscal_year,2026,2026,2026,66,9
Medicare,Part B,2027,66.0,Millions of people,51302-2022-05-medicare.xlsx,Medicare_05-2022,true,51302,Total / Average Monthly Enrollment in a Fiscal Year (Millions of people) / Part B,fiscal_year,2027,2027,2027,66,10
Medicare,Part B,2028,67.0,Millions of people,51302-2022-05-medicare.xlsx,Medicare_05-2022,true,51302,Total / Average Monthly Enrollment in a Fiscal Year (Millions of people) / Part B,fiscal_year,2028,2028,2028,66,11
Medicare,Part B,2029,69.0,Millions of people,51302-2022-05-medicare.xlsx,Medicare_05-2022,true,51302,Total / Average Monthly Enrollment in a Fiscal Year (Millions of people) / Part B,fiscal_year,2029,2029,2029,66,12
Medicare,Part B,2030,70.0,Millions of people,51302-2022-05-medicare.xlsx,Medicare_05-2022,true,51302,Total / Average Monthly Enrollment in a Fiscal Year (Millions of people) / Part B,fiscal_year,2030,2030,2030,66,13
Medicare,Part B,2031,71.0,Millions of people,51302-2022-05-medicare.xlsx,Medicare_05-2022,true,51302,Total / Average Monthly Enrollment in a Fiscal Year (Millions of people) / Part B,fiscal_year,2031,2031,2031,66,14
Medicare,Part B,2032,72.0,Millions of people,51302-2022-05-medicare.xlsx,Medicare_05-2022,true,51302,Total / Average Monthly Enrollment in a Fiscal Year (Millions of people) / Part B,fiscal_year,2032,2032,2032,66,15
Medicare,Part Dl,2021,50.0,Millions of people,51302-2022-05-medicare.xlsx,Medicare_05-2022,true,51302,Total / Average Monthly Enrollment in a Fiscal Year (Millions of people) / Part Dl,fiscal_year,2021,2021,2021,67,4
Medicare,Part Dl,2022,51.0,Millions of people,51302-2022-05-medicare.xlsx,Medicare_05-2022,true,51302,Total / Average Monthly Enrollment in a Fiscal Year (Millions of people) / Part Dl,fiscal_year,2022,2022,2022,67,5
Medicare,Part Dl,2023,52.0,Millions of people,51302-2022-05-medicare.xlsx,Medicare_05-2022,true,51302,Total / Average Monthly Enrollment in a Fiscal Year (Millions of people) / Part Dl,fiscal_year,2023,2023,2023,67,6
Medicare,Part Dl,2024,53.0,Millions of people,51302-2022-05-medicare.xlsx,Medicare_05-2022,true,51302,Total / Average Monthly Enrollment in a Fiscal Year (Millions of people) / Part Dl,fiscal_year,2024,2024,2024,67,7
Medicare,Part Dl,2025,55.0,Millions of people,51302-2022-05-medicare.xlsx,Medicare_05-2022,true,51302,Total / Average Monthly Enrollment in a Fiscal Year (Millions of people) / Part Dl,fiscal_year,2025,2025,2025,67,8
Medicare,Part Dl,2026,56.0,Millions of people,51302-2022-05-medicare.xlsx,Medicare_05-2022,true,51302,Total / Average Monthly Enrollment in a Fiscal Year (Millions of people) / Part Dl,fiscal_year,2026,2026,2026,67,9
Medicare,Part Dl,2027,57.0,Millions of people,51302-2022-05-medicare.xlsx,Medicare_05-2022,true,51302,Total / Average Monthly Enrollment in a Fiscal Year (Millions of people) / Part Dl,fiscal_year,2027,2027,2027,67,10
Medicare,Part Dl,2028,58.0,Millions of people,51302-2022-05-medicare.xlsx,Medicare_05-2022,true,51302,Total / Average Monthly Enrollment in a Fiscal Year (Millions of people) / Part Dl,fiscal_year,2028,2028,2028,67,11
Medicare,Part Dl,2029,59.0,Millions of people,51302-2022-05-medicare.xlsx,Medicare_05-2022,true,51302,Total / Average Monthly Enrollment in a Fiscal Year (Millions of people) / Part Dl,fiscal_year,2029,2029,2029,67,12
Medicare,Part Dl,2030,60.0,Millions of people,51302-2022-05-medicare.xlsx,Medicare_05-2022,true,51302,Total / Average Monthly Enrollment in a Fiscal Year (Millions of people) / Part Dl,fiscal_year,2030,2030,2030,67,13
Medicare,Part Dl,2031,61.0,Millions of people,51302-2022-05-medicare.xlsx,Medicare_05-2022,true,51302,Total / Average Monthly Enrollment in a Fiscal Year (Millions of people) / Part Dl,fiscal_year,2031,2031,2031,67,14
Medicare,Part Dl,2032,62.0,Millions of people,51302-2022-05-medicare.xlsx,Medicare_05-2022,true,51302,Total / Average Monthly Enrollment in a Fiscal Year (Millions of people) / Part Dl,fiscal_year,2032,2032,2032,67,15
Medicare,Part D Low-Income Subsidy,2021,13.0,Millions of people,51302-2022-05-medicare.xlsx,Medicare_05-2022,true,51302,Total / Memorandum: / Part D Low-Income Subsidy,fiscal_year,2021,2021,2021,70,4
Medicare,Part D Low-Income Subsidy,2022,13.0,Millions of people,51302-2022-05-medicare.xlsx,Medicare_05-2022,true,51302,Total / Memorandum: / Part D Low-Income Subsidy,fiscal_year,2022,2022,2022,70,5
Medicare,Part D Low-Income Subsidy,2023,13.0,Millions of people,51302-2022-05-medicare.xlsx,Medicare_05-2022,true,51302,Total / Memorandum: / Part D Low-Income Subsidy,fiscal_year,2023,2023,2023,70,6
Medicare,Part D Low-Income Subsidy,2024,13.0,Millions of people,51302-2022-05-medicare.xlsx,Medicare_05-2022,true,51302,Total / Memorandum: / Part D Low-Income Subsidy,fiscal_year,2024,2024,2024,70,7
Medicare,Part D Low-Income Subsidy,2025,14.0,Millions of people,51302-2022-05-medicare.xlsx,Medicare_05-2022,true,51302,Total / Memorandum: / Part D Low-Income Subsidy,fiscal_year,2025,2025,2025,70,8
Medicare,Part D Low-Income Subsidy,2026,14.0,Millions of people,51302-2022-05-medicare.xlsx,Medicare_05-2022,true,51302,Total / Memorandum: / Part D Low-Income Subsidy,fiscal_year,2026,2026,2026,70,9
Medicare,Part D Low-Income Subsidy,2027,14.0,Millions of people,51302-2022-05-medicare.xlsx,Medicare_05-2022,true,51302,Total / Memorandum: / Part D Low-Income Subsidy,fiscal_year,2027,2027,2027,70,10
Medicare,Part D Low-Income Subsidy,2028,15.0,Millions of people,51302-2022-05-medicare.xlsx,Medicare_05-2022,true,51302,Total / Memorandum: / Part D Low-Income Subsidy,fiscal_year,2028,2028,2028,70,11
Medicare,Part D Low-Income Subsidy,2029,15.0,Millions of people,51302-2022-05-medicare.xlsx,Medicare_05-2022,true,51302,Total / Memorandum: / Part D Low-Income Subsidy,fiscal_year,2029,2029,2029,70,12
Medicare,Part D Low-Income Subsidy,2030,15.0,Millions of people,51302-2022-05-medicare.xlsx,Medicare_05-2022,true,51302,Total / Memorandum: / Part D Low-Income Subsidy,fiscal_year,2030,2030,2030,70,13
Medicare,Part D Low-Income Subsidy,2031,15.0,Millions of people,51302-2022-05-medicare.xlsx,Medicare_05-2022,true,51302,Total / Memorandum: / Part D Low-Income Subsidy,fiscal_year,2031,2031,2031,70,14
Medicare,Part D Low-Income Subsidy,2032,16.0,Millions of people,51302-2022-05-medicare.xlsx,Medicare_05-2022,true,51302,Total / Memorandum: / Part D Low-Income Subsidy,fiscal_year,2032,2032,2032,70,15
Medicare,Group Plan Enrollmentm,2021,27.0,Millions of people,51302-2022-05-medicare.xlsx,Medicare_05-2022,true,51302,Total / Memorandum: / Group Plan Enrollmentm,fiscal_year,2021,2021,2021,71,4
Medicare,Group Plan Enrollmentm,2022,29.0,Millions of people,51302-2022-05-medicare.xlsx,Medicare_05-2022,true,51302,Total / Memorandum: / Group Plan Enrollmentm,fiscal_year,2022,2022,2022,71,5
Medicare,Group Plan Enrollmentm,2023,31.0,Millions of people,51302-2022-05-medicare.xlsx,Medicare_05-2022,true,51302,Total / Memorandum: / Group Plan Enrollmentm,fiscal_year,2023,2023,2023,71,6
Medicare,Group Plan Enrollmentm,2024,33.0,Millions of people,51302-2022-05-medicare.xlsx,Medicare_05-2022,true,51302,Total / Memorandum: / Group Plan Enrollmentm,fiscal_year,2024,2024,2024,71,7
Medicare,Group Plan Enrollmentm,2025,35.0,Millions of people,51302-2022-05-medicare.xlsx,Medicare_05-2022,true,51302,Total / Memorandum: / Group Plan Enrollmentm,fiscal_year,2025,2025,2025,71,8
Medicare,Group Plan Enrollmentm,2026,37.0,Millions of people,51302-2022-05-medicare.xlsx,Medicare_05-2022,true,51302,Total / Memorandum: / Group Plan Enrollmentm,fiscal_year,2026,2026,2026,71,9
Medicare,Group Plan Enrollmentm,2027,38.0,Millions of people,51302-2022-05-medicare.xlsx,Medicare_05-2022,true,51302,Total / Memorandum: / Group Plan Enrollmentm,fiscal_year,2027,2027,2027,71,10
Medicare,Group Plan Enrollmentm,2028,40.0,Millions of people,51302-2022-05-medicare.xlsx,Medicare_05-2022,true,51302,Total / Memorandum: / Group Plan Enrollmentm,fiscal_year,2028,2028,2028,71,11
Medicare,Group Plan Enrollmentm,2029,41.0,Millions of people,51302-2022-05-medicare.xlsx,Medicare_05-2022,true,51302,Total / Memorandum: / Group Plan Enrollmentm,fiscal_year,2029,2029,2029,71,12
Medicare,Group Plan Enrollmentm,2030,42.0,Millions of people,51302-2022-05-medicare.xlsx,Medicare_05-2022,true,51302,Total / Memorandum: / Group Plan Enrollmentm,fiscal_year,2030,2030,2030,71,13
Medicare,Group Plan Enrollmentm,2031,43.0,Millions of people,51302-2022-05-medicare.xlsx,Medicare_05-2022,true,51302,Total / Memorandum: / Group Plan Enrollmentm,fiscal_year,2031,2031,2031,71,14
Medicare,Group Plan Enrollmentm,2032,44.0,Millions of people,51302-2022-05-medicare.xlsx,Medicare_05-2022,true,51302,Total / Memorandum: / Group Plan Enrollmentm,fiscal_year,2032,2032,2032,71,15
Medicare,Noninterest Income (Mostly payroll taxes),2021,359.0,Millions of people,51302-2022-05-medicare.xlsx,Medicare_05-2022,true,51302,Total / Hospital Insurance Trust Fund / Noninterest Income (Mostly payroll taxes),fiscal_year,2021,2021,2021,74,4
Medicare,Noninterest Income (Mostly payroll taxes),2022,413.0,Millions of people,51302-2022-05-medicare.xlsx,Medicare_05-2022,true,51302,Total / Hospital Insurance Trust Fund / Noninterest Income (Mostly payroll taxes),fiscal_year,2022,2022,2022,74,5
Medicare,Noninterest Income (Mostly payroll taxes),2023,409.0,Millions of people,51302-2022-05-medicare.xlsx,Medicare_05-2022,true,51302,Total / Hospital Insurance Trust Fund / Noninterest Income (Mostly payroll taxes),fiscal_year,2023,2023,2023,74,6
Medicare,Noninterest Income (Mostly payroll taxes),2024,426.0,Millions of people,51302-2022-05-medicare.xlsx,Medicare_05-2022,true,51302,Total / Hospital Insurance Trust Fund / Noninterest Income (Mostly payroll taxes),fiscal_year,2024,2024,2024,74,7
Medicare,Noninterest Income (Mostly payroll taxes),2025,443.0,Millions of people,51302-2022-05-medicare.xlsx,Medicare_05-2022,true,51302,Total / Hospital Insurance Trust Fund / Noninterest Income (Mostly payroll taxes),fiscal_year,2025,2025,2025,74,8
Medicare,Noninterest Income (Mostly payroll taxes),2026,464.0,Millions of people,51302-2022-05-medicare.xlsx,Medicare_05-2022,true,51302,Total / Hospital Insurance Trust Fund / Noninterest Income (Mostly payroll taxes),fiscal_year,2026,2026,2026,74,9
Medicare,Noninterest Income (Mostly payroll taxes),2027,488.0,Millions of people,51302-2022-05-medicare.xlsx,Medicare_05-2022,true,51302,Total / Hospital Insurance Trust Fund / Noninterest Income (Mostly payroll taxes),fiscal_year,2027,2027,2027,74,10
Medicare,Noninterest Income (Mostly payroll taxes),2028,509.0,Millions of people,51302-2022-05-medicare.xlsx,Medicare_05-2022,true,51302,Total / Hospital Insurance Trust Fund / Noninterest Income (Mostly payroll taxes),fiscal_year,2028,2028,2028,74,11
Medicare,Noninterest Income (Mostly payroll taxes),2029,531.0,Millions of people,51302-2022-05-medicare.xlsx,Medicare_05-2022,true,51302,Total / Hospital Insurance Trust Fund / Noninterest Income (Mostly payroll taxes),fiscal_year,2029,2029,2029,74,12
Medicare,Noninterest Income (Mostly payroll taxes),2030,555.0,Millions of people,51302-2022-05-medicare.xlsx,Medicare_05-2022,true,51302,Total / Hospital Insurance Trust Fund / Noninterest Income (Mostly payroll taxes),fiscal_year,2030,2030,2030,74,13
Medicare,Noninterest Income (Mostly payroll taxes),2031,579.0,Millions of people,51302-2022-05-medicare.xlsx,Medicare_05-2022,true,51302,Total / Hospital Insurance Trust Fund / Noninterest Income (Mostly payroll taxes),fiscal_year,2031,2031,2031,74,14
Medicare,Noninterest Income (Mostly payroll taxes),2032,604.0,Millions of people,51302-2022-05-medicare.xlsx,Medicare_05-2022,true,51302,Total / Hospital Insurance Trust Fund / Noninterest Income (Mostly payroll taxes),fiscal_year,2032,2032,2032,74,15
Medicare,Interest,2021,2.0,Millions of people,51302-2022-05-medicare.xlsx,Medicare_05-2022,true,51302,Total / Hospital Insurance Trust Fund / Interest,fiscal_year,2021,2021,2021,75,4
Medicare,Interest,2022,3.0,Millions of people,51302-2022-05-medicare.xlsx,Medicare_05-2022,true,51302,Total / Hospital Insurance Trust Fund / Interest,fiscal_year,2022,2022,2022,75,5
Medicare,Interest,2023,4.0,Millions of people,51302-2022-05-medicare.xlsx,Medicare_05-2022,true,51302,Total / Hospital Insurance Trust Fund / Interest,fiscal_year,2023,2023,2023,75,6
Medicare,Interest,2024,5.0,Millions of people,51302-2022-05-medicare.xlsx,Medicare_05-2022,true,51302,Total / Hospital Insurance Trust Fund / Interest,fiscal_year,2024,2024,2024,75,7
Medicare,Interest,2025,5.0,Millions of people,51302-2022-05-medicare.xlsx,Medicare_05-2022,true,51302,Total / Hospital Insurance Trust Fund / Interest,fiscal_year,2025,2025,2025,75,8
Medicare,Interest,2026,5.0,Millions of people,51302-2022-05-medicare.xlsx,Medicare_05-2022,true,51302,Total / Hospital Insurance Trust Fund / Interest,fiscal_year,2026,2026,2026,75,9
Medicare,Interest,2027,5.0,Millions of people,51302-2022-05-medicare.xlsx,Medicare_05-2022,true,51302,Total / Hospital Insurance Trust Fund / Interest,fiscal_year,2027,2027,2027,75,10
Medicare,Interest,2028,3.0,Millions of people,51302-2022-05-medicare.xlsx,Medicare_05-2022,true,51302,Total / Hospital Insurance Trust Fund / Interest,fiscal_year,2028,2028,2028,75,11
Medicare,Interest,2029,2.0,Millions of people,51302-2022-05-medicare.xlsx,Medicare_05-2022,true,51302,Total / Hospital Insurance Trust Fund / Interest,fiscal_year,2029,2029,2029,75,12
Medicare,Interest,2030,1.0,Millions of people,51302-2022-05-medicare.xlsx,Medicare_05-2022,true,51302,Total / Hospital Insurance Trust Fund / Interest,fiscal_year,2030,2030,2030,75,13
Medicare,Total Income,2021,362.0,Millions of people,51302-2022-05-medicare.xlsx,Medicare_05-2022,true,51302,Total / Hospital Insurance Trust Fund / Total Income,fiscal_year,2021,2021,2021,76,4
Medicare,Total Income,2022,416.0,Millions of people,51302-2022-05-medicare.xlsx,Medicare_05-2022,true,51302,Total / Hospital Insurance Trust Fund / Total Income,fiscal_year,2022,2022,2022,76,5
Medicare,Total Income,2023,413.0,Millions of people,51302-2022-05-medicare.xlsx,Medicare_05-2022,true,51302,Total / Hospital Insurance Trust Fund / Total Income,fiscal_year,2023,2023,2023,76,6
Medicare,Total Income,2024,431.0,Millions of people,51302-2022-05-medicare.xlsx,Medicare_05-2022,true,51302,Total / Hospital Insurance Trust Fund / Total Income,fiscal_year,2024,2024,2024,76,7
Medicare,Total Income,2025,448.0,Millions of people,51302-2022-05-medicare.xlsx,Medicare_05-2022,true,51302,Total / Hospital Insurance Trust Fund / Total Income,fiscal_year,2025,2025,2025,76,8
Medicare,Total Income,2026,469.0,Millions of people,51302-2022-05-medicare.xlsx,Medicare_05-2022,true,51302,Total / Hospital Insurance Trust Fund / Total Income,fiscal_year,2026,2026,2026,76,9
Medicare,Total Income,2027,493.0,Millions of people,51302-2022-05-medicare.xlsx,Medicare_05-2022,true,51302,Total / Hospital Insurance Trust Fund / Total Income,fiscal_year,2027,2027,2027,76,10
Medicare,Total Income,2028,513.0,Millions of people,51302-2022-05-medicare.xlsx,Medicare_05-2022,true,51302,Total / Hospital Insurance Trust Fund / Total Income,fiscal_year,2028,2028,2028,76,11
Medicare,Total Income,2029,533.0,Millions of people,51302-2022-05-medicare.xlsx,Medicare_05-2022,true,51302,Total / Hospital Insurance Trust Fund / Total Income,fiscal_year,2029,2029,2029,76,12
Medicare,Total Income,2030,556.0,Millions of people,51302-2022-05-medicare.xlsx,Medicare_05-2022,true,51302,Total / Hospital Insurance Trust Fund / Total Income,fiscal_year,2030,2030,2030,76,13
Medicare,Total Income,2031,579.0,Millions of people,51302-2022-05-medicare.xlsx,Medicare_05-2022,true,51302,Total / Hospital Insurance Trust Fund / Total Income,fiscal_year,2031,2031,2031,76,14
Medicare,Total Income,2032,604.0,Millions of people,51302-2022-05-medicare.xlsx,Medicare_05-2022,true,51302,Total / Hospital Insurance Trust Fund / Total Income,fiscal_year,2032,2032,2032,76,15
Medicare,Outlays,2021,360.0,Millions of people,51302-2022-05-medicare.xlsx,Medicare_05-2022,true,51302,Total / Hospital Insurance Trust Fund / Outlays,fiscal_year,2021,2021,2021,77,4
Medicare,Outlays,2022,393.0,Millions of people,51302-2022-05-medicare.xlsx,Medicare_05-2022,true,51302,Total / Hospital Insurance Trust Fund / Outlays,fiscal_year,2022,2022,2022,77,5
Medicare,Outlays,2023,410.0,Millions of people,51302-2022-05-medicare.xlsx,Medicare_05-2022,true,51302,Total / Hospital Insurance Trust Fund / Outlays,fiscal_year,2023,2023,2023,77,6
Medicare,Outlays,2024,417.0,Millions of people,51302-2022-05-medicare.xlsx,Medicare_05-2022,true,51302,Total / Hospital Insurance Trust Fund / Outlays,fiscal_year,2024,2024,2024,77,7
Medicare,Outlays,2025,461.0,Millions of people,51302-2022-05-medicare.xlsx,Medicare_05-2022,true,51302,Total / Hospital Insurance Trust Fund / Outlays,fiscal_year,2025,2025,2025,77,8
Medicare,Outlays,2026,488.0,Millions of people,51302-2022-05-medicare.xlsx,Medicare_05-2022,true,51302,Total / Hospital Insurance Trust Fund / Outlays,fiscal_year,2026,2026,2026,77,9
Medicare,Outlays,2027,516.0,Millions of people,51302-2022-05-medicare.xlsx,Medicare_05-2022,true,51302,Total / Hospital Insurance Trust Fund / Outlays,fiscal_year,2027,2027,2027,77,10
Medicare,Outlays,2028,570.0,Millions of people,51302-2022-05-medicare.xlsx,Medicare_05-2022,true,51302,Total / Hospital Insurance Trust Fund / Outlays,fiscal_year,2028,2028,2028,77,11
Medicare,Outlays,2029,549.0,Millions of people,51302-2022-05-medicare.xlsx,Medicare_05-2022,true,51302,Total / Hospital Insurance Trust Fund / Outlays,fiscal_year,2029,2029,2029,77,12
Medicare,Outlays,2030,605.0,Millions of people,51302-2022-05-medicare.xlsx,Medicare_05-2022,true,51302,Total / Hospital Insurance Trust Fund / Outlays,fiscal_year,2030,2030,2030,77,13
Medicare,Outlays,2031,632.0,Millions of people,51302-2022-05-medicare.xlsx,Medicare_05-2022,true,51302,Total / Hospital Insurance Trust Fund / Outlays,fiscal_year,2031,2031,2031,77,14
Medicare,Outlays,2032,678.0,Millions of people,51302-2022-05-medicare.xlsx,Medicare_05-2022,true,51302,Total / Hospital Insurance Trust Fund / Outlays,fiscal_year,2032,2032,2032,77,15
Medicare,Surplus or Deficit (-),2021,2.0,Millions of people,51302-2022-05-medicare.xlsx,Medicare_05-2022,true,51302,Total / Hospital Insurance Trust Fund / Surplus or Deficit (-),fiscal_year,2021,2021,2021,78,4
Medicare,Surplus or Deficit (-),2022,22.0,Millions of people,51302-2022-05-medicare.xlsx,Medicare_05-2022,true,51302,Total / Hospital Insurance Trust Fund / Surplus or Deficit (-),fiscal_year,2022,2022,2022,78,5
Medicare,Surplus or Deficit (-),2023,4.0,Millions of people,51302-2022-05-medicare.xlsx,Medicare_05-2022,true,51302,Total / Hospital Insurance Trust Fund / Surplus or Deficit (-),fiscal_year,2023,2023,2023,78,6
Medicare,Surplus or Deficit (-),2024,14.0,Millions of people,51302-2022-05-medicare.xlsx,Medicare_05-2022,true,51302,Total / Hospital Insurance Trust Fund / Surplus or Deficit (-),fiscal_year,2024,2024,2024,78,7
Medicare,Surplus or Deficit (-),2025,-13.0,Millions of people,51302-2022-05-medicare.xlsx,Medicare_05-2022,true,51302,Total / Hospital Insurance Trust Fund / Surplus or Deficit (-),fiscal_year,2025,2025,2025,78,8
Medicare,Surplus or Deficit (-),2026,-19.0,Millions of people,51302-2022-05-medicare.xlsx,Medicare_05-2022,true,51302,Total / Hospital Insurance Trust Fund / Surplus or Deficit (-),fiscal_year,2026,2026,2026,78,9
Medicare,Surplus or Deficit (-),2027,-23.0,Millions of people,51302-2022-05-medicare.xlsx,Medicare_05-2022,true,51302,Total / Hospital Insurance Trust Fund / Surplus or Deficit (-),fiscal_year,2027,2027,2027,78,10
Medicare,Surplus or Deficit (-),2028,-57.0,Millions of people,51302-2022-05-medicare.xlsx,Medicare_05-2022,true,51302,Total / Hospital Insurance Trust Fund / Surplus or Deficit (-),fiscal_year,2028,2028,2028,78,11
Medicare,Surplus or Deficit (-),2029,-16.0,Millions of people,51302-2022-05-medicare.xlsx,Medicare_05-2022,true,51302,Total / Hospital Insurance Trust Fund / Surplus or Deficit (-),fiscal_year,2029,2029,2029,78,12
Medicare,Surplus or Deficit (-),2030,-49.0,Millions of people,51302-2022-05-medicare.xlsx,Medicare_05-2022,true,51302,Total / Hospital Insurance Trust Fund / Surplus or Deficit (-),fiscal_year,2030,2030,2030,78,13
Medicare,Surplus or Deficit (-),2031,-53.0,Millions of people,51302-2022-05-medicare.xlsx,Medicare_05-2022,true,51302,Total / Hospital Insurance Trust Fund / Surplus or Deficit (-),fiscal_year,2031,2031,2031,78,14
Medicare,Surplus or Deficit (-),2032,-74.0,Millions of people,51302-2022-05-medicare.xlsx,Medicare_05-2022,true,51302,Total / Hospital Insurance Trust Fund / Surplus or Deficit (-),fiscal_year,2032,2032,2032,78,15
Medicare,End-of-Year Balance,2021,136.0,Millions of people,51302-2022-05-medicare.xlsx,Medicare_05-2022,true,51302,Total / Hospital Insurance Trust Fund / End-of-Year Balance,fiscal_year,2021,2021,2021,79,4
Medicare,End-of-Year Balance,2022,159.0,Millions of people,51302-2022-05-medicare.xlsx,Medicare_05-2022,true,51302,Total / Hospital Insurance Trust Fund / End-of-Year Balance,fiscal_year,2022,2022,2022,79,5
Medicare,End-of-Year Balance,2023,162.0,Millions of people,51302-2022-05-medicare.xlsx,Medicare_05-2022,true,51302,Total / Hospital Insurance Trust Fund / End-of-Year Balance,fiscal_year,2023,2023,2023,79,6
Medicare,End-of-Year Balance,2024,176.0,Millions of people,51302-2022-05-medicare.xlsx,Medicare_05-2022,true,51302,Total / Hospital Insurance Trust Fund / End-of-Year Balance,fiscal_year,2024,2024,2024,79,7
Medicare,End-of-Year Balance,2025,163.0,Millions of people,51302-2022-05-medicare.xlsx,Medicare_05-2022,true,51302,Total / Hospital Insurance Trust Fund / End-of-Year Balance,fiscal_year,2025,2025,2025,79,8
Medicare,End-of-Year Balance,2026,145.0,Millions of people,51302-2022-05-medicare.xlsx,Medicare_05-2022,true,51302,Total / Hospital Insurance Trust Fund / End-of-Year Balance,fiscal_year,2026,2026,2026,79,9
Medicare,End-of-Year Balance,2027,122.0,Millions of people,51302-2022-05-medicare.xlsx,Medicare_05-2022,true,51302,Total / Hospital Insurance Trust Fund / End-of-Year Balance,fiscal_year,2027,2027,2027,79,10
Medicare,End-of-Year Balance,2028,65.0,Millions of people,51302-2022-05-medicare.xlsx,Medicare_05-2022,true,51302,Total / Hospital Insurance Trust Fund / End-of-Year Balance,fiscal_year,2028,2028,2028,79,11
Medicare,End-of-Year Balance,2029,49.0,Millions of people,51302-2022-05-medicare.xlsx,Medicare_05-2022,true,51302,Total / Hospital Insurance Trust Fund / End-of-Year Balance,fiscal_year,2029,2029,2029,79,12
