program,category,fiscal_year,value,unit,source_file,source_sheet,is_total,program_id,category_path,period_type,period_start_year,period_end_year,period_label,source_row,source_column
Pell Grant,Regular Discretionary Appropriationa,2016,22475.0,Millions of dollars,51304-2026-02-pellgrant.xlsx,T1_Pell_02-2026,false,51304,"Federal Pell Grant Program: Historical Funding and Program Costs for the Discretionary Portion of the Program / Budget authority in millions of dollars, by fiscal year / Regular Discretionary Appropriationa",fiscal_year,2016,2016,2016,14,4
Pell Grant,Regular Discretionary Appropriationa,2017,21165.0,Millions of dollars,51304-2026-02-pellgrant.xlsx,T1_Pell_02-2026,false,51304,"Federal Pell Grant Program: Historical Funding and Program Costs for the Discretionary Portion of the Program / Budget authority in millions of dollars, by fiscal year / Regular Discretionary Appropriationa",fiscal_year,2017,2017,2017,14,5
Pell Grant,Regular Discretionary Appropriationa,2018,22475.0,Millions of dollars,51304-2026-02-pellgrant.xlsx,T1_Pell_02-2026,false,51304,"Federal Pell Grant Program: Historical Funding and Program Costs for the Discretionary Portion of the Program / Budget authority in millions of dollars, by fiscal year / Regular Discretionary Appropriationa",fiscal_year,2018,2018,2018,14,6
Pell Grant,Regular Discretionary Appropriationa,2019,21875.0,Millions of dollars,51304-2026-02-pellgrant.xlsx,T1_Pell_02-2026,false,51304,"Federal Pell Grant Program: Historical Funding and Program Costs for the Discretionary Portion of the Program / Budget authority in millions of dollars, by fiscal year / Regular Discretionary Appropriationa",fiscal_year,2019,2019,2019,14,7
Pell Grant,Regular Discretionary Appropriationa,2020,21975.0,Millions of dollars,51304-2026-02-pellgrant.xlsx,T1_Pell_02-2026,false,51304,"Federal Pell Grant Program: Historical Funding and Program Costs for the Discretionary Portion of the Program / Budget authority in millions of dollars, by fiscal year / Regular Discretionary Appropriationa",fiscal_year,2020,2020,2020,14,8
Pell Grant,Regular Discretionary Appropriationa,2021,21975.0,Millions of dollars,51304-2026-02-pellgrant.xlsx,T1_Pell_02-2026,false,51304,"Federal Pell Grant Program: Historical Funding and Program Costs for the Discretionary Portion of the Program / Budget authority in millions of dollars, by fiscal year / Regular Discretionary Appropriationa",fiscal_year,2021,2021,2021,14,9
Pell Grant,Regular Discretionary Appropriationa,2022,21425.0,Millions of dollars,51304-2026-02-pellgrant.xlsx,T1_Pell_02-2026,false,51304,"Federal Pell Grant Program: Historical Funding and Program Costs for the Discretionary Portion of the Program / Budget authority in millions of dollars, by fiscal year / Regular Discretionary Appropriationa",fiscal_year,2022,2022,2022,14,10
Pell Grant,Regular Discretionary Appropriationa,2023,22115.0,Millions of dollars,51304-2026-02-pellgrant.xlsx,T1_Pell_02-2026,false,51304,"Federal Pell Grant Program: Historical Funding and Program Costs for the Discretionary Portion of the Program / Budget authority in millions of dollars, by fiscal year / Regular Discretionary Appropriationa",fiscal_year,2023,2023,2023,14,11
Pell Grant,Regular Discretionary Appropriationa,2024,22475.0,Millions of dollars,51304-2026-02-pellgrant.xlsx,T1_Pell_02-2026,false,51304,"Federal Pell Grant Program: Historical Funding and Program Costs for the Discretionary Portion of the Program / Budget authority in millions of dollars, by fiscal year / Regular Discretionary Appropriationa",fiscal_year,2024,2024,2024,14,12
Pell Grant,Regular Discretionary Appropriationa,2025,22475.0,Millions of dollars,51304-2026-02-pellgrant.xlsx,T1_Pell_02-2026,false,51304,"Federal Pell Grant Program: Historical Funding and Program Costs for the Discretionary Portion of the Program / Budget authority in millions of dollars, by fiscal year / Regular Discretionary Appropriationa",fiscal_year,2025,2025,2025,14,13
Pell Grant,Regular Discretionary Appropriationa,2026,22475.0,Millions of dollars,51304-2026-02-pellgrant.xlsx,T1_Pell_02-2026,false,51304,"Federal Pell Grant Program: Historical Funding and Program Costs for the Discretionary Portion of the Program / Budget authority in millions of dollars, by fiscal year / Regular Discretionary Appropriationa",fiscal_year,2026,2026,2026,14,14
Pell Grant,DoD and Full-Year Continuing Appropiations Act of 2011,2016,0.0,Millions of dollars,51304-2026-02-pellgrant.xlsx,T1_Pell_02-2026,false,51304,Federal Pell Grant Program: Historical Funding and Program Costs for the Discretionary Portion of the Program / Amount and Source of Funding Increase or Reduction (-)b / DoD and Full-Year Continuing Appropiations Act of 2011,fiscal_year,2016,2016,2016,17,4
Pell Grant,DoD and Full-Year Continuing Appropiations Act of 2011,2017,1060.0,Millions of dollars,51304-2026-02-pellgrant.xlsx,T1_Pell_02-2026,false,51304,Federal Pell Grant Program: Historical Funding and Program Costs for the Discretionary Portion of the Program / Amount and Source of Funding Increase or Reduction (-)b / DoD and Full-Year Continuing Appropiations Act of 2011,fiscal_year,2017,2017,2017,17,5
Pell Grant,DoD and Full-Year Continuing Appropiations Act of 2011,2018,1125.0,Millions of dollars,51304-2026-02-pellgrant.xlsx,T1_Pell_02-2026,false,51304,Federal Pell Grant Program: Historical Funding and Program Costs for the Discretionary Portion of the Program / Amount and Source of Funding Increase or Reduction (-)b / DoD and Full-Year Continuing Appropiations Act of 2011,fiscal_year,2018,2018,2018,17,6
Pell Grant,DoD and Full-Year Continuing Appropiations Act of 2011,2019,1125.0,Millions of dollars,51304-2026-02-pellgrant.xlsx,T1_Pell_02-2026,false,51304,Federal Pell Grant Program: Historical Funding and Program Costs for the Discretionary Portion of the Program / Amount and Source of Funding Increase or Reduction (-)b / DoD and Full-Year Continuing Appropiations Act of 2011,fiscal_year,2019,2019,2019,17,7
Pell Grant,DoD and Full-Year Continuing Appropiations Act of 2011,2020,1140.0,Millions of dollars,51304-2026-02-pellgrant.xlsx,T1_Pell_02-2026,false,51304,Federal Pell Grant Program: Historical Funding and Program Costs for the Discretionary Portion of the Program / Amount and Source of Funding Increase or Reduction (-)b / DoD and Full-Year Continuing Appropiations Act of 2011,fiscal_year,2020,2020,2020,17,8
Pell Grant,DoD and Full-Year Continuing Appropiations Act of 2011,2021,1145.0,Millions of dollars,51304-2026-02-pellgrant.xlsx,T1_Pell_02-2026,false,51304,Federal Pell Grant Program: Historical Funding and Program Costs for the Discretionary Portion of the Program / Amount and Source of Funding Increase or Reduction (-)b / DoD and Full-Year Continuing Appropiations Act of 2011,fiscal_year,2021,2021,2021,17,9
Pell Grant,DoD and Full-Year Continuing Appropiations Act of 2011,2022,1145.0,Millions of dollars,51304-2026-02-pellgrant.xlsx,T1_Pell_02-2026,false,51304,Federal Pell Grant Program: Historical Funding and Program Costs for the Discretionary Portion of the Program / Amount and Source of Funding Increase or Reduction (-)b / DoD and Full-Year Continuing Appropiations Act of 2011,fiscal_year,2022,2022,2022,17,10
Pell Grant,DoD and Full-Year Continuing Appropiations Act of 2011,2023,1145.0,Millions of dollars,51304-2026-02-pellgrant.xlsx,T1_Pell_02-2026,false,51304,Federal Pell Grant Program: Historical Funding and Program Costs for the Discretionary Portion of the Program / Amount and Source of Funding Increase or Reduction (-)b / DoD and Full-Year Continuing Appropiations Act of 2011,fiscal_year,2023,2023,2023,17,11
Pell Grant,DoD and Full-Year Continuing Appropiations Act of 2011,2024,1145.0,Millions of dollars,51304-2026-02-pellgrant.xlsx,T1_Pell_02-2026,false,51304,Federal Pell Grant Program: Historical Funding and Program Costs for the Discretionary Portion of the Program / Amount and Source of Funding Increase or Reduction (-)b / DoD and Full-Year Continuing Appropiations Act of 2011,fiscal_year,2024,2024,2024,17,12
Pell Grant,DoD and Full-Year Continuing Appropiations Act of 2011,2025,1145.0,Millions of dollars,51304-2026-02-pellgrant.xlsx,T1_Pell_02-2026,false,51304,Federal Pell Grant Program: Historical Funding and Program Costs for the Discretionary Portion of the Program / Amount and Source of Funding Increase or Reduction (-)b / DoD and Full-Year Continuing Appropiations Act of 2011,fiscal_year,2025,2025,2025,17,13
Pell Grant,DoD and Full-Year Continuing Appropiations Act of 2011,2026,1145.0,Millions of dollars,51304-2026-02-pellgrant.xlsx,T1_Pell_02-2026,false,51304,Federal Pell Grant Program: Historical Funding and Program Costs for the Discretionary Portion of the Program / Amount and Source of Funding Increase or Reduction (-)b / DoD and Full-Year Continuing Appropiations Act of 2011,fiscal_year,2026,2026,2026,17,14
Pell Grant,"Consolidated Appropriations Act, 2012",2016,0.0,Millions of dollars,51304-2026-02-pellgrant.xlsx,T1_Pell_02-2026,false,51304,"Federal Pell Grant Program: Historical Funding and Program Costs for the Discretionary Portion of the Program / Amount and Source of Funding Increase or Reduction (-)b / Consolidated Appropriations Act, 2012",fiscal_year,2016,2016,2016,18,4
Pell Grant,"Consolidated Appropriations Act, 2012",2017,514.0,Millions of dollars,51304-2026-02-pellgrant.xlsx,T1_Pell_02-2026,false,51304,"Federal Pell Grant Program: Historical Funding and Program Costs for the Discretionary Portion of the Program / Amount and Source of Funding Increase or Reduction (-)b / Consolidated Appropriations Act, 2012",fiscal_year,2017,2017,2017,18,5
Pell Grant,"Consolidated Appropriations Act, 2012",2018,257.0,Millions of dollars,51304-2026-02-pellgrant.xlsx,T1_Pell_02-2026,false,51304,"Federal Pell Grant Program: Historical Funding and Program Costs for the Discretionary Portion of the Program / Amount and Source of Funding Increase or Reduction (-)b / Consolidated Appropriations Act, 2012",fiscal_year,2018,2018,2018,18,6
Pell Grant,"Consolidated Appropriations Act, 2012",2019,284.0,Millions of dollars,51304-2026-02-pellgrant.xlsx,T1_Pell_02-2026,false,51304,"Federal Pell Grant Program: Historical Funding and Program Costs for the Discretionary Portion of the Program / Amount and Source of Funding Increase or Reduction (-)b / Consolidated Appropriations Act, 2012",fiscal_year,2019,2019,2019,18,7
Pell Grant,"Consolidated Appropriations Act, 2012",2020,290.0,Millions of dollars,51304-2026-02-pellgrant.xlsx,T1_Pell_02-2026,false,51304,"Federal Pell Grant Program: Historical Funding and Program Costs for the Discretionary Portion of the Program / Amount and Source of Funding Increase or Reduction (-)b / Consolidated Appropriations Act, 2012",fiscal_year,2020,2020,2020,18,8
Pell Grant,"Consolidated Appropriations Act, 2012",2021,0.0,Millions of dollars,51304-2026-02-pellgrant.xlsx,T1_Pell_02-2026,false,51304,"Federal Pell Grant Program: Historical Funding and Program Costs for the Discretionary Portion of the Program / Amount and Source of Funding Increase or Reduction (-)b / Consolidated Appropriations Act, 2012",fiscal_year,2021,2021,2021,18,9
Pell Grant,"Consolidated Appropriations Act, 2012",2022,0.0,Millions of dollars,51304-2026-02-pellgrant.xlsx,T1_Pell_02-2026,false,51304,"Federal Pell Grant Program: Historical Funding and Program Costs for the Discretionary Portion of the Program / Amount and Source of Funding Increase or Reduction (-)b / Consolidated Appropriations Act, 2012",fiscal_year,2022,2022,2022,18,10
Pell Grant,"Consolidated Appropriations Act, 2012",2023,0.0,Millions of dollars,51304-2026-02-pellgrant.xlsx,T1_Pell_02-2026,false,51304,"Federal Pell Grant Program: Historical Funding and Program Costs for the Discretionary Portion of the Program / Amount and Source of Funding Increase or Reduction (-)b / Consolidated Appropriations Act, 2012",fiscal_year,2023,2023,2023,18,11
Pell Grant,"Consolidated Appropriations Act, 2012",2024,0.0,Millions of dollars,51304-2026-02-pellgrant.xlsx,T1_Pell_02-2026,false,51304,"Federal Pell Grant Program: Historical Funding and Program Costs for the Discretionary Portion of the Program / Amount and Source of Funding Increase or Reduction (-)b / Consolidated Appropriations Act, 2012",fiscal_year,2024,2024,2024,18,12
Pell Grant,"Consolidated Appropriations Act, 2012",2025,0.0,Millions of dollars,51304-2026-02-pellgrant.xlsx,T1_Pell_02-2026,false,51304,"Federal Pell Grant Program: Historical Funding and Program Costs for the Discretionary Portion of the Program / Amount and Source of Funding Increase or Reduction (-)b / Consolidated Appropriations Act, 2012",fiscal_year,2025,2025,2025,18,13
Pell Grant,"Consolidated Appropriations Act, 2012",2026,0.0,Millions of dollars,51304-2026-02-pellgrant.xlsx,T1_Pell_02-2026,false,51304,"Federal Pell Grant Program: Historical Funding and Program Costs for the Discretionary Portion of the Program / Amount and Source of Funding Increase or Reduction (-)b / Consolidated Appropriations Act, 2012",fiscal_year,2026,2026,2026,18,14
Pell Grant,"Consolidated Appropriations Act, 2017",2016,0.0,Millions of dollars,51304-2026-02-pellgrant.xlsx,T1_Pell_02-2026,false,51304,"Federal Pell Grant Program: Historical Funding and Program Costs for the Discretionary Portion of the Program / Amount and Source of Funding Increase or Reduction (-)b / Consolidated Appropriations Act, 2017",fiscal_year,2016,2016,2016,19,4
Pell Grant,"Consolidated Appropriations Act, 2017",2017,-254.0,Millions of dollars,51304-2026-02-pellgrant.xlsx,T1_Pell_02-2026,false,51304,"Federal Pell Grant Program: Historical Funding and Program Costs for the Discretionary Portion of the Program / Amount and Source of Funding Increase or Reduction (-)b / Consolidated Appropriations Act, 2017",fiscal_year,2017,2017,2017,19,5
Pell Grant,"Consolidated Appropriations Act, 2017",2018,0.0,Millions of dollars,51304-2026-02-pellgrant.xlsx,T1_Pell_02-2026,false,51304,"Federal Pell Grant Program: Historical Funding and Program Costs for the Discretionary Portion of the Program / Amount and Source of Funding Increase or Reduction (-)b / Consolidated Appropriations Act, 2017",fiscal_year,2018,2018,2018,19,6
Pell Grant,"Consolidated Appropriations Act, 2017",2019,0.0,Millions of dollars,51304-2026-02-pellgrant.xlsx,T1_Pell_02-2026,false,51304,"Federal Pell Grant Program: Historical Funding and Program Costs for the Discretionary Portion of the Program / Amount and Source of Funding Increase or Reduction (-)b / Consolidated Appropriations Act, 2017",fiscal_year,2019,2019,2019,19,7
Pell Grant,"Consolidated Appropriations Act, 2017",2020,0.0,Millions of dollars,51304-2026-02-pellgrant.xlsx,T1_Pell_02-2026,false,51304,"Federal Pell Grant Program: Historical Funding and Program Costs for the Discretionary Portion of the Program / Amount and Source of Funding Increase or Reduction (-)b / Consolidated Appropriations Act, 2017",fiscal_year,2020,2020,2020,19,8
Pell Grant,"Consolidated Appropriations Act, 2017",2021,0.0,Millions of dollars,51304-2026-02-pellgrant.xlsx,T1_Pell_02-2026,false,51304,"Federal Pell Grant Program: Historical Funding and Program Costs for the Discretionary Portion of the Program / Amount and Source of Funding Increase or Reduction (-)b / Consolidated Appropriations Act, 2017",fiscal_year,2021,2021,2021,19,9
Pell Grant,"Consolidated Appropriations Act, 2017",2022,0.0,Millions of dollars,51304-2026-02-pellgrant.xlsx,T1_Pell_02-2026,false,51304,"Federal Pell Grant Program: Historical Funding and Program Costs for the Discretionary Portion of the Program / Amount and Source of Funding Increase or Reduction (-)b / Consolidated Appropriations Act, 2017",fiscal_year,2022,2022,2022,19,10
Pell Grant,"Consolidated Appropriations Act, 2017",2023,0.0,Millions of dollars,51304-2026-02-pellgrant.xlsx,T1_Pell_02-2026,false,51304,"Federal Pell Grant Program: Historical Funding and Program Costs for the Discretionary Portion of the Program / Amount and Source of Funding Increase or Reduction (-)b / Consolidated Appropriations Act, 2017",fiscal_year,2023,2023,2023,19,11
Pell Grant,"Consolidated Appropriations Act, 2017",2024,0.0,Millions of dollars,51304-2026-02-pellgrant.xlsx,T1_Pell_02-2026,false,51304,"Federal Pell Grant Program: Historical Funding and Program Costs for the Discretionary Portion of the Program / Amount and Source of Funding Increase or Reduction (-)b / Consolidated Appropriations Act, 2017",fiscal_year,2024,2024,2024,19,12
Pell Grant,"Consolidated Appropriations Act, 2017",2025,0.0,Millions of dollars,51304-2026-02-pellgrant.xlsx,T1_Pell_02-2026,false,51304,"Federal Pell Grant Program: Historical Funding and Program Costs for the Discretionary Portion of the Program / Amount and Source of Funding Increase or Reduction (-)b / Consolidated Appropriations Act, 2017",fiscal_year,2025,2025,2025,19,13
Pell Grant,"Consolidated Appropriations Act, 2017",2026,0.0,Millions of dollars,51304-2026-02-pellgrant.xlsx,T1_Pell_02-2026,false,51304,"Federal Pell Grant Program: Historical Funding and Program Costs for the Discretionary Portion of the Program / Amount and Source of Funding Increase or Reduction (-)b / Consolidated Appropriations Act, 2017",fiscal_year,2026,2026,2026,19,14
Pell Grant,"Consolidated Appropriations Act, 2019",2016,0.0,Millions of dollars,51304-2026-02-pellgrant.xlsx,T1_Pell_02-2026,false,51304,"Federal Pell Grant Program: Historical Funding and Program Costs for the Discretionary Portion of the Program / Amount and Source of Funding Increase or Reduction (-)b / Consolidated Appropriations Act, 2019",fiscal_year,2016,2016,2016,20,4
Pell Grant,"Consolidated Appropriations Act, 2019",2017,0.0,Millions of dollars,51304-2026-02-pellgrant.xlsx,T1_Pell_02-2026,false,51304,"Federal Pell Grant Program: Historical Funding and Program Costs for the Discretionary Portion of the Program / Amount and Source of Funding Increase or Reduction (-)b / Consolidated Appropriations Act, 2019",fiscal_year,2017,2017,2017,20,5
Pell Grant,"Consolidated Appropriations Act, 2019",2018,-48.0,Millions of dollars,51304-2026-02-pellgrant.xlsx,T1_Pell_02-2026,false,51304,"Federal Pell Grant Program: Historical Funding and Program Costs for the Discretionary Portion of the Program / Amount and Source of Funding Increase or Reduction (-)b / Consolidated Appropriations Act, 2019",fiscal_year,2018,2018,2018,20,6
Pell Grant,"Consolidated Appropriations Act, 2019",2019,0.0,Millions of dollars,51304-2026-02-pellgrant.xlsx,T1_Pell_02-2026,false,51304,"Federal Pell Grant Program: Historical Funding and Program Costs for the Discretionary Portion of the Program / Amount and Source of Funding Increase or Reduction (-)b / Consolidated Appropriations Act, 2019",fiscal_year,2019,2019,2019,20,7
Pell Grant,"Consolidated Appropriations Act, 2019",2020,0.0,Millions of dollars,51304-2026-02-pellgrant.xlsx,T1_Pell_02-2026,false,51304,"Federal Pell Grant Program: Historical Funding and Program Costs for the Discretionary Portion of the Program / Amount and Source of Funding Increase or Reduction (-)b / Consolidated Appropriations Act, 2019",fiscal_year,2020,2020,2020,20,8
Pell Grant,"Consolidated Appropriations Act, 2019",2021,0.0,Millions of dollars,51304-2026-02-pellgrant.xlsx,T1_Pell_02-2026,false,51304,"Federal Pell Grant Program: Historical Funding and Program Costs for the Discretionary Portion of the Program / Amount and Source of Funding Increase or Reduction (-)b / Consolidated Appropriations Act, 2019",fiscal_year,2021,2021,2021,20,9
Pell Grant,"Consolidated Appropriations Act, 2019",2022,0.0,Millions of dollars,51304-2026-02-pellgrant.xlsx,T1_Pell_02-2026,false,51304,"Federal Pell Grant Program: Historical Funding and Program Costs for the Discretionary Portion of the Program / Amount and Source of Funding Increase or Reduction (-)b / Consolidated Appropriations Act, 2019",fiscal_year,2022,2022,2022,20,10
Pell Grant,"Consolidated Appropriations Act, 2019",2023,0.0,Millions of dollars,51304-2026-02-pellgrant.xlsx,T1_Pell_02-2026,false,51304,"Federal Pell Grant Program: Historical Funding and Program Costs for the Discretionary Portion of the Program / Amount and Source of Funding Increase or Reduction (-)b / Consolidated Appropriations Act, 2019",fiscal_year,2023,2023,2023,20,11
Pell Grant,"Consolidated Appropriations Act, 2019",2024,0.0,Millions of dollars,51304-2026-02-pellgrant.xlsx,T1_Pell_02-2026,false,51304,"Federal Pell Grant Program: Historical Funding and Program Costs for the Discretionary Portion of the Program / Amount and Source of Funding Increase or Reduction (-)b / Consolidated Appropriations Act, 2019",fiscal_year,2024,2024,2024,20,12
Pell Grant,"Consolidated Appropriations Act, 2019",2025,0.0,Millions of dollars,51304-2026-02-pellgrant.xlsx,T1_Pell_02-2026,false,51304,"Federal Pell Grant Program: Historical Funding and Program Costs for the Discretionary Portion of the Program / Amount and Source of Funding Increase or Reduction (-)b / Consolidated Appropriations Act, 2019",fiscal_year,2025,2025,2025,20,13
Pell Grant,"Consolidated Appropriations Act, 2019",2026,0.0,Millions of dollars,51304-2026-02-pellgrant.xlsx,T1_Pell_02-2026,false,51304,"Federal Pell Grant Program: Historical Funding and Program Costs for the Discretionary Portion of the Program / Amount and Source of Funding Increase or Reduction (-)b / Consolidated Appropriations Act, 2019",fiscal_year,2026,2026,2026,20,14
Pell Grant,"Labor, HHS, Education Appropriations Act, 2019",2016,0.0,Millions of dollars,51304-2026-02-pellgrant.xlsx,T1_Pell_02-2026,false,51304,"Federal Pell Grant Program: Historical Funding and Program Costs for the Discretionary Portion of the Program / Amount and Source of Funding Increase or Reduction (-)b / Labor, HHS, Education Appropriations Act, 2019",fiscal_year,2016,2016,2016,21,4
Pell Grant,"Labor, HHS, Education Appropriations Act, 2019",2017,0.0,Millions of dollars,51304-2026-02-pellgrant.xlsx,T1_Pell_02-2026,false,51304,"Federal Pell Grant Program: Historical Funding and Program Costs for the Discretionary Portion of the Program / Amount and Source of Funding Increase or Reduction (-)b / Labor, HHS, Education Appropriations Act, 2019",fiscal_year,2017,2017,2017,21,5
Pell Grant,"Labor, HHS, Education Appropriations Act, 2019",2018,0.0,Millions of dollars,51304-2026-02-pellgrant.xlsx,T1_Pell_02-2026,false,51304,"Federal Pell Grant Program: Historical Funding and Program Costs for the Discretionary Portion of the Program / Amount and Source of Funding Increase or Reduction (-)b / Labor, HHS, Education Appropriations Act, 2019",fiscal_year,2018,2018,2018,21,6
Pell Grant,"Labor, HHS, Education Appropriations Act, 2019",2019,-39.0,Millions of dollars,51304-2026-02-pellgrant.xlsx,T1_Pell_02-2026,false,51304,"Federal Pell Grant Program: Historical Funding and Program Costs for the Discretionary Portion of the Program / Amount and Source of Funding Increase or Reduction (-)b / Labor, HHS, Education Appropriations Act, 2019",fiscal_year,2019,2019,2019,21,7
Pell Grant,"Labor, HHS, Education Appropriations Act, 2019",2020,0.0,Millions of dollars,51304-2026-02-pellgrant.xlsx,T1_Pell_02-2026,false,51304,"Federal Pell Grant Program: Historical Funding and Program Costs for the Discretionary Portion of the Program / Amount and Source of Funding Increase or Reduction (-)b / Labor, HHS, Education Appropriations Act, 2019",fiscal_year,2020,2020,2020,21,8
Pell Grant,"Labor, HHS, Education Appropriations Act, 2019",2021,0.0,Millions of dollars,51304-2026-02-pellgrant.xlsx,T1_Pell_02-2026,false,51304,"Federal Pell Grant Program: Historical Funding and Program Costs for the Discretionary Portion of the Program / Amount and Source of Funding Increase or Reduction (-)b / Labor, HHS, Education Appropriations Act, 2019",fiscal_year,2021,2021,2021,21,9
Pell Grant,"Labor, HHS, Education Appropriations Act, 2019",2022,0.0,Millions of dollars,51304-2026-02-pellgrant.xlsx,T1_Pell_02-2026,false,51304,"Federal Pell Grant Program: Historical Funding and Program Costs for the Discretionary Portion of the Program / Amount and Source of Funding Increase or Reduction (-)b / Labor, HHS, Education Appropriations Act, 2019",fiscal_year,2022,2022,2022,21,10
Pell Grant,"Labor, HHS, Education Appropriations Act, 2019",2023,0.0,Millions of dollars,51304-2026-02-pellgrant.xlsx,T1_Pell_02-2026,false,51304,"Federal Pell Grant Program: Historical Funding and Program Costs for the Discretionary Portion of the Program / Amount and Source of Funding Increase or Reduction (-)b / Labor, HHS, Education Appropriations Act, 2019",fiscal_year,2023,2023,2023,21,11
Pell Grant,"Labor, HHS, Education Appropriations Act, 2019",2024,0.0,Millions of dollars,51304-2026-02-pellgrant.xlsx,T1_Pell_02-2026,false,51304,"Federal Pell Grant Program: Historical Funding and Program Costs for the Discretionary Portion of the Program / Amount and Source of Funding Increase or Reduction (-)b / Labor, HHS, Education Appropriations Act, 2019",fiscal_year,2024,2024,2024,21,12
Pell Grant,"Labor, HHS, Education Appropriations Act, 2019",2025,0.0,Millions of dollars,51304-2026-02-pellgrant.xlsx,T1_Pell_02-2026,false,51304,"Federal Pell Grant Program: Historical Funding and Program Costs for the Discretionary Portion of the Program / Amount and Source of Funding Increase or Reduction (-)b / Labor, HHS, Education Appropriations Act, 2019",fiscal_year,2025,2025,2025,21,13
Pell Grant,"Labor, HHS, Education Appropriations Act, 2019",2026,0.0,Millions of dollars,51304-2026-02-pellgrant.xlsx,T1_Pell_02-2026,false,51304,"Federal Pell Grant Program: Historical Funding and Program Costs for the Discretionary Portion of the Program / Amount and Source of Funding Increase or Reduction (-)b / Labor, HHS, Education Appropriations Act, 2019",fiscal_year,2026,2026,2026,21,14
Pell Grant,"FUTURE Act, 2019",2016,0.0,Millions of dollars,51304-2026-02-pellgrant.xlsx,T1_Pell_02-2026,false,51304,"Federal Pell Grant Program: Historical Funding and Program Costs for the Discretionary Portion of the Program / Amount and Source of Funding Increase or Reduction (-)b / FUTURE Act, 2019",fiscal_year,2016,2016,2016,22,4
Pell Grant,"FUTURE Act, 2019",2017,0.0,Millions of dollars,51304-2026-02-pellgrant.xlsx,T1_Pell_02-2026,false,51304,"Federal Pell Grant Program: Historical Funding and Program Costs for the Discretionary Portion of the Program / Amount and Source of Funding Increase or Reduction (-)b / FUTURE Act, 2019",fiscal_year,2017,2017,2017,22,5
Pell Grant,"FUTURE Act, 2019",2018,0.0,Millions of dollars,51304-2026-02-pellgrant.xlsx,T1_Pell_02-2026,false,51304,"Federal Pell Grant Program: Historical Funding and Program Costs for the Discretionary Portion of the Program / Amount and Source of Funding Increase or Reduction (-)b / FUTURE Act, 2019",fiscal_year,2018,2018,2018,22,6
Pell Grant,"FUTURE Act, 2019",2019,0.0,Millions of dollars,51304-2026-02-pellgrant.xlsx,T1_Pell_02-2026,false,51304,"Federal Pell Grant Program: Historical Funding and Program Costs for the Discretionary Portion of the Program / Amount and Source of Funding Increase or Reduction (-)b / FUTURE Act, 2019",fiscal_year,2019,2019,2019,22,7
Pell Grant,"FUTURE Act, 2019",2020,25.0,Millions of dollars,51304-2026-02-pellgrant.xlsx,T1_Pell_02-2026,false,51304,"Federal Pell Grant Program: Historical Funding and Program Costs for the Discretionary Portion of the Program / Amount and Source of Funding Increase or Reduction (-)b / FUTURE Act, 2019",fiscal_year,2020,2020,2020,22,8
Pell Grant,"FUTURE Act, 2019",2021,25.0,Millions of dollars,51304-2026-02-pellgrant.xlsx,T1_Pell_02-2026,false,51304,"Federal Pell Grant Program: Historical Funding and Program Costs for the Discretionary Portion of the Program / Amount and Source of Funding Increase or Reduction (-)b / FUTURE Act, 2019",fiscal_year,2021,2021,2021,22,9
Pell Grant,"FUTURE Act, 2019",2022,25.0,Millions of dollars,51304-2026-02-pellgrant.xlsx,T1_Pell_02-2026,false,51304,"Federal Pell Grant Program: Historical Funding and Program Costs for the Discretionary Portion of the Program / Amount and Source of Funding Increase or Reduction (-)b / FUTURE Act, 2019",fiscal_year,2022,2022,2022,22,10
Pell Grant,"FUTURE Act, 2019",2023,25.0,Millions of dollars,51304-2026-02-pellgrant.xlsx,T1_Pell_02-2026,false,51304,"Federal Pell Grant Program: Historical Funding and Program Costs for the Discretionary Portion of the Program / Amount and Source of Funding Increase or Reduction (-)b / FUTURE Act, 2019",fiscal_year,2023,2023,2023,22,11
Pell Grant,"FUTURE Act, 2019",2024,25.0,Millions of dollars,51304-2026-02-pellgrant.xlsx,T1_Pell_02-2026,false,51304,"Federal Pell Grant Program: Historical Funding and Program Costs for the Discretionary Portion of the Program / Amount and Source of Funding Increase or Reduction (-)b / FUTURE Act, 2019",fiscal_year,2024,2024,2024,22,12
Pell Grant,"FUTURE Act, 2019",2025,25.0,Millions of dollars,51304-2026-02-pellgrant.xlsx,T1_Pell_02-2026,false,51304,"Federal Pell Grant Program: Historical Funding and Program Costs for the Discretionary Portion of the Program / Amount and Source of Funding Increase or Reduction (-)b / FUTURE Act, 2019",fiscal_year,2025,2025,2025,22,13
Pell Grant,"FUTURE Act, 2019",2026,25.0,Millions of dollars,51304-2026-02-pellgrant.xlsx,T1_Pell_02-2026,false,51304,"Federal Pell Grant Program: Historical Funding and Program Costs for the Discretionary Portion of the Program / Amount and Source of Funding Increase or Reduction (-)b / FUTURE Act, 2019",fiscal_year,2026,2026,2026,22,14
Pell Grant,"Further Consolidated Appropriations Act, 2020",2016,0.0,Millions of dollars,51304-2026-02-pellgrant.xlsx,T1_Pell_02-2026,false,51304,"Federal Pell Grant Program: Historical Funding and Program Costs for the Discretionary Portion of the Program / Amount and Source of Funding Increase or Reduction (-)b / Further Consolidated Appropriations Act, 2020",fiscal_year,2016,2016,2016,23,4
Pell Grant,"Further Consolidated Appropriations Act, 2020",2017,0.0,Millions of dollars,51304-2026-02-pellgrant.xlsx,T1_Pell_02-2026,false,51304,"Federal Pell Grant Program: Historical Funding and Program Costs for the Discretionary Portion of the Program / Amount and Source of Funding Increase or Reduction (-)b / Further Consolidated Appropriations Act, 2020",fiscal_year,2017,2017,2017,23,5
Pell Grant,"Further Consolidated Appropriations Act, 2020",2018,0.0,Millions of dollars,51304-2026-02-pellgrant.xlsx,T1_Pell_02-2026,false,51304,"Federal Pell Grant Program: Historical Funding and Program Costs for the Discretionary Portion of the Program / Amount and Source of Funding Increase or Reduction (-)b / Further Consolidated Appropriations Act, 2020",fiscal_year,2018,2018,2018,23,6
Pell Grant,"Further Consolidated Appropriations Act, 2020",2019,0.0,Millions of dollars,51304-2026-02-pellgrant.xlsx,T1_Pell_02-2026,false,51304,"Federal Pell Grant Program: Historical Funding and Program Costs for the Discretionary Portion of the Program / Amount and Source of Funding Increase or Reduction (-)b / Further Consolidated Appropriations Act, 2020",fiscal_year,2019,2019,2019,23,7
Pell Grant,"Further Consolidated Appropriations Act, 2020",2020,-50.0,Millions of dollars,51304-2026-02-pellgrant.xlsx,T1_Pell_02-2026,false,51304,"Federal Pell Grant Program: Historical Funding and Program Costs for the Discretionary Portion of the Program / Amount and Source of Funding Increase or Reduction (-)b / Further Consolidated Appropriations Act, 2020",fiscal_year,2020,2020,2020,23,8
Pell Grant,"Further Consolidated Appropriations Act, 2020",2021,0.0,Millions of dollars,51304-2026-02-pellgrant.xlsx,T1_Pell_02-2026,false,51304,"Federal Pell Grant Program: Historical Funding and Program Costs for the Discretionary Portion of the Program / Amount and Source of Funding Increase or Reduction (-)b / Further Consolidated Appropriations Act, 2020",fiscal_year,2021,2021,2021,23,9
Pell Grant,"Further Consolidated Appropriations Act, 2020",2022,0.0,Millions of dollars,51304-2026-02-pellgrant.xlsx,T1_Pell_02-2026,false,51304,"Federal Pell Grant Program: Historical Funding and Program Costs for the Discretionary Portion of the Program / Amount and Source of Funding Increase or Reduction (-)b / Further Consolidated Appropriations Act, 2020",fiscal_year,2022,2022,2022,23,10
Pell Grant,"Further Consolidated Appropriations Act, 2020",2023,0.0,Millions of dollars,51304-2026-02-pellgrant.xlsx,T1_Pell_02-2026,false,51304,"Federal Pell Grant Program: Historical Funding and Program Costs for the Discretionary Portion of the Program / Amount and Source of Funding Increase or Reduction (-)b / Further Consolidated Appropriations Act, 2020",fiscal_year,2023,2023,2023,23,11
Pell Grant,"Further Consolidated Appropriations Act, 2020",2024,0.0,Millions of dollars,51304-2026-02-pellgrant.xlsx,T1_Pell_02-2026,false,51304,"Federal Pell Grant Program: Historical Funding and Program Costs for the Discretionary Portion of the Program / Amount and Source of Funding Increase or Reduction (-)b / Further Consolidated Appropriations Act, 2020",fiscal_year,2024,2024,2024,23,12
Pell Grant,"Further Consolidated Appropriations Act, 2020",2025,0.0,Millions of dollars,51304-2026-02-pellgrant.xlsx,T1_Pell_02-2026,false,51304,"Federal Pell Grant Program: Historical Funding and Program Costs for the Discretionary Portion of the Program / Amount and Source of Funding Increase or Reduction (-)b / Further Consolidated Appropriations Act, 2020",fiscal_year,2025,2025,2025,23,13
Pell Grant,"Further Consolidated Appropriations Act, 2020",2026,0.0,Millions of dollars,51304-2026-02-pellgrant.xlsx,T1_Pell_02-2026,false,51304,"Federal Pell Grant Program: Historical Funding and Program Costs for the Discretionary Portion of the Program / Amount and Source of Funding Increase or Reduction (-)b / Further Consolidated Appropriations Act, 2020",fiscal_year,2026,2026,2026,23,14
Pell Grant,"Consolidated Appropriations Act, 2021",2016,0.0,Millions of dollars,51304-2026-02-pellgrant.xlsx,T1_Pell_02-2026,false,51304,"Federal Pell Grant Program: Historical Funding and Program Costs for the Discretionary Portion of the Program / Amount and Source of Funding Increase or Reduction (-)b / Consolidated Appropriations Act, 2021",fiscal_year,2016,2016,2016,24,4
Pell Grant,"Consolidated Appropriations Act, 2021",2017,0.0,Millions of dollars,51304-2026-02-pellgrant.xlsx,T1_Pell_02-2026,false,51304,"Federal Pell Grant Program: Historical Funding and Program Costs for the Discretionary Portion of the Program / Amount and Source of Funding Increase or Reduction (-)b / Consolidated Appropriations Act, 2021",fiscal_year,2017,2017,2017,24,5
Pell Grant,"Consolidated Appropriations Act, 2021",2018,0.0,Millions of dollars,51304-2026-02-pellgrant.xlsx,T1_Pell_02-2026,false,51304,"Federal Pell Grant Program: Historical Funding and Program Costs for the Discretionary Portion of the Program / Amount and Source of Funding Increase or Reduction (-)b / Consolidated Appropriations Act, 2021",fiscal_year,2018,2018,2018,24,6
Pell Grant,"Consolidated Appropriations Act, 2021",2019,0.0,Millions of dollars,51304-2026-02-pellgrant.xlsx,T1_Pell_02-2026,false,51304,"Federal Pell Grant Program: Historical Funding and Program Costs for the Discretionary Portion of the Program / Amount and Source of Funding Increase or Reduction (-)b / Consolidated Appropriations Act, 2021",fiscal_year,2019,2019,2019,24,7
Pell Grant,"Consolidated Appropriations Act, 2021",2020,0.0,Millions of dollars,51304-2026-02-pellgrant.xlsx,T1_Pell_02-2026,false,51304,"Federal Pell Grant Program: Historical Funding and Program Costs for the Discretionary Portion of the Program / Amount and Source of Funding Increase or Reduction (-)b / Consolidated Appropriations Act, 2021",fiscal_year,2020,2020,2020,24,8
Pell Grant,"Consolidated Appropriations Act, 2021",2021,-28.0,Millions of dollars,51304-2026-02-pellgrant.xlsx,T1_Pell_02-2026,false,51304,"Federal Pell Grant Program: Historical Funding and Program Costs for the Discretionary Portion of the Program / Amount and Source of Funding Increase or Reduction (-)b / Consolidated Appropriations Act, 2021",fiscal_year,2021,2021,2021,24,9
Pell Grant,"Consolidated Appropriations Act, 2021",2022,0.0,Millions of dollars,51304-2026-02-pellgrant.xlsx,T1_Pell_02-2026,false,51304,"Federal Pell Grant Program: Historical Funding and Program Costs for the Discretionary Portion of the Program / Amount and Source of Funding Increase or Reduction (-)b / Consolidated Appropriations Act, 2021",fiscal_year,2022,2022,2022,24,10
Pell Grant,"Consolidated Appropriations Act, 2021",2023,0.0,Millions of dollars,51304-2026-02-pellgrant.xlsx,T1_Pell_02-2026,false,51304,"Federal Pell Grant Program: Historical Funding and Program Costs for the Discretionary Portion of the Program / Amount and Source of Funding Increase or Reduction (-)b / Consolidated Appropriations Act, 2021",fiscal_year,2023,2023,2023,24,11
Pell Grant,"Consolidated Appropriations Act, 2021",2024,0.0,Millions of dollars,51304-2026-02-pellgrant.xlsx,T1_Pell_02-2026,false,51304,"Federal Pell Grant Program: Historical Funding and Program Costs for the Discretionary Portion of the Program / Amount and Source of Funding Increase or Reduction (-)b / Consolidated Appropriations Act, 2021",fiscal_year,2024,2024,2024,24,12
Pell Grant,"Consolidated Appropriations Act, 2021",2025,0.0,Millions of dollars,51304-2026-02-pellgrant.xlsx,T1_Pell_02-2026,false,51304,"Federal Pell Grant Program: Historical Funding and Program Costs for the Discretionary Portion of the Program / Amount and Source of Funding Increase or Reduction (-)b / Consolidated Appropriations Act, 2021",fiscal_year,2025,2025,2025,24,13
Pell Grant,"Consolidated Appropriations Act, 2021",2026,0.0,Millions of dollars,51304-2026-02-pellgrant.xlsx,T1_Pell_02-2026,false,51304,"Federal Pell Grant Program: Historical Funding and Program Costs for the Discretionary Portion of the Program / Amount and Source of Funding Increase or Reduction (-)b / Consolidated Appropriations Act, 2021",fiscal_year,2026,2026,2026,24,14
Pell Grant,"Consolidated Appropriations Act, 2022",2016,0.0,Millions of dollars,51304-2026-02-pellgrant.xlsx,T1_Pell_02-2026,false,51304,"Federal Pell Grant Program: Historical Funding and Program Costs for the Discretionary Portion of the Program / Amount and Source of Funding Increase or Reduction (-)b / Consolidated Appropriations Act, 2022",fiscal_year,2016,2016,2016,25,4
Pell Grant,"Consolidated Appropriations Act, 2022",2017,0.0,Millions of dollars,51304-2026-02-pellgrant.xlsx,T1_Pell_02-2026,false,51304,"Federal Pell Grant Program: Historical Funding and Program Costs for the Discretionary Portion of the Program / Amount and Source of Funding Increase or Reduction (-)b / Consolidated Appropriations Act, 2022",fiscal_year,2017,2017,2017,25,5
Pell Grant,"Consolidated Appropriations Act, 2022",2018,0.0,Millions of dollars,51304-2026-02-pellgrant.xlsx,T1_Pell_02-2026,false,51304,"Federal Pell Grant Program: Historical Funding and Program Costs for the Discretionary Portion of the Program / Amount and Source of Funding Increase or Reduction (-)b / Consolidated Appropriations Act, 2022",fiscal_year,2018,2018,2018,25,6
Pell Grant,"Consolidated Appropriations Act, 2022",2019,0.0,Millions of dollars,51304-2026-02-pellgrant.xlsx,T1_Pell_02-2026,false,51304,"Federal Pell Grant Program: Historical Funding and Program Costs for the Discretionary Portion of the Program / Amount and Source of Funding Increase or Reduction (-)b / Consolidated Appropriations Act, 2022",fiscal_year,2019,2019,2019,25,7
Pell Grant,"Consolidated Appropriations Act, 2022",2020,0.0,Millions of dollars,51304-2026-02-pellgrant.xlsx,T1_Pell_02-2026,false,51304,"Federal Pell Grant Program: Historical Funding and Program Costs for the Discretionary Portion of the Program / Amount and Source of Funding Increase or Reduction (-)b / Consolidated Appropriations Act, 2022",fiscal_year,2020,2020,2020,25,8
Pell Grant,"Consolidated Appropriations Act, 2022",2021,0.0,Millions of dollars,51304-2026-02-pellgrant.xlsx,T1_Pell_02-2026,false,51304,"Federal Pell Grant Program: Historical Funding and Program Costs for the Discretionary Portion of the Program / Amount and Source of Funding Increase or Reduction (-)b / Consolidated Appropriations Act, 2022",fiscal_year,2021,2021,2021,25,9
Pell Grant,"Consolidated Appropriations Act, 2022",2022,-85.0,Millions of dollars,51304-2026-02-pellgrant.xlsx,T1_Pell_02-2026,false,51304,"Federal Pell Grant Program: Historical Funding and Program Costs for the Discretionary Portion of the Program / Amount and Source of Funding Increase or Reduction (-)b / Consolidated Appropriations Act, 2022",fiscal_year,2022,2022,2022,25,10
Pell Grant,"Consolidated Appropriations Act, 2022",2023,0.0,Millions of dollars,51304-2026-02-pellgrant.xlsx,T1_Pell_02-2026,false,51304,"Federal Pell Grant Program: Historical Funding and Program Costs for the Discretionary Portion of the Program / Amount and Source of Funding Increase or Reduction (-)b / Consolidated Appropriations Act, 2022",fiscal_year,2023,2023,2023,25,11
Pell Grant,"Consolidated Appropriations Act, 2022",2024,0.0,Millions of dollars,51304-2026-02-pellgrant.xlsx,T1_Pell_02-2026,false,51304,"Federal Pell Grant Program: Historical Funding and Program Costs for the Discretionary Portion of the Program / Amount and Source of Funding Increase or Reduction (-)b / Consolidated Appropriations Act, 2022",fiscal_year,2024,2024,2024,25,12
Pell Grant,"Consolidated Appropriations Act, 2022",2025,0.0,Millions of dollars,51304-2026-02-pellgrant.xlsx,T1_Pell_02-2026,false,51304,"Federal Pell Grant Program: Historical Funding and Program Costs for the Discretionary Portion of the Program / Amount and Source of Funding Increase or Reduction (-)b / Consolidated Appropriations Act, 2022",fiscal_year,2025,2025,2025,25,13
Pell Grant,"Consolidated Appropriations Act, 2022",2026,0.0,Millions of dollars,51304-2026-02-pellgrant.xlsx,T1_Pell_02-2026,false,51304,"Federal Pell Grant Program: Historical Funding and Program Costs for the Discretionary Portion of the Program / Amount and Source of Funding Increase or Reduction (-)b / Consolidated Appropriations Act, 2022",fiscal_year,2026,2026,2026,25,14
Pell Grant,"Consolidated Appropriations Act, 2023",2016,0.0,Millions of dollars,51304-2026-02-pellgrant.xlsx,T1_Pell_02-2026,false,51304,"Federal Pell Grant Program: Historical Funding and Program Costs for the Discretionary Portion of the Program / Amount and Source of Funding Increase or Reduction (-)b / Consolidated Appropriations Act, 2023",fiscal_year,2016,2016,2016,26,4
Pell Grant,"Consolidated Appropriations Act, 2023",2017,0.0,Millions of dollars,51304-2026-02-pellgrant.xlsx,T1_Pell_02-2026,false,51304,"Federal Pell Grant Program: Historical Funding and Program Costs for the Discretionary Portion of the Program / Amount and Source of Funding Increase or Reduction (-)b / Consolidated Appropriations Act, 2023",fiscal_year,2017,2017,2017,26,5
Pell Grant,"Consolidated Appropriations Act, 2023",2018,0.0,Millions of dollars,51304-2026-02-pellgrant.xlsx,T1_Pell_02-2026,false,51304,"Federal Pell Grant Program: Historical Funding and Program Costs for the Discretionary Portion of the Program / Amount and Source of Funding Increase or Reduction (-)b / Consolidated Appropriations Act, 2023",fiscal_year,2018,2018,2018,26,6
Pell Grant,"Consolidated Appropriations Act, 2023",2019,0.0,Millions of dollars,51304-2026-02-pellgrant.xlsx,T1_Pell_02-2026,false,51304,"Federal Pell Grant Program: Historical Funding and Program Costs for the Discretionary Portion of the Program / Amount and Source of Funding Increase or Reduction (-)b / Consolidated Appropriations Act, 2023",fiscal_year,2019,2019,2019,26,7
Pell Grant,"Consolidated Appropriations Act, 2023",2020,0.0,Millions of dollars,51304-2026-02-pellgrant.xlsx,T1_Pell_02-2026,false,51304,"Federal Pell Grant Program: Historical Funding and Program Costs for the Discretionary Portion of the Program / Amount and Source of Funding Increase or Reduction (-)b / Consolidated Appropriations Act, 2023",fiscal_year,2020,2020,2020,26,8
Pell Grant,"Consolidated Appropriations Act, 2023",2021,0.0,Millions of dollars,51304-2026-02-pellgrant.xlsx,T1_Pell_02-2026,false,51304,"Federal Pell Grant Program: Historical Funding and Program Costs for the Discretionary Portion of the Program / Amount and Source of Funding Increase or Reduction (-)b / Consolidated Appropriations Act, 2023",fiscal_year,2021,2021,2021,26,9
Pell Grant,"Consolidated Appropriations Act, 2023",2022,0.0,Millions of dollars,51304-2026-02-pellgrant.xlsx,T1_Pell_02-2026,false,51304,"Federal Pell Grant Program: Historical Funding and Program Costs for the Discretionary Portion of the Program / Amount and Source of Funding Increase or Reduction (-)b / Consolidated Appropriations Act, 2023",fiscal_year,2022,2022,2022,26,10
Pell Grant,"Consolidated Appropriations Act, 2023",2023,-75.0,Millions of dollars,51304-2026-02-pellgrant.xlsx,T1_Pell_02-2026,false,51304,"Federal Pell Grant Program: Historical Funding and Program Costs for the Discretionary Portion of the Program / Amount and Source of Funding Increase or Reduction (-)b / Consolidated Appropriations Act, 2023",fiscal_year,2023,2023,2023,26,11
Pell Grant,"Consolidated Appropriations Act, 2023",2024,0.0,Millions of dollars,51304-2026-02-pellgrant.xlsx,T1_Pell_02-2026,false,51304,"Federal Pell Grant Program: Historical Funding and Program Costs for the Discretionary Portion of the Program / Amount and Source of Funding Increase or Reduction (-)b / Consolidated Appropriations Act, 2023",fiscal_year,2024,2024,2024,26,12
Pell Grant,"Consolidated Appropriations Act, 2023",2025,0.0,Millions of dollars,51304-2026-02-pellgrant.xlsx,T1_Pell_02-2026,false,51304,"Federal Pell Grant Program: Historical Funding and Program Costs for the Discretionary Portion of the Program / Amount and Source of Funding Increase or Reduction (-)b / Consolidated Appropriations Act, 2023",fiscal_year,2025,2025,2025,26,13
Pell Grant,"Consolidated Appropriations Act, 2023",2026,0.0,Millions of dollars,51304-2026-02-pellgrant.xlsx,T1_Pell_02-2026,false,51304,"Federal Pell Grant Program: Historical Funding and Program Costs for the Discretionary Portion of the Program / Amount and Source of Funding Increase or Reduction (-)b / Consolidated Appropriations Act, 2023",fiscal_year,2026,2026,2026,26,14
Pell Grant,"Continuing Resolution, 2024",2016,0.0,Millions of dollars,51304-2026-02-pellgrant.xlsx,T1_Pell_02-2026,false,51304,"Federal Pell Grant Program: Historical Funding and Program Costs for the Discretionary Portion of the Program / Amount and Source of Funding Increase or Reduction (-)b / Continuing Resolution, 2024",fiscal_year,2016,2016,2016,27,4
Pell Grant,"Continuing Resolution, 2024",2017,0.0,Millions of dollars,51304-2026-02-pellgrant.xlsx,T1_Pell_02-2026,false,51304,"Federal Pell Grant Program: Historical Funding and Program Costs for the Discretionary Portion of the Program / Amount and Source of Funding Increase or Reduction (-)b / Continuing Resolution, 2024",fiscal_year,2017,2017,2017,27,5
Pell Grant,"Continuing Resolution, 2024",2018,0.0,Millions of dollars,51304-2026-02-pellgrant.xlsx,T1_Pell_02-2026,false,51304,"Federal Pell Grant Program: Historical Funding and Program Costs for the Discretionary Portion of the Program / Amount and Source of Funding Increase or Reduction (-)b / Continuing Resolution, 2024",fiscal_year,2018,2018,2018,27,6
Pell Grant,"Continuing Resolution, 2024",2019,0.0,Millions of dollars,51304-2026-02-pellgrant.xlsx,T1_Pell_02-2026,false,51304,"Federal Pell Grant Program: Historical Funding and Program Costs for the Discretionary Portion of the Program / Amount and Source of Funding Increase or Reduction (-)b / Continuing Resolution, 2024",fiscal_year,2019,2019,2019,27,7
Pell Grant,"Continuing Resolution, 2024",2020,0.0,Millions of dollars,51304-2026-02-pellgrant.xlsx,T1_Pell_02-2026,false,51304,"Federal Pell Grant Program: Historical Funding and Program Costs for the Discretionary Portion of the Program / Amount and Source of Funding Increase or Reduction (-)b / Continuing Resolution, 2024",fiscal_year,2020,2020,2020,27,8
Pell Grant,"Continuing Resolution, 2024",2021,0.0,Millions of dollars,51304-2026-02-pellgrant.xlsx,T1_Pell_02-2026,false,51304,"Federal Pell Grant Program: Historical Funding and Program Costs for the Discretionary Portion of the Program / Amount and Source of Funding Increase or Reduction (-)b / Continuing Resolution, 2024",fiscal_year,2021,2021,2021,27,9
Pell Grant,"Continuing Resolution, 2024",2022,0.0,Millions of dollars,51304-2026-02-pellgrant.xlsx,T1_Pell_02-2026,false,51304,"Federal Pell Grant Program: Historical Funding and Program Costs for the Discretionary Portion of the Program / Amount and Source of Funding Increase or Reduction (-)b / Continuing Resolution, 2024",fiscal_year,2022,2022,2022,27,10
Pell Grant,"Continuing Resolution, 2024",2023,0.0,Millions of dollars,51304-2026-02-pellgrant.xlsx,T1_Pell_02-2026,false,51304,"Federal Pell Grant Program: Historical Funding and Program Costs for the Discretionary Portion of the Program / Amount and Source of Funding Increase or Reduction (-)b / Continuing Resolution, 2024",fiscal_year,2023,2023,2023,27,11
Pell Grant,"Continuing Resolution, 2024",2024,0.0,Millions of dollars,51304-2026-02-pellgrant.xlsx,T1_Pell_02-2026,false,51304,"Federal Pell Grant Program: Historical Funding and Program Costs for the Discretionary Portion of the Program / Amount and Source of Funding Increase or Reduction (-)b / Continuing Resolution, 2024",fiscal_year,2024,2024,2024,27,12
Pell Grant,"Continuing Resolution, 2024",2025,2000.0,Millions of dollars,51304-2026-02-pellgrant.xlsx,T1_Pell_02-2026,false,51304,"Federal Pell Grant Program: Historical Funding and Program Costs for the Discretionary Portion of the Program / Amount and Source of Funding Increase or Reduction (-)b / Continuing Resolution, 2024",fiscal_year,2025,2025,2025,27,13
Pell Grant,"Continuing Resolution, 2024",2026,1000.0,Millions of dollars,51304-2026-02-pellgrant.xlsx,T1_Pell_02-2026,false,51304,"Federal Pell Grant Program: Historical Funding and Program Costs for the Discretionary Portion of the Program / Amount and Source of Funding Increase or Reduction (-)b / Continuing Resolution, 2024",fiscal_year,2026,2026,2026,27,14
Pell Grant,Department of Education Administrative Transferc,2016,0.0,Millions of dollars,51304-2026-02-pellgrant.xlsx,T1_Pell_02-2026,false,51304,Federal Pell Grant Program: Historical Funding and Program Costs for the Discretionary Portion of the Program / Amount and Source of Funding Increase or Reduction (-)b / Department of Education Administrative Transferc,fiscal_year,2016,2016,2016,28,4
Pell Grant,Department of Education Administrative Transferc,2017,0.0,Millions of dollars,51304-2026-02-pellgrant.xlsx,T1_Pell_02-2026,false,51304,Federal Pell Grant Program: Historical Funding and Program Costs for the Discretionary Portion of the Program / Amount and Source of Funding Increase or Reduction (-)b / Department of Education Administrative Transferc,fiscal_year,2017,2017,2017,28,5
Pell Grant,Department of Education Administrative Transferc,2018,0.0,Millions of dollars,51304-2026-02-pellgrant.xlsx,T1_Pell_02-2026,false,51304,Federal Pell Grant Program: Historical Funding and Program Costs for the Discretionary Portion of the Program / Amount and Source of Funding Increase or Reduction (-)b / Department of Education Administrative Transferc,fiscal_year,2018,2018,2018,28,6
Pell Grant,Department of Education Administrative Transferc,2019,0.0,Millions of dollars,51304-2026-02-pellgrant.xlsx,T1_Pell_02-2026,false,51304,Federal Pell Grant Program: Historical Funding and Program Costs for the Discretionary Portion of the Program / Amount and Source of Funding Increase or Reduction (-)b / Department of Education Administrative Transferc,fiscal_year,2019,2019,2019,28,7
Pell Grant,Department of Education Administrative Transferc,2020,0.0,Millions of dollars,51304-2026-02-pellgrant.xlsx,T1_Pell_02-2026,false,51304,Federal Pell Grant Program: Historical Funding and Program Costs for the Discretionary Portion of the Program / Amount and Source of Funding Increase or Reduction (-)b / Department of Education Administrative Transferc,fiscal_year,2020,2020,2020,28,8
Pell Grant,Department of Education Administrative Transferc,2021,0.0,Millions of dollars,51304-2026-02-pellgrant.xlsx,T1_Pell_02-2026,false,51304,Federal Pell Grant Program: Historical Funding and Program Costs for the Discretionary Portion of the Program / Amount and Source of Funding Increase or Reduction (-)b / Department of Education Administrative Transferc,fiscal_year,2021,2021,2021,28,9
Pell Grant,Department of Education Administrative Transferc,2022,-7.0,Millions of dollars,51304-2026-02-pellgrant.xlsx,T1_Pell_02-2026,false,51304,Federal Pell Grant Program: Historical Funding and Program Costs for the Discretionary Portion of the Program / Amount and Source of Funding Increase or Reduction (-)b / Department of Education Administrative Transferc,fiscal_year,2022,2022,2022,28,10
Pell Grant,Department of Education Administrative Transferc,2023,-61.0,Millions of dollars,51304-2026-02-pellgrant.xlsx,T1_Pell_02-2026,false,51304,Federal Pell Grant Program: Historical Funding and Program Costs for the Discretionary Portion of the Program / Amount and Source of Funding Increase or Reduction (-)b / Department of Education Administrative Transferc,fiscal_year,2023,2023,2023,28,11
Pell Grant,Department of Education Administrative Transferc,2024,-206.0,Millions of dollars,51304-2026-02-pellgrant.xlsx,T1_Pell_02-2026,false,51304,Federal Pell Grant Program: Historical Funding and Program Costs for the Discretionary Portion of the Program / Amount and Source of Funding Increase or Reduction (-)b / Department of Education Administrative Transferc,fiscal_year,2024,2024,2024,28,12
Pell Grant,Department of Education Administrative Transferc,2025,0.0,Millions of dollars,51304-2026-02-pellgrant.xlsx,T1_Pell_02-2026,false,51304,Federal Pell Grant Program: Historical Funding and Program Costs for the Discretionary Portion of the Program / Amount and Source of Funding Increase or Reduction (-)b / Department of Education Administrative Transferc,fiscal_year,2025,2025,2025,28,13
Pell Grant,Department of Education Administrative Transferc,2026,0.0,Millions of dollars,51304-2026-02-pellgrant.xlsx,T1_Pell_02-2026,false,51304,Federal Pell Grant Program: Historical Funding and Program Costs for the Discretionary Portion of the Program / Amount and Source of Funding Increase or Reduction (-)b / Department of Education Administrative Transferc,fiscal_year,2026,2026,2026,28,14
Pell Grant,"Reconciliiation Act, 2025",2016,0.0,Millions of dollars,51304-2026-02-pellgrant.xlsx,T1_Pell_02-2026,false,51304,"Federal Pell Grant Program: Historical Funding and Program Costs for the Discretionary Portion of the Program / Amount and Source of Funding Increase or Reduction (-)b / Reconciliiation Act, 2025",fiscal_year,2016,2016,2016,29,4
Pell Grant,"Reconciliiation Act, 2025",2017,0.0,Millions of dollars,51304-2026-02-pellgrant.xlsx,T1_Pell_02-2026,false,51304,"Federal Pell Grant Program: Historical Funding and Program Costs for the Discretionary Portion of the Program / Amount and Source of Funding Increase or Reduction (-)b / Reconciliiation Act, 2025",fiscal_year,2017,2017,2017,29,5
Pell Grant,"Reconciliiation Act, 2025",2018,0.0,Millions of dollars,51304-2026-02-pellgrant.xlsx,T1_Pell_02-2026,false,51304,"Federal Pell Grant Program: Historical Funding and Program Costs for the Discretionary Portion of the Program / Amount and Source of Funding Increase or Reduction (-)b / Reconciliiation Act, 2025",fiscal_year,2018,2018,2018,29,6
Pell Grant,"Reconciliiation Act, 2025",2019,0.0,Millions of dollars,51304-2026-02-pellgrant.xlsx,T1_Pell_02-2026,false,51304,"Federal Pell Grant Program: Historical Funding and Program Costs for the Discretionary Portion of the Program / Amount and Source of Funding Increase or Reduction (-)b / Reconciliiation Act, 2025",fiscal_year,2019,2019,2019,29,7
Pell Grant,"Reconciliiation Act, 2025",2020,0.0,Millions of dollars,51304-2026-02-pellgrant.xlsx,T1_Pell_02-2026,false,51304,"Federal Pell Grant Program: Historical Funding and Program Costs for the Discretionary Portion of the Program / Amount and Source of Funding Increase or Reduction (-)b / Reconciliiation Act, 2025",fiscal_year,2020,2020,2020,29,8
Pell Grant,"Reconciliiation Act, 2025",2021,0.0,Millions of dollars,51304-2026-02-pellgrant.xlsx,T1_Pell_02-2026,false,51304,"Federal Pell Grant Program: Historical Funding and Program Costs for the Discretionary Portion of the Program / Amount and Source of Funding Increase or Reduction (-)b / Reconciliiation Act, 2025",fiscal_year,2021,2021,2021,29,9
Pell Grant,"Reconciliiation Act, 2025",2022,0.0,Millions of dollars,51304-2026-02-pellgrant.xlsx,T1_Pell_02-2026,false,51304,"Federal Pell Grant Program: Historical Funding and Program Costs for the Discretionary Portion of the Program / Amount and Source of Funding Increase or Reduction (-)b / Reconciliiation Act, 2025",fiscal_year,2022,2022,2022,29,10
Pell Grant,"Reconciliiation Act, 2025",2023,0.0,Millions of dollars,51304-2026-02-pellgrant.xlsx,T1_Pell_02-2026,false,51304,"Federal Pell Grant Program: Historical Funding and Program Costs for the Discretionary Portion of the Program / Amount and Source of Funding Increase or Reduction (-)b / Reconciliiation Act, 2025",fiscal_year,2023,2023,2023,29,11
Pell Grant,"Reconciliiation Act, 2025",2024,0.0,Millions of dollars,51304-2026-02-pellgrant.xlsx,T1_Pell_02-2026,false,51304,"Federal Pell Grant Program: Historical Funding and Program Costs for the Discretionary Portion of the Program / Amount and Source of Funding Increase or Reduction (-)b / Reconciliiation Act, 2025",fiscal_year,2024,2024,2024,29,12
Pell Grant,"Reconciliiation Act, 2025",2025,0.0,Millions of dollars,51304-2026-02-pellgrant.xlsx,T1_Pell_02-2026,false,51304,"Federal Pell Grant Program: Historical Funding and Program Costs for the Discretionary Portion of the Program / Amount and Source of Funding Increase or Reduction (-)b / Reconciliiation Act, 2025",fiscal_year,2025,2025,2025,29,13
Pell Grant,"Reconciliiation Act, 2025",2026,10500.0,Millions of dollars,51304-2026-02-pellgrant.xlsx,T1_Pell_02-2026,false,51304,"Federal Pell Grant Program: Historical Funding and Program Costs for the Discretionary Portion of the Program / Amount and Source of Funding Increase or Reduction (-)b / Reconciliiation Act, 2025",fiscal_year,2026,2026,2026,29,14
Pell Grant,Total Budget Authority for Pell Discretionary Program,2016,22475.0,Millions of dollars,51304-2026-02-pellgrant.xlsx,T1_Pell_02-2026,true,51304,Federal Pell Grant Program: Historical Funding and Program Costs for the Discretionary Portion of the Program / Amount and Source of Funding Increase or Reduction (-)b / Total Budget Authority for Pell Discretionary Program,fiscal_year,2016,2016,2016,30,4
Pell Grant,Total Budget Authority for Pell Discretionary Program,2017,22485.0,Millions of dollars,51304-2026-02-pellgrant.xlsx,T1_Pell_02-2026,true,51304,Federal Pell Grant Program: Historical Funding and Program Costs for the Discretionary Portion of the Program / Amount and Source of Funding Increase or Reduction (-)b / Total Budget Authority for Pell Discretionary Program,fiscal_year,2017,2017,2017,30,5
Pell Grant,Total Budget Authority for Pell Discretionary Program,2018,23809.0,Millions of dollars,51304-2026-02-pellgrant.xlsx,T1_Pell_02-2026,true,51304,Federal Pell Grant Program: Historical Funding and Program Costs for the Discretionary Portion of the Program / Amount and Source of Funding Increase or Reduction (-)b / Total Budget Authority for Pell Discretionary Program,fiscal_year,2018,2018,2018,30,6
Pell Grant,Total Budget Authority for Pell Discretionary Program,2019,23245.0,Millions of dollars,51304-2026-02-pellgrant.xlsx,T1_Pell_02-2026,true,51304,Federal Pell Grant Program: Historical Funding and Program Costs for the Discretionary Portion of the Program / Amount and Source of Funding Increase or Reduction (-)b / Total Budget Authority for Pell Discretionary Program,fiscal_year,2019,2019,2019,30,7
Pell Grant,Total Budget Authority for Pell Discretionary Program,2020,23380.0,Millions of dollars,51304-2026-02-pellgrant.xlsx,T1_Pell_02-2026,true,51304,Federal Pell Grant Program: Historical Funding and Program Costs for the Discretionary Portion of the Program / Amount and Source of Funding Increase or Reduction (-)b / Total Budget Authority for Pell Discretionary Program,fiscal_year,2020,2020,2020,30,8
Pell Grant,Total Budget Authority for Pell Discretionary Program,2021,23117.0,Millions of dollars,51304-2026-02-pellgrant.xlsx,T1_Pell_02-2026,true,51304,Federal Pell Grant Program: Historical Funding and Program Costs for the Discretionary Portion of the Program / Amount and Source of Funding Increase or Reduction (-)b / Total Budget Authority for Pell Discretionary Program,fiscal_year,2021,2021,2021,30,9
Pell Grant,Total Budget Authority for Pell Discretionary Program,2022,22503.0,Millions of dollars,51304-2026-02-pellgrant.xlsx,T1_Pell_02-2026,true,51304,Federal Pell Grant Program: Historical Funding and Program Costs for the Discretionary Portion of the Program / Amount and Source of Funding Increase or Reduction (-)b / Total Budget Authority for Pell Discretionary Program,fiscal_year,2022,2022,2022,30,10
Pell Grant,Total Budget Authority for Pell Discretionary Program,2023,23149.0,Millions of dollars,51304-2026-02-pellgrant.xlsx,T1_Pell_02-2026,true,51304,Federal Pell Grant Program: Historical Funding and Program Costs for the Discretionary Portion of the Program / Amount and Source of Funding Increase or Reduction (-)b / Total Budget Authority for Pell Discretionary Program,fiscal_year,2023,2023,2023,30,11
Pell Grant,Total Budget Authority for Pell Discretionary Program,2024,23439.0,Millions of dollars,51304-2026-02-pellgrant.xlsx,T1_Pell_02-2026,true,51304,Federal Pell Grant Program: Historical Funding and Program Costs for the Discretionary Portion of the Program / Amount and Source of Funding Increase or Reduction (-)b / Total Budget Authority for Pell Discretionary Program,fiscal_year,2024,2024,2024,30,12
Pell Grant,Total Budget Authority for Pell Discretionary Program,2025,25645.0,Millions of dollars,51304-2026-02-pellgrant.xlsx,T1_Pell_02-2026,true,51304,Federal Pell Grant Program: Historical Funding and Program Costs for the Discretionary Portion of the Program / Amount and Source of Funding Increase or Reduction (-)b / Total Budget Authority for Pell Discretionary Program,fiscal_year,2025,2025,2025,30,13
Pell Grant,Total Budget Authority for Pell Discretionary Program,2026,35145.0,Millions of dollars,51304-2026-02-pellgrant.xlsx,T1_Pell_02-2026,true,51304,Federal Pell Grant Program: Historical Funding and Program Costs for the Discretionary Portion of the Program / Amount and Source of Funding Increase or Reduction (-)b / Total Budget Authority for Pell Discretionary Program,fiscal_year,2026,2026,2026,30,14
Pell Grant,Previous Year Cumulative Surplus or Shortfall (-)d,2016,8110.0,Millions of dollars,51304-2026-02-pellgrant.xlsx,T1_Pell_02-2026,false,51304,Federal Pell Grant Program: Historical Funding and Program Costs for the Discretionary Portion of the Program / Amount and Source of Funding Increase or Reduction (-)b / Previous Year Cumulative Surplus or Shortfall (-)d,fiscal_year,2016,2016,2016,32,4
Pell Grant,Previous Year Cumulative Surplus or Shortfall (-)d,2017,8816.0,Millions of dollars,51304-2026-02-pellgrant.xlsx,T1_Pell_02-2026,false,51304,Federal Pell Grant Program: Historical Funding and Program Costs for the Discretionary Portion of the Program / Amount and Source of Funding Increase or Reduction (-)b / Previous Year Cumulative Surplus or Shortfall (-)d,fiscal_year,2017,2017,2017,32,5
Pell Grant,Previous Year Cumulative Surplus or Shortfall (-)d,2018,8399.0,Millions of dollars,51304-2026-02-pellgrant.xlsx,T1_Pell_02-2026,false,51304,Federal Pell Grant Program: Historical Funding and Program Costs for the Discretionary Portion of the Program / Amount and Source of Funding Increase or Reduction (-)b / Previous Year Cumulative Surplus or Shortfall (-)d,fiscal_year,2018,2018,2018,32,6
Pell Grant,Previous Year Cumulative Surplus or Shortfall (-)d,2019,9637.0,Millions of dollars,51304-2026-02-pellgrant.xlsx,T1_Pell_02-2026,false,51304,Federal Pell Grant Program: Historical Funding and Program Costs for the Discretionary Portion of the Program / Amount and Source of Funding Increase or Reduction (-)b / Previous Year Cumulative Surplus or Shortfall (-)d,fiscal_year,2019,2019,2019,32,7
Pell Grant,Previous Year Cumulative Surplus or Shortfall (-)d,2020,10113.0,Millions of dollars,51304-2026-02-pellgrant.xlsx,T1_Pell_02-2026,false,51304,Federal Pell Grant Program: Historical Funding and Program Costs for the Discretionary Portion of the Program / Amount and Source of Funding Increase or Reduction (-)b / Previous Year Cumulative Surplus or Shortfall (-)d,fiscal_year,2020,2020,2020,32,8
Pell Grant,Previous Year Cumulative Surplus or Shortfall (-)d,2021,12176.0,Millions of dollars,51304-2026-02-pellgrant.xlsx,T1_Pell_02-2026,false,51304,Federal Pell Grant Program: Historical Funding and Program Costs for the Discretionary Portion of the Program / Amount and Source of Funding Increase or Reduction (-)b / Previous Year Cumulative Surplus or Shortfall (-)d,fiscal_year,2021,2021,2021,32,9
Pell Grant,Previous Year Cumulative Surplus or Shortfall (-)d,2022,14376.0,Millions of dollars,51304-2026-02-pellgrant.xlsx,T1_Pell_02-2026,false,51304,Federal Pell Grant Program: Historical Funding and Program Costs for the Discretionary Portion of the Program / Amount and Source of Funding Increase or Reduction (-)b / Previous Year Cumulative Surplus or Shortfall (-)d,fiscal_year,2022,2022,2022,32,10
Pell Grant,Previous Year Cumulative Surplus or Shortfall (-)d,2023,14599.0,Millions of dollars,51304-2026-02-pellgrant.xlsx,T1_Pell_02-2026,false,51304,Federal Pell Grant Program: Historical Funding and Program Costs for the Discretionary Portion of the Program / Amount and Source of Funding Increase or Reduction (-)b / Previous Year Cumulative Surplus or Shortfall (-)d,fiscal_year,2023,2023,2023,32,11
Pell Grant,Previous Year Cumulative Surplus or Shortfall (-)d,2024,11567.0,Millions of dollars,51304-2026-02-pellgrant.xlsx,T1_Pell_02-2026,false,51304,Federal Pell Grant Program: Historical Funding and Program Costs for the Discretionary Portion of the Program / Amount and Source of Funding Increase or Reduction (-)b / Previous Year Cumulative Surplus or Shortfall (-)d,fiscal_year,2024,2024,2024,32,12
Pell Grant,Previous Year Cumulative Surplus or Shortfall (-)d,2025,2223.0,Millions of dollars,51304-2026-02-pellgrant.xlsx,T1_Pell_02-2026,false,51304,Federal Pell Grant Program: Historical Funding and Program Costs for the Discretionary Portion of the Program / Amount and Source of Funding Increase or Reduction (-)b / Previous Year Cumulative Surplus or Shortfall (-)d,fiscal_year,2025,2025,2025,32,13
Pell Grant,Previous Year Cumulative Surplus or Shortfall (-)d,2026,-5950.0,Millions of dollars,51304-2026-02-pellgrant.xlsx,T1_Pell_02-2026,false,51304,Federal Pell Grant Program: Historical Funding and Program Costs for the Discretionary Portion of the Program / Amount and Source of Funding Increase or Reduction (-)b / Previous Year Cumulative Surplus or Shortfall (-)d,fiscal_year,2026,2026,2026,32,14
Pell Grant,Total Available Budget Authority,2016,30585.0,Millions of dollars,51304-2026-02-pellgrant.xlsx,T1_Pell_02-2026,true,51304,Federal Pell Grant Program: Historical Funding and Program Costs for the Discretionary Portion of the Program / Amount and Source of Funding Increase or Reduction (-)b / Total Available Budget Authority,fiscal_year,2016,2016,2016,33,4
Pell Grant,Total Available Budget Authority,2017,31301.0,Millions of dollars,51304-2026-02-pellgrant.xlsx,T1_Pell_02-2026,true,51304,Federal Pell Grant Program: Historical Funding and Program Costs for the Discretionary Portion of the Program / Amount and Source of Funding Increase or Reduction (-)b / Total Available Budget Authority,fiscal_year,2017,2017,2017,33,5
Pell Grant,Total Available Budget Authority,2018,32208.0,Millions of dollars,51304-2026-02-pellgrant.xlsx,T1_Pell_02-2026,true,51304,Federal Pell Grant Program: Historical Funding and Program Costs for the Discretionary Portion of the Program / Amount and Source of Funding Increase or Reduction (-)b / Total Available Budget Authority,fiscal_year,2018,2018,2018,33,6
Pell Grant,Total Available Budget Authority,2019,32882.0,Millions of dollars,51304-2026-02-pellgrant.xlsx,T1_Pell_02-2026,true,51304,Federal Pell Grant Program: Historical Funding and Program Costs for the Discretionary Portion of the Program / Amount and Source of Funding Increase or Reduction (-)b / Total Available Budget Authority,fiscal_year,2019,2019,2019,33,7
Pell Grant,Total Available Budget Authority,2020,33493.0,Millions of dollars,51304-2026-02-pellgrant.xlsx,T1_Pell_02-2026,true,51304,Federal Pell Grant Program: Historical Funding and Program Costs for the Discretionary Portion of the Program / Amount and Source of Funding Increase or Reduction (-)b / Total Available Budget Authority,fiscal_year,2020,2020,2020,33,8
Pell Grant,Total Available Budget Authority,2021,35293.0,Millions of dollars,51304-2026-02-pellgrant.xlsx,T1_Pell_02-2026,true,51304,Federal Pell Grant Program: Historical Funding and Program Costs for the Discretionary Portion of the Program / Amount and Source of Funding Increase or Reduction (-)b / Total Available Budget Authority,fiscal_year,2021,2021,2021,33,9
Pell Grant,Total Available Budget Authority,2022,36879.0,Millions of dollars,51304-2026-02-pellgrant.xlsx,T1_Pell_02-2026,true,51304,Federal Pell Grant Program: Historical Funding and Program Costs for the Discretionary Portion of the Program / Amount and Source of Funding Increase or Reduction (-)b / Total Available Budget Authority,fiscal_year,2022,2022,2022,33,10
Pell Grant,Total Available Budget Authority,2023,37748.0,Millions of dollars,51304-2026-02-pellgrant.xlsx,T1_Pell_02-2026,true,51304,Federal Pell Grant Program: Historical Funding and Program Costs for the Discretionary Portion of the Program / Amount and Source of Funding Increase or Reduction (-)b / Total Available Budget Authority,fiscal_year,2023,2023,2023,33,11
Pell Grant,Total Available Budget Authority,2024,35006.0,Millions of dollars,51304-2026-02-pellgrant.xlsx,T1_Pell_02-2026,true,51304,Federal Pell Grant Program: Historical Funding and Program Costs for the Discretionary Portion of the Program / Amount and Source of Funding Increase or Reduction (-)b / Total Available Budget Authority,fiscal_year,2024,2024,2024,33,12
Pell Grant,Total Available Budget Authority,2025,27868.0,Millions of dollars,51304-2026-02-pellgrant.xlsx,T1_Pell_02-2026,true,51304,Federal Pell Grant Program: Historical Funding and Program Costs for the Discretionary Portion of the Program / Amount and Source of Funding Increase or Reduction (-)b / Total Available Budget Authority,fiscal_year,2025,2025,2025,33,13
Pell Grant,Total Available Budget Authority,2026,29195.0,Millions of dollars,51304-2026-02-pellgrant.xlsx,T1_Pell_02-2026,true,51304,Federal Pell Grant Program: Historical Funding and Program Costs for the Discretionary Portion of the Program / Amount and Source of Funding Increase or Reduction (-)b / Total Available Budget Authority,fiscal_year,2026,2026,2026,33,14
Pell Grant,Estimated Program Costs,2016,21769.0,Millions of dollars,51304-2026-02-pellgrant.xlsx,T1_Pell_02-2026,false,51304,Federal Pell Grant Program: Historical Funding and Program Costs for the Discretionary Portion of the Program / Amount and Source of Funding Increase or Reduction (-)b / Estimated Program Costs,fiscal_year,2016,2016,2016,35,4
Pell Grant,Estimated Program Costs,2017,22902.0,Millions of dollars,51304-2026-02-pellgrant.xlsx,T1_Pell_02-2026,false,51304,Federal Pell Grant Program: Historical Funding and Program Costs for the Discretionary Portion of the Program / Amount and Source of Funding Increase or Reduction (-)b / Estimated Program Costs,fiscal_year,2017,2017,2017,35,5
Pell Grant,Estimated Program Costs,2018,22571.0,Millions of dollars,51304-2026-02-pellgrant.xlsx,T1_Pell_02-2026,false,51304,Federal Pell Grant Program: Historical Funding and Program Costs for the Discretionary Portion of the Program / Amount and Source of Funding Increase or Reduction (-)b / Estimated Program Costs,fiscal_year,2018,2018,2018,35,6
Pell Grant,Estimated Program Costs,2019,22769.0,Millions of dollars,51304-2026-02-pellgrant.xlsx,T1_Pell_02-2026,false,51304,Federal Pell Grant Program: Historical Funding and Program Costs for the Discretionary Portion of the Program / Amount and Source of Funding Increase or Reduction (-)b / Estimated Program Costs,fiscal_year,2019,2019,2019,35,7
Pell Grant,Estimated Program Costs,2020,21317.0,Millions of dollars,51304-2026-02-pellgrant.xlsx,T1_Pell_02-2026,false,51304,Federal Pell Grant Program: Historical Funding and Program Costs for the Discretionary Portion of the Program / Amount and Source of Funding Increase or Reduction (-)b / Estimated Program Costs,fiscal_year,2020,2020,2020,35,8
Pell Grant,Estimated Program Costs,2021,20917.0,Millions of dollars,51304-2026-02-pellgrant.xlsx,T1_Pell_02-2026,false,51304,Federal Pell Grant Program: Historical Funding and Program Costs for the Discretionary Portion of the Program / Amount and Source of Funding Increase or Reduction (-)b / Estimated Program Costs,fiscal_year,2021,2021,2021,35,9
Pell Grant,Estimated Program Costs,2022,22280.0,Millions of dollars,51304-2026-02-pellgrant.xlsx,T1_Pell_02-2026,false,51304,Federal Pell Grant Program: Historical Funding and Program Costs for the Discretionary Portion of the Program / Amount and Source of Funding Increase or Reduction (-)b / Estimated Program Costs,fiscal_year,2022,2022,2022,35,10
Pell Grant,Estimated Program Costs,2023,26181.0,Millions of dollars,51304-2026-02-pellgrant.xlsx,T1_Pell_02-2026,false,51304,Federal Pell Grant Program: Historical Funding and Program Costs for the Discretionary Portion of the Program / Amount and Source of Funding Increase or Reduction (-)b / Estimated Program Costs,fiscal_year,2023,2023,2023,35,11
Pell Grant,Estimated Program Costs,2024,32783.0,Millions of dollars,51304-2026-02-pellgrant.xlsx,T1_Pell_02-2026,false,51304,Federal Pell Grant Program: Historical Funding and Program Costs for the Discretionary Portion of the Program / Amount and Source of Funding Increase or Reduction (-)b / Estimated Program Costs,fiscal_year,2024,2024,2024,35,12
Pell Grant,Estimated Program Costs,2025,33818.0,Millions of dollars,51304-2026-02-pellgrant.xlsx,T1_Pell_02-2026,false,51304,Federal Pell Grant Program: Historical Funding and Program Costs for the Discretionary Portion of the Program / Amount and Source of Funding Increase or Reduction (-)b / Estimated Program Costs,fiscal_year,2025,2025,2025,35,13
Pell Grant,Estimated Program Costs,2026,34645.0,Millions of dollars,51304-2026-02-pellgrant.xlsx,T1_Pell_02-2026,false,51304,Federal Pell Grant Program: Historical Funding and Program Costs for the Discretionary Portion of the Program / Amount and Source of Funding Increase or Reduction (-)b / Estimated Program Costs,fiscal_year,2026,2026,2026,35,14
Pell Grant,Cumulative Surplus or Shortfall (-)d,2016,8816.0,Millions of dollars,51304-2026-02-pellgrant.xlsx,T1_Pell_02-2026,false,51304,Federal Pell Grant Program: Historical Funding and Program Costs for the Discretionary Portion of the Program / Amount and Source of Funding Increase or Reduction (-)b / Cumulative Surplus or Shortfall (-)d,fiscal_year,2016,2016,2016,36,4
Pell Grant,Cumulative Surplus or Shortfall (-)d,2017,8399.0,Millions of dollars,51304-2026-02-pellgrant.xlsx,T1_Pell_02-2026,false,51304,Federal Pell Grant Program: Historical Funding and Program Costs for the Discretionary Portion of the Program / Amount and Source of Funding Increase or Reduction (-)b / Cumulative Surplus or Shortfall (-)d,fiscal_year,2017,2017,2017,36,5
Pell Grant,Cumulative Surplus or Shortfall (-)d,2018,9637.0,Millions of dollars,51304-2026-02-pellgrant.xlsx,T1_Pell_02-2026,false,51304,Federal Pell Grant Program: Historical Funding and Program Costs for the Discretionary Portion of the Program / Amount and Source of Funding Increase or Reduction (-)b / Cumulative Surplus or Shortfall (-)d,fiscal_year,2018,2018,2018,36,6
Pell Grant,Cumulative Surplus or Shortfall (-)d,2019,10113.0,Millions of dollars,51304-2026-02-pellgrant.xlsx,T1_Pell_02-2026,false,51304,Federal Pell Grant Program: Historical Funding and Program Costs for the Discretionary Portion of the Program / Amount and Source of Funding Increase or Reduction (-)b / Cumulative Surplus or Shortfall (-)d,fiscal_year,2019,2019,2019,36,7
Pell Grant,Cumulative Surplus or Shortfall (-)d,2020,12176.0,Millions of dollars,51304-2026-02-pellgrant.xlsx,T1_Pell_02-2026,false,51304,Federal Pell Grant Program: Historical Funding and Program Costs for the Discretionary Portion of the Program / Amount and Source of Funding Increase or Reduction (-)b / Cumulative Surplus or Shortfall (-)d,fiscal_year,2020,2020,2020,36,8
Pell Grant,Cumulative Surplus or Shortfall (-)d,2021,14376.0,Millions of dollars,51304-2026-02-pellgrant.xlsx,T1_Pell_02-2026,false,51304,Federal Pell Grant Program: Historical Funding and Program Costs for the Discretionary Portion of the Program / Amount and Source of Funding Increase or Reduction (-)b / Cumulative Surplus or Shortfall (-)d,fiscal_year,2021,2021,2021,36,9
Pell Grant,Cumulative Surplus or Shortfall (-)d,2022,14599.0,Millions of dollars,51304-2026-02-pellgrant.xlsx,T1_Pell_02-2026,false,51304,Federal Pell Grant Program: Historical Funding and Program Costs for the Discretionary Portion of the Program / Amount and Source of Funding Increase or Reduction (-)b / Cumulative Surplus or Shortfall (-)d,fiscal_year,2022,2022,2022,36,10
Pell Grant,Cumulative Surplus or Shortfall (-)d,2023,11567.0,Millions of dollars,51304-2026-02-pellgrant.xlsx,T1_Pell_02-2026,false,51304,Federal Pell Grant Program: Historical Funding and Program Costs for the Discretionary Portion of the Program / Amount and Source of Funding Increase or Reduction (-)b / Cumulative Surplus or Shortfall (-)d,fiscal_year,2023,2023,2023,36,11
Pell Grant,Cumulative Surplus or Shortfall (-)d,2024,2223.0,Millions of dollars,51304-2026-02-pellgrant.xlsx,T1_Pell_02-2026,false,51304,Federal Pell Grant Program: Historical Funding and Program Costs for the Discretionary Portion of the Program / Amount and Source of Funding Increase or Reduction (-)b / Cumulative Surplus or Shortfall (-)d,fiscal_year,2024,2024,2024,36,12
Pell Grant,Cumulative Surplus or Shortfall (-)d,2025,-5950.0,Millions of dollars,51304-2026-02-pellgrant.xlsx,T1_Pell_02-2026,false,51304,Federal Pell Grant Program: Historical Funding and Program Costs for the Discretionary Portion of the Program / Amount and Source of Funding Increase or Reduction (-)b / Cumulative Surplus or Shortfall (-)d,fiscal_year,2025,2025,2025,36,13
Pell Grant,Cumulative Surplus or Shortfall (-)d,2026,-5450.0,Millions of dollars,51304-2026-02-pellgrant.xlsx,T1_Pell_02-2026,false,51304,Federal Pell Grant Program: Historical Funding and Program Costs for the Discretionary Portion of the Program / Amount and Source of Funding Increase or Reduction (-)b / Cumulative Surplus or Shortfall (-)d,fiscal_year,2026,2026,2026,36,14
Pell Grant,"Estimated Cumulative Shortfall, Fiscal Year 2026",2016,-5450.353046206379,Millions of dollars,51304-2026-02-pellgrant.xlsx,T1_Pell_02-2026,false,51304,"Federal Pell Grant Program: Historical Funding and Program Costs for the Discretionary Portion of the Program / Amount and Source of Funding Increase or Reduction (-)b / Estimated Cumulative Shortfall, Fiscal Year 2026",fiscal_year,2016,2016,2016,38,4
Pell Grant,"Estimated Program Cost for $6,335 Maximuma",2026,34645.0,Millions of dollars,51304-2026-02-pellgrant.xlsx,T2_Pell_01-2026,false,51304,"Federal Pell Grant Program: Projected Program Costs / In millions of dollars, by fiscal year / Estimated Program Cost for $6,335 Maximuma",fiscal_year,2026,2026,2026,13,4
Pell Grant,"Estimated Program Cost for $6,335 Maximuma",2027,35209.0,Millions of dollars,51304-2026-02-pellgrant.xlsx,T2_Pell_01-2026,false,51304,"Federal Pell Grant Program: Projected Program Costs / In millions of dollars, by fiscal year / Estimated Program Cost for $6,335 Maximuma",fiscal_year,2027,2027,2027,13,5
Pell Grant,"Estimated Program Cost for $6,335 Maximuma",2028,35513.0,Millions of dollars,51304-2026-02-pellgrant.xlsx,T2_Pell_01-2026,false,51304,"Federal Pell Grant Program: Projected Program Costs / In millions of dollars, by fiscal year / Estimated Program Cost for $6,335 Maximuma",fiscal_year,2028,2028,2028,13,6
Pell Grant,"Estimated Program Cost for $6,335 Maximuma",2029,35783.0,Millions of dollars,51304-2026-02-pellgrant.xlsx,T2_Pell_01-2026,false,51304,"Federal Pell Grant Program: Projected Program Costs / In millions of dollars, by fiscal year / Estimated Program Cost for $6,335 Maximuma",fiscal_year,2029,2029,2029,13,7
Pell Grant,"Estimated Program Cost for $6,335 Maximuma",2030,36055.0,Millions of dollars,51304-2026-02-pellgrant.xlsx,T2_Pell_01-2026,false,51304,"Federal Pell Grant Program: Projected Program Costs / In millions of dollars, by fiscal year / Estimated Program Cost for $6,335 Maximuma",fiscal_year,2030,2030,2030,13,8
Pell Grant,"Estimated Program Cost for $6,335 Maximuma",2031,36285.0,Millions of dollars,51304-2026-02-pellgrant.xlsx,T2_Pell_01-2026,false,51304,"Federal Pell Grant Program: Projected Program Costs / In millions of dollars, by fiscal year / Estimated Program Cost for $6,335 Maximuma",fiscal_year,2031,2031,2031,13,9
Pell Grant,"Estimated Program Cost for $6,335 Maximuma",2032,36516.0,Millions of dollars,51304-2026-02-pellgrant.xlsx,T2_Pell_01-2026,false,51304,"Federal Pell Grant Program: Projected Program Costs / In millions of dollars, by fiscal year / Estimated Program Cost for $6,335 Maximuma",fiscal_year,2032,2032,2032,13,10
Pell Grant,"Estimated Program Cost for $6,335 Maximuma",2033,36748.0,Millions of dollars,51304-2026-02-pellgrant.xlsx,T2_Pell_01-2026,false,51304,"Federal Pell Grant Program: Projected Program Costs / In millions of dollars, by fiscal year / Estimated Program Cost for $6,335 Maximuma",fiscal_year,2033,2033,2033,13,11
Pell Grant,"Estimated Program Cost for $6,335 Maximuma",2034,36981.0,Millions of dollars,51304-2026-02-pellgrant.xlsx,T2_Pell_01-2026,false,51304,"Federal Pell Grant Program: Projected Program Costs / In millions of dollars, by fiscal year / Estimated Program Cost for $6,335 Maximuma",fiscal_year,2034,2034,2034,13,12
Pell Grant,"Estimated Program Cost for $6,335 Maximuma",2035,37178.0,Millions of dollars,51304-2026-02-pellgrant.xlsx,T2_Pell_01-2026,false,51304,"Federal Pell Grant Program: Projected Program Costs / In millions of dollars, by fiscal year / Estimated Program Cost for $6,335 Maximuma",fiscal_year,2035,2035,2035,13,13
Pell Grant,"Estimated Program Cost for $6,335 Maximuma",2036,37376.0,Millions of dollars,51304-2026-02-pellgrant.xlsx,T2_Pell_01-2026,false,51304,"Federal Pell Grant Program: Projected Program Costs / In millions of dollars, by fiscal year / Estimated Program Cost for $6,335 Maximuma",fiscal_year,2036,2036,2036,13,14
Pell Grant,"Estimated Cumulative Shortfall, 2026b",2026,-5450.353046206379,Millions of dollars,51304-2026-02-pellgrant.xlsx,T2_Pell_01-2026,false,51304,"Federal Pell Grant Program: Projected Program Costs / In millions of dollars, by fiscal year / Estimated Cumulative Shortfall, 2026b",fiscal_year,2026,2026,2026,14,4
Pell Grant,Mandatory-for-Discretionary Budget Authorityc,2026,12670.0,Millions of dollars,51304-2026-02-pellgrant.xlsx,T2_Pell_01-2026,false,51304,"Federal Pell Grant Program: Projected Program Costs / In millions of dollars, by fiscal year / Mandatory-for-Discretionary Budget Authorityc",fiscal_year,2026,2026,2026,15,4
Pell Grant,Mandatory-for-Discretionary Budget Authorityc,2027,1236.0,Millions of dollars,51304-2026-02-pellgrant.xlsx,T2_Pell_01-2026,false,51304,"Federal Pell Grant Program: Projected Program Costs / In millions of dollars, by fiscal year / Mandatory-for-Discretionary Budget Authorityc",fiscal_year,2027,2027,2027,15,5
Pell Grant,Mandatory-for-Discretionary Budget Authorityc,2028,1236.0,Millions of dollars,51304-2026-02-pellgrant.xlsx,T2_Pell_01-2026,false,51304,"Federal Pell Grant Program: Projected Program Costs / In millions of dollars, by fiscal year / Mandatory-for-Discretionary Budget Authorityc",fiscal_year,2028,2028,2028,15,6
Pell Grant,Mandatory-for-Discretionary Budget Authorityc,2029,1236.0,Millions of dollars,51304-2026-02-pellgrant.xlsx,T2_Pell_01-2026,false,51304,"Federal Pell Grant Program: Projected Program Costs / In millions of dollars, by fiscal year / Mandatory-for-Discretionary Budget Authorityc",fiscal_year,2029,2029,2029,15,7
Pell Grant,Mandatory-for-Discretionary Budget Authorityc,2030,1236.0,Millions of dollars,51304-2026-02-pellgrant.xlsx,T2_Pell_01-2026,false,51304,"Federal Pell Grant Program: Projected Program Costs / In millions of dollars, by fiscal year / Mandatory-for-Discretionary Budget Authorityc",fiscal_year,2030,2030,2030,15,8
Pell Grant,Mandatory-for-Discretionary Budget Authorityc,2031,1236.0,Millions of dollars,51304-2026-02-pellgrant.xlsx,T2_Pell_01-2026,false,51304,"Federal Pell Grant Program: Projected Program Costs / In millions of dollars, by fiscal year / Mandatory-for-Discretionary Budget Authorityc",fiscal_year,2031,2031,2031,15,9
Pell Grant,Mandatory-for-Discretionary Budget Authorityc,2032,1236.0,Millions of dollars,51304-2026-02-pellgrant.xlsx,T2_Pell_01-2026,false,51304,"Federal Pell Grant Program: Projected Program Costs / In millions of dollars, by fiscal year / Mandatory-for-Discretionary Budget Authorityc",fiscal_year,2032,2032,2032,15,10
Pell Grant,Mandatory-for-Discretionary Budget Authorityc,2033,1236.0,Millions of dollars,51304-2026-02-pellgrant.xlsx,T2_Pell_01-2026,false,51304,"Federal Pell Grant Program: Projected Program Costs / In millions of dollars, by fiscal year / Mandatory-for-Discretionary Budget Authorityc",fiscal_year,2033,2033,2033,15,11
Pell Grant,Mandatory-for-Discretionary Budget Authorityc,2034,1236.0,Millions of dollars,51304-2026-02-pellgrant.xlsx,T2_Pell_01-2026,false,51304,"Federal Pell Grant Program: Projected Program Costs / In millions of dollars, by fiscal year / Mandatory-for-Discretionary Budget Authorityc",fiscal_year,2034,2034,2034,15,12
Pell Grant,Mandatory-for-Discretionary Budget Authorityc,2035,1236.0,Millions of dollars,51304-2026-02-pellgrant.xlsx,T2_Pell_01-2026,false,51304,"Federal Pell Grant Program: Projected Program Costs / In millions of dollars, by fiscal year / Mandatory-for-Discretionary Budget Authorityc",fiscal_year,2035,2035,2035,15,13
Pell Grant,Mandatory-for-Discretionary Budget Authorityc,2036,1236.0,Millions of dollars,51304-2026-02-pellgrant.xlsx,T2_Pell_01-2026,false,51304,"Federal Pell Grant Program: Projected Program Costs / In millions of dollars, by fiscal year / Mandatory-for-Discretionary Budget Authorityc",fiscal_year,2036,2036,2036,15,14
Pell Grant,Total Additional Budget Authority Neededd,2026,27425.35304620638,Millions of dollars,51304-2026-02-pellgrant.xlsx,T2_Pell_01-2026,true,51304,"Federal Pell Grant Program: Projected Program Costs / In millions of dollars, by fiscal year / Total Additional Budget Authority Neededd",fiscal_year,2026,2026,2026,17,4
Pell Grant,Total Additional Budget Authority Neededd,2027,33973.0,Millions of dollars,51304-2026-02-pellgrant.xlsx,T2_Pell_01-2026,true,51304,"Federal Pell Grant Program: Projected Program Costs / In millions of dollars, by fiscal year / Total Additional Budget Authority Neededd",fiscal_year,2027,2027,2027,17,5
Pell Grant,Total Additional Budget Authority Neededd,2028,34277.0,Millions of dollars,51304-2026-02-pellgrant.xlsx,T2_Pell_01-2026,true,51304,"Federal Pell Grant Program: Projected Program Costs / In millions of dollars, by fiscal year / Total Additional Budget Authority Neededd",fiscal_year,2028,2028,2028,17,6
Pell Grant,Total Additional Budget Authority Neededd,2029,34547.0,Millions of dollars,51304-2026-02-pellgrant.xlsx,T2_Pell_01-2026,true,51304,"Federal Pell Grant Program: Projected Program Costs / In millions of dollars, by fiscal year / Total Additional Budget Authority Neededd",fiscal_year,2029,2029,2029,17,7
Pell Grant,Total Additional Budget Authority Neededd,2030,34819.0,Millions of dollars,51304-2026-02-pellgrant.xlsx,T2_Pell_01-2026,true,51304,"Federal Pell Grant Program: Projected Program Costs / In millions of dollars, by fiscal year / Total Additional Budget Authority Neededd",fiscal_year,2030,2030,2030,17,8
Pell Grant,Total Additional Budget Authority Neededd,2031,35049.0,Millions of dollars,51304-2026-02-pellgrant.xlsx,T2_Pell_01-2026,true,51304,"Federal Pell Grant Program: Projected Program Costs / In millions of dollars, by fiscal year / Total Additional Budget Authority Neededd",fiscal_year,2031,2031,2031,17,9
Pell Grant,Total Additional Budget Authority Neededd,2032,35280.0,Millions of dollars,51304-2026-02-pellgrant.xlsx,T2_Pell_01-2026,true,51304,"Federal Pell Grant Program: Projected Program Costs / In millions of dollars, by fiscal year / Total Additional Budget Authority Neededd",fiscal_year,2032,2032,2032,17,10
Pell Grant,Total Additional Budget Authority Neededd,2033,35512.0,Millions of dollars,51304-2026-02-pellgrant.xlsx,T2_Pell_01-2026,true,51304,"Federal Pell Grant Program: Projected Program Costs / In millions of dollars, by fiscal year / Total Additional Budget Authority Neededd",fiscal_year,2033,2033,2033,17,11
Pell Grant,Total Additional Budget Authority Neededd,2034,35745.0,Millions of dollars,51304-2026-02-pellgrant.xlsx,T2_Pell_01-2026,true,51304,"Federal Pell Grant Program: Projected Program Costs / In millions of dollars, by fiscal year / Total Additional Budget Authority Neededd",fiscal_year,2034,2034,2034,17,12
Pell Grant,Total Additional Budget Authority Neededd,2035,35942.0,Millions of dollars,51304-2026-02-pellgrant.xlsx,T2_Pell_01-2026,true,51304,"Federal Pell Grant Program: Projected Program Costs / In millions of dollars, by fiscal year / Total Additional Budget Authority Neededd",fiscal_year,2035,2035,2035,17,13
Pell Grant,Total Additional Budget Authority Neededd,2036,36140.0,Millions of dollars,51304-2026-02-pellgrant.xlsx,T2_Pell_01-2026,true,51304,"Federal Pell Grant Program: Projected Program Costs / In millions of dollars, by fiscal year / Total Additional Budget Authority Neededd",fiscal_year,2036,2036,2036,17,14
Pell Grant,Assumed Discretionary Maximum Award (Dollars)a,2026,6335.0,Dollars,51304-2026-02-pellgrant.xlsx,T3_Pell_02-2026,false,51304,Federal Pell Grant Program: Discretionary and Mandatory Program Costs and Outlays / Discretionary Pell Grant Program / Assumed Discretionary Maximum Award (Dollars)a,fiscal_year,2026,2026,2026,15,4
Pell Grant,Assumed Discretionary Maximum Award (Dollars)a,2027,6335.0,Dollars,51304-2026-02-pellgrant.xlsx,T3_Pell_02-2026,false,51304,Federal Pell Grant Program: Discretionary and Mandatory Program Costs and Outlays / Discretionary Pell Grant Program / Assumed Discretionary Maximum Award (Dollars)a,fiscal_year,2027,2027,2027,15,5
Pell Grant,Assumed Discretionary Maximum Award (Dollars)a,2028,6335.0,Dollars,51304-2026-02-pellgrant.xlsx,T3_Pell_02-2026,false,51304,Federal Pell Grant Program: Discretionary and Mandatory Program Costs and Outlays / Discretionary Pell Grant Program / Assumed Discretionary Maximum Award (Dollars)a,fiscal_year,2028,2028,2028,15,6
Pell Grant,Assumed Discretionary Maximum Award (Dollars)a,2029,6335.0,Dollars,51304-2026-02-pellgrant.xlsx,T3_Pell_02-2026,false,51304,Federal Pell Grant Program: Discretionary and Mandatory Program Costs and Outlays / Discretionary Pell Grant Program / Assumed Discretionary Maximum Award (Dollars)a,fiscal_year,2029,2029,2029,15,7
Pell Grant,Assumed Discretionary Maximum Award (Dollars)a,2030,6335.0,Dollars,51304-2026-02-pellgrant.xlsx,T3_Pell_02-2026,false,51304,Federal Pell Grant Program: Discretionary and Mandatory Program Costs and Outlays / Discretionary Pell Grant Program / Assumed Discretionary Maximum Award (Dollars)a,fiscal_year,2030,2030,2030,15,8
Pell Grant,Assumed Discretionary Maximum Award (Dollars)a,2031,6335.0,Dollars,51304-2026-02-pellgrant.xlsx,T3_Pell_02-2026,false,51304,Federal Pell Grant Program: Discretionary and Mandatory Program Costs and Outlays / Discretionary Pell Grant Program / Assumed Discretionary Maximum Award (Dollars)a,fiscal_year,2031,2031,2031,15,9
Pell Grant,Assumed Discretionary Maximum Award (Dollars)a,2032,6335.0,Dollars,51304-2026-02-pellgrant.xlsx,T3_Pell_02-2026,false,51304,Federal Pell Grant Program: Discretionary and Mandatory Program Costs and Outlays / Discretionary Pell Grant Program / Assumed Discretionary Maximum Award (Dollars)a,fiscal_year,2032,2032,2032,15,10
Pell Grant,Assumed Discretionary Maximum Award (Dollars)a,2033,6335.0,Dollars,51304-2026-02-pellgrant.xlsx,T3_Pell_02-2026,false,51304,Federal Pell Grant Program: Discretionary and Mandatory Program Costs and Outlays / Discretionary Pell Grant Program / Assumed Discretionary Maximum Award (Dollars)a,fiscal_year,2033,2033,2033,15,11
Pell Grant,Assumed Discretionary Maximum Award (Dollars)a,2034,6335.0,Dollars,51304-2026-02-pellgrant.xlsx,T3_Pell_02-2026,false,51304,Federal Pell Grant Program: Discretionary and Mandatory Program Costs and Outlays / Discretionary Pell Grant Program / Assumed Discretionary Maximum Award (Dollars)a,fiscal_year,2034,2034,2034,15,12
Pell Grant,Assumed Discretionary Maximum Award (Dollars)a,2035,6335.0,Dollars,51304-2026-02-pellgrant.xlsx,T3_Pell_02-2026,false,51304,Federal Pell Grant Program: Discretionary and Mandatory Program Costs and Outlays / Discretionary Pell Grant Program / Assumed Discretionary Maximum Award (Dollars)a,fiscal_year,2035,2035,2035,15,13
Pell Grant,Assumed Discretionary Maximum Award (Dollars)a,2036,6335.0,Dollars,51304-2026-02-pellgrant.xlsx,T3_Pell_02-2026,false,51304,Federal Pell Grant Program: Discretionary and Mandatory Program Costs and Outlays / Discretionary Pell Grant Program / Assumed Discretionary Maximum Award (Dollars)a,fiscal_year,2036,2036,2036,15,14
Pell Grant,Estimated program costs,2026,34645.0,Millions of dollars,51304-2026-02-pellgrant.xlsx,T3_Pell_02-2026,true,51304,"Federal Pell Grant Program: Discretionary and Mandatory Program Costs and Outlays / Total, Discretionary Pell Grants (Millions of dollars) / Estimated program costs",fiscal_year,2026,2026,2026,18,4
Pell Grant,Estimated program costs,2027,35209.0,Millions of dollars,51304-2026-02-pellgrant.xlsx,T3_Pell_02-2026,true,51304,"Federal Pell Grant Program: Discretionary and Mandatory Program Costs and Outlays / Total, Discretionary Pell Grants (Millions of dollars) / Estimated program costs",fiscal_year,2027,2027,2027,18,5
Pell Grant,Estimated program costs,2028,35513.0,Millions of dollars,51304-2026-02-pellgrant.xlsx,T3_Pell_02-2026,true,51304,"Federal Pell Grant Program: Discretionary and Mandatory Program Costs and Outlays / Total, Discretionary Pell Grants (Millions of dollars) / Estimated program costs",fiscal_year,2028,2028,2028,18,6
Pell Grant,Estimated program costs,2029,35783.0,Millions of dollars,51304-2026-02-pellgrant.xlsx,T3_Pell_02-2026,true,51304,"Federal Pell Grant Program: Discretionary and Mandatory Program Costs and Outlays / Total, Discretionary Pell Grants (Millions of dollars) / Estimated program costs",fiscal_year,2029,2029,2029,18,7
Pell Grant,Estimated program costs,2030,36055.0,Millions of dollars,51304-2026-02-pellgrant.xlsx,T3_Pell_02-2026,true,51304,"Federal Pell Grant Program: Discretionary and Mandatory Program Costs and Outlays / Total, Discretionary Pell Grants (Millions of dollars) / Estimated program costs",fiscal_year,2030,2030,2030,18,8
Pell Grant,Estimated program costs,2031,36285.0,Millions of dollars,51304-2026-02-pellgrant.xlsx,T3_Pell_02-2026,true,51304,"Federal Pell Grant Program: Discretionary and Mandatory Program Costs and Outlays / Total, Discretionary Pell Grants (Millions of dollars) / Estimated program costs",fiscal_year,2031,2031,2031,18,9
Pell Grant,Estimated program costs,2032,36516.0,Millions of dollars,51304-2026-02-pellgrant.xlsx,T3_Pell_02-2026,true,51304,"Federal Pell Grant Program: Discretionary and Mandatory Program Costs and Outlays / Total, Discretionary Pell Grants (Millions of dollars) / Estimated program costs",fiscal_year,2032,2032,2032,18,10
Pell Grant,Estimated program costs,2033,36748.0,Millions of dollars,51304-2026-02-pellgrant.xlsx,T3_Pell_02-2026,true,51304,"Federal Pell Grant Program: Discretionary and Mandatory Program Costs and Outlays / Total, Discretionary Pell Grants (Millions of dollars) / Estimated program costs",fiscal_year,2033,2033,2033,18,11
Pell Grant,Estimated program costs,2034,36981.0,Millions of dollars,51304-2026-02-pellgrant.xlsx,T3_Pell_02-2026,true,51304,"Federal Pell Grant Program: Discretionary and Mandatory Program Costs and Outlays / Total, Discretionary Pell Grants (Millions of dollars) / Estimated program costs",fiscal_year,2034,2034,2034,18,12
Pell Grant,Estimated program costs,2035,37178.0,Millions of dollars,51304-2026-02-pellgrant.xlsx,T3_Pell_02-2026,true,51304,"Federal Pell Grant Program: Discretionary and Mandatory Program Costs and Outlays / Total, Discretionary Pell Grants (Millions of dollars) / Estimated program costs",fiscal_year,2035,2035,2035,18,13
Pell Grant,Estimated program costs,2036,37376.0,Millions of dollars,51304-2026-02-pellgrant.xlsx,T3_Pell_02-2026,true,51304,"Federal Pell Grant Program: Discretionary and Mandatory Program Costs and Outlays / Total, Discretionary Pell Grants (Millions of dollars) / Estimated program costs",fiscal_year,2036,2036,2036,18,14
Pell Grant,Estimated program costs,,213490.0,Millions of dollars,51304-2026-02-pellgrant.xlsx,T3_Pell_02-2026,true,51304,"Federal Pell Grant Program: Discretionary and Mandatory Program Costs and Outlays / Total, Discretionary Pell Grants (Millions of dollars) / Estimated program costs",cumulative_fiscal_years,2026,2031,2026-2031,18,15
Pell Grant,Estimated program costs,,398289.0,Millions of dollars,51304-2026-02-pellgrant.xlsx,T3_Pell_02-2026,true,51304,"Federal Pell Grant Program: Discretionary and Mandatory Program Costs and Outlays / Total, Discretionary Pell Grants (Millions of dollars) / Estimated program costs",cumulative_fiscal_years,2026,2036,2026-2036,18,16
Pell Grant,Estimated outlays,2026,34023.0,Millions of dollars,51304-2026-02-pellgrant.xlsx,T3_Pell_02-2026,true,51304,"Federal Pell Grant Program: Discretionary and Mandatory Program Costs and Outlays / Total, Discretionary Pell Grants (Millions of dollars) / Estimated outlays",fiscal_year,2026,2026,2026,19,4
Pell Grant,Estimated outlays,2027,34784.0,Millions of dollars,51304-2026-02-pellgrant.xlsx,T3_Pell_02-2026,true,51304,"Federal Pell Grant Program: Discretionary and Mandatory Program Costs and Outlays / Total, Discretionary Pell Grants (Millions of dollars) / Estimated outlays",fiscal_year,2027,2027,2027,19,5
Pell Grant,Estimated outlays,2028,35282.0,Millions of dollars,51304-2026-02-pellgrant.xlsx,T3_Pell_02-2026,true,51304,"Federal Pell Grant Program: Discretionary and Mandatory Program Costs and Outlays / Total, Discretionary Pell Grants (Millions of dollars) / Estimated outlays",fiscal_year,2028,2028,2028,19,6
Pell Grant,Estimated outlays,2029,35580.0,Millions of dollars,51304-2026-02-pellgrant.xlsx,T3_Pell_02-2026,true,51304,"Federal Pell Grant Program: Discretionary and Mandatory Program Costs and Outlays / Total, Discretionary Pell Grants (Millions of dollars) / Estimated outlays",fiscal_year,2029,2029,2029,19,7
Pell Grant,Estimated outlays,2030,35851.0,Millions of dollars,51304-2026-02-pellgrant.xlsx,T3_Pell_02-2026,true,51304,"Federal Pell Grant Program: Discretionary and Mandatory Program Costs and Outlays / Total, Discretionary Pell Grants (Millions of dollars) / Estimated outlays",fiscal_year,2030,2030,2030,19,8
Pell Grant,Estimated outlays,2031,36112.0,Millions of dollars,51304-2026-02-pellgrant.xlsx,T3_Pell_02-2026,true,51304,"Federal Pell Grant Program: Discretionary and Mandatory Program Costs and Outlays / Total, Discretionary Pell Grants (Millions of dollars) / Estimated outlays",fiscal_year,2031,2031,2031,19,9
Pell Grant,Estimated outlays,2032,36342.0,Millions of dollars,51304-2026-02-pellgrant.xlsx,T3_Pell_02-2026,true,51304,"Federal Pell Grant Program: Discretionary and Mandatory Program Costs and Outlays / Total, Discretionary Pell Grants (Millions of dollars) / Estimated outlays",fiscal_year,2032,2032,2032,19,10
Pell Grant,Estimated outlays,2033,36574.0,Millions of dollars,51304-2026-02-pellgrant.xlsx,T3_Pell_02-2026,true,51304,"Federal Pell Grant Program: Discretionary and Mandatory Program Costs and Outlays / Total, Discretionary Pell Grants (Millions of dollars) / Estimated outlays",fiscal_year,2033,2033,2033,19,11
Pell Grant,Estimated outlays,2034,36806.0,Millions of dollars,51304-2026-02-pellgrant.xlsx,T3_Pell_02-2026,true,51304,"Federal Pell Grant Program: Discretionary and Mandatory Program Costs and Outlays / Total, Discretionary Pell Grants (Millions of dollars) / Estimated outlays",fiscal_year,2034,2034,2034,19,12
Pell Grant,Estimated outlays,2035,37030.0,Millions of dollars,51304-2026-02-pellgrant.xlsx,T3_Pell_02-2026,true,51304,"Federal Pell Grant Program: Discretionary and Mandatory Program Costs and Outlays / Total, Discretionary Pell Grants (Millions of dollars) / Estimated outlays",fiscal_year,2035,2035,2035,19,13
Pell Grant,Estimated outlays,2036,37228.0,Millions of dollars,51304-2026-02-pellgrant.xlsx,T3_Pell_02-2026,true,51304,"Federal Pell Grant Program: Discretionary and Mandatory Program Costs and Outlays / Total, Discretionary Pell Grants (Millions of dollars) / Estimated outlays",fiscal_year,2036,2036,2036,19,14
Pell Grant,Estimated outlays,,211632.0,Millions of dollars,51304-2026-02-pellgrant.xlsx,T3_Pell_02-2026,true,51304,"Federal Pell Grant Program: Discretionary and Mandatory Program Costs and Outlays / Total, Discretionary Pell Grants (Millions of dollars) / Estimated outlays",cumulative_fiscal_years,2026,2031,2026-2031,19,15
Pell Grant,Estimated outlays,,395612.0,Millions of dollars,51304-2026-02-pellgrant.xlsx,T3_Pell_02-2026,true,51304,"Federal Pell Grant Program: Discretionary and Mandatory Program Costs and Outlays / Total, Discretionary Pell Grants (Millions of dollars) / Estimated outlays",cumulative_fiscal_years,2026,2036,2026-2036,19,16
Pell Grant,Mandatory Add-On Award (Dollars),2026,1060.0,Dollars,51304-2026-02-pellgrant.xlsx,T3_Pell_02-2026,false,51304,Federal Pell Grant Program: Discretionary and Mandatory Program Costs and Outlays / Mandatory Pell Grant Program / Mandatory Add-On Award (Dollars),fiscal_year,2026,2026,2026,23,4
Pell Grant,Mandatory Add-On Award (Dollars),2027,1060.0,Dollars,51304-2026-02-pellgrant.xlsx,T3_Pell_02-2026,false,51304,Federal Pell Grant Program: Discretionary and Mandatory Program Costs and Outlays / Mandatory Pell Grant Program / Mandatory Add-On Award (Dollars),fiscal_year,2027,2027,2027,23,5
Pell Grant,Mandatory Add-On Award (Dollars),2028,1060.0,Dollars,51304-2026-02-pellgrant.xlsx,T3_Pell_02-2026,false,51304,Federal Pell Grant Program: Discretionary and Mandatory Program Costs and Outlays / Mandatory Pell Grant Program / Mandatory Add-On Award (Dollars),fiscal_year,2028,2028,2028,23,6
Pell Grant,Mandatory Add-On Award (Dollars),2029,1060.0,Dollars,51304-2026-02-pellgrant.xlsx,T3_Pell_02-2026,false,51304,Federal Pell Grant Program: Discretionary and Mandatory Program Costs and Outlays / Mandatory Pell Grant Program / Mandatory Add-On Award (Dollars),fiscal_year,2029,2029,2029,23,7
Pell Grant,Mandatory Add-On Award (Dollars),2030,1060.0,Dollars,51304-2026-02-pellgrant.xlsx,T3_Pell_02-2026,false,51304,Federal Pell Grant Program: Discretionary and Mandatory Program Costs and Outlays / Mandatory Pell Grant Program / Mandatory Add-On Award (Dollars),fiscal_year,2030,2030,2030,23,8
Pell Grant,Mandatory Add-On Award (Dollars),2031,1060.0,Dollars,51304-2026-02-pellgrant.xlsx,T3_Pell_02-2026,false,51304,Federal Pell Grant Program: Discretionary and Mandatory Program Costs and Outlays / Mandatory Pell Grant Program / Mandatory Add-On Award (Dollars),fiscal_year,2031,2031,2031,23,9
Pell Grant,Mandatory Add-On Award (Dollars),2032,1060.0,Dollars,51304-2026-02-pellgrant.xlsx,T3_Pell_02-2026,false,51304,Federal Pell Grant Program: Discretionary and Mandatory Program Costs and Outlays / Mandatory Pell Grant Program / Mandatory Add-On Award (Dollars),fiscal_year,2032,2032,2032,23,10
Pell Grant,Mandatory Add-On Award (Dollars),2033,1060.0,Dollars,51304-2026-02-pellgrant.xlsx,T3_Pell_02-2026,false,51304,Federal Pell Grant Program: Discretionary and Mandatory Program Costs and Outlays / Mandatory Pell Grant Program / Mandatory Add-On Award (Dollars),fiscal_year,2033,2033,2033,23,11
Pell Grant,Mandatory Add-On Award (Dollars),2034,1060.0,Dollars,51304-2026-02-pellgrant.xlsx,T3_Pell_02-2026,false,51304,Federal Pell Grant Program: Discretionary and Mandatory Program Costs and Outlays / Mandatory Pell Grant Program / Mandatory Add-On Award (Dollars),fiscal_year,2034,2034,2034,23,12
Pell Grant,Mandatory Add-On Award (Dollars),2035,1060.0,Dollars,51304-2026-02-pellgrant.xlsx,T3_Pell_02-2026,false,51304,Federal Pell Grant Program: Discretionary and Mandatory Program Costs and Outlays / Mandatory Pell Grant Program / Mandatory Add-On Award (Dollars),fiscal_year,2035,2035,2035,23,13
Pell Grant,Mandatory Add-On Award (Dollars),2036,1060.0,Dollars,51304-2026-02-pellgrant.xlsx,T3_Pell_02-2026,false,51304,Federal Pell Grant Program: Discretionary and Mandatory Program Costs and Outlays / Mandatory Pell Grant Program / Mandatory Add-On Award (Dollars),fiscal_year,2036,2036,2036,23,14
Pell Grant,Estimated program costs,2026,6376.0,Millions of dollars,51304-2026-02-pellgrant.xlsx,T3_Pell_02-2026,true,51304,"Federal Pell Grant Program: Discretionary and Mandatory Program Costs and Outlays / Total, Mandatory Pell Grant Add-On (Millions of dollars) / Estimated program costs",fiscal_year,2026,2026,2026,26,4
Pell Grant,Estimated program costs,2027,6381.0,Millions of dollars,51304-2026-02-pellgrant.xlsx,T3_Pell_02-2026,true,51304,"Federal Pell Grant Program: Discretionary and Mandatory Program Costs and Outlays / Total, Mandatory Pell Grant Add-On (Millions of dollars) / Estimated program costs",fiscal_year,2027,2027,2027,26,5
Pell Grant,Estimated program costs,2028,6405.0,Millions of dollars,51304-2026-02-pellgrant.xlsx,T3_Pell_02-2026,true,51304,"Federal Pell Grant Program: Discretionary and Mandatory Program Costs and Outlays / Total, Mandatory Pell Grant Add-On (Millions of dollars) / Estimated program costs",fiscal_year,2028,2028,2028,26,6
Pell Grant,Estimated program costs,2029,6412.0,Millions of dollars,51304-2026-02-pellgrant.xlsx,T3_Pell_02-2026,true,51304,"Federal Pell Grant Program: Discretionary and Mandatory Program Costs and Outlays / Total, Mandatory Pell Grant Add-On (Millions of dollars) / Estimated program costs",fiscal_year,2029,2029,2029,26,7
Pell Grant,Estimated program costs,2030,6420.0,Millions of dollars,51304-2026-02-pellgrant.xlsx,T3_Pell_02-2026,true,51304,"Federal Pell Grant Program: Discretionary and Mandatory Program Costs and Outlays / Total, Mandatory Pell Grant Add-On (Millions of dollars) / Estimated program costs",fiscal_year,2030,2030,2030,26,8
Pell Grant,Estimated program costs,2031,6429.0,Millions of dollars,51304-2026-02-pellgrant.xlsx,T3_Pell_02-2026,true,51304,"Federal Pell Grant Program: Discretionary and Mandatory Program Costs and Outlays / Total, Mandatory Pell Grant Add-On (Millions of dollars) / Estimated program costs",fiscal_year,2031,2031,2031,26,9
Pell Grant,Estimated program costs,2032,6439.0,Millions of dollars,51304-2026-02-pellgrant.xlsx,T3_Pell_02-2026,true,51304,"Federal Pell Grant Program: Discretionary and Mandatory Program Costs and Outlays / Total, Mandatory Pell Grant Add-On (Millions of dollars) / Estimated program costs",fiscal_year,2032,2032,2032,26,10
Pell Grant,Estimated program costs,2033,6448.0,Millions of dollars,51304-2026-02-pellgrant.xlsx,T3_Pell_02-2026,true,51304,"Federal Pell Grant Program: Discretionary and Mandatory Program Costs and Outlays / Total, Mandatory Pell Grant Add-On (Millions of dollars) / Estimated program costs",fiscal_year,2033,2033,2033,26,11
Pell Grant,Estimated program costs,2034,6468.0,Millions of dollars,51304-2026-02-pellgrant.xlsx,T3_Pell_02-2026,true,51304,"Federal Pell Grant Program: Discretionary and Mandatory Program Costs and Outlays / Total, Mandatory Pell Grant Add-On (Millions of dollars) / Estimated program costs",fiscal_year,2034,2034,2034,26,12
Pell Grant,Estimated program costs,2035,6481.0,Millions of dollars,51304-2026-02-pellgrant.xlsx,T3_Pell_02-2026,true,51304,"Federal Pell Grant Program: Discretionary and Mandatory Program Costs and Outlays / Total, Mandatory Pell Grant Add-On (Millions of dollars) / Estimated program costs",fiscal_year,2035,2035,2035,26,13
Pell Grant,Estimated program costs,2036,6484.0,Millions of dollars,51304-2026-02-pellgrant.xlsx,T3_Pell_02-2026,true,51304,"Federal Pell Grant Program: Discretionary and Mandatory Program Costs and Outlays / Total, Mandatory Pell Grant Add-On (Millions of dollars) / Estimated program costs",fiscal_year,2036,2036,2036,26,14
Pell Grant,Estimated program costs,,38423.0,Millions of dollars,51304-2026-02-pellgrant.xlsx,T3_Pell_02-2026,true,51304,"Federal Pell Grant Program: Discretionary and Mandatory Program Costs and Outlays / Total, Mandatory Pell Grant Add-On (Millions of dollars) / Estimated program costs",cumulative_fiscal_years,2026,2031,2026-2031,26,15
Pell Grant,Estimated program costs,,70743.0,Millions of dollars,51304-2026-02-pellgrant.xlsx,T3_Pell_02-2026,true,51304,"Federal Pell Grant Program: Discretionary and Mandatory Program Costs and Outlays / Total, Mandatory Pell Grant Add-On (Millions of dollars) / Estimated program costs",cumulative_fiscal_years,2026,2036,2026-2036,26,16
Pell Grant,Estimated outlays,2026,6278.0,Millions of dollars,51304-2026-02-pellgrant.xlsx,T3_Pell_02-2026,true,51304,"Federal Pell Grant Program: Discretionary and Mandatory Program Costs and Outlays / Total, Mandatory Pell Grant Add-On (Millions of dollars) / Estimated outlays",fiscal_year,2026,2026,2026,27,4
Pell Grant,Estimated outlays,2027,6376.0,Millions of dollars,51304-2026-02-pellgrant.xlsx,T3_Pell_02-2026,true,51304,"Federal Pell Grant Program: Discretionary and Mandatory Program Costs and Outlays / Total, Mandatory Pell Grant Add-On (Millions of dollars) / Estimated outlays",fiscal_year,2027,2027,2027,27,5
Pell Grant,Estimated outlays,2028,6387.0,Millions of dollars,51304-2026-02-pellgrant.xlsx,T3_Pell_02-2026,true,51304,"Federal Pell Grant Program: Discretionary and Mandatory Program Costs and Outlays / Total, Mandatory Pell Grant Add-On (Millions of dollars) / Estimated outlays",fiscal_year,2028,2028,2028,27,6
Pell Grant,Estimated outlays,2029,6407.0,Millions of dollars,51304-2026-02-pellgrant.xlsx,T3_Pell_02-2026,true,51304,"Federal Pell Grant Program: Discretionary and Mandatory Program Costs and Outlays / Total, Mandatory Pell Grant Add-On (Millions of dollars) / Estimated outlays",fiscal_year,2029,2029,2029,27,7
Pell Grant,Estimated outlays,2030,6414.0,Millions of dollars,51304-2026-02-pellgrant.xlsx,T3_Pell_02-2026,true,51304,"Federal Pell Grant Program: Discretionary and Mandatory Program Costs and Outlays / Total, Mandatory Pell Grant Add-On (Millions of dollars) / Estimated outlays",fiscal_year,2030,2030,2030,27,8
Pell Grant,Estimated outlays,2031,6422.0,Millions of dollars,51304-2026-02-pellgrant.xlsx,T3_Pell_02-2026,true,51304,"Federal Pell Grant Program: Discretionary and Mandatory Program Costs and Outlays / Total, Mandatory Pell Grant Add-On (Millions of dollars) / Estimated outlays",fiscal_year,2031,2031,2031,27,9
Pell Grant,Estimated outlays,2032,6432.0,Millions of dollars,51304-2026-02-pellgrant.xlsx,T3_Pell_02-2026,true,51304,"Federal Pell Grant Program: Discretionary and Mandatory Program Costs and Outlays / Total, Mandatory Pell Grant Add-On (Millions of dollars) / Estimated outlays",fiscal_year,2032,2032,2032,27,10
Pell Grant,Estimated outlays,2033,6441.0,Millions of dollars,51304-2026-02-pellgrant.xlsx,T3_Pell_02-2026,true,51304,"Federal Pell Grant Program: Discretionary and Mandatory Program Costs and Outlays / Total, Mandatory Pell Grant Add-On (Millions of dollars) / Estimated outlays",fiscal_year,2033,2033,2033,27,11
Pell Grant,Estimated outlays,2034,6453.0,Millions of dollars,51304-2026-02-pellgrant.xlsx,T3_Pell_02-2026,true,51304,"Federal Pell Grant Program: Discretionary and Mandatory Program Costs and Outlays / Total, Mandatory Pell Grant Add-On (Millions of dollars) / Estimated outlays",fiscal_year,2034,2034,2034,27,12
Pell Grant,Estimated outlays,2035,6471.0,Millions of dollars,51304-2026-02-pellgrant.xlsx,T3_Pell_02-2026,true,51304,"Federal Pell Grant Program: Discretionary and Mandatory Program Costs and Outlays / Total, Mandatory Pell Grant Add-On (Millions of dollars) / Estimated outlays",fiscal_year,2035,2035,2035,27,13
Pell Grant,Estimated outlays,2036,6482.0,Millions of dollars,51304-2026-02-pellgrant.xlsx,T3_Pell_02-2026,true,51304,"Federal Pell Grant Program: Discretionary and Mandatory Program Costs and Outlays / Total, Mandatory Pell Grant Add-On (Millions of dollars) / Estimated outlays",fiscal_year,2036,2036,2036,27,14
Pell Grant,Estimated outlays,,38284.0,Millions of dollars,51304-2026-02-pellgrant.xlsx,T3_Pell_02-2026,true,51304,"Federal Pell Grant Program: Discretionary and Mandatory Program Costs and Outlays / Total, Mandatory Pell Grant Add-On (Millions of dollars) / Estimated outlays",cumulative_fiscal_years,2026,2031,2026-2031,27,15
Pell Grant,Estimated outlays,,70563.0,Millions of dollars,51304-2026-02-pellgrant.xlsx,T3_Pell_02-2026,true,51304,"Federal Pell Grant Program: Discretionary and Mandatory Program Costs and Outlays / Total, Mandatory Pell Grant Add-On (Millions of dollars) / Estimated outlays",cumulative_fiscal_years,2026,2036,2026-2036,27,16
Pell Grant,Total Maximum Award (Dollars),2026,7395.0,Dollars,51304-2026-02-pellgrant.xlsx,T3_Pell_02-2026,true,51304,Federal Pell Grant Program: Discretionary and Mandatory Program Costs and Outlays / Total Pell Grant Program / Total Maximum Award (Dollars),fiscal_year,2026,2026,2026,31,4
Pell Grant,Total Maximum Award (Dollars),2027,7395.0,Dollars,51304-2026-02-pellgrant.xlsx,T3_Pell_02-2026,true,51304,Federal Pell Grant Program: Discretionary and Mandatory Program Costs and Outlays / Total Pell Grant Program / Total Maximum Award (Dollars),fiscal_year,2027,2027,2027,31,5
Pell Grant,Total Maximum Award (Dollars),2028,7395.0,Dollars,51304-2026-02-pellgrant.xlsx,T3_Pell_02-2026,true,51304,Federal Pell Grant Program: Discretionary and Mandatory Program Costs and Outlays / Total Pell Grant Program / Total Maximum Award (Dollars),fiscal_year,2028,2028,2028,31,6
Pell Grant,Total Maximum Award (Dollars),2029,7395.0,Dollars,51304-2026-02-pellgrant.xlsx,T3_Pell_02-2026,true,51304,Federal Pell Grant Program: Discretionary and Mandatory Program Costs and Outlays / Total Pell Grant Program / Total Maximum Award (Dollars),fiscal_year,2029,2029,2029,31,7
Pell Grant,Total Maximum Award (Dollars),2030,7395.0,Dollars,51304-2026-02-pellgrant.xlsx,T3_Pell_02-2026,true,51304,Federal Pell Grant Program: Discretionary and Mandatory Program Costs and Outlays / Total Pell Grant Program / Total Maximum Award (Dollars),fiscal_year,2030,2030,2030,31,8
Pell Grant,Total Maximum Award (Dollars),2031,7395.0,Dollars,51304-2026-02-pellgrant.xlsx,T3_Pell_02-2026,true,51304,Federal Pell Grant Program: Discretionary and Mandatory Program Costs and Outlays / Total Pell Grant Program / Total Maximum Award (Dollars),fiscal_year,2031,2031,2031,31,9
Pell Grant,Total Maximum Award (Dollars),2032,7395.0,Dollars,51304-2026-02-pellgrant.xlsx,T3_Pell_02-2026,true,51304,Federal Pell Grant Program: Discretionary and Mandatory Program Costs and Outlays / Total Pell Grant Program / Total Maximum Award (Dollars),fiscal_year,2032,2032,2032,31,10
Pell Grant,Total Maximum Award (Dollars),2033,7395.0,Dollars,51304-2026-02-pellgrant.xlsx,T3_Pell_02-2026,true,51304,Federal Pell Grant Program: Discretionary and Mandatory Program Costs and Outlays / Total Pell Grant Program / Total Maximum Award (Dollars),fiscal_year,2033,2033,2033,31,11
Pell Grant,Total Maximum Award (Dollars),2034,7395.0,Dollars,51304-2026-02-pellgrant.xlsx,T3_Pell_02-2026,true,51304,Federal Pell Grant Program: Discretionary and Mandatory Program Costs and Outlays / Total Pell Grant Program / Total Maximum Award (Dollars),fiscal_year,2034,2034,2034,31,12
Pell Grant,Total Maximum Award (Dollars),2035,7395.0,Dollars,51304-2026-02-pellgrant.xlsx,T3_Pell_02-2026,true,51304,Federal Pell Grant Program: Discretionary and Mandatory Program Costs and Outlays / Total Pell Grant Program / Total Maximum Award (Dollars),fiscal_year,2035,2035,2035,31,13
Pell Grant,Total Maximum Award (Dollars),2036,7395.0,Dollars,51304-2026-02-pellgrant.xlsx,T3_Pell_02-2026,true,51304,Federal Pell Grant Program: Discretionary and Mandatory Program Costs and Outlays / Total Pell Grant Program / Total Maximum Award (Dollars),fiscal_year,2036,2036,2036,31,14
Pell Grant,Estimated program costs,2026,41021.0,Millions of dollars,51304-2026-02-pellgrant.xlsx,T3_Pell_02-2026,true,51304,"Federal Pell Grant Program: Discretionary and Mandatory Program Costs and Outlays / Total, Pell Grants (Millions of dollars) / Estimated program costs",fiscal_year,2026,2026,2026,34,4
Pell Grant,Estimated program costs,2027,41590.0,Millions of dollars,51304-2026-02-pellgrant.xlsx,T3_Pell_02-2026,true,51304,"Federal Pell Grant Program: Discretionary and Mandatory Program Costs and Outlays / Total, Pell Grants (Millions of dollars) / Estimated program costs",fiscal_year,2027,2027,2027,34,5
Pell Grant,Estimated program costs,2028,41918.0,Millions of dollars,51304-2026-02-pellgrant.xlsx,T3_Pell_02-2026,true,51304,"Federal Pell Grant Program: Discretionary and Mandatory Program Costs and Outlays / Total, Pell Grants (Millions of dollars) / Estimated program costs",fiscal_year,2028,2028,2028,34,6
Pell Grant,Estimated program costs,2029,42195.0,Millions of dollars,51304-2026-02-pellgrant.xlsx,T3_Pell_02-2026,true,51304,"Federal Pell Grant Program: Discretionary and Mandatory Program Costs and Outlays / Total, Pell Grants (Millions of dollars) / Estimated program costs",fiscal_year,2029,2029,2029,34,7
Pell Grant,Estimated program costs,2030,42475.0,Millions of dollars,51304-2026-02-pellgrant.xlsx,T3_Pell_02-2026,true,51304,"Federal Pell Grant Program: Discretionary and Mandatory Program Costs and Outlays / Total, Pell Grants (Millions of dollars) / Estimated program costs",fiscal_year,2030,2030,2030,34,8
Pell Grant,Estimated program costs,2031,42714.0,Millions of dollars,51304-2026-02-pellgrant.xlsx,T3_Pell_02-2026,true,51304,"Federal Pell Grant Program: Discretionary and Mandatory Program Costs and Outlays / Total, Pell Grants (Millions of dollars) / Estimated program costs",fiscal_year,2031,2031,2031,34,9
Pell Grant,Estimated program costs,2032,42955.0,Millions of dollars,51304-2026-02-pellgrant.xlsx,T3_Pell_02-2026,true,51304,"Federal Pell Grant Program: Discretionary and Mandatory Program Costs and Outlays / Total, Pell Grants (Millions of dollars) / Estimated program costs",fiscal_year,2032,2032,2032,34,10
Pell Grant,Estimated program costs,2033,43196.0,Millions of dollars,51304-2026-02-pellgrant.xlsx,T3_Pell_02-2026,true,51304,"Federal Pell Grant Program: Discretionary and Mandatory Program Costs and Outlays / Total, Pell Grants (Millions of dollars) / Estimated program costs",fiscal_year,2033,2033,2033,34,11
Pell Grant,Estimated program costs,2034,43449.0,Millions of dollars,51304-2026-02-pellgrant.xlsx,T3_Pell_02-2026,true,51304,"Federal Pell Grant Program: Discretionary and Mandatory Program Costs and Outlays / Total, Pell Grants (Millions of dollars) / Estimated program costs",fiscal_year,2034,2034,2034,34,12
Pell Grant,Estimated program costs,2035,43659.0,Millions of dollars,51304-2026-02-pellgrant.xlsx,T3_Pell_02-2026,true,51304,"Federal Pell Grant Program: Discretionary and Mandatory Program Costs and Outlays / Total, Pell Grants (Millions of dollars) / Estimated program costs",fiscal_year,2035,2035,2035,34,13
Pell Grant,Estimated program costs,2036,43860.0,Millions of dollars,51304-2026-02-pellgrant.xlsx,T3_Pell_02-2026,true,51304,"Federal Pell Grant Program: Discretionary and Mandatory Program Costs and Outlays / Total, Pell Grants (Millions of dollars) / Estimated program costs",fiscal_year,2036,2036,2036,34,14
Pell Grant,Estimated program costs,,251913.0,Millions of dollars,51304-2026-02-pellgrant.xlsx,T3_Pell_02-2026,true,51304,"Federal Pell Grant Program: Discretionary and Mandatory Program Costs and Outlays / Total, Pell Grants (Millions of dollars) / Estimated program costs",cumulative_fiscal_years,2026,2031,2026-2031,34,15
Pell Grant,Estimated program costs,,469032.0,Millions of dollars,51304-2026-02-pellgrant.xlsx,T3_Pell_02-2026,true,51304,"Federal Pell Grant Program: Discretionary and Mandatory Program Costs and Outlays / Total, Pell Grants (Millions of dollars) / Estimated program costs",cumulative_fiscal_years,2026,2036,2026-2036,34,16
Pell Grant,Estimated outlays,2026,40301.0,Millions of dollars,51304-2026-02-pellgrant.xlsx,T3_Pell_02-2026,true,51304,"Federal Pell Grant Program: Discretionary and Mandatory Program Costs and Outlays / Total, Pell Grants (Millions of dollars) / Estimated outlays",fiscal_year,2026,2026,2026,35,4
Pell Grant,Estimated outlays,2027,41160.0,Millions of dollars,51304-2026-02-pellgrant.xlsx,T3_Pell_02-2026,true,51304,"Federal Pell Grant Program: Discretionary and Mandatory Program Costs and Outlays / Total, Pell Grants (Millions of dollars) / Estimated outlays",fiscal_year,2027,2027,2027,35,5
Pell Grant,Estimated outlays,2028,41669.0,Millions of dollars,51304-2026-02-pellgrant.xlsx,T3_Pell_02-2026,true,51304,"Federal Pell Grant Program: Discretionary and Mandatory Program Costs and Outlays / Total, Pell Grants (Millions of dollars) / Estimated outlays",fiscal_year,2028,2028,2028,35,6
Pell Grant,Estimated outlays,2029,41987.0,Millions of dollars,51304-2026-02-pellgrant.xlsx,T3_Pell_02-2026,true,51304,"Federal Pell Grant Program: Discretionary and Mandatory Program Costs and Outlays / Total, Pell Grants (Millions of dollars) / Estimated outlays",fiscal_year,2029,2029,2029,35,7
Pell Grant,Estimated outlays,2030,42265.0,Millions of dollars,51304-2026-02-pellgrant.xlsx,T3_Pell_02-2026,true,51304,"Federal Pell Grant Program: Discretionary and Mandatory Program Costs and Outlays / Total, Pell Grants (Millions of dollars) / Estimated outlays",fiscal_year,2030,2030,2030,35,8
Pell Grant,Estimated outlays,2031,42534.0,Millions of dollars,51304-2026-02-pellgrant.xlsx,T3_Pell_02-2026,true,51304,"Federal Pell Grant Program: Discretionary and Mandatory Program Costs and Outlays / Total, Pell Grants (Millions of dollars) / Estimated outlays",fiscal_year,2031,2031,2031,35,9
Pell Grant,Estimated outlays,2032,42774.0,Millions of dollars,51304-2026-02-pellgrant.xlsx,T3_Pell_02-2026,true,51304,"Federal Pell Grant Program: Discretionary and Mandatory Program Costs and Outlays / Total, Pell Grants (Millions of dollars) / Estimated outlays",fiscal_year,2032,2032,2032,35,10
Pell Grant,Estimated outlays,2033,43015.0,Millions of dollars,51304-2026-02-pellgrant.xlsx,T3_Pell_02-2026,true,51304,"Federal Pell Grant Program: Discretionary and Mandatory Program Costs and Outlays / Total, Pell Grants (Millions of dollars) / Estimated outlays",fiscal_year,2033,2033,2033,35,11
Pell Grant,Estimated outlays,2034,43259.0,Millions of dollars,51304-2026-02-pellgrant.xlsx,T3_Pell_02-2026,true,51304,"Federal Pell Grant Program: Discretionary and Mandatory Program Costs and Outlays / Total, Pell Grants (Millions of dollars) / Estimated outlays",fiscal_year,2034,2034,2034,35,12
Pell Grant,Estimated outlays,2035,43501.0,Millions of dollars,51304-2026-02-pellgrant.xlsx,T3_Pell_02-2026,true,51304,"Federal Pell Grant Program: Discretionary and Mandatory Program Costs and Outlays / Total, Pell Grants (Millions of dollars) / Estimated outlays",fiscal_year,2035,2035,2035,35,13
Pell Grant,Estimated outlays,2036,43710.0,Millions of dollars,51304-2026-02-pellgrant.xlsx,T3_Pell_02-2026,true,51304,"Federal Pell Grant Program: Discretionary and Mandatory Program Costs and Outlays / Total, Pell Grants (Millions of dollars) / Estimated outlays",fiscal_year,2036,2036,2036,35,14
Pell Grant,Estimated outlays,,249916.0,Millions of dollars,51304-2026-02-pellgrant.xlsx,T3_Pell_02-2026,true,51304,"Federal Pell Grant Program: Discretionary and Mandatory Program Costs and Outlays / Total, Pell Grants (Millions of dollars) / Estimated outlays",cumulative_fiscal_years,2026,2031,2026-2031,35,15
Pell Grant,Estimated outlays,,466175.0,Millions of dollars,51304-2026-02-pellgrant.xlsx,T3_Pell_02-2026,true,51304,"Federal Pell Grant Program: Discretionary and Mandatory Program Costs and Outlays / Total, Pell Grants (Millions of dollars) / Estimated outlays",cumulative_fiscal_years,2026,2036,2026-2036,35,16
Pell Grant,Total Projected Recipients (Thousands of people),2026,7640.0,Thousands of people,51304-2026-02-pellgrant.xlsx,T3_Pell_02-2026,true,51304,"Federal Pell Grant Program: Discretionary and Mandatory Program Costs and Outlays / Total, Pell Grants (Millions of dollars) / Total Projected Recipients (Thousands of people)",fiscal_year,2026,2026,2026,37,4
Pell Grant,Total Projected Recipients (Thousands of people),2027,7730.0,Thousands of people,51304-2026-02-pellgrant.xlsx,T3_Pell_02-2026,true,51304,"Federal Pell Grant Program: Discretionary and Mandatory Program Costs and Outlays / Total, Pell Grants (Millions of dollars) / Total Projected Recipients (Thousands of people)",fiscal_year,2027,2027,2027,37,5
Pell Grant,Total Projected Recipients (Thousands of people),2028,7780.0,Thousands of people,51304-2026-02-pellgrant.xlsx,T3_Pell_02-2026,true,51304,"Federal Pell Grant Program: Discretionary and Mandatory Program Costs and Outlays / Total, Pell Grants (Millions of dollars) / Total Projected Recipients (Thousands of people)",fiscal_year,2028,2028,2028,37,6
Pell Grant,Total Projected Recipients (Thousands of people),2029,7820.0,Thousands of people,51304-2026-02-pellgrant.xlsx,T3_Pell_02-2026,true,51304,"Federal Pell Grant Program: Discretionary and Mandatory Program Costs and Outlays / Total, Pell Grants (Millions of dollars) / Total Projected Recipients (Thousands of people)",fiscal_year,2029,2029,2029,37,7
Pell Grant,Total Projected Recipients (Thousands of people),2030,7860.0,Thousands of people,51304-2026-02-pellgrant.xlsx,T3_Pell_02-2026,true,51304,"Federal Pell Grant Program: Discretionary and Mandatory Program Costs and Outlays / Total, Pell Grants (Millions of dollars) / Total Projected Recipients (Thousands of people)",fiscal_year,2030,2030,2030,37,8
Pell Grant,Total Projected Recipients (Thousands of people),2031,7900.0,Thousands of people,51304-2026-02-pellgrant.xlsx,T3_Pell_02-2026,true,51304,"Federal Pell Grant Program: Discretionary and Mandatory Program Costs and Outlays / Total, Pell Grants (Millions of dollars) / Total Projected Recipients (Thousands of people)",fiscal_year,2031,2031,2031,37,9
Pell Grant,Total Projected Recipients (Thousands of people),2032,7940.0,Thousands of people,51304-2026-02-pellgrant.xlsx,T3_Pell_02-2026,true,51304,"Federal Pell Grant Program: Discretionary and Mandatory Program Costs and Outlays / Total, Pell Grants (Millions of dollars) / Total Projected Recipients (Thousands of people)",fiscal_year,2032,2032,2032,37,10
Pell Grant,Total Projected Recipients (Thousands of people),2033,7980.0,Thousands of people,51304-2026-02-pellgrant.xlsx,T3_Pell_02-2026,true,51304,"Federal Pell Grant Program: Discretionary and Mandatory Program Costs and Outlays / Total, Pell Grants (Millions of dollars) / Total Projected Recipients (Thousands of people)",fiscal_year,2033,2033,2033,37,11
Pell Grant,Total Projected Recipients (Thousands of people),2034,8030.0,Thousands of people,51304-2026-02-pellgrant.xlsx,T3_Pell_02-2026,true,51304,"Federal Pell Grant Program: Discretionary and Mandatory Program Costs and Outlays / Total, Pell Grants (Millions of dollars) / Total Projected Recipients (Thousands of people)",fiscal_year,2034,2034,2034,37,12
Pell Grant,Total Projected Recipients (Thousands of people),2035,8070.0,Thousands of people,51304-2026-02-pellgrant.xlsx,T3_Pell_02-2026,true,51304,"Federal Pell Grant Program: Discretionary and Mandatory Program Costs and Outlays / Total, Pell Grants (Millions of dollars) / Total Projected Recipients (Thousands of people)",fiscal_year,2035,2035,2035,37,13
Pell Grant,Total Projected Recipients (Thousands of people),2036,8100.0,Thousands of people,51304-2026-02-pellgrant.xlsx,T3_Pell_02-2026,true,51304,"Federal Pell Grant Program: Discretionary and Mandatory Program Costs and Outlays / Total, Pell Grants (Millions of dollars) / Total Projected Recipients (Thousands of people)",fiscal_year,2036,2036,2036,37,14
Pell Grant,"Estimated Program Cost for $6,335 Maximum Award",2027,35209.0,Millions of dollars,51304-2026-02-pellgrant.xlsx,T4_Pell_02-2026,false,51304,"Federal Pell Grant Program: Projected Cumulative Shortfall / Needed to Support a Maxiumum Award of $6,335 / Estimated Program Cost for $6,335 Maximum Award",fiscal_year,2027,2027,2027,16,4
Pell Grant,"Estimated Program Cost for $6,335 Maximum Award",2028,35513.0,Millions of dollars,51304-2026-02-pellgrant.xlsx,T4_Pell_02-2026,false,51304,"Federal Pell Grant Program: Projected Cumulative Shortfall / Needed to Support a Maxiumum Award of $6,335 / Estimated Program Cost for $6,335 Maximum Award",fiscal_year,2028,2028,2028,16,5
Pell Grant,"Estimated Program Cost for $6,335 Maximum Award",2029,35783.0,Millions of dollars,51304-2026-02-pellgrant.xlsx,T4_Pell_02-2026,false,51304,"Federal Pell Grant Program: Projected Cumulative Shortfall / Needed to Support a Maxiumum Award of $6,335 / Estimated Program Cost for $6,335 Maximum Award",fiscal_year,2029,2029,2029,16,6
Pell Grant,"Estimated Program Cost for $6,335 Maximum Award",2030,36055.0,Millions of dollars,51304-2026-02-pellgrant.xlsx,T4_Pell_02-2026,false,51304,"Federal Pell Grant Program: Projected Cumulative Shortfall / Needed to Support a Maxiumum Award of $6,335 / Estimated Program Cost for $6,335 Maximum Award",fiscal_year,2030,2030,2030,16,7
Pell Grant,"Estimated Program Cost for $6,335 Maximum Award",2031,36285.0,Millions of dollars,51304-2026-02-pellgrant.xlsx,T4_Pell_02-2026,false,51304,"Federal Pell Grant Program: Projected Cumulative Shortfall / Needed to Support a Maxiumum Award of $6,335 / Estimated Program Cost for $6,335 Maximum Award",fiscal_year,2031,2031,2031,16,8
Pell Grant,"Estimated Program Cost for $6,335 Maximum Award",2032,36516.0,Millions of dollars,51304-2026-02-pellgrant.xlsx,T4_Pell_02-2026,false,51304,"Federal Pell Grant Program: Projected Cumulative Shortfall / Needed to Support a Maxiumum Award of $6,335 / Estimated Program Cost for $6,335 Maximum Award",fiscal_year,2032,2032,2032,16,9
Pell Grant,"Estimated Program Cost for $6,335 Maximum Award",2033,36748.0,Millions of dollars,51304-2026-02-pellgrant.xlsx,T4_Pell_02-2026,false,51304,"Federal Pell Grant Program: Projected Cumulative Shortfall / Needed to Support a Maxiumum Award of $6,335 / Estimated Program Cost for $6,335 Maximum Award",fiscal_year,2033,2033,2033,16,10
Pell Grant,"Estimated Program Cost for $6,335 Maximum Award",2034,36981.0,Millions of dollars,51304-2026-02-pellgrant.xlsx,T4_Pell_02-2026,false,51304,"Federal Pell Grant Program: Projected Cumulative Shortfall / Needed to Support a Maxiumum Award of $6,335 / Estimated Program Cost for $6,335 Maximum Award",fiscal_year,2034,2034,2034,16,11
Pell Grant,"Estimated Program Cost for $6,335 Maximum Award",2035,37178.0,Millions of dollars,51304-2026-02-pellgrant.xlsx,T4_Pell_02-2026,false,51304,"Federal Pell Grant Program: Projected Cumulative Shortfall / Needed to Support a Maxiumum Award of $6,335 / Estimated Program Cost for $6,335 Maximum Award",fiscal_year,2035,2035,2035,16,12
Pell Grant,"Estimated Program Cost for $6,335 Maximum Award",2036,37376.0,Millions of dollars,51304-2026-02-pellgrant.xlsx,T4_Pell_02-2026,false,51304,"Federal Pell Grant Program: Projected Cumulative Shortfall / Needed to Support a Maxiumum Award of $6,335 / Estimated Program Cost for $6,335 Maximum Award",fiscal_year,2036,2036,2036,16,13
Pell Grant,"Subtract Estimated Cumulative Shortfall, 2026",2027,-5450.0,Millions of dollars,51304-2026-02-pellgrant.xlsx,T4_Pell_02-2026,false,51304,"Federal Pell Grant Program: Projected Cumulative Shortfall / Needed to Support a Maxiumum Award of $6,335 / Subtract Estimated Cumulative Shortfall, 2026",fiscal_year,2027,2027,2027,17,4
Pell Grant,Subtract Available Mandatory Authoritya,2027,1236.0,Millions of dollars,51304-2026-02-pellgrant.xlsx,T4_Pell_02-2026,false,51304,"Federal Pell Grant Program: Projected Cumulative Shortfall / Needed to Support a Maxiumum Award of $6,335 / Subtract Available Mandatory Authoritya",fiscal_year,2027,2027,2027,18,4
Pell Grant,Subtract Available Mandatory Authoritya,2028,1236.0,Millions of dollars,51304-2026-02-pellgrant.xlsx,T4_Pell_02-2026,false,51304,"Federal Pell Grant Program: Projected Cumulative Shortfall / Needed to Support a Maxiumum Award of $6,335 / Subtract Available Mandatory Authoritya",fiscal_year,2028,2028,2028,18,5
Pell Grant,Subtract Available Mandatory Authoritya,2029,1236.0,Millions of dollars,51304-2026-02-pellgrant.xlsx,T4_Pell_02-2026,false,51304,"Federal Pell Grant Program: Projected Cumulative Shortfall / Needed to Support a Maxiumum Award of $6,335 / Subtract Available Mandatory Authoritya",fiscal_year,2029,2029,2029,18,6
Pell Grant,Subtract Available Mandatory Authoritya,2030,1236.0,Millions of dollars,51304-2026-02-pellgrant.xlsx,T4_Pell_02-2026,false,51304,"Federal Pell Grant Program: Projected Cumulative Shortfall / Needed to Support a Maxiumum Award of $6,335 / Subtract Available Mandatory Authoritya",fiscal_year,2030,2030,2030,18,7
Pell Grant,Subtract Available Mandatory Authoritya,2031,1236.0,Millions of dollars,51304-2026-02-pellgrant.xlsx,T4_Pell_02-2026,false,51304,"Federal Pell Grant Program: Projected Cumulative Shortfall / Needed to Support a Maxiumum Award of $6,335 / Subtract Available Mandatory Authoritya",fiscal_year,2031,2031,2031,18,8
Pell Grant,Subtract Available Mandatory Authoritya,2032,1236.0,Millions of dollars,51304-2026-02-pellgrant.xlsx,T4_Pell_02-2026,false,51304,"Federal Pell Grant Program: Projected Cumulative Shortfall / Needed to Support a Maxiumum Award of $6,335 / Subtract Available Mandatory Authoritya",fiscal_year,2032,2032,2032,18,9
Pell Grant,Subtract Available Mandatory Authoritya,2033,1236.0,Millions of dollars,51304-2026-02-pellgrant.xlsx,T4_Pell_02-2026,false,51304,"Federal Pell Grant Program: Projected Cumulative Shortfall / Needed to Support a Maxiumum Award of $6,335 / Subtract Available Mandatory Authoritya",fiscal_year,2033,2033,2033,18,10
Pell Grant,Subtract Available Mandatory Authoritya,2034,1236.0,Millions of dollars,51304-2026-02-pellgrant.xlsx,T4_Pell_02-2026,false,51304,"Federal Pell Grant Program: Projected Cumulative Shortfall / Needed to Support a Maxiumum Award of $6,335 / Subtract Available Mandatory Authoritya",fiscal_year,2034,2034,2034,18,11
Pell Grant,Subtract Available Mandatory Authoritya,2035,1236.0,Millions of dollars,51304-2026-02-pellgrant.xlsx,T4_Pell_02-2026,false,51304,"Federal Pell Grant Program: Projected Cumulative Shortfall / Needed to Support a Maxiumum Award of $6,335 / Subtract Available Mandatory Authoritya",fiscal_year,2035,2035,2035,18,12
Pell Grant,Subtract Available Mandatory Authoritya,2036,1236.0,Millions of dollars,51304-2026-02-pellgrant.xlsx,T4_Pell_02-2026,false,51304,"Federal Pell Grant Program: Projected Cumulative Shortfall / Needed to Support a Maxiumum Award of $6,335 / Subtract Available Mandatory Authoritya",fiscal_year,2036,2036,2036,18,13
Pell Grant,Total Additional Budget Authority Neededb,2027,39423.0,Millions of dollars,51304-2026-02-pellgrant.xlsx,T4_Pell_02-2026,true,51304,"Federal Pell Grant Program: Projected Cumulative Shortfall / Needed to Support a Maxiumum Award of $6,335 / Total Additional Budget Authority Neededb",fiscal_year,2027,2027,2027,19,4
Pell Grant,Total Additional Budget Authority Neededb,2028,34277.0,Millions of dollars,51304-2026-02-pellgrant.xlsx,T4_Pell_02-2026,true,51304,"Federal Pell Grant Program: Projected Cumulative Shortfall / Needed to Support a Maxiumum Award of $6,335 / Total Additional Budget Authority Neededb",fiscal_year,2028,2028,2028,19,5
Pell Grant,Total Additional Budget Authority Neededb,2029,34547.0,Millions of dollars,51304-2026-02-pellgrant.xlsx,T4_Pell_02-2026,true,51304,"Federal Pell Grant Program: Projected Cumulative Shortfall / Needed to Support a Maxiumum Award of $6,335 / Total Additional Budget Authority Neededb",fiscal_year,2029,2029,2029,19,6
Pell Grant,Total Additional Budget Authority Neededb,2030,34819.0,Millions of dollars,51304-2026-02-pellgrant.xlsx,T4_Pell_02-2026,true,51304,"Federal Pell Grant Program: Projected Cumulative Shortfall / Needed to Support a Maxiumum Award of $6,335 / Total Additional Budget Authority Neededb",fiscal_year,2030,2030,2030,19,7
Pell Grant,Total Additional Budget Authority Neededb,2031,35049.0,Millions of dollars,51304-2026-02-pellgrant.xlsx,T4_Pell_02-2026,true,51304,"Federal Pell Grant Program: Projected Cumulative Shortfall / Needed to Support a Maxiumum Award of $6,335 / Total Additional Budget Authority Neededb",fiscal_year,2031,2031,2031,19,8
Pell Grant,Total Additional Budget Authority Neededb,2032,35280.0,Millions of dollars,51304-2026-02-pellgrant.xlsx,T4_Pell_02-2026,true,51304,"Federal Pell Grant Program: Projected Cumulative Shortfall / Needed to Support a Maxiumum Award of $6,335 / Total Additional Budget Authority Neededb",fiscal_year,2032,2032,2032,19,9
Pell Grant,Total Additional Budget Authority Neededb,2033,35512.0,Millions of dollars,51304-2026-02-pellgrant.xlsx,T4_Pell_02-2026,true,51304,"Federal Pell Grant Program: Projected Cumulative Shortfall / Needed to Support a Maxiumum Award of $6,335 / Total Additional Budget Authority Neededb",fiscal_year,2033,2033,2033,19,10
Pell Grant,Total Additional Budget Authority Neededb,2034,35745.0,Millions of dollars,51304-2026-02-pellgrant.xlsx,T4_Pell_02-2026,true,51304,"Federal Pell Grant Program: Projected Cumulative Shortfall / Needed to Support a Maxiumum Award of $6,335 / Total Additional Budget Authority Neededb",fiscal_year,2034,2034,2034,19,11
Pell Grant,Total Additional Budget Authority Neededb,2035,35942.0,Millions of dollars,51304-2026-02-pellgrant.xlsx,T4_Pell_02-2026,true,51304,"Federal Pell Grant Program: Projected Cumulative Shortfall / Needed to Support a Maxiumum Award of $6,335 / Total Additional Budget Authority Neededb",fiscal_year,2035,2035,2035,19,12
Pell Grant,Total Additional Budget Authority Neededb,2036,36140.0,Millions of dollars,51304-2026-02-pellgrant.xlsx,T4_Pell_02-2026,true,51304,"Federal Pell Grant Program: Projected Cumulative Shortfall / Needed to Support a Maxiumum Award of $6,335 / Total Additional Budget Authority Neededb",fiscal_year,2036,2036,2036,19,13
Pell Grant,Projected Discretionary Budget Authority,2027,22475.0,Millions of dollars,51304-2026-02-pellgrant.xlsx,T4_Pell_02-2026,false,51304,Federal Pell Grant Program: Projected Cumulative Shortfall / Cumulative Shortfall With 2026 Budget Authorityc / Projected Discretionary Budget Authority,fiscal_year,2027,2027,2027,22,4
Pell Grant,Projected Discretionary Budget Authority,2028,22475.0,Millions of dollars,51304-2026-02-pellgrant.xlsx,T4_Pell_02-2026,false,51304,Federal Pell Grant Program: Projected Cumulative Shortfall / Cumulative Shortfall With 2026 Budget Authorityc / Projected Discretionary Budget Authority,fiscal_year,2028,2028,2028,22,5
Pell Grant,Projected Discretionary Budget Authority,2029,22475.0,Millions of dollars,51304-2026-02-pellgrant.xlsx,T4_Pell_02-2026,false,51304,Federal Pell Grant Program: Projected Cumulative Shortfall / Cumulative Shortfall With 2026 Budget Authorityc / Projected Discretionary Budget Authority,fiscal_year,2029,2029,2029,22,6
Pell Grant,Projected Discretionary Budget Authority,2030,22475.0,Millions of dollars,51304-2026-02-pellgrant.xlsx,T4_Pell_02-2026,false,51304,Federal Pell Grant Program: Projected Cumulative Shortfall / Cumulative Shortfall With 2026 Budget Authorityc / Projected Discretionary Budget Authority,fiscal_year,2030,2030,2030,22,7
Pell Grant,Projected Discretionary Budget Authority,2031,22475.0,Millions of dollars,51304-2026-02-pellgrant.xlsx,T4_Pell_02-2026,false,51304,Federal Pell Grant Program: Projected Cumulative Shortfall / Cumulative Shortfall With 2026 Budget Authorityc / Projected Discretionary Budget Authority,fiscal_year,2031,2031,2031,22,8
Pell Grant,Projected Discretionary Budget Authority,2032,22475.0,Millions of dollars,51304-2026-02-pellgrant.xlsx,T4_Pell_02-2026,false,51304,Federal Pell Grant Program: Projected Cumulative Shortfall / Cumulative Shortfall With 2026 Budget Authorityc / Projected Discretionary Budget Authority,fiscal_year,2032,2032,2032,22,9
Pell Grant,Projected Discretionary Budget Authority,2033,22475.0,Millions of dollars,51304-2026-02-pellgrant.xlsx,T4_Pell_02-2026,false,51304,Federal Pell Grant Program: Projected Cumulative Shortfall / Cumulative Shortfall With 2026 Budget Authorityc / Projected Discretionary Budget Authority,fiscal_year,2033,2033,2033,22,10
Pell Grant,Projected Discretionary Budget Authority,2034,22475.0,Millions of dollars,51304-2026-02-pellgrant.xlsx,T4_Pell_02-2026,false,51304,Federal Pell Grant Program: Projected Cumulative Shortfall / Cumulative Shortfall With 2026 Budget Authorityc / Projected Discretionary Budget Authority,fiscal_year,2034,2034,2034,22,11
Pell Grant,Projected Discretionary Budget Authority,2035,22475.0,Millions of dollars,51304-2026-02-pellgrant.xlsx,T4_Pell_02-2026,false,51304,Federal Pell Grant Program: Projected Cumulative Shortfall / Cumulative Shortfall With 2026 Budget Authorityc / Projected Discretionary Budget Authority,fiscal_year,2035,2035,2035,22,12
Pell Grant,Projected Discretionary Budget Authority,2036,22475.0,Millions of dollars,51304-2026-02-pellgrant.xlsx,T4_Pell_02-2026,false,51304,Federal Pell Grant Program: Projected Cumulative Shortfall / Cumulative Shortfall With 2026 Budget Authorityc / Projected Discretionary Budget Authority,fiscal_year,2036,2036,2036,22,13
Pell Grant,Add Available Mandatory Budget Authoritya,2027,1236.0,Millions of dollars,51304-2026-02-pellgrant.xlsx,T4_Pell_02-2026,false,51304,Federal Pell Grant Program: Projected Cumulative Shortfall / Cumulative Shortfall With 2026 Budget Authorityc / Add Available Mandatory Budget Authoritya,fiscal_year,2027,2027,2027,23,4
Pell Grant,Add Available Mandatory Budget Authoritya,2028,1236.0,Millions of dollars,51304-2026-02-pellgrant.xlsx,T4_Pell_02-2026,false,51304,Federal Pell Grant Program: Projected Cumulative Shortfall / Cumulative Shortfall With 2026 Budget Authorityc / Add Available Mandatory Budget Authoritya,fiscal_year,2028,2028,2028,23,5
Pell Grant,Add Available Mandatory Budget Authoritya,2029,1236.0,Millions of dollars,51304-2026-02-pellgrant.xlsx,T4_Pell_02-2026,false,51304,Federal Pell Grant Program: Projected Cumulative Shortfall / Cumulative Shortfall With 2026 Budget Authorityc / Add Available Mandatory Budget Authoritya,fiscal_year,2029,2029,2029,23,6
Pell Grant,Add Available Mandatory Budget Authoritya,2030,1236.0,Millions of dollars,51304-2026-02-pellgrant.xlsx,T4_Pell_02-2026,false,51304,Federal Pell Grant Program: Projected Cumulative Shortfall / Cumulative Shortfall With 2026 Budget Authorityc / Add Available Mandatory Budget Authoritya,fiscal_year,2030,2030,2030,23,7
Pell Grant,Add Available Mandatory Budget Authoritya,2031,1236.0,Millions of dollars,51304-2026-02-pellgrant.xlsx,T4_Pell_02-2026,false,51304,Federal Pell Grant Program: Projected Cumulative Shortfall / Cumulative Shortfall With 2026 Budget Authorityc / Add Available Mandatory Budget Authoritya,fiscal_year,2031,2031,2031,23,8
Pell Grant,Add Available Mandatory Budget Authoritya,2032,1236.0,Millions of dollars,51304-2026-02-pellgrant.xlsx,T4_Pell_02-2026,false,51304,Federal Pell Grant Program: Projected Cumulative Shortfall / Cumulative Shortfall With 2026 Budget Authorityc / Add Available Mandatory Budget Authoritya,fiscal_year,2032,2032,2032,23,9
Pell Grant,Add Available Mandatory Budget Authoritya,2033,1236.0,Millions of dollars,51304-2026-02-pellgrant.xlsx,T4_Pell_02-2026,false,51304,Federal Pell Grant Program: Projected Cumulative Shortfall / Cumulative Shortfall With 2026 Budget Authorityc / Add Available Mandatory Budget Authoritya,fiscal_year,2033,2033,2033,23,10
Pell Grant,Add Available Mandatory Budget Authoritya,2034,1236.0,Millions of dollars,51304-2026-02-pellgrant.xlsx,T4_Pell_02-2026,false,51304,Federal Pell Grant Program: Projected Cumulative Shortfall / Cumulative Shortfall With 2026 Budget Authorityc / Add Available Mandatory Budget Authoritya,fiscal_year,2034,2034,2034,23,11
Pell Grant,Add Available Mandatory Budget Authoritya,2035,1236.0,Millions of dollars,51304-2026-02-pellgrant.xlsx,T4_Pell_02-2026,false,51304,Federal Pell Grant Program: Projected Cumulative Shortfall / Cumulative Shortfall With 2026 Budget Authorityc / Add Available Mandatory Budget Authoritya,fiscal_year,2035,2035,2035,23,12
Pell Grant,Add Available Mandatory Budget Authoritya,2036,1236.0,Millions of dollars,51304-2026-02-pellgrant.xlsx,T4_Pell_02-2026,false,51304,Federal Pell Grant Program: Projected Cumulative Shortfall / Cumulative Shortfall With 2026 Budget Authorityc / Add Available Mandatory Budget Authoritya,fiscal_year,2036,2036,2036,23,13
Pell Grant,Subtract Estimated Program Costs,2027,35209.0,Millions of dollars,51304-2026-02-pellgrant.xlsx,T4_Pell_02-2026,false,51304,Federal Pell Grant Program: Projected Cumulative Shortfall / Cumulative Shortfall With 2026 Budget Authorityc / Subtract Estimated Program Costs,fiscal_year,2027,2027,2027,24,4
Pell Grant,Subtract Estimated Program Costs,2028,35513.0,Millions of dollars,51304-2026-02-pellgrant.xlsx,T4_Pell_02-2026,false,51304,Federal Pell Grant Program: Projected Cumulative Shortfall / Cumulative Shortfall With 2026 Budget Authorityc / Subtract Estimated Program Costs,fiscal_year,2028,2028,2028,24,5
Pell Grant,Subtract Estimated Program Costs,2029,35783.0,Millions of dollars,51304-2026-02-pellgrant.xlsx,T4_Pell_02-2026,false,51304,Federal Pell Grant Program: Projected Cumulative Shortfall / Cumulative Shortfall With 2026 Budget Authorityc / Subtract Estimated Program Costs,fiscal_year,2029,2029,2029,24,6
Pell Grant,Subtract Estimated Program Costs,2030,36055.0,Millions of dollars,51304-2026-02-pellgrant.xlsx,T4_Pell_02-2026,false,51304,Federal Pell Grant Program: Projected Cumulative Shortfall / Cumulative Shortfall With 2026 Budget Authorityc / Subtract Estimated Program Costs,fiscal_year,2030,2030,2030,24,7
Pell Grant,Subtract Estimated Program Costs,2031,36285.0,Millions of dollars,51304-2026-02-pellgrant.xlsx,T4_Pell_02-2026,false,51304,Federal Pell Grant Program: Projected Cumulative Shortfall / Cumulative Shortfall With 2026 Budget Authorityc / Subtract Estimated Program Costs,fiscal_year,2031,2031,2031,24,8
Pell Grant,Subtract Estimated Program Costs,2032,36516.0,Millions of dollars,51304-2026-02-pellgrant.xlsx,T4_Pell_02-2026,false,51304,Federal Pell Grant Program: Projected Cumulative Shortfall / Cumulative Shortfall With 2026 Budget Authorityc / Subtract Estimated Program Costs,fiscal_year,2032,2032,2032,24,9
Pell Grant,Subtract Estimated Program Costs,2033,36748.0,Millions of dollars,51304-2026-02-pellgrant.xlsx,T4_Pell_02-2026,false,51304,Federal Pell Grant Program: Projected Cumulative Shortfall / Cumulative Shortfall With 2026 Budget Authorityc / Subtract Estimated Program Costs,fiscal_year,2033,2033,2033,24,10
Pell Grant,Subtract Estimated Program Costs,2034,36981.0,Millions of dollars,51304-2026-02-pellgrant.xlsx,T4_Pell_02-2026,false,51304,Federal Pell Grant Program: Projected Cumulative Shortfall / Cumulative Shortfall With 2026 Budget Authorityc / Subtract Estimated Program Costs,fiscal_year,2034,2034,2034,24,11
Pell Grant,Subtract Estimated Program Costs,2035,37178.0,Millions of dollars,51304-2026-02-pellgrant.xlsx,T4_Pell_02-2026,false,51304,Federal Pell Grant Program: Projected Cumulative Shortfall / Cumulative Shortfall With 2026 Budget Authorityc / Subtract Estimated Program Costs,fiscal_year,2035,2035,2035,24,12
Pell Grant,Subtract Estimated Program Costs,2036,37376.0,Millions of dollars,51304-2026-02-pellgrant.xlsx,T4_Pell_02-2026,false,51304,Federal Pell Grant Program: Projected Cumulative Shortfall / Cumulative Shortfall With 2026 Budget Authorityc / Subtract Estimated Program Costs,fiscal_year,2036,2036,2036,24,13
Pell Grant,Net Shortfall for the Fiscal Year,2027,-11498.0,Millions of dollars,51304-2026-02-pellgrant.xlsx,T4_Pell_02-2026,false,51304,Federal Pell Grant Program: Projected Cumulative Shortfall / Cumulative Shortfall With 2026 Budget Authorityc / Net Shortfall for the Fiscal Year,fiscal_year,2027,2027,2027,25,4
Pell Grant,Net Shortfall for the Fiscal Year,2028,-11802.0,Millions of dollars,51304-2026-02-pellgrant.xlsx,T4_Pell_02-2026,false,51304,Federal Pell Grant Program: Projected Cumulative Shortfall / Cumulative Shortfall With 2026 Budget Authorityc / Net Shortfall for the Fiscal Year,fiscal_year,2028,2028,2028,25,5
Pell Grant,Net Shortfall for the Fiscal Year,2029,-12072.0,Millions of dollars,51304-2026-02-pellgrant.xlsx,T4_Pell_02-2026,false,51304,Federal Pell Grant Program: Projected Cumulative Shortfall / Cumulative Shortfall With 2026 Budget Authorityc / Net Shortfall for the Fiscal Year,fiscal_year,2029,2029,2029,25,6
Pell Grant,Net Shortfall for the Fiscal Year,2030,-12344.0,Millions of dollars,51304-2026-02-pellgrant.xlsx,T4_Pell_02-2026,false,51304,Federal Pell Grant Program: Projected Cumulative Shortfall / Cumulative Shortfall With 2026 Budget Authorityc / Net Shortfall for the Fiscal Year,fiscal_year,2030,2030,2030,25,7
Pell Grant,Net Shortfall for the Fiscal Year,2031,-12574.0,Millions of dollars,51304-2026-02-pellgrant.xlsx,T4_Pell_02-2026,false,51304,Federal Pell Grant Program: Projected Cumulative Shortfall / Cumulative Shortfall With 2026 Budget Authorityc / Net Shortfall for the Fiscal Year,fiscal_year,2031,2031,2031,25,8
Pell Grant,Net Shortfall for the Fiscal Year,2032,-12805.0,Millions of dollars,51304-2026-02-pellgrant.xlsx,T4_Pell_02-2026,false,51304,Federal Pell Grant Program: Projected Cumulative Shortfall / Cumulative Shortfall With 2026 Budget Authorityc / Net Shortfall for the Fiscal Year,fiscal_year,2032,2032,2032,25,9
Pell Grant,Net Shortfall for the Fiscal Year,2033,-13037.0,Millions of dollars,51304-2026-02-pellgrant.xlsx,T4_Pell_02-2026,false,51304,Federal Pell Grant Program: Projected Cumulative Shortfall / Cumulative Shortfall With 2026 Budget Authorityc / Net Shortfall for the Fiscal Year,fiscal_year,2033,2033,2033,25,10
Pell Grant,Net Shortfall for the Fiscal Year,2034,-13270.0,Millions of dollars,51304-2026-02-pellgrant.xlsx,T4_Pell_02-2026,false,51304,Federal Pell Grant Program: Projected Cumulative Shortfall / Cumulative Shortfall With 2026 Budget Authorityc / Net Shortfall for the Fiscal Year,fiscal_year,2034,2034,2034,25,11
Pell Grant,Net Shortfall for the Fiscal Year,2035,-13467.0,Millions of dollars,51304-2026-02-pellgrant.xlsx,T4_Pell_02-2026,false,51304,Federal Pell Grant Program: Projected Cumulative Shortfall / Cumulative Shortfall With 2026 Budget Authorityc / Net Shortfall for the Fiscal Year,fiscal_year,2035,2035,2035,25,12
Pell Grant,Net Shortfall for the Fiscal Year,2036,-13665.0,Millions of dollars,51304-2026-02-pellgrant.xlsx,T4_Pell_02-2026,false,51304,Federal Pell Grant Program: Projected Cumulative Shortfall / Cumulative Shortfall With 2026 Budget Authorityc / Net Shortfall for the Fiscal Year,fiscal_year,2036,2036,2036,25,13
Pell Grant,Prior Year Cumulative Shortfall,2027,-5450.0,Millions of dollars,51304-2026-02-pellgrant.xlsx,T4_Pell_02-2026,false,51304,Federal Pell Grant Program: Projected Cumulative Shortfall / Cumulative Shortfall With 2026 Budget Authorityc / Prior Year Cumulative Shortfall,fiscal_year,2027,2027,2027,27,4
Pell Grant,Prior Year Cumulative Shortfall,2028,-16948.0,Millions of dollars,51304-2026-02-pellgrant.xlsx,T4_Pell_02-2026,false,51304,Federal Pell Grant Program: Projected Cumulative Shortfall / Cumulative Shortfall With 2026 Budget Authorityc / Prior Year Cumulative Shortfall,fiscal_year,2028,2028,2028,27,5
Pell Grant,Prior Year Cumulative Shortfall,2029,-28750.0,Millions of dollars,51304-2026-02-pellgrant.xlsx,T4_Pell_02-2026,false,51304,Federal Pell Grant Program: Projected Cumulative Shortfall / Cumulative Shortfall With 2026 Budget Authorityc / Prior Year Cumulative Shortfall,fiscal_year,2029,2029,2029,27,6
Pell Grant,Prior Year Cumulative Shortfall,2030,-40822.0,Millions of dollars,51304-2026-02-pellgrant.xlsx,T4_Pell_02-2026,false,51304,Federal Pell Grant Program: Projected Cumulative Shortfall / Cumulative Shortfall With 2026 Budget Authorityc / Prior Year Cumulative Shortfall,fiscal_year,2030,2030,2030,27,7
Pell Grant,Prior Year Cumulative Shortfall,2031,-53166.0,Millions of dollars,51304-2026-02-pellgrant.xlsx,T4_Pell_02-2026,false,51304,Federal Pell Grant Program: Projected Cumulative Shortfall / Cumulative Shortfall With 2026 Budget Authorityc / Prior Year Cumulative Shortfall,fiscal_year,2031,2031,2031,27,8
Pell Grant,Prior Year Cumulative Shortfall,2032,-65740.0,Millions of dollars,51304-2026-02-pellgrant.xlsx,T4_Pell_02-2026,false,51304,Federal Pell Grant Program: Projected Cumulative Shortfall / Cumulative Shortfall With 2026 Budget Authorityc / Prior Year Cumulative Shortfall,fiscal_year,2032,2032,2032,27,9
Pell Grant,Prior Year Cumulative Shortfall,2033,-78545.0,Millions of dollars,51304-2026-02-pellgrant.xlsx,T4_Pell_02-2026,false,51304,Federal Pell Grant Program: Projected Cumulative Shortfall / Cumulative Shortfall With 2026 Budget Authorityc / Prior Year Cumulative Shortfall,fiscal_year,2033,2033,2033,27,10
Pell Grant,Prior Year Cumulative Shortfall,2034,-91582.0,Millions of dollars,51304-2026-02-pellgrant.xlsx,T4_Pell_02-2026,false,51304,Federal Pell Grant Program: Projected Cumulative Shortfall / Cumulative Shortfall With 2026 Budget Authorityc / Prior Year Cumulative Shortfall,fiscal_year,2034,2034,2034,27,11
Pell Grant,Prior Year Cumulative Shortfall,2035,-104852.0,Millions of dollars,51304-2026-02-pellgrant.xlsx,T4_Pell_02-2026,false,51304,Federal Pell Grant Program: Projected Cumulative Shortfall / Cumulative Shortfall With 2026 Budget Authorityc / Prior Year Cumulative Shortfall,fiscal_year,2035,2035,2035,27,12
Pell Grant,Prior Year Cumulative Shortfall,2036,-118319.0,Millions of dollars,51304-2026-02-pellgrant.xlsx,T4_Pell_02-2026,false,51304,Federal Pell Grant Program: Projected Cumulative Shortfall / Cumulative Shortfall With 2026 Budget Authorityc / Prior Year Cumulative Shortfall,fiscal_year,2036,2036,2036,27,13
Pell Grant,Current Year Cumulative Shortfall,2027,-16948.0,Millions of dollars,51304-2026-02-pellgrant.xlsx,T4_Pell_02-2026,false,51304,Federal Pell Grant Program: Projected Cumulative Shortfall / Cumulative Shortfall With 2026 Budget Authorityc / Current Year Cumulative Shortfall,fiscal_year,2027,2027,2027,28,4
Pell Grant,Current Year Cumulative Shortfall,2028,-28750.0,Millions of dollars,51304-2026-02-pellgrant.xlsx,T4_Pell_02-2026,false,51304,Federal Pell Grant Program: Projected Cumulative Shortfall / Cumulative Shortfall With 2026 Budget Authorityc / Current Year Cumulative Shortfall,fiscal_year,2028,2028,2028,28,5
Pell Grant,Current Year Cumulative Shortfall,2029,-40822.0,Millions of dollars,51304-2026-02-pellgrant.xlsx,T4_Pell_02-2026,false,51304,Federal Pell Grant Program: Projected Cumulative Shortfall / Cumulative Shortfall With 2026 Budget Authorityc / Current Year Cumulative Shortfall,fiscal_year,2029,2029,2029,28,6
Pell Grant,Current Year Cumulative Shortfall,2030,-53166.0,Millions of dollars,51304-2026-02-pellgrant.xlsx,T4_Pell_02-2026,false,51304,Federal Pell Grant Program: Projected Cumulative Shortfall / Cumulative Shortfall With 2026 Budget Authorityc / Current Year Cumulative Shortfall,fiscal_year,2030,2030,2030,28,7
Pell Grant,Current Year Cumulative Shortfall,2031,-65740.0,Millions of dollars,51304-2026-02-pellgrant.xlsx,T4_Pell_02-2026,false,51304,Federal Pell Grant Program: Projected Cumulative Shortfall / Cumulative Shortfall With 2026 Budget Authorityc / Current Year Cumulative Shortfall,fiscal_year,2031,2031,2031,28,8
Pell Grant,Current Year Cumulative Shortfall,2032,-78545.0,Millions of dollars,51304-2026-02-pellgrant.xlsx,T4_Pell_02-2026,false,51304,Federal Pell Grant Program: Projected Cumulative Shortfall / Cumulative Shortfall With 2026 Budget Authorityc / Current Year Cumulative Shortfall,fiscal_year,2032,2032,2032,28,9
Pell Grant,Current Year Cumulative Shortfall,2033,-91582.0,Millions of dollars,51304-2026-02-pellgrant.xlsx,T4_Pell_02-2026,false,51304,Federal Pell Grant Program: Projected Cumulative Shortfall / Cumulative Shortfall With 2026 Budget Authorityc / Current Year Cumulative Shortfall,fiscal_year,2033,2033,2033,28,10
Pell Grant,Current Year Cumulative Shortfall,2034,-104852.0,Millions of dollars,51304-2026-02-pellgrant.xlsx,T4_Pell_02-2026,false,51304,Federal Pell Grant Program: Projected Cumulative Shortfall / Cumulative Shortfall With 2026 Budget Authorityc / Current Year Cumulative Shortfall,fiscal_year,2034,2034,2034,28,11
Pell Grant,Current Year Cumulative Shortfall,2035,-118319.0,Millions of dollars,51304-2026-02-pellgrant.xlsx,T4_Pell_02-2026,false,51304,Federal Pell Grant Program: Projected Cumulative Shortfall / Cumulative Shortfall With 2026 Budget Authorityc / Current Year Cumulative Shortfall,fiscal_year,2035,2035,2035,28,12
Pell Grant,Current Year Cumulative Shortfall,2036,-131984.0,Millions of dollars,51304-2026-02-pellgrant.xlsx,T4_Pell_02-2026,false,51304,Federal Pell Grant Program: Projected Cumulative Shortfall / Cumulative Shortfall With 2026 Budget Authorityc / Current Year Cumulative Shortfall,fiscal_year,2036,2036,2036,28,13
Pell Grant,Projected Discretionary Budget Authority,2027,23014.0,Millions of dollars,51304-2026-02-pellgrant.xlsx,T4_Pell_02-2026,false,51304,Federal Pell Grant Program: Projected Cumulative Shortfall / Cumulative Shortfall With 2026 Budget Authority Inflatedd / Projected Discretionary Budget Authority,fiscal_year,2027,2027,2027,31,4
Pell Grant,Projected Discretionary Budget Authority,2028,23531.0,Millions of dollars,51304-2026-02-pellgrant.xlsx,T4_Pell_02-2026,false,51304,Federal Pell Grant Program: Projected Cumulative Shortfall / Cumulative Shortfall With 2026 Budget Authority Inflatedd / Projected Discretionary Budget Authority,fiscal_year,2028,2028,2028,31,5
Pell Grant,Projected Discretionary Budget Authority,2029,24026.0,Millions of dollars,51304-2026-02-pellgrant.xlsx,T4_Pell_02-2026,false,51304,Federal Pell Grant Program: Projected Cumulative Shortfall / Cumulative Shortfall With 2026 Budget Authority Inflatedd / Projected Discretionary Budget Authority,fiscal_year,2029,2029,2029,31,6
Pell Grant,Projected Discretionary Budget Authority,2030,24498.0,Millions of dollars,51304-2026-02-pellgrant.xlsx,T4_Pell_02-2026,false,51304,Federal Pell Grant Program: Projected Cumulative Shortfall / Cumulative Shortfall With 2026 Budget Authority Inflatedd / Projected Discretionary Budget Authority,fiscal_year,2030,2030,2030,31,7
Pell Grant,Projected Discretionary Budget Authority,2031,24992.0,Millions of dollars,51304-2026-02-pellgrant.xlsx,T4_Pell_02-2026,false,51304,Federal Pell Grant Program: Projected Cumulative Shortfall / Cumulative Shortfall With 2026 Budget Authority Inflatedd / Projected Discretionary Budget Authority,fiscal_year,2031,2031,2031,31,8
Pell Grant,Projected Discretionary Budget Authority,2032,25487.0,Millions of dollars,51304-2026-02-pellgrant.xlsx,T4_Pell_02-2026,false,51304,Federal Pell Grant Program: Projected Cumulative Shortfall / Cumulative Shortfall With 2026 Budget Authority Inflatedd / Projected Discretionary Budget Authority,fiscal_year,2032,2032,2032,31,9
Pell Grant,Projected Discretionary Budget Authority,2033,25981.0,Millions of dollars,51304-2026-02-pellgrant.xlsx,T4_Pell_02-2026,false,51304,Federal Pell Grant Program: Projected Cumulative Shortfall / Cumulative Shortfall With 2026 Budget Authority Inflatedd / Projected Discretionary Budget Authority,fiscal_year,2033,2033,2033,31,10
Pell Grant,Projected Discretionary Budget Authority,2034,26498.0,Millions of dollars,51304-2026-02-pellgrant.xlsx,T4_Pell_02-2026,false,51304,Federal Pell Grant Program: Projected Cumulative Shortfall / Cumulative Shortfall With 2026 Budget Authority Inflatedd / Projected Discretionary Budget Authority,fiscal_year,2034,2034,2034,31,11
Pell Grant,Projected Discretionary Budget Authority,2035,27015.0,Millions of dollars,51304-2026-02-pellgrant.xlsx,T4_Pell_02-2026,false,51304,Federal Pell Grant Program: Projected Cumulative Shortfall / Cumulative Shortfall With 2026 Budget Authority Inflatedd / Projected Discretionary Budget Authority,fiscal_year,2035,2035,2035,31,12
Pell Grant,Projected Discretionary Budget Authority,2036,27554.0,Millions of dollars,51304-2026-02-pellgrant.xlsx,T4_Pell_02-2026,false,51304,Federal Pell Grant Program: Projected Cumulative Shortfall / Cumulative Shortfall With 2026 Budget Authority Inflatedd / Projected Discretionary Budget Authority,fiscal_year,2036,2036,2036,31,13
Pell Grant,Add Available Mandatory Budget Authoritya,2027,1236.0,Millions of dollars,51304-2026-02-pellgrant.xlsx,T4_Pell_02-2026,false,51304,Federal Pell Grant Program: Projected Cumulative Shortfall / Cumulative Shortfall With 2026 Budget Authority Inflatedd / Add Available Mandatory Budget Authoritya,fiscal_year,2027,2027,2027,32,4
Pell Grant,Add Available Mandatory Budget Authoritya,2028,1236.0,Millions of dollars,51304-2026-02-pellgrant.xlsx,T4_Pell_02-2026,false,51304,Federal Pell Grant Program: Projected Cumulative Shortfall / Cumulative Shortfall With 2026 Budget Authority Inflatedd / Add Available Mandatory Budget Authoritya,fiscal_year,2028,2028,2028,32,5
Pell Grant,Add Available Mandatory Budget Authoritya,2029,1236.0,Millions of dollars,51304-2026-02-pellgrant.xlsx,T4_Pell_02-2026,false,51304,Federal Pell Grant Program: Projected Cumulative Shortfall / Cumulative Shortfall With 2026 Budget Authority Inflatedd / Add Available Mandatory Budget Authoritya,fiscal_year,2029,2029,2029,32,6
Pell Grant,Add Available Mandatory Budget Authoritya,2030,1236.0,Millions of dollars,51304-2026-02-pellgrant.xlsx,T4_Pell_02-2026,false,51304,Federal Pell Grant Program: Projected Cumulative Shortfall / Cumulative Shortfall With 2026 Budget Authority Inflatedd / Add Available Mandatory Budget Authoritya,fiscal_year,2030,2030,2030,32,7
Pell Grant,Add Available Mandatory Budget Authoritya,2031,1236.0,Millions of dollars,51304-2026-02-pellgrant.xlsx,T4_Pell_02-2026,false,51304,Federal Pell Grant Program: Projected Cumulative Shortfall / Cumulative Shortfall With 2026 Budget Authority Inflatedd / Add Available Mandatory Budget Authoritya,fiscal_year,2031,2031,2031,32,8
Pell Grant,Add Available Mandatory Budget Authoritya,2032,1236.0,Millions of dollars,51304-2026-02-pellgrant.xlsx,T4_Pell_02-2026,false,51304,Federal Pell Grant Program: Projected Cumulative Shortfall / Cumulative Shortfall With 2026 Budget Authority Inflatedd / Add Available Mandatory Budget Authoritya,fiscal_year,2032,2032,2032,32,9
Pell Grant,Add Available Mandatory Budget Authoritya,2033,1236.0,Millions of dollars,51304-2026-02-pellgrant.xlsx,T4_Pell_02-2026,false,51304,Federal Pell Grant Program: Projected Cumulative Shortfall / Cumulative Shortfall With 2026 Budget Authority Inflatedd / Add Available Mandatory Budget Authoritya,fiscal_year,2033,2033,2033,32,10
Pell Grant,Add Available Mandatory Budget Authoritya,2034,1236.0,Millions of dollars,51304-2026-02-pellgrant.xlsx,T4_Pell_02-2026,false,51304,Federal Pell Grant Program: Projected Cumulative Shortfall / Cumulative Shortfall With 2026 Budget Authority Inflatedd / Add Available Mandatory Budget Authoritya,fiscal_year,2034,2034,2034,32,11
Pell Grant,Add Available Mandatory Budget Authoritya,2035,1236.0,Millions of dollars,51304-2026-02-pellgrant.xlsx,T4_Pell_02-2026,false,51304,Federal Pell Grant Program: Projected Cumulative Shortfall / Cumulative Shortfall With 2026 Budget Authority Inflatedd / Add Available Mandatory Budget Authoritya,fiscal_year,2035,2035,2035,32,12
Pell Grant,Add Available Mandatory Budget Authoritya,2036,1236.0,Millions of dollars,51304-2026-02-pellgrant.xlsx,T4_Pell_02-2026,false,51304,Federal Pell Grant Program: Projected Cumulative Shortfall / Cumulative Shortfall With 2026 Budget Authority Inflatedd / Add Available Mandatory Budget Authoritya,fiscal_year,2036,2036,2036,32,13
Pell Grant,Subtract Estimated Program Costs,2027,35209.0,Millions of dollars,51304-2026-02-pellgrant.xlsx,T4_Pell_02-2026,false,51304,Federal Pell Grant Program: Projected Cumulative Shortfall / Cumulative Shortfall With 2026 Budget Authority Inflatedd / Subtract Estimated Program Costs,fiscal_year,2027,2027,2027,33,4
Pell Grant,Subtract Estimated Program Costs,2028,35513.0,Millions of dollars,51304-2026-02-pellgrant.xlsx,T4_Pell_02-2026,false,51304,Federal Pell Grant Program: Projected Cumulative Shortfall / Cumulative Shortfall With 2026 Budget Authority Inflatedd / Subtract Estimated Program Costs,fiscal_year,2028,2028,2028,33,5
Pell Grant,Subtract Estimated Program Costs,2029,35783.0,Millions of dollars,51304-2026-02-pellgrant.xlsx,T4_Pell_02-2026,false,51304,Federal Pell Grant Program: Projected Cumulative Shortfall / Cumulative Shortfall With 2026 Budget Authority Inflatedd / Subtract Estimated Program Costs,fiscal_year,2029,2029,2029,33,6
Pell Grant,Subtract Estimated Program Costs,2030,36055.0,Millions of dollars,51304-2026-02-pellgrant.xlsx,T4_Pell_02-2026,false,51304,Federal Pell Grant Program: Projected Cumulative Shortfall / Cumulative Shortfall With 2026 Budget Authority Inflatedd / Subtract Estimated Program Costs,fiscal_year,2030,2030,2030,33,7
Pell Grant,Subtract Estimated Program Costs,2031,36285.0,Millions of dollars,51304-2026-02-pellgrant.xlsx,T4_Pell_02-2026,false,51304,Federal Pell Grant Program: Projected Cumulative Shortfall / Cumulative Shortfall With 2026 Budget Authority Inflatedd / Subtract Estimated Program Costs,fiscal_year,2031,2031,2031,33,8
Pell Grant,Subtract Estimated Program Costs,2032,36516.0,Millions of dollars,51304-2026-02-pellgrant.xlsx,T4_Pell_02-2026,false,51304,Federal Pell Grant Program: Projected Cumulative Shortfall / Cumulative Shortfall With 2026 Budget Authority Inflatedd / Subtract Estimated Program Costs,fiscal_year,2032,2032,2032,33,9
Pell Grant,Subtract Estimated Program Costs,2033,36748.0,Millions of dollars,51304-2026-02-pellgrant.xlsx,T4_Pell_02-2026,false,51304,Federal Pell Grant Program: Projected Cumulative Shortfall / Cumulative Shortfall With 2026 Budget Authority Inflatedd / Subtract Estimated Program Costs,fiscal_year,2033,2033,2033,33,10
Pell Grant,Subtract Estimated Program Costs,2034,36981.0,Millions of dollars,51304-2026-02-pellgrant.xlsx,T4_Pell_02-2026,false,51304,Federal Pell Grant Program: Projected Cumulative Shortfall / Cumulative Shortfall With 2026 Budget Authority Inflatedd / Subtract Estimated Program Costs,fiscal_year,2034,2034,2034,33,11
Pell Grant,Subtract Estimated Program Costs,2035,37178.0,Millions of dollars,51304-2026-02-pellgrant.xlsx,T4_Pell_02-2026,false,51304,Federal Pell Grant Program: Projected Cumulative Shortfall / Cumulative Shortfall With 2026 Budget Authority Inflatedd / Subtract Estimated Program Costs,fiscal_year,2035,2035,2035,33,12
Pell Grant,Subtract Estimated Program Costs,2036,37376.0,Millions of dollars,51304-2026-02-pellgrant.xlsx,T4_Pell_02-2026,false,51304,Federal Pell Grant Program: Projected Cumulative Shortfall / Cumulative Shortfall With 2026 Budget Authority Inflatedd / Subtract Estimated Program Costs,fiscal_year,2036,2036,2036,33,13
Pell Grant,Net Shortfall for the Fiscal Year,2027,-10959.0,Millions of dollars,51304-2026-02-pellgrant.xlsx,T4_Pell_02-2026,false,51304,Federal Pell Grant Program: Projected Cumulative Shortfall / Cumulative Shortfall With 2026 Budget Authority Inflatedd / Net Shortfall for the Fiscal Year,fiscal_year,2027,2027,2027,34,4
Pell Grant,Net Shortfall for the Fiscal Year,2028,-10746.0,Millions of dollars,51304-2026-02-pellgrant.xlsx,T4_Pell_02-2026,false,51304,Federal Pell Grant Program: Projected Cumulative Shortfall / Cumulative Shortfall With 2026 Budget Authority Inflatedd / Net Shortfall for the Fiscal Year,fiscal_year,2028,2028,2028,34,5
Pell Grant,Net Shortfall for the Fiscal Year,2029,-10521.0,Millions of dollars,51304-2026-02-pellgrant.xlsx,T4_Pell_02-2026,false,51304,Federal Pell Grant Program: Projected Cumulative Shortfall / Cumulative Shortfall With 2026 Budget Authority Inflatedd / Net Shortfall for the Fiscal Year,fiscal_year,2029,2029,2029,34,6
Pell Grant,Net Shortfall for the Fiscal Year,2030,-10321.0,Millions of dollars,51304-2026-02-pellgrant.xlsx,T4_Pell_02-2026,false,51304,Federal Pell Grant Program: Projected Cumulative Shortfall / Cumulative Shortfall With 2026 Budget Authority Inflatedd / Net Shortfall for the Fiscal Year,fiscal_year,2030,2030,2030,34,7
Pell Grant,Net Shortfall for the Fiscal Year,2031,-10057.0,Millions of dollars,51304-2026-02-pellgrant.xlsx,T4_Pell_02-2026,false,51304,Federal Pell Grant Program: Projected Cumulative Shortfall / Cumulative Shortfall With 2026 Budget Authority Inflatedd / Net Shortfall for the Fiscal Year,fiscal_year,2031,2031,2031,34,8
Pell Grant,Net Shortfall for the Fiscal Year,2032,-9793.0,Millions of dollars,51304-2026-02-pellgrant.xlsx,T4_Pell_02-2026,false,51304,Federal Pell Grant Program: Projected Cumulative Shortfall / Cumulative Shortfall With 2026 Budget Authority Inflatedd / Net Shortfall for the Fiscal Year,fiscal_year,2032,2032,2032,34,9
Pell Grant,Net Shortfall for the Fiscal Year,2033,-9531.0,Millions of dollars,51304-2026-02-pellgrant.xlsx,T4_Pell_02-2026,false,51304,Federal Pell Grant Program: Projected Cumulative Shortfall / Cumulative Shortfall With 2026 Budget Authority Inflatedd / Net Shortfall for the Fiscal Year,fiscal_year,2033,2033,2033,34,10
Pell Grant,Net Shortfall for the Fiscal Year,2034,-9247.0,Millions of dollars,51304-2026-02-pellgrant.xlsx,T4_Pell_02-2026,false,51304,Federal Pell Grant Program: Projected Cumulative Shortfall / Cumulative Shortfall With 2026 Budget Authority Inflatedd / Net Shortfall for the Fiscal Year,fiscal_year,2034,2034,2034,34,11
Pell Grant,Net Shortfall for the Fiscal Year,2035,-8927.0,Millions of dollars,51304-2026-02-pellgrant.xlsx,T4_Pell_02-2026,false,51304,Federal Pell Grant Program: Projected Cumulative Shortfall / Cumulative Shortfall With 2026 Budget Authority Inflatedd / Net Shortfall for the Fiscal Year,fiscal_year,2035,2035,2035,34,12
Pell Grant,Net Shortfall for the Fiscal Year,2036,-8586.0,Millions of dollars,51304-2026-02-pellgrant.xlsx,T4_Pell_02-2026,false,51304,Federal Pell Grant Program: Projected Cumulative Shortfall / Cumulative Shortfall With 2026 Budget Authority Inflatedd / Net Shortfall for the Fiscal Year,fiscal_year,2036,2036,2036,34,13
Pell Grant,Prior Year Cumulative Shortfall,2027,-5450.0,Millions of dollars,51304-2026-02-pellgrant.xlsx,T4_Pell_02-2026,false,51304,Federal Pell Grant Program: Projected Cumulative Shortfall / Cumulative Shortfall With 2026 Budget Authority Inflatedd / Prior Year Cumulative Shortfall,fiscal_year,2027,2027,2027,36,4
Pell Grant,Prior Year Cumulative Shortfall,2028,-16409.0,Millions of dollars,51304-2026-02-pellgrant.xlsx,T4_Pell_02-2026,false,51304,Federal Pell Grant Program: Projected Cumulative Shortfall / Cumulative Shortfall With 2026 Budget Authority Inflatedd / Prior Year Cumulative Shortfall,fiscal_year,2028,2028,2028,36,5
Pell Grant,Prior Year Cumulative Shortfall,2029,-27155.0,Millions of dollars,51304-2026-02-pellgrant.xlsx,T4_Pell_02-2026,false,51304,Federal Pell Grant Program: Projected Cumulative Shortfall / Cumulative Shortfall With 2026 Budget Authority Inflatedd / Prior Year Cumulative Shortfall,fiscal_year,2029,2029,2029,36,6
Pell Grant,Prior Year Cumulative Shortfall,2030,-37676.0,Millions of dollars,51304-2026-02-pellgrant.xlsx,T4_Pell_02-2026,false,51304,Federal Pell Grant Program: Projected Cumulative Shortfall / Cumulative Shortfall With 2026 Budget Authority Inflatedd / Prior Year Cumulative Shortfall,fiscal_year,2030,2030,2030,36,7
Pell Grant,Prior Year Cumulative Shortfall,2031,-47997.0,Millions of dollars,51304-2026-02-pellgrant.xlsx,T4_Pell_02-2026,false,51304,Federal Pell Grant Program: Projected Cumulative Shortfall / Cumulative Shortfall With 2026 Budget Authority Inflatedd / Prior Year Cumulative Shortfall,fiscal_year,2031,2031,2031,36,8
Pell Grant,Prior Year Cumulative Shortfall,2032,-58054.0,Millions of dollars,51304-2026-02-pellgrant.xlsx,T4_Pell_02-2026,false,51304,Federal Pell Grant Program: Projected Cumulative Shortfall / Cumulative Shortfall With 2026 Budget Authority Inflatedd / Prior Year Cumulative Shortfall,fiscal_year,2032,2032,2032,36,9
Pell Grant,Prior Year Cumulative Shortfall,2033,-67847.0,Millions of dollars,51304-2026-02-pellgrant.xlsx,T4_Pell_02-2026,false,51304,Federal Pell Grant Program: Projected Cumulative Shortfall / Cumulative Shortfall With 2026 Budget Authority Inflatedd / Prior Year Cumulative Shortfall,fiscal_year,2033,2033,2033,36,10
Pell Grant,Prior Year Cumulative Shortfall,2034,-77378.0,Millions of dollars,51304-2026-02-pellgrant.xlsx,T4_Pell_02-2026,false,51304,Federal Pell Grant Program: Projected Cumulative Shortfall / Cumulative Shortfall With 2026 Budget Authority Inflatedd / Prior Year Cumulative Shortfall,fiscal_year,2034,2034,2034,36,11
Pell Grant,Prior Year Cumulative Shortfall,2035,-86625.0,Millions of dollars,51304-2026-02-pellgrant.xlsx,T4_Pell_02-2026,false,51304,Federal Pell Grant Program: Projected Cumulative Shortfall / Cumulative Shortfall With 2026 Budget Authority Inflatedd / Prior Year Cumulative Shortfall,fiscal_year,2035,2035,2035,36,12
Pell Grant,Prior Year Cumulative Shortfall,2036,-95552.0,Millions of dollars,51304-2026-02-pellgrant.xlsx,T4_Pell_02-2026,false,51304,Federal Pell Grant Program: Projected Cumulative Shortfall / Cumulative Shortfall With 2026 Budget Authority Inflatedd / Prior Year Cumulative Shortfall,fiscal_year,2036,2036,2036,36,13
Pell Grant,Current Year Cumulative Shortfall,2027,-16409.0,Millions of dollars,51304-2026-02-pellgrant.xlsx,T4_Pell_02-2026,false,51304,Federal Pell Grant Program: Projected Cumulative Shortfall / Cumulative Shortfall With 2026 Budget Authority Inflatedd / Current Year Cumulative Shortfall,fiscal_year,2027,2027,2027,37,4
Pell Grant,Current Year Cumulative Shortfall,2028,-27155.0,Millions of dollars,51304-2026-02-pellgrant.xlsx,T4_Pell_02-2026,false,51304,Federal Pell Grant Program: Projected Cumulative Shortfall / Cumulative Shortfall With 2026 Budget Authority Inflatedd / Current Year Cumulative Shortfall,fiscal_year,2028,2028,2028,37,5
Pell Grant,Current Year Cumulative Shortfall,2029,-37676.0,Millions of dollars,51304-2026-02-pellgrant.xlsx,T4_Pell_02-2026,false,51304,Federal Pell Grant Program: Projected Cumulative Shortfall / Cumulative Shortfall With 2026 Budget Authority Inflatedd / Current Year Cumulative Shortfall,fiscal_year,2029,2029,2029,37,6
Pell Grant,Current Year Cumulative Shortfall,2030,-47997.0,Millions of dollars,51304-2026-02-pellgrant.xlsx,T4_Pell_02-2026,false,51304,Federal Pell Grant Program: Projected Cumulative Shortfall / Cumulative Shortfall With 2026 Budget Authority Inflatedd / Current Year Cumulative Shortfall,fiscal_year,2030,2030,2030,37,7
Pell Grant,Current Year Cumulative Shortfall,2031,-58054.0,Millions of dollars,51304-2026-02-pellgrant.xlsx,T4_Pell_02-2026,false,51304,Federal Pell Grant Program: Projected Cumulative Shortfall / Cumulative Shortfall With 2026 Budget Authority Inflatedd / Current Year Cumulative Shortfall,fiscal_year,2031,2031,2031,37,8
Pell Grant,Current Year Cumulative Shortfall,2032,-67847.0,Millions of dollars,51304-2026-02-pellgrant.xlsx,T4_Pell_02-2026,false,51304,Federal Pell Grant Program: Projected Cumulative Shortfall / Cumulative Shortfall With 2026 Budget Authority Inflatedd / Current Year Cumulative Shortfall,fiscal_year,2032,2032,2032,37,9
Pell Grant,Current Year Cumulative Shortfall,2033,-77378.0,Millions of dollars,51304-2026-02-pellgrant.xlsx,T4_Pell_02-2026,false,51304,Federal Pell Grant Program: Projected Cumulative Shortfall / Cumulative Shortfall With 2026 Budget Authority Inflatedd / Current Year Cumulative Shortfall,fiscal_year,2033,2033,2033,37,10
Pell Grant,Current Year Cumulative Shortfall,2034,-86625.0,Millions of dollars,51304-2026-02-pellgrant.xlsx,T4_Pell_02-2026,false,51304,Federal Pell Grant Program: Projected Cumulative Shortfall / Cumulative Shortfall With 2026 Budget Authority Inflatedd / Current Year Cumulative Shortfall,fiscal_year,2034,2034,2034,37,11
Pell Grant,Current Year Cumulative Shortfall,2035,-95552.0,Millions of dollars,51304-2026-02-pellgrant.xlsx,T4_Pell_02-2026,false,51304,Federal Pell Grant Program: Projected Cumulative Shortfall / Cumulative Shortfall With 2026 Budget Authority Inflatedd / Current Year Cumulative Shortfall,fiscal_year,2035,2035,2035,37,12
Pell Grant,Current Year Cumulative Shortfall,2036,-104138.0,Millions of dollars,51304-2026-02-pellgrant.xlsx,T4_Pell_02-2026,false,51304,Federal Pell Grant Program: Projected Cumulative Shortfall / Cumulative Shortfall With 2026 Budget Authority Inflatedd / Current Year Cumulative Shortfall,fiscal_year,2036,2036,2036,37,13
