program,category,fiscal_year,value,unit,source_file,source_sheet,is_total
Studentloan,Budget Authority,2022,4071.0,Millions of dollars,51310-2022-05-studentloan.xlsx,T1-FCRA_05-2022,false
Studentloan,Budget Authority,2023,-1522.0,Millions of dollars,51310-2022-05-studentloan.xlsx,T1-FCRA_05-2022,false
Studentloan,Budget Authority,2024,-2304.0,Millions of dollars,51310-2022-05-studentloan.xlsx,T1-FCRA_05-2022,false
Studentloan,Budget Authority,2025,-2405.0,Millions of dollars,51310-2022-05-studentloan.xlsx,T1-FCRA_05-2022,false
Studentloan,Budget Authority,2026,-1211.0,Millions of dollars,51310-2022-05-studentloan.xlsx,T1-FCRA_05-2022,false
Studentloan,Budget Authority,2027,208.0,Millions of dollars,51310-2022-05-studentloan.xlsx,T1-FCRA_05-2022,false
Studentloan,Budget Authority,2028,643.0,Millions of dollars,51310-2022-05-studentloan.xlsx,T1-FCRA_05-2022,false
Studentloan,Budget Authority,2029,459.0,Millions of dollars,51310-2022-05-studentloan.xlsx,T1-FCRA_05-2022,false
Studentloan,Budget Authority,2030,57.0,Millions of dollars,51310-2022-05-studentloan.xlsx,T1-FCRA_05-2022,false
Studentloan,Budget Authority,2031,-37.0,Millions of dollars,51310-2022-05-studentloan.xlsx,T1-FCRA_05-2022,false
Studentloan,Budget Authority,2032,-37.0,Millions of dollars,51310-2022-05-studentloan.xlsx,T1-FCRA_05-2022,false
Studentloan,Outlays,2022,4484.0,Millions of dollars,51310-2022-05-studentloan.xlsx,T1-FCRA_05-2022,false
Studentloan,Outlays,2023,-1032.0,Millions of dollars,51310-2022-05-studentloan.xlsx,T1-FCRA_05-2022,false
Studentloan,Outlays,2024,-1903.0,Millions of dollars,51310-2022-05-studentloan.xlsx,T1-FCRA_05-2022,false
Studentloan,Outlays,2025,-2183.0,Millions of dollars,51310-2022-05-studentloan.xlsx,T1-FCRA_05-2022,false
Studentloan,Outlays,2026,-1525.0,Millions of dollars,51310-2022-05-studentloan.xlsx,T1-FCRA_05-2022,false
Studentloan,Outlays,2027,-331.0,Millions of dollars,51310-2022-05-studentloan.xlsx,T1-FCRA_05-2022,false
Studentloan,Outlays,2028,347.0,Millions of dollars,51310-2022-05-studentloan.xlsx,T1-FCRA_05-2022,false
Studentloan,Outlays,2029,360.0,Millions of dollars,51310-2022-05-studentloan.xlsx,T1-FCRA_05-2022,false
Studentloan,Outlays,2030,72.0,Millions of dollars,51310-2022-05-studentloan.xlsx,T1-FCRA_05-2022,false
Studentloan,Outlays,2031,-108.0,Millions of dollars,51310-2022-05-studentloan.xlsx,T1-FCRA_05-2022,false
Studentloan,Outlays,2032,-108.0,Millions of dollars,51310-2022-05-studentloan.xlsx,T1-FCRA_05-2022,false
Studentloan,Budget Authority,2022,15227.0,Millions of dollars,51310-2022-05-studentloan.xlsx,T1-FCRA_05-2022,false
Studentloan,Budget Authority,2023,0.0,Millions of dollars,51310-2022-05-studentloan.xlsx,T1-FCRA_05-2022,false
Studentloan,Budget Authority,2024,0.0,Millions of dollars,51310-2022-05-studentloan.xlsx,T1-FCRA_05-2022,false
Studentloan,Budget Authority,2025,0.0,Millions of dollars,51310-2022-05-studentloan.xlsx,T1-FCRA_05-2022,false
Studentloan,Budget Authority,2026,0.0,Millions of dollars,51310-2022-05-studentloan.xlsx,T1-FCRA_05-2022,false
Studentloan,Budget Authority,2027,0.0,Millions of dollars,51310-2022-05-studentloan.xlsx,T1-FCRA_05-2022,false
Studentloan,Budget Authority,2028,0.0,Millions of dollars,51310-2022-05-studentloan.xlsx,T1-FCRA_05-2022,false
Studentloan,Budget Authority,2029,0.0,Millions of dollars,51310-2022-05-studentloan.xlsx,T1-FCRA_05-2022,false
Studentloan,Budget Authority,2030,0.0,Millions of dollars,51310-2022-05-studentloan.xlsx,T1-FCRA_05-2022,false
Studentloan,Budget Authority,2031,0.0,Millions of dollars,51310-2022-05-studentloan.xlsx,T1-FCRA_05-2022,false
Studentloan,Budget Authority,2032,0.0,Millions of dollars,51310-2022-05-studentloan.xlsx,T1-FCRA_05-2022,false
Studentloan,Outlays,2022,15227.0,Millions of dollars,51310-2022-05-studentloan.xlsx,T1-FCRA_05-2022,false
Studentloan,Outlays,2023,0.0,Millions of dollars,51310-2022-05-studentloan.xlsx,T1-FCRA_05-2022,false
Studentloan,Outlays,2024,0.0,Millions of dollars,51310-2022-05-studentloan.xlsx,T1-FCRA_05-2022,false
Studentloan,Outlays,2025,0.0,Millions of dollars,51310-2022-05-studentloan.xlsx,T1-FCRA_05-2022,false
Studentloan,Outlays,2026,0.0,Millions of dollars,51310-2022-05-studentloan.xlsx,T1-FCRA_05-2022,false
Studentloan,Outlays,2027,0.0,Millions of dollars,51310-2022-05-studentloan.xlsx,T1-FCRA_05-2022,false
Studentloan,Outlays,2028,0.0,Millions of dollars,51310-2022-05-studentloan.xlsx,T1-FCRA_05-2022,false
Studentloan,Outlays,2029,0.0,Millions of dollars,51310-2022-05-studentloan.xlsx,T1-FCRA_05-2022,false
Studentloan,Outlays,2030,0.0,Millions of dollars,51310-2022-05-studentloan.xlsx,T1-FCRA_05-2022,false
Studentloan,Outlays,2031,0.0,Millions of dollars,51310-2022-05-studentloan.xlsx,T1-FCRA_05-2022,false
Studentloan,Outlays,2032,0.0,Millions of dollars,51310-2022-05-studentloan.xlsx,T1-FCRA_05-2022,false
Studentloan,Budget Authority,2022,19299.0,Millions of dollars,51310-2022-05-studentloan.xlsx,T1-FCRA_05-2022,false
Studentloan,Budget Authority,2023,-1522.0,Millions of dollars,51310-2022-05-studentloan.xlsx,T1-FCRA_05-2022,false
Studentloan,Budget Authority,2024,-2304.0,Millions of dollars,51310-2022-05-studentloan.xlsx,T1-FCRA_05-2022,false
Studentloan,Budget Authority,2025,-2405.0,Millions of dollars,51310-2022-05-studentloan.xlsx,T1-FCRA_05-2022,false
Studentloan,Budget Authority,2026,-1211.0,Millions of dollars,51310-2022-05-studentloan.xlsx,T1-FCRA_05-2022,false
Studentloan,Budget Authority,2027,208.0,Millions of dollars,51310-2022-05-studentloan.xlsx,T1-FCRA_05-2022,false
Studentloan,Budget Authority,2028,643.0,Millions of dollars,51310-2022-05-studentloan.xlsx,T1-FCRA_05-2022,false
Studentloan,Budget Authority,2029,459.0,Millions of dollars,51310-2022-05-studentloan.xlsx,T1-FCRA_05-2022,false
Studentloan,Budget Authority,2030,57.0,Millions of dollars,51310-2022-05-studentloan.xlsx,T1-FCRA_05-2022,false
Studentloan,Budget Authority,2031,-37.0,Millions of dollars,51310-2022-05-studentloan.xlsx,T1-FCRA_05-2022,false
Studentloan,Budget Authority,2032,-37.0,Millions of dollars,51310-2022-05-studentloan.xlsx,T1-FCRA_05-2022,false
Studentloan,Outlays,2022,19712.0,Millions of dollars,51310-2022-05-studentloan.xlsx,T1-FCRA_05-2022,false
Studentloan,Outlays,2023,-1032.0,Millions of dollars,51310-2022-05-studentloan.xlsx,T1-FCRA_05-2022,false
Studentloan,Outlays,2024,-1903.0,Millions of dollars,51310-2022-05-studentloan.xlsx,T1-FCRA_05-2022,false
Studentloan,Outlays,2025,-2183.0,Millions of dollars,51310-2022-05-studentloan.xlsx,T1-FCRA_05-2022,false
Studentloan,Outlays,2026,-1525.0,Millions of dollars,51310-2022-05-studentloan.xlsx,T1-FCRA_05-2022,false
Studentloan,Outlays,2027,-331.0,Millions of dollars,51310-2022-05-studentloan.xlsx,T1-FCRA_05-2022,false
Studentloan,Outlays,2028,347.0,Millions of dollars,51310-2022-05-studentloan.xlsx,T1-FCRA_05-2022,false
Studentloan,Outlays,2029,360.0,Millions of dollars,51310-2022-05-studentloan.xlsx,T1-FCRA_05-2022,false
Studentloan,Outlays,2030,72.0,Millions of dollars,51310-2022-05-studentloan.xlsx,T1-FCRA_05-2022,false
Studentloan,Outlays,2031,-108.0,Millions of dollars,51310-2022-05-studentloan.xlsx,T1-FCRA_05-2022,false
Studentloan,Outlays,2032,-108.0,Millions of dollars,51310-2022-05-studentloan.xlsx,T1-FCRA_05-2022,false
Studentloan,Budget Authority,2022,942.0,Millions of dollars,51310-2022-05-studentloan.xlsx,T1-FCRA_05-2022,false
Studentloan,Budget Authority,2023,40.0,Millions of dollars,51310-2022-05-studentloan.xlsx,T1-FCRA_05-2022,false
Studentloan,Budget Authority,2024,100.0,Millions of dollars,51310-2022-05-studentloan.xlsx,T1-FCRA_05-2022,false
Studentloan,Budget Authority,2025,97.0,Millions of dollars,51310-2022-05-studentloan.xlsx,T1-FCRA_05-2022,false
Studentloan,Budget Authority,2026,102.0,Millions of dollars,51310-2022-05-studentloan.xlsx,T1-FCRA_05-2022,false
Studentloan,Budget Authority,2027,99.0,Millions of dollars,51310-2022-05-studentloan.xlsx,T1-FCRA_05-2022,false
Studentloan,Budget Authority,2028,84.0,Millions of dollars,51310-2022-05-studentloan.xlsx,T1-FCRA_05-2022,false
Studentloan,Budget Authority,2029,81.0,Millions of dollars,51310-2022-05-studentloan.xlsx,T1-FCRA_05-2022,false
Studentloan,Budget Authority,2030,79.0,Millions of dollars,51310-2022-05-studentloan.xlsx,T1-FCRA_05-2022,false
Studentloan,Budget Authority,2031,74.0,Millions of dollars,51310-2022-05-studentloan.xlsx,T1-FCRA_05-2022,false
Studentloan,Budget Authority,2032,71.0,Millions of dollars,51310-2022-05-studentloan.xlsx,T1-FCRA_05-2022,false
Studentloan,Outlays,2022,799.0,Millions of dollars,51310-2022-05-studentloan.xlsx,T1-FCRA_05-2022,false
Studentloan,Outlays,2023,-173.0,Millions of dollars,51310-2022-05-studentloan.xlsx,T1-FCRA_05-2022,false
Studentloan,Outlays,2024,-94.0,Millions of dollars,51310-2022-05-studentloan.xlsx,T1-FCRA_05-2022,false
Studentloan,Outlays,2025,-80.0,Millions of dollars,51310-2022-05-studentloan.xlsx,T1-FCRA_05-2022,false
Studentloan,Outlays,2026,-60.0,Millions of dollars,51310-2022-05-studentloan.xlsx,T1-FCRA_05-2022,false
Studentloan,Outlays,2027,-49.0,Millions of dollars,51310-2022-05-studentloan.xlsx,T1-FCRA_05-2022,false
Studentloan,Outlays,2028,-51.0,Millions of dollars,51310-2022-05-studentloan.xlsx,T1-FCRA_05-2022,false
Studentloan,Outlays,2029,-42.0,Millions of dollars,51310-2022-05-studentloan.xlsx,T1-FCRA_05-2022,false
Studentloan,Outlays,2030,-33.0,Millions of dollars,51310-2022-05-studentloan.xlsx,T1-FCRA_05-2022,false
Studentloan,Outlays,2031,-29.0,Millions of dollars,51310-2022-05-studentloan.xlsx,T1-FCRA_05-2022,false
Studentloan,Outlays,2032,-23.0,Millions of dollars,51310-2022-05-studentloan.xlsx,T1-FCRA_05-2022,false
Studentloan,Budget Authority,2022,11955.0,Millions of dollars,51310-2022-05-studentloan.xlsx,T1-FCRA_05-2022,false
Studentloan,Budget Authority,2023,0.0,Millions of dollars,51310-2022-05-studentloan.xlsx,T1-FCRA_05-2022,false
Studentloan,Budget Authority,2024,0.0,Millions of dollars,51310-2022-05-studentloan.xlsx,T1-FCRA_05-2022,false
Studentloan,Budget Authority,2025,0.0,Millions of dollars,51310-2022-05-studentloan.xlsx,T1-FCRA_05-2022,false
Studentloan,Budget Authority,2026,0.0,Millions of dollars,51310-2022-05-studentloan.xlsx,T1-FCRA_05-2022,false
Studentloan,Budget Authority,2027,0.0,Millions of dollars,51310-2022-05-studentloan.xlsx,T1-FCRA_05-2022,false
Studentloan,Budget Authority,2028,0.0,Millions of dollars,51310-2022-05-studentloan.xlsx,T1-FCRA_05-2022,false
Studentloan,Budget Authority,2029,0.0,Millions of dollars,51310-2022-05-studentloan.xlsx,T1-FCRA_05-2022,false
Studentloan,Budget Authority,2030,0.0,Millions of dollars,51310-2022-05-studentloan.xlsx,T1-FCRA_05-2022,false
Studentloan,Budget Authority,2031,0.0,Millions of dollars,51310-2022-05-studentloan.xlsx,T1-FCRA_05-2022,false
Studentloan,Budget Authority,2032,0.0,Millions of dollars,51310-2022-05-studentloan.xlsx,T1-FCRA_05-2022,false
Studentloan,Outlays,2022,11955.0,Millions of dollars,51310-2022-05-studentloan.xlsx,T1-FCRA_05-2022,false
Studentloan,Outlays,2023,0.0,Millions of dollars,51310-2022-05-studentloan.xlsx,T1-FCRA_05-2022,false
Studentloan,Outlays,2024,0.0,Millions of dollars,51310-2022-05-studentloan.xlsx,T1-FCRA_05-2022,false
Studentloan,Outlays,2025,0.0,Millions of dollars,51310-2022-05-studentloan.xlsx,T1-FCRA_05-2022,false
Studentloan,Outlays,2026,0.0,Millions of dollars,51310-2022-05-studentloan.xlsx,T1-FCRA_05-2022,false
Studentloan,Outlays,2027,0.0,Millions of dollars,51310-2022-05-studentloan.xlsx,T1-FCRA_05-2022,false
Studentloan,Outlays,2028,0.0,Millions of dollars,51310-2022-05-studentloan.xlsx,T1-FCRA_05-2022,false
Studentloan,Outlays,2029,0.0,Millions of dollars,51310-2022-05-studentloan.xlsx,T1-FCRA_05-2022,false
Studentloan,Outlays,2030,0.0,Millions of dollars,51310-2022-05-studentloan.xlsx,T1-FCRA_05-2022,false
Studentloan,Outlays,2031,0.0,Millions of dollars,51310-2022-05-studentloan.xlsx,T1-FCRA_05-2022,false
Studentloan,Outlays,2032,0.0,Millions of dollars,51310-2022-05-studentloan.xlsx,T1-FCRA_05-2022,false
Studentloan,Budget Authority,2022,12897.0,Millions of dollars,51310-2022-05-studentloan.xlsx,T1-FCRA_05-2022,false
Studentloan,Budget Authority,2023,40.0,Millions of dollars,51310-2022-05-studentloan.xlsx,T1-FCRA_05-2022,false
Studentloan,Budget Authority,2024,100.0,Millions of dollars,51310-2022-05-studentloan.xlsx,T1-FCRA_05-2022,false
Studentloan,Budget Authority,2025,97.0,Millions of dollars,51310-2022-05-studentloan.xlsx,T1-FCRA_05-2022,false
Studentloan,Budget Authority,2026,102.0,Millions of dollars,51310-2022-05-studentloan.xlsx,T1-FCRA_05-2022,false
Studentloan,Budget Authority,2027,99.0,Millions of dollars,51310-2022-05-studentloan.xlsx,T1-FCRA_05-2022,false
Studentloan,Budget Authority,2028,84.0,Millions of dollars,51310-2022-05-studentloan.xlsx,T1-FCRA_05-2022,false
Studentloan,Budget Authority,2029,81.0,Millions of dollars,51310-2022-05-studentloan.xlsx,T1-FCRA_05-2022,false
Studentloan,Budget Authority,2030,79.0,Millions of dollars,51310-2022-05-studentloan.xlsx,T1-FCRA_05-2022,false
Studentloan,Budget Authority,2031,74.0,Millions of dollars,51310-2022-05-studentloan.xlsx,T1-FCRA_05-2022,false
Studentloan,Budget Authority,2032,71.0,Millions of dollars,51310-2022-05-studentloan.xlsx,T1-FCRA_05-2022,false
Studentloan,Outlays,2022,12754.0,Millions of dollars,51310-2022-05-studentloan.xlsx,T1-FCRA_05-2022,false
Studentloan,Outlays,2023,-173.0,Millions of dollars,51310-2022-05-studentloan.xlsx,T1-FCRA_05-2022,false
Studentloan,Outlays,2024,-94.0,Millions of dollars,51310-2022-05-studentloan.xlsx,T1-FCRA_05-2022,false
Studentloan,Outlays,2025,-80.0,Millions of dollars,51310-2022-05-studentloan.xlsx,T1-FCRA_05-2022,false
Studentloan,Outlays,2026,-60.0,Millions of dollars,51310-2022-05-studentloan.xlsx,T1-FCRA_05-2022,false
Studentloan,Outlays,2027,-49.0,Millions of dollars,51310-2022-05-studentloan.xlsx,T1-FCRA_05-2022,false
Studentloan,Outlays,2028,-51.0,Millions of dollars,51310-2022-05-studentloan.xlsx,T1-FCRA_05-2022,false
Studentloan,Outlays,2029,-42.0,Millions of dollars,51310-2022-05-studentloan.xlsx,T1-FCRA_05-2022,false
Studentloan,Outlays,2030,-33.0,Millions of dollars,51310-2022-05-studentloan.xlsx,T1-FCRA_05-2022,false
Studentloan,Outlays,2031,-29.0,Millions of dollars,51310-2022-05-studentloan.xlsx,T1-FCRA_05-2022,false
Studentloan,Outlays,2032,-23.0,Millions of dollars,51310-2022-05-studentloan.xlsx,T1-FCRA_05-2022,false
Studentloan,Budget Authority,2022,2034.0,Millions of dollars,51310-2022-05-studentloan.xlsx,T1-FCRA_05-2022,false
Studentloan,Budget Authority,2023,2106.0,Millions of dollars,51310-2022-05-studentloan.xlsx,T1-FCRA_05-2022,false
Studentloan,Budget Authority,2024,2160.0,Millions of dollars,51310-2022-05-studentloan.xlsx,T1-FCRA_05-2022,false
Studentloan,Budget Authority,2025,2211.0,Millions of dollars,51310-2022-05-studentloan.xlsx,T1-FCRA_05-2022,false
Studentloan,Budget Authority,2026,2262.0,Millions of dollars,51310-2022-05-studentloan.xlsx,T1-FCRA_05-2022,false
Studentloan,Budget Authority,2027,2316.0,Millions of dollars,51310-2022-05-studentloan.xlsx,T1-FCRA_05-2022,false
Studentloan,Budget Authority,2028,2372.0,Millions of dollars,51310-2022-05-studentloan.xlsx,T1-FCRA_05-2022,false
Studentloan,Budget Authority,2029,2428.0,Millions of dollars,51310-2022-05-studentloan.xlsx,T1-FCRA_05-2022,false
Studentloan,Budget Authority,2030,2485.0,Millions of dollars,51310-2022-05-studentloan.xlsx,T1-FCRA_05-2022,false
Studentloan,Budget Authority,2031,2544.0,Millions of dollars,51310-2022-05-studentloan.xlsx,T1-FCRA_05-2022,false
Studentloan,Budget Authority,2032,2604.0,Millions of dollars,51310-2022-05-studentloan.xlsx,T1-FCRA_05-2022,false
Studentloan,Outlays,2022,1953.0,Millions of dollars,51310-2022-05-studentloan.xlsx,T1-FCRA_05-2022,false
Studentloan,Outlays,2023,2053.0,Millions of dollars,51310-2022-05-studentloan.xlsx,T1-FCRA_05-2022,false
Studentloan,Outlays,2024,2119.0,Millions of dollars,51310-2022-05-studentloan.xlsx,T1-FCRA_05-2022,false
Studentloan,Outlays,2025,2178.0,Millions of dollars,51310-2022-05-studentloan.xlsx,T1-FCRA_05-2022,false
Studentloan,Outlays,2026,2229.0,Millions of dollars,51310-2022-05-studentloan.xlsx,T1-FCRA_05-2022,false
Studentloan,Outlays,2027,2282.0,Millions of dollars,51310-2022-05-studentloan.xlsx,T1-FCRA_05-2022,false
Studentloan,Outlays,2028,2337.0,Millions of dollars,51310-2022-05-studentloan.xlsx,T1-FCRA_05-2022,false
Studentloan,Outlays,2029,2392.0,Millions of dollars,51310-2022-05-studentloan.xlsx,T1-FCRA_05-2022,false
Studentloan,Outlays,2030,2449.0,Millions of dollars,51310-2022-05-studentloan.xlsx,T1-FCRA_05-2022,false
Studentloan,Outlays,2031,2507.0,Millions of dollars,51310-2022-05-studentloan.xlsx,T1-FCRA_05-2022,false
Studentloan,Outlays,2032,2566.0,Millions of dollars,51310-2022-05-studentloan.xlsx,T1-FCRA_05-2022,false
Studentloan,Budget Authority,2022,611.0,Millions of dollars,51310-2022-05-studentloan.xlsx,T1-FCRA_05-2022,false
Studentloan,Budget Authority,2023,1260.0,Millions of dollars,51310-2022-05-studentloan.xlsx,T1-FCRA_05-2022,false
Studentloan,Budget Authority,2024,1298.0,Millions of dollars,51310-2022-05-studentloan.xlsx,T1-FCRA_05-2022,false
Studentloan,Budget Authority,2025,1329.0,Millions of dollars,51310-2022-05-studentloan.xlsx,T1-FCRA_05-2022,false
Studentloan,Budget Authority,2026,1351.0,Millions of dollars,51310-2022-05-studentloan.xlsx,T1-FCRA_05-2022,false
Studentloan,Budget Authority,2027,1373.0,Millions of dollars,51310-2022-05-studentloan.xlsx,T1-FCRA_05-2022,false
Studentloan,Budget Authority,2028,1395.0,Millions of dollars,51310-2022-05-studentloan.xlsx,T1-FCRA_05-2022,false
Studentloan,Budget Authority,2029,1418.0,Millions of dollars,51310-2022-05-studentloan.xlsx,T1-FCRA_05-2022,false
Studentloan,Budget Authority,2030,1440.0,Millions of dollars,51310-2022-05-studentloan.xlsx,T1-FCRA_05-2022,false
Studentloan,Budget Authority,2031,1463.0,Millions of dollars,51310-2022-05-studentloan.xlsx,T1-FCRA_05-2022,false
Studentloan,Budget Authority,2032,1463.0,Millions of dollars,51310-2022-05-studentloan.xlsx,T1-FCRA_05-2022,false
Studentloan,Outlays,2022,687.0,Millions of dollars,51310-2022-05-studentloan.xlsx,T1-FCRA_05-2022,false
Studentloan,Outlays,2023,1308.0,Millions of dollars,51310-2022-05-studentloan.xlsx,T1-FCRA_05-2022,false
Studentloan,Outlays,2024,1241.0,Millions of dollars,51310-2022-05-studentloan.xlsx,T1-FCRA_05-2022,false
Studentloan,Outlays,2025,1280.0,Millions of dollars,51310-2022-05-studentloan.xlsx,T1-FCRA_05-2022,false
Studentloan,Outlays,2026,1293.0,Millions of dollars,51310-2022-05-studentloan.xlsx,T1-FCRA_05-2022,false
Studentloan,Outlays,2027,1320.0,Millions of dollars,51310-2022-05-studentloan.xlsx,T1-FCRA_05-2022,false
Studentloan,Outlays,2028,1346.0,Millions of dollars,51310-2022-05-studentloan.xlsx,T1-FCRA_05-2022,false
Studentloan,Outlays,2029,1373.0,Millions of dollars,51310-2022-05-studentloan.xlsx,T1-FCRA_05-2022,false
Studentloan,Outlays,2030,1400.0,Millions of dollars,51310-2022-05-studentloan.xlsx,T1-FCRA_05-2022,false
Studentloan,Outlays,2031,1426.0,Millions of dollars,51310-2022-05-studentloan.xlsx,T1-FCRA_05-2022,false
Studentloan,Outlays,2032,1435.0,Millions of dollars,51310-2022-05-studentloan.xlsx,T1-FCRA_05-2022,false
Studentloan,Budget Authority,2022,2645.0,Millions of dollars,51310-2022-05-studentloan.xlsx,T1-FCRA_05-2022,false
Studentloan,Budget Authority,2023,3366.0,Millions of dollars,51310-2022-05-studentloan.xlsx,T1-FCRA_05-2022,false
Studentloan,Budget Authority,2024,3458.0,Millions of dollars,51310-2022-05-studentloan.xlsx,T1-FCRA_05-2022,false
Studentloan,Budget Authority,2025,3540.0,Millions of dollars,51310-2022-05-studentloan.xlsx,T1-FCRA_05-2022,false
Studentloan,Budget Authority,2026,3613.0,Millions of dollars,51310-2022-05-studentloan.xlsx,T1-FCRA_05-2022,false
Studentloan,Budget Authority,2027,3689.0,Millions of dollars,51310-2022-05-studentloan.xlsx,T1-FCRA_05-2022,false
Studentloan,Budget Authority,2028,3767.0,Millions of dollars,51310-2022-05-studentloan.xlsx,T1-FCRA_05-2022,false
Studentloan,Budget Authority,2029,3846.0,Millions of dollars,51310-2022-05-studentloan.xlsx,T1-FCRA_05-2022,false
Studentloan,Budget Authority,2030,3925.0,Millions of dollars,51310-2022-05-studentloan.xlsx,T1-FCRA_05-2022,false
Studentloan,Budget Authority,2031,4007.0,Millions of dollars,51310-2022-05-studentloan.xlsx,T1-FCRA_05-2022,false
Studentloan,Budget Authority,2032,4067.0,Millions of dollars,51310-2022-05-studentloan.xlsx,T1-FCRA_05-2022,false
Studentloan,Outlays,2022,2640.0,Millions of dollars,51310-2022-05-studentloan.xlsx,T1-FCRA_05-2022,false
Studentloan,Outlays,2023,3361.0,Millions of dollars,51310-2022-05-studentloan.xlsx,T1-FCRA_05-2022,false
Studentloan,Outlays,2024,3360.0,Millions of dollars,51310-2022-05-studentloan.xlsx,T1-FCRA_05-2022,false
Studentloan,Outlays,2025,3459.0,Millions of dollars,51310-2022-05-studentloan.xlsx,T1-FCRA_05-2022,false
Studentloan,Outlays,2026,3522.0,Millions of dollars,51310-2022-05-studentloan.xlsx,T1-FCRA_05-2022,false
Studentloan,Outlays,2027,3602.0,Millions of dollars,51310-2022-05-studentloan.xlsx,T1-FCRA_05-2022,false
Studentloan,Outlays,2028,3683.0,Millions of dollars,51310-2022-05-studentloan.xlsx,T1-FCRA_05-2022,false
Studentloan,Outlays,2029,3765.0,Millions of dollars,51310-2022-05-studentloan.xlsx,T1-FCRA_05-2022,false
Studentloan,Outlays,2030,3848.0,Millions of dollars,51310-2022-05-studentloan.xlsx,T1-FCRA_05-2022,false
Studentloan,Outlays,2031,3933.0,Millions of dollars,51310-2022-05-studentloan.xlsx,T1-FCRA_05-2022,false
Studentloan,Outlays,2032,4001.0,Millions of dollars,51310-2022-05-studentloan.xlsx,T1-FCRA_05-2022,false
Studentloan,Budget Authority,2022,34840.0,Millions of dollars,51310-2022-05-studentloan.xlsx,T1-FCRA_05-2022,false
Studentloan,Budget Authority,2023,1884.0,Millions of dollars,51310-2022-05-studentloan.xlsx,T1-FCRA_05-2022,false
Studentloan,Budget Authority,2024,1254.0,Millions of dollars,51310-2022-05-studentloan.xlsx,T1-FCRA_05-2022,false
Studentloan,Budget Authority,2025,1232.0,Millions of dollars,51310-2022-05-studentloan.xlsx,T1-FCRA_05-2022,false
Studentloan,Budget Authority,2026,2504.0,Millions of dollars,51310-2022-05-studentloan.xlsx,T1-FCRA_05-2022,false
Studentloan,Budget Authority,2027,3996.0,Millions of dollars,51310-2022-05-studentloan.xlsx,T1-FCRA_05-2022,false
Studentloan,Budget Authority,2028,4494.0,Millions of dollars,51310-2022-05-studentloan.xlsx,T1-FCRA_05-2022,false
Studentloan,Budget Authority,2029,4386.0,Millions of dollars,51310-2022-05-studentloan.xlsx,T1-FCRA_05-2022,false
Studentloan,Budget Authority,2030,4062.0,Millions of dollars,51310-2022-05-studentloan.xlsx,T1-FCRA_05-2022,false
Studentloan,Budget Authority,2031,4044.0,Millions of dollars,51310-2022-05-studentloan.xlsx,T1-FCRA_05-2022,false
Studentloan,Budget Authority,2032,4101.0,Millions of dollars,51310-2022-05-studentloan.xlsx,T1-FCRA_05-2022,false
Studentloan,Outlays,2022,35106.0,Millions of dollars,51310-2022-05-studentloan.xlsx,T1-FCRA_05-2022,false
Studentloan,Outlays,2023,2155.0,Millions of dollars,51310-2022-05-studentloan.xlsx,T1-FCRA_05-2022,false
Studentloan,Outlays,2024,1363.0,Millions of dollars,51310-2022-05-studentloan.xlsx,T1-FCRA_05-2022,false
Studentloan,Outlays,2025,1196.0,Millions of dollars,51310-2022-05-studentloan.xlsx,T1-FCRA_05-2022,false
Studentloan,Outlays,2026,1937.0,Millions of dollars,51310-2022-05-studentloan.xlsx,T1-FCRA_05-2022,false
Studentloan,Outlays,2027,3222.0,Millions of dollars,51310-2022-05-studentloan.xlsx,T1-FCRA_05-2022,false
Studentloan,Outlays,2028,3979.0,Millions of dollars,51310-2022-05-studentloan.xlsx,T1-FCRA_05-2022,false
Studentloan,Outlays,2029,4083.0,Millions of dollars,51310-2022-05-studentloan.xlsx,T1-FCRA_05-2022,false
Studentloan,Outlays,2030,3887.0,Millions of dollars,51310-2022-05-studentloan.xlsx,T1-FCRA_05-2022,false
Studentloan,Outlays,2031,3795.0,Millions of dollars,51310-2022-05-studentloan.xlsx,T1-FCRA_05-2022,false
Studentloan,Outlays,2032,3870.0,Millions of dollars,51310-2022-05-studentloan.xlsx,T1-FCRA_05-2022,false
Studentloan,Amended Return of Title IV Requirements for Direct Loans,2020,0.5,Billions of dollars,51310-2022-05-studentloan.xlsx,T3-Pandemic Relief_05-2022,false
Studentloan,Amended Return of Title IV Requirements for Direct Loans,2021,0.0,Billions of dollars,51310-2022-05-studentloan.xlsx,T3-Pandemic Relief_05-2022,false
Studentloan,Amended Return of Title IV Requirements for Direct Loans,2022,0.0,Billions of dollars,51310-2022-05-studentloan.xlsx,T3-Pandemic Relief_05-2022,false
Studentloan,Total,2020,41.9,Billions of dollars,51310-2022-05-studentloan.xlsx,T3-Pandemic Relief_05-2022,true
Studentloan,Total,2021,55.9,Billions of dollars,51310-2022-05-studentloan.xlsx,T3-Pandemic Relief_05-2022,true
Studentloan,Total,2022,15.0,Billions of dollars,51310-2022-05-studentloan.xlsx,T3-Pandemic Relief_05-2022,true
Studentloan,Net Annual Loan Volume (Millions of dollars),2022,83533.0,Millions of dollars,51310-2022-05-studentloan.xlsx,T4-NewLoans-FCRA_05-2022,false
Studentloan,Net Annual Loan Volume (Millions of dollars),2023,84883.0,Millions of dollars,51310-2022-05-studentloan.xlsx,T4-NewLoans-FCRA_05-2022,false
Studentloan,Net Annual Loan Volume (Millions of dollars),2024,87352.0,Millions of dollars,51310-2022-05-studentloan.xlsx,T4-NewLoans-FCRA_05-2022,false
Studentloan,Net Annual Loan Volume (Millions of dollars),2025,90206.0,Millions of dollars,51310-2022-05-studentloan.xlsx,T4-NewLoans-FCRA_05-2022,false
Studentloan,Net Annual Loan Volume (Millions of dollars),2026,93167.0,Millions of dollars,51310-2022-05-studentloan.xlsx,T4-NewLoans-FCRA_05-2022,false
Studentloan,Net Annual Loan Volume (Millions of dollars),2027,95856.0,Millions of dollars,51310-2022-05-studentloan.xlsx,T4-NewLoans-FCRA_05-2022,false
Studentloan,Net Annual Loan Volume (Millions of dollars),2028,98272.0,Millions of dollars,51310-2022-05-studentloan.xlsx,T4-NewLoans-FCRA_05-2022,false
Studentloan,Net Annual Loan Volume (Millions of dollars),2029,100735.0,Millions of dollars,51310-2022-05-studentloan.xlsx,T4-NewLoans-FCRA_05-2022,false
Studentloan,Net Annual Loan Volume (Millions of dollars),2030,103249.0,Millions of dollars,51310-2022-05-studentloan.xlsx,T4-NewLoans-FCRA_05-2022,false
Studentloan,Net Annual Loan Volume (Millions of dollars),2031,105812.0,Millions of dollars,51310-2022-05-studentloan.xlsx,T4-NewLoans-FCRA_05-2022,false
Studentloan,Net Annual Loan Volume (Millions of dollars),2032,108443.0,Millions of dollars,51310-2022-05-studentloan.xlsx,T4-NewLoans-FCRA_05-2022,false
Studentloan,Net Annual Loan Volume (Millions of dollars),2032,1051508.0,Millions of dollars,51310-2022-05-studentloan.xlsx,T4-NewLoans-FCRA_05-2022,false
Studentloan,Net Number of Loans (Thousands),2022,12725.0,Millions of dollars,51310-2022-05-studentloan.xlsx,T4-NewLoans-FCRA_05-2022,false
Studentloan,Net Number of Loans (Thousands),2023,12740.0,Millions of dollars,51310-2022-05-studentloan.xlsx,T4-NewLoans-FCRA_05-2022,false
Studentloan,Net Number of Loans (Thousands),2024,12967.0,Millions of dollars,51310-2022-05-studentloan.xlsx,T4-NewLoans-FCRA_05-2022,false
Studentloan,Net Number of Loans (Thousands),2025,13270.0,Millions of dollars,51310-2022-05-studentloan.xlsx,T4-NewLoans-FCRA_05-2022,false
Studentloan,Net Number of Loans (Thousands),2026,13581.0,Millions of dollars,51310-2022-05-studentloan.xlsx,T4-NewLoans-FCRA_05-2022,false
Studentloan,Net Number of Loans (Thousands),2027,13805.0,Millions of dollars,51310-2022-05-studentloan.xlsx,T4-NewLoans-FCRA_05-2022,false
Studentloan,Net Number of Loans (Thousands),2028,13974.0,Millions of dollars,51310-2022-05-studentloan.xlsx,T4-NewLoans-FCRA_05-2022,false
Studentloan,Net Number of Loans (Thousands),2029,14144.0,Millions of dollars,51310-2022-05-studentloan.xlsx,T4-NewLoans-FCRA_05-2022,false
Studentloan,Net Number of Loans (Thousands),2030,14314.0,Millions of dollars,51310-2022-05-studentloan.xlsx,T4-NewLoans-FCRA_05-2022,false
Studentloan,Net Number of Loans (Thousands),2031,14481.0,Millions of dollars,51310-2022-05-studentloan.xlsx,T4-NewLoans-FCRA_05-2022,false
Studentloan,Net Number of Loans (Thousands),2032,14650.0,Millions of dollars,51310-2022-05-studentloan.xlsx,T4-NewLoans-FCRA_05-2022,false
Studentloan,Net Number of Loans (Thousands),2032,150651.0,Millions of dollars,51310-2022-05-studentloan.xlsx,T4-NewLoans-FCRA_05-2022,false
Studentloan,Average Loan Amount (Dollars),2022,6564.0,Millions of dollars,51310-2022-05-studentloan.xlsx,T4-NewLoans-FCRA_05-2022,false
Studentloan,Average Loan Amount (Dollars),2023,6663.0,Millions of dollars,51310-2022-05-studentloan.xlsx,T4-NewLoans-FCRA_05-2022,false
Studentloan,Average Loan Amount (Dollars),2024,6737.0,Millions of dollars,51310-2022-05-studentloan.xlsx,T4-NewLoans-FCRA_05-2022,false
Studentloan,Average Loan Amount (Dollars),2025,6798.0,Millions of dollars,51310-2022-05-studentloan.xlsx,T4-NewLoans-FCRA_05-2022,false
Studentloan,Average Loan Amount (Dollars),2026,6860.0,Millions of dollars,51310-2022-05-studentloan.xlsx,T4-NewLoans-FCRA_05-2022,false
Studentloan,Average Loan Amount (Dollars),2027,6943.0,Millions of dollars,51310-2022-05-studentloan.xlsx,T4-NewLoans-FCRA_05-2022,false
Studentloan,Average Loan Amount (Dollars),2028,7033.0,Millions of dollars,51310-2022-05-studentloan.xlsx,T4-NewLoans-FCRA_05-2022,false
Studentloan,Average Loan Amount (Dollars),2029,7122.0,Millions of dollars,51310-2022-05-studentloan.xlsx,T4-NewLoans-FCRA_05-2022,false
Studentloan,Average Loan Amount (Dollars),2030,7213.0,Millions of dollars,51310-2022-05-studentloan.xlsx,T4-NewLoans-FCRA_05-2022,false
Studentloan,Average Loan Amount (Dollars),2031,7307.0,Millions of dollars,51310-2022-05-studentloan.xlsx,T4-NewLoans-FCRA_05-2022,false
Studentloan,Average Loan Amount (Dollars),2032,7402.0,Millions of dollars,51310-2022-05-studentloan.xlsx,T4-NewLoans-FCRA_05-2022,false
Studentloan,Subsidy Rate (Percent)b,2022,-0.45,Millions of dollars,51310-2022-05-studentloan.xlsx,T4-NewLoans-FCRA_05-2022,false
Studentloan,Subsidy Rate (Percent)b,2023,-1.69,Millions of dollars,51310-2022-05-studentloan.xlsx,T4-NewLoans-FCRA_05-2022,false
Studentloan,Subsidy Rate (Percent)b,2024,-2.44,Millions of dollars,51310-2022-05-studentloan.xlsx,T4-NewLoans-FCRA_05-2022,false
Studentloan,Subsidy Rate (Percent)b,2025,-2.47,Millions of dollars,51310-2022-05-studentloan.xlsx,T4-NewLoans-FCRA_05-2022,false
Studentloan,Subsidy Rate (Percent)b,2026,-1.25,Millions of dollars,51310-2022-05-studentloan.xlsx,T4-NewLoans-FCRA_05-2022,false
Studentloan,Subsidy Rate (Percent)b,2027,0.09,Millions of dollars,51310-2022-05-studentloan.xlsx,T4-NewLoans-FCRA_05-2022,false
Studentloan,Subsidy Rate (Percent)b,2028,0.48,Millions of dollars,51310-2022-05-studentloan.xlsx,T4-NewLoans-FCRA_05-2022,false
Studentloan,Subsidy Rate (Percent)b,2029,0.3,Millions of dollars,51310-2022-05-studentloan.xlsx,T4-NewLoans-FCRA_05-2022,false
Studentloan,Subsidy Rate (Percent)b,2030,-0.06,Millions of dollars,51310-2022-05-studentloan.xlsx,T4-NewLoans-FCRA_05-2022,false
Studentloan,Subsidy Rate (Percent)b,2031,-0.13,Millions of dollars,51310-2022-05-studentloan.xlsx,T4-NewLoans-FCRA_05-2022,false
Studentloan,Subsidy Rate (Percent)b,2032,-0.3,Millions of dollars,51310-2022-05-studentloan.xlsx,T4-NewLoans-FCRA_05-2022,false
Studentloan,Net Annual Loan Volume (Millions of dollars),2022,15699.0,Millions of dollars,51310-2022-05-studentloan.xlsx,T4-NewLoans-FCRA_05-2022,false
Studentloan,Net Annual Loan Volume (Millions of dollars),2023,15752.0,Millions of dollars,51310-2022-05-studentloan.xlsx,T4-NewLoans-FCRA_05-2022,false
Studentloan,Net Annual Loan Volume (Millions of dollars),2024,16043.0,Millions of dollars,51310-2022-05-studentloan.xlsx,T4-NewLoans-FCRA_05-2022,false
Studentloan,Net Annual Loan Volume (Millions of dollars),2025,16468.0,Millions of dollars,51310-2022-05-studentloan.xlsx,T4-NewLoans-FCRA_05-2022,false
Studentloan,Net Annual Loan Volume (Millions of dollars),2026,16905.0,Millions of dollars,51310-2022-05-studentloan.xlsx,T4-NewLoans-FCRA_05-2022,false
Studentloan,Net Annual Loan Volume (Millions of dollars),2027,17217.0,Millions of dollars,51310-2022-05-studentloan.xlsx,T4-NewLoans-FCRA_05-2022,false
Studentloan,Net Annual Loan Volume (Millions of dollars),2028,17518.0,Millions of dollars,51310-2022-05-studentloan.xlsx,T4-NewLoans-FCRA_05-2022,false
Studentloan,Net Annual Loan Volume (Millions of dollars),2029,17824.0,Millions of dollars,51310-2022-05-studentloan.xlsx,T4-NewLoans-FCRA_05-2022,false
Studentloan,Net Annual Loan Volume (Millions of dollars),2030,18135.0,Millions of dollars,51310-2022-05-studentloan.xlsx,T4-NewLoans-FCRA_05-2022,false
Studentloan,Net Annual Loan Volume (Millions of dollars),2031,18434.0,Millions of dollars,51310-2022-05-studentloan.xlsx,T4-NewLoans-FCRA_05-2022,false
Studentloan,Net Annual Loan Volume (Millions of dollars),2032,18738.0,Millions of dollars,51310-2022-05-studentloan.xlsx,T4-NewLoans-FCRA_05-2022,false
Studentloan,Net Annual Loan Volume (Millions of dollars),2032,188733.0,Millions of dollars,51310-2022-05-studentloan.xlsx,T4-NewLoans-FCRA_05-2022,false
Studentloan,Net Number of Loans (Thousands),2022,4682.0,Millions of dollars,51310-2022-05-studentloan.xlsx,T4-NewLoans-FCRA_05-2022,false
Studentloan,Net Number of Loans (Thousands),2023,4682.0,Millions of dollars,51310-2022-05-studentloan.xlsx,T4-NewLoans-FCRA_05-2022,false
Studentloan,Net Number of Loans (Thousands),2024,4752.0,Millions of dollars,51310-2022-05-studentloan.xlsx,T4-NewLoans-FCRA_05-2022,false
Studentloan,Net Number of Loans (Thousands),2025,4861.0,Millions of dollars,51310-2022-05-studentloan.xlsx,T4-NewLoans-FCRA_05-2022,false
Studentloan,Net Number of Loans (Thousands),2026,4973.0,Millions of dollars,51310-2022-05-studentloan.xlsx,T4-NewLoans-FCRA_05-2022,false
Studentloan,Net Number of Loans (Thousands),2027,5048.0,Millions of dollars,51310-2022-05-studentloan.xlsx,T4-NewLoans-FCRA_05-2022,false
Studentloan,Net Number of Loans (Thousands),2028,5118.0,Millions of dollars,51310-2022-05-studentloan.xlsx,T4-NewLoans-FCRA_05-2022,false
Studentloan,Net Number of Loans (Thousands),2029,5190.0,Millions of dollars,51310-2022-05-studentloan.xlsx,T4-NewLoans-FCRA_05-2022,false
Studentloan,Net Number of Loans (Thousands),2030,5263.0,Millions of dollars,51310-2022-05-studentloan.xlsx,T4-NewLoans-FCRA_05-2022,false
Studentloan,Net Number of Loans (Thousands),2031,5331.0,Millions of dollars,51310-2022-05-studentloan.xlsx,T4-NewLoans-FCRA_05-2022,false
Studentloan,Net Number of Loans (Thousands),2032,5400.0,Millions of dollars,51310-2022-05-studentloan.xlsx,T4-NewLoans-FCRA_05-2022,false
Studentloan,Net Number of Loans (Thousands),2032,55300.0,Millions of dollars,51310-2022-05-studentloan.xlsx,T4-NewLoans-FCRA_05-2022,false
Studentloan,Average Loan Amount (Dollars),2022,3353.0,Millions of dollars,51310-2022-05-studentloan.xlsx,T4-NewLoans-FCRA_05-2022,false
Studentloan,Average Loan Amount (Dollars),2023,3365.0,Millions of dollars,51310-2022-05-studentloan.xlsx,T4-NewLoans-FCRA_05-2022,false
Studentloan,Average Loan Amount (Dollars),2024,3376.0,Millions of dollars,51310-2022-05-studentloan.xlsx,T4-NewLoans-FCRA_05-2022,false
Studentloan,Average Loan Amount (Dollars),2025,3388.0,Millions of dollars,51310-2022-05-studentloan.xlsx,T4-NewLoans-FCRA_05-2022,false
Studentloan,Average Loan Amount (Dollars),2026,3399.0,Millions of dollars,51310-2022-05-studentloan.xlsx,T4-NewLoans-FCRA_05-2022,false
Studentloan,Average Loan Amount (Dollars),2027,3411.0,Millions of dollars,51310-2022-05-studentloan.xlsx,T4-NewLoans-FCRA_05-2022,false
Studentloan,Average Loan Amount (Dollars),2028,3423.0,Millions of dollars,51310-2022-05-studentloan.xlsx,T4-NewLoans-FCRA_05-2022,false
Studentloan,Average Loan Amount (Dollars),2029,3434.0,Millions of dollars,51310-2022-05-studentloan.xlsx,T4-NewLoans-FCRA_05-2022,false
Studentloan,Average Loan Amount (Dollars),2030,3446.0,Millions of dollars,51310-2022-05-studentloan.xlsx,T4-NewLoans-FCRA_05-2022,false
Studentloan,Average Loan Amount (Dollars),2031,3458.0,Millions of dollars,51310-2022-05-studentloan.xlsx,T4-NewLoans-FCRA_05-2022,false
Studentloan,Average Loan Amount (Dollars),2032,3470.0,Millions of dollars,51310-2022-05-studentloan.xlsx,T4-NewLoans-FCRA_05-2022,false
Studentloan,Subsidy Rate (Percent)b,2022,13.14,Millions of dollars,51310-2022-05-studentloan.xlsx,T4-NewLoans-FCRA_05-2022,false
Studentloan,Subsidy Rate (Percent)b,2023,13.69,Millions of dollars,51310-2022-05-studentloan.xlsx,T4-NewLoans-FCRA_05-2022,false
Studentloan,Subsidy Rate (Percent)b,2024,13.36,Millions of dollars,51310-2022-05-studentloan.xlsx,T4-NewLoans-FCRA_05-2022,false
Studentloan,Subsidy Rate (Percent)b,2025,13.59,Millions of dollars,51310-2022-05-studentloan.xlsx,T4-NewLoans-FCRA_05-2022,false
Studentloan,Subsidy Rate (Percent)b,2026,14.47,Millions of dollars,51310-2022-05-studentloan.xlsx,T4-NewLoans-FCRA_05-2022,false
Studentloan,Subsidy Rate (Percent)b,2027,15.85,Millions of dollars,51310-2022-05-studentloan.xlsx,T4-NewLoans-FCRA_05-2022,false
Studentloan,Subsidy Rate (Percent)b,2028,16.37,Millions of dollars,51310-2022-05-studentloan.xlsx,T4-NewLoans-FCRA_05-2022,false
Studentloan,Subsidy Rate (Percent)b,2029,16.02,Millions of dollars,51310-2022-05-studentloan.xlsx,T4-NewLoans-FCRA_05-2022,false
Studentloan,Subsidy Rate (Percent)b,2030,15.9,Millions of dollars,51310-2022-05-studentloan.xlsx,T4-NewLoans-FCRA_05-2022,false
Studentloan,Subsidy Rate (Percent)b,2031,15.82,Millions of dollars,51310-2022-05-studentloan.xlsx,T4-NewLoans-FCRA_05-2022,false
Studentloan,Subsidy Rate (Percent)b,2032,15.74,Millions of dollars,51310-2022-05-studentloan.xlsx,T4-NewLoans-FCRA_05-2022,false
Studentloan,Net Annual Loan Volume (Millions of dollars),2022,18008.0,Millions of dollars,51310-2022-05-studentloan.xlsx,T4-NewLoans-FCRA_05-2022,false
Studentloan,Net Annual Loan Volume (Millions of dollars),2023,18188.0,Millions of dollars,51310-2022-05-studentloan.xlsx,T4-NewLoans-FCRA_05-2022,false
Studentloan,Net Annual Loan Volume (Millions of dollars),2024,18793.0,Millions of dollars,51310-2022-05-studentloan.xlsx,T4-NewLoans-FCRA_05-2022,false
Studentloan,Net Annual Loan Volume (Millions of dollars),2025,19531.0,Millions of dollars,51310-2022-05-studentloan.xlsx,T4-NewLoans-FCRA_05-2022,false
Studentloan,Net Annual Loan Volume (Millions of dollars),2026,20298.0,Millions of dollars,51310-2022-05-studentloan.xlsx,T4-NewLoans-FCRA_05-2022,false
Studentloan,Net Annual Loan Volume (Millions of dollars),2027,20891.0,Millions of dollars,51310-2022-05-studentloan.xlsx,T4-NewLoans-FCRA_05-2022,false
Studentloan,Net Annual Loan Volume (Millions of dollars),2028,21321.0,Millions of dollars,51310-2022-05-studentloan.xlsx,T4-NewLoans-FCRA_05-2022,false
Studentloan,Net Annual Loan Volume (Millions of dollars),2029,21761.0,Millions of dollars,51310-2022-05-studentloan.xlsx,T4-NewLoans-FCRA_05-2022,false
Studentloan,Net Annual Loan Volume (Millions of dollars),2030,22209.0,Millions of dollars,51310-2022-05-studentloan.xlsx,T4-NewLoans-FCRA_05-2022,false
Studentloan,Net Annual Loan Volume (Millions of dollars),2031,22667.0,Millions of dollars,51310-2022-05-studentloan.xlsx,T4-NewLoans-FCRA_05-2022,false
Studentloan,Net Annual Loan Volume (Millions of dollars),2032,23134.0,Millions of dollars,51310-2022-05-studentloan.xlsx,T4-NewLoans-FCRA_05-2022,false
Studentloan,Net Annual Loan Volume (Millions of dollars),2032,226801.0,Millions of dollars,51310-2022-05-studentloan.xlsx,T4-NewLoans-FCRA_05-2022,false
Studentloan,Net Number of Loans (Thousands),2022,4966.0,Millions of dollars,51310-2022-05-studentloan.xlsx,T4-NewLoans-FCRA_05-2022,false
Studentloan,Net Number of Loans (Thousands),2023,4966.0,Millions of dollars,51310-2022-05-studentloan.xlsx,T4-NewLoans-FCRA_05-2022,false
Studentloan,Net Number of Loans (Thousands),2024,5080.0,Millions of dollars,51310-2022-05-studentloan.xlsx,T4-NewLoans-FCRA_05-2022,false
Studentloan,Net Number of Loans (Thousands),2025,5227.0,Millions of dollars,51310-2022-05-studentloan.xlsx,T4-NewLoans-FCRA_05-2022,false
Studentloan,Net Number of Loans (Thousands),2026,5379.0,Millions of dollars,51310-2022-05-studentloan.xlsx,T4-NewLoans-FCRA_05-2022,false
Studentloan,Net Number of Loans (Thousands),2027,5481.0,Millions of dollars,51310-2022-05-studentloan.xlsx,T4-NewLoans-FCRA_05-2022,false
Studentloan,Net Number of Loans (Thousands),2028,5539.0,Millions of dollars,51310-2022-05-studentloan.xlsx,T4-NewLoans-FCRA_05-2022,false
Studentloan,Net Number of Loans (Thousands),2029,5597.0,Millions of dollars,51310-2022-05-studentloan.xlsx,T4-NewLoans-FCRA_05-2022,false
Studentloan,Net Number of Loans (Thousands),2030,5656.0,Millions of dollars,51310-2022-05-studentloan.xlsx,T4-NewLoans-FCRA_05-2022,false
Studentloan,Net Number of Loans (Thousands),2031,5715.0,Millions of dollars,51310-2022-05-studentloan.xlsx,T4-NewLoans-FCRA_05-2022,false
Studentloan,Net Number of Loans (Thousands),2032,5775.0,Millions of dollars,51310-2022-05-studentloan.xlsx,T4-NewLoans-FCRA_05-2022,false
Studentloan,Net Number of Loans (Thousands),2032,59381.0,Millions of dollars,51310-2022-05-studentloan.xlsx,T4-NewLoans-FCRA_05-2022,false
Studentloan,Average Loan Amount (Dollars),2022,3626.0,Millions of dollars,51310-2022-05-studentloan.xlsx,T4-NewLoans-FCRA_05-2022,false
Studentloan,Average Loan Amount (Dollars),2023,3663.0,Millions of dollars,51310-2022-05-studentloan.xlsx,T4-NewLoans-FCRA_05-2022,false
Studentloan,Average Loan Amount (Dollars),2024,3699.0,Millions of dollars,51310-2022-05-studentloan.xlsx,T4-NewLoans-FCRA_05-2022,false
Studentloan,Average Loan Amount (Dollars),2025,3736.0,Millions of dollars,51310-2022-05-studentloan.xlsx,T4-NewLoans-FCRA_05-2022,false
Studentloan,Average Loan Amount (Dollars),2026,3774.0,Millions of dollars,51310-2022-05-studentloan.xlsx,T4-NewLoans-FCRA_05-2022,false
Studentloan,Average Loan Amount (Dollars),2027,3811.0,Millions of dollars,51310-2022-05-studentloan.xlsx,T4-NewLoans-FCRA_05-2022,false
Studentloan,Average Loan Amount (Dollars),2028,3849.0,Millions of dollars,51310-2022-05-studentloan.xlsx,T4-NewLoans-FCRA_05-2022,false
Studentloan,Average Loan Amount (Dollars),2029,3888.0,Millions of dollars,51310-2022-05-studentloan.xlsx,T4-NewLoans-FCRA_05-2022,false
Studentloan,Average Loan Amount (Dollars),2030,3927.0,Millions of dollars,51310-2022-05-studentloan.xlsx,T4-NewLoans-FCRA_05-2022,false
Studentloan,Average Loan Amount (Dollars),2031,3966.0,Millions of dollars,51310-2022-05-studentloan.xlsx,T4-NewLoans-FCRA_05-2022,false
Studentloan,Average Loan Amount (Dollars),2032,4006.0,Millions of dollars,51310-2022-05-studentloan.xlsx,T4-NewLoans-FCRA_05-2022,false
Studentloan,Subsidy Rate (Percent)b,2022,3.91,Millions of dollars,51310-2022-05-studentloan.xlsx,T4-NewLoans-FCRA_05-2022,false
Studentloan,Subsidy Rate (Percent)b,2023,1.83,Millions of dollars,51310-2022-05-studentloan.xlsx,T4-NewLoans-FCRA_05-2022,false
Studentloan,Subsidy Rate (Percent)b,2024,0.56,Millions of dollars,51310-2022-05-studentloan.xlsx,T4-NewLoans-FCRA_05-2022,false
Studentloan,Subsidy Rate (Percent)b,2025,0.65,Millions of dollars,51310-2022-05-studentloan.xlsx,T4-NewLoans-FCRA_05-2022,false
Studentloan,Subsidy Rate (Percent)b,2026,1.18,Millions of dollars,51310-2022-05-studentloan.xlsx,T4-NewLoans-FCRA_05-2022,false
Studentloan,Subsidy Rate (Percent)b,2027,2.25,Millions of dollars,51310-2022-05-studentloan.xlsx,T4-NewLoans-FCRA_05-2022,false
Studentloan,Subsidy Rate (Percent)b,2028,2.61,Millions of dollars,51310-2022-05-studentloan.xlsx,T4-NewLoans-FCRA_05-2022,false
Studentloan,Subsidy Rate (Percent)b,2029,2.32,Millions of dollars,51310-2022-05-studentloan.xlsx,T4-NewLoans-FCRA_05-2022,false
Studentloan,Subsidy Rate (Percent)b,2030,2.2,Millions of dollars,51310-2022-05-studentloan.xlsx,T4-NewLoans-FCRA_05-2022,false
Studentloan,Subsidy Rate (Percent)b,2031,2.39,Millions of dollars,51310-2022-05-studentloan.xlsx,T4-NewLoans-FCRA_05-2022,false
Studentloan,Subsidy Rate (Percent)b,2032,2.41,Millions of dollars,51310-2022-05-studentloan.xlsx,T4-NewLoans-FCRA_05-2022,false
Studentloan,Net Annual Loan Volume (Millions of dollars),2022,26895.0,Millions of dollars,51310-2022-05-studentloan.xlsx,T4-NewLoans-FCRA_05-2022,false
Studentloan,Net Annual Loan Volume (Millions of dollars),2023,27253.0,Millions of dollars,51310-2022-05-studentloan.xlsx,T4-NewLoans-FCRA_05-2022,false
Studentloan,Net Annual Loan Volume (Millions of dollars),2024,27918.0,Millions of dollars,51310-2022-05-studentloan.xlsx,T4-NewLoans-FCRA_05-2022,false
Studentloan,Net Annual Loan Volume (Millions of dollars),2025,28608.0,Millions of dollars,51310-2022-05-studentloan.xlsx,T4-NewLoans-FCRA_05-2022,false
Studentloan,Net Annual Loan Volume (Millions of dollars),2026,29325.0,Millions of dollars,51310-2022-05-studentloan.xlsx,T4-NewLoans-FCRA_05-2022,false
Studentloan,Net Annual Loan Volume (Millions of dollars),2027,30065.0,Millions of dollars,51310-2022-05-studentloan.xlsx,T4-NewLoans-FCRA_05-2022,false
Studentloan,Net Annual Loan Volume (Millions of dollars),2028,30796.0,Millions of dollars,51310-2022-05-studentloan.xlsx,T4-NewLoans-FCRA_05-2022,false
Studentloan,Net Annual Loan Volume (Millions of dollars),2029,31534.0,Millions of dollars,51310-2022-05-studentloan.xlsx,T4-NewLoans-FCRA_05-2022,false
Studentloan,Net Annual Loan Volume (Millions of dollars),2030,32289.0,Millions of dollars,51310-2022-05-studentloan.xlsx,T4-NewLoans-FCRA_05-2022,false
Studentloan,Net Annual Loan Volume (Millions of dollars),2031,33063.0,Millions of dollars,51310-2022-05-studentloan.xlsx,T4-NewLoans-FCRA_05-2022,false
Studentloan,Net Annual Loan Volume (Millions of dollars),2032,33855.0,Millions of dollars,51310-2022-05-studentloan.xlsx,T4-NewLoans-FCRA_05-2022,false
Studentloan,Net Annual Loan Volume (Millions of dollars),2032,331601.0,Millions of dollars,51310-2022-05-studentloan.xlsx,T4-NewLoans-FCRA_05-2022,false
Studentloan,Net Number of Loans (Thousands),2022,1740.0,Millions of dollars,51310-2022-05-studentloan.xlsx,T4-NewLoans-FCRA_05-2022,false
Studentloan,Net Number of Loans (Thousands),2023,1744.0,Millions of dollars,51310-2022-05-studentloan.xlsx,T4-NewLoans-FCRA_05-2022,false
Studentloan,Net Number of Loans (Thousands),2024,1767.0,Millions of dollars,51310-2022-05-studentloan.xlsx,T4-NewLoans-FCRA_05-2022,false
Studentloan,Net Number of Loans (Thousands),2025,1791.0,Millions of dollars,51310-2022-05-studentloan.xlsx,T4-NewLoans-FCRA_05-2022,false
Studentloan,Net Number of Loans (Thousands),2026,1816.0,Millions of dollars,51310-2022-05-studentloan.xlsx,T4-NewLoans-FCRA_05-2022,false
Studentloan,Net Number of Loans (Thousands),2027,1842.0,Millions of dollars,51310-2022-05-studentloan.xlsx,T4-NewLoans-FCRA_05-2022,false
Studentloan,Net Number of Loans (Thousands),2028,1866.0,Millions of dollars,51310-2022-05-studentloan.xlsx,T4-NewLoans-FCRA_05-2022,false
Studentloan,Net Number of Loans (Thousands),2029,1890.0,Millions of dollars,51310-2022-05-studentloan.xlsx,T4-NewLoans-FCRA_05-2022,false
Studentloan,Net Number of Loans (Thousands),2030,1914.0,Millions of dollars,51310-2022-05-studentloan.xlsx,T4-NewLoans-FCRA_05-2022,false
Studentloan,Net Number of Loans (Thousands),2031,1938.0,Millions of dollars,51310-2022-05-studentloan.xlsx,T4-NewLoans-FCRA_05-2022,false
Studentloan,Net Number of Loans (Thousands),2032,1963.0,Millions of dollars,51310-2022-05-studentloan.xlsx,T4-NewLoans-FCRA_05-2022,false
Studentloan,Net Number of Loans (Thousands),2032,20271.0,Millions of dollars,51310-2022-05-studentloan.xlsx,T4-NewLoans-FCRA_05-2022,false
Studentloan,Average Loan Amount (Dollars),2022,15457.0,Millions of dollars,51310-2022-05-studentloan.xlsx,T4-NewLoans-FCRA_05-2022,false
Studentloan,Average Loan Amount (Dollars),2023,15627.0,Millions of dollars,51310-2022-05-studentloan.xlsx,T4-NewLoans-FCRA_05-2022,false
Studentloan,Average Loan Amount (Dollars),2024,15799.0,Millions of dollars,51310-2022-05-studentloan.xlsx,T4-NewLoans-FCRA_05-2022,false
Studentloan,Average Loan Amount (Dollars),2025,15972.0,Millions of dollars,51310-2022-05-studentloan.xlsx,T4-NewLoans-FCRA_05-2022,false
Studentloan,Average Loan Amount (Dollars),2026,16148.0,Millions of dollars,51310-2022-05-studentloan.xlsx,T4-NewLoans-FCRA_05-2022,false
Studentloan,Average Loan Amount (Dollars),2027,16326.0,Millions of dollars,51310-2022-05-studentloan.xlsx,T4-NewLoans-FCRA_05-2022,false
Studentloan,Average Loan Amount (Dollars),2028,16505.0,Millions of dollars,51310-2022-05-studentloan.xlsx,T4-NewLoans-FCRA_05-2022,false
Studentloan,Average Loan Amount (Dollars),2029,16687.0,Millions of dollars,51310-2022-05-studentloan.xlsx,T4-NewLoans-FCRA_05-2022,false
Studentloan,Average Loan Amount (Dollars),2030,16870.0,Millions of dollars,51310-2022-05-studentloan.xlsx,T4-NewLoans-FCRA_05-2022,false
Studentloan,Average Loan Amount (Dollars),2031,17056.0,Millions of dollars,51310-2022-05-studentloan.xlsx,T4-NewLoans-FCRA_05-2022,false
Studentloan,Average Loan Amount (Dollars),2032,17244.0,Millions of dollars,51310-2022-05-studentloan.xlsx,T4-NewLoans-FCRA_05-2022,false
Studentloan,Subsidy Rate (Percent)b,2022,-2.78,Millions of dollars,51310-2022-05-studentloan.xlsx,T4-NewLoans-FCRA_05-2022,false
Studentloan,Subsidy Rate (Percent)b,2023,-3.62,Millions of dollars,51310-2022-05-studentloan.xlsx,T4-NewLoans-FCRA_05-2022,false
Studentloan,Subsidy Rate (Percent)b,2024,-4.61,Millions of dollars,51310-2022-05-studentloan.xlsx,T4-NewLoans-FCRA_05-2022,false
Studentloan,Subsidy Rate (Percent)b,2025,-4.44,Millions of dollars,51310-2022-05-studentloan.xlsx,T4-NewLoans-FCRA_05-2022,false
Studentloan,Subsidy Rate (Percent)b,2026,-2.84,Millions of dollars,51310-2022-05-studentloan.xlsx,T4-NewLoans-FCRA_05-2022,false
Studentloan,Subsidy Rate (Percent)b,2027,-1.64,Millions of dollars,51310-2022-05-studentloan.xlsx,T4-NewLoans-FCRA_05-2022,false
Studentloan,Subsidy Rate (Percent)b,2028,-1.15,Millions of dollars,51310-2022-05-studentloan.xlsx,T4-NewLoans-FCRA_05-2022,false
Studentloan,Subsidy Rate (Percent)b,2029,-0.92,Millions of dollars,51310-2022-05-studentloan.xlsx,T4-NewLoans-FCRA_05-2022,false
Studentloan,Subsidy Rate (Percent)b,2030,-1.29,Millions of dollars,51310-2022-05-studentloan.xlsx,T4-NewLoans-FCRA_05-2022,false
Studentloan,Subsidy Rate (Percent)b,2031,-1.57,Millions of dollars,51310-2022-05-studentloan.xlsx,T4-NewLoans-FCRA_05-2022,false
Studentloan,Subsidy Rate (Percent)b,2032,-1.96,Millions of dollars,51310-2022-05-studentloan.xlsx,T4-NewLoans-FCRA_05-2022,false
Studentloan,Net Annual Loan Volume (Millions of dollars),2022,12692.0,Millions of dollars,51310-2022-05-studentloan.xlsx,T4-NewLoans-FCRA_05-2022,false
Studentloan,Net Annual Loan Volume (Millions of dollars),2023,13228.0,Millions of dollars,51310-2022-05-studentloan.xlsx,T4-NewLoans-FCRA_05-2022,false
Studentloan,Net Annual Loan Volume (Millions of dollars),2024,13797.0,Millions of dollars,51310-2022-05-studentloan.xlsx,T4-NewLoans-FCRA_05-2022,false
Studentloan,Net Annual Loan Volume (Millions of dollars),2025,14392.0,Millions of dollars,51310-2022-05-studentloan.xlsx,T4-NewLoans-FCRA_05-2022,false
Studentloan,Net Annual Loan Volume (Millions of dollars),2026,15015.0,Millions of dollars,51310-2022-05-studentloan.xlsx,T4-NewLoans-FCRA_05-2022,false
Studentloan,Net Annual Loan Volume (Millions of dollars),2027,15626.0,Millions of dollars,51310-2022-05-studentloan.xlsx,T4-NewLoans-FCRA_05-2022,false
Studentloan,Net Annual Loan Volume (Millions of dollars),2028,16135.0,Millions of dollars,51310-2022-05-studentloan.xlsx,T4-NewLoans-FCRA_05-2022,false
Studentloan,Net Annual Loan Volume (Millions of dollars),2029,16653.0,Millions of dollars,51310-2022-05-studentloan.xlsx,T4-NewLoans-FCRA_05-2022,false
Studentloan,Net Annual Loan Volume (Millions of dollars),2030,17239.0,Millions of dollars,51310-2022-05-studentloan.xlsx,T4-NewLoans-FCRA_05-2022,false
Studentloan,Net Annual Loan Volume (Millions of dollars),2031,17844.0,Millions of dollars,51310-2022-05-studentloan.xlsx,T4-NewLoans-FCRA_05-2022,false
Studentloan,Net Annual Loan Volume (Millions of dollars),2032,18471.0,Millions of dollars,51310-2022-05-studentloan.xlsx,T4-NewLoans-FCRA_05-2022,false
Studentloan,Net Annual Loan Volume (Millions of dollars),2032,171092.0,Millions of dollars,51310-2022-05-studentloan.xlsx,T4-NewLoans-FCRA_05-2022,false
Studentloan,Net Number of Loans (Thousands),2022,635.0,Millions of dollars,51310-2022-05-studentloan.xlsx,T4-NewLoans-FCRA_05-2022,false
Studentloan,Net Number of Loans (Thousands),2023,646.0,Millions of dollars,51310-2022-05-studentloan.xlsx,T4-NewLoans-FCRA_05-2022,false
Studentloan,Net Number of Loans (Thousands),2024,657.0,Millions of dollars,51310-2022-05-studentloan.xlsx,T4-NewLoans-FCRA_05-2022,false
Studentloan,Net Number of Loans (Thousands),2025,669.0,Millions of dollars,51310-2022-05-studentloan.xlsx,T4-NewLoans-FCRA_05-2022,false
Studentloan,Net Number of Loans (Thousands),2026,681.0,Millions of dollars,51310-2022-05-studentloan.xlsx,T4-NewLoans-FCRA_05-2022,false
Studentloan,Net Number of Loans (Thousands),2027,692.0,Millions of dollars,51310-2022-05-studentloan.xlsx,T4-NewLoans-FCRA_05-2022,false
Studentloan,Net Number of Loans (Thousands),2028,697.0,Millions of dollars,51310-2022-05-studentloan.xlsx,T4-NewLoans-FCRA_05-2022,false
Studentloan,Net Number of Loans (Thousands),2029,702.0,Millions of dollars,51310-2022-05-studentloan.xlsx,T4-NewLoans-FCRA_05-2022,false
Studentloan,Net Number of Loans (Thousands),2030,709.0,Millions of dollars,51310-2022-05-studentloan.xlsx,T4-NewLoans-FCRA_05-2022,false
Studentloan,Net Number of Loans (Thousands),2031,716.0,Millions of dollars,51310-2022-05-studentloan.xlsx,T4-NewLoans-FCRA_05-2022,false
Studentloan,Net Number of Loans (Thousands),2032,723.0,Millions of dollars,51310-2022-05-studentloan.xlsx,T4-NewLoans-FCRA_05-2022,false
Studentloan,Net Number of Loans (Thousands),2032,7527.0,Millions of dollars,51310-2022-05-studentloan.xlsx,T4-NewLoans-FCRA_05-2022,false
Studentloan,Average Loan Amount (Dollars),2022,19979.0,Millions of dollars,51310-2022-05-studentloan.xlsx,T4-NewLoans-FCRA_05-2022,false
Studentloan,Average Loan Amount (Dollars),2023,20476.0,Millions of dollars,51310-2022-05-studentloan.xlsx,T4-NewLoans-FCRA_05-2022,false
Studentloan,Average Loan Amount (Dollars),2024,20986.0,Millions of dollars,51310-2022-05-studentloan.xlsx,T4-NewLoans-FCRA_05-2022,false
Studentloan,Average Loan Amount (Dollars),2025,21508.0,Millions of dollars,51310-2022-05-studentloan.xlsx,T4-NewLoans-FCRA_05-2022,false
Studentloan,Average Loan Amount (Dollars),2026,22044.0,Millions of dollars,51310-2022-05-studentloan.xlsx,T4-NewLoans-FCRA_05-2022,false
Studentloan,Average Loan Amount (Dollars),2027,22592.0,Millions of dollars,51310-2022-05-studentloan.xlsx,T4-NewLoans-FCRA_05-2022,false
Studentloan,Average Loan Amount (Dollars),2028,23155.0,Millions of dollars,51310-2022-05-studentloan.xlsx,T4-NewLoans-FCRA_05-2022,false
Studentloan,Average Loan Amount (Dollars),2029,23731.0,Millions of dollars,51310-2022-05-studentloan.xlsx,T4-NewLoans-FCRA_05-2022,false
Studentloan,Average Loan Amount (Dollars),2030,24322.0,Millions of dollars,51310-2022-05-studentloan.xlsx,T4-NewLoans-FCRA_05-2022,false
Studentloan,Average Loan Amount (Dollars),2031,24927.0,Millions of dollars,51310-2022-05-studentloan.xlsx,T4-NewLoans-FCRA_05-2022,false
Studentloan,Average Loan Amount (Dollars),2032,25547.0,Millions of dollars,51310-2022-05-studentloan.xlsx,T4-NewLoans-FCRA_05-2022,false
Studentloan,Subsidy Rate (Percent)b,2022,0.16,Millions of dollars,51310-2022-05-studentloan.xlsx,T4-NewLoans-FCRA_05-2022,false
Studentloan,Subsidy Rate (Percent)b,2023,0.93,Millions of dollars,51310-2022-05-studentloan.xlsx,T4-NewLoans-FCRA_05-2022,false
Studentloan,Subsidy Rate (Percent)b,2024,2.14,Millions of dollars,51310-2022-05-studentloan.xlsx,T4-NewLoans-FCRA_05-2022,false
Studentloan,Subsidy Rate (Percent)b,2025,1.11,Millions of dollars,51310-2022-05-studentloan.xlsx,T4-NewLoans-FCRA_05-2022,false
Studentloan,Subsidy Rate (Percent)b,2026,3.24,Millions of dollars,51310-2022-05-studentloan.xlsx,T4-NewLoans-FCRA_05-2022,false
Studentloan,Subsidy Rate (Percent)b,2027,5.63,Millions of dollars,51310-2022-05-studentloan.xlsx,T4-NewLoans-FCRA_05-2022,false
Studentloan,Subsidy Rate (Percent)b,2028,6.02,Millions of dollars,51310-2022-05-studentloan.xlsx,T4-NewLoans-FCRA_05-2022,false
Studentloan,Subsidy Rate (Percent)b,2029,5.69,Millions of dollars,51310-2022-05-studentloan.xlsx,T4-NewLoans-FCRA_05-2022,false
Studentloan,Subsidy Rate (Percent)b,2030,4.76,Millions of dollars,51310-2022-05-studentloan.xlsx,T4-NewLoans-FCRA_05-2022,false
Studentloan,Subsidy Rate (Percent)b,2031,4.72,Millions of dollars,51310-2022-05-studentloan.xlsx,T4-NewLoans-FCRA_05-2022,false
Studentloan,Subsidy Rate (Percent)b,2032,4.78,Millions of dollars,51310-2022-05-studentloan.xlsx,T4-NewLoans-FCRA_05-2022,false
Studentloan,Net Annual Loan Volume (Millions of dollars),2022,10239.0,Millions of dollars,51310-2022-05-studentloan.xlsx,T4-NewLoans-FCRA_05-2022,false
Studentloan,Net Annual Loan Volume (Millions of dollars),2023,10462.0,Millions of dollars,51310-2022-05-studentloan.xlsx,T4-NewLoans-FCRA_05-2022,false
Studentloan,Net Annual Loan Volume (Millions of dollars),2024,10801.0,Millions of dollars,51310-2022-05-studentloan.xlsx,T4-NewLoans-FCRA_05-2022,false
Studentloan,Net Annual Loan Volume (Millions of dollars),2025,11206.0,Millions of dollars,51310-2022-05-studentloan.xlsx,T4-NewLoans-FCRA_05-2022,false
Studentloan,Net Annual Loan Volume (Millions of dollars),2026,11624.0,Millions of dollars,51310-2022-05-studentloan.xlsx,T4-NewLoans-FCRA_05-2022,false
Studentloan,Net Annual Loan Volume (Millions of dollars),2027,12056.0,Millions of dollars,51310-2022-05-studentloan.xlsx,T4-NewLoans-FCRA_05-2022,false
Studentloan,Net Annual Loan Volume (Millions of dollars),2028,12502.0,Millions of dollars,51310-2022-05-studentloan.xlsx,T4-NewLoans-FCRA_05-2022,false
Studentloan,Net Annual Loan Volume (Millions of dollars),2029,12964.0,Millions of dollars,51310-2022-05-studentloan.xlsx,T4-NewLoans-FCRA_05-2022,false
Studentloan,Net Annual Loan Volume (Millions of dollars),2030,13377.0,Millions of dollars,51310-2022-05-studentloan.xlsx,T4-NewLoans-FCRA_05-2022,false
Studentloan,Net Annual Loan Volume (Millions of dollars),2031,13804.0,Millions of dollars,51310-2022-05-studentloan.xlsx,T4-NewLoans-FCRA_05-2022,false
Studentloan,Net Annual Loan Volume (Millions of dollars),2032,14245.0,Millions of dollars,51310-2022-05-studentloan.xlsx,T4-NewLoans-FCRA_05-2022,false
Studentloan,Net Annual Loan Volume (Millions of dollars),2032,133280.0,Millions of dollars,51310-2022-05-studentloan.xlsx,T4-NewLoans-FCRA_05-2022,false
Studentloan,Net Number of Loans (Thousands),2022,703.0,Millions of dollars,51310-2022-05-studentloan.xlsx,T4-NewLoans-FCRA_05-2022,false
Studentloan,Net Number of Loans (Thousands),2023,703.0,Millions of dollars,51310-2022-05-studentloan.xlsx,T4-NewLoans-FCRA_05-2022,false
Studentloan,Net Number of Loans (Thousands),2024,710.0,Millions of dollars,51310-2022-05-studentloan.xlsx,T4-NewLoans-FCRA_05-2022,false
Studentloan,Net Number of Loans (Thousands),2025,721.0,Millions of dollars,51310-2022-05-studentloan.xlsx,T4-NewLoans-FCRA_05-2022,false
Studentloan,Net Number of Loans (Thousands),2026,732.0,Millions of dollars,51310-2022-05-studentloan.xlsx,T4-NewLoans-FCRA_05-2022,false
Studentloan,Net Number of Loans (Thousands),2027,743.0,Millions of dollars,51310-2022-05-studentloan.xlsx,T4-NewLoans-FCRA_05-2022,false
Studentloan,Net Number of Loans (Thousands),2028,754.0,Millions of dollars,51310-2022-05-studentloan.xlsx,T4-NewLoans-FCRA_05-2022,false
Studentloan,Net Number of Loans (Thousands),2029,765.0,Millions of dollars,51310-2022-05-studentloan.xlsx,T4-NewLoans-FCRA_05-2022,false
Studentloan,Net Number of Loans (Thousands),2030,773.0,Millions of dollars,51310-2022-05-studentloan.xlsx,T4-NewLoans-FCRA_05-2022,false
Studentloan,Net Number of Loans (Thousands),2031,781.0,Millions of dollars,51310-2022-05-studentloan.xlsx,T4-NewLoans-FCRA_05-2022,false
Studentloan,Net Number of Loans (Thousands),2032,789.0,Millions of dollars,51310-2022-05-studentloan.xlsx,T4-NewLoans-FCRA_05-2022,false
Studentloan,Net Number of Loans (Thousands),2032,8174.0,Millions of dollars,51310-2022-05-studentloan.xlsx,T4-NewLoans-FCRA_05-2022,false
Studentloan,Average Loan Amount (Dollars),2022,14574.0,Millions of dollars,51310-2022-05-studentloan.xlsx,T4-NewLoans-FCRA_05-2022,false
Studentloan,Average Loan Amount (Dollars),2023,14890.0,Millions of dollars,51310-2022-05-studentloan.xlsx,T4-NewLoans-FCRA_05-2022,false
Studentloan,Average Loan Amount (Dollars),2024,15213.0,Millions of dollars,51310-2022-05-studentloan.xlsx,T4-NewLoans-FCRA_05-2022,false
Studentloan,Average Loan Amount (Dollars),2025,15543.0,Millions of dollars,51310-2022-05-studentloan.xlsx,T4-NewLoans-FCRA_05-2022,false
Studentloan,Average Loan Amount (Dollars),2026,15880.0,Millions of dollars,51310-2022-05-studentloan.xlsx,T4-NewLoans-FCRA_05-2022,false
Studentloan,Average Loan Amount (Dollars),2027,16225.0,Millions of dollars,51310-2022-05-studentloan.xlsx,T4-NewLoans-FCRA_05-2022,false
Studentloan,Average Loan Amount (Dollars),2028,16577.0,Millions of dollars,51310-2022-05-studentloan.xlsx,T4-NewLoans-FCRA_05-2022,false
Studentloan,Average Loan Amount (Dollars),2029,16937.0,Millions of dollars,51310-2022-05-studentloan.xlsx,T4-NewLoans-FCRA_05-2022,false
Studentloan,Average Loan Amount (Dollars),2030,17304.0,Millions of dollars,51310-2022-05-studentloan.xlsx,T4-NewLoans-FCRA_05-2022,false
Studentloan,Average Loan Amount (Dollars),2031,17680.0,Millions of dollars,51310-2022-05-studentloan.xlsx,T4-NewLoans-FCRA_05-2022,false
Studentloan,Average Loan Amount (Dollars),2032,18063.0,Millions of dollars,51310-2022-05-studentloan.xlsx,T4-NewLoans-FCRA_05-2022,false
Studentloan,Subsidy Rate (Percent)b,2022,-23.64,Millions of dollars,51310-2022-05-studentloan.xlsx,T4-NewLoans-FCRA_05-2022,false
Studentloan,Subsidy Rate (Percent)b,2023,-29.29,Millions of dollars,51310-2022-05-studentloan.xlsx,T4-NewLoans-FCRA_05-2022,false
Studentloan,Subsidy Rate (Percent)b,2024,-31.34,Millions of dollars,51310-2022-05-studentloan.xlsx,T4-NewLoans-FCRA_05-2022,false
Studentloan,Subsidy Rate (Percent)b,2025,-31.05,Millions of dollars,51310-2022-05-studentloan.xlsx,T4-NewLoans-FCRA_05-2022,false
Studentloan,Subsidy Rate (Percent)b,2026,-30.2,Millions of dollars,51310-2022-05-studentloan.xlsx,T4-NewLoans-FCRA_05-2022,false
Studentloan,Subsidy Rate (Percent)b,2027,-29.02,Millions of dollars,51310-2022-05-studentloan.xlsx,T4-NewLoans-FCRA_05-2022,false
Studentloan,Subsidy Rate (Percent)b,2028,-28.57,Millions of dollars,51310-2022-05-studentloan.xlsx,T4-NewLoans-FCRA_05-2022,false
Studentloan,Subsidy Rate (Percent)b,2029,-28.65,Millions of dollars,51310-2022-05-studentloan.xlsx,T4-NewLoans-FCRA_05-2022,false
Studentloan,Subsidy Rate (Percent)b,2030,-28.65,Millions of dollars,51310-2022-05-studentloan.xlsx,T4-NewLoans-FCRA_05-2022,false
Studentloan,Subsidy Rate (Percent)b,2031,-28.43,Millions of dollars,51310-2022-05-studentloan.xlsx,T4-NewLoans-FCRA_05-2022,false
Studentloan,Subsidy Rate (Percent)b,2032,-28.48,Millions of dollars,51310-2022-05-studentloan.xlsx,T4-NewLoans-FCRA_05-2022,false
Studentloan,Budget Authority,2022,144.0,Millions of dollars,51310-2022-05-studentloan.xlsx,T5-Admin_05-2022,false
Studentloan,Budget Authority,2023,313.0,Millions of dollars,51310-2022-05-studentloan.xlsx,T5-Admin_05-2022,false
Studentloan,Budget Authority,2024,303.0,Millions of dollars,51310-2022-05-studentloan.xlsx,T5-Admin_05-2022,false
Studentloan,Budget Authority,2025,293.0,Millions of dollars,51310-2022-05-studentloan.xlsx,T5-Admin_05-2022,false
Studentloan,Budget Authority,2026,283.0,Millions of dollars,51310-2022-05-studentloan.xlsx,T5-Admin_05-2022,false
Studentloan,Budget Authority,2027,271.0,Millions of dollars,51310-2022-05-studentloan.xlsx,T5-Admin_05-2022,false
Studentloan,Budget Authority,2028,259.0,Millions of dollars,51310-2022-05-studentloan.xlsx,T5-Admin_05-2022,false
Studentloan,Budget Authority,2029,246.0,Millions of dollars,51310-2022-05-studentloan.xlsx,T5-Admin_05-2022,false
Studentloan,Budget Authority,2030,232.0,Millions of dollars,51310-2022-05-studentloan.xlsx,T5-Admin_05-2022,false
Studentloan,Budget Authority,2031,218.0,Millions of dollars,51310-2022-05-studentloan.xlsx,T5-Admin_05-2022,false
Studentloan,Budget Authority,2032,218.0,Millions of dollars,51310-2022-05-studentloan.xlsx,T5-Admin_05-2022,false
Studentloan,Outlays,2022,143.0,Millions of dollars,51310-2022-05-studentloan.xlsx,T5-Admin_05-2022,false
Studentloan,Outlays,2023,504.0,Millions of dollars,51310-2022-05-studentloan.xlsx,T5-Admin_05-2022,false
Studentloan,Outlays,2024,306.0,Millions of dollars,51310-2022-05-studentloan.xlsx,T5-Admin_05-2022,false
Studentloan,Outlays,2025,295.0,Millions of dollars,51310-2022-05-studentloan.xlsx,T5-Admin_05-2022,false
Studentloan,Outlays,2026,285.0,Millions of dollars,51310-2022-05-studentloan.xlsx,T5-Admin_05-2022,false
Studentloan,Outlays,2027,274.0,Millions of dollars,51310-2022-05-studentloan.xlsx,T5-Admin_05-2022,false
Studentloan,Outlays,2028,262.0,Millions of dollars,51310-2022-05-studentloan.xlsx,T5-Admin_05-2022,false
Studentloan,Outlays,2029,249.0,Millions of dollars,51310-2022-05-studentloan.xlsx,T5-Admin_05-2022,false
Studentloan,Outlays,2030,235.0,Millions of dollars,51310-2022-05-studentloan.xlsx,T5-Admin_05-2022,false
Studentloan,Outlays,2031,221.0,Millions of dollars,51310-2022-05-studentloan.xlsx,T5-Admin_05-2022,false
Studentloan,Outlays,2032,218.0,Millions of dollars,51310-2022-05-studentloan.xlsx,T5-Admin_05-2022,false
Studentloan,Budget Authority,2022,952.0,Millions of dollars,51310-2022-05-studentloan.xlsx,T5-Admin_05-2022,false
Studentloan,Budget Authority,2023,50.0,Millions of dollars,51310-2022-05-studentloan.xlsx,T5-Admin_05-2022,false
Studentloan,Budget Authority,2024,109.0,Millions of dollars,51310-2022-05-studentloan.xlsx,T5-Admin_05-2022,false
Studentloan,Budget Authority,2025,105.0,Millions of dollars,51310-2022-05-studentloan.xlsx,T5-Admin_05-2022,false
Studentloan,Budget Authority,2026,109.0,Millions of dollars,51310-2022-05-studentloan.xlsx,T5-Admin_05-2022,false
Studentloan,Budget Authority,2027,106.0,Millions of dollars,51310-2022-05-studentloan.xlsx,T5-Admin_05-2022,false
Studentloan,Budget Authority,2028,90.0,Millions of dollars,51310-2022-05-studentloan.xlsx,T5-Admin_05-2022,false
Studentloan,Budget Authority,2029,86.0,Millions of dollars,51310-2022-05-studentloan.xlsx,T5-Admin_05-2022,false
Studentloan,Budget Authority,2030,84.0,Millions of dollars,51310-2022-05-studentloan.xlsx,T5-Admin_05-2022,false
Studentloan,Budget Authority,2031,78.0,Millions of dollars,51310-2022-05-studentloan.xlsx,T5-Admin_05-2022,false
Studentloan,Budget Authority,2032,74.0,Millions of dollars,51310-2022-05-studentloan.xlsx,T5-Admin_05-2022,false
Studentloan,Outlays,2022,799.0,Millions of dollars,51310-2022-05-studentloan.xlsx,T5-Admin_05-2022,false
Studentloan,Outlays,2023,-173.0,Millions of dollars,51310-2022-05-studentloan.xlsx,T5-Admin_05-2022,false
Studentloan,Outlays,2024,-94.0,Millions of dollars,51310-2022-05-studentloan.xlsx,T5-Admin_05-2022,false
Studentloan,Outlays,2025,-80.0,Millions of dollars,51310-2022-05-studentloan.xlsx,T5-Admin_05-2022,false
Studentloan,Outlays,2026,-60.0,Millions of dollars,51310-2022-05-studentloan.xlsx,T5-Admin_05-2022,false
Studentloan,Outlays,2027,-49.0,Millions of dollars,51310-2022-05-studentloan.xlsx,T5-Admin_05-2022,false
Studentloan,Outlays,2028,-51.0,Millions of dollars,51310-2022-05-studentloan.xlsx,T5-Admin_05-2022,false
Studentloan,Outlays,2029,-42.0,Millions of dollars,51310-2022-05-studentloan.xlsx,T5-Admin_05-2022,false
Studentloan,Outlays,2030,-33.0,Millions of dollars,51310-2022-05-studentloan.xlsx,T5-Admin_05-2022,false
Studentloan,Outlays,2031,-29.0,Millions of dollars,51310-2022-05-studentloan.xlsx,T5-Admin_05-2022,false
Studentloan,Outlays,2032,-23.0,Millions of dollars,51310-2022-05-studentloan.xlsx,T5-Admin_05-2022,false
Studentloan,Budget Authority,2022,0.0,Millions of dollars,51310-2022-05-studentloan.xlsx,T5-Admin_05-2022,false
Studentloan,Budget Authority,2023,0.0,Millions of dollars,51310-2022-05-studentloan.xlsx,T5-Admin_05-2022,false
Studentloan,Budget Authority,2024,0.0,Millions of dollars,51310-2022-05-studentloan.xlsx,T5-Admin_05-2022,false
Studentloan,Budget Authority,2025,0.0,Millions of dollars,51310-2022-05-studentloan.xlsx,T5-Admin_05-2022,false
Studentloan,Budget Authority,2026,0.0,Millions of dollars,51310-2022-05-studentloan.xlsx,T5-Admin_05-2022,false
Studentloan,Budget Authority,2027,0.0,Millions of dollars,51310-2022-05-studentloan.xlsx,T5-Admin_05-2022,false
Studentloan,Budget Authority,2028,0.0,Millions of dollars,51310-2022-05-studentloan.xlsx,T5-Admin_05-2022,false
Studentloan,Budget Authority,2029,0.0,Millions of dollars,51310-2022-05-studentloan.xlsx,T5-Admin_05-2022,false
Studentloan,Budget Authority,2030,0.0,Millions of dollars,51310-2022-05-studentloan.xlsx,T5-Admin_05-2022,false
Studentloan,Budget Authority,2031,0.0,Millions of dollars,51310-2022-05-studentloan.xlsx,T5-Admin_05-2022,false
Studentloan,Budget Authority,2032,0.0,Millions of dollars,51310-2022-05-studentloan.xlsx,T5-Admin_05-2022,false
Studentloan,Outlays,2022,2.0,Millions of dollars,51310-2022-05-studentloan.xlsx,T5-Admin_05-2022,false
Studentloan,Outlays,2023,5.0,Millions of dollars,51310-2022-05-studentloan.xlsx,T5-Admin_05-2022,false
Studentloan,Outlays,2024,5.0,Millions of dollars,51310-2022-05-studentloan.xlsx,T5-Admin_05-2022,false
Studentloan,Outlays,2025,4.0,Millions of dollars,51310-2022-05-studentloan.xlsx,T5-Admin_05-2022,false
Studentloan,Outlays,2026,4.0,Millions of dollars,51310-2022-05-studentloan.xlsx,T5-Admin_05-2022,false
Studentloan,Outlays,2027,4.0,Millions of dollars,51310-2022-05-studentloan.xlsx,T5-Admin_05-2022,false
Studentloan,Outlays,2028,3.0,Millions of dollars,51310-2022-05-studentloan.xlsx,T5-Admin_05-2022,false
Studentloan,Outlays,2029,3.0,Millions of dollars,51310-2022-05-studentloan.xlsx,T5-Admin_05-2022,false
Studentloan,Outlays,2030,3.0,Millions of dollars,51310-2022-05-studentloan.xlsx,T5-Admin_05-2022,false
Studentloan,Outlays,2031,3.0,Millions of dollars,51310-2022-05-studentloan.xlsx,T5-Admin_05-2022,false
Studentloan,Outlays,2032,3.0,Millions of dollars,51310-2022-05-studentloan.xlsx,T5-Admin_05-2022,false
Studentloan,Budget Authority,2022,1096.0,Millions of dollars,51310-2022-05-studentloan.xlsx,T5-Admin_05-2022,false
Studentloan,Budget Authority,2023,363.0,Millions of dollars,51310-2022-05-studentloan.xlsx,T5-Admin_05-2022,false
Studentloan,Budget Authority,2024,412.0,Millions of dollars,51310-2022-05-studentloan.xlsx,T5-Admin_05-2022,false
Studentloan,Budget Authority,2025,398.0,Millions of dollars,51310-2022-05-studentloan.xlsx,T5-Admin_05-2022,false
Studentloan,Budget Authority,2026,392.0,Millions of dollars,51310-2022-05-studentloan.xlsx,T5-Admin_05-2022,false
Studentloan,Budget Authority,2027,377.0,Millions of dollars,51310-2022-05-studentloan.xlsx,T5-Admin_05-2022,false
Studentloan,Budget Authority,2028,349.0,Millions of dollars,51310-2022-05-studentloan.xlsx,T5-Admin_05-2022,false
Studentloan,Budget Authority,2029,332.0,Millions of dollars,51310-2022-05-studentloan.xlsx,T5-Admin_05-2022,false
Studentloan,Budget Authority,2030,316.0,Millions of dollars,51310-2022-05-studentloan.xlsx,T5-Admin_05-2022,false
Studentloan,Budget Authority,2031,296.0,Millions of dollars,51310-2022-05-studentloan.xlsx,T5-Admin_05-2022,false
Studentloan,Budget Authority,2032,292.0,Millions of dollars,51310-2022-05-studentloan.xlsx,T5-Admin_05-2022,false
Studentloan,Outlays,2022,944.0,Millions of dollars,51310-2022-05-studentloan.xlsx,T5-Admin_05-2022,false
Studentloan,Outlays,2023,336.0,Millions of dollars,51310-2022-05-studentloan.xlsx,T5-Admin_05-2022,false
Studentloan,Outlays,2024,217.0,Millions of dollars,51310-2022-05-studentloan.xlsx,T5-Admin_05-2022,false
Studentloan,Outlays,2025,220.0,Millions of dollars,51310-2022-05-studentloan.xlsx,T5-Admin_05-2022,false
Studentloan,Outlays,2026,229.0,Millions of dollars,51310-2022-05-studentloan.xlsx,T5-Admin_05-2022,false
Studentloan,Outlays,2027,229.0,Millions of dollars,51310-2022-05-studentloan.xlsx,T5-Admin_05-2022,false
Studentloan,Outlays,2028,214.0,Millions of dollars,51310-2022-05-studentloan.xlsx,T5-Admin_05-2022,false
Studentloan,Outlays,2029,210.0,Millions of dollars,51310-2022-05-studentloan.xlsx,T5-Admin_05-2022,false
Studentloan,Outlays,2030,205.0,Millions of dollars,51310-2022-05-studentloan.xlsx,T5-Admin_05-2022,false
Studentloan,Outlays,2031,195.0,Millions of dollars,51310-2022-05-studentloan.xlsx,T5-Admin_05-2022,false
Studentloan,Outlays,2032,197.0,Millions of dollars,51310-2022-05-studentloan.xlsx,T5-Admin_05-2022,false
Studentloan,Budget Authority,2022,467.0,Millions of dollars,51310-2022-05-studentloan.xlsx,T5-Admin_05-2022,false
Studentloan,Budget Authority,2023,946.0,Millions of dollars,51310-2022-05-studentloan.xlsx,T5-Admin_05-2022,false
Studentloan,Budget Authority,2024,995.0,Millions of dollars,51310-2022-05-studentloan.xlsx,T5-Admin_05-2022,false
Studentloan,Budget Authority,2025,1037.0,Millions of dollars,51310-2022-05-studentloan.xlsx,T5-Admin_05-2022,false
Studentloan,Budget Authority,2026,1069.0,Millions of dollars,51310-2022-05-studentloan.xlsx,T5-Admin_05-2022,false
Studentloan,Budget Authority,2027,1102.0,Millions of dollars,51310-2022-05-studentloan.xlsx,T5-Admin_05-2022,false
Studentloan,Budget Authority,2028,1136.0,Millions of dollars,51310-2022-05-studentloan.xlsx,T5-Admin_05-2022,false
Studentloan,Budget Authority,2029,1172.0,Millions of dollars,51310-2022-05-studentloan.xlsx,T5-Admin_05-2022,false
Studentloan,Budget Authority,2030,1208.0,Millions of dollars,51310-2022-05-studentloan.xlsx,T5-Admin_05-2022,false
Studentloan,Budget Authority,2031,1246.0,Millions of dollars,51310-2022-05-studentloan.xlsx,T5-Admin_05-2022,false
Studentloan,Budget Authority,2032,1246.0,Millions of dollars,51310-2022-05-studentloan.xlsx,T5-Admin_05-2022,false
Studentloan,Outlays,2022,544.0,Millions of dollars,51310-2022-05-studentloan.xlsx,T5-Admin_05-2022,false
Studentloan,Outlays,2023,804.0,Millions of dollars,51310-2022-05-studentloan.xlsx,T5-Admin_05-2022,false
Studentloan,Outlays,2024,935.0,Millions of dollars,51310-2022-05-studentloan.xlsx,T5-Admin_05-2022,false
Studentloan,Outlays,2025,985.0,Millions of dollars,51310-2022-05-studentloan.xlsx,T5-Admin_05-2022,false
Studentloan,Outlays,2026,1008.0,Millions of dollars,51310-2022-05-studentloan.xlsx,T5-Admin_05-2022,false
Studentloan,Outlays,2027,1046.0,Millions of dollars,51310-2022-05-studentloan.xlsx,T5-Admin_05-2022,false
Studentloan,Outlays,2028,1084.0,Millions of dollars,51310-2022-05-studentloan.xlsx,T5-Admin_05-2022,false
Studentloan,Outlays,2029,1124.0,Millions of dollars,51310-2022-05-studentloan.xlsx,T5-Admin_05-2022,false
Studentloan,Outlays,2030,1164.0,Millions of dollars,51310-2022-05-studentloan.xlsx,T5-Admin_05-2022,false
Studentloan,Outlays,2031,1205.0,Millions of dollars,51310-2022-05-studentloan.xlsx,T5-Admin_05-2022,false
Studentloan,Outlays,2032,1217.0,Millions of dollars,51310-2022-05-studentloan.xlsx,T5-Admin_05-2022,false
Studentloan,Budget Authority,2022,467.0,Millions of dollars,51310-2022-05-studentloan.xlsx,T5-Admin_05-2022,false
Studentloan,Budget Authority,2023,946.0,Millions of dollars,51310-2022-05-studentloan.xlsx,T5-Admin_05-2022,false
Studentloan,Budget Authority,2024,995.0,Millions of dollars,51310-2022-05-studentloan.xlsx,T5-Admin_05-2022,false
Studentloan,Budget Authority,2025,1037.0,Millions of dollars,51310-2022-05-studentloan.xlsx,T5-Admin_05-2022,false
Studentloan,Budget Authority,2026,1069.0,Millions of dollars,51310-2022-05-studentloan.xlsx,T5-Admin_05-2022,false
Studentloan,Budget Authority,2027,1102.0,Millions of dollars,51310-2022-05-studentloan.xlsx,T5-Admin_05-2022,false
Studentloan,Budget Authority,2028,1136.0,Millions of dollars,51310-2022-05-studentloan.xlsx,T5-Admin_05-2022,false
Studentloan,Budget Authority,2029,1172.0,Millions of dollars,51310-2022-05-studentloan.xlsx,T5-Admin_05-2022,false
Studentloan,Budget Authority,2030,1208.0,Millions of dollars,51310-2022-05-studentloan.xlsx,T5-Admin_05-2022,false
Studentloan,Budget Authority,2031,1246.0,Millions of dollars,51310-2022-05-studentloan.xlsx,T5-Admin_05-2022,false
Studentloan,Budget Authority,2032,1246.0,Millions of dollars,51310-2022-05-studentloan.xlsx,T5-Admin_05-2022,false
Studentloan,Outlays,2022,544.0,Millions of dollars,51310-2022-05-studentloan.xlsx,T5-Admin_05-2022,false
Studentloan,Outlays,2023,804.0,Millions of dollars,51310-2022-05-studentloan.xlsx,T5-Admin_05-2022,false
Studentloan,Outlays,2024,935.0,Millions of dollars,51310-2022-05-studentloan.xlsx,T5-Admin_05-2022,false
Studentloan,Outlays,2025,985.0,Millions of dollars,51310-2022-05-studentloan.xlsx,T5-Admin_05-2022,false
Studentloan,Outlays,2026,1008.0,Millions of dollars,51310-2022-05-studentloan.xlsx,T5-Admin_05-2022,false
Studentloan,Outlays,2027,1046.0,Millions of dollars,51310-2022-05-studentloan.xlsx,T5-Admin_05-2022,false
Studentloan,Outlays,2028,1084.0,Millions of dollars,51310-2022-05-studentloan.xlsx,T5-Admin_05-2022,false
Studentloan,Outlays,2029,1124.0,Millions of dollars,51310-2022-05-studentloan.xlsx,T5-Admin_05-2022,false
Studentloan,Outlays,2030,1164.0,Millions of dollars,51310-2022-05-studentloan.xlsx,T5-Admin_05-2022,false
Studentloan,Outlays,2031,1205.0,Millions of dollars,51310-2022-05-studentloan.xlsx,T5-Admin_05-2022,false
Studentloan,Outlays,2032,1217.0,Millions of dollars,51310-2022-05-studentloan.xlsx,T5-Admin_05-2022,false
Studentloan,Budget Authority,2022,2034.0,Millions of dollars,51310-2022-05-studentloan.xlsx,T5-Admin_05-2022,false
Studentloan,Budget Authority,2023,2106.0,Millions of dollars,51310-2022-05-studentloan.xlsx,T5-Admin_05-2022,false
Studentloan,Budget Authority,2024,2160.0,Millions of dollars,51310-2022-05-studentloan.xlsx,T5-Admin_05-2022,false
Studentloan,Budget Authority,2025,2211.0,Millions of dollars,51310-2022-05-studentloan.xlsx,T5-Admin_05-2022,false
Studentloan,Budget Authority,2026,2262.0,Millions of dollars,51310-2022-05-studentloan.xlsx,T5-Admin_05-2022,false
Studentloan,Budget Authority,2027,2316.0,Millions of dollars,51310-2022-05-studentloan.xlsx,T5-Admin_05-2022,false
Studentloan,Budget Authority,2028,2372.0,Millions of dollars,51310-2022-05-studentloan.xlsx,T5-Admin_05-2022,false
Studentloan,Budget Authority,2029,2428.0,Millions of dollars,51310-2022-05-studentloan.xlsx,T5-Admin_05-2022,false
Studentloan,Budget Authority,2030,2485.0,Millions of dollars,51310-2022-05-studentloan.xlsx,T5-Admin_05-2022,false
Studentloan,Budget Authority,2031,2544.0,Millions of dollars,51310-2022-05-studentloan.xlsx,T5-Admin_05-2022,false
Studentloan,Budget Authority,2032,2604.0,Millions of dollars,51310-2022-05-studentloan.xlsx,T5-Admin_05-2022,false
Studentloan,Outlays,2022,1953.0,Millions of dollars,51310-2022-05-studentloan.xlsx,T5-Admin_05-2022,false
Studentloan,Outlays,2023,2053.0,Millions of dollars,51310-2022-05-studentloan.xlsx,T5-Admin_05-2022,false
Studentloan,Outlays,2024,2119.0,Millions of dollars,51310-2022-05-studentloan.xlsx,T5-Admin_05-2022,false
Studentloan,Outlays,2025,2178.0,Millions of dollars,51310-2022-05-studentloan.xlsx,T5-Admin_05-2022,false
Studentloan,Outlays,2026,2229.0,Millions of dollars,51310-2022-05-studentloan.xlsx,T5-Admin_05-2022,false
Studentloan,Outlays,2027,2282.0,Millions of dollars,51310-2022-05-studentloan.xlsx,T5-Admin_05-2022,false
Studentloan,Outlays,2028,2337.0,Millions of dollars,51310-2022-05-studentloan.xlsx,T5-Admin_05-2022,false
Studentloan,Outlays,2029,2392.0,Millions of dollars,51310-2022-05-studentloan.xlsx,T5-Admin_05-2022,false
Studentloan,Outlays,2030,2449.0,Millions of dollars,51310-2022-05-studentloan.xlsx,T5-Admin_05-2022,false
Studentloan,Outlays,2031,2507.0,Millions of dollars,51310-2022-05-studentloan.xlsx,T5-Admin_05-2022,false
Studentloan,Outlays,2032,2566.0,Millions of dollars,51310-2022-05-studentloan.xlsx,T5-Admin_05-2022,false
Studentloan,Budget Authority,2022,3597.0,Millions of dollars,51310-2022-05-studentloan.xlsx,T5-Admin_05-2022,false
Studentloan,Budget Authority,2023,3416.0,Millions of dollars,51310-2022-05-studentloan.xlsx,T5-Admin_05-2022,false
Studentloan,Budget Authority,2024,3567.0,Millions of dollars,51310-2022-05-studentloan.xlsx,T5-Admin_05-2022,false
Studentloan,Budget Authority,2025,3645.0,Millions of dollars,51310-2022-05-studentloan.xlsx,T5-Admin_05-2022,false
Studentloan,Budget Authority,2026,3722.0,Millions of dollars,51310-2022-05-studentloan.xlsx,T5-Admin_05-2022,false
Studentloan,Budget Authority,2027,3795.0,Millions of dollars,51310-2022-05-studentloan.xlsx,T5-Admin_05-2022,false
Studentloan,Budget Authority,2028,3857.0,Millions of dollars,51310-2022-05-studentloan.xlsx,T5-Admin_05-2022,false
Studentloan,Budget Authority,2029,3932.0,Millions of dollars,51310-2022-05-studentloan.xlsx,T5-Admin_05-2022,false
Studentloan,Budget Authority,2030,4009.0,Millions of dollars,51310-2022-05-studentloan.xlsx,T5-Admin_05-2022,false
Studentloan,Budget Authority,2031,4085.0,Millions of dollars,51310-2022-05-studentloan.xlsx,T5-Admin_05-2022,false
Studentloan,Budget Authority,2032,4141.0,Millions of dollars,51310-2022-05-studentloan.xlsx,T5-Admin_05-2022,false
Studentloan,Outlays,2022,3441.0,Millions of dollars,51310-2022-05-studentloan.xlsx,T5-Admin_05-2022,false
Studentloan,Outlays,2023,3193.0,Millions of dollars,51310-2022-05-studentloan.xlsx,T5-Admin_05-2022,false
Studentloan,Outlays,2024,3271.0,Millions of dollars,51310-2022-05-studentloan.xlsx,T5-Admin_05-2022,false
Studentloan,Outlays,2025,3383.0,Millions of dollars,51310-2022-05-studentloan.xlsx,T5-Admin_05-2022,false
Studentloan,Outlays,2026,3466.0,Millions of dollars,51310-2022-05-studentloan.xlsx,T5-Admin_05-2022,false
Studentloan,Outlays,2027,3556.0,Millions of dollars,51310-2022-05-studentloan.xlsx,T5-Admin_05-2022,false
Studentloan,Outlays,2028,3635.0,Millions of dollars,51310-2022-05-studentloan.xlsx,T5-Admin_05-2022,false
Studentloan,Outlays,2029,3726.0,Millions of dollars,51310-2022-05-studentloan.xlsx,T5-Admin_05-2022,false
Studentloan,Outlays,2030,3818.0,Millions of dollars,51310-2022-05-studentloan.xlsx,T5-Admin_05-2022,false
Studentloan,Outlays,2031,3906.0,Millions of dollars,51310-2022-05-studentloan.xlsx,T5-Admin_05-2022,false
Studentloan,Outlays,2032,3980.0,Millions of dollars,51310-2022-05-studentloan.xlsx,T5-Admin_05-2022,false
Studentloan,All Loans,2022,9.96,Percent,51310-2022-05-studentloan.xlsx,T7-Subsidies_05-2022,false
Studentloan,All Loans,2023,9.12,Percent,51310-2022-05-studentloan.xlsx,T7-Subsidies_05-2022,false
Studentloan,All Loans,2024,8.63,Percent,51310-2022-05-studentloan.xlsx,T7-Subsidies_05-2022,false
Studentloan,All Loans,2025,8.7,Percent,51310-2022-05-studentloan.xlsx,T7-Subsidies_05-2022,false
Studentloan,All Loans,2026,9.84,Percent,51310-2022-05-studentloan.xlsx,T7-Subsidies_05-2022,false
Studentloan,All Loans,2027,11.09,Percent,51310-2022-05-studentloan.xlsx,T7-Subsidies_05-2022,false
Studentloan,All Loans,2028,11.42,Percent,51310-2022-05-studentloan.xlsx,T7-Subsidies_05-2022,false
Studentloan,All Loans,2029,11.29,Percent,51310-2022-05-studentloan.xlsx,T7-Subsidies_05-2022,false
Studentloan,All Loans,2030,10.89,Percent,51310-2022-05-studentloan.xlsx,T7-Subsidies_05-2022,false
Studentloan,All Loans,2031,10.85,Percent,51310-2022-05-studentloan.xlsx,T7-Subsidies_05-2022,false
Studentloan,All Loans,2032,10.59,Percent,51310-2022-05-studentloan.xlsx,T7-Subsidies_05-2022,false
Studentloan,Subsidized Loans,2022,23.62,Percent,51310-2022-05-studentloan.xlsx,T7-Subsidies_05-2022,false
Studentloan,Subsidized Loans,2023,24.55,Percent,51310-2022-05-studentloan.xlsx,T7-Subsidies_05-2022,false
Studentloan,Subsidized Loans,2024,24.58,Percent,51310-2022-05-studentloan.xlsx,T7-Subsidies_05-2022,false
Studentloan,Subsidized Loans,2025,24.91,Percent,51310-2022-05-studentloan.xlsx,T7-Subsidies_05-2022,false
Studentloan,Subsidized Loans,2026,25.81,Percent,51310-2022-05-studentloan.xlsx,T7-Subsidies_05-2022,false
Studentloan,Subsidized Loans,2027,27.14,Percent,51310-2022-05-studentloan.xlsx,T7-Subsidies_05-2022,false
Studentloan,Subsidized Loans,2028,27.7,Percent,51310-2022-05-studentloan.xlsx,T7-Subsidies_05-2022,false
Studentloan,Subsidized Loans,2029,27.38,Percent,51310-2022-05-studentloan.xlsx,T7-Subsidies_05-2022,false
Studentloan,Subsidized Loans,2030,27.29,Percent,51310-2022-05-studentloan.xlsx,T7-Subsidies_05-2022,false
Studentloan,Subsidized Loans,2031,27.25,Percent,51310-2022-05-studentloan.xlsx,T7-Subsidies_05-2022,false
Studentloan,Subsidized Loans,2032,27.15,Percent,51310-2022-05-studentloan.xlsx,T7-Subsidies_05-2022,false
Studentloan,Unsubsidized Loans: Undergraduate,2022,14.6,Percent,51310-2022-05-studentloan.xlsx,T7-Subsidies_05-2022,false
Studentloan,Unsubsidized Loans: Undergraduate,2023,13.17,Percent,51310-2022-05-studentloan.xlsx,T7-Subsidies_05-2022,false
Studentloan,Unsubsidized Loans: Undergraduate,2024,12.35,Percent,51310-2022-05-studentloan.xlsx,T7-Subsidies_05-2022,false
Studentloan,Unsubsidized Loans: Undergraduate,2025,12.51,Percent,51310-2022-05-studentloan.xlsx,T7-Subsidies_05-2022,false
Studentloan,Unsubsidized Loans: Undergraduate,2026,13.08,Percent,51310-2022-05-studentloan.xlsx,T7-Subsidies_05-2022,false
Studentloan,Unsubsidized Loans: Undergraduate,2027,14.23,Percent,51310-2022-05-studentloan.xlsx,T7-Subsidies_05-2022,false
Studentloan,Unsubsidized Loans: Undergraduate,2028,14.64,Percent,51310-2022-05-studentloan.xlsx,T7-Subsidies_05-2022,false
Studentloan,Unsubsidized Loans: Undergraduate,2029,14.35,Percent,51310-2022-05-studentloan.xlsx,T7-Subsidies_05-2022,false
Studentloan,Unsubsidized Loans: Undergraduate,2030,14.28,Percent,51310-2022-05-studentloan.xlsx,T7-Subsidies_05-2022,false
Studentloan,Unsubsidized Loans: Undergraduate,2031,14.51,Percent,51310-2022-05-studentloan.xlsx,T7-Subsidies_05-2022,false
Studentloan,Unsubsidized Loans: Undergraduate,2032,14.47,Percent,51310-2022-05-studentloan.xlsx,T7-Subsidies_05-2022,false
Studentloan,Unsubsidized Loans: Graduate,2022,6.43,Percent,51310-2022-05-studentloan.xlsx,T7-Subsidies_05-2022,false
Studentloan,Unsubsidized Loans: Graduate,2023,5.77,Percent,51310-2022-05-studentloan.xlsx,T7-Subsidies_05-2022,false
Studentloan,Unsubsidized Loans: Graduate,2024,4.94,Percent,51310-2022-05-studentloan.xlsx,T7-Subsidies_05-2022,false
Studentloan,Unsubsidized Loans: Graduate,2025,5.15,Percent,51310-2022-05-studentloan.xlsx,T7-Subsidies_05-2022,false
Studentloan,Unsubsidized Loans: Graduate,2026,6.57,Percent,51310-2022-05-studentloan.xlsx,T7-Subsidies_05-2022,false
Studentloan,Unsubsidized Loans: Graduate,2027,7.65,Percent,51310-2022-05-studentloan.xlsx,T7-Subsidies_05-2022,false
Studentloan,Unsubsidized Loans: Graduate,2028,8.01,Percent,51310-2022-05-studentloan.xlsx,T7-Subsidies_05-2022,false
Studentloan,Unsubsidized Loans: Graduate,2029,8.31,Percent,51310-2022-05-studentloan.xlsx,T7-Subsidies_05-2022,false
Studentloan,Unsubsidized Loans: Graduate,2030,7.81,Percent,51310-2022-05-studentloan.xlsx,T7-Subsidies_05-2022,false
Studentloan,Unsubsidized Loans: Graduate,2031,7.56,Percent,51310-2022-05-studentloan.xlsx,T7-Subsidies_05-2022,false
Studentloan,Unsubsidized Loans: Graduate,2032,7.08,Percent,51310-2022-05-studentloan.xlsx,T7-Subsidies_05-2022,false
Studentloan,GradPLUS Loans for Students,2022,10.49,Percent,51310-2022-05-studentloan.xlsx,T7-Subsidies_05-2022,false
Studentloan,GradPLUS Loans for Students,2023,11.22,Percent,51310-2022-05-studentloan.xlsx,T7-Subsidies_05-2022,false
Studentloan,GradPLUS Loans for Students,2024,12.31,Percent,51310-2022-05-studentloan.xlsx,T7-Subsidies_05-2022,false
Studentloan,GradPLUS Loans for Students,2025,11.49,Percent,51310-2022-05-studentloan.xlsx,T7-Subsidies_05-2022,false
Studentloan,GradPLUS Loans for Students,2026,13.51,Percent,51310-2022-05-studentloan.xlsx,T7-Subsidies_05-2022,false
Studentloan,GradPLUS Loans for Students,2027,15.58,Percent,51310-2022-05-studentloan.xlsx,T7-Subsidies_05-2022,false
Studentloan,GradPLUS Loans for Students,2028,15.76,Percent,51310-2022-05-studentloan.xlsx,T7-Subsidies_05-2022,false
Studentloan,GradPLUS Loans for Students,2029,15.54,Percent,51310-2022-05-studentloan.xlsx,T7-Subsidies_05-2022,false
Studentloan,GradPLUS Loans for Students,2030,14.5,Percent,51310-2022-05-studentloan.xlsx,T7-Subsidies_05-2022,false
Studentloan,GradPLUS Loans for Students,2031,14.52,Percent,51310-2022-05-studentloan.xlsx,T7-Subsidies_05-2022,false
Studentloan,GradPLUS Loans for Students,2032,14.29,Percent,51310-2022-05-studentloan.xlsx,T7-Subsidies_05-2022,false
Studentloan,Parent Loans,2022,-10.49,Percent,51310-2022-05-studentloan.xlsx,T7-Subsidies_05-2022,false
Studentloan,Parent Loans,2023,-15.04,Percent,51310-2022-05-studentloan.xlsx,T7-Subsidies_05-2022,false
Studentloan,Parent Loans,2024,-16.64,Percent,51310-2022-05-studentloan.xlsx,T7-Subsidies_05-2022,false
Studentloan,Parent Loans,2025,-16.32,Percent,51310-2022-05-studentloan.xlsx,T7-Subsidies_05-2022,false
Studentloan,Parent Loans,2026,-15.55,Percent,51310-2022-05-studentloan.xlsx,T7-Subsidies_05-2022,false
Studentloan,Parent Loans,2027,-14.52,Percent,51310-2022-05-studentloan.xlsx,T7-Subsidies_05-2022,false
Studentloan,Parent Loans,2028,-14.12,Percent,51310-2022-05-studentloan.xlsx,T7-Subsidies_05-2022,false
Studentloan,Parent Loans,2029,-14.18,Percent,51310-2022-05-studentloan.xlsx,T7-Subsidies_05-2022,false
Studentloan,Parent Loans,2030,-14.18,Percent,51310-2022-05-studentloan.xlsx,T7-Subsidies_05-2022,false
Studentloan,Parent Loans,2031,-13.95,Percent,51310-2022-05-studentloan.xlsx,T7-Subsidies_05-2022,false
Studentloan,Parent Loans,2032,-13.99,Percent,51310-2022-05-studentloan.xlsx,T7-Subsidies_05-2022,false
Studentloan,Budget Authority,2022,13906.0,Millions of dollars,51310-2022-05-studentloan.xlsx,T8-FV_05-2022,false
Studentloan,Budget Authority,2023,8855.0,Millions of dollars,51310-2022-05-studentloan.xlsx,T8-FV_05-2022,false
Studentloan,Budget Authority,2024,8625.0,Millions of dollars,51310-2022-05-studentloan.xlsx,T8-FV_05-2022,false
Studentloan,Budget Authority,2025,8973.0,Millions of dollars,51310-2022-05-studentloan.xlsx,T8-FV_05-2022,false
Studentloan,Budget Authority,2026,10464.0,Millions of dollars,51310-2022-05-studentloan.xlsx,T8-FV_05-2022,false
Studentloan,Budget Authority,2027,12120.0,Millions of dollars,51310-2022-05-studentloan.xlsx,T8-FV_05-2022,false
Studentloan,Budget Authority,2028,12789.0,Millions of dollars,51310-2022-05-studentloan.xlsx,T8-FV_05-2022,false
Studentloan,Budget Authority,2029,12967.0,Millions of dollars,51310-2022-05-studentloan.xlsx,T8-FV_05-2022,false
Studentloan,Budget Authority,2030,12823.0,Millions of dollars,51310-2022-05-studentloan.xlsx,T8-FV_05-2022,false
Studentloan,Budget Authority,2031,13089.0,Millions of dollars,51310-2022-05-studentloan.xlsx,T8-FV_05-2022,false
Studentloan,Budget Authority,2032,13299.0,Millions of dollars,51310-2022-05-studentloan.xlsx,T8-FV_05-2022,false
Studentloan,Outlays,2022,13373.0,Millions of dollars,51310-2022-05-studentloan.xlsx,T8-FV_05-2022,false
Studentloan,Outlays,2023,7991.0,Millions of dollars,51310-2022-05-studentloan.xlsx,T8-FV_05-2022,false
Studentloan,Outlays,2024,7610.0,Millions of dollars,51310-2022-05-studentloan.xlsx,T8-FV_05-2022,false
Studentloan,Outlays,2025,7754.0,Millions of dollars,51310-2022-05-studentloan.xlsx,T8-FV_05-2022,false
Studentloan,Outlays,2026,8722.0,Millions of dollars,51310-2022-05-studentloan.xlsx,T8-FV_05-2022,false
Studentloan,Outlays,2027,10144.0,Millions of dollars,51310-2022-05-studentloan.xlsx,T8-FV_05-2022,false
Studentloan,Outlays,2028,11029.0,Millions of dollars,51310-2022-05-studentloan.xlsx,T8-FV_05-2022,false
Studentloan,Outlays,2029,11323.0,Millions of dollars,51310-2022-05-studentloan.xlsx,T8-FV_05-2022,false
Studentloan,Outlays,2030,11296.0,Millions of dollars,51310-2022-05-studentloan.xlsx,T8-FV_05-2022,false
Studentloan,Outlays,2031,11404.0,Millions of dollars,51310-2022-05-studentloan.xlsx,T8-FV_05-2022,false
Studentloan,Outlays,2032,11637.0,Millions of dollars,51310-2022-05-studentloan.xlsx,T8-FV_05-2022,false
Studentloan,Budget Authority,2022,15227.0,Millions of dollars,51310-2022-05-studentloan.xlsx,T8-FV_05-2022,false
Studentloan,Budget Authority,2023,0.0,Millions of dollars,51310-2022-05-studentloan.xlsx,T8-FV_05-2022,false
Studentloan,Budget Authority,2024,0.0,Millions of dollars,51310-2022-05-studentloan.xlsx,T8-FV_05-2022,false
Studentloan,Budget Authority,2025,0.0,Millions of dollars,51310-2022-05-studentloan.xlsx,T8-FV_05-2022,false
Studentloan,Budget Authority,2026,0.0,Millions of dollars,51310-2022-05-studentloan.xlsx,T8-FV_05-2022,false
Studentloan,Budget Authority,2027,0.0,Millions of dollars,51310-2022-05-studentloan.xlsx,T8-FV_05-2022,false
Studentloan,Budget Authority,2028,0.0,Millions of dollars,51310-2022-05-studentloan.xlsx,T8-FV_05-2022,false
Studentloan,Budget Authority,2029,0.0,Millions of dollars,51310-2022-05-studentloan.xlsx,T8-FV_05-2022,false
Studentloan,Budget Authority,2030,0.0,Millions of dollars,51310-2022-05-studentloan.xlsx,T8-FV_05-2022,false
Studentloan,Budget Authority,2031,0.0,Millions of dollars,51310-2022-05-studentloan.xlsx,T8-FV_05-2022,false
Studentloan,Budget Authority,2032,0.0,Millions of dollars,51310-2022-05-studentloan.xlsx,T8-FV_05-2022,false
Studentloan,Outlays,2022,15227.0,Millions of dollars,51310-2022-05-studentloan.xlsx,T8-FV_05-2022,false
Studentloan,Outlays,2023,0.0,Millions of dollars,51310-2022-05-studentloan.xlsx,T8-FV_05-2022,false
Studentloan,Outlays,2024,0.0,Millions of dollars,51310-2022-05-studentloan.xlsx,T8-FV_05-2022,false
Studentloan,Outlays,2025,0.0,Millions of dollars,51310-2022-05-studentloan.xlsx,T8-FV_05-2022,false
Studentloan,Outlays,2026,0.0,Millions of dollars,51310-2022-05-studentloan.xlsx,T8-FV_05-2022,false
Studentloan,Outlays,2027,0.0,Millions of dollars,51310-2022-05-studentloan.xlsx,T8-FV_05-2022,false
Studentloan,Outlays,2028,0.0,Millions of dollars,51310-2022-05-studentloan.xlsx,T8-FV_05-2022,false
Studentloan,Outlays,2029,0.0,Millions of dollars,51310-2022-05-studentloan.xlsx,T8-FV_05-2022,false
Studentloan,Outlays,2030,0.0,Millions of dollars,51310-2022-05-studentloan.xlsx,T8-FV_05-2022,false
Studentloan,Outlays,2031,0.0,Millions of dollars,51310-2022-05-studentloan.xlsx,T8-FV_05-2022,false
Studentloan,Outlays,2032,0.0,Millions of dollars,51310-2022-05-studentloan.xlsx,T8-FV_05-2022,false
Studentloan,Budget Authority,2022,29133.0,Millions of dollars,51310-2022-05-studentloan.xlsx,T8-FV_05-2022,false
Studentloan,Budget Authority,2023,8855.0,Millions of dollars,51310-2022-05-studentloan.xlsx,T8-FV_05-2022,false
Studentloan,Budget Authority,2024,8625.0,Millions of dollars,51310-2022-05-studentloan.xlsx,T8-FV_05-2022,false
Studentloan,Budget Authority,2025,8973.0,Millions of dollars,51310-2022-05-studentloan.xlsx,T8-FV_05-2022,false
Studentloan,Budget Authority,2026,10464.0,Millions of dollars,51310-2022-05-studentloan.xlsx,T8-FV_05-2022,false
Studentloan,Budget Authority,2027,12120.0,Millions of dollars,51310-2022-05-studentloan.xlsx,T8-FV_05-2022,false
Studentloan,Budget Authority,2028,12789.0,Millions of dollars,51310-2022-05-studentloan.xlsx,T8-FV_05-2022,false
Studentloan,Budget Authority,2029,12967.0,Millions of dollars,51310-2022-05-studentloan.xlsx,T8-FV_05-2022,false
Studentloan,Budget Authority,2030,12823.0,Millions of dollars,51310-2022-05-studentloan.xlsx,T8-FV_05-2022,false
Studentloan,Budget Authority,2031,13089.0,Millions of dollars,51310-2022-05-studentloan.xlsx,T8-FV_05-2022,false
Studentloan,Budget Authority,2032,13299.0,Millions of dollars,51310-2022-05-studentloan.xlsx,T8-FV_05-2022,false
Studentloan,Outlays,2022,28601.0,Millions of dollars,51310-2022-05-studentloan.xlsx,T8-FV_05-2022,false
Studentloan,Outlays,2023,7991.0,Millions of dollars,51310-2022-05-studentloan.xlsx,T8-FV_05-2022,false
Studentloan,Outlays,2024,7610.0,Millions of dollars,51310-2022-05-studentloan.xlsx,T8-FV_05-2022,false
Studentloan,Outlays,2025,7754.0,Millions of dollars,51310-2022-05-studentloan.xlsx,T8-FV_05-2022,false
Studentloan,Outlays,2026,8722.0,Millions of dollars,51310-2022-05-studentloan.xlsx,T8-FV_05-2022,false
Studentloan,Outlays,2027,10144.0,Millions of dollars,51310-2022-05-studentloan.xlsx,T8-FV_05-2022,false
Studentloan,Outlays,2028,11029.0,Millions of dollars,51310-2022-05-studentloan.xlsx,T8-FV_05-2022,false
Studentloan,Outlays,2029,11323.0,Millions of dollars,51310-2022-05-studentloan.xlsx,T8-FV_05-2022,false
Studentloan,Outlays,2030,11296.0,Millions of dollars,51310-2022-05-studentloan.xlsx,T8-FV_05-2022,false
Studentloan,Outlays,2031,11404.0,Millions of dollars,51310-2022-05-studentloan.xlsx,T8-FV_05-2022,false
Studentloan,Outlays,2032,11637.0,Millions of dollars,51310-2022-05-studentloan.xlsx,T8-FV_05-2022,false
Studentloan,Budget Authority,2022,942.0,Millions of dollars,51310-2022-05-studentloan.xlsx,T8-FV_05-2022,false
Studentloan,Budget Authority,2023,40.0,Millions of dollars,51310-2022-05-studentloan.xlsx,T8-FV_05-2022,false
Studentloan,Budget Authority,2024,100.0,Millions of dollars,51310-2022-05-studentloan.xlsx,T8-FV_05-2022,false
Studentloan,Budget Authority,2025,97.0,Millions of dollars,51310-2022-05-studentloan.xlsx,T8-FV_05-2022,false
Studentloan,Budget Authority,2026,102.0,Millions of dollars,51310-2022-05-studentloan.xlsx,T8-FV_05-2022,false
Studentloan,Budget Authority,2027,99.0,Millions of dollars,51310-2022-05-studentloan.xlsx,T8-FV_05-2022,false
Studentloan,Budget Authority,2028,84.0,Millions of dollars,51310-2022-05-studentloan.xlsx,T8-FV_05-2022,false
Studentloan,Budget Authority,2029,81.0,Millions of dollars,51310-2022-05-studentloan.xlsx,T8-FV_05-2022,false
Studentloan,Budget Authority,2030,79.0,Millions of dollars,51310-2022-05-studentloan.xlsx,T8-FV_05-2022,false
Studentloan,Budget Authority,2031,74.0,Millions of dollars,51310-2022-05-studentloan.xlsx,T8-FV_05-2022,false
Studentloan,Budget Authority,2032,71.0,Millions of dollars,51310-2022-05-studentloan.xlsx,T8-FV_05-2022,false
Studentloan,Outlays,2022,799.0,Millions of dollars,51310-2022-05-studentloan.xlsx,T8-FV_05-2022,false
Studentloan,Outlays,2023,-173.0,Millions of dollars,51310-2022-05-studentloan.xlsx,T8-FV_05-2022,false
Studentloan,Outlays,2024,-94.0,Millions of dollars,51310-2022-05-studentloan.xlsx,T8-FV_05-2022,false
Studentloan,Outlays,2025,-80.0,Millions of dollars,51310-2022-05-studentloan.xlsx,T8-FV_05-2022,false
Studentloan,Outlays,2026,-60.0,Millions of dollars,51310-2022-05-studentloan.xlsx,T8-FV_05-2022,false
Studentloan,Outlays,2027,-49.0,Millions of dollars,51310-2022-05-studentloan.xlsx,T8-FV_05-2022,false
Studentloan,Outlays,2028,-51.0,Millions of dollars,51310-2022-05-studentloan.xlsx,T8-FV_05-2022,false
Studentloan,Outlays,2029,-42.0,Millions of dollars,51310-2022-05-studentloan.xlsx,T8-FV_05-2022,false
Studentloan,Outlays,2030,-33.0,Millions of dollars,51310-2022-05-studentloan.xlsx,T8-FV_05-2022,false
Studentloan,Outlays,2031,-29.0,Millions of dollars,51310-2022-05-studentloan.xlsx,T8-FV_05-2022,false
Studentloan,Outlays,2032,-23.0,Millions of dollars,51310-2022-05-studentloan.xlsx,T8-FV_05-2022,false
Studentloan,Budget Authority,2022,11955.0,Millions of dollars,51310-2022-05-studentloan.xlsx,T8-FV_05-2022,false
Studentloan,Budget Authority,2023,0.0,Millions of dollars,51310-2022-05-studentloan.xlsx,T8-FV_05-2022,false
Studentloan,Budget Authority,2024,0.0,Millions of dollars,51310-2022-05-studentloan.xlsx,T8-FV_05-2022,false
Studentloan,Budget Authority,2025,0.0,Millions of dollars,51310-2022-05-studentloan.xlsx,T8-FV_05-2022,false
Studentloan,Budget Authority,2026,0.0,Millions of dollars,51310-2022-05-studentloan.xlsx,T8-FV_05-2022,false
Studentloan,Budget Authority,2027,0.0,Millions of dollars,51310-2022-05-studentloan.xlsx,T8-FV_05-2022,false
Studentloan,Budget Authority,2028,0.0,Millions of dollars,51310-2022-05-studentloan.xlsx,T8-FV_05-2022,false
Studentloan,Budget Authority,2029,0.0,Millions of dollars,51310-2022-05-studentloan.xlsx,T8-FV_05-2022,false
Studentloan,Budget Authority,2030,0.0,Millions of dollars,51310-2022-05-studentloan.xlsx,T8-FV_05-2022,false
Studentloan,Budget Authority,2031,0.0,Millions of dollars,51310-2022-05-studentloan.xlsx,T8-FV_05-2022,false
Studentloan,Budget Authority,2032,0.0,Millions of dollars,51310-2022-05-studentloan.xlsx,T8-FV_05-2022,false
Studentloan,Outlays,2022,11955.0,Millions of dollars,51310-2022-05-studentloan.xlsx,T8-FV_05-2022,false
Studentloan,Outlays,2023,0.0,Millions of dollars,51310-2022-05-studentloan.xlsx,T8-FV_05-2022,false
Studentloan,Outlays,2024,0.0,Millions of dollars,51310-2022-05-studentloan.xlsx,T8-FV_05-2022,false
Studentloan,Outlays,2025,0.0,Millions of dollars,51310-2022-05-studentloan.xlsx,T8-FV_05-2022,false
Studentloan,Outlays,2026,0.0,Millions of dollars,51310-2022-05-studentloan.xlsx,T8-FV_05-2022,false
Studentloan,Outlays,2027,0.0,Millions of dollars,51310-2022-05-studentloan.xlsx,T8-FV_05-2022,false
Studentloan,Outlays,2028,0.0,Millions of dollars,51310-2022-05-studentloan.xlsx,T8-FV_05-2022,false
Studentloan,Outlays,2029,0.0,Millions of dollars,51310-2022-05-studentloan.xlsx,T8-FV_05-2022,false
Studentloan,Outlays,2030,0.0,Millions of dollars,51310-2022-05-studentloan.xlsx,T8-FV_05-2022,false
Studentloan,Outlays,2031,0.0,Millions of dollars,51310-2022-05-studentloan.xlsx,T8-FV_05-2022,false
Studentloan,Outlays,2032,0.0,Millions of dollars,51310-2022-05-studentloan.xlsx,T8-FV_05-2022,false
Studentloan,Budget Authority,2022,12897.0,Millions of dollars,51310-2022-05-studentloan.xlsx,T8-FV_05-2022,false
Studentloan,Budget Authority,2023,40.0,Millions of dollars,51310-2022-05-studentloan.xlsx,T8-FV_05-2022,false
Studentloan,Budget Authority,2024,100.0,Millions of dollars,51310-2022-05-studentloan.xlsx,T8-FV_05-2022,false
Studentloan,Budget Authority,2025,97.0,Millions of dollars,51310-2022-05-studentloan.xlsx,T8-FV_05-2022,false
Studentloan,Budget Authority,2026,102.0,Millions of dollars,51310-2022-05-studentloan.xlsx,T8-FV_05-2022,false
Studentloan,Budget Authority,2027,99.0,Millions of dollars,51310-2022-05-studentloan.xlsx,T8-FV_05-2022,false
Studentloan,Budget Authority,2028,84.0,Millions of dollars,51310-2022-05-studentloan.xlsx,T8-FV_05-2022,false
Studentloan,Budget Authority,2029,81.0,Millions of dollars,51310-2022-05-studentloan.xlsx,T8-FV_05-2022,false
Studentloan,Budget Authority,2030,79.0,Millions of dollars,51310-2022-05-studentloan.xlsx,T8-FV_05-2022,false
Studentloan,Budget Authority,2031,74.0,Millions of dollars,51310-2022-05-studentloan.xlsx,T8-FV_05-2022,false
Studentloan,Budget Authority,2032,71.0,Millions of dollars,51310-2022-05-studentloan.xlsx,T8-FV_05-2022,false
Studentloan,Outlays,2022,12754.0,Millions of dollars,51310-2022-05-studentloan.xlsx,T8-FV_05-2022,false
Studentloan,Outlays,2023,-173.0,Millions of dollars,51310-2022-05-studentloan.xlsx,T8-FV_05-2022,false
Studentloan,Outlays,2024,-94.0,Millions of dollars,51310-2022-05-studentloan.xlsx,T8-FV_05-2022,false
Studentloan,Outlays,2025,-80.0,Millions of dollars,51310-2022-05-studentloan.xlsx,T8-FV_05-2022,false
Studentloan,Outlays,2026,-60.0,Millions of dollars,51310-2022-05-studentloan.xlsx,T8-FV_05-2022,false
Studentloan,Outlays,2027,-49.0,Millions of dollars,51310-2022-05-studentloan.xlsx,T8-FV_05-2022,false
Studentloan,Outlays,2028,-51.0,Millions of dollars,51310-2022-05-studentloan.xlsx,T8-FV_05-2022,false
Studentloan,Outlays,2029,-42.0,Millions of dollars,51310-2022-05-studentloan.xlsx,T8-FV_05-2022,false
Studentloan,Outlays,2030,-33.0,Millions of dollars,51310-2022-05-studentloan.xlsx,T8-FV_05-2022,false
Studentloan,Outlays,2031,-29.0,Millions of dollars,51310-2022-05-studentloan.xlsx,T8-FV_05-2022,false
Studentloan,Outlays,2032,-23.0,Millions of dollars,51310-2022-05-studentloan.xlsx,T8-FV_05-2022,false
Studentloan,Budget Authority,2022,2645.0,Millions of dollars,51310-2022-05-studentloan.xlsx,T8-FV_05-2022,false
Studentloan,Budget Authority,2023,3366.0,Millions of dollars,51310-2022-05-studentloan.xlsx,T8-FV_05-2022,false
Studentloan,Budget Authority,2024,3458.0,Millions of dollars,51310-2022-05-studentloan.xlsx,T8-FV_05-2022,false
Studentloan,Budget Authority,2025,3540.0,Millions of dollars,51310-2022-05-studentloan.xlsx,T8-FV_05-2022,false
Studentloan,Budget Authority,2026,3613.0,Millions of dollars,51310-2022-05-studentloan.xlsx,T8-FV_05-2022,false
Studentloan,Budget Authority,2027,3689.0,Millions of dollars,51310-2022-05-studentloan.xlsx,T8-FV_05-2022,false
Studentloan,Budget Authority,2028,3767.0,Millions of dollars,51310-2022-05-studentloan.xlsx,T8-FV_05-2022,false
Studentloan,Budget Authority,2029,3846.0,Millions of dollars,51310-2022-05-studentloan.xlsx,T8-FV_05-2022,false
Studentloan,Budget Authority,2030,3925.0,Millions of dollars,51310-2022-05-studentloan.xlsx,T8-FV_05-2022,false
Studentloan,Budget Authority,2031,4007.0,Millions of dollars,51310-2022-05-studentloan.xlsx,T8-FV_05-2022,false
Studentloan,Budget Authority,2032,4067.0,Millions of dollars,51310-2022-05-studentloan.xlsx,T8-FV_05-2022,false
Studentloan,Outlays,2022,2640.0,Millions of dollars,51310-2022-05-studentloan.xlsx,T8-FV_05-2022,false
Studentloan,Outlays,2023,3361.0,Millions of dollars,51310-2022-05-studentloan.xlsx,T8-FV_05-2022,false
Studentloan,Outlays,2024,3360.0,Millions of dollars,51310-2022-05-studentloan.xlsx,T8-FV_05-2022,false
Studentloan,Outlays,2025,3459.0,Millions of dollars,51310-2022-05-studentloan.xlsx,T8-FV_05-2022,false
Studentloan,Outlays,2026,3522.0,Millions of dollars,51310-2022-05-studentloan.xlsx,T8-FV_05-2022,false
Studentloan,Outlays,2027,3602.0,Millions of dollars,51310-2022-05-studentloan.xlsx,T8-FV_05-2022,false
Studentloan,Outlays,2028,3683.0,Millions of dollars,51310-2022-05-studentloan.xlsx,T8-FV_05-2022,false
Studentloan,Outlays,2029,3765.0,Millions of dollars,51310-2022-05-studentloan.xlsx,T8-FV_05-2022,false
Studentloan,Outlays,2030,3848.0,Millions of dollars,51310-2022-05-studentloan.xlsx,T8-FV_05-2022,false
Studentloan,Outlays,2031,3933.0,Millions of dollars,51310-2022-05-studentloan.xlsx,T8-FV_05-2022,false
Studentloan,Outlays,2032,4001.0,Millions of dollars,51310-2022-05-studentloan.xlsx,T8-FV_05-2022,false
Studentloan,Budget Authority,2022,44674.0,Millions of dollars,51310-2022-05-studentloan.xlsx,T8-FV_05-2022,false
Studentloan,Budget Authority,2023,12261.0,Millions of dollars,51310-2022-05-studentloan.xlsx,T8-FV_05-2022,false
Studentloan,Budget Authority,2024,12183.0,Millions of dollars,51310-2022-05-studentloan.xlsx,T8-FV_05-2022,false
Studentloan,Budget Authority,2025,12610.0,Millions of dollars,51310-2022-05-studentloan.xlsx,T8-FV_05-2022,false
Studentloan,Budget Authority,2026,14180.0,Millions of dollars,51310-2022-05-studentloan.xlsx,T8-FV_05-2022,false
Studentloan,Budget Authority,2027,15908.0,Millions of dollars,51310-2022-05-studentloan.xlsx,T8-FV_05-2022,false
Studentloan,Budget Authority,2028,16640.0,Millions of dollars,51310-2022-05-studentloan.xlsx,T8-FV_05-2022,false
Studentloan,Budget Authority,2029,16893.0,Millions of dollars,51310-2022-05-studentloan.xlsx,T8-FV_05-2022,false
Studentloan,Budget Authority,2030,16827.0,Millions of dollars,51310-2022-05-studentloan.xlsx,T8-FV_05-2022,false
Studentloan,Budget Authority,2031,17170.0,Millions of dollars,51310-2022-05-studentloan.xlsx,T8-FV_05-2022,false
Studentloan,Budget Authority,2032,17437.0,Millions of dollars,51310-2022-05-studentloan.xlsx,T8-FV_05-2022,false
Studentloan,Outlays,2022,43995.0,Millions of dollars,51310-2022-05-studentloan.xlsx,T8-FV_05-2022,false
Studentloan,Outlays,2023,11179.0,Millions of dollars,51310-2022-05-studentloan.xlsx,T8-FV_05-2022,false
Studentloan,Outlays,2024,10876.0,Millions of dollars,51310-2022-05-studentloan.xlsx,T8-FV_05-2022,false
Studentloan,Outlays,2025,11133.0,Millions of dollars,51310-2022-05-studentloan.xlsx,T8-FV_05-2022,false
Studentloan,Outlays,2026,12184.0,Millions of dollars,51310-2022-05-studentloan.xlsx,T8-FV_05-2022,false
Studentloan,Outlays,2027,13696.0,Millions of dollars,51310-2022-05-studentloan.xlsx,T8-FV_05-2022,false
Studentloan,Outlays,2028,14661.0,Millions of dollars,51310-2022-05-studentloan.xlsx,T8-FV_05-2022,false
Studentloan,Outlays,2029,15046.0,Millions of dollars,51310-2022-05-studentloan.xlsx,T8-FV_05-2022,false
Studentloan,Outlays,2030,15112.0,Millions of dollars,51310-2022-05-studentloan.xlsx,T8-FV_05-2022,false
Studentloan,Outlays,2031,15308.0,Millions of dollars,51310-2022-05-studentloan.xlsx,T8-FV_05-2022,false
Studentloan,Outlays,2032,15615.0,Millions of dollars,51310-2022-05-studentloan.xlsx,T8-FV_05-2022,false
