program,category,fiscal_year,value,unit,source_file,source_sheet,is_total,program_id,category_path,period_type,period_start_year,period_end_year,period_label,source_row,source_column
Student Loans,Budget Authority,2020,6225.0,Millions of dollars,51310-2020-03-studentloan.xlsx,Table 1,false,51310,Table 1. / Direct Student Loans / Program Accounta / Budget Authority,fiscal_year,2020,2020,2020,11,5
Student Loans,Budget Authority,2021,-3563.0,Millions of dollars,51310-2020-03-studentloan.xlsx,Table 1,false,51310,Table 1. / Direct Student Loans / Program Accounta / Budget Authority,fiscal_year,2021,2021,2021,11,6
Student Loans,Budget Authority,2022,-3179.0,Millions of dollars,51310-2020-03-studentloan.xlsx,Table 1,false,51310,Table 1. / Direct Student Loans / Program Accounta / Budget Authority,fiscal_year,2022,2022,2022,11,7
Student Loans,Budget Authority,2023,-2791.0,Millions of dollars,51310-2020-03-studentloan.xlsx,Table 1,false,51310,Table 1. / Direct Student Loans / Program Accounta / Budget Authority,fiscal_year,2023,2023,2023,11,8
Student Loans,Budget Authority,2024,-2813.0,Millions of dollars,51310-2020-03-studentloan.xlsx,Table 1,false,51310,Table 1. / Direct Student Loans / Program Accounta / Budget Authority,fiscal_year,2024,2024,2024,11,9
Student Loans,Budget Authority,2025,-3221.0,Millions of dollars,51310-2020-03-studentloan.xlsx,Table 1,false,51310,Table 1. / Direct Student Loans / Program Accounta / Budget Authority,fiscal_year,2025,2025,2025,11,10
Student Loans,Budget Authority,2026,-3185.0,Millions of dollars,51310-2020-03-studentloan.xlsx,Table 1,false,51310,Table 1. / Direct Student Loans / Program Accounta / Budget Authority,fiscal_year,2026,2026,2026,11,11
Student Loans,Budget Authority,2027,-3768.0,Millions of dollars,51310-2020-03-studentloan.xlsx,Table 1,false,51310,Table 1. / Direct Student Loans / Program Accounta / Budget Authority,fiscal_year,2027,2027,2027,11,12
Student Loans,Budget Authority,2028,-4023.0,Millions of dollars,51310-2020-03-studentloan.xlsx,Table 1,false,51310,Table 1. / Direct Student Loans / Program Accounta / Budget Authority,fiscal_year,2028,2028,2028,11,13
Student Loans,Budget Authority,2029,-4397.0,Millions of dollars,51310-2020-03-studentloan.xlsx,Table 1,false,51310,Table 1. / Direct Student Loans / Program Accounta / Budget Authority,fiscal_year,2029,2029,2029,11,14
Student Loans,Budget Authority,2030,-4259.0,Millions of dollars,51310-2020-03-studentloan.xlsx,Table 1,false,51310,Table 1. / Direct Student Loans / Program Accounta / Budget Authority,fiscal_year,2030,2030,2030,11,15
Student Loans,Outlays,2020,6182.0,Millions of dollars,51310-2020-03-studentloan.xlsx,Table 1,false,51310,Table 1. / Direct Student Loans / Program Accounta / Outlays,fiscal_year,2020,2020,2020,12,5
Student Loans,Outlays,2021,-3745.0,Millions of dollars,51310-2020-03-studentloan.xlsx,Table 1,false,51310,Table 1. / Direct Student Loans / Program Accounta / Outlays,fiscal_year,2021,2021,2021,12,6
Student Loans,Outlays,2022,-3023.0,Millions of dollars,51310-2020-03-studentloan.xlsx,Table 1,false,51310,Table 1. / Direct Student Loans / Program Accounta / Outlays,fiscal_year,2022,2022,2022,12,7
Student Loans,Outlays,2023,-2696.0,Millions of dollars,51310-2020-03-studentloan.xlsx,Table 1,false,51310,Table 1. / Direct Student Loans / Program Accounta / Outlays,fiscal_year,2023,2023,2023,12,8
Student Loans,Outlays,2024,-2593.0,Millions of dollars,51310-2020-03-studentloan.xlsx,Table 1,false,51310,Table 1. / Direct Student Loans / Program Accounta / Outlays,fiscal_year,2024,2024,2024,12,9
Student Loans,Outlays,2025,-2832.0,Millions of dollars,51310-2020-03-studentloan.xlsx,Table 1,false,51310,Table 1. / Direct Student Loans / Program Accounta / Outlays,fiscal_year,2025,2025,2025,12,10
Student Loans,Outlays,2026,-2940.0,Millions of dollars,51310-2020-03-studentloan.xlsx,Table 1,false,51310,Table 1. / Direct Student Loans / Program Accounta / Outlays,fiscal_year,2026,2026,2026,12,11
Student Loans,Outlays,2027,-3268.0,Millions of dollars,51310-2020-03-studentloan.xlsx,Table 1,false,51310,Table 1. / Direct Student Loans / Program Accounta / Outlays,fiscal_year,2027,2027,2027,12,12
Student Loans,Outlays,2028,-3592.0,Millions of dollars,51310-2020-03-studentloan.xlsx,Table 1,false,51310,Table 1. / Direct Student Loans / Program Accounta / Outlays,fiscal_year,2028,2028,2028,12,13
Student Loans,Outlays,2029,-3895.0,Millions of dollars,51310-2020-03-studentloan.xlsx,Table 1,false,51310,Table 1. / Direct Student Loans / Program Accounta / Outlays,fiscal_year,2029,2029,2029,12,14
Student Loans,Outlays,2030,-3931.0,Millions of dollars,51310-2020-03-studentloan.xlsx,Table 1,false,51310,Table 1. / Direct Student Loans / Program Accounta / Outlays,fiscal_year,2030,2030,2030,12,15
Student Loans,Budget Authority,2020,63691.0,Millions of dollars,51310-2020-03-studentloan.xlsx,Table 1,false,51310,Table 1. / Direct Student Loans / Credit Reestimates and Modificationsb / Budget Authority,fiscal_year,2020,2020,2020,14,5
Student Loans,Budget Authority,2021,0.0,Millions of dollars,51310-2020-03-studentloan.xlsx,Table 1,false,51310,Table 1. / Direct Student Loans / Credit Reestimates and Modificationsb / Budget Authority,fiscal_year,2021,2021,2021,14,6
Student Loans,Budget Authority,2022,0.0,Millions of dollars,51310-2020-03-studentloan.xlsx,Table 1,false,51310,Table 1. / Direct Student Loans / Credit Reestimates and Modificationsb / Budget Authority,fiscal_year,2022,2022,2022,14,7
Student Loans,Budget Authority,2023,0.0,Millions of dollars,51310-2020-03-studentloan.xlsx,Table 1,false,51310,Table 1. / Direct Student Loans / Credit Reestimates and Modificationsb / Budget Authority,fiscal_year,2023,2023,2023,14,8
Student Loans,Budget Authority,2024,0.0,Millions of dollars,51310-2020-03-studentloan.xlsx,Table 1,false,51310,Table 1. / Direct Student Loans / Credit Reestimates and Modificationsb / Budget Authority,fiscal_year,2024,2024,2024,14,9
Student Loans,Budget Authority,2025,0.0,Millions of dollars,51310-2020-03-studentloan.xlsx,Table 1,false,51310,Table 1. / Direct Student Loans / Credit Reestimates and Modificationsb / Budget Authority,fiscal_year,2025,2025,2025,14,10
Student Loans,Budget Authority,2026,0.0,Millions of dollars,51310-2020-03-studentloan.xlsx,Table 1,false,51310,Table 1. / Direct Student Loans / Credit Reestimates and Modificationsb / Budget Authority,fiscal_year,2026,2026,2026,14,11
Student Loans,Budget Authority,2027,0.0,Millions of dollars,51310-2020-03-studentloan.xlsx,Table 1,false,51310,Table 1. / Direct Student Loans / Credit Reestimates and Modificationsb / Budget Authority,fiscal_year,2027,2027,2027,14,12
Student Loans,Budget Authority,2028,0.0,Millions of dollars,51310-2020-03-studentloan.xlsx,Table 1,false,51310,Table 1. / Direct Student Loans / Credit Reestimates and Modificationsb / Budget Authority,fiscal_year,2028,2028,2028,14,13
Student Loans,Budget Authority,2029,0.0,Millions of dollars,51310-2020-03-studentloan.xlsx,Table 1,false,51310,Table 1. / Direct Student Loans / Credit Reestimates and Modificationsb / Budget Authority,fiscal_year,2029,2029,2029,14,14
Student Loans,Budget Authority,2030,0.0,Millions of dollars,51310-2020-03-studentloan.xlsx,Table 1,false,51310,Table 1. / Direct Student Loans / Credit Reestimates and Modificationsb / Budget Authority,fiscal_year,2030,2030,2030,14,15
Student Loans,Outlays,2020,63691.0,Millions of dollars,51310-2020-03-studentloan.xlsx,Table 1,false,51310,Table 1. / Direct Student Loans / Credit Reestimates and Modificationsb / Outlays,fiscal_year,2020,2020,2020,15,5
Student Loans,Outlays,2021,0.0,Millions of dollars,51310-2020-03-studentloan.xlsx,Table 1,false,51310,Table 1. / Direct Student Loans / Credit Reestimates and Modificationsb / Outlays,fiscal_year,2021,2021,2021,15,6
Student Loans,Outlays,2022,0.0,Millions of dollars,51310-2020-03-studentloan.xlsx,Table 1,false,51310,Table 1. / Direct Student Loans / Credit Reestimates and Modificationsb / Outlays,fiscal_year,2022,2022,2022,15,7
Student Loans,Outlays,2023,0.0,Millions of dollars,51310-2020-03-studentloan.xlsx,Table 1,false,51310,Table 1. / Direct Student Loans / Credit Reestimates and Modificationsb / Outlays,fiscal_year,2023,2023,2023,15,8
Student Loans,Outlays,2024,0.0,Millions of dollars,51310-2020-03-studentloan.xlsx,Table 1,false,51310,Table 1. / Direct Student Loans / Credit Reestimates and Modificationsb / Outlays,fiscal_year,2024,2024,2024,15,9
Student Loans,Outlays,2025,0.0,Millions of dollars,51310-2020-03-studentloan.xlsx,Table 1,false,51310,Table 1. / Direct Student Loans / Credit Reestimates and Modificationsb / Outlays,fiscal_year,2025,2025,2025,15,10
Student Loans,Outlays,2026,0.0,Millions of dollars,51310-2020-03-studentloan.xlsx,Table 1,false,51310,Table 1. / Direct Student Loans / Credit Reestimates and Modificationsb / Outlays,fiscal_year,2026,2026,2026,15,11
Student Loans,Outlays,2027,0.0,Millions of dollars,51310-2020-03-studentloan.xlsx,Table 1,false,51310,Table 1. / Direct Student Loans / Credit Reestimates and Modificationsb / Outlays,fiscal_year,2027,2027,2027,15,12
Student Loans,Outlays,2028,0.0,Millions of dollars,51310-2020-03-studentloan.xlsx,Table 1,false,51310,Table 1. / Direct Student Loans / Credit Reestimates and Modificationsb / Outlays,fiscal_year,2028,2028,2028,15,13
Student Loans,Outlays,2029,0.0,Millions of dollars,51310-2020-03-studentloan.xlsx,Table 1,false,51310,Table 1. / Direct Student Loans / Credit Reestimates and Modificationsb / Outlays,fiscal_year,2029,2029,2029,15,14
Student Loans,Outlays,2030,0.0,Millions of dollars,51310-2020-03-studentloan.xlsx,Table 1,false,51310,Table 1. / Direct Student Loans / Credit Reestimates and Modificationsb / Outlays,fiscal_year,2030,2030,2030,15,15
Student Loans,Budget Authority,2020,69916.0,Millions of dollars,51310-2020-03-studentloan.xlsx,Table 1,true,51310,"Table 1. / Direct Student Loans / Subtotal, Direct Loans / Budget Authority",fiscal_year,2020,2020,2020,17,5
Student Loans,Budget Authority,2021,-3563.0,Millions of dollars,51310-2020-03-studentloan.xlsx,Table 1,true,51310,"Table 1. / Direct Student Loans / Subtotal, Direct Loans / Budget Authority",fiscal_year,2021,2021,2021,17,6
Student Loans,Budget Authority,2022,-3179.0,Millions of dollars,51310-2020-03-studentloan.xlsx,Table 1,true,51310,"Table 1. / Direct Student Loans / Subtotal, Direct Loans / Budget Authority",fiscal_year,2022,2022,2022,17,7
Student Loans,Budget Authority,2023,-2791.0,Millions of dollars,51310-2020-03-studentloan.xlsx,Table 1,true,51310,"Table 1. / Direct Student Loans / Subtotal, Direct Loans / Budget Authority",fiscal_year,2023,2023,2023,17,8
Student Loans,Budget Authority,2024,-2813.0,Millions of dollars,51310-2020-03-studentloan.xlsx,Table 1,true,51310,"Table 1. / Direct Student Loans / Subtotal, Direct Loans / Budget Authority",fiscal_year,2024,2024,2024,17,9
Student Loans,Budget Authority,2025,-3221.0,Millions of dollars,51310-2020-03-studentloan.xlsx,Table 1,true,51310,"Table 1. / Direct Student Loans / Subtotal, Direct Loans / Budget Authority",fiscal_year,2025,2025,2025,17,10
Student Loans,Budget Authority,2026,-3185.0,Millions of dollars,51310-2020-03-studentloan.xlsx,Table 1,true,51310,"Table 1. / Direct Student Loans / Subtotal, Direct Loans / Budget Authority",fiscal_year,2026,2026,2026,17,11
Student Loans,Budget Authority,2027,-3768.0,Millions of dollars,51310-2020-03-studentloan.xlsx,Table 1,true,51310,"Table 1. / Direct Student Loans / Subtotal, Direct Loans / Budget Authority",fiscal_year,2027,2027,2027,17,12
Student Loans,Budget Authority,2028,-4023.0,Millions of dollars,51310-2020-03-studentloan.xlsx,Table 1,true,51310,"Table 1. / Direct Student Loans / Subtotal, Direct Loans / Budget Authority",fiscal_year,2028,2028,2028,17,13
Student Loans,Budget Authority,2029,-4397.0,Millions of dollars,51310-2020-03-studentloan.xlsx,Table 1,true,51310,"Table 1. / Direct Student Loans / Subtotal, Direct Loans / Budget Authority",fiscal_year,2029,2029,2029,17,14
Student Loans,Budget Authority,2030,-4259.0,Millions of dollars,51310-2020-03-studentloan.xlsx,Table 1,true,51310,"Table 1. / Direct Student Loans / Subtotal, Direct Loans / Budget Authority",fiscal_year,2030,2030,2030,17,15
Student Loans,Outlays,2020,69873.0,Millions of dollars,51310-2020-03-studentloan.xlsx,Table 1,true,51310,"Table 1. / Direct Student Loans / Subtotal, Direct Loans / Outlays",fiscal_year,2020,2020,2020,18,5
Student Loans,Outlays,2021,-3745.0,Millions of dollars,51310-2020-03-studentloan.xlsx,Table 1,true,51310,"Table 1. / Direct Student Loans / Subtotal, Direct Loans / Outlays",fiscal_year,2021,2021,2021,18,6
Student Loans,Outlays,2022,-3023.0,Millions of dollars,51310-2020-03-studentloan.xlsx,Table 1,true,51310,"Table 1. / Direct Student Loans / Subtotal, Direct Loans / Outlays",fiscal_year,2022,2022,2022,18,7
Student Loans,Outlays,2023,-2696.0,Millions of dollars,51310-2020-03-studentloan.xlsx,Table 1,true,51310,"Table 1. / Direct Student Loans / Subtotal, Direct Loans / Outlays",fiscal_year,2023,2023,2023,18,8
Student Loans,Outlays,2024,-2593.0,Millions of dollars,51310-2020-03-studentloan.xlsx,Table 1,true,51310,"Table 1. / Direct Student Loans / Subtotal, Direct Loans / Outlays",fiscal_year,2024,2024,2024,18,9
Student Loans,Outlays,2025,-2832.0,Millions of dollars,51310-2020-03-studentloan.xlsx,Table 1,true,51310,"Table 1. / Direct Student Loans / Subtotal, Direct Loans / Outlays",fiscal_year,2025,2025,2025,18,10
Student Loans,Outlays,2026,-2940.0,Millions of dollars,51310-2020-03-studentloan.xlsx,Table 1,true,51310,"Table 1. / Direct Student Loans / Subtotal, Direct Loans / Outlays",fiscal_year,2026,2026,2026,18,11
Student Loans,Outlays,2027,-3268.0,Millions of dollars,51310-2020-03-studentloan.xlsx,Table 1,true,51310,"Table 1. / Direct Student Loans / Subtotal, Direct Loans / Outlays",fiscal_year,2027,2027,2027,18,12
Student Loans,Outlays,2028,-3592.0,Millions of dollars,51310-2020-03-studentloan.xlsx,Table 1,true,51310,"Table 1. / Direct Student Loans / Subtotal, Direct Loans / Outlays",fiscal_year,2028,2028,2028,18,13
Student Loans,Outlays,2029,-3895.0,Millions of dollars,51310-2020-03-studentloan.xlsx,Table 1,true,51310,"Table 1. / Direct Student Loans / Subtotal, Direct Loans / Outlays",fiscal_year,2029,2029,2029,18,14
Student Loans,Outlays,2030,-3931.0,Millions of dollars,51310-2020-03-studentloan.xlsx,Table 1,true,51310,"Table 1. / Direct Student Loans / Subtotal, Direct Loans / Outlays",fiscal_year,2030,2030,2030,18,15
Student Loans,Budget Authority,2020,10.0,Millions of dollars,51310-2020-03-studentloan.xlsx,Table 1,false,51310,Table 1. / Guaranteed Student Loans / Program Liquidating Account and / Budget Authority,fiscal_year,2020,2020,2020,22,5
Student Loans,Budget Authority,2021,10.0,Millions of dollars,51310-2020-03-studentloan.xlsx,Table 1,false,51310,Table 1. / Guaranteed Student Loans / Program Liquidating Account and / Budget Authority,fiscal_year,2021,2021,2021,22,6
Student Loans,Budget Authority,2022,9.0,Millions of dollars,51310-2020-03-studentloan.xlsx,Table 1,false,51310,Table 1. / Guaranteed Student Loans / Program Liquidating Account and / Budget Authority,fiscal_year,2022,2022,2022,22,7
Student Loans,Budget Authority,2023,9.0,Millions of dollars,51310-2020-03-studentloan.xlsx,Table 1,false,51310,Table 1. / Guaranteed Student Loans / Program Liquidating Account and / Budget Authority,fiscal_year,2023,2023,2023,22,8
Student Loans,Budget Authority,2024,9.0,Millions of dollars,51310-2020-03-studentloan.xlsx,Table 1,false,51310,Table 1. / Guaranteed Student Loans / Program Liquidating Account and / Budget Authority,fiscal_year,2024,2024,2024,22,9
Student Loans,Budget Authority,2025,9.0,Millions of dollars,51310-2020-03-studentloan.xlsx,Table 1,false,51310,Table 1. / Guaranteed Student Loans / Program Liquidating Account and / Budget Authority,fiscal_year,2025,2025,2025,22,10
Student Loans,Budget Authority,2026,8.0,Millions of dollars,51310-2020-03-studentloan.xlsx,Table 1,false,51310,Table 1. / Guaranteed Student Loans / Program Liquidating Account and / Budget Authority,fiscal_year,2026,2026,2026,22,11
Student Loans,Budget Authority,2027,8.0,Millions of dollars,51310-2020-03-studentloan.xlsx,Table 1,false,51310,Table 1. / Guaranteed Student Loans / Program Liquidating Account and / Budget Authority,fiscal_year,2027,2027,2027,22,12
Student Loans,Budget Authority,2028,8.0,Millions of dollars,51310-2020-03-studentloan.xlsx,Table 1,false,51310,Table 1. / Guaranteed Student Loans / Program Liquidating Account and / Budget Authority,fiscal_year,2028,2028,2028,22,13
Student Loans,Budget Authority,2029,8.0,Millions of dollars,51310-2020-03-studentloan.xlsx,Table 1,false,51310,Table 1. / Guaranteed Student Loans / Program Liquidating Account and / Budget Authority,fiscal_year,2029,2029,2029,22,14
Student Loans,Budget Authority,2030,7.0,Millions of dollars,51310-2020-03-studentloan.xlsx,Table 1,false,51310,Table 1. / Guaranteed Student Loans / Program Liquidating Account and / Budget Authority,fiscal_year,2030,2030,2030,22,15
Student Loans,Outlays,2020,-172.0,Millions of dollars,51310-2020-03-studentloan.xlsx,Table 1,false,51310,Table 1. / Guaranteed Student Loans / Federal Student Loan Reserve Fund / Outlays,fiscal_year,2020,2020,2020,23,5
Student Loans,Outlays,2021,-137.0,Millions of dollars,51310-2020-03-studentloan.xlsx,Table 1,false,51310,Table 1. / Guaranteed Student Loans / Federal Student Loan Reserve Fund / Outlays,fiscal_year,2021,2021,2021,23,6
Student Loans,Outlays,2022,-107.0,Millions of dollars,51310-2020-03-studentloan.xlsx,Table 1,false,51310,Table 1. / Guaranteed Student Loans / Federal Student Loan Reserve Fund / Outlays,fiscal_year,2022,2022,2022,23,7
Student Loans,Outlays,2023,-80.0,Millions of dollars,51310-2020-03-studentloan.xlsx,Table 1,false,51310,Table 1. / Guaranteed Student Loans / Federal Student Loan Reserve Fund / Outlays,fiscal_year,2023,2023,2023,23,8
Student Loans,Outlays,2024,-60.0,Millions of dollars,51310-2020-03-studentloan.xlsx,Table 1,false,51310,Table 1. / Guaranteed Student Loans / Federal Student Loan Reserve Fund / Outlays,fiscal_year,2024,2024,2024,23,9
Student Loans,Outlays,2025,-46.0,Millions of dollars,51310-2020-03-studentloan.xlsx,Table 1,false,51310,Table 1. / Guaranteed Student Loans / Federal Student Loan Reserve Fund / Outlays,fiscal_year,2025,2025,2025,23,10
Student Loans,Outlays,2026,-38.0,Millions of dollars,51310-2020-03-studentloan.xlsx,Table 1,false,51310,Table 1. / Guaranteed Student Loans / Federal Student Loan Reserve Fund / Outlays,fiscal_year,2026,2026,2026,23,11
Student Loans,Outlays,2027,-30.0,Millions of dollars,51310-2020-03-studentloan.xlsx,Table 1,false,51310,Table 1. / Guaranteed Student Loans / Federal Student Loan Reserve Fund / Outlays,fiscal_year,2027,2027,2027,23,12
Student Loans,Outlays,2028,-28.0,Millions of dollars,51310-2020-03-studentloan.xlsx,Table 1,false,51310,Table 1. / Guaranteed Student Loans / Federal Student Loan Reserve Fund / Outlays,fiscal_year,2028,2028,2028,23,13
Student Loans,Outlays,2029,-26.0,Millions of dollars,51310-2020-03-studentloan.xlsx,Table 1,false,51310,Table 1. / Guaranteed Student Loans / Federal Student Loan Reserve Fund / Outlays,fiscal_year,2029,2029,2029,23,14
Student Loans,Outlays,2030,-25.0,Millions of dollars,51310-2020-03-studentloan.xlsx,Table 1,false,51310,Table 1. / Guaranteed Student Loans / Federal Student Loan Reserve Fund / Outlays,fiscal_year,2030,2030,2030,23,15
Student Loans,Budget Authority,2020,6395.0,Millions of dollars,51310-2020-03-studentloan.xlsx,Table 1,false,51310,Table 1. / Guaranteed Student Loans / Credit Reestimates and Modificationsb / Budget Authority,fiscal_year,2020,2020,2020,26,5
Student Loans,Budget Authority,2021,0.0,Millions of dollars,51310-2020-03-studentloan.xlsx,Table 1,false,51310,Table 1. / Guaranteed Student Loans / Credit Reestimates and Modificationsb / Budget Authority,fiscal_year,2021,2021,2021,26,6
Student Loans,Budget Authority,2022,0.0,Millions of dollars,51310-2020-03-studentloan.xlsx,Table 1,false,51310,Table 1. / Guaranteed Student Loans / Credit Reestimates and Modificationsb / Budget Authority,fiscal_year,2022,2022,2022,26,7
Student Loans,Budget Authority,2023,0.0,Millions of dollars,51310-2020-03-studentloan.xlsx,Table 1,false,51310,Table 1. / Guaranteed Student Loans / Credit Reestimates and Modificationsb / Budget Authority,fiscal_year,2023,2023,2023,26,8
Student Loans,Budget Authority,2024,0.0,Millions of dollars,51310-2020-03-studentloan.xlsx,Table 1,false,51310,Table 1. / Guaranteed Student Loans / Credit Reestimates and Modificationsb / Budget Authority,fiscal_year,2024,2024,2024,26,9
Student Loans,Budget Authority,2025,0.0,Millions of dollars,51310-2020-03-studentloan.xlsx,Table 1,false,51310,Table 1. / Guaranteed Student Loans / Credit Reestimates and Modificationsb / Budget Authority,fiscal_year,2025,2025,2025,26,10
Student Loans,Budget Authority,2026,0.0,Millions of dollars,51310-2020-03-studentloan.xlsx,Table 1,false,51310,Table 1. / Guaranteed Student Loans / Credit Reestimates and Modificationsb / Budget Authority,fiscal_year,2026,2026,2026,26,11
Student Loans,Budget Authority,2027,0.0,Millions of dollars,51310-2020-03-studentloan.xlsx,Table 1,false,51310,Table 1. / Guaranteed Student Loans / Credit Reestimates and Modificationsb / Budget Authority,fiscal_year,2027,2027,2027,26,12
Student Loans,Budget Authority,2028,0.0,Millions of dollars,51310-2020-03-studentloan.xlsx,Table 1,false,51310,Table 1. / Guaranteed Student Loans / Credit Reestimates and Modificationsb / Budget Authority,fiscal_year,2028,2028,2028,26,13
Student Loans,Budget Authority,2029,0.0,Millions of dollars,51310-2020-03-studentloan.xlsx,Table 1,false,51310,Table 1. / Guaranteed Student Loans / Credit Reestimates and Modificationsb / Budget Authority,fiscal_year,2029,2029,2029,26,14
Student Loans,Budget Authority,2030,0.0,Millions of dollars,51310-2020-03-studentloan.xlsx,Table 1,false,51310,Table 1. / Guaranteed Student Loans / Credit Reestimates and Modificationsb / Budget Authority,fiscal_year,2030,2030,2030,26,15
Student Loans,Outlays,2020,6395.0,Millions of dollars,51310-2020-03-studentloan.xlsx,Table 1,false,51310,Table 1. / Guaranteed Student Loans / Credit Reestimates and Modificationsb / Outlays,fiscal_year,2020,2020,2020,27,5
Student Loans,Outlays,2021,0.0,Millions of dollars,51310-2020-03-studentloan.xlsx,Table 1,false,51310,Table 1. / Guaranteed Student Loans / Credit Reestimates and Modificationsb / Outlays,fiscal_year,2021,2021,2021,27,6
Student Loans,Outlays,2022,0.0,Millions of dollars,51310-2020-03-studentloan.xlsx,Table 1,false,51310,Table 1. / Guaranteed Student Loans / Credit Reestimates and Modificationsb / Outlays,fiscal_year,2022,2022,2022,27,7
Student Loans,Outlays,2023,0.0,Millions of dollars,51310-2020-03-studentloan.xlsx,Table 1,false,51310,Table 1. / Guaranteed Student Loans / Credit Reestimates and Modificationsb / Outlays,fiscal_year,2023,2023,2023,27,8
Student Loans,Outlays,2024,0.0,Millions of dollars,51310-2020-03-studentloan.xlsx,Table 1,false,51310,Table 1. / Guaranteed Student Loans / Credit Reestimates and Modificationsb / Outlays,fiscal_year,2024,2024,2024,27,9
Student Loans,Outlays,2025,0.0,Millions of dollars,51310-2020-03-studentloan.xlsx,Table 1,false,51310,Table 1. / Guaranteed Student Loans / Credit Reestimates and Modificationsb / Outlays,fiscal_year,2025,2025,2025,27,10
Student Loans,Outlays,2026,0.0,Millions of dollars,51310-2020-03-studentloan.xlsx,Table 1,false,51310,Table 1. / Guaranteed Student Loans / Credit Reestimates and Modificationsb / Outlays,fiscal_year,2026,2026,2026,27,11
Student Loans,Outlays,2027,0.0,Millions of dollars,51310-2020-03-studentloan.xlsx,Table 1,false,51310,Table 1. / Guaranteed Student Loans / Credit Reestimates and Modificationsb / Outlays,fiscal_year,2027,2027,2027,27,12
Student Loans,Outlays,2028,0.0,Millions of dollars,51310-2020-03-studentloan.xlsx,Table 1,false,51310,Table 1. / Guaranteed Student Loans / Credit Reestimates and Modificationsb / Outlays,fiscal_year,2028,2028,2028,27,13
Student Loans,Outlays,2029,0.0,Millions of dollars,51310-2020-03-studentloan.xlsx,Table 1,false,51310,Table 1. / Guaranteed Student Loans / Credit Reestimates and Modificationsb / Outlays,fiscal_year,2029,2029,2029,27,14
Student Loans,Outlays,2030,0.0,Millions of dollars,51310-2020-03-studentloan.xlsx,Table 1,false,51310,Table 1. / Guaranteed Student Loans / Credit Reestimates and Modificationsb / Outlays,fiscal_year,2030,2030,2030,27,15
Student Loans,Budget Authority,2020,6405.0,Millions of dollars,51310-2020-03-studentloan.xlsx,Table 1,true,51310,"Table 1. / Guaranteed Student Loans / Subtotal, Guaranteed Loans / Budget Authority",fiscal_year,2020,2020,2020,29,5
Student Loans,Budget Authority,2021,10.0,Millions of dollars,51310-2020-03-studentloan.xlsx,Table 1,true,51310,"Table 1. / Guaranteed Student Loans / Subtotal, Guaranteed Loans / Budget Authority",fiscal_year,2021,2021,2021,29,6
Student Loans,Budget Authority,2022,9.0,Millions of dollars,51310-2020-03-studentloan.xlsx,Table 1,true,51310,"Table 1. / Guaranteed Student Loans / Subtotal, Guaranteed Loans / Budget Authority",fiscal_year,2022,2022,2022,29,7
Student Loans,Budget Authority,2023,9.0,Millions of dollars,51310-2020-03-studentloan.xlsx,Table 1,true,51310,"Table 1. / Guaranteed Student Loans / Subtotal, Guaranteed Loans / Budget Authority",fiscal_year,2023,2023,2023,29,8
Student Loans,Budget Authority,2024,9.0,Millions of dollars,51310-2020-03-studentloan.xlsx,Table 1,true,51310,"Table 1. / Guaranteed Student Loans / Subtotal, Guaranteed Loans / Budget Authority",fiscal_year,2024,2024,2024,29,9
Student Loans,Budget Authority,2025,9.0,Millions of dollars,51310-2020-03-studentloan.xlsx,Table 1,true,51310,"Table 1. / Guaranteed Student Loans / Subtotal, Guaranteed Loans / Budget Authority",fiscal_year,2025,2025,2025,29,10
Student Loans,Budget Authority,2026,8.0,Millions of dollars,51310-2020-03-studentloan.xlsx,Table 1,true,51310,"Table 1. / Guaranteed Student Loans / Subtotal, Guaranteed Loans / Budget Authority",fiscal_year,2026,2026,2026,29,11
Student Loans,Budget Authority,2027,8.0,Millions of dollars,51310-2020-03-studentloan.xlsx,Table 1,true,51310,"Table 1. / Guaranteed Student Loans / Subtotal, Guaranteed Loans / Budget Authority",fiscal_year,2027,2027,2027,29,12
Student Loans,Budget Authority,2028,8.0,Millions of dollars,51310-2020-03-studentloan.xlsx,Table 1,true,51310,"Table 1. / Guaranteed Student Loans / Subtotal, Guaranteed Loans / Budget Authority",fiscal_year,2028,2028,2028,29,13
Student Loans,Budget Authority,2029,8.0,Millions of dollars,51310-2020-03-studentloan.xlsx,Table 1,true,51310,"Table 1. / Guaranteed Student Loans / Subtotal, Guaranteed Loans / Budget Authority",fiscal_year,2029,2029,2029,29,14
Student Loans,Budget Authority,2030,7.0,Millions of dollars,51310-2020-03-studentloan.xlsx,Table 1,true,51310,"Table 1. / Guaranteed Student Loans / Subtotal, Guaranteed Loans / Budget Authority",fiscal_year,2030,2030,2030,29,15
Student Loans,Outlays,2020,6223.0,Millions of dollars,51310-2020-03-studentloan.xlsx,Table 1,true,51310,"Table 1. / Guaranteed Student Loans / Subtotal, Guaranteed Loans / Outlays",fiscal_year,2020,2020,2020,30,5
Student Loans,Outlays,2021,-137.0,Millions of dollars,51310-2020-03-studentloan.xlsx,Table 1,true,51310,"Table 1. / Guaranteed Student Loans / Subtotal, Guaranteed Loans / Outlays",fiscal_year,2021,2021,2021,30,6
Student Loans,Outlays,2022,-107.0,Millions of dollars,51310-2020-03-studentloan.xlsx,Table 1,true,51310,"Table 1. / Guaranteed Student Loans / Subtotal, Guaranteed Loans / Outlays",fiscal_year,2022,2022,2022,30,7
Student Loans,Outlays,2023,-80.0,Millions of dollars,51310-2020-03-studentloan.xlsx,Table 1,true,51310,"Table 1. / Guaranteed Student Loans / Subtotal, Guaranteed Loans / Outlays",fiscal_year,2023,2023,2023,30,8
Student Loans,Outlays,2024,-60.0,Millions of dollars,51310-2020-03-studentloan.xlsx,Table 1,true,51310,"Table 1. / Guaranteed Student Loans / Subtotal, Guaranteed Loans / Outlays",fiscal_year,2024,2024,2024,30,9
Student Loans,Outlays,2025,-46.0,Millions of dollars,51310-2020-03-studentloan.xlsx,Table 1,true,51310,"Table 1. / Guaranteed Student Loans / Subtotal, Guaranteed Loans / Outlays",fiscal_year,2025,2025,2025,30,10
Student Loans,Outlays,2026,-38.0,Millions of dollars,51310-2020-03-studentloan.xlsx,Table 1,true,51310,"Table 1. / Guaranteed Student Loans / Subtotal, Guaranteed Loans / Outlays",fiscal_year,2026,2026,2026,30,11
Student Loans,Outlays,2027,-30.0,Millions of dollars,51310-2020-03-studentloan.xlsx,Table 1,true,51310,"Table 1. / Guaranteed Student Loans / Subtotal, Guaranteed Loans / Outlays",fiscal_year,2027,2027,2027,30,12
Student Loans,Outlays,2028,-28.0,Millions of dollars,51310-2020-03-studentloan.xlsx,Table 1,true,51310,"Table 1. / Guaranteed Student Loans / Subtotal, Guaranteed Loans / Outlays",fiscal_year,2028,2028,2028,30,13
Student Loans,Outlays,2029,-26.0,Millions of dollars,51310-2020-03-studentloan.xlsx,Table 1,true,51310,"Table 1. / Guaranteed Student Loans / Subtotal, Guaranteed Loans / Outlays",fiscal_year,2029,2029,2029,30,14
Student Loans,Outlays,2030,-25.0,Millions of dollars,51310-2020-03-studentloan.xlsx,Table 1,true,51310,"Table 1. / Guaranteed Student Loans / Subtotal, Guaranteed Loans / Outlays",fiscal_year,2030,2030,2030,30,15
Student Loans,Budget Authority,2020,1769.0,Millions of dollars,51310-2020-03-studentloan.xlsx,Table 1,false,51310,Table 1. / Student Aid Administration / Student Aid Administration (Discretionary)c / Budget Authority,fiscal_year,2020,2020,2020,34,5
Student Loans,Budget Authority,2021,1812.0,Millions of dollars,51310-2020-03-studentloan.xlsx,Table 1,false,51310,Table 1. / Student Aid Administration / Student Aid Administration (Discretionary)c / Budget Authority,fiscal_year,2021,2021,2021,34,6
Student Loans,Budget Authority,2022,1856.0,Millions of dollars,51310-2020-03-studentloan.xlsx,Table 1,false,51310,Table 1. / Student Aid Administration / Student Aid Administration (Discretionary)c / Budget Authority,fiscal_year,2022,2022,2022,34,7
Student Loans,Budget Authority,2023,1900.0,Millions of dollars,51310-2020-03-studentloan.xlsx,Table 1,false,51310,Table 1. / Student Aid Administration / Student Aid Administration (Discretionary)c / Budget Authority,fiscal_year,2023,2023,2023,34,8
Student Loans,Budget Authority,2024,1945.0,Millions of dollars,51310-2020-03-studentloan.xlsx,Table 1,false,51310,Table 1. / Student Aid Administration / Student Aid Administration (Discretionary)c / Budget Authority,fiscal_year,2024,2024,2024,34,9
Student Loans,Budget Authority,2025,1991.0,Millions of dollars,51310-2020-03-studentloan.xlsx,Table 1,false,51310,Table 1. / Student Aid Administration / Student Aid Administration (Discretionary)c / Budget Authority,fiscal_year,2025,2025,2025,34,10
Student Loans,Budget Authority,2026,2036.0,Millions of dollars,51310-2020-03-studentloan.xlsx,Table 1,false,51310,Table 1. / Student Aid Administration / Student Aid Administration (Discretionary)c / Budget Authority,fiscal_year,2026,2026,2026,34,11
Student Loans,Budget Authority,2027,2083.0,Millions of dollars,51310-2020-03-studentloan.xlsx,Table 1,false,51310,Table 1. / Student Aid Administration / Student Aid Administration (Discretionary)c / Budget Authority,fiscal_year,2027,2027,2027,34,12
Student Loans,Budget Authority,2028,2130.0,Millions of dollars,51310-2020-03-studentloan.xlsx,Table 1,false,51310,Table 1. / Student Aid Administration / Student Aid Administration (Discretionary)c / Budget Authority,fiscal_year,2028,2028,2028,34,13
Student Loans,Budget Authority,2029,2177.0,Millions of dollars,51310-2020-03-studentloan.xlsx,Table 1,false,51310,Table 1. / Student Aid Administration / Student Aid Administration (Discretionary)c / Budget Authority,fiscal_year,2029,2029,2029,34,14
Student Loans,Budget Authority,2030,2226.0,Millions of dollars,51310-2020-03-studentloan.xlsx,Table 1,false,51310,Table 1. / Student Aid Administration / Student Aid Administration (Discretionary)c / Budget Authority,fiscal_year,2030,2030,2030,34,15
Student Loans,Outlays,2020,1723.0,Millions of dollars,51310-2020-03-studentloan.xlsx,Table 1,false,51310,Table 1. / Student Aid Administration / Student Aid Administration (Discretionary)c / Outlays,fiscal_year,2020,2020,2020,35,5
Student Loans,Outlays,2021,1779.0,Millions of dollars,51310-2020-03-studentloan.xlsx,Table 1,false,51310,Table 1. / Student Aid Administration / Student Aid Administration (Discretionary)c / Outlays,fiscal_year,2021,2021,2021,35,6
Student Loans,Outlays,2022,1826.0,Millions of dollars,51310-2020-03-studentloan.xlsx,Table 1,false,51310,Table 1. / Student Aid Administration / Student Aid Administration (Discretionary)c / Outlays,fiscal_year,2022,2022,2022,35,7
Student Loans,Outlays,2023,1872.0,Millions of dollars,51310-2020-03-studentloan.xlsx,Table 1,false,51310,Table 1. / Student Aid Administration / Student Aid Administration (Discretionary)c / Outlays,fiscal_year,2023,2023,2023,35,8
Student Loans,Outlays,2024,1916.0,Millions of dollars,51310-2020-03-studentloan.xlsx,Table 1,false,51310,Table 1. / Student Aid Administration / Student Aid Administration (Discretionary)c / Outlays,fiscal_year,2024,2024,2024,35,9
Student Loans,Outlays,2025,1962.0,Millions of dollars,51310-2020-03-studentloan.xlsx,Table 1,false,51310,Table 1. / Student Aid Administration / Student Aid Administration (Discretionary)c / Outlays,fiscal_year,2025,2025,2025,35,10
Student Loans,Outlays,2026,2007.0,Millions of dollars,51310-2020-03-studentloan.xlsx,Table 1,false,51310,Table 1. / Student Aid Administration / Student Aid Administration (Discretionary)c / Outlays,fiscal_year,2026,2026,2026,35,11
Student Loans,Outlays,2027,2053.0,Millions of dollars,51310-2020-03-studentloan.xlsx,Table 1,false,51310,Table 1. / Student Aid Administration / Student Aid Administration (Discretionary)c / Outlays,fiscal_year,2027,2027,2027,35,12
Student Loans,Outlays,2028,2100.0,Millions of dollars,51310-2020-03-studentloan.xlsx,Table 1,false,51310,Table 1. / Student Aid Administration / Student Aid Administration (Discretionary)c / Outlays,fiscal_year,2028,2028,2028,35,13
Student Loans,Outlays,2029,2147.0,Millions of dollars,51310-2020-03-studentloan.xlsx,Table 1,false,51310,Table 1. / Student Aid Administration / Student Aid Administration (Discretionary)c / Outlays,fiscal_year,2029,2029,2029,35,14
Student Loans,Outlays,2030,2195.0,Millions of dollars,51310-2020-03-studentloan.xlsx,Table 1,false,51310,Table 1. / Student Aid Administration / Student Aid Administration (Discretionary)c / Outlays,fiscal_year,2030,2030,2030,35,15
Student Loans,Budget Authority,2020,1304.0,Millions of dollars,51310-2020-03-studentloan.xlsx,Table 1,false,51310,Table 1. / Student Aid Administration / Student Aid Administration (Mandatory)d / Budget Authority,fiscal_year,2020,2020,2020,37,5
Student Loans,Budget Authority,2021,1326.0,Millions of dollars,51310-2020-03-studentloan.xlsx,Table 1,false,51310,Table 1. / Student Aid Administration / Student Aid Administration (Mandatory)d / Budget Authority,fiscal_year,2021,2021,2021,37,6
Student Loans,Budget Authority,2022,1356.0,Millions of dollars,51310-2020-03-studentloan.xlsx,Table 1,false,51310,Table 1. / Student Aid Administration / Student Aid Administration (Mandatory)d / Budget Authority,fiscal_year,2022,2022,2022,37,7
Student Loans,Budget Authority,2023,1395.0,Millions of dollars,51310-2020-03-studentloan.xlsx,Table 1,false,51310,Table 1. / Student Aid Administration / Student Aid Administration (Mandatory)d / Budget Authority,fiscal_year,2023,2023,2023,37,8
Student Loans,Budget Authority,2024,1441.0,Millions of dollars,51310-2020-03-studentloan.xlsx,Table 1,false,51310,Table 1. / Student Aid Administration / Student Aid Administration (Mandatory)d / Budget Authority,fiscal_year,2024,2024,2024,37,9
Student Loans,Budget Authority,2025,1478.0,Millions of dollars,51310-2020-03-studentloan.xlsx,Table 1,false,51310,Table 1. / Student Aid Administration / Student Aid Administration (Mandatory)d / Budget Authority,fiscal_year,2025,2025,2025,37,10
Student Loans,Budget Authority,2026,1506.0,Millions of dollars,51310-2020-03-studentloan.xlsx,Table 1,false,51310,Table 1. / Student Aid Administration / Student Aid Administration (Mandatory)d / Budget Authority,fiscal_year,2026,2026,2026,37,11
Student Loans,Budget Authority,2027,1534.0,Millions of dollars,51310-2020-03-studentloan.xlsx,Table 1,false,51310,Table 1. / Student Aid Administration / Student Aid Administration (Mandatory)d / Budget Authority,fiscal_year,2027,2027,2027,37,12
Student Loans,Budget Authority,2028,1562.0,Millions of dollars,51310-2020-03-studentloan.xlsx,Table 1,false,51310,Table 1. / Student Aid Administration / Student Aid Administration (Mandatory)d / Budget Authority,fiscal_year,2028,2028,2028,37,13
Student Loans,Budget Authority,2029,1591.0,Millions of dollars,51310-2020-03-studentloan.xlsx,Table 1,false,51310,Table 1. / Student Aid Administration / Student Aid Administration (Mandatory)d / Budget Authority,fiscal_year,2029,2029,2029,37,14
Student Loans,Budget Authority,2030,1621.0,Millions of dollars,51310-2020-03-studentloan.xlsx,Table 1,false,51310,Table 1. / Student Aid Administration / Student Aid Administration (Mandatory)d / Budget Authority,fiscal_year,2030,2030,2030,37,15
Student Loans,Outlays,2020,1285.0,Millions of dollars,51310-2020-03-studentloan.xlsx,Table 1,false,51310,Table 1. / Student Aid Administration / Student Aid Administration (Mandatory)d / Outlays,fiscal_year,2020,2020,2020,38,5
Student Loans,Outlays,2021,1320.0,Millions of dollars,51310-2020-03-studentloan.xlsx,Table 1,false,51310,Table 1. / Student Aid Administration / Student Aid Administration (Mandatory)d / Outlays,fiscal_year,2021,2021,2021,38,6
Student Loans,Outlays,2022,1348.0,Millions of dollars,51310-2020-03-studentloan.xlsx,Table 1,false,51310,Table 1. / Student Aid Administration / Student Aid Administration (Mandatory)d / Outlays,fiscal_year,2022,2022,2022,38,7
Student Loans,Outlays,2023,1385.0,Millions of dollars,51310-2020-03-studentloan.xlsx,Table 1,false,51310,Table 1. / Student Aid Administration / Student Aid Administration (Mandatory)d / Outlays,fiscal_year,2023,2023,2023,38,8
Student Loans,Outlays,2024,1430.0,Millions of dollars,51310-2020-03-studentloan.xlsx,Table 1,false,51310,Table 1. / Student Aid Administration / Student Aid Administration (Mandatory)d / Outlays,fiscal_year,2024,2024,2024,38,9
Student Loans,Outlays,2025,1469.0,Millions of dollars,51310-2020-03-studentloan.xlsx,Table 1,false,51310,Table 1. / Student Aid Administration / Student Aid Administration (Mandatory)d / Outlays,fiscal_year,2025,2025,2025,38,10
Student Loans,Outlays,2026,1499.0,Millions of dollars,51310-2020-03-studentloan.xlsx,Table 1,false,51310,Table 1. / Student Aid Administration / Student Aid Administration (Mandatory)d / Outlays,fiscal_year,2026,2026,2026,38,11
Student Loans,Outlays,2027,1527.0,Millions of dollars,51310-2020-03-studentloan.xlsx,Table 1,false,51310,Table 1. / Student Aid Administration / Student Aid Administration (Mandatory)d / Outlays,fiscal_year,2027,2027,2027,38,12
Student Loans,Outlays,2028,1555.0,Millions of dollars,51310-2020-03-studentloan.xlsx,Table 1,false,51310,Table 1. / Student Aid Administration / Student Aid Administration (Mandatory)d / Outlays,fiscal_year,2028,2028,2028,38,13
Student Loans,Outlays,2029,1584.0,Millions of dollars,51310-2020-03-studentloan.xlsx,Table 1,false,51310,Table 1. / Student Aid Administration / Student Aid Administration (Mandatory)d / Outlays,fiscal_year,2029,2029,2029,38,14
Student Loans,Outlays,2030,1613.0,Millions of dollars,51310-2020-03-studentloan.xlsx,Table 1,false,51310,Table 1. / Student Aid Administration / Student Aid Administration (Mandatory)d / Outlays,fiscal_year,2030,2030,2030,38,15
Student Loans,Budget Authority,2020,3073.0,Millions of dollars,51310-2020-03-studentloan.xlsx,Table 1,true,51310,"Table 1. / Student Aid Administration / Subtotal, Student Aid Administration / Budget Authority",fiscal_year,2020,2020,2020,40,5
Student Loans,Budget Authority,2021,3138.0,Millions of dollars,51310-2020-03-studentloan.xlsx,Table 1,true,51310,"Table 1. / Student Aid Administration / Subtotal, Student Aid Administration / Budget Authority",fiscal_year,2021,2021,2021,40,6
Student Loans,Budget Authority,2022,3212.0,Millions of dollars,51310-2020-03-studentloan.xlsx,Table 1,true,51310,"Table 1. / Student Aid Administration / Subtotal, Student Aid Administration / Budget Authority",fiscal_year,2022,2022,2022,40,7
Student Loans,Budget Authority,2023,3295.0,Millions of dollars,51310-2020-03-studentloan.xlsx,Table 1,true,51310,"Table 1. / Student Aid Administration / Subtotal, Student Aid Administration / Budget Authority",fiscal_year,2023,2023,2023,40,8
Student Loans,Budget Authority,2024,3386.0,Millions of dollars,51310-2020-03-studentloan.xlsx,Table 1,true,51310,"Table 1. / Student Aid Administration / Subtotal, Student Aid Administration / Budget Authority",fiscal_year,2024,2024,2024,40,9
Student Loans,Budget Authority,2025,3469.0,Millions of dollars,51310-2020-03-studentloan.xlsx,Table 1,true,51310,"Table 1. / Student Aid Administration / Subtotal, Student Aid Administration / Budget Authority",fiscal_year,2025,2025,2025,40,10
Student Loans,Budget Authority,2026,3542.0,Millions of dollars,51310-2020-03-studentloan.xlsx,Table 1,true,51310,"Table 1. / Student Aid Administration / Subtotal, Student Aid Administration / Budget Authority",fiscal_year,2026,2026,2026,40,11
Student Loans,Budget Authority,2027,3617.0,Millions of dollars,51310-2020-03-studentloan.xlsx,Table 1,true,51310,"Table 1. / Student Aid Administration / Subtotal, Student Aid Administration / Budget Authority",fiscal_year,2027,2027,2027,40,12
Student Loans,Budget Authority,2028,3692.0,Millions of dollars,51310-2020-03-studentloan.xlsx,Table 1,true,51310,"Table 1. / Student Aid Administration / Subtotal, Student Aid Administration / Budget Authority",fiscal_year,2028,2028,2028,40,13
Student Loans,Budget Authority,2029,3768.0,Millions of dollars,51310-2020-03-studentloan.xlsx,Table 1,true,51310,"Table 1. / Student Aid Administration / Subtotal, Student Aid Administration / Budget Authority",fiscal_year,2029,2029,2029,40,14
Student Loans,Budget Authority,2030,3847.0,Millions of dollars,51310-2020-03-studentloan.xlsx,Table 1,true,51310,"Table 1. / Student Aid Administration / Subtotal, Student Aid Administration / Budget Authority",fiscal_year,2030,2030,2030,40,15
Student Loans,Outlays,2020,3008.0,Millions of dollars,51310-2020-03-studentloan.xlsx,Table 1,true,51310,"Table 1. / Student Aid Administration / Subtotal, Student Aid Administration / Outlays",fiscal_year,2020,2020,2020,41,5
Student Loans,Outlays,2021,3099.0,Millions of dollars,51310-2020-03-studentloan.xlsx,Table 1,true,51310,"Table 1. / Student Aid Administration / Subtotal, Student Aid Administration / Outlays",fiscal_year,2021,2021,2021,41,6
Student Loans,Outlays,2022,3174.0,Millions of dollars,51310-2020-03-studentloan.xlsx,Table 1,true,51310,"Table 1. / Student Aid Administration / Subtotal, Student Aid Administration / Outlays",fiscal_year,2022,2022,2022,41,7
Student Loans,Outlays,2023,3257.0,Millions of dollars,51310-2020-03-studentloan.xlsx,Table 1,true,51310,"Table 1. / Student Aid Administration / Subtotal, Student Aid Administration / Outlays",fiscal_year,2023,2023,2023,41,8
Student Loans,Outlays,2024,3346.0,Millions of dollars,51310-2020-03-studentloan.xlsx,Table 1,true,51310,"Table 1. / Student Aid Administration / Subtotal, Student Aid Administration / Outlays",fiscal_year,2024,2024,2024,41,9
Student Loans,Outlays,2025,3431.0,Millions of dollars,51310-2020-03-studentloan.xlsx,Table 1,true,51310,"Table 1. / Student Aid Administration / Subtotal, Student Aid Administration / Outlays",fiscal_year,2025,2025,2025,41,10
Student Loans,Outlays,2026,3506.0,Millions of dollars,51310-2020-03-studentloan.xlsx,Table 1,true,51310,"Table 1. / Student Aid Administration / Subtotal, Student Aid Administration / Outlays",fiscal_year,2026,2026,2026,41,11
Student Loans,Outlays,2027,3580.0,Millions of dollars,51310-2020-03-studentloan.xlsx,Table 1,true,51310,"Table 1. / Student Aid Administration / Subtotal, Student Aid Administration / Outlays",fiscal_year,2027,2027,2027,41,12
Student Loans,Outlays,2028,3655.0,Millions of dollars,51310-2020-03-studentloan.xlsx,Table 1,true,51310,"Table 1. / Student Aid Administration / Subtotal, Student Aid Administration / Outlays",fiscal_year,2028,2028,2028,41,13
Student Loans,Outlays,2029,3731.0,Millions of dollars,51310-2020-03-studentloan.xlsx,Table 1,true,51310,"Table 1. / Student Aid Administration / Subtotal, Student Aid Administration / Outlays",fiscal_year,2029,2029,2029,41,14
Student Loans,Outlays,2030,3808.0,Millions of dollars,51310-2020-03-studentloan.xlsx,Table 1,true,51310,"Table 1. / Student Aid Administration / Subtotal, Student Aid Administration / Outlays",fiscal_year,2030,2030,2030,41,15
Student Loans,Budget Authority,2020,79394.0,Millions of dollars,51310-2020-03-studentloan.xlsx,Table 1,true,51310,"Table 1. / Total Spending, Student Loans / Total Student Loans / Budget Authority",fiscal_year,2020,2020,2020,45,5
Student Loans,Budget Authority,2021,-415.0,Millions of dollars,51310-2020-03-studentloan.xlsx,Table 1,true,51310,"Table 1. / Total Spending, Student Loans / Total Student Loans / Budget Authority",fiscal_year,2021,2021,2021,45,6
Student Loans,Budget Authority,2022,42.0,Millions of dollars,51310-2020-03-studentloan.xlsx,Table 1,true,51310,"Table 1. / Total Spending, Student Loans / Total Student Loans / Budget Authority",fiscal_year,2022,2022,2022,45,7
Student Loans,Budget Authority,2023,513.0,Millions of dollars,51310-2020-03-studentloan.xlsx,Table 1,true,51310,"Table 1. / Total Spending, Student Loans / Total Student Loans / Budget Authority",fiscal_year,2023,2023,2023,45,8
Student Loans,Budget Authority,2024,582.0,Millions of dollars,51310-2020-03-studentloan.xlsx,Table 1,true,51310,"Table 1. / Total Spending, Student Loans / Total Student Loans / Budget Authority",fiscal_year,2024,2024,2024,45,9
Student Loans,Budget Authority,2025,257.0,Millions of dollars,51310-2020-03-studentloan.xlsx,Table 1,true,51310,"Table 1. / Total Spending, Student Loans / Total Student Loans / Budget Authority",fiscal_year,2025,2025,2025,45,10
Student Loans,Budget Authority,2026,365.0,Millions of dollars,51310-2020-03-studentloan.xlsx,Table 1,true,51310,"Table 1. / Total Spending, Student Loans / Total Student Loans / Budget Authority",fiscal_year,2026,2026,2026,45,11
Student Loans,Budget Authority,2027,-143.0,Millions of dollars,51310-2020-03-studentloan.xlsx,Table 1,true,51310,"Table 1. / Total Spending, Student Loans / Total Student Loans / Budget Authority",fiscal_year,2027,2027,2027,45,12
Student Loans,Budget Authority,2028,-323.0,Millions of dollars,51310-2020-03-studentloan.xlsx,Table 1,true,51310,"Table 1. / Total Spending, Student Loans / Total Student Loans / Budget Authority",fiscal_year,2028,2028,2028,45,13
Student Loans,Budget Authority,2029,-621.0,Millions of dollars,51310-2020-03-studentloan.xlsx,Table 1,true,51310,"Table 1. / Total Spending, Student Loans / Total Student Loans / Budget Authority",fiscal_year,2029,2029,2029,45,14
Student Loans,Budget Authority,2030,-405.0,Millions of dollars,51310-2020-03-studentloan.xlsx,Table 1,true,51310,"Table 1. / Total Spending, Student Loans / Total Student Loans / Budget Authority",fiscal_year,2030,2030,2030,45,15
Student Loans,Outlays,2020,79104.0,Millions of dollars,51310-2020-03-studentloan.xlsx,Table 1,true,51310,"Table 1. / Total Spending, Student Loans / Total Student Loans / Outlays",fiscal_year,2020,2020,2020,46,5
Student Loans,Outlays,2021,-783.0,Millions of dollars,51310-2020-03-studentloan.xlsx,Table 1,true,51310,"Table 1. / Total Spending, Student Loans / Total Student Loans / Outlays",fiscal_year,2021,2021,2021,46,6
Student Loans,Outlays,2022,44.0,Millions of dollars,51310-2020-03-studentloan.xlsx,Table 1,true,51310,"Table 1. / Total Spending, Student Loans / Total Student Loans / Outlays",fiscal_year,2022,2022,2022,46,7
Student Loans,Outlays,2023,481.0,Millions of dollars,51310-2020-03-studentloan.xlsx,Table 1,true,51310,"Table 1. / Total Spending, Student Loans / Total Student Loans / Outlays",fiscal_year,2023,2023,2023,46,8
Student Loans,Outlays,2024,693.0,Millions of dollars,51310-2020-03-studentloan.xlsx,Table 1,true,51310,"Table 1. / Total Spending, Student Loans / Total Student Loans / Outlays",fiscal_year,2024,2024,2024,46,9
Student Loans,Outlays,2025,553.0,Millions of dollars,51310-2020-03-studentloan.xlsx,Table 1,true,51310,"Table 1. / Total Spending, Student Loans / Total Student Loans / Outlays",fiscal_year,2025,2025,2025,46,10
Student Loans,Outlays,2026,528.0,Millions of dollars,51310-2020-03-studentloan.xlsx,Table 1,true,51310,"Table 1. / Total Spending, Student Loans / Total Student Loans / Outlays",fiscal_year,2026,2026,2026,46,11
Student Loans,Outlays,2027,282.0,Millions of dollars,51310-2020-03-studentloan.xlsx,Table 1,true,51310,"Table 1. / Total Spending, Student Loans / Total Student Loans / Outlays",fiscal_year,2027,2027,2027,46,12
Student Loans,Outlays,2028,35.0,Millions of dollars,51310-2020-03-studentloan.xlsx,Table 1,true,51310,"Table 1. / Total Spending, Student Loans / Total Student Loans / Outlays",fiscal_year,2028,2028,2028,46,13
Student Loans,Outlays,2029,-190.0,Millions of dollars,51310-2020-03-studentloan.xlsx,Table 1,true,51310,"Table 1. / Total Spending, Student Loans / Total Student Loans / Outlays",fiscal_year,2029,2029,2029,46,14
Student Loans,Outlays,2030,-148.0,Millions of dollars,51310-2020-03-studentloan.xlsx,Table 1,true,51310,"Table 1. / Total Spending, Student Loans / Total Student Loans / Outlays",fiscal_year,2030,2030,2030,46,15
Student Loans,Net Annual Loan Volume (Millions of dollars),2020,92310.0,Millions of dollars,51310-2020-03-studentloan.xlsx,Table 2,true,51310,By Fiscal Year / Total All New Loansa / Net Annual Loan Volume (Millions of dollars),fiscal_year,2020,2020,2020,11,6
Student Loans,Net Annual Loan Volume (Millions of dollars),2021,93366.0,Millions of dollars,51310-2020-03-studentloan.xlsx,Table 2,true,51310,By Fiscal Year / Total All New Loansa / Net Annual Loan Volume (Millions of dollars),fiscal_year,2021,2021,2021,11,7
Student Loans,Net Annual Loan Volume (Millions of dollars),2022,95470.0,Millions of dollars,51310-2020-03-studentloan.xlsx,Table 2,true,51310,By Fiscal Year / Total All New Loansa / Net Annual Loan Volume (Millions of dollars),fiscal_year,2022,2022,2022,11,8
Student Loans,Net Annual Loan Volume (Millions of dollars),2023,98445.0,Millions of dollars,51310-2020-03-studentloan.xlsx,Table 2,true,51310,By Fiscal Year / Total All New Loansa / Net Annual Loan Volume (Millions of dollars),fiscal_year,2023,2023,2023,11,9
Student Loans,Net Annual Loan Volume (Millions of dollars),2024,102115.0,Millions of dollars,51310-2020-03-studentloan.xlsx,Table 2,true,51310,By Fiscal Year / Total All New Loansa / Net Annual Loan Volume (Millions of dollars),fiscal_year,2024,2024,2024,11,10
Student Loans,Net Annual Loan Volume (Millions of dollars),2025,105958.0,Millions of dollars,51310-2020-03-studentloan.xlsx,Table 2,true,51310,By Fiscal Year / Total All New Loansa / Net Annual Loan Volume (Millions of dollars),fiscal_year,2025,2025,2025,11,11
Student Loans,Net Annual Loan Volume (Millions of dollars),2026,110039.0,Millions of dollars,51310-2020-03-studentloan.xlsx,Table 2,true,51310,By Fiscal Year / Total All New Loansa / Net Annual Loan Volume (Millions of dollars),fiscal_year,2026,2026,2026,11,12
Student Loans,Net Annual Loan Volume (Millions of dollars),2027,113537.0,Millions of dollars,51310-2020-03-studentloan.xlsx,Table 2,true,51310,By Fiscal Year / Total All New Loansa / Net Annual Loan Volume (Millions of dollars),fiscal_year,2027,2027,2027,11,13
Student Loans,Net Annual Loan Volume (Millions of dollars),2028,116595.0,Millions of dollars,51310-2020-03-studentloan.xlsx,Table 2,true,51310,By Fiscal Year / Total All New Loansa / Net Annual Loan Volume (Millions of dollars),fiscal_year,2028,2028,2028,11,14
Student Loans,Net Annual Loan Volume (Millions of dollars),2029,119720.0,Millions of dollars,51310-2020-03-studentloan.xlsx,Table 2,true,51310,By Fiscal Year / Total All New Loansa / Net Annual Loan Volume (Millions of dollars),fiscal_year,2029,2029,2029,11,15
Student Loans,Net Annual Loan Volume (Millions of dollars),2030,122763.0,Millions of dollars,51310-2020-03-studentloan.xlsx,Table 2,true,51310,By Fiscal Year / Total All New Loansa / Net Annual Loan Volume (Millions of dollars),fiscal_year,2030,2030,2030,11,16
Student Loans,Net Number of Loans (Thousands),2020,15183.0,Thousands,51310-2020-03-studentloan.xlsx,Table 2,true,51310,By Fiscal Year / Total All New Loansa / Net Number of Loans (Thousands),fiscal_year,2020,2020,2020,12,6
Student Loans,Net Number of Loans (Thousands),2021,15161.0,Thousands,51310-2020-03-studentloan.xlsx,Table 2,true,51310,By Fiscal Year / Total All New Loansa / Net Number of Loans (Thousands),fiscal_year,2021,2021,2021,12,7
Student Loans,Net Number of Loans (Thousands),2022,15241.0,Thousands,51310-2020-03-studentloan.xlsx,Table 2,true,51310,By Fiscal Year / Total All New Loansa / Net Number of Loans (Thousands),fiscal_year,2022,2022,2022,12,8
Student Loans,Net Number of Loans (Thousands),2023,15556.0,Thousands,51310-2020-03-studentloan.xlsx,Table 2,true,51310,By Fiscal Year / Total All New Loansa / Net Number of Loans (Thousands),fiscal_year,2023,2023,2023,12,9
Student Loans,Net Number of Loans (Thousands),2024,16033.0,Thousands,51310-2020-03-studentloan.xlsx,Table 2,true,51310,By Fiscal Year / Total All New Loansa / Net Number of Loans (Thousands),fiscal_year,2024,2024,2024,12,10
Student Loans,Net Number of Loans (Thousands),2025,16518.0,Thousands,51310-2020-03-studentloan.xlsx,Table 2,true,51310,By Fiscal Year / Total All New Loansa / Net Number of Loans (Thousands),fiscal_year,2025,2025,2025,12,11
Student Loans,Net Number of Loans (Thousands),2026,17049.0,Thousands,51310-2020-03-studentloan.xlsx,Table 2,true,51310,By Fiscal Year / Total All New Loansa / Net Number of Loans (Thousands),fiscal_year,2026,2026,2026,12,12
Student Loans,Net Number of Loans (Thousands),2027,17399.0,Thousands,51310-2020-03-studentloan.xlsx,Table 2,true,51310,By Fiscal Year / Total All New Loansa / Net Number of Loans (Thousands),fiscal_year,2027,2027,2027,12,13
Student Loans,Net Number of Loans (Thousands),2028,17611.0,Thousands,51310-2020-03-studentloan.xlsx,Table 2,true,51310,By Fiscal Year / Total All New Loansa / Net Number of Loans (Thousands),fiscal_year,2028,2028,2028,12,14
Student Loans,Net Number of Loans (Thousands),2029,17826.0,Thousands,51310-2020-03-studentloan.xlsx,Table 2,true,51310,By Fiscal Year / Total All New Loansa / Net Number of Loans (Thousands),fiscal_year,2029,2029,2029,12,15
Student Loans,Net Number of Loans (Thousands),2030,18036.0,Thousands,51310-2020-03-studentloan.xlsx,Table 2,true,51310,By Fiscal Year / Total All New Loansa / Net Number of Loans (Thousands),fiscal_year,2030,2030,2030,12,16
Student Loans,Average Loan Amount (Dollars),2020,6080.0,Dollars,51310-2020-03-studentloan.xlsx,Table 2,true,51310,By Fiscal Year / Total All New Loansa / Average Loan Amount (Dollars),fiscal_year,2020,2020,2020,13,6
Student Loans,Average Loan Amount (Dollars),2021,6158.0,Dollars,51310-2020-03-studentloan.xlsx,Table 2,true,51310,By Fiscal Year / Total All New Loansa / Average Loan Amount (Dollars),fiscal_year,2021,2021,2021,13,7
Student Loans,Average Loan Amount (Dollars),2022,6264.0,Dollars,51310-2020-03-studentloan.xlsx,Table 2,true,51310,By Fiscal Year / Total All New Loansa / Average Loan Amount (Dollars),fiscal_year,2022,2022,2022,13,8
Student Loans,Average Loan Amount (Dollars),2023,6328.0,Dollars,51310-2020-03-studentloan.xlsx,Table 2,true,51310,By Fiscal Year / Total All New Loansa / Average Loan Amount (Dollars),fiscal_year,2023,2023,2023,13,9
Student Loans,Average Loan Amount (Dollars),2024,6369.0,Dollars,51310-2020-03-studentloan.xlsx,Table 2,true,51310,By Fiscal Year / Total All New Loansa / Average Loan Amount (Dollars),fiscal_year,2024,2024,2024,13,10
Student Loans,Average Loan Amount (Dollars),2025,6415.0,Dollars,51310-2020-03-studentloan.xlsx,Table 2,true,51310,By Fiscal Year / Total All New Loansa / Average Loan Amount (Dollars),fiscal_year,2025,2025,2025,13,11
Student Loans,Average Loan Amount (Dollars),2026,6454.0,Dollars,51310-2020-03-studentloan.xlsx,Table 2,true,51310,By Fiscal Year / Total All New Loansa / Average Loan Amount (Dollars),fiscal_year,2026,2026,2026,13,12
Student Loans,Average Loan Amount (Dollars),2027,6526.0,Dollars,51310-2020-03-studentloan.xlsx,Table 2,true,51310,By Fiscal Year / Total All New Loansa / Average Loan Amount (Dollars),fiscal_year,2027,2027,2027,13,13
Student Loans,Average Loan Amount (Dollars),2028,6620.0,Dollars,51310-2020-03-studentloan.xlsx,Table 2,true,51310,By Fiscal Year / Total All New Loansa / Average Loan Amount (Dollars),fiscal_year,2028,2028,2028,13,14
Student Loans,Average Loan Amount (Dollars),2029,6716.0,Dollars,51310-2020-03-studentloan.xlsx,Table 2,true,51310,By Fiscal Year / Total All New Loansa / Average Loan Amount (Dollars),fiscal_year,2029,2029,2029,13,15
Student Loans,Average Loan Amount (Dollars),2030,6807.0,Dollars,51310-2020-03-studentloan.xlsx,Table 2,true,51310,By Fiscal Year / Total All New Loansa / Average Loan Amount (Dollars),fiscal_year,2030,2030,2030,13,16
Student Loans,Subsidy Rate (Percent)b,2020,-5.14,Percent,51310-2020-03-studentloan.xlsx,Table 2,true,51310,By Fiscal Year / Total All New Loansa / Subsidy Rate (Percent)b,fiscal_year,2020,2020,2020,15,6
Student Loans,Subsidy Rate (Percent)b,2021,-3.49,Percent,51310-2020-03-studentloan.xlsx,Table 2,true,51310,By Fiscal Year / Total All New Loansa / Subsidy Rate (Percent)b,fiscal_year,2021,2021,2021,15,7
Student Loans,Subsidy Rate (Percent)b,2022,-3.06,Percent,51310-2020-03-studentloan.xlsx,Table 2,true,51310,By Fiscal Year / Total All New Loansa / Subsidy Rate (Percent)b,fiscal_year,2022,2022,2022,15,8
Student Loans,Subsidy Rate (Percent)b,2023,-2.62,Percent,51310-2020-03-studentloan.xlsx,Table 2,true,51310,By Fiscal Year / Total All New Loansa / Subsidy Rate (Percent)b,fiscal_year,2023,2023,2023,15,9
Student Loans,Subsidy Rate (Percent)b,2024,-2.54,Percent,51310-2020-03-studentloan.xlsx,Table 2,true,51310,By Fiscal Year / Total All New Loansa / Subsidy Rate (Percent)b,fiscal_year,2024,2024,2024,15,10
Student Loans,Subsidy Rate (Percent)b,2025,-2.79,Percent,51310-2020-03-studentloan.xlsx,Table 2,true,51310,By Fiscal Year / Total All New Loansa / Subsidy Rate (Percent)b,fiscal_year,2025,2025,2025,15,11
Student Loans,Subsidy Rate (Percent)b,2026,-2.66,Percent,51310-2020-03-studentloan.xlsx,Table 2,true,51310,By Fiscal Year / Total All New Loansa / Subsidy Rate (Percent)b,fiscal_year,2026,2026,2026,15,12
Student Loans,Subsidy Rate (Percent)b,2027,-3.04,Percent,51310-2020-03-studentloan.xlsx,Table 2,true,51310,By Fiscal Year / Total All New Loansa / Subsidy Rate (Percent)b,fiscal_year,2027,2027,2027,15,13
Student Loans,Subsidy Rate (Percent)b,2028,-3.15,Percent,51310-2020-03-studentloan.xlsx,Table 2,true,51310,By Fiscal Year / Total All New Loansa / Subsidy Rate (Percent)b,fiscal_year,2028,2028,2028,15,14
Student Loans,Subsidy Rate (Percent)b,2029,-3.35,Percent,51310-2020-03-studentloan.xlsx,Table 2,true,51310,By Fiscal Year / Total All New Loansa / Subsidy Rate (Percent)b,fiscal_year,2029,2029,2029,15,15
Student Loans,Subsidy Rate (Percent)b,2030,-3.16,Percent,51310-2020-03-studentloan.xlsx,Table 2,true,51310,By Fiscal Year / Total All New Loansa / Subsidy Rate (Percent)b,fiscal_year,2030,2030,2030,15,16
Student Loans,Net Annual Loan Volume (Millions of dollars),2020,19306.0,Millions of dollars,51310-2020-03-studentloan.xlsx,Table 2,false,51310,By Fiscal Year / Subsidized Student Loans / Net Annual Loan Volume (Millions of dollars),fiscal_year,2020,2020,2020,19,6
Student Loans,Net Annual Loan Volume (Millions of dollars),2021,19307.0,Millions of dollars,51310-2020-03-studentloan.xlsx,Table 2,false,51310,By Fiscal Year / Subsidized Student Loans / Net Annual Loan Volume (Millions of dollars),fiscal_year,2021,2021,2021,19,7
Student Loans,Net Annual Loan Volume (Millions of dollars),2022,19472.0,Millions of dollars,51310-2020-03-studentloan.xlsx,Table 2,false,51310,By Fiscal Year / Subsidized Student Loans / Net Annual Loan Volume (Millions of dollars),fiscal_year,2022,2022,2022,19,8
Student Loans,Net Annual Loan Volume (Millions of dollars),2023,19863.0,Millions of dollars,51310-2020-03-studentloan.xlsx,Table 2,false,51310,By Fiscal Year / Subsidized Student Loans / Net Annual Loan Volume (Millions of dollars),fiscal_year,2023,2023,2023,19,9
Student Loans,Net Annual Loan Volume (Millions of dollars),2024,20682.0,Millions of dollars,51310-2020-03-studentloan.xlsx,Table 2,false,51310,By Fiscal Year / Subsidized Student Loans / Net Annual Loan Volume (Millions of dollars),fiscal_year,2024,2024,2024,19,10
Student Loans,Net Annual Loan Volume (Millions of dollars),2025,21540.0,Millions of dollars,51310-2020-03-studentloan.xlsx,Table 2,false,51310,By Fiscal Year / Subsidized Student Loans / Net Annual Loan Volume (Millions of dollars),fiscal_year,2025,2025,2025,19,11
Student Loans,Net Annual Loan Volume (Millions of dollars),2026,22542.0,Millions of dollars,51310-2020-03-studentloan.xlsx,Table 2,false,51310,By Fiscal Year / Subsidized Student Loans / Net Annual Loan Volume (Millions of dollars),fiscal_year,2026,2026,2026,19,12
Student Loans,Net Annual Loan Volume (Millions of dollars),2027,23136.0,Millions of dollars,51310-2020-03-studentloan.xlsx,Table 2,false,51310,By Fiscal Year / Subsidized Student Loans / Net Annual Loan Volume (Millions of dollars),fiscal_year,2027,2027,2027,19,13
Student Loans,Net Annual Loan Volume (Millions of dollars),2028,23511.0,Millions of dollars,51310-2020-03-studentloan.xlsx,Table 2,false,51310,By Fiscal Year / Subsidized Student Loans / Net Annual Loan Volume (Millions of dollars),fiscal_year,2028,2028,2028,19,14
Student Loans,Net Annual Loan Volume (Millions of dollars),2029,23893.0,Millions of dollars,51310-2020-03-studentloan.xlsx,Table 2,false,51310,By Fiscal Year / Subsidized Student Loans / Net Annual Loan Volume (Millions of dollars),fiscal_year,2029,2029,2029,19,15
Student Loans,Net Annual Loan Volume (Millions of dollars),2030,24281.0,Millions of dollars,51310-2020-03-studentloan.xlsx,Table 2,false,51310,By Fiscal Year / Subsidized Student Loans / Net Annual Loan Volume (Millions of dollars),fiscal_year,2030,2030,2030,19,16
Student Loans,Net Number of Loans (Thousands),2020,5741.0,Thousands,51310-2020-03-studentloan.xlsx,Table 2,false,51310,By Fiscal Year / Subsidized Student Loans / Net Number of Loans (Thousands),fiscal_year,2020,2020,2020,20,6
Student Loans,Net Number of Loans (Thousands),2021,5685.0,Thousands,51310-2020-03-studentloan.xlsx,Table 2,false,51310,By Fiscal Year / Subsidized Student Loans / Net Number of Loans (Thousands),fiscal_year,2021,2021,2021,20,7
Student Loans,Net Number of Loans (Thousands),2022,5676.0,Thousands,51310-2020-03-studentloan.xlsx,Table 2,false,51310,By Fiscal Year / Subsidized Student Loans / Net Number of Loans (Thousands),fiscal_year,2022,2022,2022,20,8
Student Loans,Net Number of Loans (Thousands),2023,5733.0,Thousands,51310-2020-03-studentloan.xlsx,Table 2,false,51310,By Fiscal Year / Subsidized Student Loans / Net Number of Loans (Thousands),fiscal_year,2023,2023,2023,20,9
Student Loans,Net Number of Loans (Thousands),2024,5910.0,Thousands,51310-2020-03-studentloan.xlsx,Table 2,false,51310,By Fiscal Year / Subsidized Student Loans / Net Number of Loans (Thousands),fiscal_year,2024,2024,2024,20,10
Student Loans,Net Number of Loans (Thousands),2025,6095.0,Thousands,51310-2020-03-studentloan.xlsx,Table 2,false,51310,By Fiscal Year / Subsidized Student Loans / Net Number of Loans (Thousands),fiscal_year,2025,2025,2025,20,11
Student Loans,Net Number of Loans (Thousands),2026,6315.0,Thousands,51310-2020-03-studentloan.xlsx,Table 2,false,51310,By Fiscal Year / Subsidized Student Loans / Net Number of Loans (Thousands),fiscal_year,2026,2026,2026,20,12
Student Loans,Net Number of Loans (Thousands),2027,6417.0,Thousands,51310-2020-03-studentloan.xlsx,Table 2,false,51310,By Fiscal Year / Subsidized Student Loans / Net Number of Loans (Thousands),fiscal_year,2027,2027,2027,20,13
Student Loans,Net Number of Loans (Thousands),2028,6457.0,Thousands,51310-2020-03-studentloan.xlsx,Table 2,false,51310,By Fiscal Year / Subsidized Student Loans / Net Number of Loans (Thousands),fiscal_year,2028,2028,2028,20,14
Student Loans,Net Number of Loans (Thousands),2029,6497.0,Thousands,51310-2020-03-studentloan.xlsx,Table 2,false,51310,By Fiscal Year / Subsidized Student Loans / Net Number of Loans (Thousands),fiscal_year,2029,2029,2029,20,15
Student Loans,Net Number of Loans (Thousands),2030,6537.0,Thousands,51310-2020-03-studentloan.xlsx,Table 2,false,51310,By Fiscal Year / Subsidized Student Loans / Net Number of Loans (Thousands),fiscal_year,2030,2030,2030,20,16
Student Loans,Average Loan Amount (Dollars),2020,3363.0,Dollars,51310-2020-03-studentloan.xlsx,Table 2,false,51310,By Fiscal Year / Subsidized Student Loans / Average Loan Amount (Dollars),fiscal_year,2020,2020,2020,21,6
Student Loans,Average Loan Amount (Dollars),2021,3396.0,Dollars,51310-2020-03-studentloan.xlsx,Table 2,false,51310,By Fiscal Year / Subsidized Student Loans / Average Loan Amount (Dollars),fiscal_year,2021,2021,2021,21,7
Student Loans,Average Loan Amount (Dollars),2022,3430.0,Dollars,51310-2020-03-studentloan.xlsx,Table 2,false,51310,By Fiscal Year / Subsidized Student Loans / Average Loan Amount (Dollars),fiscal_year,2022,2022,2022,21,8
Student Loans,Average Loan Amount (Dollars),2023,3465.0,Dollars,51310-2020-03-studentloan.xlsx,Table 2,false,51310,By Fiscal Year / Subsidized Student Loans / Average Loan Amount (Dollars),fiscal_year,2023,2023,2023,21,9
Student Loans,Average Loan Amount (Dollars),2024,3499.0,Dollars,51310-2020-03-studentloan.xlsx,Table 2,false,51310,By Fiscal Year / Subsidized Student Loans / Average Loan Amount (Dollars),fiscal_year,2024,2024,2024,21,10
Student Loans,Average Loan Amount (Dollars),2025,3534.0,Dollars,51310-2020-03-studentloan.xlsx,Table 2,false,51310,By Fiscal Year / Subsidized Student Loans / Average Loan Amount (Dollars),fiscal_year,2025,2025,2025,21,11
Student Loans,Average Loan Amount (Dollars),2026,3570.0,Dollars,51310-2020-03-studentloan.xlsx,Table 2,false,51310,By Fiscal Year / Subsidized Student Loans / Average Loan Amount (Dollars),fiscal_year,2026,2026,2026,21,12
Student Loans,Average Loan Amount (Dollars),2027,3605.0,Dollars,51310-2020-03-studentloan.xlsx,Table 2,false,51310,By Fiscal Year / Subsidized Student Loans / Average Loan Amount (Dollars),fiscal_year,2027,2027,2027,21,13
Student Loans,Average Loan Amount (Dollars),2028,3641.0,Dollars,51310-2020-03-studentloan.xlsx,Table 2,false,51310,By Fiscal Year / Subsidized Student Loans / Average Loan Amount (Dollars),fiscal_year,2028,2028,2028,21,14
Student Loans,Average Loan Amount (Dollars),2029,3678.0,Dollars,51310-2020-03-studentloan.xlsx,Table 2,false,51310,By Fiscal Year / Subsidized Student Loans / Average Loan Amount (Dollars),fiscal_year,2029,2029,2029,21,15
Student Loans,Average Loan Amount (Dollars),2030,3715.0,Dollars,51310-2020-03-studentloan.xlsx,Table 2,false,51310,By Fiscal Year / Subsidized Student Loans / Average Loan Amount (Dollars),fiscal_year,2030,2030,2030,21,16
Student Loans,Subsidy Rate (Percent)b,2020,7.51,Percent,51310-2020-03-studentloan.xlsx,Table 2,false,51310,By Fiscal Year / Subsidized Student Loans / Subsidy Rate (Percent)b,fiscal_year,2020,2020,2020,23,6
Student Loans,Subsidy Rate (Percent)b,2021,9.15,Percent,51310-2020-03-studentloan.xlsx,Table 2,false,51310,By Fiscal Year / Subsidized Student Loans / Subsidy Rate (Percent)b,fiscal_year,2021,2021,2021,23,7
Student Loans,Subsidy Rate (Percent)b,2022,10.23,Percent,51310-2020-03-studentloan.xlsx,Table 2,false,51310,By Fiscal Year / Subsidized Student Loans / Subsidy Rate (Percent)b,fiscal_year,2022,2022,2022,23,8
Student Loans,Subsidy Rate (Percent)b,2023,10.77,Percent,51310-2020-03-studentloan.xlsx,Table 2,false,51310,By Fiscal Year / Subsidized Student Loans / Subsidy Rate (Percent)b,fiscal_year,2023,2023,2023,23,9
Student Loans,Subsidy Rate (Percent)b,2024,10.64,Percent,51310-2020-03-studentloan.xlsx,Table 2,false,51310,By Fiscal Year / Subsidized Student Loans / Subsidy Rate (Percent)b,fiscal_year,2024,2024,2024,23,10
Student Loans,Subsidy Rate (Percent)b,2025,10.61,Percent,51310-2020-03-studentloan.xlsx,Table 2,false,51310,By Fiscal Year / Subsidized Student Loans / Subsidy Rate (Percent)b,fiscal_year,2025,2025,2025,23,11
Student Loans,Subsidy Rate (Percent)b,2026,10.58,Percent,51310-2020-03-studentloan.xlsx,Table 2,false,51310,By Fiscal Year / Subsidized Student Loans / Subsidy Rate (Percent)b,fiscal_year,2026,2026,2026,23,12
Student Loans,Subsidy Rate (Percent)b,2027,10.4,Percent,51310-2020-03-studentloan.xlsx,Table 2,false,51310,By Fiscal Year / Subsidized Student Loans / Subsidy Rate (Percent)b,fiscal_year,2027,2027,2027,23,13
Student Loans,Subsidy Rate (Percent)b,2028,10.43,Percent,51310-2020-03-studentloan.xlsx,Table 2,false,51310,By Fiscal Year / Subsidized Student Loans / Subsidy Rate (Percent)b,fiscal_year,2028,2028,2028,23,14
Student Loans,Subsidy Rate (Percent)b,2029,10.41,Percent,51310-2020-03-studentloan.xlsx,Table 2,false,51310,By Fiscal Year / Subsidized Student Loans / Subsidy Rate (Percent)b,fiscal_year,2029,2029,2029,23,15
Student Loans,Subsidy Rate (Percent)b,2030,10.45,Percent,51310-2020-03-studentloan.xlsx,Table 2,false,51310,By Fiscal Year / Subsidized Student Loans / Subsidy Rate (Percent)b,fiscal_year,2030,2030,2030,23,16
Student Loans,Net Annual Loan Volume (Millions of dollars),2020,21464.0,Millions of dollars,51310-2020-03-studentloan.xlsx,Table 2,false,51310,By Fiscal Year / Unsubsidized Student Loans: Undergraduate / Net Annual Loan Volume (Millions of dollars),fiscal_year,2020,2020,2020,27,6
Student Loans,Net Annual Loan Volume (Millions of dollars),2021,21715.0,Millions of dollars,51310-2020-03-studentloan.xlsx,Table 2,false,51310,By Fiscal Year / Unsubsidized Student Loans: Undergraduate / Net Annual Loan Volume (Millions of dollars),fiscal_year,2021,2021,2021,27,7
Student Loans,Net Annual Loan Volume (Millions of dollars),2022,22087.0,Millions of dollars,51310-2020-03-studentloan.xlsx,Table 2,false,51310,By Fiscal Year / Unsubsidized Student Loans: Undergraduate / Net Annual Loan Volume (Millions of dollars),fiscal_year,2022,2022,2022,27,8
Student Loans,Net Annual Loan Volume (Millions of dollars),2023,23081.0,Millions of dollars,51310-2020-03-studentloan.xlsx,Table 2,false,51310,By Fiscal Year / Unsubsidized Student Loans: Undergraduate / Net Annual Loan Volume (Millions of dollars),fiscal_year,2023,2023,2023,27,9
Student Loans,Net Annual Loan Volume (Millions of dollars),2024,24218.0,Millions of dollars,51310-2020-03-studentloan.xlsx,Table 2,false,51310,By Fiscal Year / Unsubsidized Student Loans: Undergraduate / Net Annual Loan Volume (Millions of dollars),fiscal_year,2024,2024,2024,27,10
Student Loans,Net Annual Loan Volume (Millions of dollars),2025,25370.0,Millions of dollars,51310-2020-03-studentloan.xlsx,Table 2,false,51310,By Fiscal Year / Unsubsidized Student Loans: Undergraduate / Net Annual Loan Volume (Millions of dollars),fiscal_year,2025,2025,2025,27,11
Student Loans,Net Annual Loan Volume (Millions of dollars),2026,26576.0,Millions of dollars,51310-2020-03-studentloan.xlsx,Table 2,false,51310,By Fiscal Year / Unsubsidized Student Loans: Undergraduate / Net Annual Loan Volume (Millions of dollars),fiscal_year,2026,2026,2026,27,12
Student Loans,Net Annual Loan Volume (Millions of dollars),2027,27571.0,Millions of dollars,51310-2020-03-studentloan.xlsx,Table 2,false,51310,By Fiscal Year / Unsubsidized Student Loans: Undergraduate / Net Annual Loan Volume (Millions of dollars),fiscal_year,2027,2027,2027,27,13
Student Loans,Net Annual Loan Volume (Millions of dollars),2028,28297.0,Millions of dollars,51310-2020-03-studentloan.xlsx,Table 2,false,51310,By Fiscal Year / Unsubsidized Student Loans: Undergraduate / Net Annual Loan Volume (Millions of dollars),fiscal_year,2028,2028,2028,27,14
Student Loans,Net Annual Loan Volume (Millions of dollars),2029,29042.0,Millions of dollars,51310-2020-03-studentloan.xlsx,Table 2,false,51310,By Fiscal Year / Unsubsidized Student Loans: Undergraduate / Net Annual Loan Volume (Millions of dollars),fiscal_year,2029,2029,2029,27,15
Student Loans,Net Annual Loan Volume (Millions of dollars),2030,29807.0,Millions of dollars,51310-2020-03-studentloan.xlsx,Table 2,false,51310,By Fiscal Year / Unsubsidized Student Loans: Undergraduate / Net Annual Loan Volume (Millions of dollars),fiscal_year,2030,2030,2030,27,16
Student Loans,Net Number of Loans (Thousands),2020,6102.0,Thousands,51310-2020-03-studentloan.xlsx,Table 2,false,51310,By Fiscal Year / Unsubsidized Student Loans: Undergraduate / Net Number of Loans (Thousands),fiscal_year,2020,2020,2020,28,6
Student Loans,Net Number of Loans (Thousands),2021,6112.0,Thousands,51310-2020-03-studentloan.xlsx,Table 2,false,51310,By Fiscal Year / Unsubsidized Student Loans: Undergraduate / Net Number of Loans (Thousands),fiscal_year,2021,2021,2021,28,7
Student Loans,Net Number of Loans (Thousands),2022,6156.0,Thousands,51310-2020-03-studentloan.xlsx,Table 2,false,51310,By Fiscal Year / Unsubsidized Student Loans: Undergraduate / Net Number of Loans (Thousands),fiscal_year,2022,2022,2022,28,8
Student Loans,Net Number of Loans (Thousands),2023,6369.0,Thousands,51310-2020-03-studentloan.xlsx,Table 2,false,51310,By Fiscal Year / Unsubsidized Student Loans: Undergraduate / Net Number of Loans (Thousands),fiscal_year,2023,2023,2023,28,9
Student Loans,Net Number of Loans (Thousands),2024,6617.0,Thousands,51310-2020-03-studentloan.xlsx,Table 2,false,51310,By Fiscal Year / Unsubsidized Student Loans: Undergraduate / Net Number of Loans (Thousands),fiscal_year,2024,2024,2024,28,10
Student Loans,Net Number of Loans (Thousands),2025,6862.0,Thousands,51310-2020-03-studentloan.xlsx,Table 2,false,51310,By Fiscal Year / Unsubsidized Student Loans: Undergraduate / Net Number of Loans (Thousands),fiscal_year,2025,2025,2025,28,11
Student Loans,Net Number of Loans (Thousands),2026,7118.0,Thousands,51310-2020-03-studentloan.xlsx,Table 2,false,51310,By Fiscal Year / Unsubsidized Student Loans: Undergraduate / Net Number of Loans (Thousands),fiscal_year,2026,2026,2026,28,12
Student Loans,Net Number of Loans (Thousands),2027,7311.0,Thousands,51310-2020-03-studentloan.xlsx,Table 2,false,51310,By Fiscal Year / Unsubsidized Student Loans: Undergraduate / Net Number of Loans (Thousands),fiscal_year,2027,2027,2027,28,13
Student Loans,Net Number of Loans (Thousands),2028,7429.0,Thousands,51310-2020-03-studentloan.xlsx,Table 2,false,51310,By Fiscal Year / Unsubsidized Student Loans: Undergraduate / Net Number of Loans (Thousands),fiscal_year,2028,2028,2028,28,14
Student Loans,Net Number of Loans (Thousands),2029,7549.0,Thousands,51310-2020-03-studentloan.xlsx,Table 2,false,51310,By Fiscal Year / Unsubsidized Student Loans: Undergraduate / Net Number of Loans (Thousands),fiscal_year,2029,2029,2029,28,15
Student Loans,Net Number of Loans (Thousands),2030,7671.0,Thousands,51310-2020-03-studentloan.xlsx,Table 2,false,51310,By Fiscal Year / Unsubsidized Student Loans: Undergraduate / Net Number of Loans (Thousands),fiscal_year,2030,2030,2030,28,16
Student Loans,Average Loan Amount (Dollars),2020,3517.0,Dollars,51310-2020-03-studentloan.xlsx,Table 2,false,51310,By Fiscal Year / Unsubsidized Student Loans: Undergraduate / Average Loan Amount (Dollars),fiscal_year,2020,2020,2020,29,6
Student Loans,Average Loan Amount (Dollars),2021,3553.0,Dollars,51310-2020-03-studentloan.xlsx,Table 2,false,51310,By Fiscal Year / Unsubsidized Student Loans: Undergraduate / Average Loan Amount (Dollars),fiscal_year,2021,2021,2021,29,7
Student Loans,Average Loan Amount (Dollars),2022,3588.0,Dollars,51310-2020-03-studentloan.xlsx,Table 2,false,51310,By Fiscal Year / Unsubsidized Student Loans: Undergraduate / Average Loan Amount (Dollars),fiscal_year,2022,2022,2022,29,8
Student Loans,Average Loan Amount (Dollars),2023,3624.0,Dollars,51310-2020-03-studentloan.xlsx,Table 2,false,51310,By Fiscal Year / Unsubsidized Student Loans: Undergraduate / Average Loan Amount (Dollars),fiscal_year,2023,2023,2023,29,9
Student Loans,Average Loan Amount (Dollars),2024,3660.0,Dollars,51310-2020-03-studentloan.xlsx,Table 2,false,51310,By Fiscal Year / Unsubsidized Student Loans: Undergraduate / Average Loan Amount (Dollars),fiscal_year,2024,2024,2024,29,10
Student Loans,Average Loan Amount (Dollars),2025,3697.0,Dollars,51310-2020-03-studentloan.xlsx,Table 2,false,51310,By Fiscal Year / Unsubsidized Student Loans: Undergraduate / Average Loan Amount (Dollars),fiscal_year,2025,2025,2025,29,11
Student Loans,Average Loan Amount (Dollars),2026,3734.0,Dollars,51310-2020-03-studentloan.xlsx,Table 2,false,51310,By Fiscal Year / Unsubsidized Student Loans: Undergraduate / Average Loan Amount (Dollars),fiscal_year,2026,2026,2026,29,12
Student Loans,Average Loan Amount (Dollars),2027,3771.0,Dollars,51310-2020-03-studentloan.xlsx,Table 2,false,51310,By Fiscal Year / Unsubsidized Student Loans: Undergraduate / Average Loan Amount (Dollars),fiscal_year,2027,2027,2027,29,13
Student Loans,Average Loan Amount (Dollars),2028,3809.0,Dollars,51310-2020-03-studentloan.xlsx,Table 2,false,51310,By Fiscal Year / Unsubsidized Student Loans: Undergraduate / Average Loan Amount (Dollars),fiscal_year,2028,2028,2028,29,14
Student Loans,Average Loan Amount (Dollars),2029,3847.0,Dollars,51310-2020-03-studentloan.xlsx,Table 2,false,51310,By Fiscal Year / Unsubsidized Student Loans: Undergraduate / Average Loan Amount (Dollars),fiscal_year,2029,2029,2029,29,15
Student Loans,Average Loan Amount (Dollars),2030,3885.0,Dollars,51310-2020-03-studentloan.xlsx,Table 2,false,51310,By Fiscal Year / Unsubsidized Student Loans: Undergraduate / Average Loan Amount (Dollars),fiscal_year,2030,2030,2030,29,16
Student Loans,Subsidy Rate (Percent)b,2020,-2.77,Percent,51310-2020-03-studentloan.xlsx,Table 2,false,51310,By Fiscal Year / Unsubsidized Student Loans: Undergraduate / Subsidy Rate (Percent)b,fiscal_year,2020,2020,2020,31,6
Student Loans,Subsidy Rate (Percent)b,2021,-1.05,Percent,51310-2020-03-studentloan.xlsx,Table 2,false,51310,By Fiscal Year / Unsubsidized Student Loans: Undergraduate / Subsidy Rate (Percent)b,fiscal_year,2021,2021,2021,31,7
Student Loans,Subsidy Rate (Percent)b,2022,-0.77,Percent,51310-2020-03-studentloan.xlsx,Table 2,false,51310,By Fiscal Year / Unsubsidized Student Loans: Undergraduate / Subsidy Rate (Percent)b,fiscal_year,2022,2022,2022,31,8
Student Loans,Subsidy Rate (Percent)b,2023,-0.79,Percent,51310-2020-03-studentloan.xlsx,Table 2,false,51310,By Fiscal Year / Unsubsidized Student Loans: Undergraduate / Subsidy Rate (Percent)b,fiscal_year,2023,2023,2023,31,9
Student Loans,Subsidy Rate (Percent)b,2024,-1.01,Percent,51310-2020-03-studentloan.xlsx,Table 2,false,51310,By Fiscal Year / Unsubsidized Student Loans: Undergraduate / Subsidy Rate (Percent)b,fiscal_year,2024,2024,2024,31,10
Student Loans,Subsidy Rate (Percent)b,2025,-1.23,Percent,51310-2020-03-studentloan.xlsx,Table 2,false,51310,By Fiscal Year / Unsubsidized Student Loans: Undergraduate / Subsidy Rate (Percent)b,fiscal_year,2025,2025,2025,31,11
Student Loans,Subsidy Rate (Percent)b,2026,-1.37,Percent,51310-2020-03-studentloan.xlsx,Table 2,false,51310,By Fiscal Year / Unsubsidized Student Loans: Undergraduate / Subsidy Rate (Percent)b,fiscal_year,2026,2026,2026,31,12
Student Loans,Subsidy Rate (Percent)b,2027,-1.61,Percent,51310-2020-03-studentloan.xlsx,Table 2,false,51310,By Fiscal Year / Unsubsidized Student Loans: Undergraduate / Subsidy Rate (Percent)b,fiscal_year,2027,2027,2027,31,13
Student Loans,Subsidy Rate (Percent)b,2028,-1.46,Percent,51310-2020-03-studentloan.xlsx,Table 2,false,51310,By Fiscal Year / Unsubsidized Student Loans: Undergraduate / Subsidy Rate (Percent)b,fiscal_year,2028,2028,2028,31,14
Student Loans,Subsidy Rate (Percent)b,2029,-1.61,Percent,51310-2020-03-studentloan.xlsx,Table 2,false,51310,By Fiscal Year / Unsubsidized Student Loans: Undergraduate / Subsidy Rate (Percent)b,fiscal_year,2029,2029,2029,31,15
Student Loans,Subsidy Rate (Percent)b,2030,-1.56,Percent,51310-2020-03-studentloan.xlsx,Table 2,false,51310,By Fiscal Year / Unsubsidized Student Loans: Undergraduate / Subsidy Rate (Percent)b,fiscal_year,2030,2030,2030,31,16
Student Loans,Net Annual Loan Volume (Millions of dollars),2020,27434.0,Millions of dollars,51310-2020-03-studentloan.xlsx,Table 2,false,51310,By Fiscal Year / Unsubsidized Student Loans: Graduate / Net Annual Loan Volume (Millions of dollars),fiscal_year,2020,2020,2020,35,6
Student Loans,Net Annual Loan Volume (Millions of dollars),2021,27204.0,Millions of dollars,51310-2020-03-studentloan.xlsx,Table 2,false,51310,By Fiscal Year / Unsubsidized Student Loans: Graduate / Net Annual Loan Volume (Millions of dollars),fiscal_year,2021,2021,2021,35,7
Student Loans,Net Annual Loan Volume (Millions of dollars),2022,27664.0,Millions of dollars,51310-2020-03-studentloan.xlsx,Table 2,false,51310,By Fiscal Year / Unsubsidized Student Loans: Graduate / Net Annual Loan Volume (Millions of dollars),fiscal_year,2022,2022,2022,35,8
Student Loans,Net Annual Loan Volume (Millions of dollars),2023,28143.0,Millions of dollars,51310-2020-03-studentloan.xlsx,Table 2,false,51310,By Fiscal Year / Unsubsidized Student Loans: Graduate / Net Annual Loan Volume (Millions of dollars),fiscal_year,2023,2023,2023,35,9
Student Loans,Net Annual Loan Volume (Millions of dollars),2024,28879.0,Millions of dollars,51310-2020-03-studentloan.xlsx,Table 2,false,51310,By Fiscal Year / Unsubsidized Student Loans: Graduate / Net Annual Loan Volume (Millions of dollars),fiscal_year,2024,2024,2024,35,10
Student Loans,Net Annual Loan Volume (Millions of dollars),2025,29635.0,Millions of dollars,51310-2020-03-studentloan.xlsx,Table 2,false,51310,By Fiscal Year / Unsubsidized Student Loans: Graduate / Net Annual Loan Volume (Millions of dollars),fiscal_year,2025,2025,2025,35,11
Student Loans,Net Annual Loan Volume (Millions of dollars),2026,30410.0,Millions of dollars,51310-2020-03-studentloan.xlsx,Table 2,false,51310,By Fiscal Year / Unsubsidized Student Loans: Graduate / Net Annual Loan Volume (Millions of dollars),fiscal_year,2026,2026,2026,35,12
Student Loans,Net Annual Loan Volume (Millions of dollars),2027,31206.0,Millions of dollars,51310-2020-03-studentloan.xlsx,Table 2,false,51310,By Fiscal Year / Unsubsidized Student Loans: Graduate / Net Annual Loan Volume (Millions of dollars),fiscal_year,2027,2027,2027,35,13
Student Loans,Net Annual Loan Volume (Millions of dollars),2028,32023.0,Millions of dollars,51310-2020-03-studentloan.xlsx,Table 2,false,51310,By Fiscal Year / Unsubsidized Student Loans: Graduate / Net Annual Loan Volume (Millions of dollars),fiscal_year,2028,2028,2028,35,14
Student Loans,Net Annual Loan Volume (Millions of dollars),2029,32861.0,Millions of dollars,51310-2020-03-studentloan.xlsx,Table 2,false,51310,By Fiscal Year / Unsubsidized Student Loans: Graduate / Net Annual Loan Volume (Millions of dollars),fiscal_year,2029,2029,2029,35,15
Student Loans,Net Annual Loan Volume (Millions of dollars),2030,33720.0,Millions of dollars,51310-2020-03-studentloan.xlsx,Table 2,false,51310,By Fiscal Year / Unsubsidized Student Loans: Graduate / Net Annual Loan Volume (Millions of dollars),fiscal_year,2030,2030,2030,35,16
Student Loans,Net Number of Loans (Thousands),2020,1810.0,Thousands,51310-2020-03-studentloan.xlsx,Table 2,false,51310,By Fiscal Year / Unsubsidized Student Loans: Graduate / Net Number of Loans (Thousands),fiscal_year,2020,2020,2020,36,6
Student Loans,Net Number of Loans (Thousands),2021,1801.0,Thousands,51310-2020-03-studentloan.xlsx,Table 2,false,51310,By Fiscal Year / Unsubsidized Student Loans: Graduate / Net Number of Loans (Thousands),fiscal_year,2021,2021,2021,36,7
Student Loans,Net Number of Loans (Thousands),2022,1812.0,Thousands,51310-2020-03-studentloan.xlsx,Table 2,false,51310,By Fiscal Year / Unsubsidized Student Loans: Graduate / Net Number of Loans (Thousands),fiscal_year,2022,2022,2022,36,8
Student Loans,Net Number of Loans (Thousands),2023,1823.0,Thousands,51310-2020-03-studentloan.xlsx,Table 2,false,51310,By Fiscal Year / Unsubsidized Student Loans: Graduate / Net Number of Loans (Thousands),fiscal_year,2023,2023,2023,36,9
Student Loans,Net Number of Loans (Thousands),2024,1851.0,Thousands,51310-2020-03-studentloan.xlsx,Table 2,false,51310,By Fiscal Year / Unsubsidized Student Loans: Graduate / Net Number of Loans (Thousands),fiscal_year,2024,2024,2024,36,10
Student Loans,Net Number of Loans (Thousands),2025,1878.0,Thousands,51310-2020-03-studentloan.xlsx,Table 2,false,51310,By Fiscal Year / Unsubsidized Student Loans: Graduate / Net Number of Loans (Thousands),fiscal_year,2025,2025,2025,36,11
Student Loans,Net Number of Loans (Thousands),2026,1907.0,Thousands,51310-2020-03-studentloan.xlsx,Table 2,false,51310,By Fiscal Year / Unsubsidized Student Loans: Graduate / Net Number of Loans (Thousands),fiscal_year,2026,2026,2026,36,12
Student Loans,Net Number of Loans (Thousands),2027,1935.0,Thousands,51310-2020-03-studentloan.xlsx,Table 2,false,51310,By Fiscal Year / Unsubsidized Student Loans: Graduate / Net Number of Loans (Thousands),fiscal_year,2027,2027,2027,36,13
Student Loans,Net Number of Loans (Thousands),2028,1964.0,Thousands,51310-2020-03-studentloan.xlsx,Table 2,false,51310,By Fiscal Year / Unsubsidized Student Loans: Graduate / Net Number of Loans (Thousands),fiscal_year,2028,2028,2028,36,14
Student Loans,Net Number of Loans (Thousands),2029,1994.0,Thousands,51310-2020-03-studentloan.xlsx,Table 2,false,51310,By Fiscal Year / Unsubsidized Student Loans: Graduate / Net Number of Loans (Thousands),fiscal_year,2029,2029,2029,36,15
Student Loans,Net Number of Loans (Thousands),2030,2024.0,Thousands,51310-2020-03-studentloan.xlsx,Table 2,false,51310,By Fiscal Year / Unsubsidized Student Loans: Graduate / Net Number of Loans (Thousands),fiscal_year,2030,2030,2030,36,16
Student Loans,Average Loan Amount (Dollars),2020,15157.0,Dollars,51310-2020-03-studentloan.xlsx,Table 2,false,51310,By Fiscal Year / Unsubsidized Student Loans: Graduate / Average Loan Amount (Dollars),fiscal_year,2020,2020,2020,37,6
Student Loans,Average Loan Amount (Dollars),2021,15101.0,Dollars,51310-2020-03-studentloan.xlsx,Table 2,false,51310,By Fiscal Year / Unsubsidized Student Loans: Graduate / Average Loan Amount (Dollars),fiscal_year,2021,2021,2021,37,7
Student Loans,Average Loan Amount (Dollars),2022,15267.0,Dollars,51310-2020-03-studentloan.xlsx,Table 2,false,51310,By Fiscal Year / Unsubsidized Student Loans: Graduate / Average Loan Amount (Dollars),fiscal_year,2022,2022,2022,37,8
Student Loans,Average Loan Amount (Dollars),2023,15435.0,Dollars,51310-2020-03-studentloan.xlsx,Table 2,false,51310,By Fiscal Year / Unsubsidized Student Loans: Graduate / Average Loan Amount (Dollars),fiscal_year,2023,2023,2023,37,9
Student Loans,Average Loan Amount (Dollars),2024,15605.0,Dollars,51310-2020-03-studentloan.xlsx,Table 2,false,51310,By Fiscal Year / Unsubsidized Student Loans: Graduate / Average Loan Amount (Dollars),fiscal_year,2024,2024,2024,37,10
Student Loans,Average Loan Amount (Dollars),2025,15776.0,Dollars,51310-2020-03-studentloan.xlsx,Table 2,false,51310,By Fiscal Year / Unsubsidized Student Loans: Graduate / Average Loan Amount (Dollars),fiscal_year,2025,2025,2025,37,11
Student Loans,Average Loan Amount (Dollars),2026,15950.0,Dollars,51310-2020-03-studentloan.xlsx,Table 2,false,51310,By Fiscal Year / Unsubsidized Student Loans: Graduate / Average Loan Amount (Dollars),fiscal_year,2026,2026,2026,37,12
Student Loans,Average Loan Amount (Dollars),2027,16125.0,Dollars,51310-2020-03-studentloan.xlsx,Table 2,false,51310,By Fiscal Year / Unsubsidized Student Loans: Graduate / Average Loan Amount (Dollars),fiscal_year,2027,2027,2027,37,13
Student Loans,Average Loan Amount (Dollars),2028,16303.0,Dollars,51310-2020-03-studentloan.xlsx,Table 2,false,51310,By Fiscal Year / Unsubsidized Student Loans: Graduate / Average Loan Amount (Dollars),fiscal_year,2028,2028,2028,37,14
Student Loans,Average Loan Amount (Dollars),2029,16482.0,Dollars,51310-2020-03-studentloan.xlsx,Table 2,false,51310,By Fiscal Year / Unsubsidized Student Loans: Graduate / Average Loan Amount (Dollars),fiscal_year,2029,2029,2029,37,15
Student Loans,Average Loan Amount (Dollars),2030,16663.0,Dollars,51310-2020-03-studentloan.xlsx,Table 2,false,51310,By Fiscal Year / Unsubsidized Student Loans: Graduate / Average Loan Amount (Dollars),fiscal_year,2030,2030,2030,37,16
Student Loans,Subsidy Rate (Percent)b,2020,-4.63,Percent,51310-2020-03-studentloan.xlsx,Table 2,false,51310,By Fiscal Year / Unsubsidized Student Loans: Graduate / Subsidy Rate (Percent)b,fiscal_year,2020,2020,2020,39,6
Student Loans,Subsidy Rate (Percent)b,2021,-2.82,Percent,51310-2020-03-studentloan.xlsx,Table 2,false,51310,By Fiscal Year / Unsubsidized Student Loans: Graduate / Subsidy Rate (Percent)b,fiscal_year,2021,2021,2021,39,7
Student Loans,Subsidy Rate (Percent)b,2022,-2.63,Percent,51310-2020-03-studentloan.xlsx,Table 2,false,51310,By Fiscal Year / Unsubsidized Student Loans: Graduate / Subsidy Rate (Percent)b,fiscal_year,2022,2022,2022,39,8
Student Loans,Subsidy Rate (Percent)b,2023,-2.31,Percent,51310-2020-03-studentloan.xlsx,Table 2,false,51310,By Fiscal Year / Unsubsidized Student Loans: Graduate / Subsidy Rate (Percent)b,fiscal_year,2023,2023,2023,39,9
Student Loans,Subsidy Rate (Percent)b,2024,-2.52,Percent,51310-2020-03-studentloan.xlsx,Table 2,false,51310,By Fiscal Year / Unsubsidized Student Loans: Graduate / Subsidy Rate (Percent)b,fiscal_year,2024,2024,2024,39,10
Student Loans,Subsidy Rate (Percent)b,2025,-3.11,Percent,51310-2020-03-studentloan.xlsx,Table 2,false,51310,By Fiscal Year / Unsubsidized Student Loans: Graduate / Subsidy Rate (Percent)b,fiscal_year,2025,2025,2025,39,11
Student Loans,Subsidy Rate (Percent)b,2026,-3.2,Percent,51310-2020-03-studentloan.xlsx,Table 2,false,51310,By Fiscal Year / Unsubsidized Student Loans: Graduate / Subsidy Rate (Percent)b,fiscal_year,2026,2026,2026,39,12
Student Loans,Subsidy Rate (Percent)b,2027,-3.71,Percent,51310-2020-03-studentloan.xlsx,Table 2,false,51310,By Fiscal Year / Unsubsidized Student Loans: Graduate / Subsidy Rate (Percent)b,fiscal_year,2027,2027,2027,39,13
Student Loans,Subsidy Rate (Percent)b,2028,-4.09,Percent,51310-2020-03-studentloan.xlsx,Table 2,false,51310,By Fiscal Year / Unsubsidized Student Loans: Graduate / Subsidy Rate (Percent)b,fiscal_year,2028,2028,2028,39,14
Student Loans,Subsidy Rate (Percent)b,2029,-4.45,Percent,51310-2020-03-studentloan.xlsx,Table 2,false,51310,By Fiscal Year / Unsubsidized Student Loans: Graduate / Subsidy Rate (Percent)b,fiscal_year,2029,2029,2029,39,15
Student Loans,Subsidy Rate (Percent)b,2030,-4.54,Percent,51310-2020-03-studentloan.xlsx,Table 2,false,51310,By Fiscal Year / Unsubsidized Student Loans: Graduate / Subsidy Rate (Percent)b,fiscal_year,2030,2030,2030,39,16
Student Loans,Net Annual Loan Volume (Millions of dollars),2020,11232.0,Millions of dollars,51310-2020-03-studentloan.xlsx,Table 2,false,51310,By Fiscal Year / GradPLUS Student Loans / Net Annual Loan Volume (Millions of dollars),fiscal_year,2020,2020,2020,43,6
Student Loans,Net Annual Loan Volume (Millions of dollars),2021,11896.0,Millions of dollars,51310-2020-03-studentloan.xlsx,Table 2,false,51310,By Fiscal Year / GradPLUS Student Loans / Net Annual Loan Volume (Millions of dollars),fiscal_year,2021,2021,2021,43,7
Student Loans,Net Annual Loan Volume (Millions of dollars),2022,12608.0,Millions of dollars,51310-2020-03-studentloan.xlsx,Table 2,false,51310,By Fiscal Year / GradPLUS Student Loans / Net Annual Loan Volume (Millions of dollars),fiscal_year,2022,2022,2022,43,8
Student Loans,Net Annual Loan Volume (Millions of dollars),2023,13294.0,Millions of dollars,51310-2020-03-studentloan.xlsx,Table 2,false,51310,By Fiscal Year / GradPLUS Student Loans / Net Annual Loan Volume (Millions of dollars),fiscal_year,2023,2023,2023,43,9
Student Loans,Net Annual Loan Volume (Millions of dollars),2024,13900.0,Millions of dollars,51310-2020-03-studentloan.xlsx,Table 2,false,51310,By Fiscal Year / GradPLUS Student Loans / Net Annual Loan Volume (Millions of dollars),fiscal_year,2024,2024,2024,43,10
Student Loans,Net Annual Loan Volume (Millions of dollars),2025,14599.0,Millions of dollars,51310-2020-03-studentloan.xlsx,Table 2,false,51310,By Fiscal Year / GradPLUS Student Loans / Net Annual Loan Volume (Millions of dollars),fiscal_year,2025,2025,2025,43,11
Student Loans,Net Annual Loan Volume (Millions of dollars),2026,15305.0,Millions of dollars,51310-2020-03-studentloan.xlsx,Table 2,false,51310,By Fiscal Year / GradPLUS Student Loans / Net Annual Loan Volume (Millions of dollars),fiscal_year,2026,2026,2026,43,12
Student Loans,Net Annual Loan Volume (Millions of dollars),2027,16018.0,Millions of dollars,51310-2020-03-studentloan.xlsx,Table 2,false,51310,By Fiscal Year / GradPLUS Student Loans / Net Annual Loan Volume (Millions of dollars),fiscal_year,2027,2027,2027,43,13
Student Loans,Net Annual Loan Volume (Millions of dollars),2028,16747.0,Millions of dollars,51310-2020-03-studentloan.xlsx,Table 2,false,51310,By Fiscal Year / GradPLUS Student Loans / Net Annual Loan Volume (Millions of dollars),fiscal_year,2028,2028,2028,43,14
Student Loans,Net Annual Loan Volume (Millions of dollars),2029,17486.0,Millions of dollars,51310-2020-03-studentloan.xlsx,Table 2,false,51310,By Fiscal Year / GradPLUS Student Loans / Net Annual Loan Volume (Millions of dollars),fiscal_year,2029,2029,2029,43,15
Student Loans,Net Annual Loan Volume (Millions of dollars),2030,18102.0,Millions of dollars,51310-2020-03-studentloan.xlsx,Table 2,false,51310,By Fiscal Year / GradPLUS Student Loans / Net Annual Loan Volume (Millions of dollars),fiscal_year,2030,2030,2030,43,16
Student Loans,Net Number of Loans (Thousands),2020,598.0,Thousands,51310-2020-03-studentloan.xlsx,Table 2,false,51310,By Fiscal Year / GradPLUS Student Loans / Net Number of Loans (Thousands),fiscal_year,2020,2020,2020,44,6
Student Loans,Net Number of Loans (Thousands),2021,617.0,Thousands,51310-2020-03-studentloan.xlsx,Table 2,false,51310,By Fiscal Year / GradPLUS Student Loans / Net Number of Loans (Thousands),fiscal_year,2021,2021,2021,44,7
Student Loans,Net Number of Loans (Thousands),2022,638.0,Thousands,51310-2020-03-studentloan.xlsx,Table 2,false,51310,By Fiscal Year / GradPLUS Student Loans / Net Number of Loans (Thousands),fiscal_year,2022,2022,2022,44,8
Student Loans,Net Number of Loans (Thousands),2023,657.0,Thousands,51310-2020-03-studentloan.xlsx,Table 2,false,51310,By Fiscal Year / GradPLUS Student Loans / Net Number of Loans (Thousands),fiscal_year,2023,2023,2023,44,9
Student Loans,Net Number of Loans (Thousands),2024,670.0,Thousands,51310-2020-03-studentloan.xlsx,Table 2,false,51310,By Fiscal Year / GradPLUS Student Loans / Net Number of Loans (Thousands),fiscal_year,2024,2024,2024,44,10
Student Loans,Net Number of Loans (Thousands),2025,686.0,Thousands,51310-2020-03-studentloan.xlsx,Table 2,false,51310,By Fiscal Year / GradPLUS Student Loans / Net Number of Loans (Thousands),fiscal_year,2025,2025,2025,44,11
Student Loans,Net Number of Loans (Thousands),2026,702.0,Thousands,51310-2020-03-studentloan.xlsx,Table 2,false,51310,By Fiscal Year / GradPLUS Student Loans / Net Number of Loans (Thousands),fiscal_year,2026,2026,2026,44,12
Student Loans,Net Number of Loans (Thousands),2027,717.0,Thousands,51310-2020-03-studentloan.xlsx,Table 2,false,51310,By Fiscal Year / GradPLUS Student Loans / Net Number of Loans (Thousands),fiscal_year,2027,2027,2027,44,13
Student Loans,Net Number of Loans (Thousands),2028,731.0,Thousands,51310-2020-03-studentloan.xlsx,Table 2,false,51310,By Fiscal Year / GradPLUS Student Loans / Net Number of Loans (Thousands),fiscal_year,2028,2028,2028,44,14
Student Loans,Net Number of Loans (Thousands),2029,745.0,Thousands,51310-2020-03-studentloan.xlsx,Table 2,false,51310,By Fiscal Year / GradPLUS Student Loans / Net Number of Loans (Thousands),fiscal_year,2029,2029,2029,44,15
Student Loans,Net Number of Loans (Thousands),2030,752.0,Thousands,51310-2020-03-studentloan.xlsx,Table 2,false,51310,By Fiscal Year / GradPLUS Student Loans / Net Number of Loans (Thousands),fiscal_year,2030,2030,2030,44,16
Student Loans,Average Loan Amount (Dollars),2020,18796.0,Dollars,51310-2020-03-studentloan.xlsx,Table 2,false,51310,By Fiscal Year / GradPLUS Student Loans / Average Loan Amount (Dollars),fiscal_year,2020,2020,2020,45,6
Student Loans,Average Loan Amount (Dollars),2021,19266.0,Dollars,51310-2020-03-studentloan.xlsx,Table 2,false,51310,By Fiscal Year / GradPLUS Student Loans / Average Loan Amount (Dollars),fiscal_year,2021,2021,2021,45,7
Student Loans,Average Loan Amount (Dollars),2022,19747.0,Dollars,51310-2020-03-studentloan.xlsx,Table 2,false,51310,By Fiscal Year / GradPLUS Student Loans / Average Loan Amount (Dollars),fiscal_year,2022,2022,2022,45,8
Student Loans,Average Loan Amount (Dollars),2023,20241.0,Dollars,51310-2020-03-studentloan.xlsx,Table 2,false,51310,By Fiscal Year / GradPLUS Student Loans / Average Loan Amount (Dollars),fiscal_year,2023,2023,2023,45,9
Student Loans,Average Loan Amount (Dollars),2024,20747.0,Dollars,51310-2020-03-studentloan.xlsx,Table 2,false,51310,By Fiscal Year / GradPLUS Student Loans / Average Loan Amount (Dollars),fiscal_year,2024,2024,2024,45,10
Student Loans,Average Loan Amount (Dollars),2025,21266.0,Dollars,51310-2020-03-studentloan.xlsx,Table 2,false,51310,By Fiscal Year / GradPLUS Student Loans / Average Loan Amount (Dollars),fiscal_year,2025,2025,2025,45,11
Student Loans,Average Loan Amount (Dollars),2026,21797.0,Dollars,51310-2020-03-studentloan.xlsx,Table 2,false,51310,By Fiscal Year / GradPLUS Student Loans / Average Loan Amount (Dollars),fiscal_year,2026,2026,2026,45,12
Student Loans,Average Loan Amount (Dollars),2027,22342.0,Dollars,51310-2020-03-studentloan.xlsx,Table 2,false,51310,By Fiscal Year / GradPLUS Student Loans / Average Loan Amount (Dollars),fiscal_year,2027,2027,2027,45,13
Student Loans,Average Loan Amount (Dollars),2028,22901.0,Dollars,51310-2020-03-studentloan.xlsx,Table 2,false,51310,By Fiscal Year / GradPLUS Student Loans / Average Loan Amount (Dollars),fiscal_year,2028,2028,2028,45,14
Student Loans,Average Loan Amount (Dollars),2029,23473.0,Dollars,51310-2020-03-studentloan.xlsx,Table 2,false,51310,By Fiscal Year / GradPLUS Student Loans / Average Loan Amount (Dollars),fiscal_year,2029,2029,2029,45,15
Student Loans,Average Loan Amount (Dollars),2030,24060.0,Dollars,51310-2020-03-studentloan.xlsx,Table 2,false,51310,By Fiscal Year / GradPLUS Student Loans / Average Loan Amount (Dollars),fiscal_year,2030,2030,2030,45,16
Student Loans,Subsidy Rate (Percent)b,2020,0.22,Percent,51310-2020-03-studentloan.xlsx,Table 2,false,51310,By Fiscal Year / GradPLUS Student Loans / Subsidy Rate (Percent)b,fiscal_year,2020,2020,2020,47,6
Student Loans,Subsidy Rate (Percent)b,2021,1.97,Percent,51310-2020-03-studentloan.xlsx,Table 2,false,51310,By Fiscal Year / GradPLUS Student Loans / Subsidy Rate (Percent)b,fiscal_year,2021,2021,2021,47,7
Student Loans,Subsidy Rate (Percent)b,2022,2.02,Percent,51310-2020-03-studentloan.xlsx,Table 2,false,51310,By Fiscal Year / GradPLUS Student Loans / Subsidy Rate (Percent)b,fiscal_year,2022,2022,2022,47,8
Student Loans,Subsidy Rate (Percent)b,2023,3.79,Percent,51310-2020-03-studentloan.xlsx,Table 2,false,51310,By Fiscal Year / GradPLUS Student Loans / Subsidy Rate (Percent)b,fiscal_year,2023,2023,2023,47,9
Student Loans,Subsidy Rate (Percent)b,2024,4.98,Percent,51310-2020-03-studentloan.xlsx,Table 2,false,51310,By Fiscal Year / GradPLUS Student Loans / Subsidy Rate (Percent)b,fiscal_year,2024,2024,2024,47,10
Student Loans,Subsidy Rate (Percent)b,2025,4.19,Percent,51310-2020-03-studentloan.xlsx,Table 2,false,51310,By Fiscal Year / GradPLUS Student Loans / Subsidy Rate (Percent)b,fiscal_year,2025,2025,2025,47,11
Student Loans,Subsidy Rate (Percent)b,2026,4.92,Percent,51310-2020-03-studentloan.xlsx,Table 2,false,51310,By Fiscal Year / GradPLUS Student Loans / Subsidy Rate (Percent)b,fiscal_year,2026,2026,2026,47,12
Student Loans,Subsidy Rate (Percent)b,2027,3.73,Percent,51310-2020-03-studentloan.xlsx,Table 2,false,51310,By Fiscal Year / GradPLUS Student Loans / Subsidy Rate (Percent)b,fiscal_year,2027,2027,2027,47,13
Student Loans,Subsidy Rate (Percent)b,2028,3.31,Percent,51310-2020-03-studentloan.xlsx,Table 2,false,51310,By Fiscal Year / GradPLUS Student Loans / Subsidy Rate (Percent)b,fiscal_year,2028,2028,2028,47,14
Student Loans,Subsidy Rate (Percent)b,2029,2.87,Percent,51310-2020-03-studentloan.xlsx,Table 2,false,51310,By Fiscal Year / GradPLUS Student Loans / Subsidy Rate (Percent)b,fiscal_year,2029,2029,2029,47,15
Student Loans,Subsidy Rate (Percent)b,2030,3.98,Percent,51310-2020-03-studentloan.xlsx,Table 2,false,51310,By Fiscal Year / GradPLUS Student Loans / Subsidy Rate (Percent)b,fiscal_year,2030,2030,2030,47,16
Student Loans,Net Annual Loan Volume (Millions of dollars),2020,12874.0,Millions of dollars,51310-2020-03-studentloan.xlsx,Table 2,false,51310,By Fiscal Year / Parent Loans / Net Annual Loan Volume (Millions of dollars),fiscal_year,2020,2020,2020,51,6
Student Loans,Net Annual Loan Volume (Millions of dollars),2021,13244.0,Millions of dollars,51310-2020-03-studentloan.xlsx,Table 2,false,51310,By Fiscal Year / Parent Loans / Net Annual Loan Volume (Millions of dollars),fiscal_year,2021,2021,2021,51,7
Student Loans,Net Annual Loan Volume (Millions of dollars),2022,13640.0,Millions of dollars,51310-2020-03-studentloan.xlsx,Table 2,false,51310,By Fiscal Year / Parent Loans / Net Annual Loan Volume (Millions of dollars),fiscal_year,2022,2022,2022,51,8
Student Loans,Net Annual Loan Volume (Millions of dollars),2023,14064.0,Millions of dollars,51310-2020-03-studentloan.xlsx,Table 2,false,51310,By Fiscal Year / Parent Loans / Net Annual Loan Volume (Millions of dollars),fiscal_year,2023,2023,2023,51,9
Student Loans,Net Annual Loan Volume (Millions of dollars),2024,14435.0,Millions of dollars,51310-2020-03-studentloan.xlsx,Table 2,false,51310,By Fiscal Year / Parent Loans / Net Annual Loan Volume (Millions of dollars),fiscal_year,2024,2024,2024,51,10
Student Loans,Net Annual Loan Volume (Millions of dollars),2025,14815.0,Millions of dollars,51310-2020-03-studentloan.xlsx,Table 2,false,51310,By Fiscal Year / Parent Loans / Net Annual Loan Volume (Millions of dollars),fiscal_year,2025,2025,2025,51,11
Student Loans,Net Annual Loan Volume (Millions of dollars),2026,15205.0,Millions of dollars,51310-2020-03-studentloan.xlsx,Table 2,false,51310,By Fiscal Year / Parent Loans / Net Annual Loan Volume (Millions of dollars),fiscal_year,2026,2026,2026,51,12
Student Loans,Net Annual Loan Volume (Millions of dollars),2027,15606.0,Millions of dollars,51310-2020-03-studentloan.xlsx,Table 2,false,51310,By Fiscal Year / Parent Loans / Net Annual Loan Volume (Millions of dollars),fiscal_year,2027,2027,2027,51,13
Student Loans,Net Annual Loan Volume (Millions of dollars),2028,16017.0,Millions of dollars,51310-2020-03-studentloan.xlsx,Table 2,false,51310,By Fiscal Year / Parent Loans / Net Annual Loan Volume (Millions of dollars),fiscal_year,2028,2028,2028,51,14
Student Loans,Net Annual Loan Volume (Millions of dollars),2029,16439.0,Millions of dollars,51310-2020-03-studentloan.xlsx,Table 2,false,51310,By Fiscal Year / Parent Loans / Net Annual Loan Volume (Millions of dollars),fiscal_year,2029,2029,2029,51,15
Student Loans,Net Annual Loan Volume (Millions of dollars),2030,16852.0,Millions of dollars,51310-2020-03-studentloan.xlsx,Table 2,false,51310,By Fiscal Year / Parent Loans / Net Annual Loan Volume (Millions of dollars),fiscal_year,2030,2030,2030,51,16
Student Loans,Net Number of Loans (Thousands),2020,932.0,Thousands,51310-2020-03-studentloan.xlsx,Table 2,false,51310,By Fiscal Year / Parent Loans / Net Number of Loans (Thousands),fiscal_year,2020,2020,2020,52,6
Student Loans,Net Number of Loans (Thousands),2021,945.0,Thousands,51310-2020-03-studentloan.xlsx,Table 2,false,51310,By Fiscal Year / Parent Loans / Net Number of Loans (Thousands),fiscal_year,2021,2021,2021,52,7
Student Loans,Net Number of Loans (Thousands),2022,959.0,Thousands,51310-2020-03-studentloan.xlsx,Table 2,false,51310,By Fiscal Year / Parent Loans / Net Number of Loans (Thousands),fiscal_year,2022,2022,2022,52,8
Student Loans,Net Number of Loans (Thousands),2023,974.0,Thousands,51310-2020-03-studentloan.xlsx,Table 2,false,51310,By Fiscal Year / Parent Loans / Net Number of Loans (Thousands),fiscal_year,2023,2023,2023,52,9
Student Loans,Net Number of Loans (Thousands),2024,985.0,Thousands,51310-2020-03-studentloan.xlsx,Table 2,false,51310,By Fiscal Year / Parent Loans / Net Number of Loans (Thousands),fiscal_year,2024,2024,2024,52,10
Student Loans,Net Number of Loans (Thousands),2025,996.0,Thousands,51310-2020-03-studentloan.xlsx,Table 2,false,51310,By Fiscal Year / Parent Loans / Net Number of Loans (Thousands),fiscal_year,2025,2025,2025,52,11
Student Loans,Net Number of Loans (Thousands),2026,1007.0,Thousands,51310-2020-03-studentloan.xlsx,Table 2,false,51310,By Fiscal Year / Parent Loans / Net Number of Loans (Thousands),fiscal_year,2026,2026,2026,52,12
Student Loans,Net Number of Loans (Thousands),2027,1018.0,Thousands,51310-2020-03-studentloan.xlsx,Table 2,false,51310,By Fiscal Year / Parent Loans / Net Number of Loans (Thousands),fiscal_year,2027,2027,2027,52,13
Student Loans,Net Number of Loans (Thousands),2028,1030.0,Thousands,51310-2020-03-studentloan.xlsx,Table 2,false,51310,By Fiscal Year / Parent Loans / Net Number of Loans (Thousands),fiscal_year,2028,2028,2028,52,14
Student Loans,Net Number of Loans (Thousands),2029,1041.0,Thousands,51310-2020-03-studentloan.xlsx,Table 2,false,51310,By Fiscal Year / Parent Loans / Net Number of Loans (Thousands),fiscal_year,2029,2029,2029,52,15
Student Loans,Net Number of Loans (Thousands),2030,1052.0,Thousands,51310-2020-03-studentloan.xlsx,Table 2,false,51310,By Fiscal Year / Parent Loans / Net Number of Loans (Thousands),fiscal_year,2030,2030,2030,52,16
Student Loans,Average Loan Amount (Dollars),2020,13806.0,Dollars,51310-2020-03-studentloan.xlsx,Table 2,false,51310,By Fiscal Year / Parent Loans / Average Loan Amount (Dollars),fiscal_year,2020,2020,2020,53,6
Student Loans,Average Loan Amount (Dollars),2021,14013.0,Dollars,51310-2020-03-studentloan.xlsx,Table 2,false,51310,By Fiscal Year / Parent Loans / Average Loan Amount (Dollars),fiscal_year,2021,2021,2021,53,7
Student Loans,Average Loan Amount (Dollars),2022,14224.0,Dollars,51310-2020-03-studentloan.xlsx,Table 2,false,51310,By Fiscal Year / Parent Loans / Average Loan Amount (Dollars),fiscal_year,2022,2022,2022,53,8
Student Loans,Average Loan Amount (Dollars),2023,14437.0,Dollars,51310-2020-03-studentloan.xlsx,Table 2,false,51310,By Fiscal Year / Parent Loans / Average Loan Amount (Dollars),fiscal_year,2023,2023,2023,53,9
Student Loans,Average Loan Amount (Dollars),2024,14653.0,Dollars,51310-2020-03-studentloan.xlsx,Table 2,false,51310,By Fiscal Year / Parent Loans / Average Loan Amount (Dollars),fiscal_year,2024,2024,2024,53,10
Student Loans,Average Loan Amount (Dollars),2025,14873.0,Dollars,51310-2020-03-studentloan.xlsx,Table 2,false,51310,By Fiscal Year / Parent Loans / Average Loan Amount (Dollars),fiscal_year,2025,2025,2025,53,11
Student Loans,Average Loan Amount (Dollars),2026,15096.0,Dollars,51310-2020-03-studentloan.xlsx,Table 2,false,51310,By Fiscal Year / Parent Loans / Average Loan Amount (Dollars),fiscal_year,2026,2026,2026,53,12
Student Loans,Average Loan Amount (Dollars),2027,15323.0,Dollars,51310-2020-03-studentloan.xlsx,Table 2,false,51310,By Fiscal Year / Parent Loans / Average Loan Amount (Dollars),fiscal_year,2027,2027,2027,53,13
Student Loans,Average Loan Amount (Dollars),2028,15553.0,Dollars,51310-2020-03-studentloan.xlsx,Table 2,false,51310,By Fiscal Year / Parent Loans / Average Loan Amount (Dollars),fiscal_year,2028,2028,2028,53,14
Student Loans,Average Loan Amount (Dollars),2029,15786.0,Dollars,51310-2020-03-studentloan.xlsx,Table 2,false,51310,By Fiscal Year / Parent Loans / Average Loan Amount (Dollars),fiscal_year,2029,2029,2029,53,15
Student Loans,Average Loan Amount (Dollars),2030,16023.0,Dollars,51310-2020-03-studentloan.xlsx,Table 2,false,51310,By Fiscal Year / Parent Loans / Average Loan Amount (Dollars),fiscal_year,2030,2030,2030,53,16
Student Loans,Subsidy Rate (Percent)b,2020,-33.78,Percent,51310-2020-03-studentloan.xlsx,Table 2,false,51310,By Fiscal Year / Parent Loans / Subsidy Rate (Percent)b,fiscal_year,2020,2020,2020,55,6
Student Loans,Subsidy Rate (Percent)b,2021,-31.83,Percent,51310-2020-03-studentloan.xlsx,Table 2,false,51310,By Fiscal Year / Parent Loans / Subsidy Rate (Percent)b,fiscal_year,2021,2021,2021,55,7
Student Loans,Subsidy Rate (Percent)b,2022,-31.33,Percent,51310-2020-03-studentloan.xlsx,Table 2,false,51310,By Fiscal Year / Parent Loans / Subsidy Rate (Percent)b,fiscal_year,2022,2022,2022,55,8
Student Loans,Subsidy Rate (Percent)b,2023,-31.2,Percent,51310-2020-03-studentloan.xlsx,Table 2,false,51310,By Fiscal Year / Parent Loans / Subsidy Rate (Percent)b,fiscal_year,2023,2023,2023,55,9
Student Loans,Subsidy Rate (Percent)b,2024,-31.29,Percent,51310-2020-03-studentloan.xlsx,Table 2,false,51310,By Fiscal Year / Parent Loans / Subsidy Rate (Percent)b,fiscal_year,2024,2024,2024,55,10
Student Loans,Subsidy Rate (Percent)b,2025,-31.21,Percent,51310-2020-03-studentloan.xlsx,Table 2,false,51310,By Fiscal Year / Parent Loans / Subsidy Rate (Percent)b,fiscal_year,2025,2025,2025,55,11
Student Loans,Subsidy Rate (Percent)b,2026,-31.09,Percent,51310-2020-03-studentloan.xlsx,Table 2,false,51310,By Fiscal Year / Parent Loans / Subsidy Rate (Percent)b,fiscal_year,2026,2026,2026,55,12
Student Loans,Subsidy Rate (Percent)b,2027,-31.07,Percent,51310-2020-03-studentloan.xlsx,Table 2,false,51310,By Fiscal Year / Parent Loans / Subsidy Rate (Percent)b,fiscal_year,2027,2027,2027,55,13
Student Loans,Subsidy Rate (Percent)b,2028,-30.98,Percent,51310-2020-03-studentloan.xlsx,Table 2,false,51310,By Fiscal Year / Parent Loans / Subsidy Rate (Percent)b,fiscal_year,2028,2028,2028,55,14
Student Loans,Subsidy Rate (Percent)b,2029,-30.84,Percent,51310-2020-03-studentloan.xlsx,Table 2,false,51310,By Fiscal Year / Parent Loans / Subsidy Rate (Percent)b,fiscal_year,2029,2029,2029,55,15
Student Loans,Subsidy Rate (Percent)b,2030,-30.54,Percent,51310-2020-03-studentloan.xlsx,Table 2,false,51310,By Fiscal Year / Parent Loans / Subsidy Rate (Percent)b,fiscal_year,2030,2030,2030,55,16
Student Loans,Budget Authority,2020,405.0,Millions of dollars,51310-2020-03-studentloan.xlsx,Table 3,false,51310,Table 3. / Outstanding Guaranteed Loans / Administrative Account / Budget Authority,fiscal_year,2020,2020,2020,12,4
Student Loans,Budget Authority,2021,398.0,Millions of dollars,51310-2020-03-studentloan.xlsx,Table 3,false,51310,Table 3. / Outstanding Guaranteed Loans / Administrative Account / Budget Authority,fiscal_year,2021,2021,2021,12,5
Student Loans,Budget Authority,2022,391.0,Millions of dollars,51310-2020-03-studentloan.xlsx,Table 3,false,51310,Table 3. / Outstanding Guaranteed Loans / Administrative Account / Budget Authority,fiscal_year,2022,2022,2022,12,6
Student Loans,Budget Authority,2023,382.0,Millions of dollars,51310-2020-03-studentloan.xlsx,Table 3,false,51310,Table 3. / Outstanding Guaranteed Loans / Administrative Account / Budget Authority,fiscal_year,2023,2023,2023,12,7
Student Loans,Budget Authority,2024,372.0,Millions of dollars,51310-2020-03-studentloan.xlsx,Table 3,false,51310,Table 3. / Outstanding Guaranteed Loans / Administrative Account / Budget Authority,fiscal_year,2024,2024,2024,12,8
Student Loans,Budget Authority,2025,361.0,Millions of dollars,51310-2020-03-studentloan.xlsx,Table 3,false,51310,Table 3. / Outstanding Guaranteed Loans / Administrative Account / Budget Authority,fiscal_year,2025,2025,2025,12,9
Student Loans,Budget Authority,2026,350.0,Millions of dollars,51310-2020-03-studentloan.xlsx,Table 3,false,51310,Table 3. / Outstanding Guaranteed Loans / Administrative Account / Budget Authority,fiscal_year,2026,2026,2026,12,10
Student Loans,Budget Authority,2027,338.0,Millions of dollars,51310-2020-03-studentloan.xlsx,Table 3,false,51310,Table 3. / Outstanding Guaranteed Loans / Administrative Account / Budget Authority,fiscal_year,2027,2027,2027,12,11
Student Loans,Budget Authority,2028,326.0,Millions of dollars,51310-2020-03-studentloan.xlsx,Table 3,false,51310,Table 3. / Outstanding Guaranteed Loans / Administrative Account / Budget Authority,fiscal_year,2028,2028,2028,12,12
Student Loans,Budget Authority,2029,312.0,Millions of dollars,51310-2020-03-studentloan.xlsx,Table 3,false,51310,Table 3. / Outstanding Guaranteed Loans / Administrative Account / Budget Authority,fiscal_year,2029,2029,2029,12,13
Student Loans,Budget Authority,2030,297.0,Millions of dollars,51310-2020-03-studentloan.xlsx,Table 3,false,51310,Table 3. / Outstanding Guaranteed Loans / Administrative Account / Budget Authority,fiscal_year,2030,2030,2030,12,14
Student Loans,Outlays,2020,409.0,Millions of dollars,51310-2020-03-studentloan.xlsx,Table 3,false,51310,Table 3. / Outstanding Guaranteed Loans / Administrative Account / Outlays,fiscal_year,2020,2020,2020,13,4
Student Loans,Outlays,2021,400.0,Millions of dollars,51310-2020-03-studentloan.xlsx,Table 3,false,51310,Table 3. / Outstanding Guaranteed Loans / Administrative Account / Outlays,fiscal_year,2021,2021,2021,13,5
Student Loans,Outlays,2022,393.0,Millions of dollars,51310-2020-03-studentloan.xlsx,Table 3,false,51310,Table 3. / Outstanding Guaranteed Loans / Administrative Account / Outlays,fiscal_year,2022,2022,2022,13,6
Student Loans,Outlays,2023,384.0,Millions of dollars,51310-2020-03-studentloan.xlsx,Table 3,false,51310,Table 3. / Outstanding Guaranteed Loans / Administrative Account / Outlays,fiscal_year,2023,2023,2023,13,7
Student Loans,Outlays,2024,374.0,Millions of dollars,51310-2020-03-studentloan.xlsx,Table 3,false,51310,Table 3. / Outstanding Guaranteed Loans / Administrative Account / Outlays,fiscal_year,2024,2024,2024,13,8
Student Loans,Outlays,2025,363.0,Millions of dollars,51310-2020-03-studentloan.xlsx,Table 3,false,51310,Table 3. / Outstanding Guaranteed Loans / Administrative Account / Outlays,fiscal_year,2025,2025,2025,13,9
Student Loans,Outlays,2026,353.0,Millions of dollars,51310-2020-03-studentloan.xlsx,Table 3,false,51310,Table 3. / Outstanding Guaranteed Loans / Administrative Account / Outlays,fiscal_year,2026,2026,2026,13,10
Student Loans,Outlays,2027,341.0,Millions of dollars,51310-2020-03-studentloan.xlsx,Table 3,false,51310,Table 3. / Outstanding Guaranteed Loans / Administrative Account / Outlays,fiscal_year,2027,2027,2027,13,11
Student Loans,Outlays,2028,329.0,Millions of dollars,51310-2020-03-studentloan.xlsx,Table 3,false,51310,Table 3. / Outstanding Guaranteed Loans / Administrative Account / Outlays,fiscal_year,2028,2028,2028,13,12
Student Loans,Outlays,2029,315.0,Millions of dollars,51310-2020-03-studentloan.xlsx,Table 3,false,51310,Table 3. / Outstanding Guaranteed Loans / Administrative Account / Outlays,fiscal_year,2029,2029,2029,13,13
Student Loans,Outlays,2030,301.0,Millions of dollars,51310-2020-03-studentloan.xlsx,Table 3,false,51310,Table 3. / Outstanding Guaranteed Loans / Administrative Account / Outlays,fiscal_year,2030,2030,2030,13,14
Student Loans,Budget Authority,2020,10.0,Millions of dollars,51310-2020-03-studentloan.xlsx,Table 3,false,51310,Table 3. / Outstanding Guaranteed Loans / Default Prevention Fee Paid / Budget Authority,fiscal_year,2020,2020,2020,15,4
Student Loans,Budget Authority,2021,10.0,Millions of dollars,51310-2020-03-studentloan.xlsx,Table 3,false,51310,Table 3. / Outstanding Guaranteed Loans / Default Prevention Fee Paid / Budget Authority,fiscal_year,2021,2021,2021,15,5
Student Loans,Budget Authority,2022,9.0,Millions of dollars,51310-2020-03-studentloan.xlsx,Table 3,false,51310,Table 3. / Outstanding Guaranteed Loans / Default Prevention Fee Paid / Budget Authority,fiscal_year,2022,2022,2022,15,6
Student Loans,Budget Authority,2023,9.0,Millions of dollars,51310-2020-03-studentloan.xlsx,Table 3,false,51310,Table 3. / Outstanding Guaranteed Loans / Default Prevention Fee Paid / Budget Authority,fiscal_year,2023,2023,2023,15,7
Student Loans,Budget Authority,2024,9.0,Millions of dollars,51310-2020-03-studentloan.xlsx,Table 3,false,51310,Table 3. / Outstanding Guaranteed Loans / Default Prevention Fee Paid / Budget Authority,fiscal_year,2024,2024,2024,15,8
Student Loans,Budget Authority,2025,9.0,Millions of dollars,51310-2020-03-studentloan.xlsx,Table 3,false,51310,Table 3. / Outstanding Guaranteed Loans / Default Prevention Fee Paid / Budget Authority,fiscal_year,2025,2025,2025,15,9
Student Loans,Budget Authority,2026,8.0,Millions of dollars,51310-2020-03-studentloan.xlsx,Table 3,false,51310,Table 3. / Outstanding Guaranteed Loans / Default Prevention Fee Paid / Budget Authority,fiscal_year,2026,2026,2026,15,10
Student Loans,Budget Authority,2027,8.0,Millions of dollars,51310-2020-03-studentloan.xlsx,Table 3,false,51310,Table 3. / Outstanding Guaranteed Loans / Default Prevention Fee Paid / Budget Authority,fiscal_year,2027,2027,2027,15,11
Student Loans,Budget Authority,2028,8.0,Millions of dollars,51310-2020-03-studentloan.xlsx,Table 3,false,51310,Table 3. / Outstanding Guaranteed Loans / Default Prevention Fee Paid / Budget Authority,fiscal_year,2028,2028,2028,15,12
Student Loans,Budget Authority,2029,8.0,Millions of dollars,51310-2020-03-studentloan.xlsx,Table 3,false,51310,Table 3. / Outstanding Guaranteed Loans / Default Prevention Fee Paid / Budget Authority,fiscal_year,2029,2029,2029,15,13
Student Loans,Budget Authority,2030,7.0,Millions of dollars,51310-2020-03-studentloan.xlsx,Table 3,false,51310,Table 3. / Outstanding Guaranteed Loans / Default Prevention Fee Paid / Budget Authority,fiscal_year,2030,2030,2030,15,14
Student Loans,Outlays,2020,10.0,Millions of dollars,51310-2020-03-studentloan.xlsx,Table 3,false,51310,Table 3. / Outstanding Guaranteed Loans / to Guaranty Agencies a / Outlays,fiscal_year,2020,2020,2020,16,4
Student Loans,Outlays,2021,10.0,Millions of dollars,51310-2020-03-studentloan.xlsx,Table 3,false,51310,Table 3. / Outstanding Guaranteed Loans / to Guaranty Agencies a / Outlays,fiscal_year,2021,2021,2021,16,5
Student Loans,Outlays,2022,9.0,Millions of dollars,51310-2020-03-studentloan.xlsx,Table 3,false,51310,Table 3. / Outstanding Guaranteed Loans / to Guaranty Agencies a / Outlays,fiscal_year,2022,2022,2022,16,6
Student Loans,Outlays,2023,9.0,Millions of dollars,51310-2020-03-studentloan.xlsx,Table 3,false,51310,Table 3. / Outstanding Guaranteed Loans / to Guaranty Agencies a / Outlays,fiscal_year,2023,2023,2023,16,7
Student Loans,Outlays,2024,9.0,Millions of dollars,51310-2020-03-studentloan.xlsx,Table 3,false,51310,Table 3. / Outstanding Guaranteed Loans / to Guaranty Agencies a / Outlays,fiscal_year,2024,2024,2024,16,8
Student Loans,Outlays,2025,9.0,Millions of dollars,51310-2020-03-studentloan.xlsx,Table 3,false,51310,Table 3. / Outstanding Guaranteed Loans / to Guaranty Agencies a / Outlays,fiscal_year,2025,2025,2025,16,9
Student Loans,Outlays,2026,8.0,Millions of dollars,51310-2020-03-studentloan.xlsx,Table 3,false,51310,Table 3. / Outstanding Guaranteed Loans / to Guaranty Agencies a / Outlays,fiscal_year,2026,2026,2026,16,10
Student Loans,Outlays,2027,8.0,Millions of dollars,51310-2020-03-studentloan.xlsx,Table 3,false,51310,Table 3. / Outstanding Guaranteed Loans / to Guaranty Agencies a / Outlays,fiscal_year,2027,2027,2027,16,11
Student Loans,Outlays,2028,8.0,Millions of dollars,51310-2020-03-studentloan.xlsx,Table 3,false,51310,Table 3. / Outstanding Guaranteed Loans / to Guaranty Agencies a / Outlays,fiscal_year,2028,2028,2028,16,12
Student Loans,Outlays,2029,8.0,Millions of dollars,51310-2020-03-studentloan.xlsx,Table 3,false,51310,Table 3. / Outstanding Guaranteed Loans / to Guaranty Agencies a / Outlays,fiscal_year,2029,2029,2029,16,13
Student Loans,Outlays,2030,7.0,Millions of dollars,51310-2020-03-studentloan.xlsx,Table 3,false,51310,Table 3. / Outstanding Guaranteed Loans / to Guaranty Agencies a / Outlays,fiscal_year,2030,2030,2030,16,14
Student Loans,Budget Authority,2020,0.0,Millions of dollars,51310-2020-03-studentloan.xlsx,Table 3,false,51310,Table 3. / Outstanding Guaranteed Loans / Loan Collection Costs / Budget Authority,fiscal_year,2020,2020,2020,18,4
Student Loans,Budget Authority,2021,0.0,Millions of dollars,51310-2020-03-studentloan.xlsx,Table 3,false,51310,Table 3. / Outstanding Guaranteed Loans / Loan Collection Costs / Budget Authority,fiscal_year,2021,2021,2021,18,5
Student Loans,Budget Authority,2022,0.0,Millions of dollars,51310-2020-03-studentloan.xlsx,Table 3,false,51310,Table 3. / Outstanding Guaranteed Loans / Loan Collection Costs / Budget Authority,fiscal_year,2022,2022,2022,18,6
Student Loans,Budget Authority,2023,0.0,Millions of dollars,51310-2020-03-studentloan.xlsx,Table 3,false,51310,Table 3. / Outstanding Guaranteed Loans / Loan Collection Costs / Budget Authority,fiscal_year,2023,2023,2023,18,7
Student Loans,Budget Authority,2024,0.0,Millions of dollars,51310-2020-03-studentloan.xlsx,Table 3,false,51310,Table 3. / Outstanding Guaranteed Loans / Loan Collection Costs / Budget Authority,fiscal_year,2024,2024,2024,18,8
Student Loans,Budget Authority,2025,0.0,Millions of dollars,51310-2020-03-studentloan.xlsx,Table 3,false,51310,Table 3. / Outstanding Guaranteed Loans / Loan Collection Costs / Budget Authority,fiscal_year,2025,2025,2025,18,9
Student Loans,Budget Authority,2026,0.0,Millions of dollars,51310-2020-03-studentloan.xlsx,Table 3,false,51310,Table 3. / Outstanding Guaranteed Loans / Loan Collection Costs / Budget Authority,fiscal_year,2026,2026,2026,18,10
Student Loans,Budget Authority,2027,0.0,Millions of dollars,51310-2020-03-studentloan.xlsx,Table 3,false,51310,Table 3. / Outstanding Guaranteed Loans / Loan Collection Costs / Budget Authority,fiscal_year,2027,2027,2027,18,11
Student Loans,Budget Authority,2028,0.0,Millions of dollars,51310-2020-03-studentloan.xlsx,Table 3,false,51310,Table 3. / Outstanding Guaranteed Loans / Loan Collection Costs / Budget Authority,fiscal_year,2028,2028,2028,18,12
Student Loans,Budget Authority,2029,0.0,Millions of dollars,51310-2020-03-studentloan.xlsx,Table 3,false,51310,Table 3. / Outstanding Guaranteed Loans / Loan Collection Costs / Budget Authority,fiscal_year,2029,2029,2029,18,13
Student Loans,Budget Authority,2030,0.0,Millions of dollars,51310-2020-03-studentloan.xlsx,Table 3,false,51310,Table 3. / Outstanding Guaranteed Loans / Loan Collection Costs / Budget Authority,fiscal_year,2030,2030,2030,18,14
Student Loans,Outlays,2020,7.0,Millions of dollars,51310-2020-03-studentloan.xlsx,Table 3,false,51310,Table 3. / Outstanding Guaranteed Loans / on Pre-1992 loans a / Outlays,fiscal_year,2020,2020,2020,19,4
Student Loans,Outlays,2021,4.0,Millions of dollars,51310-2020-03-studentloan.xlsx,Table 3,false,51310,Table 3. / Outstanding Guaranteed Loans / on Pre-1992 loans a / Outlays,fiscal_year,2021,2021,2021,19,5
Student Loans,Outlays,2022,3.0,Millions of dollars,51310-2020-03-studentloan.xlsx,Table 3,false,51310,Table 3. / Outstanding Guaranteed Loans / on Pre-1992 loans a / Outlays,fiscal_year,2022,2022,2022,19,6
Student Loans,Outlays,2023,2.0,Millions of dollars,51310-2020-03-studentloan.xlsx,Table 3,false,51310,Table 3. / Outstanding Guaranteed Loans / on Pre-1992 loans a / Outlays,fiscal_year,2023,2023,2023,19,7
Student Loans,Outlays,2024,2.0,Millions of dollars,51310-2020-03-studentloan.xlsx,Table 3,false,51310,Table 3. / Outstanding Guaranteed Loans / on Pre-1992 loans a / Outlays,fiscal_year,2024,2024,2024,19,8
Student Loans,Outlays,2025,1.0,Millions of dollars,51310-2020-03-studentloan.xlsx,Table 3,false,51310,Table 3. / Outstanding Guaranteed Loans / on Pre-1992 loans a / Outlays,fiscal_year,2025,2025,2025,19,9
Student Loans,Outlays,2026,1.0,Millions of dollars,51310-2020-03-studentloan.xlsx,Table 3,false,51310,Table 3. / Outstanding Guaranteed Loans / on Pre-1992 loans a / Outlays,fiscal_year,2026,2026,2026,19,10
Student Loans,Outlays,2027,1.0,Millions of dollars,51310-2020-03-studentloan.xlsx,Table 3,false,51310,Table 3. / Outstanding Guaranteed Loans / on Pre-1992 loans a / Outlays,fiscal_year,2027,2027,2027,19,11
Student Loans,Outlays,2028,1.0,Millions of dollars,51310-2020-03-studentloan.xlsx,Table 3,false,51310,Table 3. / Outstanding Guaranteed Loans / on Pre-1992 loans a / Outlays,fiscal_year,2028,2028,2028,19,12
Student Loans,Outlays,2029,1.0,Millions of dollars,51310-2020-03-studentloan.xlsx,Table 3,false,51310,Table 3. / Outstanding Guaranteed Loans / on Pre-1992 loans a / Outlays,fiscal_year,2029,2029,2029,19,13
Student Loans,Outlays,2030,1.0,Millions of dollars,51310-2020-03-studentloan.xlsx,Table 3,false,51310,Table 3. / Outstanding Guaranteed Loans / on Pre-1992 loans a / Outlays,fiscal_year,2030,2030,2030,19,14
Student Loans,Budget Authority,2020,415.0,Millions of dollars,51310-2020-03-studentloan.xlsx,Table 3,true,51310,"Table 3. / Outstanding Guaranteed Loans / Subtotal, Mandatory / Budget Authority",fiscal_year,2020,2020,2020,21,4
Student Loans,Budget Authority,2021,408.0,Millions of dollars,51310-2020-03-studentloan.xlsx,Table 3,true,51310,"Table 3. / Outstanding Guaranteed Loans / Subtotal, Mandatory / Budget Authority",fiscal_year,2021,2021,2021,21,5
Student Loans,Budget Authority,2022,400.0,Millions of dollars,51310-2020-03-studentloan.xlsx,Table 3,true,51310,"Table 3. / Outstanding Guaranteed Loans / Subtotal, Mandatory / Budget Authority",fiscal_year,2022,2022,2022,21,6
Student Loans,Budget Authority,2023,391.0,Millions of dollars,51310-2020-03-studentloan.xlsx,Table 3,true,51310,"Table 3. / Outstanding Guaranteed Loans / Subtotal, Mandatory / Budget Authority",fiscal_year,2023,2023,2023,21,7
Student Loans,Budget Authority,2024,381.0,Millions of dollars,51310-2020-03-studentloan.xlsx,Table 3,true,51310,"Table 3. / Outstanding Guaranteed Loans / Subtotal, Mandatory / Budget Authority",fiscal_year,2024,2024,2024,21,8
Student Loans,Budget Authority,2025,370.0,Millions of dollars,51310-2020-03-studentloan.xlsx,Table 3,true,51310,"Table 3. / Outstanding Guaranteed Loans / Subtotal, Mandatory / Budget Authority",fiscal_year,2025,2025,2025,21,9
Student Loans,Budget Authority,2026,358.0,Millions of dollars,51310-2020-03-studentloan.xlsx,Table 3,true,51310,"Table 3. / Outstanding Guaranteed Loans / Subtotal, Mandatory / Budget Authority",fiscal_year,2026,2026,2026,21,10
Student Loans,Budget Authority,2027,346.0,Millions of dollars,51310-2020-03-studentloan.xlsx,Table 3,true,51310,"Table 3. / Outstanding Guaranteed Loans / Subtotal, Mandatory / Budget Authority",fiscal_year,2027,2027,2027,21,11
Student Loans,Budget Authority,2028,334.0,Millions of dollars,51310-2020-03-studentloan.xlsx,Table 3,true,51310,"Table 3. / Outstanding Guaranteed Loans / Subtotal, Mandatory / Budget Authority",fiscal_year,2028,2028,2028,21,12
Student Loans,Budget Authority,2029,320.0,Millions of dollars,51310-2020-03-studentloan.xlsx,Table 3,true,51310,"Table 3. / Outstanding Guaranteed Loans / Subtotal, Mandatory / Budget Authority",fiscal_year,2029,2029,2029,21,13
Student Loans,Budget Authority,2030,304.0,Millions of dollars,51310-2020-03-studentloan.xlsx,Table 3,true,51310,"Table 3. / Outstanding Guaranteed Loans / Subtotal, Mandatory / Budget Authority",fiscal_year,2030,2030,2030,21,14
Student Loans,Outlays,2020,426.0,Millions of dollars,51310-2020-03-studentloan.xlsx,Table 3,true,51310,"Table 3. / Outstanding Guaranteed Loans / Subtotal, Mandatory / Outlays",fiscal_year,2020,2020,2020,22,4
Student Loans,Outlays,2021,414.0,Millions of dollars,51310-2020-03-studentloan.xlsx,Table 3,true,51310,"Table 3. / Outstanding Guaranteed Loans / Subtotal, Mandatory / Outlays",fiscal_year,2021,2021,2021,22,5
Student Loans,Outlays,2022,405.0,Millions of dollars,51310-2020-03-studentloan.xlsx,Table 3,true,51310,"Table 3. / Outstanding Guaranteed Loans / Subtotal, Mandatory / Outlays",fiscal_year,2022,2022,2022,22,6
Student Loans,Outlays,2023,395.0,Millions of dollars,51310-2020-03-studentloan.xlsx,Table 3,true,51310,"Table 3. / Outstanding Guaranteed Loans / Subtotal, Mandatory / Outlays",fiscal_year,2023,2023,2023,22,7
Student Loans,Outlays,2024,385.0,Millions of dollars,51310-2020-03-studentloan.xlsx,Table 3,true,51310,"Table 3. / Outstanding Guaranteed Loans / Subtotal, Mandatory / Outlays",fiscal_year,2024,2024,2024,22,8
Student Loans,Outlays,2025,373.0,Millions of dollars,51310-2020-03-studentloan.xlsx,Table 3,true,51310,"Table 3. / Outstanding Guaranteed Loans / Subtotal, Mandatory / Outlays",fiscal_year,2025,2025,2025,22,9
Student Loans,Outlays,2026,362.0,Millions of dollars,51310-2020-03-studentloan.xlsx,Table 3,true,51310,"Table 3. / Outstanding Guaranteed Loans / Subtotal, Mandatory / Outlays",fiscal_year,2026,2026,2026,22,10
Student Loans,Outlays,2027,350.0,Millions of dollars,51310-2020-03-studentloan.xlsx,Table 3,true,51310,"Table 3. / Outstanding Guaranteed Loans / Subtotal, Mandatory / Outlays",fiscal_year,2027,2027,2027,22,11
Student Loans,Outlays,2028,338.0,Millions of dollars,51310-2020-03-studentloan.xlsx,Table 3,true,51310,"Table 3. / Outstanding Guaranteed Loans / Subtotal, Mandatory / Outlays",fiscal_year,2028,2028,2028,22,12
Student Loans,Outlays,2029,324.0,Millions of dollars,51310-2020-03-studentloan.xlsx,Table 3,true,51310,"Table 3. / Outstanding Guaranteed Loans / Subtotal, Mandatory / Outlays",fiscal_year,2029,2029,2029,22,13
Student Loans,Outlays,2030,309.0,Millions of dollars,51310-2020-03-studentloan.xlsx,Table 3,true,51310,"Table 3. / Outstanding Guaranteed Loans / Subtotal, Mandatory / Outlays",fiscal_year,2030,2030,2030,22,14
Student Loans,Budget Authority,2020,899.0,Millions of dollars,51310-2020-03-studentloan.xlsx,Table 3,false,51310,Table 3. / Direct Loans / Administrative Account / Budget Authority,fiscal_year,2020,2020,2020,25,4
Student Loans,Budget Authority,2021,927.0,Millions of dollars,51310-2020-03-studentloan.xlsx,Table 3,false,51310,Table 3. / Direct Loans / Administrative Account / Budget Authority,fiscal_year,2021,2021,2021,25,5
Student Loans,Budget Authority,2022,965.0,Millions of dollars,51310-2020-03-studentloan.xlsx,Table 3,false,51310,Table 3. / Direct Loans / Administrative Account / Budget Authority,fiscal_year,2022,2022,2022,25,6
Student Loans,Budget Authority,2023,1013.0,Millions of dollars,51310-2020-03-studentloan.xlsx,Table 3,false,51310,Table 3. / Direct Loans / Administrative Account / Budget Authority,fiscal_year,2023,2023,2023,25,7
Student Loans,Budget Authority,2024,1070.0,Millions of dollars,51310-2020-03-studentloan.xlsx,Table 3,false,51310,Table 3. / Direct Loans / Administrative Account / Budget Authority,fiscal_year,2024,2024,2024,25,8
Student Loans,Budget Authority,2025,1118.0,Millions of dollars,51310-2020-03-studentloan.xlsx,Table 3,false,51310,Table 3. / Direct Loans / Administrative Account / Budget Authority,fiscal_year,2025,2025,2025,25,9
Student Loans,Budget Authority,2026,1156.0,Millions of dollars,51310-2020-03-studentloan.xlsx,Table 3,false,51310,Table 3. / Direct Loans / Administrative Account / Budget Authority,fiscal_year,2026,2026,2026,25,10
Student Loans,Budget Authority,2027,1195.0,Millions of dollars,51310-2020-03-studentloan.xlsx,Table 3,false,51310,Table 3. / Direct Loans / Administrative Account / Budget Authority,fiscal_year,2027,2027,2027,25,11
Student Loans,Budget Authority,2028,1236.0,Millions of dollars,51310-2020-03-studentloan.xlsx,Table 3,false,51310,Table 3. / Direct Loans / Administrative Account / Budget Authority,fiscal_year,2028,2028,2028,25,12
Student Loans,Budget Authority,2029,1279.0,Millions of dollars,51310-2020-03-studentloan.xlsx,Table 3,false,51310,Table 3. / Direct Loans / Administrative Account / Budget Authority,fiscal_year,2029,2029,2029,25,13
Student Loans,Budget Authority,2030,1323.0,Millions of dollars,51310-2020-03-studentloan.xlsx,Table 3,false,51310,Table 3. / Direct Loans / Administrative Account / Budget Authority,fiscal_year,2030,2030,2030,25,14
Student Loans,Outlays,2020,876.0,Millions of dollars,51310-2020-03-studentloan.xlsx,Table 3,false,51310,Table 3. / Direct Loans / Administrative Account / Outlays,fiscal_year,2020,2020,2020,26,4
Student Loans,Outlays,2021,920.0,Millions of dollars,51310-2020-03-studentloan.xlsx,Table 3,false,51310,Table 3. / Direct Loans / Administrative Account / Outlays,fiscal_year,2021,2021,2021,26,5
Student Loans,Outlays,2022,956.0,Millions of dollars,51310-2020-03-studentloan.xlsx,Table 3,false,51310,Table 3. / Direct Loans / Administrative Account / Outlays,fiscal_year,2022,2022,2022,26,6
Student Loans,Outlays,2023,1001.0,Millions of dollars,51310-2020-03-studentloan.xlsx,Table 3,false,51310,Table 3. / Direct Loans / Administrative Account / Outlays,fiscal_year,2023,2023,2023,26,7
Student Loans,Outlays,2024,1056.0,Millions of dollars,51310-2020-03-studentloan.xlsx,Table 3,false,51310,Table 3. / Direct Loans / Administrative Account / Outlays,fiscal_year,2024,2024,2024,26,8
Student Loans,Outlays,2025,1106.0,Millions of dollars,51310-2020-03-studentloan.xlsx,Table 3,false,51310,Table 3. / Direct Loans / Administrative Account / Outlays,fiscal_year,2025,2025,2025,26,9
Student Loans,Outlays,2026,1146.0,Millions of dollars,51310-2020-03-studentloan.xlsx,Table 3,false,51310,Table 3. / Direct Loans / Administrative Account / Outlays,fiscal_year,2026,2026,2026,26,10
Student Loans,Outlays,2027,1185.0,Millions of dollars,51310-2020-03-studentloan.xlsx,Table 3,false,51310,Table 3. / Direct Loans / Administrative Account / Outlays,fiscal_year,2027,2027,2027,26,11
Student Loans,Outlays,2028,1226.0,Millions of dollars,51310-2020-03-studentloan.xlsx,Table 3,false,51310,Table 3. / Direct Loans / Administrative Account / Outlays,fiscal_year,2028,2028,2028,26,12
Student Loans,Outlays,2029,1269.0,Millions of dollars,51310-2020-03-studentloan.xlsx,Table 3,false,51310,Table 3. / Direct Loans / Administrative Account / Outlays,fiscal_year,2029,2029,2029,26,13
Student Loans,Outlays,2030,1312.0,Millions of dollars,51310-2020-03-studentloan.xlsx,Table 3,false,51310,Table 3. / Direct Loans / Administrative Account / Outlays,fiscal_year,2030,2030,2030,26,14
Student Loans,Budget Authority,2020,899.0,Millions of dollars,51310-2020-03-studentloan.xlsx,Table 3,true,51310,"Table 3. / Direct Loans / Subtotal, Mandatory / Budget Authority",fiscal_year,2020,2020,2020,28,4
Student Loans,Budget Authority,2021,927.0,Millions of dollars,51310-2020-03-studentloan.xlsx,Table 3,true,51310,"Table 3. / Direct Loans / Subtotal, Mandatory / Budget Authority",fiscal_year,2021,2021,2021,28,5
Student Loans,Budget Authority,2022,965.0,Millions of dollars,51310-2020-03-studentloan.xlsx,Table 3,true,51310,"Table 3. / Direct Loans / Subtotal, Mandatory / Budget Authority",fiscal_year,2022,2022,2022,28,6
Student Loans,Budget Authority,2023,1013.0,Millions of dollars,51310-2020-03-studentloan.xlsx,Table 3,true,51310,"Table 3. / Direct Loans / Subtotal, Mandatory / Budget Authority",fiscal_year,2023,2023,2023,28,7
Student Loans,Budget Authority,2024,1070.0,Millions of dollars,51310-2020-03-studentloan.xlsx,Table 3,true,51310,"Table 3. / Direct Loans / Subtotal, Mandatory / Budget Authority",fiscal_year,2024,2024,2024,28,8
Student Loans,Budget Authority,2025,1118.0,Millions of dollars,51310-2020-03-studentloan.xlsx,Table 3,true,51310,"Table 3. / Direct Loans / Subtotal, Mandatory / Budget Authority",fiscal_year,2025,2025,2025,28,9
Student Loans,Budget Authority,2026,1156.0,Millions of dollars,51310-2020-03-studentloan.xlsx,Table 3,true,51310,"Table 3. / Direct Loans / Subtotal, Mandatory / Budget Authority",fiscal_year,2026,2026,2026,28,10
Student Loans,Budget Authority,2027,1195.0,Millions of dollars,51310-2020-03-studentloan.xlsx,Table 3,true,51310,"Table 3. / Direct Loans / Subtotal, Mandatory / Budget Authority",fiscal_year,2027,2027,2027,28,11
Student Loans,Budget Authority,2028,1236.0,Millions of dollars,51310-2020-03-studentloan.xlsx,Table 3,true,51310,"Table 3. / Direct Loans / Subtotal, Mandatory / Budget Authority",fiscal_year,2028,2028,2028,28,12
Student Loans,Budget Authority,2029,1279.0,Millions of dollars,51310-2020-03-studentloan.xlsx,Table 3,true,51310,"Table 3. / Direct Loans / Subtotal, Mandatory / Budget Authority",fiscal_year,2029,2029,2029,28,13
Student Loans,Budget Authority,2030,1323.0,Millions of dollars,51310-2020-03-studentloan.xlsx,Table 3,true,51310,"Table 3. / Direct Loans / Subtotal, Mandatory / Budget Authority",fiscal_year,2030,2030,2030,28,14
Student Loans,Outlays,2020,876.0,Millions of dollars,51310-2020-03-studentloan.xlsx,Table 3,true,51310,"Table 3. / Direct Loans / Subtotal, Mandatory / Outlays",fiscal_year,2020,2020,2020,29,4
Student Loans,Outlays,2021,920.0,Millions of dollars,51310-2020-03-studentloan.xlsx,Table 3,true,51310,"Table 3. / Direct Loans / Subtotal, Mandatory / Outlays",fiscal_year,2021,2021,2021,29,5
Student Loans,Outlays,2022,956.0,Millions of dollars,51310-2020-03-studentloan.xlsx,Table 3,true,51310,"Table 3. / Direct Loans / Subtotal, Mandatory / Outlays",fiscal_year,2022,2022,2022,29,6
Student Loans,Outlays,2023,1001.0,Millions of dollars,51310-2020-03-studentloan.xlsx,Table 3,true,51310,"Table 3. / Direct Loans / Subtotal, Mandatory / Outlays",fiscal_year,2023,2023,2023,29,7
Student Loans,Outlays,2024,1056.0,Millions of dollars,51310-2020-03-studentloan.xlsx,Table 3,true,51310,"Table 3. / Direct Loans / Subtotal, Mandatory / Outlays",fiscal_year,2024,2024,2024,29,8
Student Loans,Outlays,2025,1106.0,Millions of dollars,51310-2020-03-studentloan.xlsx,Table 3,true,51310,"Table 3. / Direct Loans / Subtotal, Mandatory / Outlays",fiscal_year,2025,2025,2025,29,9
Student Loans,Outlays,2026,1146.0,Millions of dollars,51310-2020-03-studentloan.xlsx,Table 3,true,51310,"Table 3. / Direct Loans / Subtotal, Mandatory / Outlays",fiscal_year,2026,2026,2026,29,10
Student Loans,Outlays,2027,1185.0,Millions of dollars,51310-2020-03-studentloan.xlsx,Table 3,true,51310,"Table 3. / Direct Loans / Subtotal, Mandatory / Outlays",fiscal_year,2027,2027,2027,29,11
Student Loans,Outlays,2028,1226.0,Millions of dollars,51310-2020-03-studentloan.xlsx,Table 3,true,51310,"Table 3. / Direct Loans / Subtotal, Mandatory / Outlays",fiscal_year,2028,2028,2028,29,12
Student Loans,Outlays,2029,1269.0,Millions of dollars,51310-2020-03-studentloan.xlsx,Table 3,true,51310,"Table 3. / Direct Loans / Subtotal, Mandatory / Outlays",fiscal_year,2029,2029,2029,29,13
Student Loans,Outlays,2030,1312.0,Millions of dollars,51310-2020-03-studentloan.xlsx,Table 3,true,51310,"Table 3. / Direct Loans / Subtotal, Mandatory / Outlays",fiscal_year,2030,2030,2030,29,14
Student Loans,Budget Authority,2020,1314.0,Millions of dollars,51310-2020-03-studentloan.xlsx,Table 3,true,51310,Table 3. / Direct Loans / Total Mandatory / Budget Authority,fiscal_year,2020,2020,2020,31,4
Student Loans,Budget Authority,2021,1335.0,Millions of dollars,51310-2020-03-studentloan.xlsx,Table 3,true,51310,Table 3. / Direct Loans / Total Mandatory / Budget Authority,fiscal_year,2021,2021,2021,31,5
Student Loans,Budget Authority,2022,1365.0,Millions of dollars,51310-2020-03-studentloan.xlsx,Table 3,true,51310,Table 3. / Direct Loans / Total Mandatory / Budget Authority,fiscal_year,2022,2022,2022,31,6
Student Loans,Budget Authority,2023,1404.0,Millions of dollars,51310-2020-03-studentloan.xlsx,Table 3,true,51310,Table 3. / Direct Loans / Total Mandatory / Budget Authority,fiscal_year,2023,2023,2023,31,7
Student Loans,Budget Authority,2024,1451.0,Millions of dollars,51310-2020-03-studentloan.xlsx,Table 3,true,51310,Table 3. / Direct Loans / Total Mandatory / Budget Authority,fiscal_year,2024,2024,2024,31,8
Student Loans,Budget Authority,2025,1488.0,Millions of dollars,51310-2020-03-studentloan.xlsx,Table 3,true,51310,Table 3. / Direct Loans / Total Mandatory / Budget Authority,fiscal_year,2025,2025,2025,31,9
Student Loans,Budget Authority,2026,1514.0,Millions of dollars,51310-2020-03-studentloan.xlsx,Table 3,true,51310,Table 3. / Direct Loans / Total Mandatory / Budget Authority,fiscal_year,2026,2026,2026,31,10
Student Loans,Budget Authority,2027,1541.0,Millions of dollars,51310-2020-03-studentloan.xlsx,Table 3,true,51310,Table 3. / Direct Loans / Total Mandatory / Budget Authority,fiscal_year,2027,2027,2027,31,11
Student Loans,Budget Authority,2028,1570.0,Millions of dollars,51310-2020-03-studentloan.xlsx,Table 3,true,51310,Table 3. / Direct Loans / Total Mandatory / Budget Authority,fiscal_year,2028,2028,2028,31,12
Student Loans,Budget Authority,2029,1599.0,Millions of dollars,51310-2020-03-studentloan.xlsx,Table 3,true,51310,Table 3. / Direct Loans / Total Mandatory / Budget Authority,fiscal_year,2029,2029,2029,31,13
Student Loans,Budget Authority,2030,1627.0,Millions of dollars,51310-2020-03-studentloan.xlsx,Table 3,true,51310,Table 3. / Direct Loans / Total Mandatory / Budget Authority,fiscal_year,2030,2030,2030,31,14
Student Loans,Outlays,2020,1302.0,Millions of dollars,51310-2020-03-studentloan.xlsx,Table 3,true,51310,Table 3. / Direct Loans / Total Mandatory / Outlays,fiscal_year,2020,2020,2020,32,4
Student Loans,Outlays,2021,1334.0,Millions of dollars,51310-2020-03-studentloan.xlsx,Table 3,true,51310,Table 3. / Direct Loans / Total Mandatory / Outlays,fiscal_year,2021,2021,2021,32,5
Student Loans,Outlays,2022,1361.0,Millions of dollars,51310-2020-03-studentloan.xlsx,Table 3,true,51310,Table 3. / Direct Loans / Total Mandatory / Outlays,fiscal_year,2022,2022,2022,32,6
Student Loans,Outlays,2023,1396.0,Millions of dollars,51310-2020-03-studentloan.xlsx,Table 3,true,51310,Table 3. / Direct Loans / Total Mandatory / Outlays,fiscal_year,2023,2023,2023,32,7
Student Loans,Outlays,2024,1441.0,Millions of dollars,51310-2020-03-studentloan.xlsx,Table 3,true,51310,Table 3. / Direct Loans / Total Mandatory / Outlays,fiscal_year,2024,2024,2024,32,8
Student Loans,Outlays,2025,1479.0,Millions of dollars,51310-2020-03-studentloan.xlsx,Table 3,true,51310,Table 3. / Direct Loans / Total Mandatory / Outlays,fiscal_year,2025,2025,2025,32,9
Student Loans,Outlays,2026,1508.0,Millions of dollars,51310-2020-03-studentloan.xlsx,Table 3,true,51310,Table 3. / Direct Loans / Total Mandatory / Outlays,fiscal_year,2026,2026,2026,32,10
Student Loans,Outlays,2027,1535.0,Millions of dollars,51310-2020-03-studentloan.xlsx,Table 3,true,51310,Table 3. / Direct Loans / Total Mandatory / Outlays,fiscal_year,2027,2027,2027,32,11
Student Loans,Outlays,2028,1564.0,Millions of dollars,51310-2020-03-studentloan.xlsx,Table 3,true,51310,Table 3. / Direct Loans / Total Mandatory / Outlays,fiscal_year,2028,2028,2028,32,12
Student Loans,Outlays,2029,1593.0,Millions of dollars,51310-2020-03-studentloan.xlsx,Table 3,true,51310,Table 3. / Direct Loans / Total Mandatory / Outlays,fiscal_year,2029,2029,2029,32,13
Student Loans,Outlays,2030,1621.0,Millions of dollars,51310-2020-03-studentloan.xlsx,Table 3,true,51310,Table 3. / Direct Loans / Total Mandatory / Outlays,fiscal_year,2030,2030,2030,32,14
Student Loans,Budget Authority,2020,1769.0,Millions of dollars,51310-2020-03-studentloan.xlsx,Table 3,true,51310,Table 3. / Direct Loans / Total Mandatory / Budget Authority,fiscal_year,2020,2020,2020,37,4
Student Loans,Budget Authority,2021,1812.0,Millions of dollars,51310-2020-03-studentloan.xlsx,Table 3,true,51310,Table 3. / Direct Loans / Total Mandatory / Budget Authority,fiscal_year,2021,2021,2021,37,5
Student Loans,Budget Authority,2022,1856.0,Millions of dollars,51310-2020-03-studentloan.xlsx,Table 3,true,51310,Table 3. / Direct Loans / Total Mandatory / Budget Authority,fiscal_year,2022,2022,2022,37,6
Student Loans,Budget Authority,2023,1900.0,Millions of dollars,51310-2020-03-studentloan.xlsx,Table 3,true,51310,Table 3. / Direct Loans / Total Mandatory / Budget Authority,fiscal_year,2023,2023,2023,37,7
Student Loans,Budget Authority,2024,1945.0,Millions of dollars,51310-2020-03-studentloan.xlsx,Table 3,true,51310,Table 3. / Direct Loans / Total Mandatory / Budget Authority,fiscal_year,2024,2024,2024,37,8
Student Loans,Budget Authority,2025,1991.0,Millions of dollars,51310-2020-03-studentloan.xlsx,Table 3,true,51310,Table 3. / Direct Loans / Total Mandatory / Budget Authority,fiscal_year,2025,2025,2025,37,9
Student Loans,Budget Authority,2026,2036.0,Millions of dollars,51310-2020-03-studentloan.xlsx,Table 3,true,51310,Table 3. / Direct Loans / Total Mandatory / Budget Authority,fiscal_year,2026,2026,2026,37,10
Student Loans,Budget Authority,2027,2083.0,Millions of dollars,51310-2020-03-studentloan.xlsx,Table 3,true,51310,Table 3. / Direct Loans / Total Mandatory / Budget Authority,fiscal_year,2027,2027,2027,37,11
Student Loans,Budget Authority,2028,2130.0,Millions of dollars,51310-2020-03-studentloan.xlsx,Table 3,true,51310,Table 3. / Direct Loans / Total Mandatory / Budget Authority,fiscal_year,2028,2028,2028,37,12
Student Loans,Budget Authority,2029,2177.0,Millions of dollars,51310-2020-03-studentloan.xlsx,Table 3,true,51310,Table 3. / Direct Loans / Total Mandatory / Budget Authority,fiscal_year,2029,2029,2029,37,13
Student Loans,Budget Authority,2030,2226.0,Millions of dollars,51310-2020-03-studentloan.xlsx,Table 3,true,51310,Table 3. / Direct Loans / Total Mandatory / Budget Authority,fiscal_year,2030,2030,2030,37,14
Student Loans,Outlays,2020,1723.0,Millions of dollars,51310-2020-03-studentloan.xlsx,Table 3,true,51310,Table 3. / Direct Loans / Total Mandatory / Outlays,fiscal_year,2020,2020,2020,38,4
Student Loans,Outlays,2021,1779.0,Millions of dollars,51310-2020-03-studentloan.xlsx,Table 3,true,51310,Table 3. / Direct Loans / Total Mandatory / Outlays,fiscal_year,2021,2021,2021,38,5
Student Loans,Outlays,2022,1826.0,Millions of dollars,51310-2020-03-studentloan.xlsx,Table 3,true,51310,Table 3. / Direct Loans / Total Mandatory / Outlays,fiscal_year,2022,2022,2022,38,6
Student Loans,Outlays,2023,1872.0,Millions of dollars,51310-2020-03-studentloan.xlsx,Table 3,true,51310,Table 3. / Direct Loans / Total Mandatory / Outlays,fiscal_year,2023,2023,2023,38,7
Student Loans,Outlays,2024,1916.0,Millions of dollars,51310-2020-03-studentloan.xlsx,Table 3,true,51310,Table 3. / Direct Loans / Total Mandatory / Outlays,fiscal_year,2024,2024,2024,38,8
Student Loans,Outlays,2025,1962.0,Millions of dollars,51310-2020-03-studentloan.xlsx,Table 3,true,51310,Table 3. / Direct Loans / Total Mandatory / Outlays,fiscal_year,2025,2025,2025,38,9
Student Loans,Outlays,2026,2007.0,Millions of dollars,51310-2020-03-studentloan.xlsx,Table 3,true,51310,Table 3. / Direct Loans / Total Mandatory / Outlays,fiscal_year,2026,2026,2026,38,10
Student Loans,Outlays,2027,2053.0,Millions of dollars,51310-2020-03-studentloan.xlsx,Table 3,true,51310,Table 3. / Direct Loans / Total Mandatory / Outlays,fiscal_year,2027,2027,2027,38,11
Student Loans,Outlays,2028,2100.0,Millions of dollars,51310-2020-03-studentloan.xlsx,Table 3,true,51310,Table 3. / Direct Loans / Total Mandatory / Outlays,fiscal_year,2028,2028,2028,38,12
Student Loans,Outlays,2029,2147.0,Millions of dollars,51310-2020-03-studentloan.xlsx,Table 3,true,51310,Table 3. / Direct Loans / Total Mandatory / Outlays,fiscal_year,2029,2029,2029,38,13
Student Loans,Outlays,2030,2195.0,Millions of dollars,51310-2020-03-studentloan.xlsx,Table 3,true,51310,Table 3. / Direct Loans / Total Mandatory / Outlays,fiscal_year,2030,2030,2030,38,14
Student Loans,Budget Authority,2020,3083.0,Millions of dollars,51310-2020-03-studentloan.xlsx,Table 3,true,51310,Table 3. / Direct Loans / Total Mandatory / Budget Authority,fiscal_year,2020,2020,2020,43,4
Student Loans,Budget Authority,2021,3147.0,Millions of dollars,51310-2020-03-studentloan.xlsx,Table 3,true,51310,Table 3. / Direct Loans / Total Mandatory / Budget Authority,fiscal_year,2021,2021,2021,43,5
Student Loans,Budget Authority,2022,3221.0,Millions of dollars,51310-2020-03-studentloan.xlsx,Table 3,true,51310,Table 3. / Direct Loans / Total Mandatory / Budget Authority,fiscal_year,2022,2022,2022,43,6
Student Loans,Budget Authority,2023,3304.0,Millions of dollars,51310-2020-03-studentloan.xlsx,Table 3,true,51310,Table 3. / Direct Loans / Total Mandatory / Budget Authority,fiscal_year,2023,2023,2023,43,7
Student Loans,Budget Authority,2024,3396.0,Millions of dollars,51310-2020-03-studentloan.xlsx,Table 3,true,51310,Table 3. / Direct Loans / Total Mandatory / Budget Authority,fiscal_year,2024,2024,2024,43,8
Student Loans,Budget Authority,2025,3479.0,Millions of dollars,51310-2020-03-studentloan.xlsx,Table 3,true,51310,Table 3. / Direct Loans / Total Mandatory / Budget Authority,fiscal_year,2025,2025,2025,43,9
Student Loans,Budget Authority,2026,3550.0,Millions of dollars,51310-2020-03-studentloan.xlsx,Table 3,true,51310,Table 3. / Direct Loans / Total Mandatory / Budget Authority,fiscal_year,2026,2026,2026,43,10
Student Loans,Budget Authority,2027,3624.0,Millions of dollars,51310-2020-03-studentloan.xlsx,Table 3,true,51310,Table 3. / Direct Loans / Total Mandatory / Budget Authority,fiscal_year,2027,2027,2027,43,11
Student Loans,Budget Authority,2028,3700.0,Millions of dollars,51310-2020-03-studentloan.xlsx,Table 3,true,51310,Table 3. / Direct Loans / Total Mandatory / Budget Authority,fiscal_year,2028,2028,2028,43,12
Student Loans,Budget Authority,2029,3776.0,Millions of dollars,51310-2020-03-studentloan.xlsx,Table 3,true,51310,Table 3. / Direct Loans / Total Mandatory / Budget Authority,fiscal_year,2029,2029,2029,43,13
Student Loans,Budget Authority,2030,3853.0,Millions of dollars,51310-2020-03-studentloan.xlsx,Table 3,true,51310,Table 3. / Direct Loans / Total Mandatory / Budget Authority,fiscal_year,2030,2030,2030,43,14
Student Loans,Outlays,2020,3025.0,Millions of dollars,51310-2020-03-studentloan.xlsx,Table 3,true,51310,Table 3. / Direct Loans / Total Mandatory / Outlays,fiscal_year,2020,2020,2020,44,4
Student Loans,Outlays,2021,3113.0,Millions of dollars,51310-2020-03-studentloan.xlsx,Table 3,true,51310,Table 3. / Direct Loans / Total Mandatory / Outlays,fiscal_year,2021,2021,2021,44,5
Student Loans,Outlays,2022,3187.0,Millions of dollars,51310-2020-03-studentloan.xlsx,Table 3,true,51310,Table 3. / Direct Loans / Total Mandatory / Outlays,fiscal_year,2022,2022,2022,44,6
Student Loans,Outlays,2023,3268.0,Millions of dollars,51310-2020-03-studentloan.xlsx,Table 3,true,51310,Table 3. / Direct Loans / Total Mandatory / Outlays,fiscal_year,2023,2023,2023,44,7
Student Loans,Outlays,2024,3357.0,Millions of dollars,51310-2020-03-studentloan.xlsx,Table 3,true,51310,Table 3. / Direct Loans / Total Mandatory / Outlays,fiscal_year,2024,2024,2024,44,8
Student Loans,Outlays,2025,3441.0,Millions of dollars,51310-2020-03-studentloan.xlsx,Table 3,true,51310,Table 3. / Direct Loans / Total Mandatory / Outlays,fiscal_year,2025,2025,2025,44,9
Student Loans,Outlays,2026,3515.0,Millions of dollars,51310-2020-03-studentloan.xlsx,Table 3,true,51310,Table 3. / Direct Loans / Total Mandatory / Outlays,fiscal_year,2026,2026,2026,44,10
Student Loans,Outlays,2027,3588.0,Millions of dollars,51310-2020-03-studentloan.xlsx,Table 3,true,51310,Table 3. / Direct Loans / Total Mandatory / Outlays,fiscal_year,2027,2027,2027,44,11
Student Loans,Outlays,2028,3664.0,Millions of dollars,51310-2020-03-studentloan.xlsx,Table 3,true,51310,Table 3. / Direct Loans / Total Mandatory / Outlays,fiscal_year,2028,2028,2028,44,12
Student Loans,Outlays,2029,3740.0,Millions of dollars,51310-2020-03-studentloan.xlsx,Table 3,true,51310,Table 3. / Direct Loans / Total Mandatory / Outlays,fiscal_year,2029,2029,2029,44,13
Student Loans,Outlays,2030,3816.0,Millions of dollars,51310-2020-03-studentloan.xlsx,Table 3,true,51310,Table 3. / Direct Loans / Total Mandatory / Outlays,fiscal_year,2030,2030,2030,44,14
Student Loans,10-year Treasury + 2.05% Capped 8.25%,2013,0.0,Percent,51310-2020-03-studentloan.xlsx,Table 4,false,51310,Table 4. / Subsidized and Unsubsidized Loans to Undergraduate Students / 10-year Treasury + 2.05% Capped 8.25%,fiscal_year,2013,2013,2013,12,4
Student Loans,10-year Treasury + 3.60% Capped 9.50%,2013,0.0,Percent,51310-2020-03-studentloan.xlsx,Table 4,false,51310,Table 4. / Unsubsidized Loans to Graduate Students / 10-year Treasury + 3.60% Capped 9.50%,fiscal_year,2013,2013,2013,15,4
Student Loans,10-year Treasury + 4.60% Capped 10.50%,2013,0.0,Percent,51310-2020-03-studentloan.xlsx,Table 4,false,51310,Table 4. / PLUS Loans to Graduate Students and Parents / 10-year Treasury + 4.60% Capped 10.50%,fiscal_year,2013,2013,2013,18,4
Student Loans,Budget Authority,2020,28502.0,Millions of dollars,51310-2020-03-studentloan.xlsx,Table 5,false,51310,Table 5. / Direct Student Loans / Program Costs / Budget Authority,fiscal_year,2020,2020,2020,11,5
Student Loans,Budget Authority,2021,18470.0,Millions of dollars,51310-2020-03-studentloan.xlsx,Table 5,false,51310,Table 5. / Direct Student Loans / Program Costs / Budget Authority,fiscal_year,2021,2021,2021,11,6
Student Loans,Budget Authority,2022,19185.0,Millions of dollars,51310-2020-03-studentloan.xlsx,Table 5,false,51310,Table 5. / Direct Student Loans / Program Costs / Budget Authority,fiscal_year,2022,2022,2022,11,7
Student Loans,Budget Authority,2023,20062.0,Millions of dollars,51310-2020-03-studentloan.xlsx,Table 5,false,51310,Table 5. / Direct Student Loans / Program Costs / Budget Authority,fiscal_year,2023,2023,2023,11,8
Student Loans,Budget Authority,2024,20884.0,Millions of dollars,51310-2020-03-studentloan.xlsx,Table 5,false,51310,Table 5. / Direct Student Loans / Program Costs / Budget Authority,fiscal_year,2024,2024,2024,11,9
Student Loans,Budget Authority,2025,21409.0,Millions of dollars,51310-2020-03-studentloan.xlsx,Table 5,false,51310,Table 5. / Direct Student Loans / Program Costs / Budget Authority,fiscal_year,2025,2025,2025,11,10
Student Loans,Budget Authority,2026,22310.0,Millions of dollars,51310-2020-03-studentloan.xlsx,Table 5,false,51310,Table 5. / Direct Student Loans / Program Costs / Budget Authority,fiscal_year,2026,2026,2026,11,11
Student Loans,Budget Authority,2027,22664.0,Millions of dollars,51310-2020-03-studentloan.xlsx,Table 5,false,51310,Table 5. / Direct Student Loans / Program Costs / Budget Authority,fiscal_year,2027,2027,2027,11,12
Student Loans,Budget Authority,2028,23120.0,Millions of dollars,51310-2020-03-studentloan.xlsx,Table 5,false,51310,Table 5. / Direct Student Loans / Program Costs / Budget Authority,fiscal_year,2028,2028,2028,11,13
Student Loans,Budget Authority,2029,23458.0,Millions of dollars,51310-2020-03-studentloan.xlsx,Table 5,false,51310,Table 5. / Direct Student Loans / Program Costs / Budget Authority,fiscal_year,2029,2029,2029,11,14
Student Loans,Budget Authority,2030,24226.0,Millions of dollars,51310-2020-03-studentloan.xlsx,Table 5,false,51310,Table 5. / Direct Student Loans / Program Costs / Budget Authority,fiscal_year,2030,2030,2030,11,15
Student Loans,Outlays,2020,24809.0,Millions of dollars,51310-2020-03-studentloan.xlsx,Table 5,false,51310,Table 5. / Direct Student Loans / Program Costs / Outlays,fiscal_year,2020,2020,2020,12,5
Student Loans,Outlays,2021,15799.0,Millions of dollars,51310-2020-03-studentloan.xlsx,Table 5,false,51310,Table 5. / Direct Student Loans / Program Costs / Outlays,fiscal_year,2021,2021,2021,12,6
Student Loans,Outlays,2022,16651.0,Millions of dollars,51310-2020-03-studentloan.xlsx,Table 5,false,51310,Table 5. / Direct Student Loans / Program Costs / Outlays,fiscal_year,2022,2022,2022,12,7
Student Loans,Outlays,2023,17376.0,Millions of dollars,51310-2020-03-studentloan.xlsx,Table 5,false,51310,Table 5. / Direct Student Loans / Program Costs / Outlays,fiscal_year,2023,2023,2023,12,8
Student Loans,Outlays,2024,18122.0,Millions of dollars,51310-2020-03-studentloan.xlsx,Table 5,false,51310,Table 5. / Direct Student Loans / Program Costs / Outlays,fiscal_year,2024,2024,2024,12,9
Student Loans,Outlays,2025,18679.0,Millions of dollars,51310-2020-03-studentloan.xlsx,Table 5,false,51310,Table 5. / Direct Student Loans / Program Costs / Outlays,fiscal_year,2025,2025,2025,12,10
Student Loans,Outlays,2026,19357.0,Millions of dollars,51310-2020-03-studentloan.xlsx,Table 5,false,51310,Table 5. / Direct Student Loans / Program Costs / Outlays,fiscal_year,2026,2026,2026,12,11
Student Loans,Outlays,2027,19833.0,Millions of dollars,51310-2020-03-studentloan.xlsx,Table 5,false,51310,Table 5. / Direct Student Loans / Program Costs / Outlays,fiscal_year,2027,2027,2027,12,12
Student Loans,Outlays,2028,20202.0,Millions of dollars,51310-2020-03-studentloan.xlsx,Table 5,false,51310,Table 5. / Direct Student Loans / Program Costs / Outlays,fiscal_year,2028,2028,2028,12,13
Student Loans,Outlays,2029,20531.0,Millions of dollars,51310-2020-03-studentloan.xlsx,Table 5,false,51310,Table 5. / Direct Student Loans / Program Costs / Outlays,fiscal_year,2029,2029,2029,12,14
Student Loans,Outlays,2030,21084.0,Millions of dollars,51310-2020-03-studentloan.xlsx,Table 5,false,51310,Table 5. / Direct Student Loans / Program Costs / Outlays,fiscal_year,2030,2030,2030,12,15
Student Loans,Budget Authority,2020,6395.0,Millions of dollars,51310-2020-03-studentloan.xlsx,Table 5,false,51310,Table 5. / Direct Student Loans / Guaranteed Loan Program Account (Subsidy) / Budget Authority,fiscal_year,2020,2020,2020,13,5
Student Loans,Budget Authority,2021,0.0,Millions of dollars,51310-2020-03-studentloan.xlsx,Table 5,false,51310,Table 5. / Direct Student Loans / Guaranteed Loan Program Account (Subsidy) / Budget Authority,fiscal_year,2021,2021,2021,13,6
Student Loans,Budget Authority,2022,0.0,Millions of dollars,51310-2020-03-studentloan.xlsx,Table 5,false,51310,Table 5. / Direct Student Loans / Guaranteed Loan Program Account (Subsidy) / Budget Authority,fiscal_year,2022,2022,2022,13,7
Student Loans,Budget Authority,2023,0.0,Millions of dollars,51310-2020-03-studentloan.xlsx,Table 5,false,51310,Table 5. / Direct Student Loans / Guaranteed Loan Program Account (Subsidy) / Budget Authority,fiscal_year,2023,2023,2023,13,8
Student Loans,Budget Authority,2024,0.0,Millions of dollars,51310-2020-03-studentloan.xlsx,Table 5,false,51310,Table 5. / Direct Student Loans / Guaranteed Loan Program Account (Subsidy) / Budget Authority,fiscal_year,2024,2024,2024,13,9
Student Loans,Budget Authority,2025,0.0,Millions of dollars,51310-2020-03-studentloan.xlsx,Table 5,false,51310,Table 5. / Direct Student Loans / Guaranteed Loan Program Account (Subsidy) / Budget Authority,fiscal_year,2025,2025,2025,13,10
Student Loans,Budget Authority,2026,0.0,Millions of dollars,51310-2020-03-studentloan.xlsx,Table 5,false,51310,Table 5. / Direct Student Loans / Guaranteed Loan Program Account (Subsidy) / Budget Authority,fiscal_year,2026,2026,2026,13,11
Student Loans,Budget Authority,2027,0.0,Millions of dollars,51310-2020-03-studentloan.xlsx,Table 5,false,51310,Table 5. / Direct Student Loans / Guaranteed Loan Program Account (Subsidy) / Budget Authority,fiscal_year,2027,2027,2027,13,12
Student Loans,Budget Authority,2028,0.0,Millions of dollars,51310-2020-03-studentloan.xlsx,Table 5,false,51310,Table 5. / Direct Student Loans / Guaranteed Loan Program Account (Subsidy) / Budget Authority,fiscal_year,2028,2028,2028,13,13
Student Loans,Budget Authority,2029,0.0,Millions of dollars,51310-2020-03-studentloan.xlsx,Table 5,false,51310,Table 5. / Direct Student Loans / Guaranteed Loan Program Account (Subsidy) / Budget Authority,fiscal_year,2029,2029,2029,13,14
Student Loans,Budget Authority,2030,0.0,Millions of dollars,51310-2020-03-studentloan.xlsx,Table 5,false,51310,Table 5. / Direct Student Loans / Guaranteed Loan Program Account (Subsidy) / Budget Authority,fiscal_year,2030,2030,2030,13,15
Student Loans,Outlays,2020,0.0,Millions of dollars,51310-2020-03-studentloan.xlsx,Table 5,false,51310,Table 5. / Direct Student Loans / Guaranteed Loan Program Account (Subsidy) / Outlays,fiscal_year,2020,2020,2020,14,5
Student Loans,Outlays,2021,0.0,Millions of dollars,51310-2020-03-studentloan.xlsx,Table 5,false,51310,Table 5. / Direct Student Loans / Guaranteed Loan Program Account (Subsidy) / Outlays,fiscal_year,2021,2021,2021,14,6
Student Loans,Outlays,2022,0.0,Millions of dollars,51310-2020-03-studentloan.xlsx,Table 5,false,51310,Table 5. / Direct Student Loans / Guaranteed Loan Program Account (Subsidy) / Outlays,fiscal_year,2022,2022,2022,14,7
Student Loans,Outlays,2023,0.0,Millions of dollars,51310-2020-03-studentloan.xlsx,Table 5,false,51310,Table 5. / Direct Student Loans / Guaranteed Loan Program Account (Subsidy) / Outlays,fiscal_year,2023,2023,2023,14,8
Student Loans,Outlays,2024,0.0,Millions of dollars,51310-2020-03-studentloan.xlsx,Table 5,false,51310,Table 5. / Direct Student Loans / Guaranteed Loan Program Account (Subsidy) / Outlays,fiscal_year,2024,2024,2024,14,9
Student Loans,Outlays,2025,0.0,Millions of dollars,51310-2020-03-studentloan.xlsx,Table 5,false,51310,Table 5. / Direct Student Loans / Guaranteed Loan Program Account (Subsidy) / Outlays,fiscal_year,2025,2025,2025,14,10
Student Loans,Outlays,2026,0.0,Millions of dollars,51310-2020-03-studentloan.xlsx,Table 5,false,51310,Table 5. / Direct Student Loans / Guaranteed Loan Program Account (Subsidy) / Outlays,fiscal_year,2026,2026,2026,14,11
Student Loans,Outlays,2027,0.0,Millions of dollars,51310-2020-03-studentloan.xlsx,Table 5,false,51310,Table 5. / Direct Student Loans / Guaranteed Loan Program Account (Subsidy) / Outlays,fiscal_year,2027,2027,2027,14,12
Student Loans,Outlays,2028,0.0,Millions of dollars,51310-2020-03-studentloan.xlsx,Table 5,false,51310,Table 5. / Direct Student Loans / Guaranteed Loan Program Account (Subsidy) / Outlays,fiscal_year,2028,2028,2028,14,13
Student Loans,Outlays,2029,0.0,Millions of dollars,51310-2020-03-studentloan.xlsx,Table 5,false,51310,Table 5. / Direct Student Loans / Guaranteed Loan Program Account (Subsidy) / Outlays,fiscal_year,2029,2029,2029,14,14
Student Loans,Outlays,2030,0.0,Millions of dollars,51310-2020-03-studentloan.xlsx,Table 5,false,51310,Table 5. / Direct Student Loans / Guaranteed Loan Program Account (Subsidy) / Outlays,fiscal_year,2030,2030,2030,14,15
Student Loans,Budget Authority,2020,0.0,Millions of dollars,51310-2020-03-studentloan.xlsx,Table 5,false,51310,Table 5. / Direct Student Loans / Guaranteed Loan Program Liquidating Account / Budget Authority,fiscal_year,2020,2020,2020,16,5
Student Loans,Budget Authority,2021,0.0,Millions of dollars,51310-2020-03-studentloan.xlsx,Table 5,false,51310,Table 5. / Direct Student Loans / Guaranteed Loan Program Liquidating Account / Budget Authority,fiscal_year,2021,2021,2021,16,6
Student Loans,Budget Authority,2022,0.0,Millions of dollars,51310-2020-03-studentloan.xlsx,Table 5,false,51310,Table 5. / Direct Student Loans / Guaranteed Loan Program Liquidating Account / Budget Authority,fiscal_year,2022,2022,2022,16,7
Student Loans,Budget Authority,2023,0.0,Millions of dollars,51310-2020-03-studentloan.xlsx,Table 5,false,51310,Table 5. / Direct Student Loans / Guaranteed Loan Program Liquidating Account / Budget Authority,fiscal_year,2023,2023,2023,16,8
Student Loans,Budget Authority,2024,0.0,Millions of dollars,51310-2020-03-studentloan.xlsx,Table 5,false,51310,Table 5. / Direct Student Loans / Guaranteed Loan Program Liquidating Account / Budget Authority,fiscal_year,2024,2024,2024,16,9
Student Loans,Budget Authority,2025,0.0,Millions of dollars,51310-2020-03-studentloan.xlsx,Table 5,false,51310,Table 5. / Direct Student Loans / Guaranteed Loan Program Liquidating Account / Budget Authority,fiscal_year,2025,2025,2025,16,10
Student Loans,Budget Authority,2026,0.0,Millions of dollars,51310-2020-03-studentloan.xlsx,Table 5,false,51310,Table 5. / Direct Student Loans / Guaranteed Loan Program Liquidating Account / Budget Authority,fiscal_year,2026,2026,2026,16,11
Student Loans,Budget Authority,2027,0.0,Millions of dollars,51310-2020-03-studentloan.xlsx,Table 5,false,51310,Table 5. / Direct Student Loans / Guaranteed Loan Program Liquidating Account / Budget Authority,fiscal_year,2027,2027,2027,16,12
Student Loans,Budget Authority,2028,0.0,Millions of dollars,51310-2020-03-studentloan.xlsx,Table 5,false,51310,Table 5. / Direct Student Loans / Guaranteed Loan Program Liquidating Account / Budget Authority,fiscal_year,2028,2028,2028,16,13
Student Loans,Budget Authority,2029,0.0,Millions of dollars,51310-2020-03-studentloan.xlsx,Table 5,false,51310,Table 5. / Direct Student Loans / Guaranteed Loan Program Liquidating Account / Budget Authority,fiscal_year,2029,2029,2029,16,14
Student Loans,Budget Authority,2030,0.0,Millions of dollars,51310-2020-03-studentloan.xlsx,Table 5,false,51310,Table 5. / Direct Student Loans / Guaranteed Loan Program Liquidating Account / Budget Authority,fiscal_year,2030,2030,2030,16,15
Student Loans,Outlays,2020,0.0,Millions of dollars,51310-2020-03-studentloan.xlsx,Table 5,false,51310,Table 5. / Direct Student Loans / Guaranteed Loan Program Liquidating Account / Outlays,fiscal_year,2020,2020,2020,17,5
Student Loans,Outlays,2021,0.0,Millions of dollars,51310-2020-03-studentloan.xlsx,Table 5,false,51310,Table 5. / Direct Student Loans / Guaranteed Loan Program Liquidating Account / Outlays,fiscal_year,2021,2021,2021,17,6
Student Loans,Outlays,2022,0.0,Millions of dollars,51310-2020-03-studentloan.xlsx,Table 5,false,51310,Table 5. / Direct Student Loans / Guaranteed Loan Program Liquidating Account / Outlays,fiscal_year,2022,2022,2022,17,7
Student Loans,Outlays,2023,0.0,Millions of dollars,51310-2020-03-studentloan.xlsx,Table 5,false,51310,Table 5. / Direct Student Loans / Guaranteed Loan Program Liquidating Account / Outlays,fiscal_year,2023,2023,2023,17,8
Student Loans,Outlays,2024,0.0,Millions of dollars,51310-2020-03-studentloan.xlsx,Table 5,false,51310,Table 5. / Direct Student Loans / Guaranteed Loan Program Liquidating Account / Outlays,fiscal_year,2024,2024,2024,17,9
Student Loans,Outlays,2025,0.0,Millions of dollars,51310-2020-03-studentloan.xlsx,Table 5,false,51310,Table 5. / Direct Student Loans / Guaranteed Loan Program Liquidating Account / Outlays,fiscal_year,2025,2025,2025,17,10
Student Loans,Outlays,2026,0.0,Millions of dollars,51310-2020-03-studentloan.xlsx,Table 5,false,51310,Table 5. / Direct Student Loans / Guaranteed Loan Program Liquidating Account / Outlays,fiscal_year,2026,2026,2026,17,11
Student Loans,Outlays,2027,0.0,Millions of dollars,51310-2020-03-studentloan.xlsx,Table 5,false,51310,Table 5. / Direct Student Loans / Guaranteed Loan Program Liquidating Account / Outlays,fiscal_year,2027,2027,2027,17,12
Student Loans,Outlays,2028,0.0,Millions of dollars,51310-2020-03-studentloan.xlsx,Table 5,false,51310,Table 5. / Direct Student Loans / Guaranteed Loan Program Liquidating Account / Outlays,fiscal_year,2028,2028,2028,17,13
Student Loans,Outlays,2029,0.0,Millions of dollars,51310-2020-03-studentloan.xlsx,Table 5,false,51310,Table 5. / Direct Student Loans / Guaranteed Loan Program Liquidating Account / Outlays,fiscal_year,2029,2029,2029,17,14
Student Loans,Outlays,2030,0.0,Millions of dollars,51310-2020-03-studentloan.xlsx,Table 5,false,51310,Table 5. / Direct Student Loans / Guaranteed Loan Program Liquidating Account / Outlays,fiscal_year,2030,2030,2030,17,15
Student Loans,Budget Authority,2020,-182.0,Millions of dollars,51310-2020-03-studentloan.xlsx,Table 5,false,51310,Table 5. / Direct Student Loans / Federal Student Loan Reserve Fund / Budget Authority,fiscal_year,2020,2020,2020,19,5
Student Loans,Budget Authority,2021,-147.0,Millions of dollars,51310-2020-03-studentloan.xlsx,Table 5,false,51310,Table 5. / Direct Student Loans / Federal Student Loan Reserve Fund / Budget Authority,fiscal_year,2021,2021,2021,19,6
Student Loans,Budget Authority,2022,-116.0,Millions of dollars,51310-2020-03-studentloan.xlsx,Table 5,false,51310,Table 5. / Direct Student Loans / Federal Student Loan Reserve Fund / Budget Authority,fiscal_year,2022,2022,2022,19,7
Student Loans,Budget Authority,2023,-89.0,Millions of dollars,51310-2020-03-studentloan.xlsx,Table 5,false,51310,Table 5. / Direct Student Loans / Federal Student Loan Reserve Fund / Budget Authority,fiscal_year,2023,2023,2023,19,8
Student Loans,Budget Authority,2024,-69.0,Millions of dollars,51310-2020-03-studentloan.xlsx,Table 5,false,51310,Table 5. / Direct Student Loans / Federal Student Loan Reserve Fund / Budget Authority,fiscal_year,2024,2024,2024,19,9
Student Loans,Budget Authority,2025,-55.0,Millions of dollars,51310-2020-03-studentloan.xlsx,Table 5,false,51310,Table 5. / Direct Student Loans / Federal Student Loan Reserve Fund / Budget Authority,fiscal_year,2025,2025,2025,19,10
Student Loans,Budget Authority,2026,-46.0,Millions of dollars,51310-2020-03-studentloan.xlsx,Table 5,false,51310,Table 5. / Direct Student Loans / Federal Student Loan Reserve Fund / Budget Authority,fiscal_year,2026,2026,2026,19,11
Student Loans,Budget Authority,2027,-38.0,Millions of dollars,51310-2020-03-studentloan.xlsx,Table 5,false,51310,Table 5. / Direct Student Loans / Federal Student Loan Reserve Fund / Budget Authority,fiscal_year,2027,2027,2027,19,12
Student Loans,Budget Authority,2028,-36.0,Millions of dollars,51310-2020-03-studentloan.xlsx,Table 5,false,51310,Table 5. / Direct Student Loans / Federal Student Loan Reserve Fund / Budget Authority,fiscal_year,2028,2028,2028,19,13
Student Loans,Budget Authority,2029,-34.0,Millions of dollars,51310-2020-03-studentloan.xlsx,Table 5,false,51310,Table 5. / Direct Student Loans / Federal Student Loan Reserve Fund / Budget Authority,fiscal_year,2029,2029,2029,19,14
Student Loans,Budget Authority,2030,-32.0,Millions of dollars,51310-2020-03-studentloan.xlsx,Table 5,false,51310,Table 5. / Direct Student Loans / Federal Student Loan Reserve Fund / Budget Authority,fiscal_year,2030,2030,2030,19,15
Student Loans,Outlays,2020,0.0,Millions of dollars,51310-2020-03-studentloan.xlsx,Table 5,false,51310,Table 5. / Direct Student Loans / Federal Student Loan Reserve Fund / Outlays,fiscal_year,2020,2020,2020,20,5
Student Loans,Outlays,2021,0.0,Millions of dollars,51310-2020-03-studentloan.xlsx,Table 5,false,51310,Table 5. / Direct Student Loans / Federal Student Loan Reserve Fund / Outlays,fiscal_year,2021,2021,2021,20,6
Student Loans,Outlays,2022,0.0,Millions of dollars,51310-2020-03-studentloan.xlsx,Table 5,false,51310,Table 5. / Direct Student Loans / Federal Student Loan Reserve Fund / Outlays,fiscal_year,2022,2022,2022,20,7
Student Loans,Outlays,2023,0.0,Millions of dollars,51310-2020-03-studentloan.xlsx,Table 5,false,51310,Table 5. / Direct Student Loans / Federal Student Loan Reserve Fund / Outlays,fiscal_year,2023,2023,2023,20,8
Student Loans,Outlays,2024,0.0,Millions of dollars,51310-2020-03-studentloan.xlsx,Table 5,false,51310,Table 5. / Direct Student Loans / Federal Student Loan Reserve Fund / Outlays,fiscal_year,2024,2024,2024,20,9
Student Loans,Outlays,2025,0.0,Millions of dollars,51310-2020-03-studentloan.xlsx,Table 5,false,51310,Table 5. / Direct Student Loans / Federal Student Loan Reserve Fund / Outlays,fiscal_year,2025,2025,2025,20,10
Student Loans,Outlays,2026,0.0,Millions of dollars,51310-2020-03-studentloan.xlsx,Table 5,false,51310,Table 5. / Direct Student Loans / Federal Student Loan Reserve Fund / Outlays,fiscal_year,2026,2026,2026,20,11
Student Loans,Outlays,2027,0.0,Millions of dollars,51310-2020-03-studentloan.xlsx,Table 5,false,51310,Table 5. / Direct Student Loans / Federal Student Loan Reserve Fund / Outlays,fiscal_year,2027,2027,2027,20,12
Student Loans,Outlays,2028,0.0,Millions of dollars,51310-2020-03-studentloan.xlsx,Table 5,false,51310,Table 5. / Direct Student Loans / Federal Student Loan Reserve Fund / Outlays,fiscal_year,2028,2028,2028,20,13
Student Loans,Outlays,2029,0.0,Millions of dollars,51310-2020-03-studentloan.xlsx,Table 5,false,51310,Table 5. / Direct Student Loans / Federal Student Loan Reserve Fund / Outlays,fiscal_year,2029,2029,2029,20,14
Student Loans,Outlays,2030,0.0,Millions of dollars,51310-2020-03-studentloan.xlsx,Table 5,false,51310,Table 5. / Direct Student Loans / Federal Student Loan Reserve Fund / Outlays,fiscal_year,2030,2030,2030,20,15
Student Loans,Budget Authority,2020,63691.0,Millions of dollars,51310-2020-03-studentloan.xlsx,Table 5,false,51310,Table 5. / Direct Student Loans / Credit Reestimates and Modificationsa / Budget Authority,fiscal_year,2020,2020,2020,23,5
Student Loans,Budget Authority,2021,0.0,Millions of dollars,51310-2020-03-studentloan.xlsx,Table 5,false,51310,Table 5. / Direct Student Loans / Credit Reestimates and Modificationsa / Budget Authority,fiscal_year,2021,2021,2021,23,6
Student Loans,Budget Authority,2022,0.0,Millions of dollars,51310-2020-03-studentloan.xlsx,Table 5,false,51310,Table 5. / Direct Student Loans / Credit Reestimates and Modificationsa / Budget Authority,fiscal_year,2022,2022,2022,23,7
Student Loans,Budget Authority,2023,0.0,Millions of dollars,51310-2020-03-studentloan.xlsx,Table 5,false,51310,Table 5. / Direct Student Loans / Credit Reestimates and Modificationsa / Budget Authority,fiscal_year,2023,2023,2023,23,8
Student Loans,Budget Authority,2024,0.0,Millions of dollars,51310-2020-03-studentloan.xlsx,Table 5,false,51310,Table 5. / Direct Student Loans / Credit Reestimates and Modificationsa / Budget Authority,fiscal_year,2024,2024,2024,23,9
Student Loans,Budget Authority,2025,0.0,Millions of dollars,51310-2020-03-studentloan.xlsx,Table 5,false,51310,Table 5. / Direct Student Loans / Credit Reestimates and Modificationsa / Budget Authority,fiscal_year,2025,2025,2025,23,10
Student Loans,Budget Authority,2026,0.0,Millions of dollars,51310-2020-03-studentloan.xlsx,Table 5,false,51310,Table 5. / Direct Student Loans / Credit Reestimates and Modificationsa / Budget Authority,fiscal_year,2026,2026,2026,23,11
Student Loans,Budget Authority,2027,0.0,Millions of dollars,51310-2020-03-studentloan.xlsx,Table 5,false,51310,Table 5. / Direct Student Loans / Credit Reestimates and Modificationsa / Budget Authority,fiscal_year,2027,2027,2027,23,12
Student Loans,Budget Authority,2028,0.0,Millions of dollars,51310-2020-03-studentloan.xlsx,Table 5,false,51310,Table 5. / Direct Student Loans / Credit Reestimates and Modificationsa / Budget Authority,fiscal_year,2028,2028,2028,23,13
Student Loans,Budget Authority,2029,0.0,Millions of dollars,51310-2020-03-studentloan.xlsx,Table 5,false,51310,Table 5. / Direct Student Loans / Credit Reestimates and Modificationsa / Budget Authority,fiscal_year,2029,2029,2029,23,14
Student Loans,Budget Authority,2030,0.0,Millions of dollars,51310-2020-03-studentloan.xlsx,Table 5,false,51310,Table 5. / Direct Student Loans / Credit Reestimates and Modificationsa / Budget Authority,fiscal_year,2030,2030,2030,23,15
Student Loans,Outlays,2020,63691.0,Millions of dollars,51310-2020-03-studentloan.xlsx,Table 5,false,51310,Table 5. / Direct Student Loans / Credit Reestimates and Modificationsa / Outlays,fiscal_year,2020,2020,2020,24,5
Student Loans,Outlays,2021,0.0,Millions of dollars,51310-2020-03-studentloan.xlsx,Table 5,false,51310,Table 5. / Direct Student Loans / Credit Reestimates and Modificationsa / Outlays,fiscal_year,2021,2021,2021,24,6
Student Loans,Outlays,2022,0.0,Millions of dollars,51310-2020-03-studentloan.xlsx,Table 5,false,51310,Table 5. / Direct Student Loans / Credit Reestimates and Modificationsa / Outlays,fiscal_year,2022,2022,2022,24,7
Student Loans,Outlays,2023,0.0,Millions of dollars,51310-2020-03-studentloan.xlsx,Table 5,false,51310,Table 5. / Direct Student Loans / Credit Reestimates and Modificationsa / Outlays,fiscal_year,2023,2023,2023,24,8
Student Loans,Outlays,2024,0.0,Millions of dollars,51310-2020-03-studentloan.xlsx,Table 5,false,51310,Table 5. / Direct Student Loans / Credit Reestimates and Modificationsa / Outlays,fiscal_year,2024,2024,2024,24,9
Student Loans,Outlays,2025,0.0,Millions of dollars,51310-2020-03-studentloan.xlsx,Table 5,false,51310,Table 5. / Direct Student Loans / Credit Reestimates and Modificationsa / Outlays,fiscal_year,2025,2025,2025,24,10
Student Loans,Outlays,2026,0.0,Millions of dollars,51310-2020-03-studentloan.xlsx,Table 5,false,51310,Table 5. / Direct Student Loans / Credit Reestimates and Modificationsa / Outlays,fiscal_year,2026,2026,2026,24,11
Student Loans,Outlays,2027,0.0,Millions of dollars,51310-2020-03-studentloan.xlsx,Table 5,false,51310,Table 5. / Direct Student Loans / Credit Reestimates and Modificationsa / Outlays,fiscal_year,2027,2027,2027,24,12
Student Loans,Outlays,2028,0.0,Millions of dollars,51310-2020-03-studentloan.xlsx,Table 5,false,51310,Table 5. / Direct Student Loans / Credit Reestimates and Modificationsa / Outlays,fiscal_year,2028,2028,2028,24,13
Student Loans,Outlays,2029,0.0,Millions of dollars,51310-2020-03-studentloan.xlsx,Table 5,false,51310,Table 5. / Direct Student Loans / Credit Reestimates and Modificationsa / Outlays,fiscal_year,2029,2029,2029,24,14
Student Loans,Outlays,2030,0.0,Millions of dollars,51310-2020-03-studentloan.xlsx,Table 5,false,51310,Table 5. / Direct Student Loans / Credit Reestimates and Modificationsa / Outlays,fiscal_year,2030,2030,2030,24,15
Student Loans,Budget Authority,2020,92193.0,Millions of dollars,51310-2020-03-studentloan.xlsx,Table 5,true,51310,"Table 5. / Direct Student Loans / Subtotal, Direct Loans / Budget Authority",fiscal_year,2020,2020,2020,26,5
Student Loans,Budget Authority,2021,18470.0,Millions of dollars,51310-2020-03-studentloan.xlsx,Table 5,true,51310,"Table 5. / Direct Student Loans / Subtotal, Direct Loans / Budget Authority",fiscal_year,2021,2021,2021,26,6
Student Loans,Budget Authority,2022,19185.0,Millions of dollars,51310-2020-03-studentloan.xlsx,Table 5,true,51310,"Table 5. / Direct Student Loans / Subtotal, Direct Loans / Budget Authority",fiscal_year,2022,2022,2022,26,7
Student Loans,Budget Authority,2023,20062.0,Millions of dollars,51310-2020-03-studentloan.xlsx,Table 5,true,51310,"Table 5. / Direct Student Loans / Subtotal, Direct Loans / Budget Authority",fiscal_year,2023,2023,2023,26,8
Student Loans,Budget Authority,2024,20884.0,Millions of dollars,51310-2020-03-studentloan.xlsx,Table 5,true,51310,"Table 5. / Direct Student Loans / Subtotal, Direct Loans / Budget Authority",fiscal_year,2024,2024,2024,26,9
Student Loans,Budget Authority,2025,21409.0,Millions of dollars,51310-2020-03-studentloan.xlsx,Table 5,true,51310,"Table 5. / Direct Student Loans / Subtotal, Direct Loans / Budget Authority",fiscal_year,2025,2025,2025,26,10
Student Loans,Budget Authority,2026,22310.0,Millions of dollars,51310-2020-03-studentloan.xlsx,Table 5,true,51310,"Table 5. / Direct Student Loans / Subtotal, Direct Loans / Budget Authority",fiscal_year,2026,2026,2026,26,11
Student Loans,Budget Authority,2027,22664.0,Millions of dollars,51310-2020-03-studentloan.xlsx,Table 5,true,51310,"Table 5. / Direct Student Loans / Subtotal, Direct Loans / Budget Authority",fiscal_year,2027,2027,2027,26,12
Student Loans,Budget Authority,2028,23120.0,Millions of dollars,51310-2020-03-studentloan.xlsx,Table 5,true,51310,"Table 5. / Direct Student Loans / Subtotal, Direct Loans / Budget Authority",fiscal_year,2028,2028,2028,26,13
Student Loans,Budget Authority,2029,23458.0,Millions of dollars,51310-2020-03-studentloan.xlsx,Table 5,true,51310,"Table 5. / Direct Student Loans / Subtotal, Direct Loans / Budget Authority",fiscal_year,2029,2029,2029,26,14
Student Loans,Budget Authority,2030,24226.0,Millions of dollars,51310-2020-03-studentloan.xlsx,Table 5,true,51310,"Table 5. / Direct Student Loans / Subtotal, Direct Loans / Budget Authority",fiscal_year,2030,2030,2030,26,15
Student Loans,Outlays,2020,88500.0,Millions of dollars,51310-2020-03-studentloan.xlsx,Table 5,true,51310,"Table 5. / Direct Student Loans / Subtotal, Direct Loans / Outlays",fiscal_year,2020,2020,2020,27,5
Student Loans,Outlays,2021,15799.0,Millions of dollars,51310-2020-03-studentloan.xlsx,Table 5,true,51310,"Table 5. / Direct Student Loans / Subtotal, Direct Loans / Outlays",fiscal_year,2021,2021,2021,27,6
Student Loans,Outlays,2022,16651.0,Millions of dollars,51310-2020-03-studentloan.xlsx,Table 5,true,51310,"Table 5. / Direct Student Loans / Subtotal, Direct Loans / Outlays",fiscal_year,2022,2022,2022,27,7
Student Loans,Outlays,2023,17376.0,Millions of dollars,51310-2020-03-studentloan.xlsx,Table 5,true,51310,"Table 5. / Direct Student Loans / Subtotal, Direct Loans / Outlays",fiscal_year,2023,2023,2023,27,8
Student Loans,Outlays,2024,18122.0,Millions of dollars,51310-2020-03-studentloan.xlsx,Table 5,true,51310,"Table 5. / Direct Student Loans / Subtotal, Direct Loans / Outlays",fiscal_year,2024,2024,2024,27,9
Student Loans,Outlays,2025,18679.0,Millions of dollars,51310-2020-03-studentloan.xlsx,Table 5,true,51310,"Table 5. / Direct Student Loans / Subtotal, Direct Loans / Outlays",fiscal_year,2025,2025,2025,27,10
Student Loans,Outlays,2026,19357.0,Millions of dollars,51310-2020-03-studentloan.xlsx,Table 5,true,51310,"Table 5. / Direct Student Loans / Subtotal, Direct Loans / Outlays",fiscal_year,2026,2026,2026,27,11
Student Loans,Outlays,2027,19833.0,Millions of dollars,51310-2020-03-studentloan.xlsx,Table 5,true,51310,"Table 5. / Direct Student Loans / Subtotal, Direct Loans / Outlays",fiscal_year,2027,2027,2027,27,12
Student Loans,Outlays,2028,20202.0,Millions of dollars,51310-2020-03-studentloan.xlsx,Table 5,true,51310,"Table 5. / Direct Student Loans / Subtotal, Direct Loans / Outlays",fiscal_year,2028,2028,2028,27,13
Student Loans,Outlays,2029,20531.0,Millions of dollars,51310-2020-03-studentloan.xlsx,Table 5,true,51310,"Table 5. / Direct Student Loans / Subtotal, Direct Loans / Outlays",fiscal_year,2029,2029,2029,27,14
Student Loans,Outlays,2030,21084.0,Millions of dollars,51310-2020-03-studentloan.xlsx,Table 5,true,51310,"Table 5. / Direct Student Loans / Subtotal, Direct Loans / Outlays",fiscal_year,2030,2030,2030,27,15
Student Loans,Budget Authority,2020,10.0,Millions of dollars,51310-2020-03-studentloan.xlsx,Table 5,false,51310,Table 5. / Guaranteed Student Loans / Program Costs / Budget Authority,fiscal_year,2020,2020,2020,31,5
Student Loans,Budget Authority,2021,10.0,Millions of dollars,51310-2020-03-studentloan.xlsx,Table 5,false,51310,Table 5. / Guaranteed Student Loans / Program Costs / Budget Authority,fiscal_year,2021,2021,2021,31,6
Student Loans,Budget Authority,2022,9.0,Millions of dollars,51310-2020-03-studentloan.xlsx,Table 5,false,51310,Table 5. / Guaranteed Student Loans / Program Costs / Budget Authority,fiscal_year,2022,2022,2022,31,7
Student Loans,Budget Authority,2023,9.0,Millions of dollars,51310-2020-03-studentloan.xlsx,Table 5,false,51310,Table 5. / Guaranteed Student Loans / Program Costs / Budget Authority,fiscal_year,2023,2023,2023,31,8
Student Loans,Budget Authority,2024,9.0,Millions of dollars,51310-2020-03-studentloan.xlsx,Table 5,false,51310,Table 5. / Guaranteed Student Loans / Program Costs / Budget Authority,fiscal_year,2024,2024,2024,31,9
Student Loans,Budget Authority,2025,9.0,Millions of dollars,51310-2020-03-studentloan.xlsx,Table 5,false,51310,Table 5. / Guaranteed Student Loans / Program Costs / Budget Authority,fiscal_year,2025,2025,2025,31,10
Student Loans,Budget Authority,2026,8.0,Millions of dollars,51310-2020-03-studentloan.xlsx,Table 5,false,51310,Table 5. / Guaranteed Student Loans / Program Costs / Budget Authority,fiscal_year,2026,2026,2026,31,11
Student Loans,Budget Authority,2027,8.0,Millions of dollars,51310-2020-03-studentloan.xlsx,Table 5,false,51310,Table 5. / Guaranteed Student Loans / Program Costs / Budget Authority,fiscal_year,2027,2027,2027,31,12
Student Loans,Budget Authority,2028,8.0,Millions of dollars,51310-2020-03-studentloan.xlsx,Table 5,false,51310,Table 5. / Guaranteed Student Loans / Program Costs / Budget Authority,fiscal_year,2028,2028,2028,31,13
Student Loans,Budget Authority,2029,8.0,Millions of dollars,51310-2020-03-studentloan.xlsx,Table 5,false,51310,Table 5. / Guaranteed Student Loans / Program Costs / Budget Authority,fiscal_year,2029,2029,2029,31,14
Student Loans,Budget Authority,2030,7.0,Millions of dollars,51310-2020-03-studentloan.xlsx,Table 5,false,51310,Table 5. / Guaranteed Student Loans / Program Costs / Budget Authority,fiscal_year,2030,2030,2030,31,15
Student Loans,Outlays,2020,-172.0,Millions of dollars,51310-2020-03-studentloan.xlsx,Table 5,false,51310,Table 5. / Guaranteed Student Loans / Program Costs / Outlays,fiscal_year,2020,2020,2020,32,5
Student Loans,Outlays,2021,-137.0,Millions of dollars,51310-2020-03-studentloan.xlsx,Table 5,false,51310,Table 5. / Guaranteed Student Loans / Program Costs / Outlays,fiscal_year,2021,2021,2021,32,6
Student Loans,Outlays,2022,-107.0,Millions of dollars,51310-2020-03-studentloan.xlsx,Table 5,false,51310,Table 5. / Guaranteed Student Loans / Program Costs / Outlays,fiscal_year,2022,2022,2022,32,7
Student Loans,Outlays,2023,-80.0,Millions of dollars,51310-2020-03-studentloan.xlsx,Table 5,false,51310,Table 5. / Guaranteed Student Loans / Program Costs / Outlays,fiscal_year,2023,2023,2023,32,8
Student Loans,Outlays,2024,-60.0,Millions of dollars,51310-2020-03-studentloan.xlsx,Table 5,false,51310,Table 5. / Guaranteed Student Loans / Program Costs / Outlays,fiscal_year,2024,2024,2024,32,9
Student Loans,Outlays,2025,-46.0,Millions of dollars,51310-2020-03-studentloan.xlsx,Table 5,false,51310,Table 5. / Guaranteed Student Loans / Program Costs / Outlays,fiscal_year,2025,2025,2025,32,10
Student Loans,Outlays,2026,-38.0,Millions of dollars,51310-2020-03-studentloan.xlsx,Table 5,false,51310,Table 5. / Guaranteed Student Loans / Program Costs / Outlays,fiscal_year,2026,2026,2026,32,11
Student Loans,Outlays,2027,-30.0,Millions of dollars,51310-2020-03-studentloan.xlsx,Table 5,false,51310,Table 5. / Guaranteed Student Loans / Program Costs / Outlays,fiscal_year,2027,2027,2027,32,12
Student Loans,Outlays,2028,-28.0,Millions of dollars,51310-2020-03-studentloan.xlsx,Table 5,false,51310,Table 5. / Guaranteed Student Loans / Program Costs / Outlays,fiscal_year,2028,2028,2028,32,13
Student Loans,Outlays,2029,-26.0,Millions of dollars,51310-2020-03-studentloan.xlsx,Table 5,false,51310,Table 5. / Guaranteed Student Loans / Program Costs / Outlays,fiscal_year,2029,2029,2029,32,14
Student Loans,Outlays,2030,-25.0,Millions of dollars,51310-2020-03-studentloan.xlsx,Table 5,false,51310,Table 5. / Guaranteed Student Loans / Program Costs / Outlays,fiscal_year,2030,2030,2030,32,15
Student Loans,Budget Authority,2020,6395.0,Millions of dollars,51310-2020-03-studentloan.xlsx,Table 5,false,51310,Table 5. / Guaranteed Student Loans / Credit Reestimates and Modificationsa / Budget Authority,fiscal_year,2020,2020,2020,34,5
Student Loans,Budget Authority,2021,0.0,Millions of dollars,51310-2020-03-studentloan.xlsx,Table 5,false,51310,Table 5. / Guaranteed Student Loans / Credit Reestimates and Modificationsa / Budget Authority,fiscal_year,2021,2021,2021,34,6
Student Loans,Budget Authority,2022,0.0,Millions of dollars,51310-2020-03-studentloan.xlsx,Table 5,false,51310,Table 5. / Guaranteed Student Loans / Credit Reestimates and Modificationsa / Budget Authority,fiscal_year,2022,2022,2022,34,7
Student Loans,Budget Authority,2023,0.0,Millions of dollars,51310-2020-03-studentloan.xlsx,Table 5,false,51310,Table 5. / Guaranteed Student Loans / Credit Reestimates and Modificationsa / Budget Authority,fiscal_year,2023,2023,2023,34,8
Student Loans,Budget Authority,2024,0.0,Millions of dollars,51310-2020-03-studentloan.xlsx,Table 5,false,51310,Table 5. / Guaranteed Student Loans / Credit Reestimates and Modificationsa / Budget Authority,fiscal_year,2024,2024,2024,34,9
Student Loans,Budget Authority,2025,0.0,Millions of dollars,51310-2020-03-studentloan.xlsx,Table 5,false,51310,Table 5. / Guaranteed Student Loans / Credit Reestimates and Modificationsa / Budget Authority,fiscal_year,2025,2025,2025,34,10
Student Loans,Budget Authority,2026,0.0,Millions of dollars,51310-2020-03-studentloan.xlsx,Table 5,false,51310,Table 5. / Guaranteed Student Loans / Credit Reestimates and Modificationsa / Budget Authority,fiscal_year,2026,2026,2026,34,11
Student Loans,Budget Authority,2027,0.0,Millions of dollars,51310-2020-03-studentloan.xlsx,Table 5,false,51310,Table 5. / Guaranteed Student Loans / Credit Reestimates and Modificationsa / Budget Authority,fiscal_year,2027,2027,2027,34,12
Student Loans,Budget Authority,2028,0.0,Millions of dollars,51310-2020-03-studentloan.xlsx,Table 5,false,51310,Table 5. / Guaranteed Student Loans / Credit Reestimates and Modificationsa / Budget Authority,fiscal_year,2028,2028,2028,34,13
Student Loans,Budget Authority,2029,0.0,Millions of dollars,51310-2020-03-studentloan.xlsx,Table 5,false,51310,Table 5. / Guaranteed Student Loans / Credit Reestimates and Modificationsa / Budget Authority,fiscal_year,2029,2029,2029,34,14
Student Loans,Budget Authority,2030,0.0,Millions of dollars,51310-2020-03-studentloan.xlsx,Table 5,false,51310,Table 5. / Guaranteed Student Loans / Credit Reestimates and Modificationsa / Budget Authority,fiscal_year,2030,2030,2030,34,15
Student Loans,Outlays,2020,6395.0,Millions of dollars,51310-2020-03-studentloan.xlsx,Table 5,false,51310,Table 5. / Guaranteed Student Loans / Credit Reestimates and Modificationsa / Outlays,fiscal_year,2020,2020,2020,35,5
Student Loans,Outlays,2021,0.0,Millions of dollars,51310-2020-03-studentloan.xlsx,Table 5,false,51310,Table 5. / Guaranteed Student Loans / Credit Reestimates and Modificationsa / Outlays,fiscal_year,2021,2021,2021,35,6
Student Loans,Outlays,2022,0.0,Millions of dollars,51310-2020-03-studentloan.xlsx,Table 5,false,51310,Table 5. / Guaranteed Student Loans / Credit Reestimates and Modificationsa / Outlays,fiscal_year,2022,2022,2022,35,7
Student Loans,Outlays,2023,0.0,Millions of dollars,51310-2020-03-studentloan.xlsx,Table 5,false,51310,Table 5. / Guaranteed Student Loans / Credit Reestimates and Modificationsa / Outlays,fiscal_year,2023,2023,2023,35,8
Student Loans,Outlays,2024,0.0,Millions of dollars,51310-2020-03-studentloan.xlsx,Table 5,false,51310,Table 5. / Guaranteed Student Loans / Credit Reestimates and Modificationsa / Outlays,fiscal_year,2024,2024,2024,35,9
Student Loans,Outlays,2025,0.0,Millions of dollars,51310-2020-03-studentloan.xlsx,Table 5,false,51310,Table 5. / Guaranteed Student Loans / Credit Reestimates and Modificationsa / Outlays,fiscal_year,2025,2025,2025,35,10
Student Loans,Outlays,2026,0.0,Millions of dollars,51310-2020-03-studentloan.xlsx,Table 5,false,51310,Table 5. / Guaranteed Student Loans / Credit Reestimates and Modificationsa / Outlays,fiscal_year,2026,2026,2026,35,11
Student Loans,Outlays,2027,0.0,Millions of dollars,51310-2020-03-studentloan.xlsx,Table 5,false,51310,Table 5. / Guaranteed Student Loans / Credit Reestimates and Modificationsa / Outlays,fiscal_year,2027,2027,2027,35,12
Student Loans,Outlays,2028,0.0,Millions of dollars,51310-2020-03-studentloan.xlsx,Table 5,false,51310,Table 5. / Guaranteed Student Loans / Credit Reestimates and Modificationsa / Outlays,fiscal_year,2028,2028,2028,35,13
Student Loans,Outlays,2029,0.0,Millions of dollars,51310-2020-03-studentloan.xlsx,Table 5,false,51310,Table 5. / Guaranteed Student Loans / Credit Reestimates and Modificationsa / Outlays,fiscal_year,2029,2029,2029,35,14
Student Loans,Outlays,2030,0.0,Millions of dollars,51310-2020-03-studentloan.xlsx,Table 5,false,51310,Table 5. / Guaranteed Student Loans / Credit Reestimates and Modificationsa / Outlays,fiscal_year,2030,2030,2030,35,15
Student Loans,Budget Authority,2020,6405.0,Millions of dollars,51310-2020-03-studentloan.xlsx,Table 5,true,51310,"Table 5. / Guaranteed Student Loans / Subtotal, Guaranteed Loans / Budget Authority",fiscal_year,2020,2020,2020,37,5
Student Loans,Budget Authority,2021,10.0,Millions of dollars,51310-2020-03-studentloan.xlsx,Table 5,true,51310,"Table 5. / Guaranteed Student Loans / Subtotal, Guaranteed Loans / Budget Authority",fiscal_year,2021,2021,2021,37,6
Student Loans,Budget Authority,2022,9.0,Millions of dollars,51310-2020-03-studentloan.xlsx,Table 5,true,51310,"Table 5. / Guaranteed Student Loans / Subtotal, Guaranteed Loans / Budget Authority",fiscal_year,2022,2022,2022,37,7
Student Loans,Budget Authority,2023,9.0,Millions of dollars,51310-2020-03-studentloan.xlsx,Table 5,true,51310,"Table 5. / Guaranteed Student Loans / Subtotal, Guaranteed Loans / Budget Authority",fiscal_year,2023,2023,2023,37,8
Student Loans,Budget Authority,2024,9.0,Millions of dollars,51310-2020-03-studentloan.xlsx,Table 5,true,51310,"Table 5. / Guaranteed Student Loans / Subtotal, Guaranteed Loans / Budget Authority",fiscal_year,2024,2024,2024,37,9
Student Loans,Budget Authority,2025,9.0,Millions of dollars,51310-2020-03-studentloan.xlsx,Table 5,true,51310,"Table 5. / Guaranteed Student Loans / Subtotal, Guaranteed Loans / Budget Authority",fiscal_year,2025,2025,2025,37,10
Student Loans,Budget Authority,2026,8.0,Millions of dollars,51310-2020-03-studentloan.xlsx,Table 5,true,51310,"Table 5. / Guaranteed Student Loans / Subtotal, Guaranteed Loans / Budget Authority",fiscal_year,2026,2026,2026,37,11
Student Loans,Budget Authority,2027,8.0,Millions of dollars,51310-2020-03-studentloan.xlsx,Table 5,true,51310,"Table 5. / Guaranteed Student Loans / Subtotal, Guaranteed Loans / Budget Authority",fiscal_year,2027,2027,2027,37,12
Student Loans,Budget Authority,2028,8.0,Millions of dollars,51310-2020-03-studentloan.xlsx,Table 5,true,51310,"Table 5. / Guaranteed Student Loans / Subtotal, Guaranteed Loans / Budget Authority",fiscal_year,2028,2028,2028,37,13
Student Loans,Budget Authority,2029,8.0,Millions of dollars,51310-2020-03-studentloan.xlsx,Table 5,true,51310,"Table 5. / Guaranteed Student Loans / Subtotal, Guaranteed Loans / Budget Authority",fiscal_year,2029,2029,2029,37,14
Student Loans,Budget Authority,2030,7.0,Millions of dollars,51310-2020-03-studentloan.xlsx,Table 5,true,51310,"Table 5. / Guaranteed Student Loans / Subtotal, Guaranteed Loans / Budget Authority",fiscal_year,2030,2030,2030,37,15
Student Loans,Outlays,2020,6223.0,Millions of dollars,51310-2020-03-studentloan.xlsx,Table 5,true,51310,"Table 5. / Guaranteed Student Loans / Subtotal, Guaranteed Loans / Outlays",fiscal_year,2020,2020,2020,38,5
Student Loans,Outlays,2021,-137.0,Millions of dollars,51310-2020-03-studentloan.xlsx,Table 5,true,51310,"Table 5. / Guaranteed Student Loans / Subtotal, Guaranteed Loans / Outlays",fiscal_year,2021,2021,2021,38,6
Student Loans,Outlays,2022,-107.0,Millions of dollars,51310-2020-03-studentloan.xlsx,Table 5,true,51310,"Table 5. / Guaranteed Student Loans / Subtotal, Guaranteed Loans / Outlays",fiscal_year,2022,2022,2022,38,7
Student Loans,Outlays,2023,-80.0,Millions of dollars,51310-2020-03-studentloan.xlsx,Table 5,true,51310,"Table 5. / Guaranteed Student Loans / Subtotal, Guaranteed Loans / Outlays",fiscal_year,2023,2023,2023,38,8
Student Loans,Outlays,2024,-60.0,Millions of dollars,51310-2020-03-studentloan.xlsx,Table 5,true,51310,"Table 5. / Guaranteed Student Loans / Subtotal, Guaranteed Loans / Outlays",fiscal_year,2024,2024,2024,38,9
Student Loans,Outlays,2025,-46.0,Millions of dollars,51310-2020-03-studentloan.xlsx,Table 5,true,51310,"Table 5. / Guaranteed Student Loans / Subtotal, Guaranteed Loans / Outlays",fiscal_year,2025,2025,2025,38,10
Student Loans,Outlays,2026,-38.0,Millions of dollars,51310-2020-03-studentloan.xlsx,Table 5,true,51310,"Table 5. / Guaranteed Student Loans / Subtotal, Guaranteed Loans / Outlays",fiscal_year,2026,2026,2026,38,11
Student Loans,Outlays,2027,-30.0,Millions of dollars,51310-2020-03-studentloan.xlsx,Table 5,true,51310,"Table 5. / Guaranteed Student Loans / Subtotal, Guaranteed Loans / Outlays",fiscal_year,2027,2027,2027,38,12
Student Loans,Outlays,2028,-28.0,Millions of dollars,51310-2020-03-studentloan.xlsx,Table 5,true,51310,"Table 5. / Guaranteed Student Loans / Subtotal, Guaranteed Loans / Outlays",fiscal_year,2028,2028,2028,38,13
Student Loans,Outlays,2029,-26.0,Millions of dollars,51310-2020-03-studentloan.xlsx,Table 5,true,51310,"Table 5. / Guaranteed Student Loans / Subtotal, Guaranteed Loans / Outlays",fiscal_year,2029,2029,2029,38,14
Student Loans,Outlays,2030,-25.0,Millions of dollars,51310-2020-03-studentloan.xlsx,Table 5,true,51310,"Table 5. / Guaranteed Student Loans / Subtotal, Guaranteed Loans / Outlays",fiscal_year,2030,2030,2030,38,15
Student Loans,Budget Authority,2020,0.0,Millions of dollars,51310-2020-03-studentloan.xlsx,Table 5,false,51310,Table 5. / Student Aid Administration / Student Aid Administration (Discretionary) / Budget Authority,fiscal_year,2020,2020,2020,42,5
Student Loans,Budget Authority,2021,0.0,Millions of dollars,51310-2020-03-studentloan.xlsx,Table 5,false,51310,Table 5. / Student Aid Administration / Student Aid Administration (Discretionary) / Budget Authority,fiscal_year,2021,2021,2021,42,6
Student Loans,Budget Authority,2022,0.0,Millions of dollars,51310-2020-03-studentloan.xlsx,Table 5,false,51310,Table 5. / Student Aid Administration / Student Aid Administration (Discretionary) / Budget Authority,fiscal_year,2022,2022,2022,42,7
Student Loans,Budget Authority,2023,0.0,Millions of dollars,51310-2020-03-studentloan.xlsx,Table 5,false,51310,Table 5. / Student Aid Administration / Student Aid Administration (Discretionary) / Budget Authority,fiscal_year,2023,2023,2023,42,8
Student Loans,Budget Authority,2024,0.0,Millions of dollars,51310-2020-03-studentloan.xlsx,Table 5,false,51310,Table 5. / Student Aid Administration / Student Aid Administration (Discretionary) / Budget Authority,fiscal_year,2024,2024,2024,42,9
Student Loans,Budget Authority,2025,0.0,Millions of dollars,51310-2020-03-studentloan.xlsx,Table 5,false,51310,Table 5. / Student Aid Administration / Student Aid Administration (Discretionary) / Budget Authority,fiscal_year,2025,2025,2025,42,10
Student Loans,Budget Authority,2026,0.0,Millions of dollars,51310-2020-03-studentloan.xlsx,Table 5,false,51310,Table 5. / Student Aid Administration / Student Aid Administration (Discretionary) / Budget Authority,fiscal_year,2026,2026,2026,42,11
Student Loans,Budget Authority,2027,0.0,Millions of dollars,51310-2020-03-studentloan.xlsx,Table 5,false,51310,Table 5. / Student Aid Administration / Student Aid Administration (Discretionary) / Budget Authority,fiscal_year,2027,2027,2027,42,12
Student Loans,Budget Authority,2028,0.0,Millions of dollars,51310-2020-03-studentloan.xlsx,Table 5,false,51310,Table 5. / Student Aid Administration / Student Aid Administration (Discretionary) / Budget Authority,fiscal_year,2028,2028,2028,42,13
Student Loans,Budget Authority,2029,0.0,Millions of dollars,51310-2020-03-studentloan.xlsx,Table 5,false,51310,Table 5. / Student Aid Administration / Student Aid Administration (Discretionary) / Budget Authority,fiscal_year,2029,2029,2029,42,14
Student Loans,Budget Authority,2030,0.0,Millions of dollars,51310-2020-03-studentloan.xlsx,Table 5,false,51310,Table 5. / Student Aid Administration / Student Aid Administration (Discretionary) / Budget Authority,fiscal_year,2030,2030,2030,42,15
Student Loans,Outlays,2020,10.0,Millions of dollars,51310-2020-03-studentloan.xlsx,Table 5,false,51310,Table 5. / Student Aid Administration / Student Aid Administration (Discretionary) / Outlays,fiscal_year,2020,2020,2020,43,5
Student Loans,Outlays,2021,9.7,Millions of dollars,51310-2020-03-studentloan.xlsx,Table 5,false,51310,Table 5. / Student Aid Administration / Student Aid Administration (Discretionary) / Outlays,fiscal_year,2021,2021,2021,43,6
Student Loans,Outlays,2022,9.408999999999999,Millions of dollars,51310-2020-03-studentloan.xlsx,Table 5,false,51310,Table 5. / Student Aid Administration / Student Aid Administration (Discretionary) / Outlays,fiscal_year,2022,2022,2022,43,7
Student Loans,Outlays,2023,9.126729999999998,Millions of dollars,51310-2020-03-studentloan.xlsx,Table 5,false,51310,Table 5. / Student Aid Administration / Student Aid Administration (Discretionary) / Outlays,fiscal_year,2023,2023,2023,43,8
Student Loans,Outlays,2024,8.852928099999998,Millions of dollars,51310-2020-03-studentloan.xlsx,Table 5,false,51310,Table 5. / Student Aid Administration / Student Aid Administration (Discretionary) / Outlays,fiscal_year,2024,2024,2024,43,9
Student Loans,Outlays,2025,8.587340256999997,Millions of dollars,51310-2020-03-studentloan.xlsx,Table 5,false,51310,Table 5. / Student Aid Administration / Student Aid Administration (Discretionary) / Outlays,fiscal_year,2025,2025,2025,43,10
Student Loans,Outlays,2026,8.329720049289998,Millions of dollars,51310-2020-03-studentloan.xlsx,Table 5,false,51310,Table 5. / Student Aid Administration / Student Aid Administration (Discretionary) / Outlays,fiscal_year,2026,2026,2026,43,11
Student Loans,Outlays,2027,8.079828447811298,Millions of dollars,51310-2020-03-studentloan.xlsx,Table 5,false,51310,Table 5. / Student Aid Administration / Student Aid Administration (Discretionary) / Outlays,fiscal_year,2027,2027,2027,43,12
Student Loans,Outlays,2028,7.837433594376959,Millions of dollars,51310-2020-03-studentloan.xlsx,Table 5,false,51310,Table 5. / Student Aid Administration / Student Aid Administration (Discretionary) / Outlays,fiscal_year,2028,2028,2028,43,13
Student Loans,Outlays,2029,7.60231058654565,Millions of dollars,51310-2020-03-studentloan.xlsx,Table 5,false,51310,Table 5. / Student Aid Administration / Student Aid Administration (Discretionary) / Outlays,fiscal_year,2029,2029,2029,43,14
Student Loans,Outlays,2030,7.374241268949281,Millions of dollars,51310-2020-03-studentloan.xlsx,Table 5,false,51310,Table 5. / Student Aid Administration / Student Aid Administration (Discretionary) / Outlays,fiscal_year,2030,2030,2030,43,15
Student Loans,Budget Authority,2020,1304.302222222222,Millions of dollars,51310-2020-03-studentloan.xlsx,Table 5,false,51310,Table 5. / Student Aid Administration / Student Aid Administration (Mandatory) / Budget Authority,fiscal_year,2020,2020,2020,45,5
Student Loans,Budget Authority,2021,1325.5242085320187,Millions of dollars,51310-2020-03-studentloan.xlsx,Table 5,false,51310,Table 5. / Student Aid Administration / Student Aid Administration (Mandatory) / Budget Authority,fiscal_year,2021,2021,2021,45,6
Student Loans,Budget Authority,2022,1355.9607112142237,Millions of dollars,51310-2020-03-studentloan.xlsx,Table 5,false,51310,Table 5. / Student Aid Administration / Student Aid Administration (Mandatory) / Budget Authority,fiscal_year,2022,2022,2022,45,7
Student Loans,Budget Authority,2023,1395.337150490099,Millions of dollars,51310-2020-03-studentloan.xlsx,Table 5,false,51310,Table 5. / Student Aid Administration / Student Aid Administration (Mandatory) / Budget Authority,fiscal_year,2023,2023,2023,45,8
Student Loans,Budget Authority,2024,1441.2989294362058,Millions of dollars,51310-2020-03-studentloan.xlsx,Table 5,false,51310,Table 5. / Student Aid Administration / Student Aid Administration (Mandatory) / Budget Authority,fiscal_year,2024,2024,2024,45,9
Student Loans,Budget Authority,2025,1478.1041819417565,Millions of dollars,51310-2020-03-studentloan.xlsx,Table 5,false,51310,Table 5. / Student Aid Administration / Student Aid Administration (Mandatory) / Budget Authority,fiscal_year,2025,2025,2025,45,10
Student Loans,Budget Authority,2026,1506.1152795262085,Millions of dollars,51310-2020-03-studentloan.xlsx,Table 5,false,51310,Table 5. / Student Aid Administration / Student Aid Administration (Mandatory) / Budget Authority,fiscal_year,2026,2026,2026,45,11
Student Loans,Budget Authority,2027,1533.6461325668276,Millions of dollars,51310-2020-03-studentloan.xlsx,Table 5,false,51310,Table 5. / Student Aid Administration / Student Aid Administration (Mandatory) / Budget Authority,fiscal_year,2027,2027,2027,45,12
Student Loans,Budget Authority,2028,1561.9259974495542,Millions of dollars,51310-2020-03-studentloan.xlsx,Table 5,false,51310,Table 5. / Student Aid Administration / Student Aid Administration (Mandatory) / Budget Authority,fiscal_year,2028,2028,2028,45,13
Student Loans,Budget Authority,2029,1591.141343114662,Millions of dollars,51310-2020-03-studentloan.xlsx,Table 5,false,51310,Table 5. / Student Aid Administration / Student Aid Administration (Mandatory) / Budget Authority,fiscal_year,2029,2029,2029,45,14
Student Loans,Budget Authority,2030,1620.623508047524,Millions of dollars,51310-2020-03-studentloan.xlsx,Table 5,false,51310,Table 5. / Student Aid Administration / Student Aid Administration (Mandatory) / Budget Authority,fiscal_year,2030,2030,2030,45,15
Student Loans,Outlays,2020,306.5755555555555,Millions of dollars,51310-2020-03-studentloan.xlsx,Table 5,false,51310,Table 5. / Student Aid Administration / Student Aid Administration (Mandatory) / Outlays,fiscal_year,2020,2020,2020,46,5
Student Loans,Outlays,2021,326.0755555555555,Millions of dollars,51310-2020-03-studentloan.xlsx,Table 5,false,51310,Table 5. / Student Aid Administration / Student Aid Administration (Mandatory) / Outlays,fiscal_year,2021,2021,2021,46,6
Student Loans,Outlays,2022,331.3810521330047,Millions of dollars,51310-2020-03-studentloan.xlsx,Table 5,false,51310,Table 5. / Student Aid Administration / Student Aid Administration (Mandatory) / Outlays,fiscal_year,2022,2022,2022,46,7
Student Loans,Outlays,2023,338.990177803556,Millions of dollars,51310-2020-03-studentloan.xlsx,Table 5,false,51310,Table 5. / Student Aid Administration / Student Aid Administration (Mandatory) / Outlays,fiscal_year,2023,2023,2023,46,8
Student Loans,Outlays,2024,348.83428762252476,Millions of dollars,51310-2020-03-studentloan.xlsx,Table 5,false,51310,Table 5. / Student Aid Administration / Student Aid Administration (Mandatory) / Outlays,fiscal_year,2024,2024,2024,46,9
Student Loans,Outlays,2025,360.32473235905144,Millions of dollars,51310-2020-03-studentloan.xlsx,Table 5,false,51310,Table 5. / Student Aid Administration / Student Aid Administration (Mandatory) / Outlays,fiscal_year,2025,2025,2025,46,10
Student Loans,Outlays,2026,369.5260454854391,Millions of dollars,51310-2020-03-studentloan.xlsx,Table 5,false,51310,Table 5. / Student Aid Administration / Student Aid Administration (Mandatory) / Outlays,fiscal_year,2026,2026,2026,46,11
Student Loans,Outlays,2027,376.5288198815521,Millions of dollars,51310-2020-03-studentloan.xlsx,Table 5,false,51310,Table 5. / Student Aid Administration / Student Aid Administration (Mandatory) / Outlays,fiscal_year,2027,2027,2027,46,12
Student Loans,Outlays,2028,383.4115331417069,Millions of dollars,51310-2020-03-studentloan.xlsx,Table 5,false,51310,Table 5. / Student Aid Administration / Student Aid Administration (Mandatory) / Outlays,fiscal_year,2028,2028,2028,46,13
Student Loans,Outlays,2029,390.48149936238855,Millions of dollars,51310-2020-03-studentloan.xlsx,Table 5,false,51310,Table 5. / Student Aid Administration / Student Aid Administration (Mandatory) / Outlays,fiscal_year,2029,2029,2029,46,14
Student Loans,Outlays,2030,397.7853357786655,Millions of dollars,51310-2020-03-studentloan.xlsx,Table 5,false,51310,Table 5. / Student Aid Administration / Student Aid Administration (Mandatory) / Outlays,fiscal_year,2030,2030,2030,46,15
Student Loans,Budget Authority,2020,3073.0,Millions of dollars,51310-2020-03-studentloan.xlsx,Table 5,false,51310,Table 5. / Student Aid Administration / Budget Authority,fiscal_year,2020,2020,2020,48,5
Student Loans,Budget Authority,2021,3138.0,Millions of dollars,51310-2020-03-studentloan.xlsx,Table 5,false,51310,Table 5. / Student Aid Administration / Budget Authority,fiscal_year,2021,2021,2021,48,6
Student Loans,Budget Authority,2022,3212.0,Millions of dollars,51310-2020-03-studentloan.xlsx,Table 5,false,51310,Table 5. / Student Aid Administration / Budget Authority,fiscal_year,2022,2022,2022,48,7
Student Loans,Budget Authority,2023,3295.0,Millions of dollars,51310-2020-03-studentloan.xlsx,Table 5,false,51310,Table 5. / Student Aid Administration / Budget Authority,fiscal_year,2023,2023,2023,48,8
Student Loans,Budget Authority,2024,3386.0,Millions of dollars,51310-2020-03-studentloan.xlsx,Table 5,false,51310,Table 5. / Student Aid Administration / Budget Authority,fiscal_year,2024,2024,2024,48,9
Student Loans,Budget Authority,2025,3469.0,Millions of dollars,51310-2020-03-studentloan.xlsx,Table 5,false,51310,Table 5. / Student Aid Administration / Budget Authority,fiscal_year,2025,2025,2025,48,10
Student Loans,Budget Authority,2026,3542.0,Millions of dollars,51310-2020-03-studentloan.xlsx,Table 5,false,51310,Table 5. / Student Aid Administration / Budget Authority,fiscal_year,2026,2026,2026,48,11
Student Loans,Budget Authority,2027,3617.0,Millions of dollars,51310-2020-03-studentloan.xlsx,Table 5,false,51310,Table 5. / Student Aid Administration / Budget Authority,fiscal_year,2027,2027,2027,48,12
Student Loans,Budget Authority,2028,3692.0,Millions of dollars,51310-2020-03-studentloan.xlsx,Table 5,false,51310,Table 5. / Student Aid Administration / Budget Authority,fiscal_year,2028,2028,2028,48,13
Student Loans,Budget Authority,2029,3768.0,Millions of dollars,51310-2020-03-studentloan.xlsx,Table 5,false,51310,Table 5. / Student Aid Administration / Budget Authority,fiscal_year,2029,2029,2029,48,14
Student Loans,Budget Authority,2030,3847.0,Millions of dollars,51310-2020-03-studentloan.xlsx,Table 5,false,51310,Table 5. / Student Aid Administration / Budget Authority,fiscal_year,2030,2030,2030,48,15
Student Loans,Outlays,2020,3008.0,Millions of dollars,51310-2020-03-studentloan.xlsx,Table 5,false,51310,Table 5. / Student Aid Administration / Outlays,fiscal_year,2020,2020,2020,49,5
Student Loans,Outlays,2021,3099.0,Millions of dollars,51310-2020-03-studentloan.xlsx,Table 5,false,51310,Table 5. / Student Aid Administration / Outlays,fiscal_year,2021,2021,2021,49,6
Student Loans,Outlays,2022,3174.0,Millions of dollars,51310-2020-03-studentloan.xlsx,Table 5,false,51310,Table 5. / Student Aid Administration / Outlays,fiscal_year,2022,2022,2022,49,7
Student Loans,Outlays,2023,3257.0,Millions of dollars,51310-2020-03-studentloan.xlsx,Table 5,false,51310,Table 5. / Student Aid Administration / Outlays,fiscal_year,2023,2023,2023,49,8
Student Loans,Outlays,2024,3346.0,Millions of dollars,51310-2020-03-studentloan.xlsx,Table 5,false,51310,Table 5. / Student Aid Administration / Outlays,fiscal_year,2024,2024,2024,49,9
Student Loans,Outlays,2025,3431.0,Millions of dollars,51310-2020-03-studentloan.xlsx,Table 5,false,51310,Table 5. / Student Aid Administration / Outlays,fiscal_year,2025,2025,2025,49,10
Student Loans,Outlays,2026,3506.0,Millions of dollars,51310-2020-03-studentloan.xlsx,Table 5,false,51310,Table 5. / Student Aid Administration / Outlays,fiscal_year,2026,2026,2026,49,11
Student Loans,Outlays,2027,3580.0,Millions of dollars,51310-2020-03-studentloan.xlsx,Table 5,false,51310,Table 5. / Student Aid Administration / Outlays,fiscal_year,2027,2027,2027,49,12
Student Loans,Outlays,2028,3655.0,Millions of dollars,51310-2020-03-studentloan.xlsx,Table 5,false,51310,Table 5. / Student Aid Administration / Outlays,fiscal_year,2028,2028,2028,49,13
Student Loans,Outlays,2029,3731.0,Millions of dollars,51310-2020-03-studentloan.xlsx,Table 5,false,51310,Table 5. / Student Aid Administration / Outlays,fiscal_year,2029,2029,2029,49,14
Student Loans,Outlays,2030,3808.0,Millions of dollars,51310-2020-03-studentloan.xlsx,Table 5,false,51310,Table 5. / Student Aid Administration / Outlays,fiscal_year,2030,2030,2030,49,15
Student Loans,Budget Authority,2020,101671.0,Millions of dollars,51310-2020-03-studentloan.xlsx,Table 5,true,51310,"Table 5. / Total Spending, Student Loans / Total Student Loans / Budget Authority",fiscal_year,2020,2020,2020,53,5
Student Loans,Budget Authority,2021,21618.0,Millions of dollars,51310-2020-03-studentloan.xlsx,Table 5,true,51310,"Table 5. / Total Spending, Student Loans / Total Student Loans / Budget Authority",fiscal_year,2021,2021,2021,53,6
Student Loans,Budget Authority,2022,22406.0,Millions of dollars,51310-2020-03-studentloan.xlsx,Table 5,true,51310,"Table 5. / Total Spending, Student Loans / Total Student Loans / Budget Authority",fiscal_year,2022,2022,2022,53,7
Student Loans,Budget Authority,2023,23366.0,Millions of dollars,51310-2020-03-studentloan.xlsx,Table 5,true,51310,"Table 5. / Total Spending, Student Loans / Total Student Loans / Budget Authority",fiscal_year,2023,2023,2023,53,8
Student Loans,Budget Authority,2024,24279.0,Millions of dollars,51310-2020-03-studentloan.xlsx,Table 5,true,51310,"Table 5. / Total Spending, Student Loans / Total Student Loans / Budget Authority",fiscal_year,2024,2024,2024,53,9
Student Loans,Budget Authority,2025,24887.0,Millions of dollars,51310-2020-03-studentloan.xlsx,Table 5,true,51310,"Table 5. / Total Spending, Student Loans / Total Student Loans / Budget Authority",fiscal_year,2025,2025,2025,53,10
Student Loans,Budget Authority,2026,25860.0,Millions of dollars,51310-2020-03-studentloan.xlsx,Table 5,true,51310,"Table 5. / Total Spending, Student Loans / Total Student Loans / Budget Authority",fiscal_year,2026,2026,2026,53,11
Student Loans,Budget Authority,2027,26289.0,Millions of dollars,51310-2020-03-studentloan.xlsx,Table 5,true,51310,"Table 5. / Total Spending, Student Loans / Total Student Loans / Budget Authority",fiscal_year,2027,2027,2027,53,12
Student Loans,Budget Authority,2028,26820.0,Millions of dollars,51310-2020-03-studentloan.xlsx,Table 5,true,51310,"Table 5. / Total Spending, Student Loans / Total Student Loans / Budget Authority",fiscal_year,2028,2028,2028,53,13
Student Loans,Budget Authority,2029,27234.0,Millions of dollars,51310-2020-03-studentloan.xlsx,Table 5,true,51310,"Table 5. / Total Spending, Student Loans / Total Student Loans / Budget Authority",fiscal_year,2029,2029,2029,53,14
Student Loans,Budget Authority,2030,28080.0,Millions of dollars,51310-2020-03-studentloan.xlsx,Table 5,true,51310,"Table 5. / Total Spending, Student Loans / Total Student Loans / Budget Authority",fiscal_year,2030,2030,2030,53,15
Student Loans,Outlays,2020,97731.0,Millions of dollars,51310-2020-03-studentloan.xlsx,Table 5,true,51310,"Table 5. / Total Spending, Student Loans / Total Student Loans / Outlays",fiscal_year,2020,2020,2020,54,5
Student Loans,Outlays,2021,18761.0,Millions of dollars,51310-2020-03-studentloan.xlsx,Table 5,true,51310,"Table 5. / Total Spending, Student Loans / Total Student Loans / Outlays",fiscal_year,2021,2021,2021,54,6
Student Loans,Outlays,2022,19718.0,Millions of dollars,51310-2020-03-studentloan.xlsx,Table 5,true,51310,"Table 5. / Total Spending, Student Loans / Total Student Loans / Outlays",fiscal_year,2022,2022,2022,54,7
Student Loans,Outlays,2023,20553.0,Millions of dollars,51310-2020-03-studentloan.xlsx,Table 5,true,51310,"Table 5. / Total Spending, Student Loans / Total Student Loans / Outlays",fiscal_year,2023,2023,2023,54,8
Student Loans,Outlays,2024,21408.0,Millions of dollars,51310-2020-03-studentloan.xlsx,Table 5,true,51310,"Table 5. / Total Spending, Student Loans / Total Student Loans / Outlays",fiscal_year,2024,2024,2024,54,9
Student Loans,Outlays,2025,22064.0,Millions of dollars,51310-2020-03-studentloan.xlsx,Table 5,true,51310,"Table 5. / Total Spending, Student Loans / Total Student Loans / Outlays",fiscal_year,2025,2025,2025,54,10
Student Loans,Outlays,2026,22825.0,Millions of dollars,51310-2020-03-studentloan.xlsx,Table 5,true,51310,"Table 5. / Total Spending, Student Loans / Total Student Loans / Outlays",fiscal_year,2026,2026,2026,54,11
Student Loans,Outlays,2027,23383.0,Millions of dollars,51310-2020-03-studentloan.xlsx,Table 5,true,51310,"Table 5. / Total Spending, Student Loans / Total Student Loans / Outlays",fiscal_year,2027,2027,2027,54,12
Student Loans,Outlays,2028,23829.0,Millions of dollars,51310-2020-03-studentloan.xlsx,Table 5,true,51310,"Table 5. / Total Spending, Student Loans / Total Student Loans / Outlays",fiscal_year,2028,2028,2028,54,13
Student Loans,Outlays,2029,24236.0,Millions of dollars,51310-2020-03-studentloan.xlsx,Table 5,true,51310,"Table 5. / Total Spending, Student Loans / Total Student Loans / Outlays",fiscal_year,2029,2029,2029,54,14
Student Loans,Outlays,2030,24867.0,Millions of dollars,51310-2020-03-studentloan.xlsx,Table 5,true,51310,"Table 5. / Total Spending, Student Loans / Total Student Loans / Outlays",fiscal_year,2030,2030,2030,54,15
Student Loans,All Loans,2020,16.19,Percent,51310-2020-03-studentloan.xlsx,Table 6,false,51310,Table 6. / All Loans,fiscal_year,2020,2020,2020,9,2
Student Loans,All Loans,2021,17.38,Percent,51310-2020-03-studentloan.xlsx,Table 6,false,51310,Table 6. / All Loans,fiscal_year,2021,2021,2021,9,3
Student Loans,All Loans,2022,17.65,Percent,51310-2020-03-studentloan.xlsx,Table 6,false,51310,Table 6. / All Loans,fiscal_year,2022,2022,2022,9,4
Student Loans,All Loans,2023,17.91,Percent,51310-2020-03-studentloan.xlsx,Table 6,false,51310,Table 6. / All Loans,fiscal_year,2023,2023,2023,9,5
Student Loans,All Loans,2024,17.98,Percent,51310-2020-03-studentloan.xlsx,Table 6,false,51310,Table 6. / All Loans,fiscal_year,2024,2024,2024,9,6
Student Loans,All Loans,2025,17.76,Percent,51310-2020-03-studentloan.xlsx,Table 6,false,51310,Table 6. / All Loans,fiscal_year,2025,2025,2025,9,7
Student Loans,All Loans,2026,17.83,Percent,51310-2020-03-studentloan.xlsx,Table 6,false,51310,Table 6. / All Loans,fiscal_year,2026,2026,2026,9,8
Student Loans,All Loans,2027,17.55,Percent,51310-2020-03-studentloan.xlsx,Table 6,false,51310,Table 6. / All Loans,fiscal_year,2027,2027,2027,9,9
Student Loans,All Loans,2028,17.44,Percent,51310-2020-03-studentloan.xlsx,Table 6,false,51310,Table 6. / All Loans,fiscal_year,2028,2028,2028,9,10
Student Loans,All Loans,2029,17.23,Percent,51310-2020-03-studentloan.xlsx,Table 6,false,51310,Table 6. / All Loans,fiscal_year,2029,2029,2029,9,11
Student Loans,All Loans,2030,17.36,Percent,51310-2020-03-studentloan.xlsx,Table 6,false,51310,Table 6. / All Loans,fiscal_year,2030,2030,2030,9,12
Student Loans,Subsidized Loans,2020,26.23,Percent,51310-2020-03-studentloan.xlsx,Table 6,false,51310,Table 6. / Subsidized Loans,fiscal_year,2020,2020,2020,10,2
Student Loans,Subsidized Loans,2021,27.4,Percent,51310-2020-03-studentloan.xlsx,Table 6,false,51310,Table 6. / Subsidized Loans,fiscal_year,2021,2021,2021,10,3
Student Loans,Subsidized Loans,2022,28.22,Percent,51310-2020-03-studentloan.xlsx,Table 6,false,51310,Table 6. / Subsidized Loans,fiscal_year,2022,2022,2022,10,4
Student Loans,Subsidized Loans,2023,28.62,Percent,51310-2020-03-studentloan.xlsx,Table 6,false,51310,Table 6. / Subsidized Loans,fiscal_year,2023,2023,2023,10,5
Student Loans,Subsidized Loans,2024,28.54,Percent,51310-2020-03-studentloan.xlsx,Table 6,false,51310,Table 6. / Subsidized Loans,fiscal_year,2024,2024,2024,10,6
Student Loans,Subsidized Loans,2025,28.45,Percent,51310-2020-03-studentloan.xlsx,Table 6,false,51310,Table 6. / Subsidized Loans,fiscal_year,2025,2025,2025,10,7
Student Loans,Subsidized Loans,2026,28.38,Percent,51310-2020-03-studentloan.xlsx,Table 6,false,51310,Table 6. / Subsidized Loans,fiscal_year,2026,2026,2026,10,8
Student Loans,Subsidized Loans,2027,28.25,Percent,51310-2020-03-studentloan.xlsx,Table 6,false,51310,Table 6. / Subsidized Loans,fiscal_year,2027,2027,2027,10,9
Student Loans,Subsidized Loans,2028,28.28,Percent,51310-2020-03-studentloan.xlsx,Table 6,false,51310,Table 6. / Subsidized Loans,fiscal_year,2028,2028,2028,10,10
Student Loans,Subsidized Loans,2029,28.2,Percent,51310-2020-03-studentloan.xlsx,Table 6,false,51310,Table 6. / Subsidized Loans,fiscal_year,2029,2029,2029,10,11
Student Loans,Subsidized Loans,2030,28.24,Percent,51310-2020-03-studentloan.xlsx,Table 6,false,51310,Table 6. / Subsidized Loans,fiscal_year,2030,2030,2030,10,12
Student Loans,Unsubsidized Loans: Undergraduate,2020,18.92,Percent,51310-2020-03-studentloan.xlsx,Table 6,false,51310,Table 6. / Unsubsidized Loans: Undergraduate,fiscal_year,2020,2020,2020,11,2
Student Loans,Unsubsidized Loans: Undergraduate,2021,20.3,Percent,51310-2020-03-studentloan.xlsx,Table 6,false,51310,Table 6. / Unsubsidized Loans: Undergraduate,fiscal_year,2021,2021,2021,11,3
Student Loans,Unsubsidized Loans: Undergraduate,2022,20.49,Percent,51310-2020-03-studentloan.xlsx,Table 6,false,51310,Table 6. / Unsubsidized Loans: Undergraduate,fiscal_year,2022,2022,2022,11,4
Student Loans,Unsubsidized Loans: Undergraduate,2023,20.49,Percent,51310-2020-03-studentloan.xlsx,Table 6,false,51310,Table 6. / Unsubsidized Loans: Undergraduate,fiscal_year,2023,2023,2023,11,5
Student Loans,Unsubsidized Loans: Undergraduate,2024,20.33,Percent,51310-2020-03-studentloan.xlsx,Table 6,false,51310,Table 6. / Unsubsidized Loans: Undergraduate,fiscal_year,2024,2024,2024,11,6
Student Loans,Unsubsidized Loans: Undergraduate,2025,20.16,Percent,51310-2020-03-studentloan.xlsx,Table 6,false,51310,Table 6. / Unsubsidized Loans: Undergraduate,fiscal_year,2025,2025,2025,11,7
Student Loans,Unsubsidized Loans: Undergraduate,2026,19.97,Percent,51310-2020-03-studentloan.xlsx,Table 6,false,51310,Table 6. / Unsubsidized Loans: Undergraduate,fiscal_year,2026,2026,2026,11,8
Student Loans,Unsubsidized Loans: Undergraduate,2027,19.8,Percent,51310-2020-03-studentloan.xlsx,Table 6,false,51310,Table 6. / Unsubsidized Loans: Undergraduate,fiscal_year,2027,2027,2027,11,9
Student Loans,Unsubsidized Loans: Undergraduate,2028,19.93,Percent,51310-2020-03-studentloan.xlsx,Table 6,false,51310,Table 6. / Unsubsidized Loans: Undergraduate,fiscal_year,2028,2028,2028,11,10
Student Loans,Unsubsidized Loans: Undergraduate,2029,19.71,Percent,51310-2020-03-studentloan.xlsx,Table 6,false,51310,Table 6. / Unsubsidized Loans: Undergraduate,fiscal_year,2029,2029,2029,11,11
Student Loans,Unsubsidized Loans: Undergraduate,2030,19.82,Percent,51310-2020-03-studentloan.xlsx,Table 6,false,51310,Table 6. / Unsubsidized Loans: Undergraduate,fiscal_year,2030,2030,2030,11,12
Student Loans,Unsubsidized Loans: Graduate,2020,17.69,Percent,51310-2020-03-studentloan.xlsx,Table 6,false,51310,Table 6. / Unsubsidized Loans: Graduate,fiscal_year,2020,2020,2020,12,2
Student Loans,Unsubsidized Loans: Graduate,2021,18.97,Percent,51310-2020-03-studentloan.xlsx,Table 6,false,51310,Table 6. / Unsubsidized Loans: Graduate,fiscal_year,2021,2021,2021,12,3
Student Loans,Unsubsidized Loans: Graduate,2022,18.97,Percent,51310-2020-03-studentloan.xlsx,Table 6,false,51310,Table 6. / Unsubsidized Loans: Graduate,fiscal_year,2022,2022,2022,12,4
Student Loans,Unsubsidized Loans: Graduate,2023,19.03,Percent,51310-2020-03-studentloan.xlsx,Table 6,false,51310,Table 6. / Unsubsidized Loans: Graduate,fiscal_year,2023,2023,2023,12,5
Student Loans,Unsubsidized Loans: Graduate,2024,18.85,Percent,51310-2020-03-studentloan.xlsx,Table 6,false,51310,Table 6. / Unsubsidized Loans: Graduate,fiscal_year,2024,2024,2024,12,6
Student Loans,Unsubsidized Loans: Graduate,2025,18.35,Percent,51310-2020-03-studentloan.xlsx,Table 6,false,51310,Table 6. / Unsubsidized Loans: Graduate,fiscal_year,2025,2025,2025,12,7
Student Loans,Unsubsidized Loans: Graduate,2026,18.23,Percent,51310-2020-03-studentloan.xlsx,Table 6,false,51310,Table 6. / Unsubsidized Loans: Graduate,fiscal_year,2026,2026,2026,12,8
Student Loans,Unsubsidized Loans: Graduate,2027,17.81,Percent,51310-2020-03-studentloan.xlsx,Table 6,false,51310,Table 6. / Unsubsidized Loans: Graduate,fiscal_year,2027,2027,2027,12,9
Student Loans,Unsubsidized Loans: Graduate,2028,17.43,Percent,51310-2020-03-studentloan.xlsx,Table 6,false,51310,Table 6. / Unsubsidized Loans: Graduate,fiscal_year,2028,2028,2028,12,10
Student Loans,Unsubsidized Loans: Graduate,2029,17.07,Percent,51310-2020-03-studentloan.xlsx,Table 6,false,51310,Table 6. / Unsubsidized Loans: Graduate,fiscal_year,2029,2029,2029,12,11
Student Loans,Unsubsidized Loans: Graduate,2030,16.91,Percent,51310-2020-03-studentloan.xlsx,Table 6,false,51310,Table 6. / Unsubsidized Loans: Graduate,fiscal_year,2030,2030,2030,12,12
Student Loans,GradPLUS Loans for Students,2020,22.52,Percent,51310-2020-03-studentloan.xlsx,Table 6,false,51310,Table 6. / GradPLUS Loans for Students,fiscal_year,2020,2020,2020,13,2
Student Loans,GradPLUS Loans for Students,2021,23.84,Percent,51310-2020-03-studentloan.xlsx,Table 6,false,51310,Table 6. / GradPLUS Loans for Students,fiscal_year,2021,2021,2021,13,3
Student Loans,GradPLUS Loans for Students,2022,23.8,Percent,51310-2020-03-studentloan.xlsx,Table 6,false,51310,Table 6. / GradPLUS Loans for Students,fiscal_year,2022,2022,2022,13,4
Student Loans,GradPLUS Loans for Students,2023,24.92,Percent,51310-2020-03-studentloan.xlsx,Table 6,false,51310,Table 6. / GradPLUS Loans for Students,fiscal_year,2023,2023,2023,13,5
Student Loans,GradPLUS Loans for Students,2024,25.85,Percent,51310-2020-03-studentloan.xlsx,Table 6,false,51310,Table 6. / GradPLUS Loans for Students,fiscal_year,2024,2024,2024,13,6
Student Loans,GradPLUS Loans for Students,2025,25.15,Percent,51310-2020-03-studentloan.xlsx,Table 6,false,51310,Table 6. / GradPLUS Loans for Students,fiscal_year,2025,2025,2025,13,7
Student Loans,GradPLUS Loans for Students,2026,25.67,Percent,51310-2020-03-studentloan.xlsx,Table 6,false,51310,Table 6. / GradPLUS Loans for Students,fiscal_year,2026,2026,2026,13,8
Student Loans,GradPLUS Loans for Students,2027,24.82,Percent,51310-2020-03-studentloan.xlsx,Table 6,false,51310,Table 6. / GradPLUS Loans for Students,fiscal_year,2027,2027,2027,13,9
Student Loans,GradPLUS Loans for Students,2028,24.45,Percent,51310-2020-03-studentloan.xlsx,Table 6,false,51310,Table 6. / GradPLUS Loans for Students,fiscal_year,2028,2028,2028,13,10
Student Loans,GradPLUS Loans for Students,2029,24.13,Percent,51310-2020-03-studentloan.xlsx,Table 6,false,51310,Table 6. / GradPLUS Loans for Students,fiscal_year,2029,2029,2029,13,11
Student Loans,GradPLUS Loans for Students,2030,24.86,Percent,51310-2020-03-studentloan.xlsx,Table 6,false,51310,Table 6. / GradPLUS Loans for Students,fiscal_year,2030,2030,2030,13,12
Student Loans,Parent Loans,2020,-12.13,Percent,51310-2020-03-studentloan.xlsx,Table 6,false,51310,Table 6. / Parent Loans,fiscal_year,2020,2020,2020,14,2
Student Loans,Parent Loans,2021,-10.66,Percent,51310-2020-03-studentloan.xlsx,Table 6,false,51310,Table 6. / Parent Loans,fiscal_year,2021,2021,2021,14,3
Student Loans,Parent Loans,2022,-10.38,Percent,51310-2020-03-studentloan.xlsx,Table 6,false,51310,Table 6. / Parent Loans,fiscal_year,2022,2022,2022,14,4
Student Loans,Parent Loans,2023,-10.32,Percent,51310-2020-03-studentloan.xlsx,Table 6,false,51310,Table 6. / Parent Loans,fiscal_year,2023,2023,2023,14,5
Student Loans,Parent Loans,2024,-10.4,Percent,51310-2020-03-studentloan.xlsx,Table 6,false,51310,Table 6. / Parent Loans,fiscal_year,2024,2024,2024,14,6
Student Loans,Parent Loans,2025,-10.35,Percent,51310-2020-03-studentloan.xlsx,Table 6,false,51310,Table 6. / Parent Loans,fiscal_year,2025,2025,2025,14,7
Student Loans,Parent Loans,2026,-10.27,Percent,51310-2020-03-studentloan.xlsx,Table 6,false,51310,Table 6. / Parent Loans,fiscal_year,2026,2026,2026,14,8
Student Loans,Parent Loans,2027,-10.26,Percent,51310-2020-03-studentloan.xlsx,Table 6,false,51310,Table 6. / Parent Loans,fiscal_year,2027,2027,2027,14,9
Student Loans,Parent Loans,2028,-10.2,Percent,51310-2020-03-studentloan.xlsx,Table 6,false,51310,Table 6. / Parent Loans,fiscal_year,2028,2028,2028,14,10
Student Loans,Parent Loans,2029,-10.11,Percent,51310-2020-03-studentloan.xlsx,Table 6,false,51310,Table 6. / Parent Loans,fiscal_year,2029,2029,2029,14,11
Student Loans,Parent Loans,2030,-9.83,Percent,51310-2020-03-studentloan.xlsx,Table 6,false,51310,Table 6. / Parent Loans,fiscal_year,2030,2030,2030,14,12
