program,category,fiscal_year,value,unit,source_file,source_sheet,is_total,program_id,category_path,period_type,period_start_year,period_end_year,period_label,source_row,source_column
Student Loans,Budget Authority,2023,20762.0,Millions of dollars,51310-2023-05-studentloan.xlsx,T1-FCRA_05-2023,true,51310,"Federal Student Loan Program: Budget Account Totals, Federal Credit Reform Act Estimates / Program Accounta / Budget Authority",fiscal_year,2023,2023,2023,16,4
Student Loans,Budget Authority,2024,16128.0,Millions of dollars,51310-2023-05-studentloan.xlsx,T1-FCRA_05-2023,true,51310,"Federal Student Loan Program: Budget Account Totals, Federal Credit Reform Act Estimates / Program Accounta / Budget Authority",fiscal_year,2024,2024,2024,16,5
Student Loans,Budget Authority,2025,17332.0,Millions of dollars,51310-2023-05-studentloan.xlsx,T1-FCRA_05-2023,true,51310,"Federal Student Loan Program: Budget Account Totals, Federal Credit Reform Act Estimates / Program Accounta / Budget Authority",fiscal_year,2025,2025,2025,16,6
Student Loans,Budget Authority,2026,18543.0,Millions of dollars,51310-2023-05-studentloan.xlsx,T1-FCRA_05-2023,true,51310,"Federal Student Loan Program: Budget Account Totals, Federal Credit Reform Act Estimates / Program Accounta / Budget Authority",fiscal_year,2026,2026,2026,16,7
Student Loans,Budget Authority,2027,19775.0,Millions of dollars,51310-2023-05-studentloan.xlsx,T1-FCRA_05-2023,true,51310,"Federal Student Loan Program: Budget Account Totals, Federal Credit Reform Act Estimates / Program Accounta / Budget Authority",fiscal_year,2027,2027,2027,16,8
Student Loans,Budget Authority,2028,19911.0,Millions of dollars,51310-2023-05-studentloan.xlsx,T1-FCRA_05-2023,true,51310,"Federal Student Loan Program: Budget Account Totals, Federal Credit Reform Act Estimates / Program Accounta / Budget Authority",fiscal_year,2028,2028,2028,16,9
Student Loans,Budget Authority,2029,19870.0,Millions of dollars,51310-2023-05-studentloan.xlsx,T1-FCRA_05-2023,true,51310,"Federal Student Loan Program: Budget Account Totals, Federal Credit Reform Act Estimates / Program Accounta / Budget Authority",fiscal_year,2029,2029,2029,16,10
Student Loans,Budget Authority,2030,19847.0,Millions of dollars,51310-2023-05-studentloan.xlsx,T1-FCRA_05-2023,true,51310,"Federal Student Loan Program: Budget Account Totals, Federal Credit Reform Act Estimates / Program Accounta / Budget Authority",fiscal_year,2030,2030,2030,16,11
Student Loans,Budget Authority,2031,19714.0,Millions of dollars,51310-2023-05-studentloan.xlsx,T1-FCRA_05-2023,true,51310,"Federal Student Loan Program: Budget Account Totals, Federal Credit Reform Act Estimates / Program Accounta / Budget Authority",fiscal_year,2031,2031,2031,16,12
Student Loans,Budget Authority,2032,20265.0,Millions of dollars,51310-2023-05-studentloan.xlsx,T1-FCRA_05-2023,true,51310,"Federal Student Loan Program: Budget Account Totals, Federal Credit Reform Act Estimates / Program Accounta / Budget Authority",fiscal_year,2032,2032,2032,16,13
Student Loans,Budget Authority,2033,20354.0,Millions of dollars,51310-2023-05-studentloan.xlsx,T1-FCRA_05-2023,true,51310,"Federal Student Loan Program: Budget Account Totals, Federal Credit Reform Act Estimates / Program Accounta / Budget Authority",fiscal_year,2033,2033,2033,16,14
Student Loans,Outlays,2023,17919.0,Millions of dollars,51310-2023-05-studentloan.xlsx,T1-FCRA_05-2023,true,51310,"Federal Student Loan Program: Budget Account Totals, Federal Credit Reform Act Estimates / Program Accounta / Outlays",fiscal_year,2023,2023,2023,17,4
Student Loans,Outlays,2024,14665.0,Millions of dollars,51310-2023-05-studentloan.xlsx,T1-FCRA_05-2023,true,51310,"Federal Student Loan Program: Budget Account Totals, Federal Credit Reform Act Estimates / Program Accounta / Outlays",fiscal_year,2024,2024,2024,17,5
Student Loans,Outlays,2025,15086.0,Millions of dollars,51310-2023-05-studentloan.xlsx,T1-FCRA_05-2023,true,51310,"Federal Student Loan Program: Budget Account Totals, Federal Credit Reform Act Estimates / Program Accounta / Outlays",fiscal_year,2025,2025,2025,17,6
Student Loans,Outlays,2026,16176.0,Millions of dollars,51310-2023-05-studentloan.xlsx,T1-FCRA_05-2023,true,51310,"Federal Student Loan Program: Budget Account Totals, Federal Credit Reform Act Estimates / Program Accounta / Outlays",fiscal_year,2026,2026,2026,17,7
Student Loans,Outlays,2027,17246.0,Millions of dollars,51310-2023-05-studentloan.xlsx,T1-FCRA_05-2023,true,51310,"Federal Student Loan Program: Budget Account Totals, Federal Credit Reform Act Estimates / Program Accounta / Outlays",fiscal_year,2027,2027,2027,17,8
Student Loans,Outlays,2028,17491.0,Millions of dollars,51310-2023-05-studentloan.xlsx,T1-FCRA_05-2023,true,51310,"Federal Student Loan Program: Budget Account Totals, Federal Credit Reform Act Estimates / Program Accounta / Outlays",fiscal_year,2028,2028,2028,17,9
Student Loans,Outlays,2029,17508.0,Millions of dollars,51310-2023-05-studentloan.xlsx,T1-FCRA_05-2023,true,51310,"Federal Student Loan Program: Budget Account Totals, Federal Credit Reform Act Estimates / Program Accounta / Outlays",fiscal_year,2029,2029,2029,17,10
Student Loans,Outlays,2030,17495.0,Millions of dollars,51310-2023-05-studentloan.xlsx,T1-FCRA_05-2023,true,51310,"Federal Student Loan Program: Budget Account Totals, Federal Credit Reform Act Estimates / Program Accounta / Outlays",fiscal_year,2030,2030,2030,17,11
Student Loans,Outlays,2031,17417.0,Millions of dollars,51310-2023-05-studentloan.xlsx,T1-FCRA_05-2023,true,51310,"Federal Student Loan Program: Budget Account Totals, Federal Credit Reform Act Estimates / Program Accounta / Outlays",fiscal_year,2031,2031,2031,17,12
Student Loans,Outlays,2032,17690.0,Millions of dollars,51310-2023-05-studentloan.xlsx,T1-FCRA_05-2023,true,51310,"Federal Student Loan Program: Budget Account Totals, Federal Credit Reform Act Estimates / Program Accounta / Outlays",fiscal_year,2032,2032,2032,17,13
Student Loans,Outlays,2033,17909.0,Millions of dollars,51310-2023-05-studentloan.xlsx,T1-FCRA_05-2023,true,51310,"Federal Student Loan Program: Budget Account Totals, Federal Credit Reform Act Estimates / Program Accounta / Outlays",fiscal_year,2033,2033,2033,17,14
Student Loans,Budget Authority,2023,79017.0,Millions of dollars,51310-2023-05-studentloan.xlsx,T1-FCRA_05-2023,true,51310,"Federal Student Loan Program: Budget Account Totals, Federal Credit Reform Act Estimates / Credit Reestimates and Modificationsb / Budget Authority",fiscal_year,2023,2023,2023,19,4
Student Loans,Budget Authority,2024,0.0,Millions of dollars,51310-2023-05-studentloan.xlsx,T1-FCRA_05-2023,true,51310,"Federal Student Loan Program: Budget Account Totals, Federal Credit Reform Act Estimates / Credit Reestimates and Modificationsb / Budget Authority",fiscal_year,2024,2024,2024,19,5
Student Loans,Budget Authority,2025,0.0,Millions of dollars,51310-2023-05-studentloan.xlsx,T1-FCRA_05-2023,true,51310,"Federal Student Loan Program: Budget Account Totals, Federal Credit Reform Act Estimates / Credit Reestimates and Modificationsb / Budget Authority",fiscal_year,2025,2025,2025,19,6
Student Loans,Budget Authority,2026,0.0,Millions of dollars,51310-2023-05-studentloan.xlsx,T1-FCRA_05-2023,true,51310,"Federal Student Loan Program: Budget Account Totals, Federal Credit Reform Act Estimates / Credit Reestimates and Modificationsb / Budget Authority",fiscal_year,2026,2026,2026,19,7
Student Loans,Budget Authority,2027,0.0,Millions of dollars,51310-2023-05-studentloan.xlsx,T1-FCRA_05-2023,true,51310,"Federal Student Loan Program: Budget Account Totals, Federal Credit Reform Act Estimates / Credit Reestimates and Modificationsb / Budget Authority",fiscal_year,2027,2027,2027,19,8
Student Loans,Budget Authority,2028,0.0,Millions of dollars,51310-2023-05-studentloan.xlsx,T1-FCRA_05-2023,true,51310,"Federal Student Loan Program: Budget Account Totals, Federal Credit Reform Act Estimates / Credit Reestimates and Modificationsb / Budget Authority",fiscal_year,2028,2028,2028,19,9
Student Loans,Budget Authority,2029,0.0,Millions of dollars,51310-2023-05-studentloan.xlsx,T1-FCRA_05-2023,true,51310,"Federal Student Loan Program: Budget Account Totals, Federal Credit Reform Act Estimates / Credit Reestimates and Modificationsb / Budget Authority",fiscal_year,2029,2029,2029,19,10
Student Loans,Budget Authority,2030,0.0,Millions of dollars,51310-2023-05-studentloan.xlsx,T1-FCRA_05-2023,true,51310,"Federal Student Loan Program: Budget Account Totals, Federal Credit Reform Act Estimates / Credit Reestimates and Modificationsb / Budget Authority",fiscal_year,2030,2030,2030,19,11
Student Loans,Budget Authority,2031,0.0,Millions of dollars,51310-2023-05-studentloan.xlsx,T1-FCRA_05-2023,true,51310,"Federal Student Loan Program: Budget Account Totals, Federal Credit Reform Act Estimates / Credit Reestimates and Modificationsb / Budget Authority",fiscal_year,2031,2031,2031,19,12
Student Loans,Budget Authority,2032,0.0,Millions of dollars,51310-2023-05-studentloan.xlsx,T1-FCRA_05-2023,true,51310,"Federal Student Loan Program: Budget Account Totals, Federal Credit Reform Act Estimates / Credit Reestimates and Modificationsb / Budget Authority",fiscal_year,2032,2032,2032,19,13
Student Loans,Budget Authority,2033,0.0,Millions of dollars,51310-2023-05-studentloan.xlsx,T1-FCRA_05-2023,true,51310,"Federal Student Loan Program: Budget Account Totals, Federal Credit Reform Act Estimates / Credit Reestimates and Modificationsb / Budget Authority",fiscal_year,2033,2033,2033,19,14
Student Loans,Outlays,2023,79017.0,Millions of dollars,51310-2023-05-studentloan.xlsx,T1-FCRA_05-2023,true,51310,"Federal Student Loan Program: Budget Account Totals, Federal Credit Reform Act Estimates / Credit Reestimates and Modificationsb / Outlays",fiscal_year,2023,2023,2023,20,4
Student Loans,Outlays,2024,0.0,Millions of dollars,51310-2023-05-studentloan.xlsx,T1-FCRA_05-2023,true,51310,"Federal Student Loan Program: Budget Account Totals, Federal Credit Reform Act Estimates / Credit Reestimates and Modificationsb / Outlays",fiscal_year,2024,2024,2024,20,5
Student Loans,Outlays,2025,0.0,Millions of dollars,51310-2023-05-studentloan.xlsx,T1-FCRA_05-2023,true,51310,"Federal Student Loan Program: Budget Account Totals, Federal Credit Reform Act Estimates / Credit Reestimates and Modificationsb / Outlays",fiscal_year,2025,2025,2025,20,6
Student Loans,Outlays,2026,0.0,Millions of dollars,51310-2023-05-studentloan.xlsx,T1-FCRA_05-2023,true,51310,"Federal Student Loan Program: Budget Account Totals, Federal Credit Reform Act Estimates / Credit Reestimates and Modificationsb / Outlays",fiscal_year,2026,2026,2026,20,7
Student Loans,Outlays,2027,0.0,Millions of dollars,51310-2023-05-studentloan.xlsx,T1-FCRA_05-2023,true,51310,"Federal Student Loan Program: Budget Account Totals, Federal Credit Reform Act Estimates / Credit Reestimates and Modificationsb / Outlays",fiscal_year,2027,2027,2027,20,8
Student Loans,Outlays,2028,0.0,Millions of dollars,51310-2023-05-studentloan.xlsx,T1-FCRA_05-2023,true,51310,"Federal Student Loan Program: Budget Account Totals, Federal Credit Reform Act Estimates / Credit Reestimates and Modificationsb / Outlays",fiscal_year,2028,2028,2028,20,9
Student Loans,Outlays,2029,0.0,Millions of dollars,51310-2023-05-studentloan.xlsx,T1-FCRA_05-2023,true,51310,"Federal Student Loan Program: Budget Account Totals, Federal Credit Reform Act Estimates / Credit Reestimates and Modificationsb / Outlays",fiscal_year,2029,2029,2029,20,10
Student Loans,Outlays,2030,0.0,Millions of dollars,51310-2023-05-studentloan.xlsx,T1-FCRA_05-2023,true,51310,"Federal Student Loan Program: Budget Account Totals, Federal Credit Reform Act Estimates / Credit Reestimates and Modificationsb / Outlays",fiscal_year,2030,2030,2030,20,11
Student Loans,Outlays,2031,0.0,Millions of dollars,51310-2023-05-studentloan.xlsx,T1-FCRA_05-2023,true,51310,"Federal Student Loan Program: Budget Account Totals, Federal Credit Reform Act Estimates / Credit Reestimates and Modificationsb / Outlays",fiscal_year,2031,2031,2031,20,12
Student Loans,Outlays,2032,0.0,Millions of dollars,51310-2023-05-studentloan.xlsx,T1-FCRA_05-2023,true,51310,"Federal Student Loan Program: Budget Account Totals, Federal Credit Reform Act Estimates / Credit Reestimates and Modificationsb / Outlays",fiscal_year,2032,2032,2032,20,13
Student Loans,Outlays,2033,0.0,Millions of dollars,51310-2023-05-studentloan.xlsx,T1-FCRA_05-2023,true,51310,"Federal Student Loan Program: Budget Account Totals, Federal Credit Reform Act Estimates / Credit Reestimates and Modificationsb / Outlays",fiscal_year,2033,2033,2033,20,14
Student Loans,Budget Authority,2023,99778.832,Millions of dollars,51310-2023-05-studentloan.xlsx,T1-FCRA_05-2023,true,51310,"Federal Student Loan Program: Budget Account Totals, Federal Credit Reform Act Estimates / Subtotal, Direct Loans / Budget Authority",fiscal_year,2023,2023,2023,22,4
Student Loans,Budget Authority,2024,16128.0,Millions of dollars,51310-2023-05-studentloan.xlsx,T1-FCRA_05-2023,true,51310,"Federal Student Loan Program: Budget Account Totals, Federal Credit Reform Act Estimates / Subtotal, Direct Loans / Budget Authority",fiscal_year,2024,2024,2024,22,5
Student Loans,Budget Authority,2025,17332.0,Millions of dollars,51310-2023-05-studentloan.xlsx,T1-FCRA_05-2023,true,51310,"Federal Student Loan Program: Budget Account Totals, Federal Credit Reform Act Estimates / Subtotal, Direct Loans / Budget Authority",fiscal_year,2025,2025,2025,22,6
Student Loans,Budget Authority,2026,18543.0,Millions of dollars,51310-2023-05-studentloan.xlsx,T1-FCRA_05-2023,true,51310,"Federal Student Loan Program: Budget Account Totals, Federal Credit Reform Act Estimates / Subtotal, Direct Loans / Budget Authority",fiscal_year,2026,2026,2026,22,7
Student Loans,Budget Authority,2027,19775.0,Millions of dollars,51310-2023-05-studentloan.xlsx,T1-FCRA_05-2023,true,51310,"Federal Student Loan Program: Budget Account Totals, Federal Credit Reform Act Estimates / Subtotal, Direct Loans / Budget Authority",fiscal_year,2027,2027,2027,22,8
Student Loans,Budget Authority,2028,19911.0,Millions of dollars,51310-2023-05-studentloan.xlsx,T1-FCRA_05-2023,true,51310,"Federal Student Loan Program: Budget Account Totals, Federal Credit Reform Act Estimates / Subtotal, Direct Loans / Budget Authority",fiscal_year,2028,2028,2028,22,9
Student Loans,Budget Authority,2029,19870.0,Millions of dollars,51310-2023-05-studentloan.xlsx,T1-FCRA_05-2023,true,51310,"Federal Student Loan Program: Budget Account Totals, Federal Credit Reform Act Estimates / Subtotal, Direct Loans / Budget Authority",fiscal_year,2029,2029,2029,22,10
Student Loans,Budget Authority,2030,19847.0,Millions of dollars,51310-2023-05-studentloan.xlsx,T1-FCRA_05-2023,true,51310,"Federal Student Loan Program: Budget Account Totals, Federal Credit Reform Act Estimates / Subtotal, Direct Loans / Budget Authority",fiscal_year,2030,2030,2030,22,11
Student Loans,Budget Authority,2031,19714.0,Millions of dollars,51310-2023-05-studentloan.xlsx,T1-FCRA_05-2023,true,51310,"Federal Student Loan Program: Budget Account Totals, Federal Credit Reform Act Estimates / Subtotal, Direct Loans / Budget Authority",fiscal_year,2031,2031,2031,22,12
Student Loans,Budget Authority,2032,20265.0,Millions of dollars,51310-2023-05-studentloan.xlsx,T1-FCRA_05-2023,true,51310,"Federal Student Loan Program: Budget Account Totals, Federal Credit Reform Act Estimates / Subtotal, Direct Loans / Budget Authority",fiscal_year,2032,2032,2032,22,13
Student Loans,Budget Authority,2033,20354.0,Millions of dollars,51310-2023-05-studentloan.xlsx,T1-FCRA_05-2023,true,51310,"Federal Student Loan Program: Budget Account Totals, Federal Credit Reform Act Estimates / Subtotal, Direct Loans / Budget Authority",fiscal_year,2033,2033,2033,22,14
Student Loans,Outlays,2023,96935.832,Millions of dollars,51310-2023-05-studentloan.xlsx,T1-FCRA_05-2023,true,51310,"Federal Student Loan Program: Budget Account Totals, Federal Credit Reform Act Estimates / Subtotal, Direct Loans / Outlays",fiscal_year,2023,2023,2023,23,4
Student Loans,Outlays,2024,14665.0,Millions of dollars,51310-2023-05-studentloan.xlsx,T1-FCRA_05-2023,true,51310,"Federal Student Loan Program: Budget Account Totals, Federal Credit Reform Act Estimates / Subtotal, Direct Loans / Outlays",fiscal_year,2024,2024,2024,23,5
Student Loans,Outlays,2025,15086.0,Millions of dollars,51310-2023-05-studentloan.xlsx,T1-FCRA_05-2023,true,51310,"Federal Student Loan Program: Budget Account Totals, Federal Credit Reform Act Estimates / Subtotal, Direct Loans / Outlays",fiscal_year,2025,2025,2025,23,6
Student Loans,Outlays,2026,16176.0,Millions of dollars,51310-2023-05-studentloan.xlsx,T1-FCRA_05-2023,true,51310,"Federal Student Loan Program: Budget Account Totals, Federal Credit Reform Act Estimates / Subtotal, Direct Loans / Outlays",fiscal_year,2026,2026,2026,23,7
Student Loans,Outlays,2027,17246.0,Millions of dollars,51310-2023-05-studentloan.xlsx,T1-FCRA_05-2023,true,51310,"Federal Student Loan Program: Budget Account Totals, Federal Credit Reform Act Estimates / Subtotal, Direct Loans / Outlays",fiscal_year,2027,2027,2027,23,8
Student Loans,Outlays,2028,17491.0,Millions of dollars,51310-2023-05-studentloan.xlsx,T1-FCRA_05-2023,true,51310,"Federal Student Loan Program: Budget Account Totals, Federal Credit Reform Act Estimates / Subtotal, Direct Loans / Outlays",fiscal_year,2028,2028,2028,23,9
Student Loans,Outlays,2029,17508.0,Millions of dollars,51310-2023-05-studentloan.xlsx,T1-FCRA_05-2023,true,51310,"Federal Student Loan Program: Budget Account Totals, Federal Credit Reform Act Estimates / Subtotal, Direct Loans / Outlays",fiscal_year,2029,2029,2029,23,10
Student Loans,Outlays,2030,17495.0,Millions of dollars,51310-2023-05-studentloan.xlsx,T1-FCRA_05-2023,true,51310,"Federal Student Loan Program: Budget Account Totals, Federal Credit Reform Act Estimates / Subtotal, Direct Loans / Outlays",fiscal_year,2030,2030,2030,23,11
Student Loans,Outlays,2031,17417.0,Millions of dollars,51310-2023-05-studentloan.xlsx,T1-FCRA_05-2023,true,51310,"Federal Student Loan Program: Budget Account Totals, Federal Credit Reform Act Estimates / Subtotal, Direct Loans / Outlays",fiscal_year,2031,2031,2031,23,12
Student Loans,Outlays,2032,17690.0,Millions of dollars,51310-2023-05-studentloan.xlsx,T1-FCRA_05-2023,true,51310,"Federal Student Loan Program: Budget Account Totals, Federal Credit Reform Act Estimates / Subtotal, Direct Loans / Outlays",fiscal_year,2032,2032,2032,23,13
Student Loans,Outlays,2033,17909.0,Millions of dollars,51310-2023-05-studentloan.xlsx,T1-FCRA_05-2023,true,51310,"Federal Student Loan Program: Budget Account Totals, Federal Credit Reform Act Estimates / Subtotal, Direct Loans / Outlays",fiscal_year,2033,2033,2033,23,14
Student Loans,Budget Authority,2023,-75.0,Millions of dollars,51310-2023-05-studentloan.xlsx,T1-FCRA_05-2023,true,51310,"Federal Student Loan Program: Budget Account Totals, Federal Credit Reform Act Estimates / Federal Student Loan Reserve Fund / Budget Authority",fiscal_year,2023,2023,2023,28,4
Student Loans,Budget Authority,2024,10.0,Millions of dollars,51310-2023-05-studentloan.xlsx,T1-FCRA_05-2023,true,51310,"Federal Student Loan Program: Budget Account Totals, Federal Credit Reform Act Estimates / Federal Student Loan Reserve Fund / Budget Authority",fiscal_year,2024,2024,2024,28,5
Student Loans,Budget Authority,2025,10.0,Millions of dollars,51310-2023-05-studentloan.xlsx,T1-FCRA_05-2023,true,51310,"Federal Student Loan Program: Budget Account Totals, Federal Credit Reform Act Estimates / Federal Student Loan Reserve Fund / Budget Authority",fiscal_year,2025,2025,2025,28,6
Student Loans,Budget Authority,2026,8.0,Millions of dollars,51310-2023-05-studentloan.xlsx,T1-FCRA_05-2023,true,51310,"Federal Student Loan Program: Budget Account Totals, Federal Credit Reform Act Estimates / Federal Student Loan Reserve Fund / Budget Authority",fiscal_year,2026,2026,2026,28,7
Student Loans,Budget Authority,2027,8.0,Millions of dollars,51310-2023-05-studentloan.xlsx,T1-FCRA_05-2023,true,51310,"Federal Student Loan Program: Budget Account Totals, Federal Credit Reform Act Estimates / Federal Student Loan Reserve Fund / Budget Authority",fiscal_year,2027,2027,2027,28,8
Student Loans,Budget Authority,2028,7.0,Millions of dollars,51310-2023-05-studentloan.xlsx,T1-FCRA_05-2023,true,51310,"Federal Student Loan Program: Budget Account Totals, Federal Credit Reform Act Estimates / Federal Student Loan Reserve Fund / Budget Authority",fiscal_year,2028,2028,2028,28,9
Student Loans,Budget Authority,2029,7.0,Millions of dollars,51310-2023-05-studentloan.xlsx,T1-FCRA_05-2023,true,51310,"Federal Student Loan Program: Budget Account Totals, Federal Credit Reform Act Estimates / Federal Student Loan Reserve Fund / Budget Authority",fiscal_year,2029,2029,2029,28,10
Student Loans,Budget Authority,2030,6.0,Millions of dollars,51310-2023-05-studentloan.xlsx,T1-FCRA_05-2023,true,51310,"Federal Student Loan Program: Budget Account Totals, Federal Credit Reform Act Estimates / Federal Student Loan Reserve Fund / Budget Authority",fiscal_year,2030,2030,2030,28,11
Student Loans,Budget Authority,2031,6.0,Millions of dollars,51310-2023-05-studentloan.xlsx,T1-FCRA_05-2023,true,51310,"Federal Student Loan Program: Budget Account Totals, Federal Credit Reform Act Estimates / Federal Student Loan Reserve Fund / Budget Authority",fiscal_year,2031,2031,2031,28,12
Student Loans,Budget Authority,2032,5.0,Millions of dollars,51310-2023-05-studentloan.xlsx,T1-FCRA_05-2023,true,51310,"Federal Student Loan Program: Budget Account Totals, Federal Credit Reform Act Estimates / Federal Student Loan Reserve Fund / Budget Authority",fiscal_year,2032,2032,2032,28,13
Student Loans,Budget Authority,2033,5.0,Millions of dollars,51310-2023-05-studentloan.xlsx,T1-FCRA_05-2023,true,51310,"Federal Student Loan Program: Budget Account Totals, Federal Credit Reform Act Estimates / Federal Student Loan Reserve Fund / Budget Authority",fiscal_year,2033,2033,2033,28,14
Student Loans,Outlays,2023,-75.0,Millions of dollars,51310-2023-05-studentloan.xlsx,T1-FCRA_05-2023,true,51310,"Federal Student Loan Program: Budget Account Totals, Federal Credit Reform Act Estimates / Federal Student Loan Reserve Fund / Outlays",fiscal_year,2023,2023,2023,29,4
Student Loans,Outlays,2024,-208.0,Millions of dollars,51310-2023-05-studentloan.xlsx,T1-FCRA_05-2023,true,51310,"Federal Student Loan Program: Budget Account Totals, Federal Credit Reform Act Estimates / Federal Student Loan Reserve Fund / Outlays",fiscal_year,2024,2024,2024,29,5
Student Loans,Outlays,2025,-167.0,Millions of dollars,51310-2023-05-studentloan.xlsx,T1-FCRA_05-2023,true,51310,"Federal Student Loan Program: Budget Account Totals, Federal Credit Reform Act Estimates / Federal Student Loan Reserve Fund / Outlays",fiscal_year,2025,2025,2025,29,6
Student Loans,Outlays,2026,-154.0,Millions of dollars,51310-2023-05-studentloan.xlsx,T1-FCRA_05-2023,true,51310,"Federal Student Loan Program: Budget Account Totals, Federal Credit Reform Act Estimates / Federal Student Loan Reserve Fund / Outlays",fiscal_year,2026,2026,2026,29,7
Student Loans,Outlays,2027,-140.0,Millions of dollars,51310-2023-05-studentloan.xlsx,T1-FCRA_05-2023,true,51310,"Federal Student Loan Program: Budget Account Totals, Federal Credit Reform Act Estimates / Federal Student Loan Reserve Fund / Outlays",fiscal_year,2027,2027,2027,29,8
Student Loans,Outlays,2028,-128.0,Millions of dollars,51310-2023-05-studentloan.xlsx,T1-FCRA_05-2023,true,51310,"Federal Student Loan Program: Budget Account Totals, Federal Credit Reform Act Estimates / Federal Student Loan Reserve Fund / Outlays",fiscal_year,2028,2028,2028,29,9
Student Loans,Outlays,2029,-116.0,Millions of dollars,51310-2023-05-studentloan.xlsx,T1-FCRA_05-2023,true,51310,"Federal Student Loan Program: Budget Account Totals, Federal Credit Reform Act Estimates / Federal Student Loan Reserve Fund / Outlays",fiscal_year,2029,2029,2029,29,10
Student Loans,Outlays,2030,-106.0,Millions of dollars,51310-2023-05-studentloan.xlsx,T1-FCRA_05-2023,true,51310,"Federal Student Loan Program: Budget Account Totals, Federal Credit Reform Act Estimates / Federal Student Loan Reserve Fund / Outlays",fiscal_year,2030,2030,2030,29,11
Student Loans,Outlays,2031,-97.0,Millions of dollars,51310-2023-05-studentloan.xlsx,T1-FCRA_05-2023,true,51310,"Federal Student Loan Program: Budget Account Totals, Federal Credit Reform Act Estimates / Federal Student Loan Reserve Fund / Outlays",fiscal_year,2031,2031,2031,29,12
Student Loans,Outlays,2032,-89.0,Millions of dollars,51310-2023-05-studentloan.xlsx,T1-FCRA_05-2023,true,51310,"Federal Student Loan Program: Budget Account Totals, Federal Credit Reform Act Estimates / Federal Student Loan Reserve Fund / Outlays",fiscal_year,2032,2032,2032,29,13
Student Loans,Outlays,2033,-82.0,Millions of dollars,51310-2023-05-studentloan.xlsx,T1-FCRA_05-2023,true,51310,"Federal Student Loan Program: Budget Account Totals, Federal Credit Reform Act Estimates / Federal Student Loan Reserve Fund / Outlays",fiscal_year,2033,2033,2033,29,14
Student Loans,Budget Authority,2023,4649.0,Millions of dollars,51310-2023-05-studentloan.xlsx,T1-FCRA_05-2023,true,51310,"Federal Student Loan Program: Budget Account Totals, Federal Credit Reform Act Estimates / Credit Reestimates and Modificationsb / Budget Authority",fiscal_year,2023,2023,2023,31,4
Student Loans,Budget Authority,2024,0.0,Millions of dollars,51310-2023-05-studentloan.xlsx,T1-FCRA_05-2023,true,51310,"Federal Student Loan Program: Budget Account Totals, Federal Credit Reform Act Estimates / Credit Reestimates and Modificationsb / Budget Authority",fiscal_year,2024,2024,2024,31,5
Student Loans,Budget Authority,2025,0.0,Millions of dollars,51310-2023-05-studentloan.xlsx,T1-FCRA_05-2023,true,51310,"Federal Student Loan Program: Budget Account Totals, Federal Credit Reform Act Estimates / Credit Reestimates and Modificationsb / Budget Authority",fiscal_year,2025,2025,2025,31,6
Student Loans,Budget Authority,2026,0.0,Millions of dollars,51310-2023-05-studentloan.xlsx,T1-FCRA_05-2023,true,51310,"Federal Student Loan Program: Budget Account Totals, Federal Credit Reform Act Estimates / Credit Reestimates and Modificationsb / Budget Authority",fiscal_year,2026,2026,2026,31,7
Student Loans,Budget Authority,2027,0.0,Millions of dollars,51310-2023-05-studentloan.xlsx,T1-FCRA_05-2023,true,51310,"Federal Student Loan Program: Budget Account Totals, Federal Credit Reform Act Estimates / Credit Reestimates and Modificationsb / Budget Authority",fiscal_year,2027,2027,2027,31,8
Student Loans,Budget Authority,2028,0.0,Millions of dollars,51310-2023-05-studentloan.xlsx,T1-FCRA_05-2023,true,51310,"Federal Student Loan Program: Budget Account Totals, Federal Credit Reform Act Estimates / Credit Reestimates and Modificationsb / Budget Authority",fiscal_year,2028,2028,2028,31,9
Student Loans,Budget Authority,2029,0.0,Millions of dollars,51310-2023-05-studentloan.xlsx,T1-FCRA_05-2023,true,51310,"Federal Student Loan Program: Budget Account Totals, Federal Credit Reform Act Estimates / Credit Reestimates and Modificationsb / Budget Authority",fiscal_year,2029,2029,2029,31,10
Student Loans,Budget Authority,2030,0.0,Millions of dollars,51310-2023-05-studentloan.xlsx,T1-FCRA_05-2023,true,51310,"Federal Student Loan Program: Budget Account Totals, Federal Credit Reform Act Estimates / Credit Reestimates and Modificationsb / Budget Authority",fiscal_year,2030,2030,2030,31,11
Student Loans,Budget Authority,2031,0.0,Millions of dollars,51310-2023-05-studentloan.xlsx,T1-FCRA_05-2023,true,51310,"Federal Student Loan Program: Budget Account Totals, Federal Credit Reform Act Estimates / Credit Reestimates and Modificationsb / Budget Authority",fiscal_year,2031,2031,2031,31,12
Student Loans,Budget Authority,2032,0.0,Millions of dollars,51310-2023-05-studentloan.xlsx,T1-FCRA_05-2023,true,51310,"Federal Student Loan Program: Budget Account Totals, Federal Credit Reform Act Estimates / Credit Reestimates and Modificationsb / Budget Authority",fiscal_year,2032,2032,2032,31,13
Student Loans,Budget Authority,2033,0.0,Millions of dollars,51310-2023-05-studentloan.xlsx,T1-FCRA_05-2023,true,51310,"Federal Student Loan Program: Budget Account Totals, Federal Credit Reform Act Estimates / Credit Reestimates and Modificationsb / Budget Authority",fiscal_year,2033,2033,2033,31,14
Student Loans,Outlays,2023,4649.0,Millions of dollars,51310-2023-05-studentloan.xlsx,T1-FCRA_05-2023,true,51310,"Federal Student Loan Program: Budget Account Totals, Federal Credit Reform Act Estimates / Credit Reestimates and Modificationsb / Outlays",fiscal_year,2023,2023,2023,32,4
Student Loans,Outlays,2024,0.0,Millions of dollars,51310-2023-05-studentloan.xlsx,T1-FCRA_05-2023,true,51310,"Federal Student Loan Program: Budget Account Totals, Federal Credit Reform Act Estimates / Credit Reestimates and Modificationsb / Outlays",fiscal_year,2024,2024,2024,32,5
Student Loans,Outlays,2025,0.0,Millions of dollars,51310-2023-05-studentloan.xlsx,T1-FCRA_05-2023,true,51310,"Federal Student Loan Program: Budget Account Totals, Federal Credit Reform Act Estimates / Credit Reestimates and Modificationsb / Outlays",fiscal_year,2025,2025,2025,32,6
Student Loans,Outlays,2026,0.0,Millions of dollars,51310-2023-05-studentloan.xlsx,T1-FCRA_05-2023,true,51310,"Federal Student Loan Program: Budget Account Totals, Federal Credit Reform Act Estimates / Credit Reestimates and Modificationsb / Outlays",fiscal_year,2026,2026,2026,32,7
Student Loans,Outlays,2027,0.0,Millions of dollars,51310-2023-05-studentloan.xlsx,T1-FCRA_05-2023,true,51310,"Federal Student Loan Program: Budget Account Totals, Federal Credit Reform Act Estimates / Credit Reestimates and Modificationsb / Outlays",fiscal_year,2027,2027,2027,32,8
Student Loans,Outlays,2028,0.0,Millions of dollars,51310-2023-05-studentloan.xlsx,T1-FCRA_05-2023,true,51310,"Federal Student Loan Program: Budget Account Totals, Federal Credit Reform Act Estimates / Credit Reestimates and Modificationsb / Outlays",fiscal_year,2028,2028,2028,32,9
Student Loans,Outlays,2029,0.0,Millions of dollars,51310-2023-05-studentloan.xlsx,T1-FCRA_05-2023,true,51310,"Federal Student Loan Program: Budget Account Totals, Federal Credit Reform Act Estimates / Credit Reestimates and Modificationsb / Outlays",fiscal_year,2029,2029,2029,32,10
Student Loans,Outlays,2030,0.0,Millions of dollars,51310-2023-05-studentloan.xlsx,T1-FCRA_05-2023,true,51310,"Federal Student Loan Program: Budget Account Totals, Federal Credit Reform Act Estimates / Credit Reestimates and Modificationsb / Outlays",fiscal_year,2030,2030,2030,32,11
Student Loans,Outlays,2031,0.0,Millions of dollars,51310-2023-05-studentloan.xlsx,T1-FCRA_05-2023,true,51310,"Federal Student Loan Program: Budget Account Totals, Federal Credit Reform Act Estimates / Credit Reestimates and Modificationsb / Outlays",fiscal_year,2031,2031,2031,32,12
Student Loans,Outlays,2032,0.0,Millions of dollars,51310-2023-05-studentloan.xlsx,T1-FCRA_05-2023,true,51310,"Federal Student Loan Program: Budget Account Totals, Federal Credit Reform Act Estimates / Credit Reestimates and Modificationsb / Outlays",fiscal_year,2032,2032,2032,32,13
Student Loans,Outlays,2033,0.0,Millions of dollars,51310-2023-05-studentloan.xlsx,T1-FCRA_05-2023,true,51310,"Federal Student Loan Program: Budget Account Totals, Federal Credit Reform Act Estimates / Credit Reestimates and Modificationsb / Outlays",fiscal_year,2033,2033,2033,32,14
Student Loans,Budget Authority,2023,4574.0,Millions of dollars,51310-2023-05-studentloan.xlsx,T1-FCRA_05-2023,true,51310,"Federal Student Loan Program: Budget Account Totals, Federal Credit Reform Act Estimates / Subtotal, Guaranteed Loans / Budget Authority",fiscal_year,2023,2023,2023,34,4
Student Loans,Budget Authority,2024,10.0,Millions of dollars,51310-2023-05-studentloan.xlsx,T1-FCRA_05-2023,true,51310,"Federal Student Loan Program: Budget Account Totals, Federal Credit Reform Act Estimates / Subtotal, Guaranteed Loans / Budget Authority",fiscal_year,2024,2024,2024,34,5
Student Loans,Budget Authority,2025,10.0,Millions of dollars,51310-2023-05-studentloan.xlsx,T1-FCRA_05-2023,true,51310,"Federal Student Loan Program: Budget Account Totals, Federal Credit Reform Act Estimates / Subtotal, Guaranteed Loans / Budget Authority",fiscal_year,2025,2025,2025,34,6
Student Loans,Budget Authority,2026,8.0,Millions of dollars,51310-2023-05-studentloan.xlsx,T1-FCRA_05-2023,true,51310,"Federal Student Loan Program: Budget Account Totals, Federal Credit Reform Act Estimates / Subtotal, Guaranteed Loans / Budget Authority",fiscal_year,2026,2026,2026,34,7
Student Loans,Budget Authority,2027,8.0,Millions of dollars,51310-2023-05-studentloan.xlsx,T1-FCRA_05-2023,true,51310,"Federal Student Loan Program: Budget Account Totals, Federal Credit Reform Act Estimates / Subtotal, Guaranteed Loans / Budget Authority",fiscal_year,2027,2027,2027,34,8
Student Loans,Budget Authority,2028,7.0,Millions of dollars,51310-2023-05-studentloan.xlsx,T1-FCRA_05-2023,true,51310,"Federal Student Loan Program: Budget Account Totals, Federal Credit Reform Act Estimates / Subtotal, Guaranteed Loans / Budget Authority",fiscal_year,2028,2028,2028,34,9
Student Loans,Budget Authority,2029,7.0,Millions of dollars,51310-2023-05-studentloan.xlsx,T1-FCRA_05-2023,true,51310,"Federal Student Loan Program: Budget Account Totals, Federal Credit Reform Act Estimates / Subtotal, Guaranteed Loans / Budget Authority",fiscal_year,2029,2029,2029,34,10
Student Loans,Budget Authority,2030,6.0,Millions of dollars,51310-2023-05-studentloan.xlsx,T1-FCRA_05-2023,true,51310,"Federal Student Loan Program: Budget Account Totals, Federal Credit Reform Act Estimates / Subtotal, Guaranteed Loans / Budget Authority",fiscal_year,2030,2030,2030,34,11
Student Loans,Budget Authority,2031,6.0,Millions of dollars,51310-2023-05-studentloan.xlsx,T1-FCRA_05-2023,true,51310,"Federal Student Loan Program: Budget Account Totals, Federal Credit Reform Act Estimates / Subtotal, Guaranteed Loans / Budget Authority",fiscal_year,2031,2031,2031,34,12
Student Loans,Budget Authority,2032,5.0,Millions of dollars,51310-2023-05-studentloan.xlsx,T1-FCRA_05-2023,true,51310,"Federal Student Loan Program: Budget Account Totals, Federal Credit Reform Act Estimates / Subtotal, Guaranteed Loans / Budget Authority",fiscal_year,2032,2032,2032,34,13
Student Loans,Budget Authority,2033,5.0,Millions of dollars,51310-2023-05-studentloan.xlsx,T1-FCRA_05-2023,true,51310,"Federal Student Loan Program: Budget Account Totals, Federal Credit Reform Act Estimates / Subtotal, Guaranteed Loans / Budget Authority",fiscal_year,2033,2033,2033,34,14
Student Loans,Outlays,2023,4574.0,Millions of dollars,51310-2023-05-studentloan.xlsx,T1-FCRA_05-2023,true,51310,"Federal Student Loan Program: Budget Account Totals, Federal Credit Reform Act Estimates / Subtotal, Guaranteed Loans / Outlays",fiscal_year,2023,2023,2023,35,4
Student Loans,Outlays,2024,-208.0,Millions of dollars,51310-2023-05-studentloan.xlsx,T1-FCRA_05-2023,true,51310,"Federal Student Loan Program: Budget Account Totals, Federal Credit Reform Act Estimates / Subtotal, Guaranteed Loans / Outlays",fiscal_year,2024,2024,2024,35,5
Student Loans,Outlays,2025,-167.0,Millions of dollars,51310-2023-05-studentloan.xlsx,T1-FCRA_05-2023,true,51310,"Federal Student Loan Program: Budget Account Totals, Federal Credit Reform Act Estimates / Subtotal, Guaranteed Loans / Outlays",fiscal_year,2025,2025,2025,35,6
Student Loans,Outlays,2026,-154.0,Millions of dollars,51310-2023-05-studentloan.xlsx,T1-FCRA_05-2023,true,51310,"Federal Student Loan Program: Budget Account Totals, Federal Credit Reform Act Estimates / Subtotal, Guaranteed Loans / Outlays",fiscal_year,2026,2026,2026,35,7
Student Loans,Outlays,2027,-140.0,Millions of dollars,51310-2023-05-studentloan.xlsx,T1-FCRA_05-2023,true,51310,"Federal Student Loan Program: Budget Account Totals, Federal Credit Reform Act Estimates / Subtotal, Guaranteed Loans / Outlays",fiscal_year,2027,2027,2027,35,8
Student Loans,Outlays,2028,-128.0,Millions of dollars,51310-2023-05-studentloan.xlsx,T1-FCRA_05-2023,true,51310,"Federal Student Loan Program: Budget Account Totals, Federal Credit Reform Act Estimates / Subtotal, Guaranteed Loans / Outlays",fiscal_year,2028,2028,2028,35,9
Student Loans,Outlays,2029,-116.0,Millions of dollars,51310-2023-05-studentloan.xlsx,T1-FCRA_05-2023,true,51310,"Federal Student Loan Program: Budget Account Totals, Federal Credit Reform Act Estimates / Subtotal, Guaranteed Loans / Outlays",fiscal_year,2029,2029,2029,35,10
Student Loans,Outlays,2030,-106.0,Millions of dollars,51310-2023-05-studentloan.xlsx,T1-FCRA_05-2023,true,51310,"Federal Student Loan Program: Budget Account Totals, Federal Credit Reform Act Estimates / Subtotal, Guaranteed Loans / Outlays",fiscal_year,2030,2030,2030,35,11
Student Loans,Outlays,2031,-97.0,Millions of dollars,51310-2023-05-studentloan.xlsx,T1-FCRA_05-2023,true,51310,"Federal Student Loan Program: Budget Account Totals, Federal Credit Reform Act Estimates / Subtotal, Guaranteed Loans / Outlays",fiscal_year,2031,2031,2031,35,12
Student Loans,Outlays,2032,-89.0,Millions of dollars,51310-2023-05-studentloan.xlsx,T1-FCRA_05-2023,true,51310,"Federal Student Loan Program: Budget Account Totals, Federal Credit Reform Act Estimates / Subtotal, Guaranteed Loans / Outlays",fiscal_year,2032,2032,2032,35,13
Student Loans,Outlays,2033,-82.0,Millions of dollars,51310-2023-05-studentloan.xlsx,T1-FCRA_05-2023,true,51310,"Federal Student Loan Program: Budget Account Totals, Federal Credit Reform Act Estimates / Subtotal, Guaranteed Loans / Outlays",fiscal_year,2033,2033,2033,35,14
Student Loans,Budget Authority,2023,2034.0,Millions of dollars,51310-2023-05-studentloan.xlsx,T1-FCRA_05-2023,true,51310,"Federal Student Loan Program: Budget Account Totals, Federal Credit Reform Act Estimates / Discretionaryc / Budget Authority",fiscal_year,2023,2023,2023,39,4
Student Loans,Budget Authority,2024,2099.0,Millions of dollars,51310-2023-05-studentloan.xlsx,T1-FCRA_05-2023,true,51310,"Federal Student Loan Program: Budget Account Totals, Federal Credit Reform Act Estimates / Discretionaryc / Budget Authority",fiscal_year,2024,2024,2024,39,5
Student Loans,Budget Authority,2025,2151.0,Millions of dollars,51310-2023-05-studentloan.xlsx,T1-FCRA_05-2023,true,51310,"Federal Student Loan Program: Budget Account Totals, Federal Credit Reform Act Estimates / Discretionaryc / Budget Authority",fiscal_year,2025,2025,2025,39,6
Student Loans,Budget Authority,2026,2202.0,Millions of dollars,51310-2023-05-studentloan.xlsx,T1-FCRA_05-2023,true,51310,"Federal Student Loan Program: Budget Account Totals, Federal Credit Reform Act Estimates / Discretionaryc / Budget Authority",fiscal_year,2026,2026,2026,39,7
Student Loans,Budget Authority,2027,2254.0,Millions of dollars,51310-2023-05-studentloan.xlsx,T1-FCRA_05-2023,true,51310,"Federal Student Loan Program: Budget Account Totals, Federal Credit Reform Act Estimates / Discretionaryc / Budget Authority",fiscal_year,2027,2027,2027,39,8
Student Loans,Budget Authority,2028,2307.0,Millions of dollars,51310-2023-05-studentloan.xlsx,T1-FCRA_05-2023,true,51310,"Federal Student Loan Program: Budget Account Totals, Federal Credit Reform Act Estimates / Discretionaryc / Budget Authority",fiscal_year,2028,2028,2028,39,9
Student Loans,Budget Authority,2029,2359.0,Millions of dollars,51310-2023-05-studentloan.xlsx,T1-FCRA_05-2023,true,51310,"Federal Student Loan Program: Budget Account Totals, Federal Credit Reform Act Estimates / Discretionaryc / Budget Authority",fiscal_year,2029,2029,2029,39,10
Student Loans,Budget Authority,2030,2414.0,Millions of dollars,51310-2023-05-studentloan.xlsx,T1-FCRA_05-2023,true,51310,"Federal Student Loan Program: Budget Account Totals, Federal Credit Reform Act Estimates / Discretionaryc / Budget Authority",fiscal_year,2030,2030,2030,39,11
Student Loans,Budget Authority,2031,2469.0,Millions of dollars,51310-2023-05-studentloan.xlsx,T1-FCRA_05-2023,true,51310,"Federal Student Loan Program: Budget Account Totals, Federal Credit Reform Act Estimates / Discretionaryc / Budget Authority",fiscal_year,2031,2031,2031,39,12
Student Loans,Budget Authority,2032,2525.0,Millions of dollars,51310-2023-05-studentloan.xlsx,T1-FCRA_05-2023,true,51310,"Federal Student Loan Program: Budget Account Totals, Federal Credit Reform Act Estimates / Discretionaryc / Budget Authority",fiscal_year,2032,2032,2032,39,13
Student Loans,Budget Authority,2033,2584.0,Millions of dollars,51310-2023-05-studentloan.xlsx,T1-FCRA_05-2023,true,51310,"Federal Student Loan Program: Budget Account Totals, Federal Credit Reform Act Estimates / Discretionaryc / Budget Authority",fiscal_year,2033,2033,2033,39,14
Student Loans,Outlays,2023,2010.0,Millions of dollars,51310-2023-05-studentloan.xlsx,T1-FCRA_05-2023,true,51310,"Federal Student Loan Program: Budget Account Totals, Federal Credit Reform Act Estimates / Discretionaryc / Outlays",fiscal_year,2023,2023,2023,40,4
Student Loans,Outlays,2024,2064.0,Millions of dollars,51310-2023-05-studentloan.xlsx,T1-FCRA_05-2023,true,51310,"Federal Student Loan Program: Budget Account Totals, Federal Credit Reform Act Estimates / Discretionaryc / Outlays",fiscal_year,2024,2024,2024,40,5
Student Loans,Outlays,2025,2119.0,Millions of dollars,51310-2023-05-studentloan.xlsx,T1-FCRA_05-2023,true,51310,"Federal Student Loan Program: Budget Account Totals, Federal Credit Reform Act Estimates / Discretionaryc / Outlays",fiscal_year,2025,2025,2025,40,6
Student Loans,Outlays,2026,2169.0,Millions of dollars,51310-2023-05-studentloan.xlsx,T1-FCRA_05-2023,true,51310,"Federal Student Loan Program: Budget Account Totals, Federal Credit Reform Act Estimates / Discretionaryc / Outlays",fiscal_year,2026,2026,2026,40,7
Student Loans,Outlays,2027,2221.0,Millions of dollars,51310-2023-05-studentloan.xlsx,T1-FCRA_05-2023,true,51310,"Federal Student Loan Program: Budget Account Totals, Federal Credit Reform Act Estimates / Discretionaryc / Outlays",fiscal_year,2027,2027,2027,40,8
Student Loans,Outlays,2028,2273.0,Millions of dollars,51310-2023-05-studentloan.xlsx,T1-FCRA_05-2023,true,51310,"Federal Student Loan Program: Budget Account Totals, Federal Credit Reform Act Estimates / Discretionaryc / Outlays",fiscal_year,2028,2028,2028,40,9
Student Loans,Outlays,2029,2326.0,Millions of dollars,51310-2023-05-studentloan.xlsx,T1-FCRA_05-2023,true,51310,"Federal Student Loan Program: Budget Account Totals, Federal Credit Reform Act Estimates / Discretionaryc / Outlays",fiscal_year,2029,2029,2029,40,10
Student Loans,Outlays,2030,2379.0,Millions of dollars,51310-2023-05-studentloan.xlsx,T1-FCRA_05-2023,true,51310,"Federal Student Loan Program: Budget Account Totals, Federal Credit Reform Act Estimates / Discretionaryc / Outlays",fiscal_year,2030,2030,2030,40,11
Student Loans,Outlays,2031,2434.0,Millions of dollars,51310-2023-05-studentloan.xlsx,T1-FCRA_05-2023,true,51310,"Federal Student Loan Program: Budget Account Totals, Federal Credit Reform Act Estimates / Discretionaryc / Outlays",fiscal_year,2031,2031,2031,40,12
Student Loans,Outlays,2032,2489.0,Millions of dollars,51310-2023-05-studentloan.xlsx,T1-FCRA_05-2023,true,51310,"Federal Student Loan Program: Budget Account Totals, Federal Credit Reform Act Estimates / Discretionaryc / Outlays",fiscal_year,2032,2032,2032,40,13
Student Loans,Outlays,2033,2547.0,Millions of dollars,51310-2023-05-studentloan.xlsx,T1-FCRA_05-2023,true,51310,"Federal Student Loan Program: Budget Account Totals, Federal Credit Reform Act Estimates / Discretionaryc / Outlays",fiscal_year,2033,2033,2033,40,14
Student Loans,Budget Authority,2023,682.0,Millions of dollars,51310-2023-05-studentloan.xlsx,T1-FCRA_05-2023,true,51310,"Federal Student Loan Program: Budget Account Totals, Federal Credit Reform Act Estimates / Mandatoryd / Budget Authority",fiscal_year,2023,2023,2023,42,4
Student Loans,Budget Authority,2024,590.0,Millions of dollars,51310-2023-05-studentloan.xlsx,T1-FCRA_05-2023,true,51310,"Federal Student Loan Program: Budget Account Totals, Federal Credit Reform Act Estimates / Mandatoryd / Budget Authority",fiscal_year,2024,2024,2024,42,5
Student Loans,Budget Authority,2025,769.0,Millions of dollars,51310-2023-05-studentloan.xlsx,T1-FCRA_05-2023,true,51310,"Federal Student Loan Program: Budget Account Totals, Federal Credit Reform Act Estimates / Mandatoryd / Budget Authority",fiscal_year,2025,2025,2025,42,6
Student Loans,Budget Authority,2026,774.0,Millions of dollars,51310-2023-05-studentloan.xlsx,T1-FCRA_05-2023,true,51310,"Federal Student Loan Program: Budget Account Totals, Federal Credit Reform Act Estimates / Mandatoryd / Budget Authority",fiscal_year,2026,2026,2026,42,7
Student Loans,Budget Authority,2027,779.0,Millions of dollars,51310-2023-05-studentloan.xlsx,T1-FCRA_05-2023,true,51310,"Federal Student Loan Program: Budget Account Totals, Federal Credit Reform Act Estimates / Mandatoryd / Budget Authority",fiscal_year,2027,2027,2027,42,8
Student Loans,Budget Authority,2028,783.0,Millions of dollars,51310-2023-05-studentloan.xlsx,T1-FCRA_05-2023,true,51310,"Federal Student Loan Program: Budget Account Totals, Federal Credit Reform Act Estimates / Mandatoryd / Budget Authority",fiscal_year,2028,2028,2028,42,9
Student Loans,Budget Authority,2029,787.0,Millions of dollars,51310-2023-05-studentloan.xlsx,T1-FCRA_05-2023,true,51310,"Federal Student Loan Program: Budget Account Totals, Federal Credit Reform Act Estimates / Mandatoryd / Budget Authority",fiscal_year,2029,2029,2029,42,10
Student Loans,Budget Authority,2030,791.0,Millions of dollars,51310-2023-05-studentloan.xlsx,T1-FCRA_05-2023,true,51310,"Federal Student Loan Program: Budget Account Totals, Federal Credit Reform Act Estimates / Mandatoryd / Budget Authority",fiscal_year,2030,2030,2030,42,11
Student Loans,Budget Authority,2031,796.0,Millions of dollars,51310-2023-05-studentloan.xlsx,T1-FCRA_05-2023,true,51310,"Federal Student Loan Program: Budget Account Totals, Federal Credit Reform Act Estimates / Mandatoryd / Budget Authority",fiscal_year,2031,2031,2031,42,12
Student Loans,Budget Authority,2032,796.0,Millions of dollars,51310-2023-05-studentloan.xlsx,T1-FCRA_05-2023,true,51310,"Federal Student Loan Program: Budget Account Totals, Federal Credit Reform Act Estimates / Mandatoryd / Budget Authority",fiscal_year,2032,2032,2032,42,13
Student Loans,Budget Authority,2033,797.0,Millions of dollars,51310-2023-05-studentloan.xlsx,T1-FCRA_05-2023,true,51310,"Federal Student Loan Program: Budget Account Totals, Federal Credit Reform Act Estimates / Mandatoryd / Budget Authority",fiscal_year,2033,2033,2033,42,14
Student Loans,Outlays,2023,868.0,Millions of dollars,51310-2023-05-studentloan.xlsx,T1-FCRA_05-2023,true,51310,"Federal Student Loan Program: Budget Account Totals, Federal Credit Reform Act Estimates / Mandatoryd / Outlays",fiscal_year,2023,2023,2023,43,4
Student Loans,Outlays,2024,643.0,Millions of dollars,51310-2023-05-studentloan.xlsx,T1-FCRA_05-2023,true,51310,"Federal Student Loan Program: Budget Account Totals, Federal Credit Reform Act Estimates / Mandatoryd / Outlays",fiscal_year,2024,2024,2024,43,5
Student Loans,Outlays,2025,744.0,Millions of dollars,51310-2023-05-studentloan.xlsx,T1-FCRA_05-2023,true,51310,"Federal Student Loan Program: Budget Account Totals, Federal Credit Reform Act Estimates / Mandatoryd / Outlays",fiscal_year,2025,2025,2025,43,6
Student Loans,Outlays,2026,773.0,Millions of dollars,51310-2023-05-studentloan.xlsx,T1-FCRA_05-2023,true,51310,"Federal Student Loan Program: Budget Account Totals, Federal Credit Reform Act Estimates / Mandatoryd / Outlays",fiscal_year,2026,2026,2026,43,7
Student Loans,Outlays,2027,778.0,Millions of dollars,51310-2023-05-studentloan.xlsx,T1-FCRA_05-2023,true,51310,"Federal Student Loan Program: Budget Account Totals, Federal Credit Reform Act Estimates / Mandatoryd / Outlays",fiscal_year,2027,2027,2027,43,8
Student Loans,Outlays,2028,782.0,Millions of dollars,51310-2023-05-studentloan.xlsx,T1-FCRA_05-2023,true,51310,"Federal Student Loan Program: Budget Account Totals, Federal Credit Reform Act Estimates / Mandatoryd / Outlays",fiscal_year,2028,2028,2028,43,9
Student Loans,Outlays,2029,786.0,Millions of dollars,51310-2023-05-studentloan.xlsx,T1-FCRA_05-2023,true,51310,"Federal Student Loan Program: Budget Account Totals, Federal Credit Reform Act Estimates / Mandatoryd / Outlays",fiscal_year,2029,2029,2029,43,10
Student Loans,Outlays,2030,790.0,Millions of dollars,51310-2023-05-studentloan.xlsx,T1-FCRA_05-2023,true,51310,"Federal Student Loan Program: Budget Account Totals, Federal Credit Reform Act Estimates / Mandatoryd / Outlays",fiscal_year,2030,2030,2030,43,11
Student Loans,Outlays,2031,795.0,Millions of dollars,51310-2023-05-studentloan.xlsx,T1-FCRA_05-2023,true,51310,"Federal Student Loan Program: Budget Account Totals, Federal Credit Reform Act Estimates / Mandatoryd / Outlays",fiscal_year,2031,2031,2031,43,12
Student Loans,Outlays,2032,796.0,Millions of dollars,51310-2023-05-studentloan.xlsx,T1-FCRA_05-2023,true,51310,"Federal Student Loan Program: Budget Account Totals, Federal Credit Reform Act Estimates / Mandatoryd / Outlays",fiscal_year,2032,2032,2032,43,13
Student Loans,Outlays,2033,797.0,Millions of dollars,51310-2023-05-studentloan.xlsx,T1-FCRA_05-2023,true,51310,"Federal Student Loan Program: Budget Account Totals, Federal Credit Reform Act Estimates / Mandatoryd / Outlays",fiscal_year,2033,2033,2033,43,14
Student Loans,Budget Authority,2023,2716.0,Millions of dollars,51310-2023-05-studentloan.xlsx,T1-FCRA_05-2023,true,51310,"Federal Student Loan Program: Budget Account Totals, Federal Credit Reform Act Estimates / Subtotal, Student Aid Administration / Budget Authority",fiscal_year,2023,2023,2023,46,4
Student Loans,Budget Authority,2024,2689.0,Millions of dollars,51310-2023-05-studentloan.xlsx,T1-FCRA_05-2023,true,51310,"Federal Student Loan Program: Budget Account Totals, Federal Credit Reform Act Estimates / Subtotal, Student Aid Administration / Budget Authority",fiscal_year,2024,2024,2024,46,5
Student Loans,Budget Authority,2025,2920.0,Millions of dollars,51310-2023-05-studentloan.xlsx,T1-FCRA_05-2023,true,51310,"Federal Student Loan Program: Budget Account Totals, Federal Credit Reform Act Estimates / Subtotal, Student Aid Administration / Budget Authority",fiscal_year,2025,2025,2025,46,6
Student Loans,Budget Authority,2026,2976.0,Millions of dollars,51310-2023-05-studentloan.xlsx,T1-FCRA_05-2023,true,51310,"Federal Student Loan Program: Budget Account Totals, Federal Credit Reform Act Estimates / Subtotal, Student Aid Administration / Budget Authority",fiscal_year,2026,2026,2026,46,7
Student Loans,Budget Authority,2027,3033.0,Millions of dollars,51310-2023-05-studentloan.xlsx,T1-FCRA_05-2023,true,51310,"Federal Student Loan Program: Budget Account Totals, Federal Credit Reform Act Estimates / Subtotal, Student Aid Administration / Budget Authority",fiscal_year,2027,2027,2027,46,8
Student Loans,Budget Authority,2028,3090.0,Millions of dollars,51310-2023-05-studentloan.xlsx,T1-FCRA_05-2023,true,51310,"Federal Student Loan Program: Budget Account Totals, Federal Credit Reform Act Estimates / Subtotal, Student Aid Administration / Budget Authority",fiscal_year,2028,2028,2028,46,9
Student Loans,Budget Authority,2029,3146.0,Millions of dollars,51310-2023-05-studentloan.xlsx,T1-FCRA_05-2023,true,51310,"Federal Student Loan Program: Budget Account Totals, Federal Credit Reform Act Estimates / Subtotal, Student Aid Administration / Budget Authority",fiscal_year,2029,2029,2029,46,10
Student Loans,Budget Authority,2030,3205.0,Millions of dollars,51310-2023-05-studentloan.xlsx,T1-FCRA_05-2023,true,51310,"Federal Student Loan Program: Budget Account Totals, Federal Credit Reform Act Estimates / Subtotal, Student Aid Administration / Budget Authority",fiscal_year,2030,2030,2030,46,11
Student Loans,Budget Authority,2031,3265.0,Millions of dollars,51310-2023-05-studentloan.xlsx,T1-FCRA_05-2023,true,51310,"Federal Student Loan Program: Budget Account Totals, Federal Credit Reform Act Estimates / Subtotal, Student Aid Administration / Budget Authority",fiscal_year,2031,2031,2031,46,12
Student Loans,Budget Authority,2032,3321.0,Millions of dollars,51310-2023-05-studentloan.xlsx,T1-FCRA_05-2023,true,51310,"Federal Student Loan Program: Budget Account Totals, Federal Credit Reform Act Estimates / Subtotal, Student Aid Administration / Budget Authority",fiscal_year,2032,2032,2032,46,13
Student Loans,Budget Authority,2033,3381.0,Millions of dollars,51310-2023-05-studentloan.xlsx,T1-FCRA_05-2023,true,51310,"Federal Student Loan Program: Budget Account Totals, Federal Credit Reform Act Estimates / Subtotal, Student Aid Administration / Budget Authority",fiscal_year,2033,2033,2033,46,14
Student Loans,Outlays,2023,2878.0,Millions of dollars,51310-2023-05-studentloan.xlsx,T1-FCRA_05-2023,true,51310,"Federal Student Loan Program: Budget Account Totals, Federal Credit Reform Act Estimates / Subtotal, Student Aid Administration / Outlays",fiscal_year,2023,2023,2023,47,4
Student Loans,Outlays,2024,2707.0,Millions of dollars,51310-2023-05-studentloan.xlsx,T1-FCRA_05-2023,true,51310,"Federal Student Loan Program: Budget Account Totals, Federal Credit Reform Act Estimates / Subtotal, Student Aid Administration / Outlays",fiscal_year,2024,2024,2024,47,5
Student Loans,Outlays,2025,2863.0,Millions of dollars,51310-2023-05-studentloan.xlsx,T1-FCRA_05-2023,true,51310,"Federal Student Loan Program: Budget Account Totals, Federal Credit Reform Act Estimates / Subtotal, Student Aid Administration / Outlays",fiscal_year,2025,2025,2025,47,6
Student Loans,Outlays,2026,2942.0,Millions of dollars,51310-2023-05-studentloan.xlsx,T1-FCRA_05-2023,true,51310,"Federal Student Loan Program: Budget Account Totals, Federal Credit Reform Act Estimates / Subtotal, Student Aid Administration / Outlays",fiscal_year,2026,2026,2026,47,7
Student Loans,Outlays,2027,2999.0,Millions of dollars,51310-2023-05-studentloan.xlsx,T1-FCRA_05-2023,true,51310,"Federal Student Loan Program: Budget Account Totals, Federal Credit Reform Act Estimates / Subtotal, Student Aid Administration / Outlays",fiscal_year,2027,2027,2027,47,8
Student Loans,Outlays,2028,3055.0,Millions of dollars,51310-2023-05-studentloan.xlsx,T1-FCRA_05-2023,true,51310,"Federal Student Loan Program: Budget Account Totals, Federal Credit Reform Act Estimates / Subtotal, Student Aid Administration / Outlays",fiscal_year,2028,2028,2028,47,9
Student Loans,Outlays,2029,3112.0,Millions of dollars,51310-2023-05-studentloan.xlsx,T1-FCRA_05-2023,true,51310,"Federal Student Loan Program: Budget Account Totals, Federal Credit Reform Act Estimates / Subtotal, Student Aid Administration / Outlays",fiscal_year,2029,2029,2029,47,10
Student Loans,Outlays,2030,3169.0,Millions of dollars,51310-2023-05-studentloan.xlsx,T1-FCRA_05-2023,true,51310,"Federal Student Loan Program: Budget Account Totals, Federal Credit Reform Act Estimates / Subtotal, Student Aid Administration / Outlays",fiscal_year,2030,2030,2030,47,11
Student Loans,Outlays,2031,3229.0,Millions of dollars,51310-2023-05-studentloan.xlsx,T1-FCRA_05-2023,true,51310,"Federal Student Loan Program: Budget Account Totals, Federal Credit Reform Act Estimates / Subtotal, Student Aid Administration / Outlays",fiscal_year,2031,2031,2031,47,12
Student Loans,Outlays,2032,3285.0,Millions of dollars,51310-2023-05-studentloan.xlsx,T1-FCRA_05-2023,true,51310,"Federal Student Loan Program: Budget Account Totals, Federal Credit Reform Act Estimates / Subtotal, Student Aid Administration / Outlays",fiscal_year,2032,2032,2032,47,13
Student Loans,Outlays,2033,3344.0,Millions of dollars,51310-2023-05-studentloan.xlsx,T1-FCRA_05-2023,true,51310,"Federal Student Loan Program: Budget Account Totals, Federal Credit Reform Act Estimates / Subtotal, Student Aid Administration / Outlays",fiscal_year,2033,2033,2033,47,14
Student Loans,Budget Authority,2023,107068.832,Millions of dollars,51310-2023-05-studentloan.xlsx,T1-FCRA_05-2023,true,51310,"Federal Student Loan Program: Budget Account Totals, Federal Credit Reform Act Estimates / Total, Student Loans / Budget Authority",fiscal_year,2023,2023,2023,50,4
Student Loans,Budget Authority,2024,18827.0,Millions of dollars,51310-2023-05-studentloan.xlsx,T1-FCRA_05-2023,true,51310,"Federal Student Loan Program: Budget Account Totals, Federal Credit Reform Act Estimates / Total, Student Loans / Budget Authority",fiscal_year,2024,2024,2024,50,5
Student Loans,Budget Authority,2025,20262.0,Millions of dollars,51310-2023-05-studentloan.xlsx,T1-FCRA_05-2023,true,51310,"Federal Student Loan Program: Budget Account Totals, Federal Credit Reform Act Estimates / Total, Student Loans / Budget Authority",fiscal_year,2025,2025,2025,50,6
Student Loans,Budget Authority,2026,21527.0,Millions of dollars,51310-2023-05-studentloan.xlsx,T1-FCRA_05-2023,true,51310,"Federal Student Loan Program: Budget Account Totals, Federal Credit Reform Act Estimates / Total, Student Loans / Budget Authority",fiscal_year,2026,2026,2026,50,7
Student Loans,Budget Authority,2027,22816.0,Millions of dollars,51310-2023-05-studentloan.xlsx,T1-FCRA_05-2023,true,51310,"Federal Student Loan Program: Budget Account Totals, Federal Credit Reform Act Estimates / Total, Student Loans / Budget Authority",fiscal_year,2027,2027,2027,50,8
Student Loans,Budget Authority,2028,23008.0,Millions of dollars,51310-2023-05-studentloan.xlsx,T1-FCRA_05-2023,true,51310,"Federal Student Loan Program: Budget Account Totals, Federal Credit Reform Act Estimates / Total, Student Loans / Budget Authority",fiscal_year,2028,2028,2028,50,9
Student Loans,Budget Authority,2029,23023.0,Millions of dollars,51310-2023-05-studentloan.xlsx,T1-FCRA_05-2023,true,51310,"Federal Student Loan Program: Budget Account Totals, Federal Credit Reform Act Estimates / Total, Student Loans / Budget Authority",fiscal_year,2029,2029,2029,50,10
Student Loans,Budget Authority,2030,23058.0,Millions of dollars,51310-2023-05-studentloan.xlsx,T1-FCRA_05-2023,true,51310,"Federal Student Loan Program: Budget Account Totals, Federal Credit Reform Act Estimates / Total, Student Loans / Budget Authority",fiscal_year,2030,2030,2030,50,11
Student Loans,Budget Authority,2031,22985.0,Millions of dollars,51310-2023-05-studentloan.xlsx,T1-FCRA_05-2023,true,51310,"Federal Student Loan Program: Budget Account Totals, Federal Credit Reform Act Estimates / Total, Student Loans / Budget Authority",fiscal_year,2031,2031,2031,50,12
Student Loans,Budget Authority,2032,23591.0,Millions of dollars,51310-2023-05-studentloan.xlsx,T1-FCRA_05-2023,true,51310,"Federal Student Loan Program: Budget Account Totals, Federal Credit Reform Act Estimates / Total, Student Loans / Budget Authority",fiscal_year,2032,2032,2032,50,13
Student Loans,Budget Authority,2033,23740.0,Millions of dollars,51310-2023-05-studentloan.xlsx,T1-FCRA_05-2023,true,51310,"Federal Student Loan Program: Budget Account Totals, Federal Credit Reform Act Estimates / Total, Student Loans / Budget Authority",fiscal_year,2033,2033,2033,50,14
Student Loans,Outlays,2023,104387.832,Millions of dollars,51310-2023-05-studentloan.xlsx,T1-FCRA_05-2023,true,51310,"Federal Student Loan Program: Budget Account Totals, Federal Credit Reform Act Estimates / Total, Student Loans / Outlays",fiscal_year,2023,2023,2023,51,4
Student Loans,Outlays,2024,17164.0,Millions of dollars,51310-2023-05-studentloan.xlsx,T1-FCRA_05-2023,true,51310,"Federal Student Loan Program: Budget Account Totals, Federal Credit Reform Act Estimates / Total, Student Loans / Outlays",fiscal_year,2024,2024,2024,51,5
Student Loans,Outlays,2025,17782.0,Millions of dollars,51310-2023-05-studentloan.xlsx,T1-FCRA_05-2023,true,51310,"Federal Student Loan Program: Budget Account Totals, Federal Credit Reform Act Estimates / Total, Student Loans / Outlays",fiscal_year,2025,2025,2025,51,6
Student Loans,Outlays,2026,18964.0,Millions of dollars,51310-2023-05-studentloan.xlsx,T1-FCRA_05-2023,true,51310,"Federal Student Loan Program: Budget Account Totals, Federal Credit Reform Act Estimates / Total, Student Loans / Outlays",fiscal_year,2026,2026,2026,51,7
Student Loans,Outlays,2027,20105.0,Millions of dollars,51310-2023-05-studentloan.xlsx,T1-FCRA_05-2023,true,51310,"Federal Student Loan Program: Budget Account Totals, Federal Credit Reform Act Estimates / Total, Student Loans / Outlays",fiscal_year,2027,2027,2027,51,8
Student Loans,Outlays,2028,20418.0,Millions of dollars,51310-2023-05-studentloan.xlsx,T1-FCRA_05-2023,true,51310,"Federal Student Loan Program: Budget Account Totals, Federal Credit Reform Act Estimates / Total, Student Loans / Outlays",fiscal_year,2028,2028,2028,51,9
Student Loans,Outlays,2029,20504.0,Millions of dollars,51310-2023-05-studentloan.xlsx,T1-FCRA_05-2023,true,51310,"Federal Student Loan Program: Budget Account Totals, Federal Credit Reform Act Estimates / Total, Student Loans / Outlays",fiscal_year,2029,2029,2029,51,10
Student Loans,Outlays,2030,20558.0,Millions of dollars,51310-2023-05-studentloan.xlsx,T1-FCRA_05-2023,true,51310,"Federal Student Loan Program: Budget Account Totals, Federal Credit Reform Act Estimates / Total, Student Loans / Outlays",fiscal_year,2030,2030,2030,51,11
Student Loans,Outlays,2031,20549.0,Millions of dollars,51310-2023-05-studentloan.xlsx,T1-FCRA_05-2023,true,51310,"Federal Student Loan Program: Budget Account Totals, Federal Credit Reform Act Estimates / Total, Student Loans / Outlays",fiscal_year,2031,2031,2031,51,12
Student Loans,Outlays,2032,20886.0,Millions of dollars,51310-2023-05-studentloan.xlsx,T1-FCRA_05-2023,true,51310,"Federal Student Loan Program: Budget Account Totals, Federal Credit Reform Act Estimates / Total, Student Loans / Outlays",fiscal_year,2032,2032,2032,51,13
Student Loans,Outlays,2033,21171.0,Millions of dollars,51310-2023-05-studentloan.xlsx,T1-FCRA_05-2023,true,51310,"Federal Student Loan Program: Budget Account Totals, Federal Credit Reform Act Estimates / Total, Student Loans / Outlays",fiscal_year,2033,2033,2033,51,14
Student Loans,Net Annual Loan Volume (Millions of dollars),2023,86151.0,Millions of dollars,51310-2023-05-studentloan.xlsx,T3-NewLoans-FCRA_05-2023,true,51310,"Total Direct Student Loan Program (New Loans Only), Federal Credit Reform Act Estimates / All New Loansa / Net Annual Loan Volume (Millions of dollars)",fiscal_year,2023,2023,2023,13,4
Student Loans,Net Annual Loan Volume (Millions of dollars),2024,88442.0,Millions of dollars,51310-2023-05-studentloan.xlsx,T3-NewLoans-FCRA_05-2023,true,51310,"Total Direct Student Loan Program (New Loans Only), Federal Credit Reform Act Estimates / All New Loansa / Net Annual Loan Volume (Millions of dollars)",fiscal_year,2024,2024,2024,13,5
Student Loans,Net Annual Loan Volume (Millions of dollars),2025,91123.0,Millions of dollars,51310-2023-05-studentloan.xlsx,T3-NewLoans-FCRA_05-2023,true,51310,"Total Direct Student Loan Program (New Loans Only), Federal Credit Reform Act Estimates / All New Loansa / Net Annual Loan Volume (Millions of dollars)",fiscal_year,2025,2025,2025,13,6
Student Loans,Net Annual Loan Volume (Millions of dollars),2026,93875.0,Millions of dollars,51310-2023-05-studentloan.xlsx,T3-NewLoans-FCRA_05-2023,true,51310,"Total Direct Student Loan Program (New Loans Only), Federal Credit Reform Act Estimates / All New Loansa / Net Annual Loan Volume (Millions of dollars)",fiscal_year,2026,2026,2026,13,7
Student Loans,Net Annual Loan Volume (Millions of dollars),2027,96700.0,Millions of dollars,51310-2023-05-studentloan.xlsx,T3-NewLoans-FCRA_05-2023,true,51310,"Total Direct Student Loan Program (New Loans Only), Federal Credit Reform Act Estimates / All New Loansa / Net Annual Loan Volume (Millions of dollars)",fiscal_year,2027,2027,2027,13,8
Student Loans,Net Annual Loan Volume (Millions of dollars),2028,98387.0,Millions of dollars,51310-2023-05-studentloan.xlsx,T3-NewLoans-FCRA_05-2023,true,51310,"Total Direct Student Loan Program (New Loans Only), Federal Credit Reform Act Estimates / All New Loansa / Net Annual Loan Volume (Millions of dollars)",fiscal_year,2028,2028,2028,13,9
Student Loans,Net Annual Loan Volume (Millions of dollars),2029,100117.0,Millions of dollars,51310-2023-05-studentloan.xlsx,T3-NewLoans-FCRA_05-2023,true,51310,"Total Direct Student Loan Program (New Loans Only), Federal Credit Reform Act Estimates / All New Loansa / Net Annual Loan Volume (Millions of dollars)",fiscal_year,2029,2029,2029,13,10
Student Loans,Net Annual Loan Volume (Millions of dollars),2030,101889.0,Millions of dollars,51310-2023-05-studentloan.xlsx,T3-NewLoans-FCRA_05-2023,true,51310,"Total Direct Student Loan Program (New Loans Only), Federal Credit Reform Act Estimates / All New Loansa / Net Annual Loan Volume (Millions of dollars)",fiscal_year,2030,2030,2030,13,11
Student Loans,Net Annual Loan Volume (Millions of dollars),2031,103704.0,Millions of dollars,51310-2023-05-studentloan.xlsx,T3-NewLoans-FCRA_05-2023,true,51310,"Total Direct Student Loan Program (New Loans Only), Federal Credit Reform Act Estimates / All New Loansa / Net Annual Loan Volume (Millions of dollars)",fiscal_year,2031,2031,2031,13,12
Student Loans,Net Annual Loan Volume (Millions of dollars),2032,105564.0,Millions of dollars,51310-2023-05-studentloan.xlsx,T3-NewLoans-FCRA_05-2023,true,51310,"Total Direct Student Loan Program (New Loans Only), Federal Credit Reform Act Estimates / All New Loansa / Net Annual Loan Volume (Millions of dollars)",fiscal_year,2032,2032,2032,13,13
Student Loans,Net Annual Loan Volume (Millions of dollars),2033,107471.0,Millions of dollars,51310-2023-05-studentloan.xlsx,T3-NewLoans-FCRA_05-2023,true,51310,"Total Direct Student Loan Program (New Loans Only), Federal Credit Reform Act Estimates / All New Loansa / Net Annual Loan Volume (Millions of dollars)",fiscal_year,2033,2033,2033,13,14
Student Loans,Net Number of Loans (Thousands),2023,13004.0,Thousands,51310-2023-05-studentloan.xlsx,T3-NewLoans-FCRA_05-2023,true,51310,"Total Direct Student Loan Program (New Loans Only), Federal Credit Reform Act Estimates / All New Loansa / Net Number of Loans (Thousands)",fiscal_year,2023,2023,2023,14,4
Student Loans,Net Number of Loans (Thousands),2024,13180.0,Thousands,51310-2023-05-studentloan.xlsx,T3-NewLoans-FCRA_05-2023,true,51310,"Total Direct Student Loan Program (New Loans Only), Federal Credit Reform Act Estimates / All New Loansa / Net Number of Loans (Thousands)",fiscal_year,2024,2024,2024,14,5
Student Loans,Net Number of Loans (Thousands),2025,13381.0,Thousands,51310-2023-05-studentloan.xlsx,T3-NewLoans-FCRA_05-2023,true,51310,"Total Direct Student Loan Program (New Loans Only), Federal Credit Reform Act Estimates / All New Loansa / Net Number of Loans (Thousands)",fiscal_year,2025,2025,2025,14,6
Student Loans,Net Number of Loans (Thousands),2026,13583.0,Thousands,51310-2023-05-studentloan.xlsx,T3-NewLoans-FCRA_05-2023,true,51310,"Total Direct Student Loan Program (New Loans Only), Federal Credit Reform Act Estimates / All New Loansa / Net Number of Loans (Thousands)",fiscal_year,2026,2026,2026,14,7
Student Loans,Net Number of Loans (Thousands),2027,13786.0,Thousands,51310-2023-05-studentloan.xlsx,T3-NewLoans-FCRA_05-2023,true,51310,"Total Direct Student Loan Program (New Loans Only), Federal Credit Reform Act Estimates / All New Loansa / Net Number of Loans (Thousands)",fiscal_year,2027,2027,2027,14,8
Student Loans,Net Number of Loans (Thousands),2028,13844.0,Thousands,51310-2023-05-studentloan.xlsx,T3-NewLoans-FCRA_05-2023,true,51310,"Total Direct Student Loan Program (New Loans Only), Federal Credit Reform Act Estimates / All New Loansa / Net Number of Loans (Thousands)",fiscal_year,2028,2028,2028,14,9
Student Loans,Net Number of Loans (Thousands),2029,13903.0,Thousands,51310-2023-05-studentloan.xlsx,T3-NewLoans-FCRA_05-2023,true,51310,"Total Direct Student Loan Program (New Loans Only), Federal Credit Reform Act Estimates / All New Loansa / Net Number of Loans (Thousands)",fiscal_year,2029,2029,2029,14,10
Student Loans,Net Number of Loans (Thousands),2030,13961.0,Thousands,51310-2023-05-studentloan.xlsx,T3-NewLoans-FCRA_05-2023,true,51310,"Total Direct Student Loan Program (New Loans Only), Federal Credit Reform Act Estimates / All New Loansa / Net Number of Loans (Thousands)",fiscal_year,2030,2030,2030,14,11
Student Loans,Net Number of Loans (Thousands),2031,14021.0,Thousands,51310-2023-05-studentloan.xlsx,T3-NewLoans-FCRA_05-2023,true,51310,"Total Direct Student Loan Program (New Loans Only), Federal Credit Reform Act Estimates / All New Loansa / Net Number of Loans (Thousands)",fiscal_year,2031,2031,2031,14,12
Student Loans,Net Number of Loans (Thousands),2032,14079.0,Thousands,51310-2023-05-studentloan.xlsx,T3-NewLoans-FCRA_05-2023,true,51310,"Total Direct Student Loan Program (New Loans Only), Federal Credit Reform Act Estimates / All New Loansa / Net Number of Loans (Thousands)",fiscal_year,2032,2032,2032,14,13
Student Loans,Net Number of Loans (Thousands),2033,14138.0,Thousands,51310-2023-05-studentloan.xlsx,T3-NewLoans-FCRA_05-2023,true,51310,"Total Direct Student Loan Program (New Loans Only), Federal Credit Reform Act Estimates / All New Loansa / Net Number of Loans (Thousands)",fiscal_year,2033,2033,2033,14,14
Student Loans,Average Loan Amount (Dollars),2023,6625.0,Dollars,51310-2023-05-studentloan.xlsx,T3-NewLoans-FCRA_05-2023,true,51310,"Total Direct Student Loan Program (New Loans Only), Federal Credit Reform Act Estimates / All New Loansa / Average Loan Amount (Dollars)",fiscal_year,2023,2023,2023,15,4
Student Loans,Average Loan Amount (Dollars),2024,6710.0,Dollars,51310-2023-05-studentloan.xlsx,T3-NewLoans-FCRA_05-2023,true,51310,"Total Direct Student Loan Program (New Loans Only), Federal Credit Reform Act Estimates / All New Loansa / Average Loan Amount (Dollars)",fiscal_year,2024,2024,2024,15,5
Student Loans,Average Loan Amount (Dollars),2025,6810.0,Dollars,51310-2023-05-studentloan.xlsx,T3-NewLoans-FCRA_05-2023,true,51310,"Total Direct Student Loan Program (New Loans Only), Federal Credit Reform Act Estimates / All New Loansa / Average Loan Amount (Dollars)",fiscal_year,2025,2025,2025,15,6
Student Loans,Average Loan Amount (Dollars),2026,6911.0,Dollars,51310-2023-05-studentloan.xlsx,T3-NewLoans-FCRA_05-2023,true,51310,"Total Direct Student Loan Program (New Loans Only), Federal Credit Reform Act Estimates / All New Loansa / Average Loan Amount (Dollars)",fiscal_year,2026,2026,2026,15,7
Student Loans,Average Loan Amount (Dollars),2027,7014.0,Dollars,51310-2023-05-studentloan.xlsx,T3-NewLoans-FCRA_05-2023,true,51310,"Total Direct Student Loan Program (New Loans Only), Federal Credit Reform Act Estimates / All New Loansa / Average Loan Amount (Dollars)",fiscal_year,2027,2027,2027,15,8
Student Loans,Average Loan Amount (Dollars),2028,7107.0,Dollars,51310-2023-05-studentloan.xlsx,T3-NewLoans-FCRA_05-2023,true,51310,"Total Direct Student Loan Program (New Loans Only), Federal Credit Reform Act Estimates / All New Loansa / Average Loan Amount (Dollars)",fiscal_year,2028,2028,2028,15,9
Student Loans,Average Loan Amount (Dollars),2029,7201.0,Dollars,51310-2023-05-studentloan.xlsx,T3-NewLoans-FCRA_05-2023,true,51310,"Total Direct Student Loan Program (New Loans Only), Federal Credit Reform Act Estimates / All New Loansa / Average Loan Amount (Dollars)",fiscal_year,2029,2029,2029,15,10
Student Loans,Average Loan Amount (Dollars),2030,7298.0,Dollars,51310-2023-05-studentloan.xlsx,T3-NewLoans-FCRA_05-2023,true,51310,"Total Direct Student Loan Program (New Loans Only), Federal Credit Reform Act Estimates / All New Loansa / Average Loan Amount (Dollars)",fiscal_year,2030,2030,2030,15,11
Student Loans,Average Loan Amount (Dollars),2031,7396.0,Dollars,51310-2023-05-studentloan.xlsx,T3-NewLoans-FCRA_05-2023,true,51310,"Total Direct Student Loan Program (New Loans Only), Federal Credit Reform Act Estimates / All New Loansa / Average Loan Amount (Dollars)",fiscal_year,2031,2031,2031,15,12
Student Loans,Average Loan Amount (Dollars),2032,7498.0,Dollars,51310-2023-05-studentloan.xlsx,T3-NewLoans-FCRA_05-2023,true,51310,"Total Direct Student Loan Program (New Loans Only), Federal Credit Reform Act Estimates / All New Loansa / Average Loan Amount (Dollars)",fiscal_year,2032,2032,2032,15,13
Student Loans,Average Loan Amount (Dollars),2033,7602.0,Dollars,51310-2023-05-studentloan.xlsx,T3-NewLoans-FCRA_05-2023,true,51310,"Total Direct Student Loan Program (New Loans Only), Federal Credit Reform Act Estimates / All New Loansa / Average Loan Amount (Dollars)",fiscal_year,2033,2033,2033,15,14
Student Loans,Subsidy Rate (Percent)b,2023,17.8,Percent,51310-2023-05-studentloan.xlsx,T3-NewLoans-FCRA_05-2023,true,51310,"Total Direct Student Loan Program (New Loans Only), Federal Credit Reform Act Estimates / All New Loansa / Subsidy Rate (Percent)b",fiscal_year,2023,2023,2023,16,4
Student Loans,Subsidy Rate (Percent)b,2024,16.0,Percent,51310-2023-05-studentloan.xlsx,T3-NewLoans-FCRA_05-2023,true,51310,"Total Direct Student Loan Program (New Loans Only), Federal Credit Reform Act Estimates / All New Loansa / Subsidy Rate (Percent)b",fiscal_year,2024,2024,2024,16,5
Student Loans,Subsidy Rate (Percent)b,2025,16.7,Percent,51310-2023-05-studentloan.xlsx,T3-NewLoans-FCRA_05-2023,true,51310,"Total Direct Student Loan Program (New Loans Only), Federal Credit Reform Act Estimates / All New Loansa / Subsidy Rate (Percent)b",fiscal_year,2025,2025,2025,16,6
Student Loans,Subsidy Rate (Percent)b,2026,17.4,Percent,51310-2023-05-studentloan.xlsx,T3-NewLoans-FCRA_05-2023,true,51310,"Total Direct Student Loan Program (New Loans Only), Federal Credit Reform Act Estimates / All New Loansa / Subsidy Rate (Percent)b",fiscal_year,2026,2026,2026,16,7
Student Loans,Subsidy Rate (Percent)b,2027,18.0,Percent,51310-2023-05-studentloan.xlsx,T3-NewLoans-FCRA_05-2023,true,51310,"Total Direct Student Loan Program (New Loans Only), Federal Credit Reform Act Estimates / All New Loansa / Subsidy Rate (Percent)b",fiscal_year,2027,2027,2027,16,8
Student Loans,Subsidy Rate (Percent)b,2028,17.8,Percent,51310-2023-05-studentloan.xlsx,T3-NewLoans-FCRA_05-2023,true,51310,"Total Direct Student Loan Program (New Loans Only), Federal Credit Reform Act Estimates / All New Loansa / Subsidy Rate (Percent)b",fiscal_year,2028,2028,2028,16,9
Student Loans,Subsidy Rate (Percent)b,2029,17.5,Percent,51310-2023-05-studentloan.xlsx,T3-NewLoans-FCRA_05-2023,true,51310,"Total Direct Student Loan Program (New Loans Only), Federal Credit Reform Act Estimates / All New Loansa / Subsidy Rate (Percent)b",fiscal_year,2029,2029,2029,16,10
Student Loans,Subsidy Rate (Percent)b,2030,17.2,Percent,51310-2023-05-studentloan.xlsx,T3-NewLoans-FCRA_05-2023,true,51310,"Total Direct Student Loan Program (New Loans Only), Federal Credit Reform Act Estimates / All New Loansa / Subsidy Rate (Percent)b",fiscal_year,2030,2030,2030,16,11
Student Loans,Subsidy Rate (Percent)b,2031,16.7,Percent,51310-2023-05-studentloan.xlsx,T3-NewLoans-FCRA_05-2023,true,51310,"Total Direct Student Loan Program (New Loans Only), Federal Credit Reform Act Estimates / All New Loansa / Subsidy Rate (Percent)b",fiscal_year,2031,2031,2031,16,12
Student Loans,Subsidy Rate (Percent)b,2032,16.9,Percent,51310-2023-05-studentloan.xlsx,T3-NewLoans-FCRA_05-2023,true,51310,"Total Direct Student Loan Program (New Loans Only), Federal Credit Reform Act Estimates / All New Loansa / Subsidy Rate (Percent)b",fiscal_year,2032,2032,2032,16,13
Student Loans,Subsidy Rate (Percent)b,2033,16.7,Percent,51310-2023-05-studentloan.xlsx,T3-NewLoans-FCRA_05-2023,true,51310,"Total Direct Student Loan Program (New Loans Only), Federal Credit Reform Act Estimates / All New Loansa / Subsidy Rate (Percent)b",fiscal_year,2033,2033,2033,16,14
Student Loans,Net Annual Loan Volume (Millions of dollars),2023,16158.0,Millions of dollars,51310-2023-05-studentloan.xlsx,T3-NewLoans-FCRA_05-2023,true,51310,"Total Direct Student Loan Program (New Loans Only), Federal Credit Reform Act Estimates / Subsidized Student Loans / Net Annual Loan Volume (Millions of dollars)",fiscal_year,2023,2023,2023,19,4
Student Loans,Net Annual Loan Volume (Millions of dollars),2024,16567.0,Millions of dollars,51310-2023-05-studentloan.xlsx,T3-NewLoans-FCRA_05-2023,true,51310,"Total Direct Student Loan Program (New Loans Only), Federal Credit Reform Act Estimates / Subsidized Student Loans / Net Annual Loan Volume (Millions of dollars)",fiscal_year,2024,2024,2024,19,5
Student Loans,Net Annual Loan Volume (Millions of dollars),2025,17047.0,Millions of dollars,51310-2023-05-studentloan.xlsx,T3-NewLoans-FCRA_05-2023,true,51310,"Total Direct Student Loan Program (New Loans Only), Federal Credit Reform Act Estimates / Subsidized Student Loans / Net Annual Loan Volume (Millions of dollars)",fiscal_year,2025,2025,2025,19,6
Student Loans,Net Annual Loan Volume (Millions of dollars),2026,17534.0,Millions of dollars,51310-2023-05-studentloan.xlsx,T3-NewLoans-FCRA_05-2023,true,51310,"Total Direct Student Loan Program (New Loans Only), Federal Credit Reform Act Estimates / Subsidized Student Loans / Net Annual Loan Volume (Millions of dollars)",fiscal_year,2026,2026,2026,19,7
Student Loans,Net Annual Loan Volume (Millions of dollars),2027,18028.0,Millions of dollars,51310-2023-05-studentloan.xlsx,T3-NewLoans-FCRA_05-2023,true,51310,"Total Direct Student Loan Program (New Loans Only), Federal Credit Reform Act Estimates / Subsidized Student Loans / Net Annual Loan Volume (Millions of dollars)",fiscal_year,2027,2027,2027,19,8
Student Loans,Net Annual Loan Volume (Millions of dollars),2028,18172.0,Millions of dollars,51310-2023-05-studentloan.xlsx,T3-NewLoans-FCRA_05-2023,true,51310,"Total Direct Student Loan Program (New Loans Only), Federal Credit Reform Act Estimates / Subsidized Student Loans / Net Annual Loan Volume (Millions of dollars)",fiscal_year,2028,2028,2028,19,9
Student Loans,Net Annual Loan Volume (Millions of dollars),2029,18318.0,Millions of dollars,51310-2023-05-studentloan.xlsx,T3-NewLoans-FCRA_05-2023,true,51310,"Total Direct Student Loan Program (New Loans Only), Federal Credit Reform Act Estimates / Subsidized Student Loans / Net Annual Loan Volume (Millions of dollars)",fiscal_year,2029,2029,2029,19,10
Student Loans,Net Annual Loan Volume (Millions of dollars),2030,18465.0,Millions of dollars,51310-2023-05-studentloan.xlsx,T3-NewLoans-FCRA_05-2023,true,51310,"Total Direct Student Loan Program (New Loans Only), Federal Credit Reform Act Estimates / Subsidized Student Loans / Net Annual Loan Volume (Millions of dollars)",fiscal_year,2030,2030,2030,19,11
Student Loans,Net Annual Loan Volume (Millions of dollars),2031,18613.0,Millions of dollars,51310-2023-05-studentloan.xlsx,T3-NewLoans-FCRA_05-2023,true,51310,"Total Direct Student Loan Program (New Loans Only), Federal Credit Reform Act Estimates / Subsidized Student Loans / Net Annual Loan Volume (Millions of dollars)",fiscal_year,2031,2031,2031,19,12
Student Loans,Net Annual Loan Volume (Millions of dollars),2032,18762.0,Millions of dollars,51310-2023-05-studentloan.xlsx,T3-NewLoans-FCRA_05-2023,true,51310,"Total Direct Student Loan Program (New Loans Only), Federal Credit Reform Act Estimates / Subsidized Student Loans / Net Annual Loan Volume (Millions of dollars)",fiscal_year,2032,2032,2032,19,13
Student Loans,Net Annual Loan Volume (Millions of dollars),2033,18912.0,Millions of dollars,51310-2023-05-studentloan.xlsx,T3-NewLoans-FCRA_05-2023,true,51310,"Total Direct Student Loan Program (New Loans Only), Federal Credit Reform Act Estimates / Subsidized Student Loans / Net Annual Loan Volume (Millions of dollars)",fiscal_year,2033,2033,2033,19,14
Student Loans,Net Number of Loans (Thousands),2023,4806.0,Thousands,51310-2023-05-studentloan.xlsx,T3-NewLoans-FCRA_05-2023,true,51310,"Total Direct Student Loan Program (New Loans Only), Federal Credit Reform Act Estimates / Subsidized Student Loans / Net Number of Loans (Thousands)",fiscal_year,2023,2023,2023,20,4
Student Loans,Net Number of Loans (Thousands),2024,4889.0,Thousands,51310-2023-05-studentloan.xlsx,T3-NewLoans-FCRA_05-2023,true,51310,"Total Direct Student Loan Program (New Loans Only), Federal Credit Reform Act Estimates / Subsidized Student Loans / Net Number of Loans (Thousands)",fiscal_year,2024,2024,2024,20,5
Student Loans,Net Number of Loans (Thousands),2025,4982.0,Thousands,51310-2023-05-studentloan.xlsx,T3-NewLoans-FCRA_05-2023,true,51310,"Total Direct Student Loan Program (New Loans Only), Federal Credit Reform Act Estimates / Subsidized Student Loans / Net Number of Loans (Thousands)",fiscal_year,2025,2025,2025,20,6
Student Loans,Net Number of Loans (Thousands),2026,5076.0,Thousands,51310-2023-05-studentloan.xlsx,T3-NewLoans-FCRA_05-2023,true,51310,"Total Direct Student Loan Program (New Loans Only), Federal Credit Reform Act Estimates / Subsidized Student Loans / Net Number of Loans (Thousands)",fiscal_year,2026,2026,2026,20,7
Student Loans,Net Number of Loans (Thousands),2027,5170.0,Thousands,51310-2023-05-studentloan.xlsx,T3-NewLoans-FCRA_05-2023,true,51310,"Total Direct Student Loan Program (New Loans Only), Federal Credit Reform Act Estimates / Subsidized Student Loans / Net Number of Loans (Thousands)",fiscal_year,2027,2027,2027,20,8
Student Loans,Net Number of Loans (Thousands),2028,5185.0,Thousands,51310-2023-05-studentloan.xlsx,T3-NewLoans-FCRA_05-2023,true,51310,"Total Direct Student Loan Program (New Loans Only), Federal Credit Reform Act Estimates / Subsidized Student Loans / Net Number of Loans (Thousands)",fiscal_year,2028,2028,2028,20,9
Student Loans,Net Number of Loans (Thousands),2029,5201.0,Thousands,51310-2023-05-studentloan.xlsx,T3-NewLoans-FCRA_05-2023,true,51310,"Total Direct Student Loan Program (New Loans Only), Federal Credit Reform Act Estimates / Subsidized Student Loans / Net Number of Loans (Thousands)",fiscal_year,2029,2029,2029,20,10
Student Loans,Net Number of Loans (Thousands),2030,5216.0,Thousands,51310-2023-05-studentloan.xlsx,T3-NewLoans-FCRA_05-2023,true,51310,"Total Direct Student Loan Program (New Loans Only), Federal Credit Reform Act Estimates / Subsidized Student Loans / Net Number of Loans (Thousands)",fiscal_year,2030,2030,2030,20,11
Student Loans,Net Number of Loans (Thousands),2031,5232.0,Thousands,51310-2023-05-studentloan.xlsx,T3-NewLoans-FCRA_05-2023,true,51310,"Total Direct Student Loan Program (New Loans Only), Federal Credit Reform Act Estimates / Subsidized Student Loans / Net Number of Loans (Thousands)",fiscal_year,2031,2031,2031,20,12
Student Loans,Net Number of Loans (Thousands),2032,5248.0,Thousands,51310-2023-05-studentloan.xlsx,T3-NewLoans-FCRA_05-2023,true,51310,"Total Direct Student Loan Program (New Loans Only), Federal Credit Reform Act Estimates / Subsidized Student Loans / Net Number of Loans (Thousands)",fiscal_year,2032,2032,2032,20,13
Student Loans,Net Number of Loans (Thousands),2033,5263.0,Thousands,51310-2023-05-studentloan.xlsx,T3-NewLoans-FCRA_05-2023,true,51310,"Total Direct Student Loan Program (New Loans Only), Federal Credit Reform Act Estimates / Subsidized Student Loans / Net Number of Loans (Thousands)",fiscal_year,2033,2033,2033,20,14
Student Loans,Average Loan Amount (Dollars),2023,3362.0,Dollars,51310-2023-05-studentloan.xlsx,T3-NewLoans-FCRA_05-2023,true,51310,"Total Direct Student Loan Program (New Loans Only), Federal Credit Reform Act Estimates / Subsidized Student Loans / Average Loan Amount (Dollars)",fiscal_year,2023,2023,2023,21,4
Student Loans,Average Loan Amount (Dollars),2024,3389.0,Dollars,51310-2023-05-studentloan.xlsx,T3-NewLoans-FCRA_05-2023,true,51310,"Total Direct Student Loan Program (New Loans Only), Federal Credit Reform Act Estimates / Subsidized Student Loans / Average Loan Amount (Dollars)",fiscal_year,2024,2024,2024,21,5
Student Loans,Average Loan Amount (Dollars),2025,3422.0,Dollars,51310-2023-05-studentloan.xlsx,T3-NewLoans-FCRA_05-2023,true,51310,"Total Direct Student Loan Program (New Loans Only), Federal Credit Reform Act Estimates / Subsidized Student Loans / Average Loan Amount (Dollars)",fiscal_year,2025,2025,2025,21,6
Student Loans,Average Loan Amount (Dollars),2026,3454.0,Dollars,51310-2023-05-studentloan.xlsx,T3-NewLoans-FCRA_05-2023,true,51310,"Total Direct Student Loan Program (New Loans Only), Federal Credit Reform Act Estimates / Subsidized Student Loans / Average Loan Amount (Dollars)",fiscal_year,2026,2026,2026,21,7
Student Loans,Average Loan Amount (Dollars),2027,3487.0,Dollars,51310-2023-05-studentloan.xlsx,T3-NewLoans-FCRA_05-2023,true,51310,"Total Direct Student Loan Program (New Loans Only), Federal Credit Reform Act Estimates / Subsidized Student Loans / Average Loan Amount (Dollars)",fiscal_year,2027,2027,2027,21,8
Student Loans,Average Loan Amount (Dollars),2028,3505.0,Dollars,51310-2023-05-studentloan.xlsx,T3-NewLoans-FCRA_05-2023,true,51310,"Total Direct Student Loan Program (New Loans Only), Federal Credit Reform Act Estimates / Subsidized Student Loans / Average Loan Amount (Dollars)",fiscal_year,2028,2028,2028,21,9
Student Loans,Average Loan Amount (Dollars),2029,3522.0,Dollars,51310-2023-05-studentloan.xlsx,T3-NewLoans-FCRA_05-2023,true,51310,"Total Direct Student Loan Program (New Loans Only), Federal Credit Reform Act Estimates / Subsidized Student Loans / Average Loan Amount (Dollars)",fiscal_year,2029,2029,2029,21,10
Student Loans,Average Loan Amount (Dollars),2030,3540.0,Dollars,51310-2023-05-studentloan.xlsx,T3-NewLoans-FCRA_05-2023,true,51310,"Total Direct Student Loan Program (New Loans Only), Federal Credit Reform Act Estimates / Subsidized Student Loans / Average Loan Amount (Dollars)",fiscal_year,2030,2030,2030,21,11
Student Loans,Average Loan Amount (Dollars),2031,3558.0,Dollars,51310-2023-05-studentloan.xlsx,T3-NewLoans-FCRA_05-2023,true,51310,"Total Direct Student Loan Program (New Loans Only), Federal Credit Reform Act Estimates / Subsidized Student Loans / Average Loan Amount (Dollars)",fiscal_year,2031,2031,2031,21,12
Student Loans,Average Loan Amount (Dollars),2032,3575.0,Dollars,51310-2023-05-studentloan.xlsx,T3-NewLoans-FCRA_05-2023,true,51310,"Total Direct Student Loan Program (New Loans Only), Federal Credit Reform Act Estimates / Subsidized Student Loans / Average Loan Amount (Dollars)",fiscal_year,2032,2032,2032,21,13
Student Loans,Average Loan Amount (Dollars),2033,3593.0,Dollars,51310-2023-05-studentloan.xlsx,T3-NewLoans-FCRA_05-2023,true,51310,"Total Direct Student Loan Program (New Loans Only), Federal Credit Reform Act Estimates / Subsidized Student Loans / Average Loan Amount (Dollars)",fiscal_year,2033,2033,2033,21,14
Student Loans,Subsidy Rate (Percent)b,2023,28.4,Percent,51310-2023-05-studentloan.xlsx,T3-NewLoans-FCRA_05-2023,true,51310,"Total Direct Student Loan Program (New Loans Only), Federal Credit Reform Act Estimates / Subsidized Student Loans / Subsidy Rate (Percent)b",fiscal_year,2023,2023,2023,22,4
Student Loans,Subsidy Rate (Percent)b,2024,27.1,Percent,51310-2023-05-studentloan.xlsx,T3-NewLoans-FCRA_05-2023,true,51310,"Total Direct Student Loan Program (New Loans Only), Federal Credit Reform Act Estimates / Subsidized Student Loans / Subsidy Rate (Percent)b",fiscal_year,2024,2024,2024,22,5
Student Loans,Subsidy Rate (Percent)b,2025,27.5,Percent,51310-2023-05-studentloan.xlsx,T3-NewLoans-FCRA_05-2023,true,51310,"Total Direct Student Loan Program (New Loans Only), Federal Credit Reform Act Estimates / Subsidized Student Loans / Subsidy Rate (Percent)b",fiscal_year,2025,2025,2025,22,6
Student Loans,Subsidy Rate (Percent)b,2026,28.0,Percent,51310-2023-05-studentloan.xlsx,T3-NewLoans-FCRA_05-2023,true,51310,"Total Direct Student Loan Program (New Loans Only), Federal Credit Reform Act Estimates / Subsidized Student Loans / Subsidy Rate (Percent)b",fiscal_year,2026,2026,2026,22,7
Student Loans,Subsidy Rate (Percent)b,2027,28.4,Percent,51310-2023-05-studentloan.xlsx,T3-NewLoans-FCRA_05-2023,true,51310,"Total Direct Student Loan Program (New Loans Only), Federal Credit Reform Act Estimates / Subsidized Student Loans / Subsidy Rate (Percent)b",fiscal_year,2027,2027,2027,22,8
Student Loans,Subsidy Rate (Percent)b,2028,28.3,Percent,51310-2023-05-studentloan.xlsx,T3-NewLoans-FCRA_05-2023,true,51310,"Total Direct Student Loan Program (New Loans Only), Federal Credit Reform Act Estimates / Subsidized Student Loans / Subsidy Rate (Percent)b",fiscal_year,2028,2028,2028,22,9
Student Loans,Subsidy Rate (Percent)b,2029,27.9,Percent,51310-2023-05-studentloan.xlsx,T3-NewLoans-FCRA_05-2023,true,51310,"Total Direct Student Loan Program (New Loans Only), Federal Credit Reform Act Estimates / Subsidized Student Loans / Subsidy Rate (Percent)b",fiscal_year,2029,2029,2029,22,10
Student Loans,Subsidy Rate (Percent)b,2030,27.7,Percent,51310-2023-05-studentloan.xlsx,T3-NewLoans-FCRA_05-2023,true,51310,"Total Direct Student Loan Program (New Loans Only), Federal Credit Reform Act Estimates / Subsidized Student Loans / Subsidy Rate (Percent)b",fiscal_year,2030,2030,2030,22,11
Student Loans,Subsidy Rate (Percent)b,2031,27.5,Percent,51310-2023-05-studentloan.xlsx,T3-NewLoans-FCRA_05-2023,true,51310,"Total Direct Student Loan Program (New Loans Only), Federal Credit Reform Act Estimates / Subsidized Student Loans / Subsidy Rate (Percent)b",fiscal_year,2031,2031,2031,22,12
Student Loans,Subsidy Rate (Percent)b,2032,27.3,Percent,51310-2023-05-studentloan.xlsx,T3-NewLoans-FCRA_05-2023,true,51310,"Total Direct Student Loan Program (New Loans Only), Federal Credit Reform Act Estimates / Subsidized Student Loans / Subsidy Rate (Percent)b",fiscal_year,2032,2032,2032,22,13
Student Loans,Subsidy Rate (Percent)b,2033,27.0,Percent,51310-2023-05-studentloan.xlsx,T3-NewLoans-FCRA_05-2023,true,51310,"Total Direct Student Loan Program (New Loans Only), Federal Credit Reform Act Estimates / Subsidized Student Loans / Subsidy Rate (Percent)b",fiscal_year,2033,2033,2033,22,14
Student Loans,Net Annual Loan Volume (Millions of dollars),2023,18414.0,Millions of dollars,51310-2023-05-studentloan.xlsx,T3-NewLoans-FCRA_05-2023,true,51310,"Total Direct Student Loan Program (New Loans Only), Federal Credit Reform Act Estimates / Unsubsidized Student Loans: Undergraduate / Net Annual Loan Volume (Millions of dollars)",fiscal_year,2023,2023,2023,25,4
Student Loans,Net Annual Loan Volume (Millions of dollars),2024,18838.0,Millions of dollars,51310-2023-05-studentloan.xlsx,T3-NewLoans-FCRA_05-2023,true,51310,"Total Direct Student Loan Program (New Loans Only), Federal Credit Reform Act Estimates / Unsubsidized Student Loans: Undergraduate / Net Annual Loan Volume (Millions of dollars)",fiscal_year,2024,2024,2024,25,5
Student Loans,Net Annual Loan Volume (Millions of dollars),2025,19344.0,Millions of dollars,51310-2023-05-studentloan.xlsx,T3-NewLoans-FCRA_05-2023,true,51310,"Total Direct Student Loan Program (New Loans Only), Federal Credit Reform Act Estimates / Unsubsidized Student Loans: Undergraduate / Net Annual Loan Volume (Millions of dollars)",fiscal_year,2025,2025,2025,25,6
Student Loans,Net Annual Loan Volume (Millions of dollars),2026,19858.0,Millions of dollars,51310-2023-05-studentloan.xlsx,T3-NewLoans-FCRA_05-2023,true,51310,"Total Direct Student Loan Program (New Loans Only), Federal Credit Reform Act Estimates / Unsubsidized Student Loans: Undergraduate / Net Annual Loan Volume (Millions of dollars)",fiscal_year,2026,2026,2026,25,7
Student Loans,Net Annual Loan Volume (Millions of dollars),2027,20382.0,Millions of dollars,51310-2023-05-studentloan.xlsx,T3-NewLoans-FCRA_05-2023,true,51310,"Total Direct Student Loan Program (New Loans Only), Federal Credit Reform Act Estimates / Unsubsidized Student Loans: Undergraduate / Net Annual Loan Volume (Millions of dollars)",fiscal_year,2027,2027,2027,25,8
Student Loans,Net Annual Loan Volume (Millions of dollars),2028,20624.0,Millions of dollars,51310-2023-05-studentloan.xlsx,T3-NewLoans-FCRA_05-2023,true,51310,"Total Direct Student Loan Program (New Loans Only), Federal Credit Reform Act Estimates / Unsubsidized Student Loans: Undergraduate / Net Annual Loan Volume (Millions of dollars)",fiscal_year,2028,2028,2028,25,9
Student Loans,Net Annual Loan Volume (Millions of dollars),2029,20868.0,Millions of dollars,51310-2023-05-studentloan.xlsx,T3-NewLoans-FCRA_05-2023,true,51310,"Total Direct Student Loan Program (New Loans Only), Federal Credit Reform Act Estimates / Unsubsidized Student Loans: Undergraduate / Net Annual Loan Volume (Millions of dollars)",fiscal_year,2029,2029,2029,25,10
Student Loans,Net Annual Loan Volume (Millions of dollars),2030,21116.0,Millions of dollars,51310-2023-05-studentloan.xlsx,T3-NewLoans-FCRA_05-2023,true,51310,"Total Direct Student Loan Program (New Loans Only), Federal Credit Reform Act Estimates / Unsubsidized Student Loans: Undergraduate / Net Annual Loan Volume (Millions of dollars)",fiscal_year,2030,2030,2030,25,11
Student Loans,Net Annual Loan Volume (Millions of dollars),2031,21366.0,Millions of dollars,51310-2023-05-studentloan.xlsx,T3-NewLoans-FCRA_05-2023,true,51310,"Total Direct Student Loan Program (New Loans Only), Federal Credit Reform Act Estimates / Unsubsidized Student Loans: Undergraduate / Net Annual Loan Volume (Millions of dollars)",fiscal_year,2031,2031,2031,25,12
Student Loans,Net Annual Loan Volume (Millions of dollars),2032,21620.0,Millions of dollars,51310-2023-05-studentloan.xlsx,T3-NewLoans-FCRA_05-2023,true,51310,"Total Direct Student Loan Program (New Loans Only), Federal Credit Reform Act Estimates / Unsubsidized Student Loans: Undergraduate / Net Annual Loan Volume (Millions of dollars)",fiscal_year,2032,2032,2032,25,13
Student Loans,Net Annual Loan Volume (Millions of dollars),2033,21876.0,Millions of dollars,51310-2023-05-studentloan.xlsx,T3-NewLoans-FCRA_05-2023,true,51310,"Total Direct Student Loan Program (New Loans Only), Federal Credit Reform Act Estimates / Unsubsidized Student Loans: Undergraduate / Net Annual Loan Volume (Millions of dollars)",fiscal_year,2033,2033,2033,25,14
Student Loans,Net Number of Loans (Thousands),2023,5047.0,Thousands,51310-2023-05-studentloan.xlsx,T3-NewLoans-FCRA_05-2023,true,51310,"Total Direct Student Loan Program (New Loans Only), Federal Credit Reform Act Estimates / Unsubsidized Student Loans: Undergraduate / Net Number of Loans (Thousands)",fiscal_year,2023,2023,2023,26,4
Student Loans,Net Number of Loans (Thousands),2024,5115.0,Thousands,51310-2023-05-studentloan.xlsx,T3-NewLoans-FCRA_05-2023,true,51310,"Total Direct Student Loan Program (New Loans Only), Federal Credit Reform Act Estimates / Unsubsidized Student Loans: Undergraduate / Net Number of Loans (Thousands)",fiscal_year,2024,2024,2024,26,5
Student Loans,Net Number of Loans (Thousands),2025,5194.0,Thousands,51310-2023-05-studentloan.xlsx,T3-NewLoans-FCRA_05-2023,true,51310,"Total Direct Student Loan Program (New Loans Only), Federal Credit Reform Act Estimates / Unsubsidized Student Loans: Undergraduate / Net Number of Loans (Thousands)",fiscal_year,2025,2025,2025,26,6
Student Loans,Net Number of Loans (Thousands),2026,5273.0,Thousands,51310-2023-05-studentloan.xlsx,T3-NewLoans-FCRA_05-2023,true,51310,"Total Direct Student Loan Program (New Loans Only), Federal Credit Reform Act Estimates / Unsubsidized Student Loans: Undergraduate / Net Number of Loans (Thousands)",fiscal_year,2026,2026,2026,26,7
Student Loans,Net Number of Loans (Thousands),2027,5353.0,Thousands,51310-2023-05-studentloan.xlsx,T3-NewLoans-FCRA_05-2023,true,51310,"Total Direct Student Loan Program (New Loans Only), Federal Credit Reform Act Estimates / Unsubsidized Student Loans: Undergraduate / Net Number of Loans (Thousands)",fiscal_year,2027,2027,2027,26,8
Student Loans,Net Number of Loans (Thousands),2028,5382.0,Thousands,51310-2023-05-studentloan.xlsx,T3-NewLoans-FCRA_05-2023,true,51310,"Total Direct Student Loan Program (New Loans Only), Federal Credit Reform Act Estimates / Unsubsidized Student Loans: Undergraduate / Net Number of Loans (Thousands)",fiscal_year,2028,2028,2028,26,9
Student Loans,Net Number of Loans (Thousands),2029,5411.0,Thousands,51310-2023-05-studentloan.xlsx,T3-NewLoans-FCRA_05-2023,true,51310,"Total Direct Student Loan Program (New Loans Only), Federal Credit Reform Act Estimates / Unsubsidized Student Loans: Undergraduate / Net Number of Loans (Thousands)",fiscal_year,2029,2029,2029,26,10
Student Loans,Net Number of Loans (Thousands),2030,5440.0,Thousands,51310-2023-05-studentloan.xlsx,T3-NewLoans-FCRA_05-2023,true,51310,"Total Direct Student Loan Program (New Loans Only), Federal Credit Reform Act Estimates / Unsubsidized Student Loans: Undergraduate / Net Number of Loans (Thousands)",fiscal_year,2030,2030,2030,26,11
Student Loans,Net Number of Loans (Thousands),2031,5470.0,Thousands,51310-2023-05-studentloan.xlsx,T3-NewLoans-FCRA_05-2023,true,51310,"Total Direct Student Loan Program (New Loans Only), Federal Credit Reform Act Estimates / Unsubsidized Student Loans: Undergraduate / Net Number of Loans (Thousands)",fiscal_year,2031,2031,2031,26,12
Student Loans,Net Number of Loans (Thousands),2032,5499.0,Thousands,51310-2023-05-studentloan.xlsx,T3-NewLoans-FCRA_05-2023,true,51310,"Total Direct Student Loan Program (New Loans Only), Federal Credit Reform Act Estimates / Unsubsidized Student Loans: Undergraduate / Net Number of Loans (Thousands)",fiscal_year,2032,2032,2032,26,13
Student Loans,Net Number of Loans (Thousands),2033,5529.0,Thousands,51310-2023-05-studentloan.xlsx,T3-NewLoans-FCRA_05-2023,true,51310,"Total Direct Student Loan Program (New Loans Only), Federal Credit Reform Act Estimates / Unsubsidized Student Loans: Undergraduate / Net Number of Loans (Thousands)",fiscal_year,2033,2033,2033,26,14
Student Loans,Average Loan Amount (Dollars),2023,3649.0,Dollars,51310-2023-05-studentloan.xlsx,T3-NewLoans-FCRA_05-2023,true,51310,"Total Direct Student Loan Program (New Loans Only), Federal Credit Reform Act Estimates / Unsubsidized Student Loans: Undergraduate / Average Loan Amount (Dollars)",fiscal_year,2023,2023,2023,27,4
Student Loans,Average Loan Amount (Dollars),2024,3683.0,Dollars,51310-2023-05-studentloan.xlsx,T3-NewLoans-FCRA_05-2023,true,51310,"Total Direct Student Loan Program (New Loans Only), Federal Credit Reform Act Estimates / Unsubsidized Student Loans: Undergraduate / Average Loan Amount (Dollars)",fiscal_year,2024,2024,2024,27,5
Student Loans,Average Loan Amount (Dollars),2025,3724.0,Dollars,51310-2023-05-studentloan.xlsx,T3-NewLoans-FCRA_05-2023,true,51310,"Total Direct Student Loan Program (New Loans Only), Federal Credit Reform Act Estimates / Unsubsidized Student Loans: Undergraduate / Average Loan Amount (Dollars)",fiscal_year,2025,2025,2025,27,6
Student Loans,Average Loan Amount (Dollars),2026,3766.0,Dollars,51310-2023-05-studentloan.xlsx,T3-NewLoans-FCRA_05-2023,true,51310,"Total Direct Student Loan Program (New Loans Only), Federal Credit Reform Act Estimates / Unsubsidized Student Loans: Undergraduate / Average Loan Amount (Dollars)",fiscal_year,2026,2026,2026,27,7
Student Loans,Average Loan Amount (Dollars),2027,3808.0,Dollars,51310-2023-05-studentloan.xlsx,T3-NewLoans-FCRA_05-2023,true,51310,"Total Direct Student Loan Program (New Loans Only), Federal Credit Reform Act Estimates / Unsubsidized Student Loans: Undergraduate / Average Loan Amount (Dollars)",fiscal_year,2027,2027,2027,27,8
Student Loans,Average Loan Amount (Dollars),2028,3832.0,Dollars,51310-2023-05-studentloan.xlsx,T3-NewLoans-FCRA_05-2023,true,51310,"Total Direct Student Loan Program (New Loans Only), Federal Credit Reform Act Estimates / Unsubsidized Student Loans: Undergraduate / Average Loan Amount (Dollars)",fiscal_year,2028,2028,2028,27,9
Student Loans,Average Loan Amount (Dollars),2029,3857.0,Dollars,51310-2023-05-studentloan.xlsx,T3-NewLoans-FCRA_05-2023,true,51310,"Total Direct Student Loan Program (New Loans Only), Federal Credit Reform Act Estimates / Unsubsidized Student Loans: Undergraduate / Average Loan Amount (Dollars)",fiscal_year,2029,2029,2029,27,10
Student Loans,Average Loan Amount (Dollars),2030,3882.0,Dollars,51310-2023-05-studentloan.xlsx,T3-NewLoans-FCRA_05-2023,true,51310,"Total Direct Student Loan Program (New Loans Only), Federal Credit Reform Act Estimates / Unsubsidized Student Loans: Undergraduate / Average Loan Amount (Dollars)",fiscal_year,2030,2030,2030,27,11
Student Loans,Average Loan Amount (Dollars),2031,3906.0,Dollars,51310-2023-05-studentloan.xlsx,T3-NewLoans-FCRA_05-2023,true,51310,"Total Direct Student Loan Program (New Loans Only), Federal Credit Reform Act Estimates / Unsubsidized Student Loans: Undergraduate / Average Loan Amount (Dollars)",fiscal_year,2031,2031,2031,27,12
Student Loans,Average Loan Amount (Dollars),2032,3932.0,Dollars,51310-2023-05-studentloan.xlsx,T3-NewLoans-FCRA_05-2023,true,51310,"Total Direct Student Loan Program (New Loans Only), Federal Credit Reform Act Estimates / Unsubsidized Student Loans: Undergraduate / Average Loan Amount (Dollars)",fiscal_year,2032,2032,2032,27,13
Student Loans,Average Loan Amount (Dollars),2033,3957.0,Dollars,51310-2023-05-studentloan.xlsx,T3-NewLoans-FCRA_05-2023,true,51310,"Total Direct Student Loan Program (New Loans Only), Federal Credit Reform Act Estimates / Unsubsidized Student Loans: Undergraduate / Average Loan Amount (Dollars)",fiscal_year,2033,2033,2033,27,14
Student Loans,Subsidy Rate (Percent)b,2023,20.8,Percent,51310-2023-05-studentloan.xlsx,T3-NewLoans-FCRA_05-2023,true,51310,"Total Direct Student Loan Program (New Loans Only), Federal Credit Reform Act Estimates / Unsubsidized Student Loans: Undergraduate / Subsidy Rate (Percent)b",fiscal_year,2023,2023,2023,28,4
Student Loans,Subsidy Rate (Percent)b,2024,18.5,Percent,51310-2023-05-studentloan.xlsx,T3-NewLoans-FCRA_05-2023,true,51310,"Total Direct Student Loan Program (New Loans Only), Federal Credit Reform Act Estimates / Unsubsidized Student Loans: Undergraduate / Subsidy Rate (Percent)b",fiscal_year,2024,2024,2024,28,5
Student Loans,Subsidy Rate (Percent)b,2025,19.2,Percent,51310-2023-05-studentloan.xlsx,T3-NewLoans-FCRA_05-2023,true,51310,"Total Direct Student Loan Program (New Loans Only), Federal Credit Reform Act Estimates / Unsubsidized Student Loans: Undergraduate / Subsidy Rate (Percent)b",fiscal_year,2025,2025,2025,28,6
Student Loans,Subsidy Rate (Percent)b,2026,19.6,Percent,51310-2023-05-studentloan.xlsx,T3-NewLoans-FCRA_05-2023,true,51310,"Total Direct Student Loan Program (New Loans Only), Federal Credit Reform Act Estimates / Unsubsidized Student Loans: Undergraduate / Subsidy Rate (Percent)b",fiscal_year,2026,2026,2026,28,7
Student Loans,Subsidy Rate (Percent)b,2027,20.0,Percent,51310-2023-05-studentloan.xlsx,T3-NewLoans-FCRA_05-2023,true,51310,"Total Direct Student Loan Program (New Loans Only), Federal Credit Reform Act Estimates / Unsubsidized Student Loans: Undergraduate / Subsidy Rate (Percent)b",fiscal_year,2027,2027,2027,28,8
Student Loans,Subsidy Rate (Percent)b,2028,20.0,Percent,51310-2023-05-studentloan.xlsx,T3-NewLoans-FCRA_05-2023,true,51310,"Total Direct Student Loan Program (New Loans Only), Federal Credit Reform Act Estimates / Unsubsidized Student Loans: Undergraduate / Subsidy Rate (Percent)b",fiscal_year,2028,2028,2028,28,9
Student Loans,Subsidy Rate (Percent)b,2029,19.5,Percent,51310-2023-05-studentloan.xlsx,T3-NewLoans-FCRA_05-2023,true,51310,"Total Direct Student Loan Program (New Loans Only), Federal Credit Reform Act Estimates / Unsubsidized Student Loans: Undergraduate / Subsidy Rate (Percent)b",fiscal_year,2029,2029,2029,28,10
Student Loans,Subsidy Rate (Percent)b,2030,19.5,Percent,51310-2023-05-studentloan.xlsx,T3-NewLoans-FCRA_05-2023,true,51310,"Total Direct Student Loan Program (New Loans Only), Federal Credit Reform Act Estimates / Unsubsidized Student Loans: Undergraduate / Subsidy Rate (Percent)b",fiscal_year,2030,2030,2030,28,11
Student Loans,Subsidy Rate (Percent)b,2031,19.6,Percent,51310-2023-05-studentloan.xlsx,T3-NewLoans-FCRA_05-2023,true,51310,"Total Direct Student Loan Program (New Loans Only), Federal Credit Reform Act Estimates / Unsubsidized Student Loans: Undergraduate / Subsidy Rate (Percent)b",fiscal_year,2031,2031,2031,28,12
Student Loans,Subsidy Rate (Percent)b,2032,19.5,Percent,51310-2023-05-studentloan.xlsx,T3-NewLoans-FCRA_05-2023,true,51310,"Total Direct Student Loan Program (New Loans Only), Federal Credit Reform Act Estimates / Unsubsidized Student Loans: Undergraduate / Subsidy Rate (Percent)b",fiscal_year,2032,2032,2032,28,13
Student Loans,Subsidy Rate (Percent)b,2033,19.3,Percent,51310-2023-05-studentloan.xlsx,T3-NewLoans-FCRA_05-2023,true,51310,"Total Direct Student Loan Program (New Loans Only), Federal Credit Reform Act Estimates / Unsubsidized Student Loans: Undergraduate / Subsidy Rate (Percent)b",fiscal_year,2033,2033,2033,28,14
Student Loans,Net Annual Loan Volume (Millions of dollars),2023,27950.0,Millions of dollars,51310-2023-05-studentloan.xlsx,T3-NewLoans-FCRA_05-2023,true,51310,"Total Direct Student Loan Program (New Loans Only), Federal Credit Reform Act Estimates / Unsubsidized Student Loans: Graduate / Net Annual Loan Volume (Millions of dollars)",fiscal_year,2023,2023,2023,31,4
Student Loans,Net Annual Loan Volume (Millions of dollars),2024,28511.0,Millions of dollars,51310-2023-05-studentloan.xlsx,T3-NewLoans-FCRA_05-2023,true,51310,"Total Direct Student Loan Program (New Loans Only), Federal Credit Reform Act Estimates / Unsubsidized Student Loans: Graduate / Net Annual Loan Volume (Millions of dollars)",fiscal_year,2024,2024,2024,31,5
Student Loans,Net Annual Loan Volume (Millions of dollars),2025,29225.0,Millions of dollars,51310-2023-05-studentloan.xlsx,T3-NewLoans-FCRA_05-2023,true,51310,"Total Direct Student Loan Program (New Loans Only), Federal Credit Reform Act Estimates / Unsubsidized Student Loans: Graduate / Net Annual Loan Volume (Millions of dollars)",fiscal_year,2025,2025,2025,31,6
Student Loans,Net Annual Loan Volume (Millions of dollars),2026,29952.0,Millions of dollars,51310-2023-05-studentloan.xlsx,T3-NewLoans-FCRA_05-2023,true,51310,"Total Direct Student Loan Program (New Loans Only), Federal Credit Reform Act Estimates / Unsubsidized Student Loans: Graduate / Net Annual Loan Volume (Millions of dollars)",fiscal_year,2026,2026,2026,31,7
Student Loans,Net Annual Loan Volume (Millions of dollars),2027,30692.0,Millions of dollars,51310-2023-05-studentloan.xlsx,T3-NewLoans-FCRA_05-2023,true,51310,"Total Direct Student Loan Program (New Loans Only), Federal Credit Reform Act Estimates / Unsubsidized Student Loans: Graduate / Net Annual Loan Volume (Millions of dollars)",fiscal_year,2027,2027,2027,31,8
Student Loans,Net Annual Loan Volume (Millions of dollars),2028,31076.0,Millions of dollars,51310-2023-05-studentloan.xlsx,T3-NewLoans-FCRA_05-2023,true,51310,"Total Direct Student Loan Program (New Loans Only), Federal Credit Reform Act Estimates / Unsubsidized Student Loans: Graduate / Net Annual Loan Volume (Millions of dollars)",fiscal_year,2028,2028,2028,31,9
Student Loans,Net Annual Loan Volume (Millions of dollars),2029,31466.0,Millions of dollars,51310-2023-05-studentloan.xlsx,T3-NewLoans-FCRA_05-2023,true,51310,"Total Direct Student Loan Program (New Loans Only), Federal Credit Reform Act Estimates / Unsubsidized Student Loans: Graduate / Net Annual Loan Volume (Millions of dollars)",fiscal_year,2029,2029,2029,31,10
Student Loans,Net Annual Loan Volume (Millions of dollars),2030,31860.0,Millions of dollars,51310-2023-05-studentloan.xlsx,T3-NewLoans-FCRA_05-2023,true,51310,"Total Direct Student Loan Program (New Loans Only), Federal Credit Reform Act Estimates / Unsubsidized Student Loans: Graduate / Net Annual Loan Volume (Millions of dollars)",fiscal_year,2030,2030,2030,31,11
Student Loans,Net Annual Loan Volume (Millions of dollars),2031,32259.0,Millions of dollars,51310-2023-05-studentloan.xlsx,T3-NewLoans-FCRA_05-2023,true,51310,"Total Direct Student Loan Program (New Loans Only), Federal Credit Reform Act Estimates / Unsubsidized Student Loans: Graduate / Net Annual Loan Volume (Millions of dollars)",fiscal_year,2031,2031,2031,31,12
Student Loans,Net Annual Loan Volume (Millions of dollars),2032,32663.0,Millions of dollars,51310-2023-05-studentloan.xlsx,T3-NewLoans-FCRA_05-2023,true,51310,"Total Direct Student Loan Program (New Loans Only), Federal Credit Reform Act Estimates / Unsubsidized Student Loans: Graduate / Net Annual Loan Volume (Millions of dollars)",fiscal_year,2032,2032,2032,31,13
Student Loans,Net Annual Loan Volume (Millions of dollars),2033,33072.0,Millions of dollars,51310-2023-05-studentloan.xlsx,T3-NewLoans-FCRA_05-2023,true,51310,"Total Direct Student Loan Program (New Loans Only), Federal Credit Reform Act Estimates / Unsubsidized Student Loans: Graduate / Net Annual Loan Volume (Millions of dollars)",fiscal_year,2033,2033,2033,31,14
Student Loans,Net Number of Loans (Thousands),2023,1862.0,Thousands,51310-2023-05-studentloan.xlsx,T3-NewLoans-FCRA_05-2023,true,51310,"Total Direct Student Loan Program (New Loans Only), Federal Credit Reform Act Estimates / Unsubsidized Student Loans: Graduate / Net Number of Loans (Thousands)",fiscal_year,2023,2023,2023,32,4
Student Loans,Net Number of Loans (Thousands),2024,1874.0,Thousands,51310-2023-05-studentloan.xlsx,T3-NewLoans-FCRA_05-2023,true,51310,"Total Direct Student Loan Program (New Loans Only), Federal Credit Reform Act Estimates / Unsubsidized Student Loans: Graduate / Net Number of Loans (Thousands)",fiscal_year,2024,2024,2024,32,5
Student Loans,Net Number of Loans (Thousands),2025,1890.0,Thousands,51310-2023-05-studentloan.xlsx,T3-NewLoans-FCRA_05-2023,true,51310,"Total Direct Student Loan Program (New Loans Only), Federal Credit Reform Act Estimates / Unsubsidized Student Loans: Graduate / Net Number of Loans (Thousands)",fiscal_year,2025,2025,2025,32,6
Student Loans,Net Number of Loans (Thousands),2026,1907.0,Thousands,51310-2023-05-studentloan.xlsx,T3-NewLoans-FCRA_05-2023,true,51310,"Total Direct Student Loan Program (New Loans Only), Federal Credit Reform Act Estimates / Unsubsidized Student Loans: Graduate / Net Number of Loans (Thousands)",fiscal_year,2026,2026,2026,32,7
Student Loans,Net Number of Loans (Thousands),2027,1923.0,Thousands,51310-2023-05-studentloan.xlsx,T3-NewLoans-FCRA_05-2023,true,51310,"Total Direct Student Loan Program (New Loans Only), Federal Credit Reform Act Estimates / Unsubsidized Student Loans: Graduate / Net Number of Loans (Thousands)",fiscal_year,2027,2027,2027,32,8
Student Loans,Net Number of Loans (Thousands),2028,1928.0,Thousands,51310-2023-05-studentloan.xlsx,T3-NewLoans-FCRA_05-2023,true,51310,"Total Direct Student Loan Program (New Loans Only), Federal Credit Reform Act Estimates / Unsubsidized Student Loans: Graduate / Net Number of Loans (Thousands)",fiscal_year,2028,2028,2028,32,9
Student Loans,Net Number of Loans (Thousands),2029,1933.0,Thousands,51310-2023-05-studentloan.xlsx,T3-NewLoans-FCRA_05-2023,true,51310,"Total Direct Student Loan Program (New Loans Only), Federal Credit Reform Act Estimates / Unsubsidized Student Loans: Graduate / Net Number of Loans (Thousands)",fiscal_year,2029,2029,2029,32,10
Student Loans,Net Number of Loans (Thousands),2030,1938.0,Thousands,51310-2023-05-studentloan.xlsx,T3-NewLoans-FCRA_05-2023,true,51310,"Total Direct Student Loan Program (New Loans Only), Federal Credit Reform Act Estimates / Unsubsidized Student Loans: Graduate / Net Number of Loans (Thousands)",fiscal_year,2030,2030,2030,32,11
Student Loans,Net Number of Loans (Thousands),2031,1943.0,Thousands,51310-2023-05-studentloan.xlsx,T3-NewLoans-FCRA_05-2023,true,51310,"Total Direct Student Loan Program (New Loans Only), Federal Credit Reform Act Estimates / Unsubsidized Student Loans: Graduate / Net Number of Loans (Thousands)",fiscal_year,2031,2031,2031,32,12
Student Loans,Net Number of Loans (Thousands),2032,1947.0,Thousands,51310-2023-05-studentloan.xlsx,T3-NewLoans-FCRA_05-2023,true,51310,"Total Direct Student Loan Program (New Loans Only), Federal Credit Reform Act Estimates / Unsubsidized Student Loans: Graduate / Net Number of Loans (Thousands)",fiscal_year,2032,2032,2032,32,13
Student Loans,Net Number of Loans (Thousands),2033,1952.0,Thousands,51310-2023-05-studentloan.xlsx,T3-NewLoans-FCRA_05-2023,true,51310,"Total Direct Student Loan Program (New Loans Only), Federal Credit Reform Act Estimates / Unsubsidized Student Loans: Graduate / Net Number of Loans (Thousands)",fiscal_year,2033,2033,2033,32,14
Student Loans,Average Loan Amount (Dollars),2023,15011.0,Dollars,51310-2023-05-studentloan.xlsx,T3-NewLoans-FCRA_05-2023,true,51310,"Total Direct Student Loan Program (New Loans Only), Federal Credit Reform Act Estimates / Unsubsidized Student Loans: Graduate / Average Loan Amount (Dollars)",fiscal_year,2023,2023,2023,33,4
Student Loans,Average Loan Amount (Dollars),2024,15214.0,Dollars,51310-2023-05-studentloan.xlsx,T3-NewLoans-FCRA_05-2023,true,51310,"Total Direct Student Loan Program (New Loans Only), Federal Credit Reform Act Estimates / Unsubsidized Student Loans: Graduate / Average Loan Amount (Dollars)",fiscal_year,2024,2024,2024,33,5
Student Loans,Average Loan Amount (Dollars),2025,15463.0,Dollars,51310-2023-05-studentloan.xlsx,T3-NewLoans-FCRA_05-2023,true,51310,"Total Direct Student Loan Program (New Loans Only), Federal Credit Reform Act Estimates / Unsubsidized Student Loans: Graduate / Average Loan Amount (Dollars)",fiscal_year,2025,2025,2025,33,6
Student Loans,Average Loan Amount (Dollars),2026,15706.0,Dollars,51310-2023-05-studentloan.xlsx,T3-NewLoans-FCRA_05-2023,true,51310,"Total Direct Student Loan Program (New Loans Only), Federal Credit Reform Act Estimates / Unsubsidized Student Loans: Graduate / Average Loan Amount (Dollars)",fiscal_year,2026,2026,2026,33,7
Student Loans,Average Loan Amount (Dollars),2027,15960.0,Dollars,51310-2023-05-studentloan.xlsx,T3-NewLoans-FCRA_05-2023,true,51310,"Total Direct Student Loan Program (New Loans Only), Federal Credit Reform Act Estimates / Unsubsidized Student Loans: Graduate / Average Loan Amount (Dollars)",fiscal_year,2027,2027,2027,33,8
Student Loans,Average Loan Amount (Dollars),2028,16118.0,Dollars,51310-2023-05-studentloan.xlsx,T3-NewLoans-FCRA_05-2023,true,51310,"Total Direct Student Loan Program (New Loans Only), Federal Credit Reform Act Estimates / Unsubsidized Student Loans: Graduate / Average Loan Amount (Dollars)",fiscal_year,2028,2028,2028,33,9
Student Loans,Average Loan Amount (Dollars),2029,16278.0,Dollars,51310-2023-05-studentloan.xlsx,T3-NewLoans-FCRA_05-2023,true,51310,"Total Direct Student Loan Program (New Loans Only), Federal Credit Reform Act Estimates / Unsubsidized Student Loans: Graduate / Average Loan Amount (Dollars)",fiscal_year,2029,2029,2029,33,10
Student Loans,Average Loan Amount (Dollars),2030,16440.0,Dollars,51310-2023-05-studentloan.xlsx,T3-NewLoans-FCRA_05-2023,true,51310,"Total Direct Student Loan Program (New Loans Only), Federal Credit Reform Act Estimates / Unsubsidized Student Loans: Graduate / Average Loan Amount (Dollars)",fiscal_year,2030,2030,2030,33,11
Student Loans,Average Loan Amount (Dollars),2031,16603.0,Dollars,51310-2023-05-studentloan.xlsx,T3-NewLoans-FCRA_05-2023,true,51310,"Total Direct Student Loan Program (New Loans Only), Federal Credit Reform Act Estimates / Unsubsidized Student Loans: Graduate / Average Loan Amount (Dollars)",fiscal_year,2031,2031,2031,33,12
Student Loans,Average Loan Amount (Dollars),2032,16776.0,Dollars,51310-2023-05-studentloan.xlsx,T3-NewLoans-FCRA_05-2023,true,51310,"Total Direct Student Loan Program (New Loans Only), Federal Credit Reform Act Estimates / Unsubsidized Student Loans: Graduate / Average Loan Amount (Dollars)",fiscal_year,2032,2032,2032,33,13
Student Loans,Average Loan Amount (Dollars),2033,16943.0,Dollars,51310-2023-05-studentloan.xlsx,T3-NewLoans-FCRA_05-2023,true,51310,"Total Direct Student Loan Program (New Loans Only), Federal Credit Reform Act Estimates / Unsubsidized Student Loans: Graduate / Average Loan Amount (Dollars)",fiscal_year,2033,2033,2033,33,14
Student Loans,Subsidy Rate (Percent)b,2023,18.0,Percent,51310-2023-05-studentloan.xlsx,T3-NewLoans-FCRA_05-2023,true,51310,"Total Direct Student Loan Program (New Loans Only), Federal Credit Reform Act Estimates / Unsubsidized Student Loans: Graduate / Subsidy Rate (Percent)b",fiscal_year,2023,2023,2023,34,4
Student Loans,Subsidy Rate (Percent)b,2024,16.5,Percent,51310-2023-05-studentloan.xlsx,T3-NewLoans-FCRA_05-2023,true,51310,"Total Direct Student Loan Program (New Loans Only), Federal Credit Reform Act Estimates / Unsubsidized Student Loans: Graduate / Subsidy Rate (Percent)b",fiscal_year,2024,2024,2024,34,5
Student Loans,Subsidy Rate (Percent)b,2025,17.2,Percent,51310-2023-05-studentloan.xlsx,T3-NewLoans-FCRA_05-2023,true,51310,"Total Direct Student Loan Program (New Loans Only), Federal Credit Reform Act Estimates / Unsubsidized Student Loans: Graduate / Subsidy Rate (Percent)b",fiscal_year,2025,2025,2025,34,6
Student Loans,Subsidy Rate (Percent)b,2026,17.7,Percent,51310-2023-05-studentloan.xlsx,T3-NewLoans-FCRA_05-2023,true,51310,"Total Direct Student Loan Program (New Loans Only), Federal Credit Reform Act Estimates / Unsubsidized Student Loans: Graduate / Subsidy Rate (Percent)b",fiscal_year,2026,2026,2026,34,7
Student Loans,Subsidy Rate (Percent)b,2027,18.2,Percent,51310-2023-05-studentloan.xlsx,T3-NewLoans-FCRA_05-2023,true,51310,"Total Direct Student Loan Program (New Loans Only), Federal Credit Reform Act Estimates / Unsubsidized Student Loans: Graduate / Subsidy Rate (Percent)b",fiscal_year,2027,2027,2027,34,8
Student Loans,Subsidy Rate (Percent)b,2028,17.9,Percent,51310-2023-05-studentloan.xlsx,T3-NewLoans-FCRA_05-2023,true,51310,"Total Direct Student Loan Program (New Loans Only), Federal Credit Reform Act Estimates / Unsubsidized Student Loans: Graduate / Subsidy Rate (Percent)b",fiscal_year,2028,2028,2028,34,9
Student Loans,Subsidy Rate (Percent)b,2029,17.6,Percent,51310-2023-05-studentloan.xlsx,T3-NewLoans-FCRA_05-2023,true,51310,"Total Direct Student Loan Program (New Loans Only), Federal Credit Reform Act Estimates / Unsubsidized Student Loans: Graduate / Subsidy Rate (Percent)b",fiscal_year,2029,2029,2029,34,10
Student Loans,Subsidy Rate (Percent)b,2030,17.3,Percent,51310-2023-05-studentloan.xlsx,T3-NewLoans-FCRA_05-2023,true,51310,"Total Direct Student Loan Program (New Loans Only), Federal Credit Reform Act Estimates / Unsubsidized Student Loans: Graduate / Subsidy Rate (Percent)b",fiscal_year,2030,2030,2030,34,11
Student Loans,Subsidy Rate (Percent)b,2031,16.2,Percent,51310-2023-05-studentloan.xlsx,T3-NewLoans-FCRA_05-2023,true,51310,"Total Direct Student Loan Program (New Loans Only), Federal Credit Reform Act Estimates / Unsubsidized Student Loans: Graduate / Subsidy Rate (Percent)b",fiscal_year,2031,2031,2031,34,12
Student Loans,Subsidy Rate (Percent)b,2032,16.6,Percent,51310-2023-05-studentloan.xlsx,T3-NewLoans-FCRA_05-2023,true,51310,"Total Direct Student Loan Program (New Loans Only), Federal Credit Reform Act Estimates / Unsubsidized Student Loans: Graduate / Subsidy Rate (Percent)b",fiscal_year,2032,2032,2032,34,13
Student Loans,Subsidy Rate (Percent)b,2033,16.3,Percent,51310-2023-05-studentloan.xlsx,T3-NewLoans-FCRA_05-2023,true,51310,"Total Direct Student Loan Program (New Loans Only), Federal Credit Reform Act Estimates / Unsubsidized Student Loans: Graduate / Subsidy Rate (Percent)b",fiscal_year,2033,2033,2033,34,14
Student Loans,Net Annual Loan Volume (Millions of dollars),2023,13034.0,Millions of dollars,51310-2023-05-studentloan.xlsx,T3-NewLoans-FCRA_05-2023,true,51310,"Total Direct Student Loan Program (New Loans Only), Federal Credit Reform Act Estimates / GradPLUS Student Loans / Net Annual Loan Volume (Millions of dollars)",fiscal_year,2023,2023,2023,37,4
Student Loans,Net Annual Loan Volume (Millions of dollars),2024,13665.0,Millions of dollars,51310-2023-05-studentloan.xlsx,T3-NewLoans-FCRA_05-2023,true,51310,"Total Direct Student Loan Program (New Loans Only), Federal Credit Reform Act Estimates / GradPLUS Student Loans / Net Annual Loan Volume (Millions of dollars)",fiscal_year,2024,2024,2024,37,5
Student Loans,Net Annual Loan Volume (Millions of dollars),2025,14395.0,Millions of dollars,51310-2023-05-studentloan.xlsx,T3-NewLoans-FCRA_05-2023,true,51310,"Total Direct Student Loan Program (New Loans Only), Federal Credit Reform Act Estimates / GradPLUS Student Loans / Net Annual Loan Volume (Millions of dollars)",fiscal_year,2025,2025,2025,37,6
Student Loans,Net Annual Loan Volume (Millions of dollars),2026,15163.0,Millions of dollars,51310-2023-05-studentloan.xlsx,T3-NewLoans-FCRA_05-2023,true,51310,"Total Direct Student Loan Program (New Loans Only), Federal Credit Reform Act Estimates / GradPLUS Student Loans / Net Annual Loan Volume (Millions of dollars)",fiscal_year,2026,2026,2026,37,7
Student Loans,Net Annual Loan Volume (Millions of dollars),2027,15968.0,Millions of dollars,51310-2023-05-studentloan.xlsx,T3-NewLoans-FCRA_05-2023,true,51310,"Total Direct Student Loan Program (New Loans Only), Federal Credit Reform Act Estimates / GradPLUS Student Loans / Net Annual Loan Volume (Millions of dollars)",fiscal_year,2027,2027,2027,37,8
Student Loans,Net Annual Loan Volume (Millions of dollars),2028,16617.0,Millions of dollars,51310-2023-05-studentloan.xlsx,T3-NewLoans-FCRA_05-2023,true,51310,"Total Direct Student Loan Program (New Loans Only), Federal Credit Reform Act Estimates / GradPLUS Student Loans / Net Annual Loan Volume (Millions of dollars)",fiscal_year,2028,2028,2028,37,9
Student Loans,Net Annual Loan Volume (Millions of dollars),2029,17292.0,Millions of dollars,51310-2023-05-studentloan.xlsx,T3-NewLoans-FCRA_05-2023,true,51310,"Total Direct Student Loan Program (New Loans Only), Federal Credit Reform Act Estimates / GradPLUS Student Loans / Net Annual Loan Volume (Millions of dollars)",fiscal_year,2029,2029,2029,37,10
Student Loans,Net Annual Loan Volume (Millions of dollars),2030,17994.0,Millions of dollars,51310-2023-05-studentloan.xlsx,T3-NewLoans-FCRA_05-2023,true,51310,"Total Direct Student Loan Program (New Loans Only), Federal Credit Reform Act Estimates / GradPLUS Student Loans / Net Annual Loan Volume (Millions of dollars)",fiscal_year,2030,2030,2030,37,11
Student Loans,Net Annual Loan Volume (Millions of dollars),2031,18725.0,Millions of dollars,51310-2023-05-studentloan.xlsx,T3-NewLoans-FCRA_05-2023,true,51310,"Total Direct Student Loan Program (New Loans Only), Federal Credit Reform Act Estimates / GradPLUS Student Loans / Net Annual Loan Volume (Millions of dollars)",fiscal_year,2031,2031,2031,37,12
Student Loans,Net Annual Loan Volume (Millions of dollars),2032,19485.0,Millions of dollars,51310-2023-05-studentloan.xlsx,T3-NewLoans-FCRA_05-2023,true,51310,"Total Direct Student Loan Program (New Loans Only), Federal Credit Reform Act Estimates / GradPLUS Student Loans / Net Annual Loan Volume (Millions of dollars)",fiscal_year,2032,2032,2032,37,13
Student Loans,Net Annual Loan Volume (Millions of dollars),2033,20276.0,Millions of dollars,51310-2023-05-studentloan.xlsx,T3-NewLoans-FCRA_05-2023,true,51310,"Total Direct Student Loan Program (New Loans Only), Federal Credit Reform Act Estimates / GradPLUS Student Loans / Net Annual Loan Volume (Millions of dollars)",fiscal_year,2033,2033,2033,37,14
Student Loans,Net Number of Loans (Thousands),2023,622.0,Thousands,51310-2023-05-studentloan.xlsx,T3-NewLoans-FCRA_05-2023,true,51310,"Total Direct Student Loan Program (New Loans Only), Federal Credit Reform Act Estimates / GradPLUS Student Loans / Net Number of Loans (Thousands)",fiscal_year,2023,2023,2023,38,4
Student Loans,Net Number of Loans (Thousands),2024,631.0,Thousands,51310-2023-05-studentloan.xlsx,T3-NewLoans-FCRA_05-2023,true,51310,"Total Direct Student Loan Program (New Loans Only), Federal Credit Reform Act Estimates / GradPLUS Student Loans / Net Number of Loans (Thousands)",fiscal_year,2024,2024,2024,38,5
Student Loans,Net Number of Loans (Thousands),2025,642.0,Thousands,51310-2023-05-studentloan.xlsx,T3-NewLoans-FCRA_05-2023,true,51310,"Total Direct Student Loan Program (New Loans Only), Federal Credit Reform Act Estimates / GradPLUS Student Loans / Net Number of Loans (Thousands)",fiscal_year,2025,2025,2025,38,6
Student Loans,Net Number of Loans (Thousands),2026,652.0,Thousands,51310-2023-05-studentloan.xlsx,T3-NewLoans-FCRA_05-2023,true,51310,"Total Direct Student Loan Program (New Loans Only), Federal Credit Reform Act Estimates / GradPLUS Student Loans / Net Number of Loans (Thousands)",fiscal_year,2026,2026,2026,38,7
Student Loans,Net Number of Loans (Thousands),2027,663.0,Thousands,51310-2023-05-studentloan.xlsx,T3-NewLoans-FCRA_05-2023,true,51310,"Total Direct Student Loan Program (New Loans Only), Federal Credit Reform Act Estimates / GradPLUS Student Loans / Net Number of Loans (Thousands)",fiscal_year,2027,2027,2027,38,8
Student Loans,Net Number of Loans (Thousands),2028,670.0,Thousands,51310-2023-05-studentloan.xlsx,T3-NewLoans-FCRA_05-2023,true,51310,"Total Direct Student Loan Program (New Loans Only), Federal Credit Reform Act Estimates / GradPLUS Student Loans / Net Number of Loans (Thousands)",fiscal_year,2028,2028,2028,38,9
Student Loans,Net Number of Loans (Thousands),2029,677.0,Thousands,51310-2023-05-studentloan.xlsx,T3-NewLoans-FCRA_05-2023,true,51310,"Total Direct Student Loan Program (New Loans Only), Federal Credit Reform Act Estimates / GradPLUS Student Loans / Net Number of Loans (Thousands)",fiscal_year,2029,2029,2029,38,10
Student Loans,Net Number of Loans (Thousands),2030,684.0,Thousands,51310-2023-05-studentloan.xlsx,T3-NewLoans-FCRA_05-2023,true,51310,"Total Direct Student Loan Program (New Loans Only), Federal Credit Reform Act Estimates / GradPLUS Student Loans / Net Number of Loans (Thousands)",fiscal_year,2030,2030,2030,38,11
Student Loans,Net Number of Loans (Thousands),2031,691.0,Thousands,51310-2023-05-studentloan.xlsx,T3-NewLoans-FCRA_05-2023,true,51310,"Total Direct Student Loan Program (New Loans Only), Federal Credit Reform Act Estimates / GradPLUS Student Loans / Net Number of Loans (Thousands)",fiscal_year,2031,2031,2031,38,12
Student Loans,Net Number of Loans (Thousands),2032,698.0,Thousands,51310-2023-05-studentloan.xlsx,T3-NewLoans-FCRA_05-2023,true,51310,"Total Direct Student Loan Program (New Loans Only), Federal Credit Reform Act Estimates / GradPLUS Student Loans / Net Number of Loans (Thousands)",fiscal_year,2032,2032,2032,38,13
Student Loans,Net Number of Loans (Thousands),2033,705.0,Thousands,51310-2023-05-studentloan.xlsx,T3-NewLoans-FCRA_05-2023,true,51310,"Total Direct Student Loan Program (New Loans Only), Federal Credit Reform Act Estimates / GradPLUS Student Loans / Net Number of Loans (Thousands)",fiscal_year,2033,2033,2033,38,14
Student Loans,Average Loan Amount (Dollars),2023,20955.0,Dollars,51310-2023-05-studentloan.xlsx,T3-NewLoans-FCRA_05-2023,true,51310,"Total Direct Student Loan Program (New Loans Only), Federal Credit Reform Act Estimates / GradPLUS Student Loans / Average Loan Amount (Dollars)",fiscal_year,2023,2023,2023,39,4
Student Loans,Average Loan Amount (Dollars),2024,21656.0,Dollars,51310-2023-05-studentloan.xlsx,T3-NewLoans-FCRA_05-2023,true,51310,"Total Direct Student Loan Program (New Loans Only), Federal Credit Reform Act Estimates / GradPLUS Student Loans / Average Loan Amount (Dollars)",fiscal_year,2024,2024,2024,39,5
Student Loans,Average Loan Amount (Dollars),2025,22422.0,Dollars,51310-2023-05-studentloan.xlsx,T3-NewLoans-FCRA_05-2023,true,51310,"Total Direct Student Loan Program (New Loans Only), Federal Credit Reform Act Estimates / GradPLUS Student Loans / Average Loan Amount (Dollars)",fiscal_year,2025,2025,2025,39,6
Student Loans,Average Loan Amount (Dollars),2026,23256.0,Dollars,51310-2023-05-studentloan.xlsx,T3-NewLoans-FCRA_05-2023,true,51310,"Total Direct Student Loan Program (New Loans Only), Federal Credit Reform Act Estimates / GradPLUS Student Loans / Average Loan Amount (Dollars)",fiscal_year,2026,2026,2026,39,7
Student Loans,Average Loan Amount (Dollars),2027,24084.0,Dollars,51310-2023-05-studentloan.xlsx,T3-NewLoans-FCRA_05-2023,true,51310,"Total Direct Student Loan Program (New Loans Only), Federal Credit Reform Act Estimates / GradPLUS Student Loans / Average Loan Amount (Dollars)",fiscal_year,2027,2027,2027,39,8
Student Loans,Average Loan Amount (Dollars),2028,24801.0,Dollars,51310-2023-05-studentloan.xlsx,T3-NewLoans-FCRA_05-2023,true,51310,"Total Direct Student Loan Program (New Loans Only), Federal Credit Reform Act Estimates / GradPLUS Student Loans / Average Loan Amount (Dollars)",fiscal_year,2028,2028,2028,39,9
Student Loans,Average Loan Amount (Dollars),2029,25542.0,Dollars,51310-2023-05-studentloan.xlsx,T3-NewLoans-FCRA_05-2023,true,51310,"Total Direct Student Loan Program (New Loans Only), Federal Credit Reform Act Estimates / GradPLUS Student Loans / Average Loan Amount (Dollars)",fiscal_year,2029,2029,2029,39,10
Student Loans,Average Loan Amount (Dollars),2030,26307.0,Dollars,51310-2023-05-studentloan.xlsx,T3-NewLoans-FCRA_05-2023,true,51310,"Total Direct Student Loan Program (New Loans Only), Federal Credit Reform Act Estimates / GradPLUS Student Loans / Average Loan Amount (Dollars)",fiscal_year,2030,2030,2030,39,11
Student Loans,Average Loan Amount (Dollars),2031,27098.0,Dollars,51310-2023-05-studentloan.xlsx,T3-NewLoans-FCRA_05-2023,true,51310,"Total Direct Student Loan Program (New Loans Only), Federal Credit Reform Act Estimates / GradPLUS Student Loans / Average Loan Amount (Dollars)",fiscal_year,2031,2031,2031,39,12
Student Loans,Average Loan Amount (Dollars),2032,27915.0,Dollars,51310-2023-05-studentloan.xlsx,T3-NewLoans-FCRA_05-2023,true,51310,"Total Direct Student Loan Program (New Loans Only), Federal Credit Reform Act Estimates / GradPLUS Student Loans / Average Loan Amount (Dollars)",fiscal_year,2032,2032,2032,39,13
Student Loans,Average Loan Amount (Dollars),2033,28760.0,Dollars,51310-2023-05-studentloan.xlsx,T3-NewLoans-FCRA_05-2023,true,51310,"Total Direct Student Loan Program (New Loans Only), Federal Credit Reform Act Estimates / GradPLUS Student Loans / Average Loan Amount (Dollars)",fiscal_year,2033,2033,2033,39,14
Student Loans,Subsidy Rate (Percent)b,2023,23.8,Percent,51310-2023-05-studentloan.xlsx,T3-NewLoans-FCRA_05-2023,true,51310,"Total Direct Student Loan Program (New Loans Only), Federal Credit Reform Act Estimates / GradPLUS Student Loans / Subsidy Rate (Percent)b",fiscal_year,2023,2023,2023,40,4
Student Loans,Subsidy Rate (Percent)b,2024,23.6,Percent,51310-2023-05-studentloan.xlsx,T3-NewLoans-FCRA_05-2023,true,51310,"Total Direct Student Loan Program (New Loans Only), Federal Credit Reform Act Estimates / GradPLUS Student Loans / Subsidy Rate (Percent)b",fiscal_year,2024,2024,2024,40,5
Student Loans,Subsidy Rate (Percent)b,2025,25.3,Percent,51310-2023-05-studentloan.xlsx,T3-NewLoans-FCRA_05-2023,true,51310,"Total Direct Student Loan Program (New Loans Only), Federal Credit Reform Act Estimates / GradPLUS Student Loans / Subsidy Rate (Percent)b",fiscal_year,2025,2025,2025,40,6
Student Loans,Subsidy Rate (Percent)b,2026,26.5,Percent,51310-2023-05-studentloan.xlsx,T3-NewLoans-FCRA_05-2023,true,51310,"Total Direct Student Loan Program (New Loans Only), Federal Credit Reform Act Estimates / GradPLUS Student Loans / Subsidy Rate (Percent)b",fiscal_year,2026,2026,2026,40,7
Student Loans,Subsidy Rate (Percent)b,2027,27.7,Percent,51310-2023-05-studentloan.xlsx,T3-NewLoans-FCRA_05-2023,true,51310,"Total Direct Student Loan Program (New Loans Only), Federal Credit Reform Act Estimates / GradPLUS Student Loans / Subsidy Rate (Percent)b",fiscal_year,2027,2027,2027,40,8
Student Loans,Subsidy Rate (Percent)b,2028,27.3,Percent,51310-2023-05-studentloan.xlsx,T3-NewLoans-FCRA_05-2023,true,51310,"Total Direct Student Loan Program (New Loans Only), Federal Credit Reform Act Estimates / GradPLUS Student Loans / Subsidy Rate (Percent)b",fiscal_year,2028,2028,2028,40,9
Student Loans,Subsidy Rate (Percent)b,2029,26.5,Percent,51310-2023-05-studentloan.xlsx,T3-NewLoans-FCRA_05-2023,true,51310,"Total Direct Student Loan Program (New Loans Only), Federal Credit Reform Act Estimates / GradPLUS Student Loans / Subsidy Rate (Percent)b",fiscal_year,2029,2029,2029,40,10
Student Loans,Subsidy Rate (Percent)b,2030,25.6,Percent,51310-2023-05-studentloan.xlsx,T3-NewLoans-FCRA_05-2023,true,51310,"Total Direct Student Loan Program (New Loans Only), Federal Credit Reform Act Estimates / GradPLUS Student Loans / Subsidy Rate (Percent)b",fiscal_year,2030,2030,2030,40,11
Student Loans,Subsidy Rate (Percent)b,2031,25.3,Percent,51310-2023-05-studentloan.xlsx,T3-NewLoans-FCRA_05-2023,true,51310,"Total Direct Student Loan Program (New Loans Only), Federal Credit Reform Act Estimates / GradPLUS Student Loans / Subsidy Rate (Percent)b",fiscal_year,2031,2031,2031,40,12
Student Loans,Subsidy Rate (Percent)b,2032,25.7,Percent,51310-2023-05-studentloan.xlsx,T3-NewLoans-FCRA_05-2023,true,51310,"Total Direct Student Loan Program (New Loans Only), Federal Credit Reform Act Estimates / GradPLUS Student Loans / Subsidy Rate (Percent)b",fiscal_year,2032,2032,2032,40,13
Student Loans,Subsidy Rate (Percent)b,2033,25.5,Percent,51310-2023-05-studentloan.xlsx,T3-NewLoans-FCRA_05-2023,true,51310,"Total Direct Student Loan Program (New Loans Only), Federal Credit Reform Act Estimates / GradPLUS Student Loans / Subsidy Rate (Percent)b",fiscal_year,2033,2033,2033,40,14
Student Loans,Net Annual Loan Volume (Millions of dollars),2023,10595.0,Millions of dollars,51310-2023-05-studentloan.xlsx,T3-NewLoans-FCRA_05-2023,true,51310,"Total Direct Student Loan Program (New Loans Only), Federal Credit Reform Act Estimates / Parent Loans / Net Annual Loan Volume (Millions of dollars)",fiscal_year,2023,2023,2023,43,4
Student Loans,Net Annual Loan Volume (Millions of dollars),2024,10861.0,Millions of dollars,51310-2023-05-studentloan.xlsx,T3-NewLoans-FCRA_05-2023,true,51310,"Total Direct Student Loan Program (New Loans Only), Federal Credit Reform Act Estimates / Parent Loans / Net Annual Loan Volume (Millions of dollars)",fiscal_year,2024,2024,2024,43,5
Student Loans,Net Annual Loan Volume (Millions of dollars),2025,11112.0,Millions of dollars,51310-2023-05-studentloan.xlsx,T3-NewLoans-FCRA_05-2023,true,51310,"Total Direct Student Loan Program (New Loans Only), Federal Credit Reform Act Estimates / Parent Loans / Net Annual Loan Volume (Millions of dollars)",fiscal_year,2025,2025,2025,43,6
Student Loans,Net Annual Loan Volume (Millions of dollars),2026,11368.0,Millions of dollars,51310-2023-05-studentloan.xlsx,T3-NewLoans-FCRA_05-2023,true,51310,"Total Direct Student Loan Program (New Loans Only), Federal Credit Reform Act Estimates / Parent Loans / Net Annual Loan Volume (Millions of dollars)",fiscal_year,2026,2026,2026,43,7
Student Loans,Net Annual Loan Volume (Millions of dollars),2027,11630.0,Millions of dollars,51310-2023-05-studentloan.xlsx,T3-NewLoans-FCRA_05-2023,true,51310,"Total Direct Student Loan Program (New Loans Only), Federal Credit Reform Act Estimates / Parent Loans / Net Annual Loan Volume (Millions of dollars)",fiscal_year,2027,2027,2027,43,8
Student Loans,Net Annual Loan Volume (Millions of dollars),2028,11898.0,Millions of dollars,51310-2023-05-studentloan.xlsx,T3-NewLoans-FCRA_05-2023,true,51310,"Total Direct Student Loan Program (New Loans Only), Federal Credit Reform Act Estimates / Parent Loans / Net Annual Loan Volume (Millions of dollars)",fiscal_year,2028,2028,2028,43,9
Student Loans,Net Annual Loan Volume (Millions of dollars),2029,12173.0,Millions of dollars,51310-2023-05-studentloan.xlsx,T3-NewLoans-FCRA_05-2023,true,51310,"Total Direct Student Loan Program (New Loans Only), Federal Credit Reform Act Estimates / Parent Loans / Net Annual Loan Volume (Millions of dollars)",fiscal_year,2029,2029,2029,43,10
Student Loans,Net Annual Loan Volume (Millions of dollars),2030,12454.0,Millions of dollars,51310-2023-05-studentloan.xlsx,T3-NewLoans-FCRA_05-2023,true,51310,"Total Direct Student Loan Program (New Loans Only), Federal Credit Reform Act Estimates / Parent Loans / Net Annual Loan Volume (Millions of dollars)",fiscal_year,2030,2030,2030,43,11
Student Loans,Net Annual Loan Volume (Millions of dollars),2031,12741.0,Millions of dollars,51310-2023-05-studentloan.xlsx,T3-NewLoans-FCRA_05-2023,true,51310,"Total Direct Student Loan Program (New Loans Only), Federal Credit Reform Act Estimates / Parent Loans / Net Annual Loan Volume (Millions of dollars)",fiscal_year,2031,2031,2031,43,12
Student Loans,Net Annual Loan Volume (Millions of dollars),2032,13034.0,Millions of dollars,51310-2023-05-studentloan.xlsx,T3-NewLoans-FCRA_05-2023,true,51310,"Total Direct Student Loan Program (New Loans Only), Federal Credit Reform Act Estimates / Parent Loans / Net Annual Loan Volume (Millions of dollars)",fiscal_year,2032,2032,2032,43,13
Student Loans,Net Annual Loan Volume (Millions of dollars),2033,13335.0,Millions of dollars,51310-2023-05-studentloan.xlsx,T3-NewLoans-FCRA_05-2023,true,51310,"Total Direct Student Loan Program (New Loans Only), Federal Credit Reform Act Estimates / Parent Loans / Net Annual Loan Volume (Millions of dollars)",fiscal_year,2033,2033,2033,43,14
Student Loans,Net Number of Loans (Thousands),2023,667.0,Thousands,51310-2023-05-studentloan.xlsx,T3-NewLoans-FCRA_05-2023,true,51310,"Total Direct Student Loan Program (New Loans Only), Federal Credit Reform Act Estimates / Parent Loans / Net Number of Loans (Thousands)",fiscal_year,2023,2023,2023,44,4
Student Loans,Net Number of Loans (Thousands),2024,671.0,Thousands,51310-2023-05-studentloan.xlsx,T3-NewLoans-FCRA_05-2023,true,51310,"Total Direct Student Loan Program (New Loans Only), Federal Credit Reform Act Estimates / Parent Loans / Net Number of Loans (Thousands)",fiscal_year,2024,2024,2024,44,5
Student Loans,Net Number of Loans (Thousands),2025,673.0,Thousands,51310-2023-05-studentloan.xlsx,T3-NewLoans-FCRA_05-2023,true,51310,"Total Direct Student Loan Program (New Loans Only), Federal Credit Reform Act Estimates / Parent Loans / Net Number of Loans (Thousands)",fiscal_year,2025,2025,2025,44,6
Student Loans,Net Number of Loans (Thousands),2026,675.0,Thousands,51310-2023-05-studentloan.xlsx,T3-NewLoans-FCRA_05-2023,true,51310,"Total Direct Student Loan Program (New Loans Only), Federal Credit Reform Act Estimates / Parent Loans / Net Number of Loans (Thousands)",fiscal_year,2026,2026,2026,44,7
Student Loans,Net Number of Loans (Thousands),2027,677.0,Thousands,51310-2023-05-studentloan.xlsx,T3-NewLoans-FCRA_05-2023,true,51310,"Total Direct Student Loan Program (New Loans Only), Federal Credit Reform Act Estimates / Parent Loans / Net Number of Loans (Thousands)",fiscal_year,2027,2027,2027,44,8
Student Loans,Net Number of Loans (Thousands),2028,679.0,Thousands,51310-2023-05-studentloan.xlsx,T3-NewLoans-FCRA_05-2023,true,51310,"Total Direct Student Loan Program (New Loans Only), Federal Credit Reform Act Estimates / Parent Loans / Net Number of Loans (Thousands)",fiscal_year,2028,2028,2028,44,9
Student Loans,Net Number of Loans (Thousands),2029,681.0,Thousands,51310-2023-05-studentloan.xlsx,T3-NewLoans-FCRA_05-2023,true,51310,"Total Direct Student Loan Program (New Loans Only), Federal Credit Reform Act Estimates / Parent Loans / Net Number of Loans (Thousands)",fiscal_year,2029,2029,2029,44,10
Student Loans,Net Number of Loans (Thousands),2030,683.0,Thousands,51310-2023-05-studentloan.xlsx,T3-NewLoans-FCRA_05-2023,true,51310,"Total Direct Student Loan Program (New Loans Only), Federal Credit Reform Act Estimates / Parent Loans / Net Number of Loans (Thousands)",fiscal_year,2030,2030,2030,44,11
Student Loans,Net Number of Loans (Thousands),2031,685.0,Thousands,51310-2023-05-studentloan.xlsx,T3-NewLoans-FCRA_05-2023,true,51310,"Total Direct Student Loan Program (New Loans Only), Federal Credit Reform Act Estimates / Parent Loans / Net Number of Loans (Thousands)",fiscal_year,2031,2031,2031,44,12
Student Loans,Net Number of Loans (Thousands),2032,687.0,Thousands,51310-2023-05-studentloan.xlsx,T3-NewLoans-FCRA_05-2023,true,51310,"Total Direct Student Loan Program (New Loans Only), Federal Credit Reform Act Estimates / Parent Loans / Net Number of Loans (Thousands)",fiscal_year,2032,2032,2032,44,13
Student Loans,Net Number of Loans (Thousands),2033,689.0,Thousands,51310-2023-05-studentloan.xlsx,T3-NewLoans-FCRA_05-2023,true,51310,"Total Direct Student Loan Program (New Loans Only), Federal Credit Reform Act Estimates / Parent Loans / Net Number of Loans (Thousands)",fiscal_year,2033,2033,2033,44,14
Student Loans,Average Loan Amount (Dollars),2023,15877.0,Dollars,51310-2023-05-studentloan.xlsx,T3-NewLoans-FCRA_05-2023,true,51310,"Total Direct Student Loan Program (New Loans Only), Federal Credit Reform Act Estimates / Parent Loans / Average Loan Amount (Dollars)",fiscal_year,2023,2023,2023,45,4
Student Loans,Average Loan Amount (Dollars),2024,16194.0,Dollars,51310-2023-05-studentloan.xlsx,T3-NewLoans-FCRA_05-2023,true,51310,"Total Direct Student Loan Program (New Loans Only), Federal Credit Reform Act Estimates / Parent Loans / Average Loan Amount (Dollars)",fiscal_year,2024,2024,2024,45,5
Student Loans,Average Loan Amount (Dollars),2025,16518.0,Dollars,51310-2023-05-studentloan.xlsx,T3-NewLoans-FCRA_05-2023,true,51310,"Total Direct Student Loan Program (New Loans Only), Federal Credit Reform Act Estimates / Parent Loans / Average Loan Amount (Dollars)",fiscal_year,2025,2025,2025,45,6
Student Loans,Average Loan Amount (Dollars),2026,16849.0,Dollars,51310-2023-05-studentloan.xlsx,T3-NewLoans-FCRA_05-2023,true,51310,"Total Direct Student Loan Program (New Loans Only), Federal Credit Reform Act Estimates / Parent Loans / Average Loan Amount (Dollars)",fiscal_year,2026,2026,2026,45,7
Student Loans,Average Loan Amount (Dollars),2027,17186.0,Dollars,51310-2023-05-studentloan.xlsx,T3-NewLoans-FCRA_05-2023,true,51310,"Total Direct Student Loan Program (New Loans Only), Federal Credit Reform Act Estimates / Parent Loans / Average Loan Amount (Dollars)",fiscal_year,2027,2027,2027,45,8
Student Loans,Average Loan Amount (Dollars),2028,17529.0,Dollars,51310-2023-05-studentloan.xlsx,T3-NewLoans-FCRA_05-2023,true,51310,"Total Direct Student Loan Program (New Loans Only), Federal Credit Reform Act Estimates / Parent Loans / Average Loan Amount (Dollars)",fiscal_year,2028,2028,2028,45,9
Student Loans,Average Loan Amount (Dollars),2029,17880.0,Dollars,51310-2023-05-studentloan.xlsx,T3-NewLoans-FCRA_05-2023,true,51310,"Total Direct Student Loan Program (New Loans Only), Federal Credit Reform Act Estimates / Parent Loans / Average Loan Amount (Dollars)",fiscal_year,2029,2029,2029,45,10
Student Loans,Average Loan Amount (Dollars),2030,18238.0,Dollars,51310-2023-05-studentloan.xlsx,T3-NewLoans-FCRA_05-2023,true,51310,"Total Direct Student Loan Program (New Loans Only), Federal Credit Reform Act Estimates / Parent Loans / Average Loan Amount (Dollars)",fiscal_year,2030,2030,2030,45,11
Student Loans,Average Loan Amount (Dollars),2031,18602.0,Dollars,51310-2023-05-studentloan.xlsx,T3-NewLoans-FCRA_05-2023,true,51310,"Total Direct Student Loan Program (New Loans Only), Federal Credit Reform Act Estimates / Parent Loans / Average Loan Amount (Dollars)",fiscal_year,2031,2031,2031,45,12
Student Loans,Average Loan Amount (Dollars),2032,18974.0,Dollars,51310-2023-05-studentloan.xlsx,T3-NewLoans-FCRA_05-2023,true,51310,"Total Direct Student Loan Program (New Loans Only), Federal Credit Reform Act Estimates / Parent Loans / Average Loan Amount (Dollars)",fiscal_year,2032,2032,2032,45,13
Student Loans,Average Loan Amount (Dollars),2033,19354.0,Dollars,51310-2023-05-studentloan.xlsx,T3-NewLoans-FCRA_05-2023,true,51310,"Total Direct Student Loan Program (New Loans Only), Federal Credit Reform Act Estimates / Parent Loans / Average Loan Amount (Dollars)",fiscal_year,2033,2033,2033,45,14
Student Loans,Subsidy Rate (Percent)b,2023,-11.3,Percent,51310-2023-05-studentloan.xlsx,T3-NewLoans-FCRA_05-2023,true,51310,"Total Direct Student Loan Program (New Loans Only), Federal Credit Reform Act Estimates / Parent Loans / Subsidy Rate (Percent)b",fiscal_year,2023,2023,2023,46,4
Student Loans,Subsidy Rate (Percent)b,2024,-16.2,Percent,51310-2023-05-studentloan.xlsx,T3-NewLoans-FCRA_05-2023,true,51310,"Total Direct Student Loan Program (New Loans Only), Federal Credit Reform Act Estimates / Parent Loans / Subsidy Rate (Percent)b",fiscal_year,2024,2024,2024,46,5
Student Loans,Subsidy Rate (Percent)b,2025,-16.2,Percent,51310-2023-05-studentloan.xlsx,T3-NewLoans-FCRA_05-2023,true,51310,"Total Direct Student Loan Program (New Loans Only), Federal Credit Reform Act Estimates / Parent Loans / Subsidy Rate (Percent)b",fiscal_year,2025,2025,2025,46,6
Student Loans,Subsidy Rate (Percent)b,2026,-15.9,Percent,51310-2023-05-studentloan.xlsx,T3-NewLoans-FCRA_05-2023,true,51310,"Total Direct Student Loan Program (New Loans Only), Federal Credit Reform Act Estimates / Parent Loans / Subsidy Rate (Percent)b",fiscal_year,2026,2026,2026,46,7
Student Loans,Subsidy Rate (Percent)b,2027,-15.6,Percent,51310-2023-05-studentloan.xlsx,T3-NewLoans-FCRA_05-2023,true,51310,"Total Direct Student Loan Program (New Loans Only), Federal Credit Reform Act Estimates / Parent Loans / Subsidy Rate (Percent)b",fiscal_year,2027,2027,2027,46,8
Student Loans,Subsidy Rate (Percent)b,2028,-15.3,Percent,51310-2023-05-studentloan.xlsx,T3-NewLoans-FCRA_05-2023,true,51310,"Total Direct Student Loan Program (New Loans Only), Federal Credit Reform Act Estimates / Parent Loans / Subsidy Rate (Percent)b",fiscal_year,2028,2028,2028,46,9
Student Loans,Subsidy Rate (Percent)b,2029,-15.1,Percent,51310-2023-05-studentloan.xlsx,T3-NewLoans-FCRA_05-2023,true,51310,"Total Direct Student Loan Program (New Loans Only), Federal Credit Reform Act Estimates / Parent Loans / Subsidy Rate (Percent)b",fiscal_year,2029,2029,2029,46,10
Student Loans,Subsidy Rate (Percent)b,2030,-15.0,Percent,51310-2023-05-studentloan.xlsx,T3-NewLoans-FCRA_05-2023,true,51310,"Total Direct Student Loan Program (New Loans Only), Federal Credit Reform Act Estimates / Parent Loans / Subsidy Rate (Percent)b",fiscal_year,2030,2030,2030,46,11
Student Loans,Subsidy Rate (Percent)b,2031,-14.9,Percent,51310-2023-05-studentloan.xlsx,T3-NewLoans-FCRA_05-2023,true,51310,"Total Direct Student Loan Program (New Loans Only), Federal Credit Reform Act Estimates / Parent Loans / Subsidy Rate (Percent)b",fiscal_year,2031,2031,2031,46,12
Student Loans,Subsidy Rate (Percent)b,2032,-14.6,Percent,51310-2023-05-studentloan.xlsx,T3-NewLoans-FCRA_05-2023,true,51310,"Total Direct Student Loan Program (New Loans Only), Federal Credit Reform Act Estimates / Parent Loans / Subsidy Rate (Percent)b",fiscal_year,2032,2032,2032,46,13
Student Loans,Subsidy Rate (Percent)b,2033,-14.6,Percent,51310-2023-05-studentloan.xlsx,T3-NewLoans-FCRA_05-2023,true,51310,"Total Direct Student Loan Program (New Loans Only), Federal Credit Reform Act Estimates / Parent Loans / Subsidy Rate (Percent)b",fiscal_year,2033,2033,2033,46,14
Student Loans,Budget Authority,2023,545.0,Millions of dollars,51310-2023-05-studentloan.xlsx,T4-Admin_05-2023,false,51310,Federal Student Aid Administration Costs / Administrative Account / Budget Authority,fiscal_year,2023,2023,2023,17,4
Student Loans,Budget Authority,2024,108.0,Millions of dollars,51310-2023-05-studentloan.xlsx,T4-Admin_05-2023,false,51310,Federal Student Aid Administration Costs / Administrative Account / Budget Authority,fiscal_year,2024,2024,2024,17,5
Student Loans,Budget Authority,2025,270.0,Millions of dollars,51310-2023-05-studentloan.xlsx,T4-Admin_05-2023,false,51310,Federal Student Aid Administration Costs / Administrative Account / Budget Authority,fiscal_year,2025,2025,2025,17,6
Student Loans,Budget Authority,2026,262.0,Millions of dollars,51310-2023-05-studentloan.xlsx,T4-Admin_05-2023,false,51310,Federal Student Aid Administration Costs / Administrative Account / Budget Authority,fiscal_year,2026,2026,2026,17,7
Student Loans,Budget Authority,2027,253.0,Millions of dollars,51310-2023-05-studentloan.xlsx,T4-Admin_05-2023,false,51310,Federal Student Aid Administration Costs / Administrative Account / Budget Authority,fiscal_year,2027,2027,2027,17,8
Student Loans,Budget Authority,2028,244.0,Millions of dollars,51310-2023-05-studentloan.xlsx,T4-Admin_05-2023,false,51310,Federal Student Aid Administration Costs / Administrative Account / Budget Authority,fiscal_year,2028,2028,2028,17,9
Student Loans,Budget Authority,2029,234.0,Millions of dollars,51310-2023-05-studentloan.xlsx,T4-Admin_05-2023,false,51310,Federal Student Aid Administration Costs / Administrative Account / Budget Authority,fiscal_year,2029,2029,2029,17,10
Student Loans,Budget Authority,2030,224.0,Millions of dollars,51310-2023-05-studentloan.xlsx,T4-Admin_05-2023,false,51310,Federal Student Aid Administration Costs / Administrative Account / Budget Authority,fiscal_year,2030,2030,2030,17,11
Student Loans,Budget Authority,2031,213.0,Millions of dollars,51310-2023-05-studentloan.xlsx,T4-Admin_05-2023,false,51310,Federal Student Aid Administration Costs / Administrative Account / Budget Authority,fiscal_year,2031,2031,2031,17,12
Student Loans,Budget Authority,2032,201.0,Millions of dollars,51310-2023-05-studentloan.xlsx,T4-Admin_05-2023,false,51310,Federal Student Aid Administration Costs / Administrative Account / Budget Authority,fiscal_year,2032,2032,2032,17,13
Student Loans,Budget Authority,2033,190.0,Millions of dollars,51310-2023-05-studentloan.xlsx,T4-Admin_05-2023,false,51310,Federal Student Aid Administration Costs / Administrative Account / Budget Authority,fiscal_year,2033,2033,2033,17,14
Student Loans,Outlays,2023,721.0,Millions of dollars,51310-2023-05-studentloan.xlsx,T4-Admin_05-2023,false,51310,Federal Student Aid Administration Costs / Administrative Account / Outlays,fiscal_year,2023,2023,2023,18,4
Student Loans,Outlays,2024,232.0,Millions of dollars,51310-2023-05-studentloan.xlsx,T4-Admin_05-2023,false,51310,Federal Student Aid Administration Costs / Administrative Account / Outlays,fiscal_year,2024,2024,2024,18,5
Student Loans,Outlays,2025,240.0,Millions of dollars,51310-2023-05-studentloan.xlsx,T4-Admin_05-2023,false,51310,Federal Student Aid Administration Costs / Administrative Account / Outlays,fiscal_year,2025,2025,2025,18,6
Student Loans,Outlays,2026,264.0,Millions of dollars,51310-2023-05-studentloan.xlsx,T4-Admin_05-2023,false,51310,Federal Student Aid Administration Costs / Administrative Account / Outlays,fiscal_year,2026,2026,2026,18,7
Student Loans,Outlays,2027,256.0,Millions of dollars,51310-2023-05-studentloan.xlsx,T4-Admin_05-2023,false,51310,Federal Student Aid Administration Costs / Administrative Account / Outlays,fiscal_year,2027,2027,2027,18,8
Student Loans,Outlays,2028,246.0,Millions of dollars,51310-2023-05-studentloan.xlsx,T4-Admin_05-2023,false,51310,Federal Student Aid Administration Costs / Administrative Account / Outlays,fiscal_year,2028,2028,2028,18,9
Student Loans,Outlays,2029,237.0,Millions of dollars,51310-2023-05-studentloan.xlsx,T4-Admin_05-2023,false,51310,Federal Student Aid Administration Costs / Administrative Account / Outlays,fiscal_year,2029,2029,2029,18,10
Student Loans,Outlays,2030,227.0,Millions of dollars,51310-2023-05-studentloan.xlsx,T4-Admin_05-2023,false,51310,Federal Student Aid Administration Costs / Administrative Account / Outlays,fiscal_year,2030,2030,2030,18,11
Student Loans,Outlays,2031,216.0,Millions of dollars,51310-2023-05-studentloan.xlsx,T4-Admin_05-2023,false,51310,Federal Student Aid Administration Costs / Administrative Account / Outlays,fiscal_year,2031,2031,2031,18,12
Student Loans,Outlays,2032,204.0,Millions of dollars,51310-2023-05-studentloan.xlsx,T4-Admin_05-2023,false,51310,Federal Student Aid Administration Costs / Administrative Account / Outlays,fiscal_year,2032,2032,2032,18,13
Student Loans,Outlays,2033,193.0,Millions of dollars,51310-2023-05-studentloan.xlsx,T4-Admin_05-2023,false,51310,Federal Student Aid Administration Costs / Administrative Account / Outlays,fiscal_year,2033,2033,2033,18,14
Student Loans,Budget Authority,2023,-75.0,Millions of dollars,51310-2023-05-studentloan.xlsx,T4-Admin_05-2023,false,51310,Federal Student Aid Administration Costs / Default Prevention Fee Paid to Guaranty Agenciesa / Budget Authority,fiscal_year,2023,2023,2023,20,4
Student Loans,Budget Authority,2024,10.0,Millions of dollars,51310-2023-05-studentloan.xlsx,T4-Admin_05-2023,false,51310,Federal Student Aid Administration Costs / Default Prevention Fee Paid to Guaranty Agenciesa / Budget Authority,fiscal_year,2024,2024,2024,20,5
Student Loans,Budget Authority,2025,10.0,Millions of dollars,51310-2023-05-studentloan.xlsx,T4-Admin_05-2023,false,51310,Federal Student Aid Administration Costs / Default Prevention Fee Paid to Guaranty Agenciesa / Budget Authority,fiscal_year,2025,2025,2025,20,6
Student Loans,Budget Authority,2026,8.0,Millions of dollars,51310-2023-05-studentloan.xlsx,T4-Admin_05-2023,false,51310,Federal Student Aid Administration Costs / Default Prevention Fee Paid to Guaranty Agenciesa / Budget Authority,fiscal_year,2026,2026,2026,20,7
Student Loans,Budget Authority,2027,8.0,Millions of dollars,51310-2023-05-studentloan.xlsx,T4-Admin_05-2023,false,51310,Federal Student Aid Administration Costs / Default Prevention Fee Paid to Guaranty Agenciesa / Budget Authority,fiscal_year,2027,2027,2027,20,8
Student Loans,Budget Authority,2028,7.0,Millions of dollars,51310-2023-05-studentloan.xlsx,T4-Admin_05-2023,false,51310,Federal Student Aid Administration Costs / Default Prevention Fee Paid to Guaranty Agenciesa / Budget Authority,fiscal_year,2028,2028,2028,20,9
Student Loans,Budget Authority,2029,7.0,Millions of dollars,51310-2023-05-studentloan.xlsx,T4-Admin_05-2023,false,51310,Federal Student Aid Administration Costs / Default Prevention Fee Paid to Guaranty Agenciesa / Budget Authority,fiscal_year,2029,2029,2029,20,10
Student Loans,Budget Authority,2030,6.0,Millions of dollars,51310-2023-05-studentloan.xlsx,T4-Admin_05-2023,false,51310,Federal Student Aid Administration Costs / Default Prevention Fee Paid to Guaranty Agenciesa / Budget Authority,fiscal_year,2030,2030,2030,20,11
Student Loans,Budget Authority,2031,6.0,Millions of dollars,51310-2023-05-studentloan.xlsx,T4-Admin_05-2023,false,51310,Federal Student Aid Administration Costs / Default Prevention Fee Paid to Guaranty Agenciesa / Budget Authority,fiscal_year,2031,2031,2031,20,12
Student Loans,Budget Authority,2032,5.0,Millions of dollars,51310-2023-05-studentloan.xlsx,T4-Admin_05-2023,false,51310,Federal Student Aid Administration Costs / Default Prevention Fee Paid to Guaranty Agenciesa / Budget Authority,fiscal_year,2032,2032,2032,20,13
Student Loans,Budget Authority,2033,5.0,Millions of dollars,51310-2023-05-studentloan.xlsx,T4-Admin_05-2023,false,51310,Federal Student Aid Administration Costs / Default Prevention Fee Paid to Guaranty Agenciesa / Budget Authority,fiscal_year,2033,2033,2033,20,14
Student Loans,Outlays,2023,-75.0,Millions of dollars,51310-2023-05-studentloan.xlsx,T4-Admin_05-2023,false,51310,Federal Student Aid Administration Costs / Default Prevention Fee Paid to Guaranty Agenciesa / Outlays,fiscal_year,2023,2023,2023,21,4
Student Loans,Outlays,2024,10.0,Millions of dollars,51310-2023-05-studentloan.xlsx,T4-Admin_05-2023,false,51310,Federal Student Aid Administration Costs / Default Prevention Fee Paid to Guaranty Agenciesa / Outlays,fiscal_year,2024,2024,2024,21,5
Student Loans,Outlays,2025,10.0,Millions of dollars,51310-2023-05-studentloan.xlsx,T4-Admin_05-2023,false,51310,Federal Student Aid Administration Costs / Default Prevention Fee Paid to Guaranty Agenciesa / Outlays,fiscal_year,2025,2025,2025,21,6
Student Loans,Outlays,2026,8.0,Millions of dollars,51310-2023-05-studentloan.xlsx,T4-Admin_05-2023,false,51310,Federal Student Aid Administration Costs / Default Prevention Fee Paid to Guaranty Agenciesa / Outlays,fiscal_year,2026,2026,2026,21,7
Student Loans,Outlays,2027,8.0,Millions of dollars,51310-2023-05-studentloan.xlsx,T4-Admin_05-2023,false,51310,Federal Student Aid Administration Costs / Default Prevention Fee Paid to Guaranty Agenciesa / Outlays,fiscal_year,2027,2027,2027,21,8
Student Loans,Outlays,2028,7.0,Millions of dollars,51310-2023-05-studentloan.xlsx,T4-Admin_05-2023,false,51310,Federal Student Aid Administration Costs / Default Prevention Fee Paid to Guaranty Agenciesa / Outlays,fiscal_year,2028,2028,2028,21,9
Student Loans,Outlays,2029,7.0,Millions of dollars,51310-2023-05-studentloan.xlsx,T4-Admin_05-2023,false,51310,Federal Student Aid Administration Costs / Default Prevention Fee Paid to Guaranty Agenciesa / Outlays,fiscal_year,2029,2029,2029,21,10
Student Loans,Outlays,2030,6.0,Millions of dollars,51310-2023-05-studentloan.xlsx,T4-Admin_05-2023,false,51310,Federal Student Aid Administration Costs / Default Prevention Fee Paid to Guaranty Agenciesa / Outlays,fiscal_year,2030,2030,2030,21,11
Student Loans,Outlays,2031,6.0,Millions of dollars,51310-2023-05-studentloan.xlsx,T4-Admin_05-2023,false,51310,Federal Student Aid Administration Costs / Default Prevention Fee Paid to Guaranty Agenciesa / Outlays,fiscal_year,2031,2031,2031,21,12
Student Loans,Outlays,2032,5.0,Millions of dollars,51310-2023-05-studentloan.xlsx,T4-Admin_05-2023,false,51310,Federal Student Aid Administration Costs / Default Prevention Fee Paid to Guaranty Agenciesa / Outlays,fiscal_year,2032,2032,2032,21,13
Student Loans,Outlays,2033,5.0,Millions of dollars,51310-2023-05-studentloan.xlsx,T4-Admin_05-2023,false,51310,Federal Student Aid Administration Costs / Default Prevention Fee Paid to Guaranty Agenciesa / Outlays,fiscal_year,2033,2033,2033,21,14
Student Loans,Budget Authority,2023,0.0,Millions of dollars,51310-2023-05-studentloan.xlsx,T4-Admin_05-2023,false,51310,Federal Student Aid Administration Costs / Loan Collection Costs on Pre-1992 Loansa / Budget Authority,fiscal_year,2023,2023,2023,23,4
Student Loans,Budget Authority,2024,0.0,Millions of dollars,51310-2023-05-studentloan.xlsx,T4-Admin_05-2023,false,51310,Federal Student Aid Administration Costs / Loan Collection Costs on Pre-1992 Loansa / Budget Authority,fiscal_year,2024,2024,2024,23,5
Student Loans,Budget Authority,2025,0.0,Millions of dollars,51310-2023-05-studentloan.xlsx,T4-Admin_05-2023,false,51310,Federal Student Aid Administration Costs / Loan Collection Costs on Pre-1992 Loansa / Budget Authority,fiscal_year,2025,2025,2025,23,6
Student Loans,Budget Authority,2026,0.0,Millions of dollars,51310-2023-05-studentloan.xlsx,T4-Admin_05-2023,false,51310,Federal Student Aid Administration Costs / Loan Collection Costs on Pre-1992 Loansa / Budget Authority,fiscal_year,2026,2026,2026,23,7
Student Loans,Budget Authority,2027,0.0,Millions of dollars,51310-2023-05-studentloan.xlsx,T4-Admin_05-2023,false,51310,Federal Student Aid Administration Costs / Loan Collection Costs on Pre-1992 Loansa / Budget Authority,fiscal_year,2027,2027,2027,23,8
Student Loans,Budget Authority,2028,0.0,Millions of dollars,51310-2023-05-studentloan.xlsx,T4-Admin_05-2023,false,51310,Federal Student Aid Administration Costs / Loan Collection Costs on Pre-1992 Loansa / Budget Authority,fiscal_year,2028,2028,2028,23,9
Student Loans,Budget Authority,2029,0.0,Millions of dollars,51310-2023-05-studentloan.xlsx,T4-Admin_05-2023,false,51310,Federal Student Aid Administration Costs / Loan Collection Costs on Pre-1992 Loansa / Budget Authority,fiscal_year,2029,2029,2029,23,10
Student Loans,Budget Authority,2030,0.0,Millions of dollars,51310-2023-05-studentloan.xlsx,T4-Admin_05-2023,false,51310,Federal Student Aid Administration Costs / Loan Collection Costs on Pre-1992 Loansa / Budget Authority,fiscal_year,2030,2030,2030,23,11
Student Loans,Budget Authority,2031,0.0,Millions of dollars,51310-2023-05-studentloan.xlsx,T4-Admin_05-2023,false,51310,Federal Student Aid Administration Costs / Loan Collection Costs on Pre-1992 Loansa / Budget Authority,fiscal_year,2031,2031,2031,23,12
Student Loans,Budget Authority,2032,0.0,Millions of dollars,51310-2023-05-studentloan.xlsx,T4-Admin_05-2023,false,51310,Federal Student Aid Administration Costs / Loan Collection Costs on Pre-1992 Loansa / Budget Authority,fiscal_year,2032,2032,2032,23,13
Student Loans,Budget Authority,2033,0.0,Millions of dollars,51310-2023-05-studentloan.xlsx,T4-Admin_05-2023,false,51310,Federal Student Aid Administration Costs / Loan Collection Costs on Pre-1992 Loansa / Budget Authority,fiscal_year,2033,2033,2033,23,14
Student Loans,Outlays,2023,0.0,Millions of dollars,51310-2023-05-studentloan.xlsx,T4-Admin_05-2023,false,51310,Federal Student Aid Administration Costs / Loan Collection Costs on Pre-1992 Loansa / Outlays,fiscal_year,2023,2023,2023,24,4
Student Loans,Outlays,2024,1.0,Millions of dollars,51310-2023-05-studentloan.xlsx,T4-Admin_05-2023,false,51310,Federal Student Aid Administration Costs / Loan Collection Costs on Pre-1992 Loansa / Outlays,fiscal_year,2024,2024,2024,24,5
Student Loans,Outlays,2025,4.0,Millions of dollars,51310-2023-05-studentloan.xlsx,T4-Admin_05-2023,false,51310,Federal Student Aid Administration Costs / Loan Collection Costs on Pre-1992 Loansa / Outlays,fiscal_year,2025,2025,2025,24,6
Student Loans,Outlays,2026,4.0,Millions of dollars,51310-2023-05-studentloan.xlsx,T4-Admin_05-2023,false,51310,Federal Student Aid Administration Costs / Loan Collection Costs on Pre-1992 Loansa / Outlays,fiscal_year,2026,2026,2026,24,7
Student Loans,Outlays,2027,4.0,Millions of dollars,51310-2023-05-studentloan.xlsx,T4-Admin_05-2023,false,51310,Federal Student Aid Administration Costs / Loan Collection Costs on Pre-1992 Loansa / Outlays,fiscal_year,2027,2027,2027,24,8
Student Loans,Outlays,2028,3.0,Millions of dollars,51310-2023-05-studentloan.xlsx,T4-Admin_05-2023,false,51310,Federal Student Aid Administration Costs / Loan Collection Costs on Pre-1992 Loansa / Outlays,fiscal_year,2028,2028,2028,24,9
Student Loans,Outlays,2029,3.0,Millions of dollars,51310-2023-05-studentloan.xlsx,T4-Admin_05-2023,false,51310,Federal Student Aid Administration Costs / Loan Collection Costs on Pre-1992 Loansa / Outlays,fiscal_year,2029,2029,2029,24,10
Student Loans,Outlays,2030,3.0,Millions of dollars,51310-2023-05-studentloan.xlsx,T4-Admin_05-2023,false,51310,Federal Student Aid Administration Costs / Loan Collection Costs on Pre-1992 Loansa / Outlays,fiscal_year,2030,2030,2030,24,11
Student Loans,Outlays,2031,3.0,Millions of dollars,51310-2023-05-studentloan.xlsx,T4-Admin_05-2023,false,51310,Federal Student Aid Administration Costs / Loan Collection Costs on Pre-1992 Loansa / Outlays,fiscal_year,2031,2031,2031,24,12
Student Loans,Outlays,2032,2.0,Millions of dollars,51310-2023-05-studentloan.xlsx,T4-Admin_05-2023,false,51310,Federal Student Aid Administration Costs / Loan Collection Costs on Pre-1992 Loansa / Outlays,fiscal_year,2032,2032,2032,24,13
Student Loans,Outlays,2033,2.0,Millions of dollars,51310-2023-05-studentloan.xlsx,T4-Admin_05-2023,false,51310,Federal Student Aid Administration Costs / Loan Collection Costs on Pre-1992 Loansa / Outlays,fiscal_year,2033,2033,2033,24,14
Student Loans,Budget Authority,2023,470.0,Millions of dollars,51310-2023-05-studentloan.xlsx,T4-Admin_05-2023,true,51310,"Federal Student Aid Administration Costs / Subtotal, Mandatory Guaranteed Loans / Budget Authority",fiscal_year,2023,2023,2023,26,4
Student Loans,Budget Authority,2024,118.0,Millions of dollars,51310-2023-05-studentloan.xlsx,T4-Admin_05-2023,true,51310,"Federal Student Aid Administration Costs / Subtotal, Mandatory Guaranteed Loans / Budget Authority",fiscal_year,2024,2024,2024,26,5
Student Loans,Budget Authority,2025,280.0,Millions of dollars,51310-2023-05-studentloan.xlsx,T4-Admin_05-2023,true,51310,"Federal Student Aid Administration Costs / Subtotal, Mandatory Guaranteed Loans / Budget Authority",fiscal_year,2025,2025,2025,26,6
Student Loans,Budget Authority,2026,270.0,Millions of dollars,51310-2023-05-studentloan.xlsx,T4-Admin_05-2023,true,51310,"Federal Student Aid Administration Costs / Subtotal, Mandatory Guaranteed Loans / Budget Authority",fiscal_year,2026,2026,2026,26,7
Student Loans,Budget Authority,2027,261.0,Millions of dollars,51310-2023-05-studentloan.xlsx,T4-Admin_05-2023,true,51310,"Federal Student Aid Administration Costs / Subtotal, Mandatory Guaranteed Loans / Budget Authority",fiscal_year,2027,2027,2027,26,8
Student Loans,Budget Authority,2028,251.0,Millions of dollars,51310-2023-05-studentloan.xlsx,T4-Admin_05-2023,true,51310,"Federal Student Aid Administration Costs / Subtotal, Mandatory Guaranteed Loans / Budget Authority",fiscal_year,2028,2028,2028,26,9
Student Loans,Budget Authority,2029,241.0,Millions of dollars,51310-2023-05-studentloan.xlsx,T4-Admin_05-2023,true,51310,"Federal Student Aid Administration Costs / Subtotal, Mandatory Guaranteed Loans / Budget Authority",fiscal_year,2029,2029,2029,26,10
Student Loans,Budget Authority,2030,230.0,Millions of dollars,51310-2023-05-studentloan.xlsx,T4-Admin_05-2023,true,51310,"Federal Student Aid Administration Costs / Subtotal, Mandatory Guaranteed Loans / Budget Authority",fiscal_year,2030,2030,2030,26,11
Student Loans,Budget Authority,2031,219.0,Millions of dollars,51310-2023-05-studentloan.xlsx,T4-Admin_05-2023,true,51310,"Federal Student Aid Administration Costs / Subtotal, Mandatory Guaranteed Loans / Budget Authority",fiscal_year,2031,2031,2031,26,12
Student Loans,Budget Authority,2032,206.0,Millions of dollars,51310-2023-05-studentloan.xlsx,T4-Admin_05-2023,true,51310,"Federal Student Aid Administration Costs / Subtotal, Mandatory Guaranteed Loans / Budget Authority",fiscal_year,2032,2032,2032,26,13
Student Loans,Budget Authority,2033,195.0,Millions of dollars,51310-2023-05-studentloan.xlsx,T4-Admin_05-2023,true,51310,"Federal Student Aid Administration Costs / Subtotal, Mandatory Guaranteed Loans / Budget Authority",fiscal_year,2033,2033,2033,26,14
Student Loans,Outlays,2023,646.0,Millions of dollars,51310-2023-05-studentloan.xlsx,T4-Admin_05-2023,true,51310,"Federal Student Aid Administration Costs / Subtotal, Mandatory Guaranteed Loans / Outlays",fiscal_year,2023,2023,2023,27,4
Student Loans,Outlays,2024,243.0,Millions of dollars,51310-2023-05-studentloan.xlsx,T4-Admin_05-2023,true,51310,"Federal Student Aid Administration Costs / Subtotal, Mandatory Guaranteed Loans / Outlays",fiscal_year,2024,2024,2024,27,5
Student Loans,Outlays,2025,254.0,Millions of dollars,51310-2023-05-studentloan.xlsx,T4-Admin_05-2023,true,51310,"Federal Student Aid Administration Costs / Subtotal, Mandatory Guaranteed Loans / Outlays",fiscal_year,2025,2025,2025,27,6
Student Loans,Outlays,2026,276.0,Millions of dollars,51310-2023-05-studentloan.xlsx,T4-Admin_05-2023,true,51310,"Federal Student Aid Administration Costs / Subtotal, Mandatory Guaranteed Loans / Outlays",fiscal_year,2026,2026,2026,27,7
Student Loans,Outlays,2027,268.0,Millions of dollars,51310-2023-05-studentloan.xlsx,T4-Admin_05-2023,true,51310,"Federal Student Aid Administration Costs / Subtotal, Mandatory Guaranteed Loans / Outlays",fiscal_year,2027,2027,2027,27,8
Student Loans,Outlays,2028,256.0,Millions of dollars,51310-2023-05-studentloan.xlsx,T4-Admin_05-2023,true,51310,"Federal Student Aid Administration Costs / Subtotal, Mandatory Guaranteed Loans / Outlays",fiscal_year,2028,2028,2028,27,9
Student Loans,Outlays,2029,247.0,Millions of dollars,51310-2023-05-studentloan.xlsx,T4-Admin_05-2023,true,51310,"Federal Student Aid Administration Costs / Subtotal, Mandatory Guaranteed Loans / Outlays",fiscal_year,2029,2029,2029,27,10
Student Loans,Outlays,2030,236.0,Millions of dollars,51310-2023-05-studentloan.xlsx,T4-Admin_05-2023,true,51310,"Federal Student Aid Administration Costs / Subtotal, Mandatory Guaranteed Loans / Outlays",fiscal_year,2030,2030,2030,27,11
Student Loans,Outlays,2031,225.0,Millions of dollars,51310-2023-05-studentloan.xlsx,T4-Admin_05-2023,true,51310,"Federal Student Aid Administration Costs / Subtotal, Mandatory Guaranteed Loans / Outlays",fiscal_year,2031,2031,2031,27,12
Student Loans,Outlays,2032,211.0,Millions of dollars,51310-2023-05-studentloan.xlsx,T4-Admin_05-2023,true,51310,"Federal Student Aid Administration Costs / Subtotal, Mandatory Guaranteed Loans / Outlays",fiscal_year,2032,2032,2032,27,13
Student Loans,Outlays,2033,200.0,Millions of dollars,51310-2023-05-studentloan.xlsx,T4-Admin_05-2023,true,51310,"Federal Student Aid Administration Costs / Subtotal, Mandatory Guaranteed Loans / Outlays",fiscal_year,2033,2033,2033,27,14
Student Loans,Budget Authority,2023,137.0,Millions of dollars,51310-2023-05-studentloan.xlsx,T4-Admin_05-2023,false,51310,Federal Student Aid Administration Costs / Administrative Account / Budget Authority,fiscal_year,2023,2023,2023,31,4
Student Loans,Budget Authority,2024,482.0,Millions of dollars,51310-2023-05-studentloan.xlsx,T4-Admin_05-2023,false,51310,Federal Student Aid Administration Costs / Administrative Account / Budget Authority,fiscal_year,2024,2024,2024,31,5
Student Loans,Budget Authority,2025,498.0,Millions of dollars,51310-2023-05-studentloan.xlsx,T4-Admin_05-2023,false,51310,Federal Student Aid Administration Costs / Administrative Account / Budget Authority,fiscal_year,2025,2025,2025,31,6
Student Loans,Budget Authority,2026,512.0,Millions of dollars,51310-2023-05-studentloan.xlsx,T4-Admin_05-2023,false,51310,Federal Student Aid Administration Costs / Administrative Account / Budget Authority,fiscal_year,2026,2026,2026,31,7
Student Loans,Budget Authority,2027,525.0,Millions of dollars,51310-2023-05-studentloan.xlsx,T4-Admin_05-2023,false,51310,Federal Student Aid Administration Costs / Administrative Account / Budget Authority,fiscal_year,2027,2027,2027,31,8
Student Loans,Budget Authority,2028,539.0,Millions of dollars,51310-2023-05-studentloan.xlsx,T4-Admin_05-2023,false,51310,Federal Student Aid Administration Costs / Administrative Account / Budget Authority,fiscal_year,2028,2028,2028,31,9
Student Loans,Budget Authority,2029,553.0,Millions of dollars,51310-2023-05-studentloan.xlsx,T4-Admin_05-2023,false,51310,Federal Student Aid Administration Costs / Administrative Account / Budget Authority,fiscal_year,2029,2029,2029,31,10
Student Loans,Budget Authority,2030,568.0,Millions of dollars,51310-2023-05-studentloan.xlsx,T4-Admin_05-2023,false,51310,Federal Student Aid Administration Costs / Administrative Account / Budget Authority,fiscal_year,2030,2030,2030,31,11
Student Loans,Budget Authority,2031,583.0,Millions of dollars,51310-2023-05-studentloan.xlsx,T4-Admin_05-2023,false,51310,Federal Student Aid Administration Costs / Administrative Account / Budget Authority,fiscal_year,2031,2031,2031,31,12
Student Loans,Budget Authority,2032,595.0,Millions of dollars,51310-2023-05-studentloan.xlsx,T4-Admin_05-2023,false,51310,Federal Student Aid Administration Costs / Administrative Account / Budget Authority,fiscal_year,2032,2032,2032,31,13
Student Loans,Budget Authority,2033,608.0,Millions of dollars,51310-2023-05-studentloan.xlsx,T4-Admin_05-2023,false,51310,Federal Student Aid Administration Costs / Administrative Account / Budget Authority,fiscal_year,2033,2033,2033,31,14
Student Loans,Outlays,2023,147.0,Millions of dollars,51310-2023-05-studentloan.xlsx,T4-Admin_05-2023,false,51310,Federal Student Aid Administration Costs / Administrative Account / Outlays,fiscal_year,2023,2023,2023,32,4
Student Loans,Outlays,2024,411.0,Millions of dollars,51310-2023-05-studentloan.xlsx,T4-Admin_05-2023,false,51310,Federal Student Aid Administration Costs / Administrative Account / Outlays,fiscal_year,2024,2024,2024,32,5
Student Loans,Outlays,2025,504.0,Millions of dollars,51310-2023-05-studentloan.xlsx,T4-Admin_05-2023,false,51310,Federal Student Aid Administration Costs / Administrative Account / Outlays,fiscal_year,2025,2025,2025,32,6
Student Loans,Outlays,2026,508.0,Millions of dollars,51310-2023-05-studentloan.xlsx,T4-Admin_05-2023,false,51310,Federal Student Aid Administration Costs / Administrative Account / Outlays,fiscal_year,2026,2026,2026,32,7
Student Loans,Outlays,2027,522.0,Millions of dollars,51310-2023-05-studentloan.xlsx,T4-Admin_05-2023,false,51310,Federal Student Aid Administration Costs / Administrative Account / Outlays,fiscal_year,2027,2027,2027,32,8
Student Loans,Outlays,2028,535.0,Millions of dollars,51310-2023-05-studentloan.xlsx,T4-Admin_05-2023,false,51310,Federal Student Aid Administration Costs / Administrative Account / Outlays,fiscal_year,2028,2028,2028,32,9
Student Loans,Outlays,2029,549.0,Millions of dollars,51310-2023-05-studentloan.xlsx,T4-Admin_05-2023,false,51310,Federal Student Aid Administration Costs / Administrative Account / Outlays,fiscal_year,2029,2029,2029,32,10
Student Loans,Outlays,2030,564.0,Millions of dollars,51310-2023-05-studentloan.xlsx,T4-Admin_05-2023,false,51310,Federal Student Aid Administration Costs / Administrative Account / Outlays,fiscal_year,2030,2030,2030,32,11
Student Loans,Outlays,2031,579.0,Millions of dollars,51310-2023-05-studentloan.xlsx,T4-Admin_05-2023,false,51310,Federal Student Aid Administration Costs / Administrative Account / Outlays,fiscal_year,2031,2031,2031,32,12
Student Loans,Outlays,2032,592.0,Millions of dollars,51310-2023-05-studentloan.xlsx,T4-Admin_05-2023,false,51310,Federal Student Aid Administration Costs / Administrative Account / Outlays,fiscal_year,2032,2032,2032,32,13
Student Loans,Outlays,2033,605.0,Millions of dollars,51310-2023-05-studentloan.xlsx,T4-Admin_05-2023,false,51310,Federal Student Aid Administration Costs / Administrative Account / Outlays,fiscal_year,2033,2033,2033,32,14
Student Loans,Budget Authority,2023,2034.0,Millions of dollars,51310-2023-05-studentloan.xlsx,T4-Admin_05-2023,false,51310,Federal Student Aid Administration Costs / Discretionary Administrative Costsb / Budget Authority,fiscal_year,2023,2023,2023,35,4
Student Loans,Budget Authority,2024,2099.0,Millions of dollars,51310-2023-05-studentloan.xlsx,T4-Admin_05-2023,false,51310,Federal Student Aid Administration Costs / Discretionary Administrative Costsb / Budget Authority,fiscal_year,2024,2024,2024,35,5
Student Loans,Budget Authority,2025,2151.0,Millions of dollars,51310-2023-05-studentloan.xlsx,T4-Admin_05-2023,false,51310,Federal Student Aid Administration Costs / Discretionary Administrative Costsb / Budget Authority,fiscal_year,2025,2025,2025,35,6
Student Loans,Budget Authority,2026,2202.0,Millions of dollars,51310-2023-05-studentloan.xlsx,T4-Admin_05-2023,false,51310,Federal Student Aid Administration Costs / Discretionary Administrative Costsb / Budget Authority,fiscal_year,2026,2026,2026,35,7
Student Loans,Budget Authority,2027,2254.0,Millions of dollars,51310-2023-05-studentloan.xlsx,T4-Admin_05-2023,false,51310,Federal Student Aid Administration Costs / Discretionary Administrative Costsb / Budget Authority,fiscal_year,2027,2027,2027,35,8
Student Loans,Budget Authority,2028,2307.0,Millions of dollars,51310-2023-05-studentloan.xlsx,T4-Admin_05-2023,false,51310,Federal Student Aid Administration Costs / Discretionary Administrative Costsb / Budget Authority,fiscal_year,2028,2028,2028,35,9
Student Loans,Budget Authority,2029,2359.0,Millions of dollars,51310-2023-05-studentloan.xlsx,T4-Admin_05-2023,false,51310,Federal Student Aid Administration Costs / Discretionary Administrative Costsb / Budget Authority,fiscal_year,2029,2029,2029,35,10
Student Loans,Budget Authority,2030,2414.0,Millions of dollars,51310-2023-05-studentloan.xlsx,T4-Admin_05-2023,false,51310,Federal Student Aid Administration Costs / Discretionary Administrative Costsb / Budget Authority,fiscal_year,2030,2030,2030,35,11
Student Loans,Budget Authority,2031,2469.0,Millions of dollars,51310-2023-05-studentloan.xlsx,T4-Admin_05-2023,false,51310,Federal Student Aid Administration Costs / Discretionary Administrative Costsb / Budget Authority,fiscal_year,2031,2031,2031,35,12
Student Loans,Budget Authority,2032,2525.0,Millions of dollars,51310-2023-05-studentloan.xlsx,T4-Admin_05-2023,false,51310,Federal Student Aid Administration Costs / Discretionary Administrative Costsb / Budget Authority,fiscal_year,2032,2032,2032,35,13
Student Loans,Budget Authority,2033,2584.0,Millions of dollars,51310-2023-05-studentloan.xlsx,T4-Admin_05-2023,false,51310,Federal Student Aid Administration Costs / Discretionary Administrative Costsb / Budget Authority,fiscal_year,2033,2033,2033,35,14
Student Loans,Outlays,2023,2010.0,Millions of dollars,51310-2023-05-studentloan.xlsx,T4-Admin_05-2023,false,51310,Federal Student Aid Administration Costs / Discretionary Administrative Costsb / Outlays,fiscal_year,2023,2023,2023,36,4
Student Loans,Outlays,2024,2064.0,Millions of dollars,51310-2023-05-studentloan.xlsx,T4-Admin_05-2023,false,51310,Federal Student Aid Administration Costs / Discretionary Administrative Costsb / Outlays,fiscal_year,2024,2024,2024,36,5
Student Loans,Outlays,2025,2119.0,Millions of dollars,51310-2023-05-studentloan.xlsx,T4-Admin_05-2023,false,51310,Federal Student Aid Administration Costs / Discretionary Administrative Costsb / Outlays,fiscal_year,2025,2025,2025,36,6
Student Loans,Outlays,2026,2169.0,Millions of dollars,51310-2023-05-studentloan.xlsx,T4-Admin_05-2023,false,51310,Federal Student Aid Administration Costs / Discretionary Administrative Costsb / Outlays,fiscal_year,2026,2026,2026,36,7
Student Loans,Outlays,2027,2221.0,Millions of dollars,51310-2023-05-studentloan.xlsx,T4-Admin_05-2023,false,51310,Federal Student Aid Administration Costs / Discretionary Administrative Costsb / Outlays,fiscal_year,2027,2027,2027,36,8
Student Loans,Outlays,2028,2273.0,Millions of dollars,51310-2023-05-studentloan.xlsx,T4-Admin_05-2023,false,51310,Federal Student Aid Administration Costs / Discretionary Administrative Costsb / Outlays,fiscal_year,2028,2028,2028,36,9
Student Loans,Outlays,2029,2326.0,Millions of dollars,51310-2023-05-studentloan.xlsx,T4-Admin_05-2023,false,51310,Federal Student Aid Administration Costs / Discretionary Administrative Costsb / Outlays,fiscal_year,2029,2029,2029,36,10
Student Loans,Outlays,2030,2379.0,Millions of dollars,51310-2023-05-studentloan.xlsx,T4-Admin_05-2023,false,51310,Federal Student Aid Administration Costs / Discretionary Administrative Costsb / Outlays,fiscal_year,2030,2030,2030,36,11
Student Loans,Outlays,2031,2434.0,Millions of dollars,51310-2023-05-studentloan.xlsx,T4-Admin_05-2023,false,51310,Federal Student Aid Administration Costs / Discretionary Administrative Costsb / Outlays,fiscal_year,2031,2031,2031,36,12
Student Loans,Outlays,2032,2489.0,Millions of dollars,51310-2023-05-studentloan.xlsx,T4-Admin_05-2023,false,51310,Federal Student Aid Administration Costs / Discretionary Administrative Costsb / Outlays,fiscal_year,2032,2032,2032,36,13
Student Loans,Outlays,2033,2547.0,Millions of dollars,51310-2023-05-studentloan.xlsx,T4-Admin_05-2023,false,51310,Federal Student Aid Administration Costs / Discretionary Administrative Costsb / Outlays,fiscal_year,2033,2033,2033,36,14
Student Loans,Budget Authority,2023,2641.0,Millions of dollars,51310-2023-05-studentloan.xlsx,T4-Admin_05-2023,true,51310,Federal Student Aid Administration Costs / Total Administrative Costsa / Budget Authority,fiscal_year,2023,2023,2023,39,4
Student Loans,Budget Authority,2024,2699.0,Millions of dollars,51310-2023-05-studentloan.xlsx,T4-Admin_05-2023,true,51310,Federal Student Aid Administration Costs / Total Administrative Costsa / Budget Authority,fiscal_year,2024,2024,2024,39,5
Student Loans,Budget Authority,2025,2929.0,Millions of dollars,51310-2023-05-studentloan.xlsx,T4-Admin_05-2023,true,51310,Federal Student Aid Administration Costs / Total Administrative Costsa / Budget Authority,fiscal_year,2025,2025,2025,39,6
Student Loans,Budget Authority,2026,2984.0,Millions of dollars,51310-2023-05-studentloan.xlsx,T4-Admin_05-2023,true,51310,Federal Student Aid Administration Costs / Total Administrative Costsa / Budget Authority,fiscal_year,2026,2026,2026,39,7
Student Loans,Budget Authority,2027,3040.0,Millions of dollars,51310-2023-05-studentloan.xlsx,T4-Admin_05-2023,true,51310,Federal Student Aid Administration Costs / Total Administrative Costsa / Budget Authority,fiscal_year,2027,2027,2027,39,8
Student Loans,Budget Authority,2028,3097.0,Millions of dollars,51310-2023-05-studentloan.xlsx,T4-Admin_05-2023,true,51310,Federal Student Aid Administration Costs / Total Administrative Costsa / Budget Authority,fiscal_year,2028,2028,2028,39,9
Student Loans,Budget Authority,2029,3153.0,Millions of dollars,51310-2023-05-studentloan.xlsx,T4-Admin_05-2023,true,51310,Federal Student Aid Administration Costs / Total Administrative Costsa / Budget Authority,fiscal_year,2029,2029,2029,39,10
Student Loans,Budget Authority,2030,3212.0,Millions of dollars,51310-2023-05-studentloan.xlsx,T4-Admin_05-2023,true,51310,Federal Student Aid Administration Costs / Total Administrative Costsa / Budget Authority,fiscal_year,2030,2030,2030,39,11
Student Loans,Budget Authority,2031,3271.0,Millions of dollars,51310-2023-05-studentloan.xlsx,T4-Admin_05-2023,true,51310,Federal Student Aid Administration Costs / Total Administrative Costsa / Budget Authority,fiscal_year,2031,2031,2031,39,12
Student Loans,Budget Authority,2032,3326.0,Millions of dollars,51310-2023-05-studentloan.xlsx,T4-Admin_05-2023,true,51310,Federal Student Aid Administration Costs / Total Administrative Costsa / Budget Authority,fiscal_year,2032,2032,2032,39,13
Student Loans,Budget Authority,2033,3387.0,Millions of dollars,51310-2023-05-studentloan.xlsx,T4-Admin_05-2023,true,51310,Federal Student Aid Administration Costs / Total Administrative Costsa / Budget Authority,fiscal_year,2033,2033,2033,39,14
Student Loans,Outlays,2023,2803.0,Millions of dollars,51310-2023-05-studentloan.xlsx,T4-Admin_05-2023,true,51310,Federal Student Aid Administration Costs / Total Administrative Costsa / Outlays,fiscal_year,2023,2023,2023,40,4
Student Loans,Outlays,2024,2718.0,Millions of dollars,51310-2023-05-studentloan.xlsx,T4-Admin_05-2023,true,51310,Federal Student Aid Administration Costs / Total Administrative Costsa / Outlays,fiscal_year,2024,2024,2024,40,5
Student Loans,Outlays,2025,2877.0,Millions of dollars,51310-2023-05-studentloan.xlsx,T4-Admin_05-2023,true,51310,Federal Student Aid Administration Costs / Total Administrative Costsa / Outlays,fiscal_year,2025,2025,2025,40,6
Student Loans,Outlays,2026,2953.0,Millions of dollars,51310-2023-05-studentloan.xlsx,T4-Admin_05-2023,true,51310,Federal Student Aid Administration Costs / Total Administrative Costsa / Outlays,fiscal_year,2026,2026,2026,40,7
Student Loans,Outlays,2027,3011.0,Millions of dollars,51310-2023-05-studentloan.xlsx,T4-Admin_05-2023,true,51310,Federal Student Aid Administration Costs / Total Administrative Costsa / Outlays,fiscal_year,2027,2027,2027,40,8
Student Loans,Outlays,2028,3064.0,Millions of dollars,51310-2023-05-studentloan.xlsx,T4-Admin_05-2023,true,51310,Federal Student Aid Administration Costs / Total Administrative Costsa / Outlays,fiscal_year,2028,2028,2028,40,9
Student Loans,Outlays,2029,3122.0,Millions of dollars,51310-2023-05-studentloan.xlsx,T4-Admin_05-2023,true,51310,Federal Student Aid Administration Costs / Total Administrative Costsa / Outlays,fiscal_year,2029,2029,2029,40,10
Student Loans,Outlays,2030,3179.0,Millions of dollars,51310-2023-05-studentloan.xlsx,T4-Admin_05-2023,true,51310,Federal Student Aid Administration Costs / Total Administrative Costsa / Outlays,fiscal_year,2030,2030,2030,40,11
Student Loans,Outlays,2031,3238.0,Millions of dollars,51310-2023-05-studentloan.xlsx,T4-Admin_05-2023,true,51310,Federal Student Aid Administration Costs / Total Administrative Costsa / Outlays,fiscal_year,2031,2031,2031,40,12
Student Loans,Outlays,2032,3292.0,Millions of dollars,51310-2023-05-studentloan.xlsx,T4-Admin_05-2023,true,51310,Federal Student Aid Administration Costs / Total Administrative Costsa / Outlays,fiscal_year,2032,2032,2032,40,13
Student Loans,Outlays,2033,3352.0,Millions of dollars,51310-2023-05-studentloan.xlsx,T4-Admin_05-2023,true,51310,Federal Student Aid Administration Costs / Total Administrative Costsa / Outlays,fiscal_year,2033,2033,2033,40,14
Student Loans,10-year Treasury + 2.05% Capped 8.25%,,5.91,Percent,51310-2023-05-studentloan.xlsx,T5-IntRates_05-2023,false,51310,Federal Student Loan Programs: Projected Interest Rates / Subsidized and Unsubsidized Loans to Undergraduate Students / 10-year Treasury + 2.05% Capped 8.25%,award_year,2023,2024,2023-2024,14,4
Student Loans,10-year Treasury + 2.05% Capped 8.25%,,5.89,Percent,51310-2023-05-studentloan.xlsx,T5-IntRates_05-2023,false,51310,Federal Student Loan Programs: Projected Interest Rates / Subsidized and Unsubsidized Loans to Undergraduate Students / 10-year Treasury + 2.05% Capped 8.25%,award_year,2024,2025,2024-2025,14,5
Student Loans,10-year Treasury + 2.05% Capped 8.25%,,5.83,Percent,51310-2023-05-studentloan.xlsx,T5-IntRates_05-2023,false,51310,Federal Student Loan Programs: Projected Interest Rates / Subsidized and Unsubsidized Loans to Undergraduate Students / 10-year Treasury + 2.05% Capped 8.25%,award_year,2025,2026,2025-2026,14,6
Student Loans,10-year Treasury + 2.05% Capped 8.25%,,5.83,Percent,51310-2023-05-studentloan.xlsx,T5-IntRates_05-2023,false,51310,Federal Student Loan Programs: Projected Interest Rates / Subsidized and Unsubsidized Loans to Undergraduate Students / 10-year Treasury + 2.05% Capped 8.25%,award_year,2026,2027,2026-2027,14,7
Student Loans,10-year Treasury + 2.05% Capped 8.25%,,5.83,Percent,51310-2023-05-studentloan.xlsx,T5-IntRates_05-2023,false,51310,Federal Student Loan Programs: Projected Interest Rates / Subsidized and Unsubsidized Loans to Undergraduate Students / 10-year Treasury + 2.05% Capped 8.25%,award_year,2027,2028,2027-2028,14,8
Student Loans,10-year Treasury + 2.05% Capped 8.25%,,5.84,Percent,51310-2023-05-studentloan.xlsx,T5-IntRates_05-2023,false,51310,Federal Student Loan Programs: Projected Interest Rates / Subsidized and Unsubsidized Loans to Undergraduate Students / 10-year Treasury + 2.05% Capped 8.25%,award_year,2028,2029,2028-2029,14,9
Student Loans,10-year Treasury + 2.05% Capped 8.25%,,5.84,Percent,51310-2023-05-studentloan.xlsx,T5-IntRates_05-2023,false,51310,Federal Student Loan Programs: Projected Interest Rates / Subsidized and Unsubsidized Loans to Undergraduate Students / 10-year Treasury + 2.05% Capped 8.25%,award_year,2029,2030,2029-2030,14,10
Student Loans,10-year Treasury + 2.05% Capped 8.25%,,5.85,Percent,51310-2023-05-studentloan.xlsx,T5-IntRates_05-2023,false,51310,Federal Student Loan Programs: Projected Interest Rates / Subsidized and Unsubsidized Loans to Undergraduate Students / 10-year Treasury + 2.05% Capped 8.25%,award_year,2030,2031,2030-2031,14,11
Student Loans,10-year Treasury + 2.05% Capped 8.25%,,5.85,Percent,51310-2023-05-studentloan.xlsx,T5-IntRates_05-2023,false,51310,Federal Student Loan Programs: Projected Interest Rates / Subsidized and Unsubsidized Loans to Undergraduate Students / 10-year Treasury + 2.05% Capped 8.25%,award_year,2031,2032,2031-2032,14,12
Student Loans,10-year Treasury + 2.05% Capped 8.25%,,5.85,Percent,51310-2023-05-studentloan.xlsx,T5-IntRates_05-2023,false,51310,Federal Student Loan Programs: Projected Interest Rates / Subsidized and Unsubsidized Loans to Undergraduate Students / 10-year Treasury + 2.05% Capped 8.25%,award_year,2032,2033,2032-2033,14,13
Student Loans,10-year Treasury + 2.05% Capped 8.25%,,5.86,Percent,51310-2023-05-studentloan.xlsx,T5-IntRates_05-2023,false,51310,Federal Student Loan Programs: Projected Interest Rates / Subsidized and Unsubsidized Loans to Undergraduate Students / 10-year Treasury + 2.05% Capped 8.25%,award_year,2033,2034,2033-2034,14,14
Student Loans,10-year Treasury + 3.60% Capped 9.50%,,7.46,Percent,51310-2023-05-studentloan.xlsx,T5-IntRates_05-2023,false,51310,Federal Student Loan Programs: Projected Interest Rates / Unsubsidized Loans to Graduate Students / 10-year Treasury + 3.60% Capped 9.50%,award_year,2023,2024,2023-2024,17,4
Student Loans,10-year Treasury + 3.60% Capped 9.50%,,7.44,Percent,51310-2023-05-studentloan.xlsx,T5-IntRates_05-2023,false,51310,Federal Student Loan Programs: Projected Interest Rates / Unsubsidized Loans to Graduate Students / 10-year Treasury + 3.60% Capped 9.50%,award_year,2024,2025,2024-2025,17,5
Student Loans,10-year Treasury + 3.60% Capped 9.50%,,7.38,Percent,51310-2023-05-studentloan.xlsx,T5-IntRates_05-2023,false,51310,Federal Student Loan Programs: Projected Interest Rates / Unsubsidized Loans to Graduate Students / 10-year Treasury + 3.60% Capped 9.50%,award_year,2025,2026,2025-2026,17,6
Student Loans,10-year Treasury + 3.60% Capped 9.50%,,7.38,Percent,51310-2023-05-studentloan.xlsx,T5-IntRates_05-2023,false,51310,Federal Student Loan Programs: Projected Interest Rates / Unsubsidized Loans to Graduate Students / 10-year Treasury + 3.60% Capped 9.50%,award_year,2026,2027,2026-2027,17,7
Student Loans,10-year Treasury + 3.60% Capped 9.50%,,7.38,Percent,51310-2023-05-studentloan.xlsx,T5-IntRates_05-2023,false,51310,Federal Student Loan Programs: Projected Interest Rates / Unsubsidized Loans to Graduate Students / 10-year Treasury + 3.60% Capped 9.50%,award_year,2027,2028,2027-2028,17,8
Student Loans,10-year Treasury + 3.60% Capped 9.50%,,7.39,Percent,51310-2023-05-studentloan.xlsx,T5-IntRates_05-2023,false,51310,Federal Student Loan Programs: Projected Interest Rates / Unsubsidized Loans to Graduate Students / 10-year Treasury + 3.60% Capped 9.50%,award_year,2028,2029,2028-2029,17,9
Student Loans,10-year Treasury + 3.60% Capped 9.50%,,7.39,Percent,51310-2023-05-studentloan.xlsx,T5-IntRates_05-2023,false,51310,Federal Student Loan Programs: Projected Interest Rates / Unsubsidized Loans to Graduate Students / 10-year Treasury + 3.60% Capped 9.50%,award_year,2029,2030,2029-2030,17,10
Student Loans,10-year Treasury + 3.60% Capped 9.50%,,7.4,Percent,51310-2023-05-studentloan.xlsx,T5-IntRates_05-2023,false,51310,Federal Student Loan Programs: Projected Interest Rates / Unsubsidized Loans to Graduate Students / 10-year Treasury + 3.60% Capped 9.50%,award_year,2030,2031,2030-2031,17,11
Student Loans,10-year Treasury + 3.60% Capped 9.50%,,7.4,Percent,51310-2023-05-studentloan.xlsx,T5-IntRates_05-2023,false,51310,Federal Student Loan Programs: Projected Interest Rates / Unsubsidized Loans to Graduate Students / 10-year Treasury + 3.60% Capped 9.50%,award_year,2031,2032,2031-2032,17,12
Student Loans,10-year Treasury + 3.60% Capped 9.50%,,7.4,Percent,51310-2023-05-studentloan.xlsx,T5-IntRates_05-2023,false,51310,Federal Student Loan Programs: Projected Interest Rates / Unsubsidized Loans to Graduate Students / 10-year Treasury + 3.60% Capped 9.50%,award_year,2032,2033,2032-2033,17,13
Student Loans,10-year Treasury + 3.60% Capped 9.50%,,7.41,Percent,51310-2023-05-studentloan.xlsx,T5-IntRates_05-2023,false,51310,Federal Student Loan Programs: Projected Interest Rates / Unsubsidized Loans to Graduate Students / 10-year Treasury + 3.60% Capped 9.50%,award_year,2033,2034,2033-2034,17,14
Student Loans,10-year Treasury + 4.60% Capped 10.50%,,8.46,Percent,51310-2023-05-studentloan.xlsx,T5-IntRates_05-2023,false,51310,Federal Student Loan Programs: Projected Interest Rates / PLUS Loans to Graduate Students and Parents / 10-year Treasury + 4.60% Capped 10.50%,award_year,2023,2024,2023-2024,20,4
Student Loans,10-year Treasury + 4.60% Capped 10.50%,,8.44,Percent,51310-2023-05-studentloan.xlsx,T5-IntRates_05-2023,false,51310,Federal Student Loan Programs: Projected Interest Rates / PLUS Loans to Graduate Students and Parents / 10-year Treasury + 4.60% Capped 10.50%,award_year,2024,2025,2024-2025,20,5
Student Loans,10-year Treasury + 4.60% Capped 10.50%,,8.38,Percent,51310-2023-05-studentloan.xlsx,T5-IntRates_05-2023,false,51310,Federal Student Loan Programs: Projected Interest Rates / PLUS Loans to Graduate Students and Parents / 10-year Treasury + 4.60% Capped 10.50%,award_year,2025,2026,2025-2026,20,6
Student Loans,10-year Treasury + 4.60% Capped 10.50%,,8.38,Percent,51310-2023-05-studentloan.xlsx,T5-IntRates_05-2023,false,51310,Federal Student Loan Programs: Projected Interest Rates / PLUS Loans to Graduate Students and Parents / 10-year Treasury + 4.60% Capped 10.50%,award_year,2026,2027,2026-2027,20,7
Student Loans,10-year Treasury + 4.60% Capped 10.50%,,8.38,Percent,51310-2023-05-studentloan.xlsx,T5-IntRates_05-2023,false,51310,Federal Student Loan Programs: Projected Interest Rates / PLUS Loans to Graduate Students and Parents / 10-year Treasury + 4.60% Capped 10.50%,award_year,2027,2028,2027-2028,20,8
Student Loans,10-year Treasury + 4.60% Capped 10.50%,,8.39,Percent,51310-2023-05-studentloan.xlsx,T5-IntRates_05-2023,false,51310,Federal Student Loan Programs: Projected Interest Rates / PLUS Loans to Graduate Students and Parents / 10-year Treasury + 4.60% Capped 10.50%,award_year,2028,2029,2028-2029,20,9
Student Loans,10-year Treasury + 4.60% Capped 10.50%,,8.39,Percent,51310-2023-05-studentloan.xlsx,T5-IntRates_05-2023,false,51310,Federal Student Loan Programs: Projected Interest Rates / PLUS Loans to Graduate Students and Parents / 10-year Treasury + 4.60% Capped 10.50%,award_year,2029,2030,2029-2030,20,10
Student Loans,10-year Treasury + 4.60% Capped 10.50%,,8.4,Percent,51310-2023-05-studentloan.xlsx,T5-IntRates_05-2023,false,51310,Federal Student Loan Programs: Projected Interest Rates / PLUS Loans to Graduate Students and Parents / 10-year Treasury + 4.60% Capped 10.50%,award_year,2030,2031,2030-2031,20,11
Student Loans,10-year Treasury + 4.60% Capped 10.50%,,8.4,Percent,51310-2023-05-studentloan.xlsx,T5-IntRates_05-2023,false,51310,Federal Student Loan Programs: Projected Interest Rates / PLUS Loans to Graduate Students and Parents / 10-year Treasury + 4.60% Capped 10.50%,award_year,2031,2032,2031-2032,20,12
Student Loans,10-year Treasury + 4.60% Capped 10.50%,,8.4,Percent,51310-2023-05-studentloan.xlsx,T5-IntRates_05-2023,false,51310,Federal Student Loan Programs: Projected Interest Rates / PLUS Loans to Graduate Students and Parents / 10-year Treasury + 4.60% Capped 10.50%,award_year,2032,2033,2032-2033,20,13
Student Loans,10-year Treasury + 4.60% Capped 10.50%,,8.41,Percent,51310-2023-05-studentloan.xlsx,T5-IntRates_05-2023,false,51310,Federal Student Loan Programs: Projected Interest Rates / PLUS Loans to Graduate Students and Parents / 10-year Treasury + 4.60% Capped 10.50%,award_year,2033,2034,2033-2034,20,14
Student Loans,All Loans,2023,26.0,Percent,51310-2023-05-studentloan.xlsx,T6-Subsidies_05-2023,false,51310,"Federal Subsidy Rates for Student Loans, Fair-Value Estimating Procedures / All Loans",fiscal_year,2023,2023,2023,12,4
Student Loans,All Loans,2024,24.5,Percent,51310-2023-05-studentloan.xlsx,T6-Subsidies_05-2023,false,51310,"Federal Subsidy Rates for Student Loans, Fair-Value Estimating Procedures / All Loans",fiscal_year,2024,2024,2024,12,5
Student Loans,All Loans,2025,25.1,Percent,51310-2023-05-studentloan.xlsx,T6-Subsidies_05-2023,false,51310,"Federal Subsidy Rates for Student Loans, Fair-Value Estimating Procedures / All Loans",fiscal_year,2025,2025,2025,12,6
Student Loans,All Loans,2026,25.6,Percent,51310-2023-05-studentloan.xlsx,T6-Subsidies_05-2023,false,51310,"Federal Subsidy Rates for Student Loans, Fair-Value Estimating Procedures / All Loans",fiscal_year,2026,2026,2026,12,7
Student Loans,All Loans,2027,26.1,Percent,51310-2023-05-studentloan.xlsx,T6-Subsidies_05-2023,false,51310,"Federal Subsidy Rates for Student Loans, Fair-Value Estimating Procedures / All Loans",fiscal_year,2027,2027,2027,12,8
Student Loans,All Loans,2028,25.9,Percent,51310-2023-05-studentloan.xlsx,T6-Subsidies_05-2023,false,51310,"Federal Subsidy Rates for Student Loans, Fair-Value Estimating Procedures / All Loans",fiscal_year,2028,2028,2028,12,9
Student Loans,All Loans,2029,25.5,Percent,51310-2023-05-studentloan.xlsx,T6-Subsidies_05-2023,false,51310,"Federal Subsidy Rates for Student Loans, Fair-Value Estimating Procedures / All Loans",fiscal_year,2029,2029,2029,12,10
Student Loans,All Loans,2030,25.2,Percent,51310-2023-05-studentloan.xlsx,T6-Subsidies_05-2023,false,51310,"Federal Subsidy Rates for Student Loans, Fair-Value Estimating Procedures / All Loans",fiscal_year,2030,2030,2030,12,11
Student Loans,All Loans,2031,24.8,Percent,51310-2023-05-studentloan.xlsx,T6-Subsidies_05-2023,false,51310,"Federal Subsidy Rates for Student Loans, Fair-Value Estimating Procedures / All Loans",fiscal_year,2031,2031,2031,12,12
Student Loans,All Loans,2032,25.0,Percent,51310-2023-05-studentloan.xlsx,T6-Subsidies_05-2023,false,51310,"Federal Subsidy Rates for Student Loans, Fair-Value Estimating Procedures / All Loans",fiscal_year,2032,2032,2032,12,13
Student Loans,All Loans,2033,24.7,Percent,51310-2023-05-studentloan.xlsx,T6-Subsidies_05-2023,false,51310,"Federal Subsidy Rates for Student Loans, Fair-Value Estimating Procedures / All Loans",fiscal_year,2033,2033,2033,12,14
Student Loans,Subsidized Loans,2023,35.6,Percent,51310-2023-05-studentloan.xlsx,T6-Subsidies_05-2023,false,51310,"Federal Subsidy Rates for Student Loans, Fair-Value Estimating Procedures / Subsidized Loans",fiscal_year,2023,2023,2023,13,4
Student Loans,Subsidized Loans,2024,34.7,Percent,51310-2023-05-studentloan.xlsx,T6-Subsidies_05-2023,false,51310,"Federal Subsidy Rates for Student Loans, Fair-Value Estimating Procedures / Subsidized Loans",fiscal_year,2024,2024,2024,13,5
Student Loans,Subsidized Loans,2025,35.0,Percent,51310-2023-05-studentloan.xlsx,T6-Subsidies_05-2023,false,51310,"Federal Subsidy Rates for Student Loans, Fair-Value Estimating Procedures / Subsidized Loans",fiscal_year,2025,2025,2025,13,6
Student Loans,Subsidized Loans,2026,35.4,Percent,51310-2023-05-studentloan.xlsx,T6-Subsidies_05-2023,false,51310,"Federal Subsidy Rates for Student Loans, Fair-Value Estimating Procedures / Subsidized Loans",fiscal_year,2026,2026,2026,13,7
Student Loans,Subsidized Loans,2027,35.7,Percent,51310-2023-05-studentloan.xlsx,T6-Subsidies_05-2023,false,51310,"Federal Subsidy Rates for Student Loans, Fair-Value Estimating Procedures / Subsidized Loans",fiscal_year,2027,2027,2027,13,8
Student Loans,Subsidized Loans,2028,35.6,Percent,51310-2023-05-studentloan.xlsx,T6-Subsidies_05-2023,false,51310,"Federal Subsidy Rates for Student Loans, Fair-Value Estimating Procedures / Subsidized Loans",fiscal_year,2028,2028,2028,13,9
Student Loans,Subsidized Loans,2029,35.2,Percent,51310-2023-05-studentloan.xlsx,T6-Subsidies_05-2023,false,51310,"Federal Subsidy Rates for Student Loans, Fair-Value Estimating Procedures / Subsidized Loans",fiscal_year,2029,2029,2029,13,10
Student Loans,Subsidized Loans,2030,35.0,Percent,51310-2023-05-studentloan.xlsx,T6-Subsidies_05-2023,false,51310,"Federal Subsidy Rates for Student Loans, Fair-Value Estimating Procedures / Subsidized Loans",fiscal_year,2030,2030,2030,13,11
Student Loans,Subsidized Loans,2031,34.8,Percent,51310-2023-05-studentloan.xlsx,T6-Subsidies_05-2023,false,51310,"Federal Subsidy Rates for Student Loans, Fair-Value Estimating Procedures / Subsidized Loans",fiscal_year,2031,2031,2031,13,12
Student Loans,Subsidized Loans,2032,34.6,Percent,51310-2023-05-studentloan.xlsx,T6-Subsidies_05-2023,false,51310,"Federal Subsidy Rates for Student Loans, Fair-Value Estimating Procedures / Subsidized Loans",fiscal_year,2032,2032,2032,13,13
Student Loans,Subsidized Loans,2033,34.3,Percent,51310-2023-05-studentloan.xlsx,T6-Subsidies_05-2023,false,51310,"Federal Subsidy Rates for Student Loans, Fair-Value Estimating Procedures / Subsidized Loans",fiscal_year,2033,2033,2033,13,14
Student Loans,Unsubsidized Loans: Undergraduate,2023,29.3,Percent,51310-2023-05-studentloan.xlsx,T6-Subsidies_05-2023,false,51310,"Federal Subsidy Rates for Student Loans, Fair-Value Estimating Procedures / Unsubsidized Loans: Undergraduate",fiscal_year,2023,2023,2023,14,4
Student Loans,Unsubsidized Loans: Undergraduate,2024,27.6,Percent,51310-2023-05-studentloan.xlsx,T6-Subsidies_05-2023,false,51310,"Federal Subsidy Rates for Student Loans, Fair-Value Estimating Procedures / Unsubsidized Loans: Undergraduate",fiscal_year,2024,2024,2024,14,5
Student Loans,Unsubsidized Loans: Undergraduate,2025,28.1,Percent,51310-2023-05-studentloan.xlsx,T6-Subsidies_05-2023,false,51310,"Federal Subsidy Rates for Student Loans, Fair-Value Estimating Procedures / Unsubsidized Loans: Undergraduate",fiscal_year,2025,2025,2025,14,6
Student Loans,Unsubsidized Loans: Undergraduate,2026,28.5,Percent,51310-2023-05-studentloan.xlsx,T6-Subsidies_05-2023,false,51310,"Federal Subsidy Rates for Student Loans, Fair-Value Estimating Procedures / Unsubsidized Loans: Undergraduate",fiscal_year,2026,2026,2026,14,7
Student Loans,Unsubsidized Loans: Undergraduate,2027,28.7,Percent,51310-2023-05-studentloan.xlsx,T6-Subsidies_05-2023,false,51310,"Federal Subsidy Rates for Student Loans, Fair-Value Estimating Procedures / Unsubsidized Loans: Undergraduate",fiscal_year,2027,2027,2027,14,8
Student Loans,Unsubsidized Loans: Undergraduate,2028,28.8,Percent,51310-2023-05-studentloan.xlsx,T6-Subsidies_05-2023,false,51310,"Federal Subsidy Rates for Student Loans, Fair-Value Estimating Procedures / Unsubsidized Loans: Undergraduate",fiscal_year,2028,2028,2028,14,9
Student Loans,Unsubsidized Loans: Undergraduate,2029,28.3,Percent,51310-2023-05-studentloan.xlsx,T6-Subsidies_05-2023,false,51310,"Federal Subsidy Rates for Student Loans, Fair-Value Estimating Procedures / Unsubsidized Loans: Undergraduate",fiscal_year,2029,2029,2029,14,10
Student Loans,Unsubsidized Loans: Undergraduate,2030,28.2,Percent,51310-2023-05-studentloan.xlsx,T6-Subsidies_05-2023,false,51310,"Federal Subsidy Rates for Student Loans, Fair-Value Estimating Procedures / Unsubsidized Loans: Undergraduate",fiscal_year,2030,2030,2030,14,11
Student Loans,Unsubsidized Loans: Undergraduate,2031,28.3,Percent,51310-2023-05-studentloan.xlsx,T6-Subsidies_05-2023,false,51310,"Federal Subsidy Rates for Student Loans, Fair-Value Estimating Procedures / Unsubsidized Loans: Undergraduate",fiscal_year,2031,2031,2031,14,12
Student Loans,Unsubsidized Loans: Undergraduate,2032,28.2,Percent,51310-2023-05-studentloan.xlsx,T6-Subsidies_05-2023,false,51310,"Federal Subsidy Rates for Student Loans, Fair-Value Estimating Procedures / Unsubsidized Loans: Undergraduate",fiscal_year,2032,2032,2032,14,13
Student Loans,Unsubsidized Loans: Undergraduate,2033,28.1,Percent,51310-2023-05-studentloan.xlsx,T6-Subsidies_05-2023,false,51310,"Federal Subsidy Rates for Student Loans, Fair-Value Estimating Procedures / Unsubsidized Loans: Undergraduate",fiscal_year,2033,2033,2033,14,14
Student Loans,Unsubsidized Loans: Graduate,2023,25.0,Percent,51310-2023-05-studentloan.xlsx,T6-Subsidies_05-2023,false,51310,"Federal Subsidy Rates for Student Loans, Fair-Value Estimating Procedures / Unsubsidized Loans: Graduate",fiscal_year,2023,2023,2023,15,4
Student Loans,Unsubsidized Loans: Graduate,2024,23.8,Percent,51310-2023-05-studentloan.xlsx,T6-Subsidies_05-2023,false,51310,"Federal Subsidy Rates for Student Loans, Fair-Value Estimating Procedures / Unsubsidized Loans: Graduate",fiscal_year,2024,2024,2024,15,5
Student Loans,Unsubsidized Loans: Graduate,2025,24.3,Percent,51310-2023-05-studentloan.xlsx,T6-Subsidies_05-2023,false,51310,"Federal Subsidy Rates for Student Loans, Fair-Value Estimating Procedures / Unsubsidized Loans: Graduate",fiscal_year,2025,2025,2025,15,6
Student Loans,Unsubsidized Loans: Graduate,2026,24.7,Percent,51310-2023-05-studentloan.xlsx,T6-Subsidies_05-2023,false,51310,"Federal Subsidy Rates for Student Loans, Fair-Value Estimating Procedures / Unsubsidized Loans: Graduate",fiscal_year,2026,2026,2026,15,7
Student Loans,Unsubsidized Loans: Graduate,2027,25.1,Percent,51310-2023-05-studentloan.xlsx,T6-Subsidies_05-2023,false,51310,"Federal Subsidy Rates for Student Loans, Fair-Value Estimating Procedures / Unsubsidized Loans: Graduate",fiscal_year,2027,2027,2027,15,8
Student Loans,Unsubsidized Loans: Graduate,2028,24.7,Percent,51310-2023-05-studentloan.xlsx,T6-Subsidies_05-2023,false,51310,"Federal Subsidy Rates for Student Loans, Fair-Value Estimating Procedures / Unsubsidized Loans: Graduate",fiscal_year,2028,2028,2028,15,9
Student Loans,Unsubsidized Loans: Graduate,2029,24.5,Percent,51310-2023-05-studentloan.xlsx,T6-Subsidies_05-2023,false,51310,"Federal Subsidy Rates for Student Loans, Fair-Value Estimating Procedures / Unsubsidized Loans: Graduate",fiscal_year,2029,2029,2029,15,10
Student Loans,Unsubsidized Loans: Graduate,2030,24.1,Percent,51310-2023-05-studentloan.xlsx,T6-Subsidies_05-2023,false,51310,"Federal Subsidy Rates for Student Loans, Fair-Value Estimating Procedures / Unsubsidized Loans: Graduate",fiscal_year,2030,2030,2030,15,11
Student Loans,Unsubsidized Loans: Graduate,2031,23.0,Percent,51310-2023-05-studentloan.xlsx,T6-Subsidies_05-2023,false,51310,"Federal Subsidy Rates for Student Loans, Fair-Value Estimating Procedures / Unsubsidized Loans: Graduate",fiscal_year,2031,2031,2031,15,12
Student Loans,Unsubsidized Loans: Graduate,2032,23.4,Percent,51310-2023-05-studentloan.xlsx,T6-Subsidies_05-2023,false,51310,"Federal Subsidy Rates for Student Loans, Fair-Value Estimating Procedures / Unsubsidized Loans: Graduate",fiscal_year,2032,2032,2032,15,13
Student Loans,Unsubsidized Loans: Graduate,2033,23.0,Percent,51310-2023-05-studentloan.xlsx,T6-Subsidies_05-2023,false,51310,"Federal Subsidy Rates for Student Loans, Fair-Value Estimating Procedures / Unsubsidized Loans: Graduate",fiscal_year,2033,2033,2033,15,14
Student Loans,GradPLUS Loans for Students,2023,31.3,Percent,51310-2023-05-studentloan.xlsx,T6-Subsidies_05-2023,false,51310,"Federal Subsidy Rates for Student Loans, Fair-Value Estimating Procedures / GradPLUS Loans for Students",fiscal_year,2023,2023,2023,16,4
Student Loans,GradPLUS Loans for Students,2024,31.0,Percent,51310-2023-05-studentloan.xlsx,T6-Subsidies_05-2023,false,51310,"Federal Subsidy Rates for Student Loans, Fair-Value Estimating Procedures / GradPLUS Loans for Students",fiscal_year,2024,2024,2024,16,5
Student Loans,GradPLUS Loans for Students,2025,32.5,Percent,51310-2023-05-studentloan.xlsx,T6-Subsidies_05-2023,false,51310,"Federal Subsidy Rates for Student Loans, Fair-Value Estimating Procedures / GradPLUS Loans for Students",fiscal_year,2025,2025,2025,16,6
Student Loans,GradPLUS Loans for Students,2026,33.5,Percent,51310-2023-05-studentloan.xlsx,T6-Subsidies_05-2023,false,51310,"Federal Subsidy Rates for Student Loans, Fair-Value Estimating Procedures / GradPLUS Loans for Students",fiscal_year,2026,2026,2026,16,7
Student Loans,GradPLUS Loans for Students,2027,34.5,Percent,51310-2023-05-studentloan.xlsx,T6-Subsidies_05-2023,false,51310,"Federal Subsidy Rates for Student Loans, Fair-Value Estimating Procedures / GradPLUS Loans for Students",fiscal_year,2027,2027,2027,16,8
Student Loans,GradPLUS Loans for Students,2028,34.1,Percent,51310-2023-05-studentloan.xlsx,T6-Subsidies_05-2023,false,51310,"Federal Subsidy Rates for Student Loans, Fair-Value Estimating Procedures / GradPLUS Loans for Students",fiscal_year,2028,2028,2028,16,9
Student Loans,GradPLUS Loans for Students,2029,33.4,Percent,51310-2023-05-studentloan.xlsx,T6-Subsidies_05-2023,false,51310,"Federal Subsidy Rates for Student Loans, Fair-Value Estimating Procedures / GradPLUS Loans for Students",fiscal_year,2029,2029,2029,16,10
Student Loans,GradPLUS Loans for Students,2030,32.4,Percent,51310-2023-05-studentloan.xlsx,T6-Subsidies_05-2023,false,51310,"Federal Subsidy Rates for Student Loans, Fair-Value Estimating Procedures / GradPLUS Loans for Students",fiscal_year,2030,2030,2030,16,11
Student Loans,GradPLUS Loans for Students,2031,32.0,Percent,51310-2023-05-studentloan.xlsx,T6-Subsidies_05-2023,false,51310,"Federal Subsidy Rates for Student Loans, Fair-Value Estimating Procedures / GradPLUS Loans for Students",fiscal_year,2031,2031,2031,16,12
Student Loans,GradPLUS Loans for Students,2032,32.4,Percent,51310-2023-05-studentloan.xlsx,T6-Subsidies_05-2023,false,51310,"Federal Subsidy Rates for Student Loans, Fair-Value Estimating Procedures / GradPLUS Loans for Students",fiscal_year,2032,2032,2032,16,13
Student Loans,GradPLUS Loans for Students,2033,32.2,Percent,51310-2023-05-studentloan.xlsx,T6-Subsidies_05-2023,false,51310,"Federal Subsidy Rates for Student Loans, Fair-Value Estimating Procedures / GradPLUS Loans for Students",fiscal_year,2033,2033,2033,16,14
Student Loans,Parent Loans*,2023,1.5,Percent,51310-2023-05-studentloan.xlsx,T6-Subsidies_05-2023,false,51310,"Federal Subsidy Rates for Student Loans, Fair-Value Estimating Procedures / Parent Loans*",fiscal_year,2023,2023,2023,17,4
Student Loans,Parent Loans*,2024,-2.7,Percent,51310-2023-05-studentloan.xlsx,T6-Subsidies_05-2023,false,51310,"Federal Subsidy Rates for Student Loans, Fair-Value Estimating Procedures / Parent Loans*",fiscal_year,2024,2024,2024,17,5
Student Loans,Parent Loans*,2025,-2.8,Percent,51310-2023-05-studentloan.xlsx,T6-Subsidies_05-2023,false,51310,"Federal Subsidy Rates for Student Loans, Fair-Value Estimating Procedures / Parent Loans*",fiscal_year,2025,2025,2025,17,6
Student Loans,Parent Loans*,2026,-2.6,Percent,51310-2023-05-studentloan.xlsx,T6-Subsidies_05-2023,false,51310,"Federal Subsidy Rates for Student Loans, Fair-Value Estimating Procedures / Parent Loans*",fiscal_year,2026,2026,2026,17,7
Student Loans,Parent Loans*,2027,-2.4,Percent,51310-2023-05-studentloan.xlsx,T6-Subsidies_05-2023,false,51310,"Federal Subsidy Rates for Student Loans, Fair-Value Estimating Procedures / Parent Loans*",fiscal_year,2027,2027,2027,17,8
Student Loans,Parent Loans*,2028,-2.2,Percent,51310-2023-05-studentloan.xlsx,T6-Subsidies_05-2023,false,51310,"Federal Subsidy Rates for Student Loans, Fair-Value Estimating Procedures / Parent Loans*",fiscal_year,2028,2028,2028,17,9
Student Loans,Parent Loans*,2029,-2.1,Percent,51310-2023-05-studentloan.xlsx,T6-Subsidies_05-2023,false,51310,"Federal Subsidy Rates for Student Loans, Fair-Value Estimating Procedures / Parent Loans*",fiscal_year,2029,2029,2029,17,10
Student Loans,Parent Loans*,2030,-2.0,Percent,51310-2023-05-studentloan.xlsx,T6-Subsidies_05-2023,false,51310,"Federal Subsidy Rates for Student Loans, Fair-Value Estimating Procedures / Parent Loans*",fiscal_year,2030,2030,2030,17,11
Student Loans,Parent Loans*,2031,-1.9,Percent,51310-2023-05-studentloan.xlsx,T6-Subsidies_05-2023,false,51310,"Federal Subsidy Rates for Student Loans, Fair-Value Estimating Procedures / Parent Loans*",fiscal_year,2031,2031,2031,17,12
Student Loans,Parent Loans*,2032,-1.6,Percent,51310-2023-05-studentloan.xlsx,T6-Subsidies_05-2023,false,51310,"Federal Subsidy Rates for Student Loans, Fair-Value Estimating Procedures / Parent Loans*",fiscal_year,2032,2032,2032,17,13
Student Loans,Parent Loans*,2033,-1.6,Percent,51310-2023-05-studentloan.xlsx,T6-Subsidies_05-2023,false,51310,"Federal Subsidy Rates for Student Loans, Fair-Value Estimating Procedures / Parent Loans*",fiscal_year,2033,2033,2033,17,14
Student Loans,Budget Authority,2023,25390.0,Millions of dollars,51310-2023-05-studentloan.xlsx,T7-FV_05-2023,true,51310,"Federal Student Loan Programs: Budget Account Totals, Fair-Value Estimating Procedures / Program Costsa / Budget Authority",fiscal_year,2023,2023,2023,15,4
Student Loans,Budget Authority,2024,24627.0,Millions of dollars,51310-2023-05-studentloan.xlsx,T7-FV_05-2023,true,51310,"Federal Student Loan Programs: Budget Account Totals, Fair-Value Estimating Procedures / Program Costsa / Budget Authority",fiscal_year,2024,2024,2024,15,5
Student Loans,Budget Authority,2025,25921.0,Millions of dollars,51310-2023-05-studentloan.xlsx,T7-FV_05-2023,true,51310,"Federal Student Loan Programs: Budget Account Totals, Fair-Value Estimating Procedures / Program Costsa / Budget Authority",fiscal_year,2025,2025,2025,15,6
Student Loans,Budget Authority,2026,27226.0,Millions of dollars,51310-2023-05-studentloan.xlsx,T7-FV_05-2023,true,51310,"Federal Student Loan Programs: Budget Account Totals, Fair-Value Estimating Procedures / Program Costsa / Budget Authority",fiscal_year,2026,2026,2026,15,7
Student Loans,Budget Authority,2027,28631.0,Millions of dollars,51310-2023-05-studentloan.xlsx,T7-FV_05-2023,true,51310,"Federal Student Loan Programs: Budget Account Totals, Fair-Value Estimating Procedures / Program Costsa / Budget Authority",fiscal_year,2027,2027,2027,15,8
Student Loans,Budget Authority,2028,28869.0,Millions of dollars,51310-2023-05-studentloan.xlsx,T7-FV_05-2023,true,51310,"Federal Student Loan Programs: Budget Account Totals, Fair-Value Estimating Procedures / Program Costsa / Budget Authority",fiscal_year,2028,2028,2028,15,9
Student Loans,Budget Authority,2029,28999.0,Millions of dollars,51310-2023-05-studentloan.xlsx,T7-FV_05-2023,true,51310,"Federal Student Loan Programs: Budget Account Totals, Fair-Value Estimating Procedures / Program Costsa / Budget Authority",fiscal_year,2029,2029,2029,15,10
Student Loans,Budget Authority,2030,29068.0,Millions of dollars,51310-2023-05-studentloan.xlsx,T7-FV_05-2023,true,51310,"Federal Student Loan Programs: Budget Account Totals, Fair-Value Estimating Procedures / Program Costsa / Budget Authority",fiscal_year,2030,2030,2030,15,11
Student Loans,Budget Authority,2031,29073.0,Millions of dollars,51310-2023-05-studentloan.xlsx,T7-FV_05-2023,true,51310,"Federal Student Loan Programs: Budget Account Totals, Fair-Value Estimating Procedures / Program Costsa / Budget Authority",fiscal_year,2031,2031,2031,15,12
Student Loans,Budget Authority,2032,29862.0,Millions of dollars,51310-2023-05-studentloan.xlsx,T7-FV_05-2023,true,51310,"Federal Student Loan Programs: Budget Account Totals, Fair-Value Estimating Procedures / Program Costsa / Budget Authority",fiscal_year,2032,2032,2032,15,13
Student Loans,Budget Authority,2033,30090.0,Millions of dollars,51310-2023-05-studentloan.xlsx,T7-FV_05-2023,true,51310,"Federal Student Loan Programs: Budget Account Totals, Fair-Value Estimating Procedures / Program Costsa / Budget Authority",fiscal_year,2033,2033,2033,15,14
Student Loans,Outlays,2023,23309.0,Millions of dollars,51310-2023-05-studentloan.xlsx,T7-FV_05-2023,true,51310,"Federal Student Loan Programs: Budget Account Totals, Fair-Value Estimating Procedures / Program Costsa / Outlays",fiscal_year,2023,2023,2023,16,4
Student Loans,Outlays,2024,22045.0,Millions of dollars,51310-2023-05-studentloan.xlsx,T7-FV_05-2023,true,51310,"Federal Student Loan Programs: Budget Account Totals, Fair-Value Estimating Procedures / Program Costsa / Outlays",fiscal_year,2024,2024,2024,16,5
Student Loans,Outlays,2025,22686.0,Millions of dollars,51310-2023-05-studentloan.xlsx,T7-FV_05-2023,true,51310,"Federal Student Loan Programs: Budget Account Totals, Fair-Value Estimating Procedures / Program Costsa / Outlays",fiscal_year,2025,2025,2025,16,6
Student Loans,Outlays,2026,23864.0,Millions of dollars,51310-2023-05-studentloan.xlsx,T7-FV_05-2023,true,51310,"Federal Student Loan Programs: Budget Account Totals, Fair-Value Estimating Procedures / Program Costsa / Outlays",fiscal_year,2026,2026,2026,16,7
Student Loans,Outlays,2027,25060.0,Millions of dollars,51310-2023-05-studentloan.xlsx,T7-FV_05-2023,true,51310,"Federal Student Loan Programs: Budget Account Totals, Fair-Value Estimating Procedures / Program Costsa / Outlays",fiscal_year,2027,2027,2027,16,8
Student Loans,Outlays,2028,25408.0,Millions of dollars,51310-2023-05-studentloan.xlsx,T7-FV_05-2023,true,51310,"Federal Student Loan Programs: Budget Account Totals, Fair-Value Estimating Procedures / Program Costsa / Outlays",fiscal_year,2028,2028,2028,16,9
Student Loans,Outlays,2029,25551.0,Millions of dollars,51310-2023-05-studentloan.xlsx,T7-FV_05-2023,true,51310,"Federal Student Loan Programs: Budget Account Totals, Fair-Value Estimating Procedures / Program Costsa / Outlays",fiscal_year,2029,2029,2029,16,10
Student Loans,Outlays,2030,25657.0,Millions of dollars,51310-2023-05-studentloan.xlsx,T7-FV_05-2023,true,51310,"Federal Student Loan Programs: Budget Account Totals, Fair-Value Estimating Procedures / Program Costsa / Outlays",fiscal_year,2030,2030,2030,16,11
Student Loans,Outlays,2031,25699.0,Millions of dollars,51310-2023-05-studentloan.xlsx,T7-FV_05-2023,true,51310,"Federal Student Loan Programs: Budget Account Totals, Fair-Value Estimating Procedures / Program Costsa / Outlays",fiscal_year,2031,2031,2031,16,12
Student Loans,Outlays,2032,26132.0,Millions of dollars,51310-2023-05-studentloan.xlsx,T7-FV_05-2023,true,51310,"Federal Student Loan Programs: Budget Account Totals, Fair-Value Estimating Procedures / Program Costsa / Outlays",fiscal_year,2032,2032,2032,16,13
Student Loans,Outlays,2033,26496.0,Millions of dollars,51310-2023-05-studentloan.xlsx,T7-FV_05-2023,true,51310,"Federal Student Loan Programs: Budget Account Totals, Fair-Value Estimating Procedures / Program Costsa / Outlays",fiscal_year,2033,2033,2033,16,14
Student Loans,Budget Authority,2023,79017.0,Millions of dollars,51310-2023-05-studentloan.xlsx,T7-FV_05-2023,true,51310,"Federal Student Loan Programs: Budget Account Totals, Fair-Value Estimating Procedures / Credit Reestimates and Modificationsb / Budget Authority",fiscal_year,2023,2023,2023,18,4
Student Loans,Budget Authority,2024,0.0,Millions of dollars,51310-2023-05-studentloan.xlsx,T7-FV_05-2023,true,51310,"Federal Student Loan Programs: Budget Account Totals, Fair-Value Estimating Procedures / Credit Reestimates and Modificationsb / Budget Authority",fiscal_year,2024,2024,2024,18,5
Student Loans,Budget Authority,2025,0.0,Millions of dollars,51310-2023-05-studentloan.xlsx,T7-FV_05-2023,true,51310,"Federal Student Loan Programs: Budget Account Totals, Fair-Value Estimating Procedures / Credit Reestimates and Modificationsb / Budget Authority",fiscal_year,2025,2025,2025,18,6
Student Loans,Budget Authority,2026,0.0,Millions of dollars,51310-2023-05-studentloan.xlsx,T7-FV_05-2023,true,51310,"Federal Student Loan Programs: Budget Account Totals, Fair-Value Estimating Procedures / Credit Reestimates and Modificationsb / Budget Authority",fiscal_year,2026,2026,2026,18,7
Student Loans,Budget Authority,2027,0.0,Millions of dollars,51310-2023-05-studentloan.xlsx,T7-FV_05-2023,true,51310,"Federal Student Loan Programs: Budget Account Totals, Fair-Value Estimating Procedures / Credit Reestimates and Modificationsb / Budget Authority",fiscal_year,2027,2027,2027,18,8
Student Loans,Budget Authority,2028,0.0,Millions of dollars,51310-2023-05-studentloan.xlsx,T7-FV_05-2023,true,51310,"Federal Student Loan Programs: Budget Account Totals, Fair-Value Estimating Procedures / Credit Reestimates and Modificationsb / Budget Authority",fiscal_year,2028,2028,2028,18,9
Student Loans,Budget Authority,2029,0.0,Millions of dollars,51310-2023-05-studentloan.xlsx,T7-FV_05-2023,true,51310,"Federal Student Loan Programs: Budget Account Totals, Fair-Value Estimating Procedures / Credit Reestimates and Modificationsb / Budget Authority",fiscal_year,2029,2029,2029,18,10
Student Loans,Budget Authority,2030,0.0,Millions of dollars,51310-2023-05-studentloan.xlsx,T7-FV_05-2023,true,51310,"Federal Student Loan Programs: Budget Account Totals, Fair-Value Estimating Procedures / Credit Reestimates and Modificationsb / Budget Authority",fiscal_year,2030,2030,2030,18,11
Student Loans,Budget Authority,2031,0.0,Millions of dollars,51310-2023-05-studentloan.xlsx,T7-FV_05-2023,true,51310,"Federal Student Loan Programs: Budget Account Totals, Fair-Value Estimating Procedures / Credit Reestimates and Modificationsb / Budget Authority",fiscal_year,2031,2031,2031,18,12
Student Loans,Budget Authority,2032,0.0,Millions of dollars,51310-2023-05-studentloan.xlsx,T7-FV_05-2023,true,51310,"Federal Student Loan Programs: Budget Account Totals, Fair-Value Estimating Procedures / Credit Reestimates and Modificationsb / Budget Authority",fiscal_year,2032,2032,2032,18,13
Student Loans,Budget Authority,2033,0.0,Millions of dollars,51310-2023-05-studentloan.xlsx,T7-FV_05-2023,true,51310,"Federal Student Loan Programs: Budget Account Totals, Fair-Value Estimating Procedures / Credit Reestimates and Modificationsb / Budget Authority",fiscal_year,2033,2033,2033,18,14
Student Loans,Outlays,2023,79017.0,Millions of dollars,51310-2023-05-studentloan.xlsx,T7-FV_05-2023,true,51310,"Federal Student Loan Programs: Budget Account Totals, Fair-Value Estimating Procedures / Credit Reestimates and Modificationsb / Outlays",fiscal_year,2023,2023,2023,19,4
Student Loans,Outlays,2024,0.0,Millions of dollars,51310-2023-05-studentloan.xlsx,T7-FV_05-2023,true,51310,"Federal Student Loan Programs: Budget Account Totals, Fair-Value Estimating Procedures / Credit Reestimates and Modificationsb / Outlays",fiscal_year,2024,2024,2024,19,5
Student Loans,Outlays,2025,0.0,Millions of dollars,51310-2023-05-studentloan.xlsx,T7-FV_05-2023,true,51310,"Federal Student Loan Programs: Budget Account Totals, Fair-Value Estimating Procedures / Credit Reestimates and Modificationsb / Outlays",fiscal_year,2025,2025,2025,19,6
Student Loans,Outlays,2026,0.0,Millions of dollars,51310-2023-05-studentloan.xlsx,T7-FV_05-2023,true,51310,"Federal Student Loan Programs: Budget Account Totals, Fair-Value Estimating Procedures / Credit Reestimates and Modificationsb / Outlays",fiscal_year,2026,2026,2026,19,7
Student Loans,Outlays,2027,0.0,Millions of dollars,51310-2023-05-studentloan.xlsx,T7-FV_05-2023,true,51310,"Federal Student Loan Programs: Budget Account Totals, Fair-Value Estimating Procedures / Credit Reestimates and Modificationsb / Outlays",fiscal_year,2027,2027,2027,19,8
Student Loans,Outlays,2028,0.0,Millions of dollars,51310-2023-05-studentloan.xlsx,T7-FV_05-2023,true,51310,"Federal Student Loan Programs: Budget Account Totals, Fair-Value Estimating Procedures / Credit Reestimates and Modificationsb / Outlays",fiscal_year,2028,2028,2028,19,9
Student Loans,Outlays,2029,0.0,Millions of dollars,51310-2023-05-studentloan.xlsx,T7-FV_05-2023,true,51310,"Federal Student Loan Programs: Budget Account Totals, Fair-Value Estimating Procedures / Credit Reestimates and Modificationsb / Outlays",fiscal_year,2029,2029,2029,19,10
Student Loans,Outlays,2030,0.0,Millions of dollars,51310-2023-05-studentloan.xlsx,T7-FV_05-2023,true,51310,"Federal Student Loan Programs: Budget Account Totals, Fair-Value Estimating Procedures / Credit Reestimates and Modificationsb / Outlays",fiscal_year,2030,2030,2030,19,11
Student Loans,Outlays,2031,0.0,Millions of dollars,51310-2023-05-studentloan.xlsx,T7-FV_05-2023,true,51310,"Federal Student Loan Programs: Budget Account Totals, Fair-Value Estimating Procedures / Credit Reestimates and Modificationsb / Outlays",fiscal_year,2031,2031,2031,19,12
Student Loans,Outlays,2032,0.0,Millions of dollars,51310-2023-05-studentloan.xlsx,T7-FV_05-2023,true,51310,"Federal Student Loan Programs: Budget Account Totals, Fair-Value Estimating Procedures / Credit Reestimates and Modificationsb / Outlays",fiscal_year,2032,2032,2032,19,13
Student Loans,Outlays,2033,0.0,Millions of dollars,51310-2023-05-studentloan.xlsx,T7-FV_05-2023,true,51310,"Federal Student Loan Programs: Budget Account Totals, Fair-Value Estimating Procedures / Credit Reestimates and Modificationsb / Outlays",fiscal_year,2033,2033,2033,19,14
Student Loans,Budget Authority,2023,104407.0,Millions of dollars,51310-2023-05-studentloan.xlsx,T7-FV_05-2023,true,51310,"Federal Student Loan Programs: Budget Account Totals, Fair-Value Estimating Procedures / Subtotal, Direct Loans / Budget Authority",fiscal_year,2023,2023,2023,21,4
Student Loans,Budget Authority,2024,24627.0,Millions of dollars,51310-2023-05-studentloan.xlsx,T7-FV_05-2023,true,51310,"Federal Student Loan Programs: Budget Account Totals, Fair-Value Estimating Procedures / Subtotal, Direct Loans / Budget Authority",fiscal_year,2024,2024,2024,21,5
Student Loans,Budget Authority,2025,25921.0,Millions of dollars,51310-2023-05-studentloan.xlsx,T7-FV_05-2023,true,51310,"Federal Student Loan Programs: Budget Account Totals, Fair-Value Estimating Procedures / Subtotal, Direct Loans / Budget Authority",fiscal_year,2025,2025,2025,21,6
Student Loans,Budget Authority,2026,27226.0,Millions of dollars,51310-2023-05-studentloan.xlsx,T7-FV_05-2023,true,51310,"Federal Student Loan Programs: Budget Account Totals, Fair-Value Estimating Procedures / Subtotal, Direct Loans / Budget Authority",fiscal_year,2026,2026,2026,21,7
Student Loans,Budget Authority,2027,28631.0,Millions of dollars,51310-2023-05-studentloan.xlsx,T7-FV_05-2023,true,51310,"Federal Student Loan Programs: Budget Account Totals, Fair-Value Estimating Procedures / Subtotal, Direct Loans / Budget Authority",fiscal_year,2027,2027,2027,21,8
Student Loans,Budget Authority,2028,28869.0,Millions of dollars,51310-2023-05-studentloan.xlsx,T7-FV_05-2023,true,51310,"Federal Student Loan Programs: Budget Account Totals, Fair-Value Estimating Procedures / Subtotal, Direct Loans / Budget Authority",fiscal_year,2028,2028,2028,21,9
Student Loans,Budget Authority,2029,28999.0,Millions of dollars,51310-2023-05-studentloan.xlsx,T7-FV_05-2023,true,51310,"Federal Student Loan Programs: Budget Account Totals, Fair-Value Estimating Procedures / Subtotal, Direct Loans / Budget Authority",fiscal_year,2029,2029,2029,21,10
Student Loans,Budget Authority,2030,29068.0,Millions of dollars,51310-2023-05-studentloan.xlsx,T7-FV_05-2023,true,51310,"Federal Student Loan Programs: Budget Account Totals, Fair-Value Estimating Procedures / Subtotal, Direct Loans / Budget Authority",fiscal_year,2030,2030,2030,21,11
Student Loans,Budget Authority,2031,29073.0,Millions of dollars,51310-2023-05-studentloan.xlsx,T7-FV_05-2023,true,51310,"Federal Student Loan Programs: Budget Account Totals, Fair-Value Estimating Procedures / Subtotal, Direct Loans / Budget Authority",fiscal_year,2031,2031,2031,21,12
Student Loans,Budget Authority,2032,29862.0,Millions of dollars,51310-2023-05-studentloan.xlsx,T7-FV_05-2023,true,51310,"Federal Student Loan Programs: Budget Account Totals, Fair-Value Estimating Procedures / Subtotal, Direct Loans / Budget Authority",fiscal_year,2032,2032,2032,21,13
Student Loans,Budget Authority,2033,30090.0,Millions of dollars,51310-2023-05-studentloan.xlsx,T7-FV_05-2023,true,51310,"Federal Student Loan Programs: Budget Account Totals, Fair-Value Estimating Procedures / Subtotal, Direct Loans / Budget Authority",fiscal_year,2033,2033,2033,21,14
Student Loans,Outlays,2023,102326.0,Millions of dollars,51310-2023-05-studentloan.xlsx,T7-FV_05-2023,true,51310,"Federal Student Loan Programs: Budget Account Totals, Fair-Value Estimating Procedures / Subtotal, Direct Loans / Outlays",fiscal_year,2023,2023,2023,22,4
Student Loans,Outlays,2024,22045.0,Millions of dollars,51310-2023-05-studentloan.xlsx,T7-FV_05-2023,true,51310,"Federal Student Loan Programs: Budget Account Totals, Fair-Value Estimating Procedures / Subtotal, Direct Loans / Outlays",fiscal_year,2024,2024,2024,22,5
Student Loans,Outlays,2025,22686.0,Millions of dollars,51310-2023-05-studentloan.xlsx,T7-FV_05-2023,true,51310,"Federal Student Loan Programs: Budget Account Totals, Fair-Value Estimating Procedures / Subtotal, Direct Loans / Outlays",fiscal_year,2025,2025,2025,22,6
Student Loans,Outlays,2026,23864.0,Millions of dollars,51310-2023-05-studentloan.xlsx,T7-FV_05-2023,true,51310,"Federal Student Loan Programs: Budget Account Totals, Fair-Value Estimating Procedures / Subtotal, Direct Loans / Outlays",fiscal_year,2026,2026,2026,22,7
Student Loans,Outlays,2027,25060.0,Millions of dollars,51310-2023-05-studentloan.xlsx,T7-FV_05-2023,true,51310,"Federal Student Loan Programs: Budget Account Totals, Fair-Value Estimating Procedures / Subtotal, Direct Loans / Outlays",fiscal_year,2027,2027,2027,22,8
Student Loans,Outlays,2028,25408.0,Millions of dollars,51310-2023-05-studentloan.xlsx,T7-FV_05-2023,true,51310,"Federal Student Loan Programs: Budget Account Totals, Fair-Value Estimating Procedures / Subtotal, Direct Loans / Outlays",fiscal_year,2028,2028,2028,22,9
Student Loans,Outlays,2029,25551.0,Millions of dollars,51310-2023-05-studentloan.xlsx,T7-FV_05-2023,true,51310,"Federal Student Loan Programs: Budget Account Totals, Fair-Value Estimating Procedures / Subtotal, Direct Loans / Outlays",fiscal_year,2029,2029,2029,22,10
Student Loans,Outlays,2030,25657.0,Millions of dollars,51310-2023-05-studentloan.xlsx,T7-FV_05-2023,true,51310,"Federal Student Loan Programs: Budget Account Totals, Fair-Value Estimating Procedures / Subtotal, Direct Loans / Outlays",fiscal_year,2030,2030,2030,22,11
Student Loans,Outlays,2031,25699.0,Millions of dollars,51310-2023-05-studentloan.xlsx,T7-FV_05-2023,true,51310,"Federal Student Loan Programs: Budget Account Totals, Fair-Value Estimating Procedures / Subtotal, Direct Loans / Outlays",fiscal_year,2031,2031,2031,22,12
Student Loans,Outlays,2032,26132.0,Millions of dollars,51310-2023-05-studentloan.xlsx,T7-FV_05-2023,true,51310,"Federal Student Loan Programs: Budget Account Totals, Fair-Value Estimating Procedures / Subtotal, Direct Loans / Outlays",fiscal_year,2032,2032,2032,22,13
Student Loans,Outlays,2033,26496.0,Millions of dollars,51310-2023-05-studentloan.xlsx,T7-FV_05-2023,true,51310,"Federal Student Loan Programs: Budget Account Totals, Fair-Value Estimating Procedures / Subtotal, Direct Loans / Outlays",fiscal_year,2033,2033,2033,22,14
Student Loans,Budget Authority,2023,-75.0,Millions of dollars,51310-2023-05-studentloan.xlsx,T7-FV_05-2023,true,51310,"Federal Student Loan Programs: Budget Account Totals, Fair-Value Estimating Procedures / Program Costs / Budget Authority",fiscal_year,2023,2023,2023,26,4
Student Loans,Budget Authority,2024,10.0,Millions of dollars,51310-2023-05-studentloan.xlsx,T7-FV_05-2023,true,51310,"Federal Student Loan Programs: Budget Account Totals, Fair-Value Estimating Procedures / Program Costs / Budget Authority",fiscal_year,2024,2024,2024,26,5
Student Loans,Budget Authority,2025,10.0,Millions of dollars,51310-2023-05-studentloan.xlsx,T7-FV_05-2023,true,51310,"Federal Student Loan Programs: Budget Account Totals, Fair-Value Estimating Procedures / Program Costs / Budget Authority",fiscal_year,2025,2025,2025,26,6
Student Loans,Budget Authority,2026,8.0,Millions of dollars,51310-2023-05-studentloan.xlsx,T7-FV_05-2023,true,51310,"Federal Student Loan Programs: Budget Account Totals, Fair-Value Estimating Procedures / Program Costs / Budget Authority",fiscal_year,2026,2026,2026,26,7
Student Loans,Budget Authority,2027,8.0,Millions of dollars,51310-2023-05-studentloan.xlsx,T7-FV_05-2023,true,51310,"Federal Student Loan Programs: Budget Account Totals, Fair-Value Estimating Procedures / Program Costs / Budget Authority",fiscal_year,2027,2027,2027,26,8
Student Loans,Budget Authority,2028,7.0,Millions of dollars,51310-2023-05-studentloan.xlsx,T7-FV_05-2023,true,51310,"Federal Student Loan Programs: Budget Account Totals, Fair-Value Estimating Procedures / Program Costs / Budget Authority",fiscal_year,2028,2028,2028,26,9
Student Loans,Budget Authority,2029,7.0,Millions of dollars,51310-2023-05-studentloan.xlsx,T7-FV_05-2023,true,51310,"Federal Student Loan Programs: Budget Account Totals, Fair-Value Estimating Procedures / Program Costs / Budget Authority",fiscal_year,2029,2029,2029,26,10
Student Loans,Budget Authority,2030,6.0,Millions of dollars,51310-2023-05-studentloan.xlsx,T7-FV_05-2023,true,51310,"Federal Student Loan Programs: Budget Account Totals, Fair-Value Estimating Procedures / Program Costs / Budget Authority",fiscal_year,2030,2030,2030,26,11
Student Loans,Budget Authority,2031,6.0,Millions of dollars,51310-2023-05-studentloan.xlsx,T7-FV_05-2023,true,51310,"Federal Student Loan Programs: Budget Account Totals, Fair-Value Estimating Procedures / Program Costs / Budget Authority",fiscal_year,2031,2031,2031,26,12
Student Loans,Budget Authority,2032,5.0,Millions of dollars,51310-2023-05-studentloan.xlsx,T7-FV_05-2023,true,51310,"Federal Student Loan Programs: Budget Account Totals, Fair-Value Estimating Procedures / Program Costs / Budget Authority",fiscal_year,2032,2032,2032,26,13
Student Loans,Budget Authority,2033,5.0,Millions of dollars,51310-2023-05-studentloan.xlsx,T7-FV_05-2023,true,51310,"Federal Student Loan Programs: Budget Account Totals, Fair-Value Estimating Procedures / Program Costs / Budget Authority",fiscal_year,2033,2033,2033,26,14
Student Loans,Outlays,2023,-75.0,Millions of dollars,51310-2023-05-studentloan.xlsx,T7-FV_05-2023,true,51310,"Federal Student Loan Programs: Budget Account Totals, Fair-Value Estimating Procedures / Program Costs / Outlays",fiscal_year,2023,2023,2023,27,4
Student Loans,Outlays,2024,-208.0,Millions of dollars,51310-2023-05-studentloan.xlsx,T7-FV_05-2023,true,51310,"Federal Student Loan Programs: Budget Account Totals, Fair-Value Estimating Procedures / Program Costs / Outlays",fiscal_year,2024,2024,2024,27,5
Student Loans,Outlays,2025,-167.0,Millions of dollars,51310-2023-05-studentloan.xlsx,T7-FV_05-2023,true,51310,"Federal Student Loan Programs: Budget Account Totals, Fair-Value Estimating Procedures / Program Costs / Outlays",fiscal_year,2025,2025,2025,27,6
Student Loans,Outlays,2026,-154.0,Millions of dollars,51310-2023-05-studentloan.xlsx,T7-FV_05-2023,true,51310,"Federal Student Loan Programs: Budget Account Totals, Fair-Value Estimating Procedures / Program Costs / Outlays",fiscal_year,2026,2026,2026,27,7
Student Loans,Outlays,2027,-140.0,Millions of dollars,51310-2023-05-studentloan.xlsx,T7-FV_05-2023,true,51310,"Federal Student Loan Programs: Budget Account Totals, Fair-Value Estimating Procedures / Program Costs / Outlays",fiscal_year,2027,2027,2027,27,8
Student Loans,Outlays,2028,-128.0,Millions of dollars,51310-2023-05-studentloan.xlsx,T7-FV_05-2023,true,51310,"Federal Student Loan Programs: Budget Account Totals, Fair-Value Estimating Procedures / Program Costs / Outlays",fiscal_year,2028,2028,2028,27,9
Student Loans,Outlays,2029,-116.0,Millions of dollars,51310-2023-05-studentloan.xlsx,T7-FV_05-2023,true,51310,"Federal Student Loan Programs: Budget Account Totals, Fair-Value Estimating Procedures / Program Costs / Outlays",fiscal_year,2029,2029,2029,27,10
Student Loans,Outlays,2030,-106.0,Millions of dollars,51310-2023-05-studentloan.xlsx,T7-FV_05-2023,true,51310,"Federal Student Loan Programs: Budget Account Totals, Fair-Value Estimating Procedures / Program Costs / Outlays",fiscal_year,2030,2030,2030,27,11
Student Loans,Outlays,2031,-97.0,Millions of dollars,51310-2023-05-studentloan.xlsx,T7-FV_05-2023,true,51310,"Federal Student Loan Programs: Budget Account Totals, Fair-Value Estimating Procedures / Program Costs / Outlays",fiscal_year,2031,2031,2031,27,12
Student Loans,Outlays,2032,-89.0,Millions of dollars,51310-2023-05-studentloan.xlsx,T7-FV_05-2023,true,51310,"Federal Student Loan Programs: Budget Account Totals, Fair-Value Estimating Procedures / Program Costs / Outlays",fiscal_year,2032,2032,2032,27,13
Student Loans,Outlays,2033,-82.0,Millions of dollars,51310-2023-05-studentloan.xlsx,T7-FV_05-2023,true,51310,"Federal Student Loan Programs: Budget Account Totals, Fair-Value Estimating Procedures / Program Costs / Outlays",fiscal_year,2033,2033,2033,27,14
Student Loans,Budget Authority,2023,4649.0,Millions of dollars,51310-2023-05-studentloan.xlsx,T7-FV_05-2023,true,51310,"Federal Student Loan Programs: Budget Account Totals, Fair-Value Estimating Procedures / Credit Reestimates and Modificationsb / Budget Authority",fiscal_year,2023,2023,2023,29,4
Student Loans,Budget Authority,2024,0.0,Millions of dollars,51310-2023-05-studentloan.xlsx,T7-FV_05-2023,true,51310,"Federal Student Loan Programs: Budget Account Totals, Fair-Value Estimating Procedures / Credit Reestimates and Modificationsb / Budget Authority",fiscal_year,2024,2024,2024,29,5
Student Loans,Budget Authority,2025,0.0,Millions of dollars,51310-2023-05-studentloan.xlsx,T7-FV_05-2023,true,51310,"Federal Student Loan Programs: Budget Account Totals, Fair-Value Estimating Procedures / Credit Reestimates and Modificationsb / Budget Authority",fiscal_year,2025,2025,2025,29,6
Student Loans,Budget Authority,2026,0.0,Millions of dollars,51310-2023-05-studentloan.xlsx,T7-FV_05-2023,true,51310,"Federal Student Loan Programs: Budget Account Totals, Fair-Value Estimating Procedures / Credit Reestimates and Modificationsb / Budget Authority",fiscal_year,2026,2026,2026,29,7
Student Loans,Budget Authority,2027,0.0,Millions of dollars,51310-2023-05-studentloan.xlsx,T7-FV_05-2023,true,51310,"Federal Student Loan Programs: Budget Account Totals, Fair-Value Estimating Procedures / Credit Reestimates and Modificationsb / Budget Authority",fiscal_year,2027,2027,2027,29,8
Student Loans,Budget Authority,2028,0.0,Millions of dollars,51310-2023-05-studentloan.xlsx,T7-FV_05-2023,true,51310,"Federal Student Loan Programs: Budget Account Totals, Fair-Value Estimating Procedures / Credit Reestimates and Modificationsb / Budget Authority",fiscal_year,2028,2028,2028,29,9
Student Loans,Budget Authority,2029,0.0,Millions of dollars,51310-2023-05-studentloan.xlsx,T7-FV_05-2023,true,51310,"Federal Student Loan Programs: Budget Account Totals, Fair-Value Estimating Procedures / Credit Reestimates and Modificationsb / Budget Authority",fiscal_year,2029,2029,2029,29,10
Student Loans,Budget Authority,2030,0.0,Millions of dollars,51310-2023-05-studentloan.xlsx,T7-FV_05-2023,true,51310,"Federal Student Loan Programs: Budget Account Totals, Fair-Value Estimating Procedures / Credit Reestimates and Modificationsb / Budget Authority",fiscal_year,2030,2030,2030,29,11
Student Loans,Budget Authority,2031,0.0,Millions of dollars,51310-2023-05-studentloan.xlsx,T7-FV_05-2023,true,51310,"Federal Student Loan Programs: Budget Account Totals, Fair-Value Estimating Procedures / Credit Reestimates and Modificationsb / Budget Authority",fiscal_year,2031,2031,2031,29,12
Student Loans,Budget Authority,2032,0.0,Millions of dollars,51310-2023-05-studentloan.xlsx,T7-FV_05-2023,true,51310,"Federal Student Loan Programs: Budget Account Totals, Fair-Value Estimating Procedures / Credit Reestimates and Modificationsb / Budget Authority",fiscal_year,2032,2032,2032,29,13
Student Loans,Budget Authority,2033,0.0,Millions of dollars,51310-2023-05-studentloan.xlsx,T7-FV_05-2023,true,51310,"Federal Student Loan Programs: Budget Account Totals, Fair-Value Estimating Procedures / Credit Reestimates and Modificationsb / Budget Authority",fiscal_year,2033,2033,2033,29,14
Student Loans,Outlays,2023,4649.0,Millions of dollars,51310-2023-05-studentloan.xlsx,T7-FV_05-2023,true,51310,"Federal Student Loan Programs: Budget Account Totals, Fair-Value Estimating Procedures / Credit Reestimates and Modificationsb / Outlays",fiscal_year,2023,2023,2023,30,4
Student Loans,Outlays,2024,0.0,Millions of dollars,51310-2023-05-studentloan.xlsx,T7-FV_05-2023,true,51310,"Federal Student Loan Programs: Budget Account Totals, Fair-Value Estimating Procedures / Credit Reestimates and Modificationsb / Outlays",fiscal_year,2024,2024,2024,30,5
Student Loans,Outlays,2025,0.0,Millions of dollars,51310-2023-05-studentloan.xlsx,T7-FV_05-2023,true,51310,"Federal Student Loan Programs: Budget Account Totals, Fair-Value Estimating Procedures / Credit Reestimates and Modificationsb / Outlays",fiscal_year,2025,2025,2025,30,6
Student Loans,Outlays,2026,0.0,Millions of dollars,51310-2023-05-studentloan.xlsx,T7-FV_05-2023,true,51310,"Federal Student Loan Programs: Budget Account Totals, Fair-Value Estimating Procedures / Credit Reestimates and Modificationsb / Outlays",fiscal_year,2026,2026,2026,30,7
Student Loans,Outlays,2027,0.0,Millions of dollars,51310-2023-05-studentloan.xlsx,T7-FV_05-2023,true,51310,"Federal Student Loan Programs: Budget Account Totals, Fair-Value Estimating Procedures / Credit Reestimates and Modificationsb / Outlays",fiscal_year,2027,2027,2027,30,8
Student Loans,Outlays,2028,0.0,Millions of dollars,51310-2023-05-studentloan.xlsx,T7-FV_05-2023,true,51310,"Federal Student Loan Programs: Budget Account Totals, Fair-Value Estimating Procedures / Credit Reestimates and Modificationsb / Outlays",fiscal_year,2028,2028,2028,30,9
Student Loans,Outlays,2029,0.0,Millions of dollars,51310-2023-05-studentloan.xlsx,T7-FV_05-2023,true,51310,"Federal Student Loan Programs: Budget Account Totals, Fair-Value Estimating Procedures / Credit Reestimates and Modificationsb / Outlays",fiscal_year,2029,2029,2029,30,10
Student Loans,Outlays,2030,0.0,Millions of dollars,51310-2023-05-studentloan.xlsx,T7-FV_05-2023,true,51310,"Federal Student Loan Programs: Budget Account Totals, Fair-Value Estimating Procedures / Credit Reestimates and Modificationsb / Outlays",fiscal_year,2030,2030,2030,30,11
Student Loans,Outlays,2031,0.0,Millions of dollars,51310-2023-05-studentloan.xlsx,T7-FV_05-2023,true,51310,"Federal Student Loan Programs: Budget Account Totals, Fair-Value Estimating Procedures / Credit Reestimates and Modificationsb / Outlays",fiscal_year,2031,2031,2031,30,12
Student Loans,Outlays,2032,0.0,Millions of dollars,51310-2023-05-studentloan.xlsx,T7-FV_05-2023,true,51310,"Federal Student Loan Programs: Budget Account Totals, Fair-Value Estimating Procedures / Credit Reestimates and Modificationsb / Outlays",fiscal_year,2032,2032,2032,30,13
Student Loans,Outlays,2033,0.0,Millions of dollars,51310-2023-05-studentloan.xlsx,T7-FV_05-2023,true,51310,"Federal Student Loan Programs: Budget Account Totals, Fair-Value Estimating Procedures / Credit Reestimates and Modificationsb / Outlays",fiscal_year,2033,2033,2033,30,14
Student Loans,Budget Authority,2023,4574.0,Millions of dollars,51310-2023-05-studentloan.xlsx,T7-FV_05-2023,true,51310,"Federal Student Loan Programs: Budget Account Totals, Fair-Value Estimating Procedures / Subtotal, Guaranteed Loans / Budget Authority",fiscal_year,2023,2023,2023,32,4
Student Loans,Budget Authority,2024,10.0,Millions of dollars,51310-2023-05-studentloan.xlsx,T7-FV_05-2023,true,51310,"Federal Student Loan Programs: Budget Account Totals, Fair-Value Estimating Procedures / Subtotal, Guaranteed Loans / Budget Authority",fiscal_year,2024,2024,2024,32,5
Student Loans,Budget Authority,2025,10.0,Millions of dollars,51310-2023-05-studentloan.xlsx,T7-FV_05-2023,true,51310,"Federal Student Loan Programs: Budget Account Totals, Fair-Value Estimating Procedures / Subtotal, Guaranteed Loans / Budget Authority",fiscal_year,2025,2025,2025,32,6
Student Loans,Budget Authority,2026,8.0,Millions of dollars,51310-2023-05-studentloan.xlsx,T7-FV_05-2023,true,51310,"Federal Student Loan Programs: Budget Account Totals, Fair-Value Estimating Procedures / Subtotal, Guaranteed Loans / Budget Authority",fiscal_year,2026,2026,2026,32,7
Student Loans,Budget Authority,2027,8.0,Millions of dollars,51310-2023-05-studentloan.xlsx,T7-FV_05-2023,true,51310,"Federal Student Loan Programs: Budget Account Totals, Fair-Value Estimating Procedures / Subtotal, Guaranteed Loans / Budget Authority",fiscal_year,2027,2027,2027,32,8
Student Loans,Budget Authority,2028,7.0,Millions of dollars,51310-2023-05-studentloan.xlsx,T7-FV_05-2023,true,51310,"Federal Student Loan Programs: Budget Account Totals, Fair-Value Estimating Procedures / Subtotal, Guaranteed Loans / Budget Authority",fiscal_year,2028,2028,2028,32,9
Student Loans,Budget Authority,2029,7.0,Millions of dollars,51310-2023-05-studentloan.xlsx,T7-FV_05-2023,true,51310,"Federal Student Loan Programs: Budget Account Totals, Fair-Value Estimating Procedures / Subtotal, Guaranteed Loans / Budget Authority",fiscal_year,2029,2029,2029,32,10
Student Loans,Budget Authority,2030,6.0,Millions of dollars,51310-2023-05-studentloan.xlsx,T7-FV_05-2023,true,51310,"Federal Student Loan Programs: Budget Account Totals, Fair-Value Estimating Procedures / Subtotal, Guaranteed Loans / Budget Authority",fiscal_year,2030,2030,2030,32,11
Student Loans,Budget Authority,2031,6.0,Millions of dollars,51310-2023-05-studentloan.xlsx,T7-FV_05-2023,true,51310,"Federal Student Loan Programs: Budget Account Totals, Fair-Value Estimating Procedures / Subtotal, Guaranteed Loans / Budget Authority",fiscal_year,2031,2031,2031,32,12
Student Loans,Budget Authority,2032,5.0,Millions of dollars,51310-2023-05-studentloan.xlsx,T7-FV_05-2023,true,51310,"Federal Student Loan Programs: Budget Account Totals, Fair-Value Estimating Procedures / Subtotal, Guaranteed Loans / Budget Authority",fiscal_year,2032,2032,2032,32,13
Student Loans,Budget Authority,2033,5.0,Millions of dollars,51310-2023-05-studentloan.xlsx,T7-FV_05-2023,true,51310,"Federal Student Loan Programs: Budget Account Totals, Fair-Value Estimating Procedures / Subtotal, Guaranteed Loans / Budget Authority",fiscal_year,2033,2033,2033,32,14
Student Loans,Outlays,2023,4574.0,Millions of dollars,51310-2023-05-studentloan.xlsx,T7-FV_05-2023,true,51310,"Federal Student Loan Programs: Budget Account Totals, Fair-Value Estimating Procedures / Subtotal, Guaranteed Loans / Outlays",fiscal_year,2023,2023,2023,33,4
Student Loans,Outlays,2024,-208.0,Millions of dollars,51310-2023-05-studentloan.xlsx,T7-FV_05-2023,true,51310,"Federal Student Loan Programs: Budget Account Totals, Fair-Value Estimating Procedures / Subtotal, Guaranteed Loans / Outlays",fiscal_year,2024,2024,2024,33,5
Student Loans,Outlays,2025,-167.0,Millions of dollars,51310-2023-05-studentloan.xlsx,T7-FV_05-2023,true,51310,"Federal Student Loan Programs: Budget Account Totals, Fair-Value Estimating Procedures / Subtotal, Guaranteed Loans / Outlays",fiscal_year,2025,2025,2025,33,6
Student Loans,Outlays,2026,-154.0,Millions of dollars,51310-2023-05-studentloan.xlsx,T7-FV_05-2023,true,51310,"Federal Student Loan Programs: Budget Account Totals, Fair-Value Estimating Procedures / Subtotal, Guaranteed Loans / Outlays",fiscal_year,2026,2026,2026,33,7
Student Loans,Outlays,2027,-140.0,Millions of dollars,51310-2023-05-studentloan.xlsx,T7-FV_05-2023,true,51310,"Federal Student Loan Programs: Budget Account Totals, Fair-Value Estimating Procedures / Subtotal, Guaranteed Loans / Outlays",fiscal_year,2027,2027,2027,33,8
Student Loans,Outlays,2028,-128.0,Millions of dollars,51310-2023-05-studentloan.xlsx,T7-FV_05-2023,true,51310,"Federal Student Loan Programs: Budget Account Totals, Fair-Value Estimating Procedures / Subtotal, Guaranteed Loans / Outlays",fiscal_year,2028,2028,2028,33,9
Student Loans,Outlays,2029,-116.0,Millions of dollars,51310-2023-05-studentloan.xlsx,T7-FV_05-2023,true,51310,"Federal Student Loan Programs: Budget Account Totals, Fair-Value Estimating Procedures / Subtotal, Guaranteed Loans / Outlays",fiscal_year,2029,2029,2029,33,10
Student Loans,Outlays,2030,-106.0,Millions of dollars,51310-2023-05-studentloan.xlsx,T7-FV_05-2023,true,51310,"Federal Student Loan Programs: Budget Account Totals, Fair-Value Estimating Procedures / Subtotal, Guaranteed Loans / Outlays",fiscal_year,2030,2030,2030,33,11
Student Loans,Outlays,2031,-97.0,Millions of dollars,51310-2023-05-studentloan.xlsx,T7-FV_05-2023,true,51310,"Federal Student Loan Programs: Budget Account Totals, Fair-Value Estimating Procedures / Subtotal, Guaranteed Loans / Outlays",fiscal_year,2031,2031,2031,33,12
Student Loans,Outlays,2032,-89.0,Millions of dollars,51310-2023-05-studentloan.xlsx,T7-FV_05-2023,true,51310,"Federal Student Loan Programs: Budget Account Totals, Fair-Value Estimating Procedures / Subtotal, Guaranteed Loans / Outlays",fiscal_year,2032,2032,2032,33,13
Student Loans,Outlays,2033,-82.0,Millions of dollars,51310-2023-05-studentloan.xlsx,T7-FV_05-2023,true,51310,"Federal Student Loan Programs: Budget Account Totals, Fair-Value Estimating Procedures / Subtotal, Guaranteed Loans / Outlays",fiscal_year,2033,2033,2033,33,14
Student Loans,Budget Authority,2023,2716.0,Millions of dollars,51310-2023-05-studentloan.xlsx,T7-FV_05-2023,true,51310,"Federal Student Loan Programs: Budget Account Totals, Fair-Value Estimating Procedures / Student Aid Administration / Budget Authority",fiscal_year,2023,2023,2023,36,4
Student Loans,Budget Authority,2024,2689.0,Millions of dollars,51310-2023-05-studentloan.xlsx,T7-FV_05-2023,true,51310,"Federal Student Loan Programs: Budget Account Totals, Fair-Value Estimating Procedures / Student Aid Administration / Budget Authority",fiscal_year,2024,2024,2024,36,5
Student Loans,Budget Authority,2025,2920.0,Millions of dollars,51310-2023-05-studentloan.xlsx,T7-FV_05-2023,true,51310,"Federal Student Loan Programs: Budget Account Totals, Fair-Value Estimating Procedures / Student Aid Administration / Budget Authority",fiscal_year,2025,2025,2025,36,6
Student Loans,Budget Authority,2026,2976.0,Millions of dollars,51310-2023-05-studentloan.xlsx,T7-FV_05-2023,true,51310,"Federal Student Loan Programs: Budget Account Totals, Fair-Value Estimating Procedures / Student Aid Administration / Budget Authority",fiscal_year,2026,2026,2026,36,7
Student Loans,Budget Authority,2027,3033.0,Millions of dollars,51310-2023-05-studentloan.xlsx,T7-FV_05-2023,true,51310,"Federal Student Loan Programs: Budget Account Totals, Fair-Value Estimating Procedures / Student Aid Administration / Budget Authority",fiscal_year,2027,2027,2027,36,8
Student Loans,Budget Authority,2028,3090.0,Millions of dollars,51310-2023-05-studentloan.xlsx,T7-FV_05-2023,true,51310,"Federal Student Loan Programs: Budget Account Totals, Fair-Value Estimating Procedures / Student Aid Administration / Budget Authority",fiscal_year,2028,2028,2028,36,9
Student Loans,Budget Authority,2029,3146.0,Millions of dollars,51310-2023-05-studentloan.xlsx,T7-FV_05-2023,true,51310,"Federal Student Loan Programs: Budget Account Totals, Fair-Value Estimating Procedures / Student Aid Administration / Budget Authority",fiscal_year,2029,2029,2029,36,10
Student Loans,Budget Authority,2030,3205.0,Millions of dollars,51310-2023-05-studentloan.xlsx,T7-FV_05-2023,true,51310,"Federal Student Loan Programs: Budget Account Totals, Fair-Value Estimating Procedures / Student Aid Administration / Budget Authority",fiscal_year,2030,2030,2030,36,11
Student Loans,Budget Authority,2031,3265.0,Millions of dollars,51310-2023-05-studentloan.xlsx,T7-FV_05-2023,true,51310,"Federal Student Loan Programs: Budget Account Totals, Fair-Value Estimating Procedures / Student Aid Administration / Budget Authority",fiscal_year,2031,2031,2031,36,12
Student Loans,Budget Authority,2032,3321.0,Millions of dollars,51310-2023-05-studentloan.xlsx,T7-FV_05-2023,true,51310,"Federal Student Loan Programs: Budget Account Totals, Fair-Value Estimating Procedures / Student Aid Administration / Budget Authority",fiscal_year,2032,2032,2032,36,13
Student Loans,Budget Authority,2033,3381.0,Millions of dollars,51310-2023-05-studentloan.xlsx,T7-FV_05-2023,true,51310,"Federal Student Loan Programs: Budget Account Totals, Fair-Value Estimating Procedures / Student Aid Administration / Budget Authority",fiscal_year,2033,2033,2033,36,14
Student Loans,Outlays,2023,2878.0,Millions of dollars,51310-2023-05-studentloan.xlsx,T7-FV_05-2023,true,51310,"Federal Student Loan Programs: Budget Account Totals, Fair-Value Estimating Procedures / Student Aid Administration / Outlays",fiscal_year,2023,2023,2023,37,4
Student Loans,Outlays,2024,2707.0,Millions of dollars,51310-2023-05-studentloan.xlsx,T7-FV_05-2023,true,51310,"Federal Student Loan Programs: Budget Account Totals, Fair-Value Estimating Procedures / Student Aid Administration / Outlays",fiscal_year,2024,2024,2024,37,5
Student Loans,Outlays,2025,2863.0,Millions of dollars,51310-2023-05-studentloan.xlsx,T7-FV_05-2023,true,51310,"Federal Student Loan Programs: Budget Account Totals, Fair-Value Estimating Procedures / Student Aid Administration / Outlays",fiscal_year,2025,2025,2025,37,6
Student Loans,Outlays,2026,2942.0,Millions of dollars,51310-2023-05-studentloan.xlsx,T7-FV_05-2023,true,51310,"Federal Student Loan Programs: Budget Account Totals, Fair-Value Estimating Procedures / Student Aid Administration / Outlays",fiscal_year,2026,2026,2026,37,7
Student Loans,Outlays,2027,2999.0,Millions of dollars,51310-2023-05-studentloan.xlsx,T7-FV_05-2023,true,51310,"Federal Student Loan Programs: Budget Account Totals, Fair-Value Estimating Procedures / Student Aid Administration / Outlays",fiscal_year,2027,2027,2027,37,8
Student Loans,Outlays,2028,3055.0,Millions of dollars,51310-2023-05-studentloan.xlsx,T7-FV_05-2023,true,51310,"Federal Student Loan Programs: Budget Account Totals, Fair-Value Estimating Procedures / Student Aid Administration / Outlays",fiscal_year,2028,2028,2028,37,9
Student Loans,Outlays,2029,3112.0,Millions of dollars,51310-2023-05-studentloan.xlsx,T7-FV_05-2023,true,51310,"Federal Student Loan Programs: Budget Account Totals, Fair-Value Estimating Procedures / Student Aid Administration / Outlays",fiscal_year,2029,2029,2029,37,10
Student Loans,Outlays,2030,3169.0,Millions of dollars,51310-2023-05-studentloan.xlsx,T7-FV_05-2023,true,51310,"Federal Student Loan Programs: Budget Account Totals, Fair-Value Estimating Procedures / Student Aid Administration / Outlays",fiscal_year,2030,2030,2030,37,11
Student Loans,Outlays,2031,3229.0,Millions of dollars,51310-2023-05-studentloan.xlsx,T7-FV_05-2023,true,51310,"Federal Student Loan Programs: Budget Account Totals, Fair-Value Estimating Procedures / Student Aid Administration / Outlays",fiscal_year,2031,2031,2031,37,12
Student Loans,Outlays,2032,3285.0,Millions of dollars,51310-2023-05-studentloan.xlsx,T7-FV_05-2023,true,51310,"Federal Student Loan Programs: Budget Account Totals, Fair-Value Estimating Procedures / Student Aid Administration / Outlays",fiscal_year,2032,2032,2032,37,13
Student Loans,Outlays,2033,3344.0,Millions of dollars,51310-2023-05-studentloan.xlsx,T7-FV_05-2023,true,51310,"Federal Student Loan Programs: Budget Account Totals, Fair-Value Estimating Procedures / Student Aid Administration / Outlays",fiscal_year,2033,2033,2033,37,14
Student Loans,Budget Authority,2023,111697.0,Millions of dollars,51310-2023-05-studentloan.xlsx,T7-FV_05-2023,true,51310,"Federal Student Loan Programs: Budget Account Totals, Fair-Value Estimating Procedures / Total, Student Loans / Budget Authority",fiscal_year,2023,2023,2023,40,4
Student Loans,Budget Authority,2024,27326.0,Millions of dollars,51310-2023-05-studentloan.xlsx,T7-FV_05-2023,true,51310,"Federal Student Loan Programs: Budget Account Totals, Fair-Value Estimating Procedures / Total, Student Loans / Budget Authority",fiscal_year,2024,2024,2024,40,5
Student Loans,Budget Authority,2025,28851.0,Millions of dollars,51310-2023-05-studentloan.xlsx,T7-FV_05-2023,true,51310,"Federal Student Loan Programs: Budget Account Totals, Fair-Value Estimating Procedures / Total, Student Loans / Budget Authority",fiscal_year,2025,2025,2025,40,6
Student Loans,Budget Authority,2026,30210.0,Millions of dollars,51310-2023-05-studentloan.xlsx,T7-FV_05-2023,true,51310,"Federal Student Loan Programs: Budget Account Totals, Fair-Value Estimating Procedures / Total, Student Loans / Budget Authority",fiscal_year,2026,2026,2026,40,7
Student Loans,Budget Authority,2027,31672.0,Millions of dollars,51310-2023-05-studentloan.xlsx,T7-FV_05-2023,true,51310,"Federal Student Loan Programs: Budget Account Totals, Fair-Value Estimating Procedures / Total, Student Loans / Budget Authority",fiscal_year,2027,2027,2027,40,8
Student Loans,Budget Authority,2028,31966.0,Millions of dollars,51310-2023-05-studentloan.xlsx,T7-FV_05-2023,true,51310,"Federal Student Loan Programs: Budget Account Totals, Fair-Value Estimating Procedures / Total, Student Loans / Budget Authority",fiscal_year,2028,2028,2028,40,9
Student Loans,Budget Authority,2029,32152.0,Millions of dollars,51310-2023-05-studentloan.xlsx,T7-FV_05-2023,true,51310,"Federal Student Loan Programs: Budget Account Totals, Fair-Value Estimating Procedures / Total, Student Loans / Budget Authority",fiscal_year,2029,2029,2029,40,10
Student Loans,Budget Authority,2030,32279.0,Millions of dollars,51310-2023-05-studentloan.xlsx,T7-FV_05-2023,true,51310,"Federal Student Loan Programs: Budget Account Totals, Fair-Value Estimating Procedures / Total, Student Loans / Budget Authority",fiscal_year,2030,2030,2030,40,11
Student Loans,Budget Authority,2031,32344.0,Millions of dollars,51310-2023-05-studentloan.xlsx,T7-FV_05-2023,true,51310,"Federal Student Loan Programs: Budget Account Totals, Fair-Value Estimating Procedures / Total, Student Loans / Budget Authority",fiscal_year,2031,2031,2031,40,12
Student Loans,Budget Authority,2032,33188.0,Millions of dollars,51310-2023-05-studentloan.xlsx,T7-FV_05-2023,true,51310,"Federal Student Loan Programs: Budget Account Totals, Fair-Value Estimating Procedures / Total, Student Loans / Budget Authority",fiscal_year,2032,2032,2032,40,13
Student Loans,Budget Authority,2033,33476.0,Millions of dollars,51310-2023-05-studentloan.xlsx,T7-FV_05-2023,true,51310,"Federal Student Loan Programs: Budget Account Totals, Fair-Value Estimating Procedures / Total, Student Loans / Budget Authority",fiscal_year,2033,2033,2033,40,14
Student Loans,Outlays,2023,109778.0,Millions of dollars,51310-2023-05-studentloan.xlsx,T7-FV_05-2023,true,51310,"Federal Student Loan Programs: Budget Account Totals, Fair-Value Estimating Procedures / Total, Student Loans / Outlays",fiscal_year,2023,2023,2023,41,4
Student Loans,Outlays,2024,24544.0,Millions of dollars,51310-2023-05-studentloan.xlsx,T7-FV_05-2023,true,51310,"Federal Student Loan Programs: Budget Account Totals, Fair-Value Estimating Procedures / Total, Student Loans / Outlays",fiscal_year,2024,2024,2024,41,5
Student Loans,Outlays,2025,25382.0,Millions of dollars,51310-2023-05-studentloan.xlsx,T7-FV_05-2023,true,51310,"Federal Student Loan Programs: Budget Account Totals, Fair-Value Estimating Procedures / Total, Student Loans / Outlays",fiscal_year,2025,2025,2025,41,6
Student Loans,Outlays,2026,26652.0,Millions of dollars,51310-2023-05-studentloan.xlsx,T7-FV_05-2023,true,51310,"Federal Student Loan Programs: Budget Account Totals, Fair-Value Estimating Procedures / Total, Student Loans / Outlays",fiscal_year,2026,2026,2026,41,7
Student Loans,Outlays,2027,27919.0,Millions of dollars,51310-2023-05-studentloan.xlsx,T7-FV_05-2023,true,51310,"Federal Student Loan Programs: Budget Account Totals, Fair-Value Estimating Procedures / Total, Student Loans / Outlays",fiscal_year,2027,2027,2027,41,8
Student Loans,Outlays,2028,28335.0,Millions of dollars,51310-2023-05-studentloan.xlsx,T7-FV_05-2023,true,51310,"Federal Student Loan Programs: Budget Account Totals, Fair-Value Estimating Procedures / Total, Student Loans / Outlays",fiscal_year,2028,2028,2028,41,9
Student Loans,Outlays,2029,28547.0,Millions of dollars,51310-2023-05-studentloan.xlsx,T7-FV_05-2023,true,51310,"Federal Student Loan Programs: Budget Account Totals, Fair-Value Estimating Procedures / Total, Student Loans / Outlays",fiscal_year,2029,2029,2029,41,10
Student Loans,Outlays,2030,28720.0,Millions of dollars,51310-2023-05-studentloan.xlsx,T7-FV_05-2023,true,51310,"Federal Student Loan Programs: Budget Account Totals, Fair-Value Estimating Procedures / Total, Student Loans / Outlays",fiscal_year,2030,2030,2030,41,11
Student Loans,Outlays,2031,28831.0,Millions of dollars,51310-2023-05-studentloan.xlsx,T7-FV_05-2023,true,51310,"Federal Student Loan Programs: Budget Account Totals, Fair-Value Estimating Procedures / Total, Student Loans / Outlays",fiscal_year,2031,2031,2031,41,12
Student Loans,Outlays,2032,29328.0,Millions of dollars,51310-2023-05-studentloan.xlsx,T7-FV_05-2023,true,51310,"Federal Student Loan Programs: Budget Account Totals, Fair-Value Estimating Procedures / Total, Student Loans / Outlays",fiscal_year,2032,2032,2032,41,13
Student Loans,Outlays,2033,29758.0,Millions of dollars,51310-2023-05-studentloan.xlsx,T7-FV_05-2023,true,51310,"Federal Student Loan Programs: Budget Account Totals, Fair-Value Estimating Procedures / Total, Student Loans / Outlays",fiscal_year,2033,2033,2033,41,14
