program,category,fiscal_year,value,unit,source_file,source_sheet,is_total,program_id,category_path,period_type,period_start_year,period_end_year,period_label,source_row,source_column
Student Loans,Budget Authority,2019,-1216.0,Millions of dollars,51310-2019-05-Student-Loan.xlsx,Table 1,false,51310,Table 1. / Direct Student Loans / Program Accounta / Budget Authority,fiscal_year,2019,2019,2019,9,5
Student Loans,Budget Authority,2020,-4700.0,Millions of dollars,51310-2019-05-Student-Loan.xlsx,Table 1,false,51310,Table 1. / Direct Student Loans / Program Accounta / Budget Authority,fiscal_year,2020,2020,2020,9,6
Student Loans,Budget Authority,2021,-3575.0,Millions of dollars,51310-2019-05-Student-Loan.xlsx,Table 1,false,51310,Table 1. / Direct Student Loans / Program Accounta / Budget Authority,fiscal_year,2021,2021,2021,9,7
Student Loans,Budget Authority,2022,-2265.0,Millions of dollars,51310-2019-05-Student-Loan.xlsx,Table 1,false,51310,Table 1. / Direct Student Loans / Program Accounta / Budget Authority,fiscal_year,2022,2022,2022,9,8
Student Loans,Budget Authority,2023,-1948.0,Millions of dollars,51310-2019-05-Student-Loan.xlsx,Table 1,false,51310,Table 1. / Direct Student Loans / Program Accounta / Budget Authority,fiscal_year,2023,2023,2023,9,9
Student Loans,Budget Authority,2024,-1789.0,Millions of dollars,51310-2019-05-Student-Loan.xlsx,Table 1,false,51310,Table 1. / Direct Student Loans / Program Accounta / Budget Authority,fiscal_year,2024,2024,2024,9,10
Student Loans,Budget Authority,2025,-2707.0,Millions of dollars,51310-2019-05-Student-Loan.xlsx,Table 1,false,51310,Table 1. / Direct Student Loans / Program Accounta / Budget Authority,fiscal_year,2025,2025,2025,9,11
Student Loans,Budget Authority,2026,-2928.0,Millions of dollars,51310-2019-05-Student-Loan.xlsx,Table 1,false,51310,Table 1. / Direct Student Loans / Program Accounta / Budget Authority,fiscal_year,2026,2026,2026,9,12
Student Loans,Budget Authority,2027,-3144.0,Millions of dollars,51310-2019-05-Student-Loan.xlsx,Table 1,false,51310,Table 1. / Direct Student Loans / Program Accounta / Budget Authority,fiscal_year,2027,2027,2027,9,13
Student Loans,Budget Authority,2028,-3716.0,Millions of dollars,51310-2019-05-Student-Loan.xlsx,Table 1,false,51310,Table 1. / Direct Student Loans / Program Accounta / Budget Authority,fiscal_year,2028,2028,2028,9,14
Student Loans,Budget Authority,2029,-4311.0,Millions of dollars,51310-2019-05-Student-Loan.xlsx,Table 1,false,51310,Table 1. / Direct Student Loans / Program Accounta / Budget Authority,fiscal_year,2029,2029,2029,9,15
Student Loans,Outlays,2019,-1905.0,Millions of dollars,51310-2019-05-Student-Loan.xlsx,Table 1,false,51310,Table 1. / Direct Student Loans / Program Accounta / Outlays,fiscal_year,2019,2019,2019,10,5
Student Loans,Outlays,2020,-4683.0,Millions of dollars,51310-2019-05-Student-Loan.xlsx,Table 1,false,51310,Table 1. / Direct Student Loans / Program Accounta / Outlays,fiscal_year,2020,2020,2020,10,6
Student Loans,Outlays,2021,-3648.0,Millions of dollars,51310-2019-05-Student-Loan.xlsx,Table 1,false,51310,Table 1. / Direct Student Loans / Program Accounta / Outlays,fiscal_year,2021,2021,2021,10,7
Student Loans,Outlays,2022,-2533.0,Millions of dollars,51310-2019-05-Student-Loan.xlsx,Table 1,false,51310,Table 1. / Direct Student Loans / Program Accounta / Outlays,fiscal_year,2022,2022,2022,10,8
Student Loans,Outlays,2023,-1957.0,Millions of dollars,51310-2019-05-Student-Loan.xlsx,Table 1,false,51310,Table 1. / Direct Student Loans / Program Accounta / Outlays,fiscal_year,2023,2023,2023,10,9
Student Loans,Outlays,2024,-1771.0,Millions of dollars,51310-2019-05-Student-Loan.xlsx,Table 1,false,51310,Table 1. / Direct Student Loans / Program Accounta / Outlays,fiscal_year,2024,2024,2024,10,10
Student Loans,Outlays,2025,-2255.0,Millions of dollars,51310-2019-05-Student-Loan.xlsx,Table 1,false,51310,Table 1. / Direct Student Loans / Program Accounta / Outlays,fiscal_year,2025,2025,2025,10,11
Student Loans,Outlays,2026,-2672.0,Millions of dollars,51310-2019-05-Student-Loan.xlsx,Table 1,false,51310,Table 1. / Direct Student Loans / Program Accounta / Outlays,fiscal_year,2026,2026,2026,10,12
Student Loans,Outlays,2027,-2864.0,Millions of dollars,51310-2019-05-Student-Loan.xlsx,Table 1,false,51310,Table 1. / Direct Student Loans / Program Accounta / Outlays,fiscal_year,2027,2027,2027,10,13
Student Loans,Outlays,2028,-3265.0,Millions of dollars,51310-2019-05-Student-Loan.xlsx,Table 1,false,51310,Table 1. / Direct Student Loans / Program Accounta / Outlays,fiscal_year,2028,2028,2028,10,14
Student Loans,Outlays,2029,-3789.0,Millions of dollars,51310-2019-05-Student-Loan.xlsx,Table 1,false,51310,Table 1. / Direct Student Loans / Program Accounta / Outlays,fiscal_year,2029,2029,2029,10,15
Student Loans,Budget Authority,2019,26661.0,Millions of dollars,51310-2019-05-Student-Loan.xlsx,Table 1,false,51310,Table 1. / Direct Student Loans / Credit Reestimates and Modificationsb / Budget Authority,fiscal_year,2019,2019,2019,12,5
Student Loans,Budget Authority,2020,0.0,Millions of dollars,51310-2019-05-Student-Loan.xlsx,Table 1,false,51310,Table 1. / Direct Student Loans / Credit Reestimates and Modificationsb / Budget Authority,fiscal_year,2020,2020,2020,12,6
Student Loans,Budget Authority,2021,0.0,Millions of dollars,51310-2019-05-Student-Loan.xlsx,Table 1,false,51310,Table 1. / Direct Student Loans / Credit Reestimates and Modificationsb / Budget Authority,fiscal_year,2021,2021,2021,12,7
Student Loans,Budget Authority,2022,0.0,Millions of dollars,51310-2019-05-Student-Loan.xlsx,Table 1,false,51310,Table 1. / Direct Student Loans / Credit Reestimates and Modificationsb / Budget Authority,fiscal_year,2022,2022,2022,12,8
Student Loans,Budget Authority,2023,0.0,Millions of dollars,51310-2019-05-Student-Loan.xlsx,Table 1,false,51310,Table 1. / Direct Student Loans / Credit Reestimates and Modificationsb / Budget Authority,fiscal_year,2023,2023,2023,12,9
Student Loans,Budget Authority,2024,0.0,Millions of dollars,51310-2019-05-Student-Loan.xlsx,Table 1,false,51310,Table 1. / Direct Student Loans / Credit Reestimates and Modificationsb / Budget Authority,fiscal_year,2024,2024,2024,12,10
Student Loans,Budget Authority,2025,0.0,Millions of dollars,51310-2019-05-Student-Loan.xlsx,Table 1,false,51310,Table 1. / Direct Student Loans / Credit Reestimates and Modificationsb / Budget Authority,fiscal_year,2025,2025,2025,12,11
Student Loans,Budget Authority,2026,0.0,Millions of dollars,51310-2019-05-Student-Loan.xlsx,Table 1,false,51310,Table 1. / Direct Student Loans / Credit Reestimates and Modificationsb / Budget Authority,fiscal_year,2026,2026,2026,12,12
Student Loans,Budget Authority,2027,0.0,Millions of dollars,51310-2019-05-Student-Loan.xlsx,Table 1,false,51310,Table 1. / Direct Student Loans / Credit Reestimates and Modificationsb / Budget Authority,fiscal_year,2027,2027,2027,12,13
Student Loans,Budget Authority,2028,0.0,Millions of dollars,51310-2019-05-Student-Loan.xlsx,Table 1,false,51310,Table 1. / Direct Student Loans / Credit Reestimates and Modificationsb / Budget Authority,fiscal_year,2028,2028,2028,12,14
Student Loans,Budget Authority,2029,0.0,Millions of dollars,51310-2019-05-Student-Loan.xlsx,Table 1,false,51310,Table 1. / Direct Student Loans / Credit Reestimates and Modificationsb / Budget Authority,fiscal_year,2029,2029,2029,12,15
Student Loans,Outlays,2019,26661.0,Millions of dollars,51310-2019-05-Student-Loan.xlsx,Table 1,false,51310,Table 1. / Direct Student Loans / Credit Reestimates and Modificationsb / Outlays,fiscal_year,2019,2019,2019,13,5
Student Loans,Outlays,2020,0.0,Millions of dollars,51310-2019-05-Student-Loan.xlsx,Table 1,false,51310,Table 1. / Direct Student Loans / Credit Reestimates and Modificationsb / Outlays,fiscal_year,2020,2020,2020,13,6
Student Loans,Outlays,2021,0.0,Millions of dollars,51310-2019-05-Student-Loan.xlsx,Table 1,false,51310,Table 1. / Direct Student Loans / Credit Reestimates and Modificationsb / Outlays,fiscal_year,2021,2021,2021,13,7
Student Loans,Outlays,2022,0.0,Millions of dollars,51310-2019-05-Student-Loan.xlsx,Table 1,false,51310,Table 1. / Direct Student Loans / Credit Reestimates and Modificationsb / Outlays,fiscal_year,2022,2022,2022,13,8
Student Loans,Outlays,2023,0.0,Millions of dollars,51310-2019-05-Student-Loan.xlsx,Table 1,false,51310,Table 1. / Direct Student Loans / Credit Reestimates and Modificationsb / Outlays,fiscal_year,2023,2023,2023,13,9
Student Loans,Outlays,2024,0.0,Millions of dollars,51310-2019-05-Student-Loan.xlsx,Table 1,false,51310,Table 1. / Direct Student Loans / Credit Reestimates and Modificationsb / Outlays,fiscal_year,2024,2024,2024,13,10
Student Loans,Outlays,2025,0.0,Millions of dollars,51310-2019-05-Student-Loan.xlsx,Table 1,false,51310,Table 1. / Direct Student Loans / Credit Reestimates and Modificationsb / Outlays,fiscal_year,2025,2025,2025,13,11
Student Loans,Outlays,2026,0.0,Millions of dollars,51310-2019-05-Student-Loan.xlsx,Table 1,false,51310,Table 1. / Direct Student Loans / Credit Reestimates and Modificationsb / Outlays,fiscal_year,2026,2026,2026,13,12
Student Loans,Outlays,2027,0.0,Millions of dollars,51310-2019-05-Student-Loan.xlsx,Table 1,false,51310,Table 1. / Direct Student Loans / Credit Reestimates and Modificationsb / Outlays,fiscal_year,2027,2027,2027,13,13
Student Loans,Outlays,2028,0.0,Millions of dollars,51310-2019-05-Student-Loan.xlsx,Table 1,false,51310,Table 1. / Direct Student Loans / Credit Reestimates and Modificationsb / Outlays,fiscal_year,2028,2028,2028,13,14
Student Loans,Outlays,2029,0.0,Millions of dollars,51310-2019-05-Student-Loan.xlsx,Table 1,false,51310,Table 1. / Direct Student Loans / Credit Reestimates and Modificationsb / Outlays,fiscal_year,2029,2029,2029,13,15
Student Loans,Budget Authority,2019,25445.0,Millions of dollars,51310-2019-05-Student-Loan.xlsx,Table 1,true,51310,"Table 1. / Direct Student Loans / Subtotal, Direct Loans / Budget Authority",fiscal_year,2019,2019,2019,15,5
Student Loans,Budget Authority,2020,-4700.0,Millions of dollars,51310-2019-05-Student-Loan.xlsx,Table 1,true,51310,"Table 1. / Direct Student Loans / Subtotal, Direct Loans / Budget Authority",fiscal_year,2020,2020,2020,15,6
Student Loans,Budget Authority,2021,-3575.0,Millions of dollars,51310-2019-05-Student-Loan.xlsx,Table 1,true,51310,"Table 1. / Direct Student Loans / Subtotal, Direct Loans / Budget Authority",fiscal_year,2021,2021,2021,15,7
Student Loans,Budget Authority,2022,-2265.0,Millions of dollars,51310-2019-05-Student-Loan.xlsx,Table 1,true,51310,"Table 1. / Direct Student Loans / Subtotal, Direct Loans / Budget Authority",fiscal_year,2022,2022,2022,15,8
Student Loans,Budget Authority,2023,-1948.0,Millions of dollars,51310-2019-05-Student-Loan.xlsx,Table 1,true,51310,"Table 1. / Direct Student Loans / Subtotal, Direct Loans / Budget Authority",fiscal_year,2023,2023,2023,15,9
Student Loans,Budget Authority,2024,-1789.0,Millions of dollars,51310-2019-05-Student-Loan.xlsx,Table 1,true,51310,"Table 1. / Direct Student Loans / Subtotal, Direct Loans / Budget Authority",fiscal_year,2024,2024,2024,15,10
Student Loans,Budget Authority,2025,-2707.0,Millions of dollars,51310-2019-05-Student-Loan.xlsx,Table 1,true,51310,"Table 1. / Direct Student Loans / Subtotal, Direct Loans / Budget Authority",fiscal_year,2025,2025,2025,15,11
Student Loans,Budget Authority,2026,-2928.0,Millions of dollars,51310-2019-05-Student-Loan.xlsx,Table 1,true,51310,"Table 1. / Direct Student Loans / Subtotal, Direct Loans / Budget Authority",fiscal_year,2026,2026,2026,15,12
Student Loans,Budget Authority,2027,-3144.0,Millions of dollars,51310-2019-05-Student-Loan.xlsx,Table 1,true,51310,"Table 1. / Direct Student Loans / Subtotal, Direct Loans / Budget Authority",fiscal_year,2027,2027,2027,15,13
Student Loans,Budget Authority,2028,-3716.0,Millions of dollars,51310-2019-05-Student-Loan.xlsx,Table 1,true,51310,"Table 1. / Direct Student Loans / Subtotal, Direct Loans / Budget Authority",fiscal_year,2028,2028,2028,15,14
Student Loans,Budget Authority,2029,-4311.0,Millions of dollars,51310-2019-05-Student-Loan.xlsx,Table 1,true,51310,"Table 1. / Direct Student Loans / Subtotal, Direct Loans / Budget Authority",fiscal_year,2029,2029,2029,15,15
Student Loans,Outlays,2019,24756.0,Millions of dollars,51310-2019-05-Student-Loan.xlsx,Table 1,true,51310,"Table 1. / Direct Student Loans / Subtotal, Direct Loans / Outlays",fiscal_year,2019,2019,2019,16,5
Student Loans,Outlays,2020,-4683.0,Millions of dollars,51310-2019-05-Student-Loan.xlsx,Table 1,true,51310,"Table 1. / Direct Student Loans / Subtotal, Direct Loans / Outlays",fiscal_year,2020,2020,2020,16,6
Student Loans,Outlays,2021,-3648.0,Millions of dollars,51310-2019-05-Student-Loan.xlsx,Table 1,true,51310,"Table 1. / Direct Student Loans / Subtotal, Direct Loans / Outlays",fiscal_year,2021,2021,2021,16,7
Student Loans,Outlays,2022,-2533.0,Millions of dollars,51310-2019-05-Student-Loan.xlsx,Table 1,true,51310,"Table 1. / Direct Student Loans / Subtotal, Direct Loans / Outlays",fiscal_year,2022,2022,2022,16,8
Student Loans,Outlays,2023,-1957.0,Millions of dollars,51310-2019-05-Student-Loan.xlsx,Table 1,true,51310,"Table 1. / Direct Student Loans / Subtotal, Direct Loans / Outlays",fiscal_year,2023,2023,2023,16,9
Student Loans,Outlays,2024,-1771.0,Millions of dollars,51310-2019-05-Student-Loan.xlsx,Table 1,true,51310,"Table 1. / Direct Student Loans / Subtotal, Direct Loans / Outlays",fiscal_year,2024,2024,2024,16,10
Student Loans,Outlays,2025,-2255.0,Millions of dollars,51310-2019-05-Student-Loan.xlsx,Table 1,true,51310,"Table 1. / Direct Student Loans / Subtotal, Direct Loans / Outlays",fiscal_year,2025,2025,2025,16,11
Student Loans,Outlays,2026,-2672.0,Millions of dollars,51310-2019-05-Student-Loan.xlsx,Table 1,true,51310,"Table 1. / Direct Student Loans / Subtotal, Direct Loans / Outlays",fiscal_year,2026,2026,2026,16,12
Student Loans,Outlays,2027,-2864.0,Millions of dollars,51310-2019-05-Student-Loan.xlsx,Table 1,true,51310,"Table 1. / Direct Student Loans / Subtotal, Direct Loans / Outlays",fiscal_year,2027,2027,2027,16,13
Student Loans,Outlays,2028,-3265.0,Millions of dollars,51310-2019-05-Student-Loan.xlsx,Table 1,true,51310,"Table 1. / Direct Student Loans / Subtotal, Direct Loans / Outlays",fiscal_year,2028,2028,2028,16,14
Student Loans,Outlays,2029,-3789.0,Millions of dollars,51310-2019-05-Student-Loan.xlsx,Table 1,true,51310,"Table 1. / Direct Student Loans / Subtotal, Direct Loans / Outlays",fiscal_year,2029,2029,2029,16,15
Student Loans,Budget Authority,2019,-355.0,Millions of dollars,51310-2019-05-Student-Loan.xlsx,Table 1,false,51310,Table 1. / Guaranteed Student Loans / Program Liquidating Account and / Budget Authority,fiscal_year,2019,2019,2019,20,5
Student Loans,Budget Authority,2020,-388.0,Millions of dollars,51310-2019-05-Student-Loan.xlsx,Table 1,false,51310,Table 1. / Guaranteed Student Loans / Program Liquidating Account and / Budget Authority,fiscal_year,2020,2020,2020,20,6
Student Loans,Budget Authority,2021,-288.0,Millions of dollars,51310-2019-05-Student-Loan.xlsx,Table 1,false,51310,Table 1. / Guaranteed Student Loans / Program Liquidating Account and / Budget Authority,fiscal_year,2021,2021,2021,20,7
Student Loans,Budget Authority,2022,-251.0,Millions of dollars,51310-2019-05-Student-Loan.xlsx,Table 1,false,51310,Table 1. / Guaranteed Student Loans / Program Liquidating Account and / Budget Authority,fiscal_year,2022,2022,2022,20,8
Student Loans,Budget Authority,2023,-203.0,Millions of dollars,51310-2019-05-Student-Loan.xlsx,Table 1,false,51310,Table 1. / Guaranteed Student Loans / Program Liquidating Account and / Budget Authority,fiscal_year,2023,2023,2023,20,9
Student Loans,Budget Authority,2024,-163.0,Millions of dollars,51310-2019-05-Student-Loan.xlsx,Table 1,false,51310,Table 1. / Guaranteed Student Loans / Program Liquidating Account and / Budget Authority,fiscal_year,2024,2024,2024,20,10
Student Loans,Budget Authority,2025,-132.0,Millions of dollars,51310-2019-05-Student-Loan.xlsx,Table 1,false,51310,Table 1. / Guaranteed Student Loans / Program Liquidating Account and / Budget Authority,fiscal_year,2025,2025,2025,20,11
Student Loans,Budget Authority,2026,-108.0,Millions of dollars,51310-2019-05-Student-Loan.xlsx,Table 1,false,51310,Table 1. / Guaranteed Student Loans / Program Liquidating Account and / Budget Authority,fiscal_year,2026,2026,2026,20,12
Student Loans,Budget Authority,2027,-90.0,Millions of dollars,51310-2019-05-Student-Loan.xlsx,Table 1,false,51310,Table 1. / Guaranteed Student Loans / Program Liquidating Account and / Budget Authority,fiscal_year,2027,2027,2027,20,13
Student Loans,Budget Authority,2028,-73.0,Millions of dollars,51310-2019-05-Student-Loan.xlsx,Table 1,false,51310,Table 1. / Guaranteed Student Loans / Program Liquidating Account and / Budget Authority,fiscal_year,2028,2028,2028,20,14
Student Loans,Budget Authority,2029,-56.0,Millions of dollars,51310-2019-05-Student-Loan.xlsx,Table 1,false,51310,Table 1. / Guaranteed Student Loans / Program Liquidating Account and / Budget Authority,fiscal_year,2029,2029,2029,20,15
Student Loans,Outlays,2019,-477.0,Millions of dollars,51310-2019-05-Student-Loan.xlsx,Table 1,false,51310,Table 1. / Guaranteed Student Loans / Federal Student Loan Reserve Fund / Outlays,fiscal_year,2019,2019,2019,21,5
Student Loans,Outlays,2020,-484.0,Millions of dollars,51310-2019-05-Student-Loan.xlsx,Table 1,false,51310,Table 1. / Guaranteed Student Loans / Federal Student Loan Reserve Fund / Outlays,fiscal_year,2020,2020,2020,21,6
Student Loans,Outlays,2021,-364.0,Millions of dollars,51310-2019-05-Student-Loan.xlsx,Table 1,false,51310,Table 1. / Guaranteed Student Loans / Federal Student Loan Reserve Fund / Outlays,fiscal_year,2021,2021,2021,21,7
Student Loans,Outlays,2022,-311.0,Millions of dollars,51310-2019-05-Student-Loan.xlsx,Table 1,false,51310,Table 1. / Guaranteed Student Loans / Federal Student Loan Reserve Fund / Outlays,fiscal_year,2022,2022,2022,21,8
Student Loans,Outlays,2023,-251.0,Millions of dollars,51310-2019-05-Student-Loan.xlsx,Table 1,false,51310,Table 1. / Guaranteed Student Loans / Federal Student Loan Reserve Fund / Outlays,fiscal_year,2023,2023,2023,21,9
Student Loans,Outlays,2024,-203.0,Millions of dollars,51310-2019-05-Student-Loan.xlsx,Table 1,false,51310,Table 1. / Guaranteed Student Loans / Federal Student Loan Reserve Fund / Outlays,fiscal_year,2024,2024,2024,21,10
Student Loans,Outlays,2025,-162.0,Millions of dollars,51310-2019-05-Student-Loan.xlsx,Table 1,false,51310,Table 1. / Guaranteed Student Loans / Federal Student Loan Reserve Fund / Outlays,fiscal_year,2025,2025,2025,21,11
Student Loans,Outlays,2026,-129.0,Millions of dollars,51310-2019-05-Student-Loan.xlsx,Table 1,false,51310,Table 1. / Guaranteed Student Loans / Federal Student Loan Reserve Fund / Outlays,fiscal_year,2026,2026,2026,21,12
Student Loans,Outlays,2027,-105.0,Millions of dollars,51310-2019-05-Student-Loan.xlsx,Table 1,false,51310,Table 1. / Guaranteed Student Loans / Federal Student Loan Reserve Fund / Outlays,fiscal_year,2027,2027,2027,21,13
Student Loans,Outlays,2028,-83.0,Millions of dollars,51310-2019-05-Student-Loan.xlsx,Table 1,false,51310,Table 1. / Guaranteed Student Loans / Federal Student Loan Reserve Fund / Outlays,fiscal_year,2028,2028,2028,21,14
Student Loans,Outlays,2029,-62.0,Millions of dollars,51310-2019-05-Student-Loan.xlsx,Table 1,false,51310,Table 1. / Guaranteed Student Loans / Federal Student Loan Reserve Fund / Outlays,fiscal_year,2029,2029,2029,21,15
Student Loans,Budget Authority,2019,1562.0,Millions of dollars,51310-2019-05-Student-Loan.xlsx,Table 1,false,51310,Table 1. / Guaranteed Student Loans / Credit Reestimates and Modificationsb / Budget Authority,fiscal_year,2019,2019,2019,24,5
Student Loans,Budget Authority,2020,0.0,Millions of dollars,51310-2019-05-Student-Loan.xlsx,Table 1,false,51310,Table 1. / Guaranteed Student Loans / Credit Reestimates and Modificationsb / Budget Authority,fiscal_year,2020,2020,2020,24,6
Student Loans,Budget Authority,2021,0.0,Millions of dollars,51310-2019-05-Student-Loan.xlsx,Table 1,false,51310,Table 1. / Guaranteed Student Loans / Credit Reestimates and Modificationsb / Budget Authority,fiscal_year,2021,2021,2021,24,7
Student Loans,Budget Authority,2022,0.0,Millions of dollars,51310-2019-05-Student-Loan.xlsx,Table 1,false,51310,Table 1. / Guaranteed Student Loans / Credit Reestimates and Modificationsb / Budget Authority,fiscal_year,2022,2022,2022,24,8
Student Loans,Budget Authority,2023,0.0,Millions of dollars,51310-2019-05-Student-Loan.xlsx,Table 1,false,51310,Table 1. / Guaranteed Student Loans / Credit Reestimates and Modificationsb / Budget Authority,fiscal_year,2023,2023,2023,24,9
Student Loans,Budget Authority,2024,0.0,Millions of dollars,51310-2019-05-Student-Loan.xlsx,Table 1,false,51310,Table 1. / Guaranteed Student Loans / Credit Reestimates and Modificationsb / Budget Authority,fiscal_year,2024,2024,2024,24,10
Student Loans,Budget Authority,2025,0.0,Millions of dollars,51310-2019-05-Student-Loan.xlsx,Table 1,false,51310,Table 1. / Guaranteed Student Loans / Credit Reestimates and Modificationsb / Budget Authority,fiscal_year,2025,2025,2025,24,11
Student Loans,Budget Authority,2026,0.0,Millions of dollars,51310-2019-05-Student-Loan.xlsx,Table 1,false,51310,Table 1. / Guaranteed Student Loans / Credit Reestimates and Modificationsb / Budget Authority,fiscal_year,2026,2026,2026,24,12
Student Loans,Budget Authority,2027,0.0,Millions of dollars,51310-2019-05-Student-Loan.xlsx,Table 1,false,51310,Table 1. / Guaranteed Student Loans / Credit Reestimates and Modificationsb / Budget Authority,fiscal_year,2027,2027,2027,24,13
Student Loans,Budget Authority,2028,0.0,Millions of dollars,51310-2019-05-Student-Loan.xlsx,Table 1,false,51310,Table 1. / Guaranteed Student Loans / Credit Reestimates and Modificationsb / Budget Authority,fiscal_year,2028,2028,2028,24,14
Student Loans,Budget Authority,2029,0.0,Millions of dollars,51310-2019-05-Student-Loan.xlsx,Table 1,false,51310,Table 1. / Guaranteed Student Loans / Credit Reestimates and Modificationsb / Budget Authority,fiscal_year,2029,2029,2029,24,15
Student Loans,Outlays,2019,1562.0,Millions of dollars,51310-2019-05-Student-Loan.xlsx,Table 1,false,51310,Table 1. / Guaranteed Student Loans / Credit Reestimates and Modificationsb / Outlays,fiscal_year,2019,2019,2019,25,5
Student Loans,Outlays,2020,0.0,Millions of dollars,51310-2019-05-Student-Loan.xlsx,Table 1,false,51310,Table 1. / Guaranteed Student Loans / Credit Reestimates and Modificationsb / Outlays,fiscal_year,2020,2020,2020,25,6
Student Loans,Outlays,2021,0.0,Millions of dollars,51310-2019-05-Student-Loan.xlsx,Table 1,false,51310,Table 1. / Guaranteed Student Loans / Credit Reestimates and Modificationsb / Outlays,fiscal_year,2021,2021,2021,25,7
Student Loans,Outlays,2022,0.0,Millions of dollars,51310-2019-05-Student-Loan.xlsx,Table 1,false,51310,Table 1. / Guaranteed Student Loans / Credit Reestimates and Modificationsb / Outlays,fiscal_year,2022,2022,2022,25,8
Student Loans,Outlays,2023,0.0,Millions of dollars,51310-2019-05-Student-Loan.xlsx,Table 1,false,51310,Table 1. / Guaranteed Student Loans / Credit Reestimates and Modificationsb / Outlays,fiscal_year,2023,2023,2023,25,9
Student Loans,Outlays,2024,0.0,Millions of dollars,51310-2019-05-Student-Loan.xlsx,Table 1,false,51310,Table 1. / Guaranteed Student Loans / Credit Reestimates and Modificationsb / Outlays,fiscal_year,2024,2024,2024,25,10
Student Loans,Outlays,2025,0.0,Millions of dollars,51310-2019-05-Student-Loan.xlsx,Table 1,false,51310,Table 1. / Guaranteed Student Loans / Credit Reestimates and Modificationsb / Outlays,fiscal_year,2025,2025,2025,25,11
Student Loans,Outlays,2026,0.0,Millions of dollars,51310-2019-05-Student-Loan.xlsx,Table 1,false,51310,Table 1. / Guaranteed Student Loans / Credit Reestimates and Modificationsb / Outlays,fiscal_year,2026,2026,2026,25,12
Student Loans,Outlays,2027,0.0,Millions of dollars,51310-2019-05-Student-Loan.xlsx,Table 1,false,51310,Table 1. / Guaranteed Student Loans / Credit Reestimates and Modificationsb / Outlays,fiscal_year,2027,2027,2027,25,13
Student Loans,Outlays,2028,0.0,Millions of dollars,51310-2019-05-Student-Loan.xlsx,Table 1,false,51310,Table 1. / Guaranteed Student Loans / Credit Reestimates and Modificationsb / Outlays,fiscal_year,2028,2028,2028,25,14
Student Loans,Outlays,2029,0.0,Millions of dollars,51310-2019-05-Student-Loan.xlsx,Table 1,false,51310,Table 1. / Guaranteed Student Loans / Credit Reestimates and Modificationsb / Outlays,fiscal_year,2029,2029,2029,25,15
Student Loans,Budget Authority,2019,1207.0,Millions of dollars,51310-2019-05-Student-Loan.xlsx,Table 1,true,51310,"Table 1. / Guaranteed Student Loans / Subtotal, Guaranteed Loans / Budget Authority",fiscal_year,2019,2019,2019,27,5
Student Loans,Budget Authority,2020,-388.0,Millions of dollars,51310-2019-05-Student-Loan.xlsx,Table 1,true,51310,"Table 1. / Guaranteed Student Loans / Subtotal, Guaranteed Loans / Budget Authority",fiscal_year,2020,2020,2020,27,6
Student Loans,Budget Authority,2021,-288.0,Millions of dollars,51310-2019-05-Student-Loan.xlsx,Table 1,true,51310,"Table 1. / Guaranteed Student Loans / Subtotal, Guaranteed Loans / Budget Authority",fiscal_year,2021,2021,2021,27,7
Student Loans,Budget Authority,2022,-251.0,Millions of dollars,51310-2019-05-Student-Loan.xlsx,Table 1,true,51310,"Table 1. / Guaranteed Student Loans / Subtotal, Guaranteed Loans / Budget Authority",fiscal_year,2022,2022,2022,27,8
Student Loans,Budget Authority,2023,-203.0,Millions of dollars,51310-2019-05-Student-Loan.xlsx,Table 1,true,51310,"Table 1. / Guaranteed Student Loans / Subtotal, Guaranteed Loans / Budget Authority",fiscal_year,2023,2023,2023,27,9
Student Loans,Budget Authority,2024,-163.0,Millions of dollars,51310-2019-05-Student-Loan.xlsx,Table 1,true,51310,"Table 1. / Guaranteed Student Loans / Subtotal, Guaranteed Loans / Budget Authority",fiscal_year,2024,2024,2024,27,10
Student Loans,Budget Authority,2025,-132.0,Millions of dollars,51310-2019-05-Student-Loan.xlsx,Table 1,true,51310,"Table 1. / Guaranteed Student Loans / Subtotal, Guaranteed Loans / Budget Authority",fiscal_year,2025,2025,2025,27,11
Student Loans,Budget Authority,2026,-108.0,Millions of dollars,51310-2019-05-Student-Loan.xlsx,Table 1,true,51310,"Table 1. / Guaranteed Student Loans / Subtotal, Guaranteed Loans / Budget Authority",fiscal_year,2026,2026,2026,27,12
Student Loans,Budget Authority,2027,-90.0,Millions of dollars,51310-2019-05-Student-Loan.xlsx,Table 1,true,51310,"Table 1. / Guaranteed Student Loans / Subtotal, Guaranteed Loans / Budget Authority",fiscal_year,2027,2027,2027,27,13
Student Loans,Budget Authority,2028,-73.0,Millions of dollars,51310-2019-05-Student-Loan.xlsx,Table 1,true,51310,"Table 1. / Guaranteed Student Loans / Subtotal, Guaranteed Loans / Budget Authority",fiscal_year,2028,2028,2028,27,14
Student Loans,Budget Authority,2029,-56.0,Millions of dollars,51310-2019-05-Student-Loan.xlsx,Table 1,true,51310,"Table 1. / Guaranteed Student Loans / Subtotal, Guaranteed Loans / Budget Authority",fiscal_year,2029,2029,2029,27,15
Student Loans,Outlays,2019,1085.0,Millions of dollars,51310-2019-05-Student-Loan.xlsx,Table 1,true,51310,"Table 1. / Guaranteed Student Loans / Subtotal, Guaranteed Loans / Outlays",fiscal_year,2019,2019,2019,28,5
Student Loans,Outlays,2020,-484.0,Millions of dollars,51310-2019-05-Student-Loan.xlsx,Table 1,true,51310,"Table 1. / Guaranteed Student Loans / Subtotal, Guaranteed Loans / Outlays",fiscal_year,2020,2020,2020,28,6
Student Loans,Outlays,2021,-364.0,Millions of dollars,51310-2019-05-Student-Loan.xlsx,Table 1,true,51310,"Table 1. / Guaranteed Student Loans / Subtotal, Guaranteed Loans / Outlays",fiscal_year,2021,2021,2021,28,7
Student Loans,Outlays,2022,-311.0,Millions of dollars,51310-2019-05-Student-Loan.xlsx,Table 1,true,51310,"Table 1. / Guaranteed Student Loans / Subtotal, Guaranteed Loans / Outlays",fiscal_year,2022,2022,2022,28,8
Student Loans,Outlays,2023,-251.0,Millions of dollars,51310-2019-05-Student-Loan.xlsx,Table 1,true,51310,"Table 1. / Guaranteed Student Loans / Subtotal, Guaranteed Loans / Outlays",fiscal_year,2023,2023,2023,28,9
Student Loans,Outlays,2024,-203.0,Millions of dollars,51310-2019-05-Student-Loan.xlsx,Table 1,true,51310,"Table 1. / Guaranteed Student Loans / Subtotal, Guaranteed Loans / Outlays",fiscal_year,2024,2024,2024,28,10
Student Loans,Outlays,2025,-162.0,Millions of dollars,51310-2019-05-Student-Loan.xlsx,Table 1,true,51310,"Table 1. / Guaranteed Student Loans / Subtotal, Guaranteed Loans / Outlays",fiscal_year,2025,2025,2025,28,11
Student Loans,Outlays,2026,-129.0,Millions of dollars,51310-2019-05-Student-Loan.xlsx,Table 1,true,51310,"Table 1. / Guaranteed Student Loans / Subtotal, Guaranteed Loans / Outlays",fiscal_year,2026,2026,2026,28,12
Student Loans,Outlays,2027,-105.0,Millions of dollars,51310-2019-05-Student-Loan.xlsx,Table 1,true,51310,"Table 1. / Guaranteed Student Loans / Subtotal, Guaranteed Loans / Outlays",fiscal_year,2027,2027,2027,28,13
Student Loans,Outlays,2028,-83.0,Millions of dollars,51310-2019-05-Student-Loan.xlsx,Table 1,true,51310,"Table 1. / Guaranteed Student Loans / Subtotal, Guaranteed Loans / Outlays",fiscal_year,2028,2028,2028,28,14
Student Loans,Outlays,2029,-62.0,Millions of dollars,51310-2019-05-Student-Loan.xlsx,Table 1,true,51310,"Table 1. / Guaranteed Student Loans / Subtotal, Guaranteed Loans / Outlays",fiscal_year,2029,2029,2029,28,15
Student Loans,Budget Authority,2019,1679.0,Millions of dollars,51310-2019-05-Student-Loan.xlsx,Table 1,false,51310,Table 1. / Student Aid Administration / Student Aid Administration (Discretionary)c / Budget Authority,fiscal_year,2019,2019,2019,32,5
Student Loans,Budget Authority,2020,1719.406814,Millions of dollars,51310-2019-05-Student-Loan.xlsx,Table 1,false,51310,Table 1. / Student Aid Administration / Student Aid Administration (Discretionary)c / Budget Authority,fiscal_year,2020,2020,2020,32,6
Student Loans,Budget Authority,2021,1759.0,Millions of dollars,51310-2019-05-Student-Loan.xlsx,Table 1,false,51310,Table 1. / Student Aid Administration / Student Aid Administration (Discretionary)c / Budget Authority,fiscal_year,2021,2021,2021,32,7
Student Loans,Budget Authority,2022,1799.0,Millions of dollars,51310-2019-05-Student-Loan.xlsx,Table 1,false,51310,Table 1. / Student Aid Administration / Student Aid Administration (Discretionary)c / Budget Authority,fiscal_year,2022,2022,2022,32,8
Student Loans,Budget Authority,2023,1842.0,Millions of dollars,51310-2019-05-Student-Loan.xlsx,Table 1,false,51310,Table 1. / Student Aid Administration / Student Aid Administration (Discretionary)c / Budget Authority,fiscal_year,2023,2023,2023,32,9
Student Loans,Budget Authority,2024,1885.0,Millions of dollars,51310-2019-05-Student-Loan.xlsx,Table 1,false,51310,Table 1. / Student Aid Administration / Student Aid Administration (Discretionary)c / Budget Authority,fiscal_year,2024,2024,2024,32,10
Student Loans,Budget Authority,2025,1929.0,Millions of dollars,51310-2019-05-Student-Loan.xlsx,Table 1,false,51310,Table 1. / Student Aid Administration / Student Aid Administration (Discretionary)c / Budget Authority,fiscal_year,2025,2025,2025,32,11
Student Loans,Budget Authority,2026,1973.0,Millions of dollars,51310-2019-05-Student-Loan.xlsx,Table 1,false,51310,Table 1. / Student Aid Administration / Student Aid Administration (Discretionary)c / Budget Authority,fiscal_year,2026,2026,2026,32,12
Student Loans,Budget Authority,2027,2017.0,Millions of dollars,51310-2019-05-Student-Loan.xlsx,Table 1,false,51310,Table 1. / Student Aid Administration / Student Aid Administration (Discretionary)c / Budget Authority,fiscal_year,2027,2027,2027,32,13
Student Loans,Budget Authority,2028,2065.0,Millions of dollars,51310-2019-05-Student-Loan.xlsx,Table 1,false,51310,Table 1. / Student Aid Administration / Student Aid Administration (Discretionary)c / Budget Authority,fiscal_year,2028,2028,2028,32,14
Student Loans,Budget Authority,2029,2111.0,Millions of dollars,51310-2019-05-Student-Loan.xlsx,Table 1,false,51310,Table 1. / Student Aid Administration / Student Aid Administration (Discretionary)c / Budget Authority,fiscal_year,2029,2029,2029,32,15
Student Loans,Outlays,2019,1663.52,Millions of dollars,51310-2019-05-Student-Loan.xlsx,Table 1,false,51310,Table 1. / Student Aid Administration / Student Aid Administration (Discretionary)c / Outlays,fiscal_year,2019,2019,2019,33,5
Student Loans,Outlays,2020,1696.0,Millions of dollars,51310-2019-05-Student-Loan.xlsx,Table 1,false,51310,Table 1. / Student Aid Administration / Student Aid Administration (Discretionary)c / Outlays,fiscal_year,2020,2020,2020,33,6
Student Loans,Outlays,2021,1735.0,Millions of dollars,51310-2019-05-Student-Loan.xlsx,Table 1,false,51310,Table 1. / Student Aid Administration / Student Aid Administration (Discretionary)c / Outlays,fiscal_year,2021,2021,2021,33,7
Student Loans,Outlays,2022,1773.0,Millions of dollars,51310-2019-05-Student-Loan.xlsx,Table 1,false,51310,Table 1. / Student Aid Administration / Student Aid Administration (Discretionary)c / Outlays,fiscal_year,2022,2022,2022,33,8
Student Loans,Outlays,2023,1815.0,Millions of dollars,51310-2019-05-Student-Loan.xlsx,Table 1,false,51310,Table 1. / Student Aid Administration / Student Aid Administration (Discretionary)c / Outlays,fiscal_year,2023,2023,2023,33,9
Student Loans,Outlays,2024,1858.0,Millions of dollars,51310-2019-05-Student-Loan.xlsx,Table 1,false,51310,Table 1. / Student Aid Administration / Student Aid Administration (Discretionary)c / Outlays,fiscal_year,2024,2024,2024,33,10
Student Loans,Outlays,2025,1901.0,Millions of dollars,51310-2019-05-Student-Loan.xlsx,Table 1,false,51310,Table 1. / Student Aid Administration / Student Aid Administration (Discretionary)c / Outlays,fiscal_year,2025,2025,2025,33,11
Student Loans,Outlays,2026,1945.0,Millions of dollars,51310-2019-05-Student-Loan.xlsx,Table 1,false,51310,Table 1. / Student Aid Administration / Student Aid Administration (Discretionary)c / Outlays,fiscal_year,2026,2026,2026,33,12
Student Loans,Outlays,2027,1989.0,Millions of dollars,51310-2019-05-Student-Loan.xlsx,Table 1,false,51310,Table 1. / Student Aid Administration / Student Aid Administration (Discretionary)c / Outlays,fiscal_year,2027,2027,2027,33,13
Student Loans,Outlays,2028,2035.0,Millions of dollars,51310-2019-05-Student-Loan.xlsx,Table 1,false,51310,Table 1. / Student Aid Administration / Student Aid Administration (Discretionary)c / Outlays,fiscal_year,2028,2028,2028,33,14
Student Loans,Outlays,2029,2081.0,Millions of dollars,51310-2019-05-Student-Loan.xlsx,Table 1,false,51310,Table 1. / Student Aid Administration / Student Aid Administration (Discretionary)c / Outlays,fiscal_year,2029,2029,2029,33,15
Student Loans,Budget Authority,2019,1313.0,Millions of dollars,51310-2019-05-Student-Loan.xlsx,Table 1,false,51310,Table 1. / Student Aid Administration / Student Aid Administration (Mandatory)d / Budget Authority,fiscal_year,2019,2019,2019,35,5
Student Loans,Budget Authority,2020,1355.0,Millions of dollars,51310-2019-05-Student-Loan.xlsx,Table 1,false,51310,Table 1. / Student Aid Administration / Student Aid Administration (Mandatory)d / Budget Authority,fiscal_year,2020,2020,2020,35,6
Student Loans,Budget Authority,2021,1402.0,Millions of dollars,51310-2019-05-Student-Loan.xlsx,Table 1,false,51310,Table 1. / Student Aid Administration / Student Aid Administration (Mandatory)d / Budget Authority,fiscal_year,2021,2021,2021,35,7
Student Loans,Budget Authority,2022,1451.0,Millions of dollars,51310-2019-05-Student-Loan.xlsx,Table 1,false,51310,Table 1. / Student Aid Administration / Student Aid Administration (Mandatory)d / Budget Authority,fiscal_year,2022,2022,2022,35,8
Student Loans,Budget Authority,2023,1500.0,Millions of dollars,51310-2019-05-Student-Loan.xlsx,Table 1,false,51310,Table 1. / Student Aid Administration / Student Aid Administration (Mandatory)d / Budget Authority,fiscal_year,2023,2023,2023,35,9
Student Loans,Budget Authority,2024,1550.0,Millions of dollars,51310-2019-05-Student-Loan.xlsx,Table 1,false,51310,Table 1. / Student Aid Administration / Student Aid Administration (Mandatory)d / Budget Authority,fiscal_year,2024,2024,2024,35,10
Student Loans,Budget Authority,2025,1592.0,Millions of dollars,51310-2019-05-Student-Loan.xlsx,Table 1,false,51310,Table 1. / Student Aid Administration / Student Aid Administration (Mandatory)d / Budget Authority,fiscal_year,2025,2025,2025,35,11
Student Loans,Budget Authority,2026,1623.0,Millions of dollars,51310-2019-05-Student-Loan.xlsx,Table 1,false,51310,Table 1. / Student Aid Administration / Student Aid Administration (Mandatory)d / Budget Authority,fiscal_year,2026,2026,2026,35,12
Student Loans,Budget Authority,2027,1654.0,Millions of dollars,51310-2019-05-Student-Loan.xlsx,Table 1,false,51310,Table 1. / Student Aid Administration / Student Aid Administration (Mandatory)d / Budget Authority,fiscal_year,2027,2027,2027,35,13
Student Loans,Budget Authority,2028,1685.0,Millions of dollars,51310-2019-05-Student-Loan.xlsx,Table 1,false,51310,Table 1. / Student Aid Administration / Student Aid Administration (Mandatory)d / Budget Authority,fiscal_year,2028,2028,2028,35,14
Student Loans,Budget Authority,2029,1769.0,Millions of dollars,51310-2019-05-Student-Loan.xlsx,Table 1,false,51310,Table 1. / Student Aid Administration / Student Aid Administration (Mandatory)d / Budget Authority,fiscal_year,2029,2029,2029,35,15
Student Loans,Outlays,2019,1259.0,Millions of dollars,51310-2019-05-Student-Loan.xlsx,Table 1,false,51310,Table 1. / Student Aid Administration / Student Aid Administration (Mandatory)d / Outlays,fiscal_year,2019,2019,2019,36,5
Student Loans,Outlays,2020,1344.0,Millions of dollars,51310-2019-05-Student-Loan.xlsx,Table 1,false,51310,Table 1. / Student Aid Administration / Student Aid Administration (Mandatory)d / Outlays,fiscal_year,2020,2020,2020,36,6
Student Loans,Outlays,2021,1390.0,Millions of dollars,51310-2019-05-Student-Loan.xlsx,Table 1,false,51310,Table 1. / Student Aid Administration / Student Aid Administration (Mandatory)d / Outlays,fiscal_year,2021,2021,2021,36,7
Student Loans,Outlays,2022,1439.0,Millions of dollars,51310-2019-05-Student-Loan.xlsx,Table 1,false,51310,Table 1. / Student Aid Administration / Student Aid Administration (Mandatory)d / Outlays,fiscal_year,2022,2022,2022,36,8
Student Loans,Outlays,2023,1488.0,Millions of dollars,51310-2019-05-Student-Loan.xlsx,Table 1,false,51310,Table 1. / Student Aid Administration / Student Aid Administration (Mandatory)d / Outlays,fiscal_year,2023,2023,2023,36,9
Student Loans,Outlays,2024,1538.0,Millions of dollars,51310-2019-05-Student-Loan.xlsx,Table 1,false,51310,Table 1. / Student Aid Administration / Student Aid Administration (Mandatory)d / Outlays,fiscal_year,2024,2024,2024,36,10
Student Loans,Outlays,2025,1582.0,Millions of dollars,51310-2019-05-Student-Loan.xlsx,Table 1,false,51310,Table 1. / Student Aid Administration / Student Aid Administration (Mandatory)d / Outlays,fiscal_year,2025,2025,2025,36,11
Student Loans,Outlays,2026,1615.0,Millions of dollars,51310-2019-05-Student-Loan.xlsx,Table 1,false,51310,Table 1. / Student Aid Administration / Student Aid Administration (Mandatory)d / Outlays,fiscal_year,2026,2026,2026,36,12
Student Loans,Outlays,2027,1646.0,Millions of dollars,51310-2019-05-Student-Loan.xlsx,Table 1,false,51310,Table 1. / Student Aid Administration / Student Aid Administration (Mandatory)d / Outlays,fiscal_year,2027,2027,2027,36,13
Student Loans,Outlays,2028,1678.0,Millions of dollars,51310-2019-05-Student-Loan.xlsx,Table 1,false,51310,Table 1. / Student Aid Administration / Student Aid Administration (Mandatory)d / Outlays,fiscal_year,2028,2028,2028,36,14
Student Loans,Outlays,2029,1748.0,Millions of dollars,51310-2019-05-Student-Loan.xlsx,Table 1,false,51310,Table 1. / Student Aid Administration / Student Aid Administration (Mandatory)d / Outlays,fiscal_year,2029,2029,2029,36,15
Student Loans,Budget Authority,2019,2992.0,Millions of dollars,51310-2019-05-Student-Loan.xlsx,Table 1,true,51310,"Table 1. / Student Aid Administration / Subtotal, Student Aid Administration / Budget Authority",fiscal_year,2019,2019,2019,38,5
Student Loans,Budget Authority,2020,3074.0,Millions of dollars,51310-2019-05-Student-Loan.xlsx,Table 1,true,51310,"Table 1. / Student Aid Administration / Subtotal, Student Aid Administration / Budget Authority",fiscal_year,2020,2020,2020,38,6
Student Loans,Budget Authority,2021,3161.0,Millions of dollars,51310-2019-05-Student-Loan.xlsx,Table 1,true,51310,"Table 1. / Student Aid Administration / Subtotal, Student Aid Administration / Budget Authority",fiscal_year,2021,2021,2021,38,7
Student Loans,Budget Authority,2022,3250.0,Millions of dollars,51310-2019-05-Student-Loan.xlsx,Table 1,true,51310,"Table 1. / Student Aid Administration / Subtotal, Student Aid Administration / Budget Authority",fiscal_year,2022,2022,2022,38,8
Student Loans,Budget Authority,2023,3342.0,Millions of dollars,51310-2019-05-Student-Loan.xlsx,Table 1,true,51310,"Table 1. / Student Aid Administration / Subtotal, Student Aid Administration / Budget Authority",fiscal_year,2023,2023,2023,38,9
Student Loans,Budget Authority,2024,3435.0,Millions of dollars,51310-2019-05-Student-Loan.xlsx,Table 1,true,51310,"Table 1. / Student Aid Administration / Subtotal, Student Aid Administration / Budget Authority",fiscal_year,2024,2024,2024,38,10
Student Loans,Budget Authority,2025,3521.0,Millions of dollars,51310-2019-05-Student-Loan.xlsx,Table 1,true,51310,"Table 1. / Student Aid Administration / Subtotal, Student Aid Administration / Budget Authority",fiscal_year,2025,2025,2025,38,11
Student Loans,Budget Authority,2026,3596.0,Millions of dollars,51310-2019-05-Student-Loan.xlsx,Table 1,true,51310,"Table 1. / Student Aid Administration / Subtotal, Student Aid Administration / Budget Authority",fiscal_year,2026,2026,2026,38,12
Student Loans,Budget Authority,2027,3671.0,Millions of dollars,51310-2019-05-Student-Loan.xlsx,Table 1,true,51310,"Table 1. / Student Aid Administration / Subtotal, Student Aid Administration / Budget Authority",fiscal_year,2027,2027,2027,38,13
Student Loans,Budget Authority,2028,3750.0,Millions of dollars,51310-2019-05-Student-Loan.xlsx,Table 1,true,51310,"Table 1. / Student Aid Administration / Subtotal, Student Aid Administration / Budget Authority",fiscal_year,2028,2028,2028,38,14
Student Loans,Budget Authority,2029,3880.0,Millions of dollars,51310-2019-05-Student-Loan.xlsx,Table 1,true,51310,"Table 1. / Student Aid Administration / Subtotal, Student Aid Administration / Budget Authority",fiscal_year,2029,2029,2029,38,15
Student Loans,Outlays,2019,2922.0,Millions of dollars,51310-2019-05-Student-Loan.xlsx,Table 1,true,51310,"Table 1. / Student Aid Administration / Subtotal, Student Aid Administration / Outlays",fiscal_year,2019,2019,2019,39,5
Student Loans,Outlays,2020,3040.0,Millions of dollars,51310-2019-05-Student-Loan.xlsx,Table 1,true,51310,"Table 1. / Student Aid Administration / Subtotal, Student Aid Administration / Outlays",fiscal_year,2020,2020,2020,39,6
Student Loans,Outlays,2021,3125.0,Millions of dollars,51310-2019-05-Student-Loan.xlsx,Table 1,true,51310,"Table 1. / Student Aid Administration / Subtotal, Student Aid Administration / Outlays",fiscal_year,2021,2021,2021,39,7
Student Loans,Outlays,2022,3212.0,Millions of dollars,51310-2019-05-Student-Loan.xlsx,Table 1,true,51310,"Table 1. / Student Aid Administration / Subtotal, Student Aid Administration / Outlays",fiscal_year,2022,2022,2022,39,8
Student Loans,Outlays,2023,3303.0,Millions of dollars,51310-2019-05-Student-Loan.xlsx,Table 1,true,51310,"Table 1. / Student Aid Administration / Subtotal, Student Aid Administration / Outlays",fiscal_year,2023,2023,2023,39,9
Student Loans,Outlays,2024,3396.0,Millions of dollars,51310-2019-05-Student-Loan.xlsx,Table 1,true,51310,"Table 1. / Student Aid Administration / Subtotal, Student Aid Administration / Outlays",fiscal_year,2024,2024,2024,39,10
Student Loans,Outlays,2025,3483.0,Millions of dollars,51310-2019-05-Student-Loan.xlsx,Table 1,true,51310,"Table 1. / Student Aid Administration / Subtotal, Student Aid Administration / Outlays",fiscal_year,2025,2025,2025,39,11
Student Loans,Outlays,2026,3560.0,Millions of dollars,51310-2019-05-Student-Loan.xlsx,Table 1,true,51310,"Table 1. / Student Aid Administration / Subtotal, Student Aid Administration / Outlays",fiscal_year,2026,2026,2026,39,12
Student Loans,Outlays,2027,3635.0,Millions of dollars,51310-2019-05-Student-Loan.xlsx,Table 1,true,51310,"Table 1. / Student Aid Administration / Subtotal, Student Aid Administration / Outlays",fiscal_year,2027,2027,2027,39,13
Student Loans,Outlays,2028,3713.0,Millions of dollars,51310-2019-05-Student-Loan.xlsx,Table 1,true,51310,"Table 1. / Student Aid Administration / Subtotal, Student Aid Administration / Outlays",fiscal_year,2028,2028,2028,39,14
Student Loans,Outlays,2029,3829.0,Millions of dollars,51310-2019-05-Student-Loan.xlsx,Table 1,true,51310,"Table 1. / Student Aid Administration / Subtotal, Student Aid Administration / Outlays",fiscal_year,2029,2029,2029,39,15
Student Loans,Budget Authority,2019,29644.0,Millions of dollars,51310-2019-05-Student-Loan.xlsx,Table 1,true,51310,"Table 1. / Total Spending, Student Loans / Total Student Loans / Budget Authority",fiscal_year,2019,2019,2019,43,5
Student Loans,Budget Authority,2020,-2013.0,Millions of dollars,51310-2019-05-Student-Loan.xlsx,Table 1,true,51310,"Table 1. / Total Spending, Student Loans / Total Student Loans / Budget Authority",fiscal_year,2020,2020,2020,43,6
Student Loans,Budget Authority,2021,-702.0,Millions of dollars,51310-2019-05-Student-Loan.xlsx,Table 1,true,51310,"Table 1. / Total Spending, Student Loans / Total Student Loans / Budget Authority",fiscal_year,2021,2021,2021,43,7
Student Loans,Budget Authority,2022,734.0,Millions of dollars,51310-2019-05-Student-Loan.xlsx,Table 1,true,51310,"Table 1. / Total Spending, Student Loans / Total Student Loans / Budget Authority",fiscal_year,2022,2022,2022,43,8
Student Loans,Budget Authority,2023,1191.0,Millions of dollars,51310-2019-05-Student-Loan.xlsx,Table 1,true,51310,"Table 1. / Total Spending, Student Loans / Total Student Loans / Budget Authority",fiscal_year,2023,2023,2023,43,9
Student Loans,Budget Authority,2024,1483.0,Millions of dollars,51310-2019-05-Student-Loan.xlsx,Table 1,true,51310,"Table 1. / Total Spending, Student Loans / Total Student Loans / Budget Authority",fiscal_year,2024,2024,2024,43,10
Student Loans,Budget Authority,2025,682.0,Millions of dollars,51310-2019-05-Student-Loan.xlsx,Table 1,true,51310,"Table 1. / Total Spending, Student Loans / Total Student Loans / Budget Authority",fiscal_year,2025,2025,2025,43,11
Student Loans,Budget Authority,2026,561.0,Millions of dollars,51310-2019-05-Student-Loan.xlsx,Table 1,true,51310,"Table 1. / Total Spending, Student Loans / Total Student Loans / Budget Authority",fiscal_year,2026,2026,2026,43,12
Student Loans,Budget Authority,2027,437.0,Millions of dollars,51310-2019-05-Student-Loan.xlsx,Table 1,true,51310,"Table 1. / Total Spending, Student Loans / Total Student Loans / Budget Authority",fiscal_year,2027,2027,2027,43,13
Student Loans,Budget Authority,2028,-39.0,Millions of dollars,51310-2019-05-Student-Loan.xlsx,Table 1,true,51310,"Table 1. / Total Spending, Student Loans / Total Student Loans / Budget Authority",fiscal_year,2028,2028,2028,43,14
Student Loans,Budget Authority,2029,-487.0,Millions of dollars,51310-2019-05-Student-Loan.xlsx,Table 1,true,51310,"Table 1. / Total Spending, Student Loans / Total Student Loans / Budget Authority",fiscal_year,2029,2029,2029,43,15
Student Loans,Outlays,2019,28764.0,Millions of dollars,51310-2019-05-Student-Loan.xlsx,Table 1,true,51310,"Table 1. / Total Spending, Student Loans / Total Student Loans / Outlays",fiscal_year,2019,2019,2019,44,5
Student Loans,Outlays,2020,-2127.0,Millions of dollars,51310-2019-05-Student-Loan.xlsx,Table 1,true,51310,"Table 1. / Total Spending, Student Loans / Total Student Loans / Outlays",fiscal_year,2020,2020,2020,44,6
Student Loans,Outlays,2021,-888.0,Millions of dollars,51310-2019-05-Student-Loan.xlsx,Table 1,true,51310,"Table 1. / Total Spending, Student Loans / Total Student Loans / Outlays",fiscal_year,2021,2021,2021,44,7
Student Loans,Outlays,2022,368.0,Millions of dollars,51310-2019-05-Student-Loan.xlsx,Table 1,true,51310,"Table 1. / Total Spending, Student Loans / Total Student Loans / Outlays",fiscal_year,2022,2022,2022,44,8
Student Loans,Outlays,2023,1095.0,Millions of dollars,51310-2019-05-Student-Loan.xlsx,Table 1,true,51310,"Table 1. / Total Spending, Student Loans / Total Student Loans / Outlays",fiscal_year,2023,2023,2023,44,9
Student Loans,Outlays,2024,1423.0,Millions of dollars,51310-2019-05-Student-Loan.xlsx,Table 1,true,51310,"Table 1. / Total Spending, Student Loans / Total Student Loans / Outlays",fiscal_year,2024,2024,2024,44,10
Student Loans,Outlays,2025,1066.0,Millions of dollars,51310-2019-05-Student-Loan.xlsx,Table 1,true,51310,"Table 1. / Total Spending, Student Loans / Total Student Loans / Outlays",fiscal_year,2025,2025,2025,44,11
Student Loans,Outlays,2026,760.0,Millions of dollars,51310-2019-05-Student-Loan.xlsx,Table 1,true,51310,"Table 1. / Total Spending, Student Loans / Total Student Loans / Outlays",fiscal_year,2026,2026,2026,44,12
Student Loans,Outlays,2027,666.0,Millions of dollars,51310-2019-05-Student-Loan.xlsx,Table 1,true,51310,"Table 1. / Total Spending, Student Loans / Total Student Loans / Outlays",fiscal_year,2027,2027,2027,44,13
Student Loans,Outlays,2028,365.0,Millions of dollars,51310-2019-05-Student-Loan.xlsx,Table 1,true,51310,"Table 1. / Total Spending, Student Loans / Total Student Loans / Outlays",fiscal_year,2028,2028,2028,44,14
Student Loans,Outlays,2029,-23.0,Millions of dollars,51310-2019-05-Student-Loan.xlsx,Table 1,true,51310,"Table 1. / Total Spending, Student Loans / Total Student Loans / Outlays",fiscal_year,2029,2029,2029,44,15
Student Loans,Net Annual Loan Volume (Millions of dollars),2019,98379.0,Millions of dollars,51310-2019-05-Student-Loan.xlsx,Table 2,true,51310,By Fiscal Year / Total All New Loansa / Net Annual Loan Volume (Millions of dollars),fiscal_year,2019,2019,2019,9,6
Student Loans,Net Annual Loan Volume (Millions of dollars),2020,101745.0,Millions of dollars,51310-2019-05-Student-Loan.xlsx,Table 2,true,51310,By Fiscal Year / Total All New Loansa / Net Annual Loan Volume (Millions of dollars),fiscal_year,2020,2020,2020,9,7
Student Loans,Net Annual Loan Volume (Millions of dollars),2021,105425.0,Millions of dollars,51310-2019-05-Student-Loan.xlsx,Table 2,true,51310,By Fiscal Year / Total All New Loansa / Net Annual Loan Volume (Millions of dollars),fiscal_year,2021,2021,2021,9,8
Student Loans,Net Annual Loan Volume (Millions of dollars),2022,109610.0,Millions of dollars,51310-2019-05-Student-Loan.xlsx,Table 2,true,51310,By Fiscal Year / Total All New Loansa / Net Annual Loan Volume (Millions of dollars),fiscal_year,2022,2022,2022,9,9
Student Loans,Net Annual Loan Volume (Millions of dollars),2023,113987.0,Millions of dollars,51310-2019-05-Student-Loan.xlsx,Table 2,true,51310,By Fiscal Year / Total All New Loansa / Net Annual Loan Volume (Millions of dollars),fiscal_year,2023,2023,2023,9,10
Student Loans,Net Annual Loan Volume (Millions of dollars),2024,118121.0,Millions of dollars,51310-2019-05-Student-Loan.xlsx,Table 2,true,51310,By Fiscal Year / Total All New Loansa / Net Annual Loan Volume (Millions of dollars),fiscal_year,2024,2024,2024,9,11
Student Loans,Net Annual Loan Volume (Millions of dollars),2025,122491.0,Millions of dollars,51310-2019-05-Student-Loan.xlsx,Table 2,true,51310,By Fiscal Year / Total All New Loansa / Net Annual Loan Volume (Millions of dollars),fiscal_year,2025,2025,2025,9,12
Student Loans,Net Annual Loan Volume (Millions of dollars),2026,127064.0,Millions of dollars,51310-2019-05-Student-Loan.xlsx,Table 2,true,51310,By Fiscal Year / Total All New Loansa / Net Annual Loan Volume (Millions of dollars),fiscal_year,2026,2026,2026,9,13
Student Loans,Net Annual Loan Volume (Millions of dollars),2027,131837.0,Millions of dollars,51310-2019-05-Student-Loan.xlsx,Table 2,true,51310,By Fiscal Year / Total All New Loansa / Net Annual Loan Volume (Millions of dollars),fiscal_year,2027,2027,2027,9,14
Student Loans,Net Annual Loan Volume (Millions of dollars),2028,136840.0,Millions of dollars,51310-2019-05-Student-Loan.xlsx,Table 2,true,51310,By Fiscal Year / Total All New Loansa / Net Annual Loan Volume (Millions of dollars),fiscal_year,2028,2028,2028,9,15
Student Loans,Net Annual Loan Volume (Millions of dollars),2029,142081.0,Millions of dollars,51310-2019-05-Student-Loan.xlsx,Table 2,true,51310,By Fiscal Year / Total All New Loansa / Net Annual Loan Volume (Millions of dollars),fiscal_year,2029,2029,2029,9,16
Student Loans,Net Number of Loans (Thousands),2019,15617.0,Thousands,51310-2019-05-Student-Loan.xlsx,Table 2,true,51310,By Fiscal Year / Total All New Loansa / Net Number of Loans (Thousands),fiscal_year,2019,2019,2019,10,6
Student Loans,Net Number of Loans (Thousands),2020,15928.0,Thousands,51310-2019-05-Student-Loan.xlsx,Table 2,true,51310,By Fiscal Year / Total All New Loansa / Net Number of Loans (Thousands),fiscal_year,2020,2020,2020,10,7
Student Loans,Net Number of Loans (Thousands),2021,16234.0,Thousands,51310-2019-05-Student-Loan.xlsx,Table 2,true,51310,By Fiscal Year / Total All New Loansa / Net Number of Loans (Thousands),fiscal_year,2021,2021,2021,10,8
Student Loans,Net Number of Loans (Thousands),2022,16613.0,Thousands,51310-2019-05-Student-Loan.xlsx,Table 2,true,51310,By Fiscal Year / Total All New Loansa / Net Number of Loans (Thousands),fiscal_year,2022,2022,2022,10,9
Student Loans,Net Number of Loans (Thousands),2023,17027.0,Thousands,51310-2019-05-Student-Loan.xlsx,Table 2,true,51310,By Fiscal Year / Total All New Loansa / Net Number of Loans (Thousands),fiscal_year,2023,2023,2023,10,10
Student Loans,Net Number of Loans (Thousands),2024,17453.0,Thousands,51310-2019-05-Student-Loan.xlsx,Table 2,true,51310,By Fiscal Year / Total All New Loansa / Net Number of Loans (Thousands),fiscal_year,2024,2024,2024,10,11
Student Loans,Net Number of Loans (Thousands),2025,17858.0,Thousands,51310-2019-05-Student-Loan.xlsx,Table 2,true,51310,By Fiscal Year / Total All New Loansa / Net Number of Loans (Thousands),fiscal_year,2025,2025,2025,10,12
Student Loans,Net Number of Loans (Thousands),2026,18289.0,Thousands,51310-2019-05-Student-Loan.xlsx,Table 2,true,51310,By Fiscal Year / Total All New Loansa / Net Number of Loans (Thousands),fiscal_year,2026,2026,2026,10,13
Student Loans,Net Number of Loans (Thousands),2027,18747.0,Thousands,51310-2019-05-Student-Loan.xlsx,Table 2,true,51310,By Fiscal Year / Total All New Loansa / Net Number of Loans (Thousands),fiscal_year,2027,2027,2027,10,14
Student Loans,Net Number of Loans (Thousands),2028,19234.0,Thousands,51310-2019-05-Student-Loan.xlsx,Table 2,true,51310,By Fiscal Year / Total All New Loansa / Net Number of Loans (Thousands),fiscal_year,2028,2028,2028,10,15
Student Loans,Net Number of Loans (Thousands),2029,19752.0,Thousands,51310-2019-05-Student-Loan.xlsx,Table 2,true,51310,By Fiscal Year / Total All New Loansa / Net Number of Loans (Thousands),fiscal_year,2029,2029,2029,10,16
Student Loans,Average Loan Amount (Dollars),2019,6299.0,Dollars,51310-2019-05-Student-Loan.xlsx,Table 2,true,51310,By Fiscal Year / Total All New Loansa / Average Loan Amount (Dollars),fiscal_year,2019,2019,2019,11,6
Student Loans,Average Loan Amount (Dollars),2020,6388.0,Dollars,51310-2019-05-Student-Loan.xlsx,Table 2,true,51310,By Fiscal Year / Total All New Loansa / Average Loan Amount (Dollars),fiscal_year,2020,2020,2020,11,7
Student Loans,Average Loan Amount (Dollars),2021,6494.0,Dollars,51310-2019-05-Student-Loan.xlsx,Table 2,true,51310,By Fiscal Year / Total All New Loansa / Average Loan Amount (Dollars),fiscal_year,2021,2021,2021,11,8
Student Loans,Average Loan Amount (Dollars),2022,6598.0,Dollars,51310-2019-05-Student-Loan.xlsx,Table 2,true,51310,By Fiscal Year / Total All New Loansa / Average Loan Amount (Dollars),fiscal_year,2022,2022,2022,11,9
Student Loans,Average Loan Amount (Dollars),2023,6694.0,Dollars,51310-2019-05-Student-Loan.xlsx,Table 2,true,51310,By Fiscal Year / Total All New Loansa / Average Loan Amount (Dollars),fiscal_year,2023,2023,2023,11,10
Student Loans,Average Loan Amount (Dollars),2024,6768.0,Dollars,51310-2019-05-Student-Loan.xlsx,Table 2,true,51310,By Fiscal Year / Total All New Loansa / Average Loan Amount (Dollars),fiscal_year,2024,2024,2024,11,11
Student Loans,Average Loan Amount (Dollars),2025,6859.0,Dollars,51310-2019-05-Student-Loan.xlsx,Table 2,true,51310,By Fiscal Year / Total All New Loansa / Average Loan Amount (Dollars),fiscal_year,2025,2025,2025,11,12
Student Loans,Average Loan Amount (Dollars),2026,6948.0,Dollars,51310-2019-05-Student-Loan.xlsx,Table 2,true,51310,By Fiscal Year / Total All New Loansa / Average Loan Amount (Dollars),fiscal_year,2026,2026,2026,11,13
Student Loans,Average Loan Amount (Dollars),2027,7033.0,Dollars,51310-2019-05-Student-Loan.xlsx,Table 2,true,51310,By Fiscal Year / Total All New Loansa / Average Loan Amount (Dollars),fiscal_year,2027,2027,2027,11,14
Student Loans,Average Loan Amount (Dollars),2028,7115.0,Dollars,51310-2019-05-Student-Loan.xlsx,Table 2,true,51310,By Fiscal Year / Total All New Loansa / Average Loan Amount (Dollars),fiscal_year,2028,2028,2028,11,15
Student Loans,Average Loan Amount (Dollars),2029,7193.0,Dollars,51310-2019-05-Student-Loan.xlsx,Table 2,true,51310,By Fiscal Year / Total All New Loansa / Average Loan Amount (Dollars),fiscal_year,2029,2029,2029,11,16
Student Loans,"Subsidy Rate (Percent)b, c, d",2019,-5.43,Dollars,51310-2019-05-Student-Loan.xlsx,Table 2,true,51310,"By Fiscal Year / Total All New Loansa / Subsidy Rate (Percent)b, c, d",fiscal_year,2019,2019,2019,13,6
Student Loans,"Subsidy Rate (Percent)b, c, d",2020,-4.13,Dollars,51310-2019-05-Student-Loan.xlsx,Table 2,true,51310,"By Fiscal Year / Total All New Loansa / Subsidy Rate (Percent)b, c, d",fiscal_year,2020,2020,2020,13,7
Student Loans,"Subsidy Rate (Percent)b, c, d",2021,-3.13,Dollars,51310-2019-05-Student-Loan.xlsx,Table 2,true,51310,"By Fiscal Year / Total All New Loansa / Subsidy Rate (Percent)b, c, d",fiscal_year,2021,2021,2021,13,8
Student Loans,"Subsidy Rate (Percent)b, c, d",2022,-1.96,Dollars,51310-2019-05-Student-Loan.xlsx,Table 2,true,51310,"By Fiscal Year / Total All New Loansa / Subsidy Rate (Percent)b, c, d",fiscal_year,2022,2022,2022,13,9
Student Loans,"Subsidy Rate (Percent)b, c, d",2023,-1.63,Dollars,51310-2019-05-Student-Loan.xlsx,Table 2,true,51310,"By Fiscal Year / Total All New Loansa / Subsidy Rate (Percent)b, c, d",fiscal_year,2023,2023,2023,13,10
Student Loans,"Subsidy Rate (Percent)b, c, d",2024,-1.46,Dollars,51310-2019-05-Student-Loan.xlsx,Table 2,true,51310,"By Fiscal Year / Total All New Loansa / Subsidy Rate (Percent)b, c, d",fiscal_year,2024,2024,2024,13,11
Student Loans,"Subsidy Rate (Percent)b, c, d",2025,-2.08,Dollars,51310-2019-05-Student-Loan.xlsx,Table 2,true,51310,"By Fiscal Year / Total All New Loansa / Subsidy Rate (Percent)b, c, d",fiscal_year,2025,2025,2025,13,12
Student Loans,"Subsidy Rate (Percent)b, c, d",2026,-2.15,Dollars,51310-2019-05-Student-Loan.xlsx,Table 2,true,51310,"By Fiscal Year / Total All New Loansa / Subsidy Rate (Percent)b, c, d",fiscal_year,2026,2026,2026,13,13
Student Loans,"Subsidy Rate (Percent)b, c, d",2027,-2.22,Dollars,51310-2019-05-Student-Loan.xlsx,Table 2,true,51310,"By Fiscal Year / Total All New Loansa / Subsidy Rate (Percent)b, c, d",fiscal_year,2027,2027,2027,13,14
Student Loans,"Subsidy Rate (Percent)b, c, d",2028,-2.52,Dollars,51310-2019-05-Student-Loan.xlsx,Table 2,true,51310,"By Fiscal Year / Total All New Loansa / Subsidy Rate (Percent)b, c, d",fiscal_year,2028,2028,2028,13,15
Student Loans,"Subsidy Rate (Percent)b, c, d",2029,-2.8,Dollars,51310-2019-05-Student-Loan.xlsx,Table 2,true,51310,"By Fiscal Year / Total All New Loansa / Subsidy Rate (Percent)b, c, d",fiscal_year,2029,2029,2029,13,16
Student Loans,Net Annual Loan Volume (Millions of dollars),2019,21404.0,Millions of dollars,51310-2019-05-Student-Loan.xlsx,Table 2,false,51310,By Fiscal Year / Subsidized Student Loans / Net Annual Loan Volume (Millions of dollars),fiscal_year,2019,2019,2019,17,6
Student Loans,Net Annual Loan Volume (Millions of dollars),2020,22022.0,Millions of dollars,51310-2019-05-Student-Loan.xlsx,Table 2,false,51310,By Fiscal Year / Subsidized Student Loans / Net Annual Loan Volume (Millions of dollars),fiscal_year,2020,2020,2020,17,7
Student Loans,Net Annual Loan Volume (Millions of dollars),2021,22601.0,Millions of dollars,51310-2019-05-Student-Loan.xlsx,Table 2,false,51310,By Fiscal Year / Subsidized Student Loans / Net Annual Loan Volume (Millions of dollars),fiscal_year,2021,2021,2021,17,8
Student Loans,Net Annual Loan Volume (Millions of dollars),2022,23297.0,Millions of dollars,51310-2019-05-Student-Loan.xlsx,Table 2,false,51310,By Fiscal Year / Subsidized Student Loans / Net Annual Loan Volume (Millions of dollars),fiscal_year,2022,2022,2022,17,9
Student Loans,Net Annual Loan Volume (Millions of dollars),2023,24062.0,Millions of dollars,51310-2019-05-Student-Loan.xlsx,Table 2,false,51310,By Fiscal Year / Subsidized Student Loans / Net Annual Loan Volume (Millions of dollars),fiscal_year,2023,2023,2023,17,10
Student Loans,Net Annual Loan Volume (Millions of dollars),2024,24908.0,Millions of dollars,51310-2019-05-Student-Loan.xlsx,Table 2,false,51310,By Fiscal Year / Subsidized Student Loans / Net Annual Loan Volume (Millions of dollars),fiscal_year,2024,2024,2024,17,11
Student Loans,Net Annual Loan Volume (Millions of dollars),2025,25690.0,Millions of dollars,51310-2019-05-Student-Loan.xlsx,Table 2,false,51310,By Fiscal Year / Subsidized Student Loans / Net Annual Loan Volume (Millions of dollars),fiscal_year,2025,2025,2025,17,12
Student Loans,Net Annual Loan Volume (Millions of dollars),2026,26522.0,Millions of dollars,51310-2019-05-Student-Loan.xlsx,Table 2,false,51310,By Fiscal Year / Subsidized Student Loans / Net Annual Loan Volume (Millions of dollars),fiscal_year,2026,2026,2026,17,13
Student Loans,Net Annual Loan Volume (Millions of dollars),2027,27408.0,Millions of dollars,51310-2019-05-Student-Loan.xlsx,Table 2,false,51310,By Fiscal Year / Subsidized Student Loans / Net Annual Loan Volume (Millions of dollars),fiscal_year,2027,2027,2027,17,14
Student Loans,Net Annual Loan Volume (Millions of dollars),2028,28351.0,Millions of dollars,51310-2019-05-Student-Loan.xlsx,Table 2,false,51310,By Fiscal Year / Subsidized Student Loans / Net Annual Loan Volume (Millions of dollars),fiscal_year,2028,2028,2028,17,15
Student Loans,Net Annual Loan Volume (Millions of dollars),2029,29356.0,Millions of dollars,51310-2019-05-Student-Loan.xlsx,Table 2,false,51310,By Fiscal Year / Subsidized Student Loans / Net Annual Loan Volume (Millions of dollars),fiscal_year,2029,2029,2029,17,16
Student Loans,Net Number of Loans (Thousands),2019,6020.0,Thousands,51310-2019-05-Student-Loan.xlsx,Table 2,false,51310,By Fiscal Year / Subsidized Student Loans / Net Number of Loans (Thousands),fiscal_year,2019,2019,2019,18,6
Student Loans,Net Number of Loans (Thousands),2020,6133.0,Thousands,51310-2019-05-Student-Loan.xlsx,Table 2,false,51310,By Fiscal Year / Subsidized Student Loans / Net Number of Loans (Thousands),fiscal_year,2020,2020,2020,18,7
Student Loans,Net Number of Loans (Thousands),2021,6232.0,Thousands,51310-2019-05-Student-Loan.xlsx,Table 2,false,51310,By Fiscal Year / Subsidized Student Loans / Net Number of Loans (Thousands),fiscal_year,2021,2021,2021,18,8
Student Loans,Net Number of Loans (Thousands),2022,6360.0,Thousands,51310-2019-05-Student-Loan.xlsx,Table 2,false,51310,By Fiscal Year / Subsidized Student Loans / Net Number of Loans (Thousands),fiscal_year,2022,2022,2022,18,9
Student Loans,Net Number of Loans (Thousands),2023,6504.0,Thousands,51310-2019-05-Student-Loan.xlsx,Table 2,false,51310,By Fiscal Year / Subsidized Student Loans / Net Number of Loans (Thousands),fiscal_year,2023,2023,2023,18,10
Student Loans,Net Number of Loans (Thousands),2024,6666.0,Thousands,51310-2019-05-Student-Loan.xlsx,Table 2,false,51310,By Fiscal Year / Subsidized Student Loans / Net Number of Loans (Thousands),fiscal_year,2024,2024,2024,18,11
Student Loans,Net Number of Loans (Thousands),2025,6807.0,Thousands,51310-2019-05-Student-Loan.xlsx,Table 2,false,51310,By Fiscal Year / Subsidized Student Loans / Net Number of Loans (Thousands),fiscal_year,2025,2025,2025,18,12
Student Loans,Net Number of Loans (Thousands),2026,6958.0,Thousands,51310-2019-05-Student-Loan.xlsx,Table 2,false,51310,By Fiscal Year / Subsidized Student Loans / Net Number of Loans (Thousands),fiscal_year,2026,2026,2026,18,13
Student Loans,Net Number of Loans (Thousands),2027,7119.0,Thousands,51310-2019-05-Student-Loan.xlsx,Table 2,false,51310,By Fiscal Year / Subsidized Student Loans / Net Number of Loans (Thousands),fiscal_year,2027,2027,2027,18,14
Student Loans,Net Number of Loans (Thousands),2028,7291.0,Thousands,51310-2019-05-Student-Loan.xlsx,Table 2,false,51310,By Fiscal Year / Subsidized Student Loans / Net Number of Loans (Thousands),fiscal_year,2028,2028,2028,18,15
Student Loans,Net Number of Loans (Thousands),2029,7475.0,Thousands,51310-2019-05-Student-Loan.xlsx,Table 2,false,51310,By Fiscal Year / Subsidized Student Loans / Net Number of Loans (Thousands),fiscal_year,2029,2029,2029,18,16
Student Loans,Average Loan Amount (Dollars),2019,3555.0,Dollars,51310-2019-05-Student-Loan.xlsx,Table 2,false,51310,By Fiscal Year / Subsidized Student Loans / Average Loan Amount (Dollars),fiscal_year,2019,2019,2019,19,6
Student Loans,Average Loan Amount (Dollars),2020,3591.0,Dollars,51310-2019-05-Student-Loan.xlsx,Table 2,false,51310,By Fiscal Year / Subsidized Student Loans / Average Loan Amount (Dollars),fiscal_year,2020,2020,2020,19,7
Student Loans,Average Loan Amount (Dollars),2021,3627.0,Dollars,51310-2019-05-Student-Loan.xlsx,Table 2,false,51310,By Fiscal Year / Subsidized Student Loans / Average Loan Amount (Dollars),fiscal_year,2021,2021,2021,19,8
Student Loans,Average Loan Amount (Dollars),2022,3663.0,Dollars,51310-2019-05-Student-Loan.xlsx,Table 2,false,51310,By Fiscal Year / Subsidized Student Loans / Average Loan Amount (Dollars),fiscal_year,2022,2022,2022,19,9
Student Loans,Average Loan Amount (Dollars),2023,3700.0,Dollars,51310-2019-05-Student-Loan.xlsx,Table 2,false,51310,By Fiscal Year / Subsidized Student Loans / Average Loan Amount (Dollars),fiscal_year,2023,2023,2023,19,10
Student Loans,Average Loan Amount (Dollars),2024,3737.0,Dollars,51310-2019-05-Student-Loan.xlsx,Table 2,false,51310,By Fiscal Year / Subsidized Student Loans / Average Loan Amount (Dollars),fiscal_year,2024,2024,2024,19,11
Student Loans,Average Loan Amount (Dollars),2025,3774.0,Dollars,51310-2019-05-Student-Loan.xlsx,Table 2,false,51310,By Fiscal Year / Subsidized Student Loans / Average Loan Amount (Dollars),fiscal_year,2025,2025,2025,19,12
Student Loans,Average Loan Amount (Dollars),2026,3812.0,Dollars,51310-2019-05-Student-Loan.xlsx,Table 2,false,51310,By Fiscal Year / Subsidized Student Loans / Average Loan Amount (Dollars),fiscal_year,2026,2026,2026,19,13
Student Loans,Average Loan Amount (Dollars),2027,3850.0,Dollars,51310-2019-05-Student-Loan.xlsx,Table 2,false,51310,By Fiscal Year / Subsidized Student Loans / Average Loan Amount (Dollars),fiscal_year,2027,2027,2027,19,14
Student Loans,Average Loan Amount (Dollars),2028,3888.0,Dollars,51310-2019-05-Student-Loan.xlsx,Table 2,false,51310,By Fiscal Year / Subsidized Student Loans / Average Loan Amount (Dollars),fiscal_year,2028,2028,2028,19,15
Student Loans,Average Loan Amount (Dollars),2029,3927.0,Dollars,51310-2019-05-Student-Loan.xlsx,Table 2,false,51310,By Fiscal Year / Subsidized Student Loans / Average Loan Amount (Dollars),fiscal_year,2029,2029,2029,19,16
Student Loans,"Subsidy Rate (Percent)b, c, d",2019,11.04,Dollars,51310-2019-05-Student-Loan.xlsx,Table 2,false,51310,"By Fiscal Year / Subsidized Student Loans / Subsidy Rate (Percent)b, c, d",fiscal_year,2019,2019,2019,21,6
Student Loans,"Subsidy Rate (Percent)b, c, d",2020,12.15,Dollars,51310-2019-05-Student-Loan.xlsx,Table 2,false,51310,"By Fiscal Year / Subsidized Student Loans / Subsidy Rate (Percent)b, c, d",fiscal_year,2020,2020,2020,21,7
Student Loans,"Subsidy Rate (Percent)b, c, d",2021,12.52,Dollars,51310-2019-05-Student-Loan.xlsx,Table 2,false,51310,"By Fiscal Year / Subsidized Student Loans / Subsidy Rate (Percent)b, c, d",fiscal_year,2021,2021,2021,21,8
Student Loans,"Subsidy Rate (Percent)b, c, d",2022,12.81,Dollars,51310-2019-05-Student-Loan.xlsx,Table 2,false,51310,"By Fiscal Year / Subsidized Student Loans / Subsidy Rate (Percent)b, c, d",fiscal_year,2022,2022,2022,21,9
Student Loans,"Subsidy Rate (Percent)b, c, d",2023,12.78,Dollars,51310-2019-05-Student-Loan.xlsx,Table 2,false,51310,"By Fiscal Year / Subsidized Student Loans / Subsidy Rate (Percent)b, c, d",fiscal_year,2023,2023,2023,21,10
Student Loans,"Subsidy Rate (Percent)b, c, d",2024,12.65,Dollars,51310-2019-05-Student-Loan.xlsx,Table 2,false,51310,"By Fiscal Year / Subsidized Student Loans / Subsidy Rate (Percent)b, c, d",fiscal_year,2024,2024,2024,21,11
Student Loans,"Subsidy Rate (Percent)b, c, d",2025,12.37,Dollars,51310-2019-05-Student-Loan.xlsx,Table 2,false,51310,"By Fiscal Year / Subsidized Student Loans / Subsidy Rate (Percent)b, c, d",fiscal_year,2025,2025,2025,21,12
Student Loans,"Subsidy Rate (Percent)b, c, d",2026,12.0,Dollars,51310-2019-05-Student-Loan.xlsx,Table 2,false,51310,"By Fiscal Year / Subsidized Student Loans / Subsidy Rate (Percent)b, c, d",fiscal_year,2026,2026,2026,21,13
Student Loans,"Subsidy Rate (Percent)b, c, d",2027,11.68,Dollars,51310-2019-05-Student-Loan.xlsx,Table 2,false,51310,"By Fiscal Year / Subsidized Student Loans / Subsidy Rate (Percent)b, c, d",fiscal_year,2027,2027,2027,21,14
Student Loans,"Subsidy Rate (Percent)b, c, d",2028,11.43,Dollars,51310-2019-05-Student-Loan.xlsx,Table 2,false,51310,"By Fiscal Year / Subsidized Student Loans / Subsidy Rate (Percent)b, c, d",fiscal_year,2028,2028,2028,21,15
Student Loans,"Subsidy Rate (Percent)b, c, d",2029,11.22,Dollars,51310-2019-05-Student-Loan.xlsx,Table 2,false,51310,"By Fiscal Year / Subsidized Student Loans / Subsidy Rate (Percent)b, c, d",fiscal_year,2029,2029,2029,21,16
Student Loans,Net Annual Loan Volume (Millions of dollars),2019,22681.0,Millions of dollars,51310-2019-05-Student-Loan.xlsx,Table 2,false,51310,By Fiscal Year / Unsubsidized Student Loans: Undergraduate / Net Annual Loan Volume (Millions of dollars),fiscal_year,2019,2019,2019,25,6
Student Loans,Net Annual Loan Volume (Millions of dollars),2020,23358.0,Millions of dollars,51310-2019-05-Student-Loan.xlsx,Table 2,false,51310,By Fiscal Year / Unsubsidized Student Loans: Undergraduate / Net Annual Loan Volume (Millions of dollars),fiscal_year,2020,2020,2020,25,7
Student Loans,Net Annual Loan Volume (Millions of dollars),2021,24009.0,Millions of dollars,51310-2019-05-Student-Loan.xlsx,Table 2,false,51310,By Fiscal Year / Unsubsidized Student Loans: Undergraduate / Net Annual Loan Volume (Millions of dollars),fiscal_year,2021,2021,2021,25,8
Student Loans,Net Annual Loan Volume (Millions of dollars),2022,24796.0,Millions of dollars,51310-2019-05-Student-Loan.xlsx,Table 2,false,51310,By Fiscal Year / Unsubsidized Student Loans: Undergraduate / Net Annual Loan Volume (Millions of dollars),fiscal_year,2022,2022,2022,25,9
Student Loans,Net Annual Loan Volume (Millions of dollars),2023,25673.0,Millions of dollars,51310-2019-05-Student-Loan.xlsx,Table 2,false,51310,By Fiscal Year / Unsubsidized Student Loans: Undergraduate / Net Annual Loan Volume (Millions of dollars),fiscal_year,2023,2023,2023,25,10
Student Loans,Net Annual Loan Volume (Millions of dollars),2024,26654.0,Millions of dollars,51310-2019-05-Student-Loan.xlsx,Table 2,false,51310,By Fiscal Year / Unsubsidized Student Loans: Undergraduate / Net Annual Loan Volume (Millions of dollars),fiscal_year,2024,2024,2024,25,11
Student Loans,Net Annual Loan Volume (Millions of dollars),2025,27584.0,Millions of dollars,51310-2019-05-Student-Loan.xlsx,Table 2,false,51310,By Fiscal Year / Unsubsidized Student Loans: Undergraduate / Net Annual Loan Volume (Millions of dollars),fiscal_year,2025,2025,2025,25,12
Student Loans,Net Annual Loan Volume (Millions of dollars),2026,28589.0,Millions of dollars,51310-2019-05-Student-Loan.xlsx,Table 2,false,51310,By Fiscal Year / Unsubsidized Student Loans: Undergraduate / Net Annual Loan Volume (Millions of dollars),fiscal_year,2026,2026,2026,25,13
Student Loans,Net Annual Loan Volume (Millions of dollars),2027,29674.0,Millions of dollars,51310-2019-05-Student-Loan.xlsx,Table 2,false,51310,By Fiscal Year / Unsubsidized Student Loans: Undergraduate / Net Annual Loan Volume (Millions of dollars),fiscal_year,2027,2027,2027,25,14
Student Loans,Net Annual Loan Volume (Millions of dollars),2028,30845.0,Millions of dollars,51310-2019-05-Student-Loan.xlsx,Table 2,false,51310,By Fiscal Year / Unsubsidized Student Loans: Undergraduate / Net Annual Loan Volume (Millions of dollars),fiscal_year,2028,2028,2028,25,15
Student Loans,Net Annual Loan Volume (Millions of dollars),2029,32109.0,Millions of dollars,51310-2019-05-Student-Loan.xlsx,Table 2,false,51310,By Fiscal Year / Unsubsidized Student Loans: Undergraduate / Net Annual Loan Volume (Millions of dollars),fiscal_year,2029,2029,2029,25,16
Student Loans,Net Number of Loans (Thousands),2019,6118.0,Thousands,51310-2019-05-Student-Loan.xlsx,Table 2,false,51310,By Fiscal Year / Unsubsidized Student Loans: Undergraduate / Net Number of Loans (Thousands),fiscal_year,2019,2019,2019,26,6
Student Loans,Net Number of Loans (Thousands),2020,6238.0,Thousands,51310-2019-05-Student-Loan.xlsx,Table 2,false,51310,By Fiscal Year / Unsubsidized Student Loans: Undergraduate / Net Number of Loans (Thousands),fiscal_year,2020,2020,2020,26,7
Student Loans,Net Number of Loans (Thousands),2021,6348.0,Thousands,51310-2019-05-Student-Loan.xlsx,Table 2,false,51310,By Fiscal Year / Unsubsidized Student Loans: Undergraduate / Net Number of Loans (Thousands),fiscal_year,2021,2021,2021,26,8
Student Loans,Net Number of Loans (Thousands),2022,6491.0,Thousands,51310-2019-05-Student-Loan.xlsx,Table 2,false,51310,By Fiscal Year / Unsubsidized Student Loans: Undergraduate / Net Number of Loans (Thousands),fiscal_year,2022,2022,2022,26,9
Student Loans,Net Number of Loans (Thousands),2023,6655.0,Thousands,51310-2019-05-Student-Loan.xlsx,Table 2,false,51310,By Fiscal Year / Unsubsidized Student Loans: Undergraduate / Net Number of Loans (Thousands),fiscal_year,2023,2023,2023,26,10
Student Loans,Net Number of Loans (Thousands),2024,6840.0,Thousands,51310-2019-05-Student-Loan.xlsx,Table 2,false,51310,By Fiscal Year / Unsubsidized Student Loans: Undergraduate / Net Number of Loans (Thousands),fiscal_year,2024,2024,2024,26,11
Student Loans,Net Number of Loans (Thousands),2025,7009.0,Thousands,51310-2019-05-Student-Loan.xlsx,Table 2,false,51310,By Fiscal Year / Unsubsidized Student Loans: Undergraduate / Net Number of Loans (Thousands),fiscal_year,2025,2025,2025,26,12
Student Loans,Net Number of Loans (Thousands),2026,7192.0,Thousands,51310-2019-05-Student-Loan.xlsx,Table 2,false,51310,By Fiscal Year / Unsubsidized Student Loans: Undergraduate / Net Number of Loans (Thousands),fiscal_year,2026,2026,2026,26,13
Student Loans,Net Number of Loans (Thousands),2027,7391.0,Thousands,51310-2019-05-Student-Loan.xlsx,Table 2,false,51310,By Fiscal Year / Unsubsidized Student Loans: Undergraduate / Net Number of Loans (Thousands),fiscal_year,2027,2027,2027,26,14
Student Loans,Net Number of Loans (Thousands),2028,7607.0,Thousands,51310-2019-05-Student-Loan.xlsx,Table 2,false,51310,By Fiscal Year / Unsubsidized Student Loans: Undergraduate / Net Number of Loans (Thousands),fiscal_year,2028,2028,2028,26,15
Student Loans,Net Number of Loans (Thousands),2029,7840.0,Thousands,51310-2019-05-Student-Loan.xlsx,Table 2,false,51310,By Fiscal Year / Unsubsidized Student Loans: Undergraduate / Net Number of Loans (Thousands),fiscal_year,2029,2029,2029,26,16
Student Loans,Average Loan Amount (Dollars),2019,3707.0,Dollars,51310-2019-05-Student-Loan.xlsx,Table 2,false,51310,By Fiscal Year / Unsubsidized Student Loans: Undergraduate / Average Loan Amount (Dollars),fiscal_year,2019,2019,2019,27,6
Student Loans,Average Loan Amount (Dollars),2020,3745.0,Dollars,51310-2019-05-Student-Loan.xlsx,Table 2,false,51310,By Fiscal Year / Unsubsidized Student Loans: Undergraduate / Average Loan Amount (Dollars),fiscal_year,2020,2020,2020,27,7
Student Loans,Average Loan Amount (Dollars),2021,3782.0,Dollars,51310-2019-05-Student-Loan.xlsx,Table 2,false,51310,By Fiscal Year / Unsubsidized Student Loans: Undergraduate / Average Loan Amount (Dollars),fiscal_year,2021,2021,2021,27,8
Student Loans,Average Loan Amount (Dollars),2022,3820.0,Dollars,51310-2019-05-Student-Loan.xlsx,Table 2,false,51310,By Fiscal Year / Unsubsidized Student Loans: Undergraduate / Average Loan Amount (Dollars),fiscal_year,2022,2022,2022,27,9
Student Loans,Average Loan Amount (Dollars),2023,3858.0,Dollars,51310-2019-05-Student-Loan.xlsx,Table 2,false,51310,By Fiscal Year / Unsubsidized Student Loans: Undergraduate / Average Loan Amount (Dollars),fiscal_year,2023,2023,2023,27,10
Student Loans,Average Loan Amount (Dollars),2024,3897.0,Dollars,51310-2019-05-Student-Loan.xlsx,Table 2,false,51310,By Fiscal Year / Unsubsidized Student Loans: Undergraduate / Average Loan Amount (Dollars),fiscal_year,2024,2024,2024,27,11
Student Loans,Average Loan Amount (Dollars),2025,3936.0,Dollars,51310-2019-05-Student-Loan.xlsx,Table 2,false,51310,By Fiscal Year / Unsubsidized Student Loans: Undergraduate / Average Loan Amount (Dollars),fiscal_year,2025,2025,2025,27,12
Student Loans,Average Loan Amount (Dollars),2026,3975.0,Dollars,51310-2019-05-Student-Loan.xlsx,Table 2,false,51310,By Fiscal Year / Unsubsidized Student Loans: Undergraduate / Average Loan Amount (Dollars),fiscal_year,2026,2026,2026,27,13
Student Loans,Average Loan Amount (Dollars),2027,4015.0,Dollars,51310-2019-05-Student-Loan.xlsx,Table 2,false,51310,By Fiscal Year / Unsubsidized Student Loans: Undergraduate / Average Loan Amount (Dollars),fiscal_year,2027,2027,2027,27,14
Student Loans,Average Loan Amount (Dollars),2028,4055.0,Dollars,51310-2019-05-Student-Loan.xlsx,Table 2,false,51310,By Fiscal Year / Unsubsidized Student Loans: Undergraduate / Average Loan Amount (Dollars),fiscal_year,2028,2028,2028,27,15
Student Loans,Average Loan Amount (Dollars),2029,4095.0,Dollars,51310-2019-05-Student-Loan.xlsx,Table 2,false,51310,By Fiscal Year / Unsubsidized Student Loans: Undergraduate / Average Loan Amount (Dollars),fiscal_year,2029,2029,2029,27,16
Student Loans,"Subsidy Rate (Percent)b, c, d",2019,-0.81,Dollars,51310-2019-05-Student-Loan.xlsx,Table 2,false,51310,"By Fiscal Year / Unsubsidized Student Loans: Undergraduate / Subsidy Rate (Percent)b, c, d",fiscal_year,2019,2019,2019,29,6
Student Loans,"Subsidy Rate (Percent)b, c, d",2020,-0.23,Dollars,51310-2019-05-Student-Loan.xlsx,Table 2,false,51310,"By Fiscal Year / Unsubsidized Student Loans: Undergraduate / Subsidy Rate (Percent)b, c, d",fiscal_year,2020,2020,2020,29,7
Student Loans,"Subsidy Rate (Percent)b, c, d",2021,-0.27,Dollars,51310-2019-05-Student-Loan.xlsx,Table 2,false,51310,"By Fiscal Year / Unsubsidized Student Loans: Undergraduate / Subsidy Rate (Percent)b, c, d",fiscal_year,2021,2021,2021,29,8
Student Loans,"Subsidy Rate (Percent)b, c, d",2022,0.07,Dollars,51310-2019-05-Student-Loan.xlsx,Table 2,false,51310,"By Fiscal Year / Unsubsidized Student Loans: Undergraduate / Subsidy Rate (Percent)b, c, d",fiscal_year,2022,2022,2022,29,9
Student Loans,"Subsidy Rate (Percent)b, c, d",2023,0.2,Dollars,51310-2019-05-Student-Loan.xlsx,Table 2,false,51310,"By Fiscal Year / Unsubsidized Student Loans: Undergraduate / Subsidy Rate (Percent)b, c, d",fiscal_year,2023,2023,2023,29,10
Student Loans,"Subsidy Rate (Percent)b, c, d",2024,0.08,Dollars,51310-2019-05-Student-Loan.xlsx,Table 2,false,51310,"By Fiscal Year / Unsubsidized Student Loans: Undergraduate / Subsidy Rate (Percent)b, c, d",fiscal_year,2024,2024,2024,29,11
Student Loans,"Subsidy Rate (Percent)b, c, d",2025,-0.32,Dollars,51310-2019-05-Student-Loan.xlsx,Table 2,false,51310,"By Fiscal Year / Unsubsidized Student Loans: Undergraduate / Subsidy Rate (Percent)b, c, d",fiscal_year,2025,2025,2025,29,12
Student Loans,"Subsidy Rate (Percent)b, c, d",2026,-0.48,Dollars,51310-2019-05-Student-Loan.xlsx,Table 2,false,51310,"By Fiscal Year / Unsubsidized Student Loans: Undergraduate / Subsidy Rate (Percent)b, c, d",fiscal_year,2026,2026,2026,29,13
Student Loans,"Subsidy Rate (Percent)b, c, d",2027,-0.67,Dollars,51310-2019-05-Student-Loan.xlsx,Table 2,false,51310,"By Fiscal Year / Unsubsidized Student Loans: Undergraduate / Subsidy Rate (Percent)b, c, d",fiscal_year,2027,2027,2027,29,14
Student Loans,"Subsidy Rate (Percent)b, c, d",2028,-0.92,Dollars,51310-2019-05-Student-Loan.xlsx,Table 2,false,51310,"By Fiscal Year / Unsubsidized Student Loans: Undergraduate / Subsidy Rate (Percent)b, c, d",fiscal_year,2028,2028,2028,29,15
Student Loans,"Subsidy Rate (Percent)b, c, d",2029,-1.16,Dollars,51310-2019-05-Student-Loan.xlsx,Table 2,false,51310,"By Fiscal Year / Unsubsidized Student Loans: Undergraduate / Subsidy Rate (Percent)b, c, d",fiscal_year,2029,2029,2029,29,16
Student Loans,Net Annual Loan Volume (Millions of dollars),2019,29449.0,Millions of dollars,51310-2019-05-Student-Loan.xlsx,Table 2,false,51310,By Fiscal Year / Unsubsidized Student Loans: Graduate / Net Annual Loan Volume (Millions of dollars),fiscal_year,2019,2019,2019,33,6
Student Loans,Net Annual Loan Volume (Millions of dollars),2020,30527.0,Millions of dollars,51310-2019-05-Student-Loan.xlsx,Table 2,false,51310,By Fiscal Year / Unsubsidized Student Loans: Graduate / Net Annual Loan Volume (Millions of dollars),fiscal_year,2020,2020,2020,33,7
Student Loans,Net Annual Loan Volume (Millions of dollars),2021,31787.0,Millions of dollars,51310-2019-05-Student-Loan.xlsx,Table 2,false,51310,By Fiscal Year / Unsubsidized Student Loans: Graduate / Net Annual Loan Volume (Millions of dollars),fiscal_year,2021,2021,2021,33,8
Student Loans,Net Annual Loan Volume (Millions of dollars),2022,33192.0,Millions of dollars,51310-2019-05-Student-Loan.xlsx,Table 2,false,51310,By Fiscal Year / Unsubsidized Student Loans: Graduate / Net Annual Loan Volume (Millions of dollars),fiscal_year,2022,2022,2022,33,9
Student Loans,Net Annual Loan Volume (Millions of dollars),2023,34673.0,Millions of dollars,51310-2019-05-Student-Loan.xlsx,Table 2,false,51310,By Fiscal Year / Unsubsidized Student Loans: Graduate / Net Annual Loan Volume (Millions of dollars),fiscal_year,2023,2023,2023,33,10
Student Loans,Net Annual Loan Volume (Millions of dollars),2024,35903.0,Millions of dollars,51310-2019-05-Student-Loan.xlsx,Table 2,false,51310,By Fiscal Year / Unsubsidized Student Loans: Graduate / Net Annual Loan Volume (Millions of dollars),fiscal_year,2024,2024,2024,33,11
Student Loans,Net Annual Loan Volume (Millions of dollars),2025,37383.0,Millions of dollars,51310-2019-05-Student-Loan.xlsx,Table 2,false,51310,By Fiscal Year / Unsubsidized Student Loans: Graduate / Net Annual Loan Volume (Millions of dollars),fiscal_year,2025,2025,2025,33,12
Student Loans,Net Annual Loan Volume (Millions of dollars),2026,38943.0,Millions of dollars,51310-2019-05-Student-Loan.xlsx,Table 2,false,51310,By Fiscal Year / Unsubsidized Student Loans: Graduate / Net Annual Loan Volume (Millions of dollars),fiscal_year,2026,2026,2026,33,13
Student Loans,Net Annual Loan Volume (Millions of dollars),2027,40587.0,Millions of dollars,51310-2019-05-Student-Loan.xlsx,Table 2,false,51310,By Fiscal Year / Unsubsidized Student Loans: Graduate / Net Annual Loan Volume (Millions of dollars),fiscal_year,2027,2027,2027,33,14
Student Loans,Net Annual Loan Volume (Millions of dollars),2028,42322.0,Millions of dollars,51310-2019-05-Student-Loan.xlsx,Table 2,false,51310,By Fiscal Year / Unsubsidized Student Loans: Graduate / Net Annual Loan Volume (Millions of dollars),fiscal_year,2028,2028,2028,33,15
Student Loans,Net Annual Loan Volume (Millions of dollars),2029,44152.0,Millions of dollars,51310-2019-05-Student-Loan.xlsx,Table 2,false,51310,By Fiscal Year / Unsubsidized Student Loans: Graduate / Net Annual Loan Volume (Millions of dollars),fiscal_year,2029,2029,2029,33,16
Student Loans,Net Number of Loans (Thousands),2019,1904.0,Thousands,51310-2019-05-Student-Loan.xlsx,Table 2,false,51310,By Fiscal Year / Unsubsidized Student Loans: Graduate / Net Number of Loans (Thousands),fiscal_year,2019,2019,2019,34,6
Student Loans,Net Number of Loans (Thousands),2020,1952.0,Thousands,51310-2019-05-Student-Loan.xlsx,Table 2,false,51310,By Fiscal Year / Unsubsidized Student Loans: Graduate / Net Number of Loans (Thousands),fiscal_year,2020,2020,2020,34,7
Student Loans,Net Number of Loans (Thousands),2021,2011.0,Thousands,51310-2019-05-Student-Loan.xlsx,Table 2,false,51310,By Fiscal Year / Unsubsidized Student Loans: Graduate / Net Number of Loans (Thousands),fiscal_year,2021,2021,2021,34,8
Student Loans,Net Number of Loans (Thousands),2022,2077.0,Thousands,51310-2019-05-Student-Loan.xlsx,Table 2,false,51310,By Fiscal Year / Unsubsidized Student Loans: Graduate / Net Number of Loans (Thousands),fiscal_year,2022,2022,2022,34,9
Student Loans,Net Number of Loans (Thousands),2023,2146.0,Thousands,51310-2019-05-Student-Loan.xlsx,Table 2,false,51310,By Fiscal Year / Unsubsidized Student Loans: Graduate / Net Number of Loans (Thousands),fiscal_year,2023,2023,2023,34,10
Student Loans,Net Number of Loans (Thousands),2024,2198.0,Thousands,51310-2019-05-Student-Loan.xlsx,Table 2,false,51310,By Fiscal Year / Unsubsidized Student Loans: Graduate / Net Number of Loans (Thousands),fiscal_year,2024,2024,2024,34,11
Student Loans,Net Number of Loans (Thousands),2025,2263.0,Thousands,51310-2019-05-Student-Loan.xlsx,Table 2,false,51310,By Fiscal Year / Unsubsidized Student Loans: Graduate / Net Number of Loans (Thousands),fiscal_year,2025,2025,2025,34,12
Student Loans,Net Number of Loans (Thousands),2026,2332.0,Thousands,51310-2019-05-Student-Loan.xlsx,Table 2,false,51310,By Fiscal Year / Unsubsidized Student Loans: Graduate / Net Number of Loans (Thousands),fiscal_year,2026,2026,2026,34,13
Student Loans,Net Number of Loans (Thousands),2027,2404.0,Thousands,51310-2019-05-Student-Loan.xlsx,Table 2,false,51310,By Fiscal Year / Unsubsidized Student Loans: Graduate / Net Number of Loans (Thousands),fiscal_year,2027,2027,2027,34,14
Student Loans,Net Number of Loans (Thousands),2028,2480.0,Thousands,51310-2019-05-Student-Loan.xlsx,Table 2,false,51310,By Fiscal Year / Unsubsidized Student Loans: Graduate / Net Number of Loans (Thousands),fiscal_year,2028,2028,2028,34,15
Student Loans,Net Number of Loans (Thousands),2029,2559.0,Thousands,51310-2019-05-Student-Loan.xlsx,Table 2,false,51310,By Fiscal Year / Unsubsidized Student Loans: Graduate / Net Number of Loans (Thousands),fiscal_year,2029,2029,2029,34,16
Student Loans,Average Loan Amount (Dollars),2019,15467.0,Dollars,51310-2019-05-Student-Loan.xlsx,Table 2,false,51310,By Fiscal Year / Unsubsidized Student Loans: Graduate / Average Loan Amount (Dollars),fiscal_year,2019,2019,2019,35,6
Student Loans,Average Loan Amount (Dollars),2020,15637.0,Dollars,51310-2019-05-Student-Loan.xlsx,Table 2,false,51310,By Fiscal Year / Unsubsidized Student Loans: Graduate / Average Loan Amount (Dollars),fiscal_year,2020,2020,2020,35,7
Student Loans,Average Loan Amount (Dollars),2021,15809.0,Dollars,51310-2019-05-Student-Loan.xlsx,Table 2,false,51310,By Fiscal Year / Unsubsidized Student Loans: Graduate / Average Loan Amount (Dollars),fiscal_year,2021,2021,2021,35,8
Student Loans,Average Loan Amount (Dollars),2022,15983.0,Dollars,51310-2019-05-Student-Loan.xlsx,Table 2,false,51310,By Fiscal Year / Unsubsidized Student Loans: Graduate / Average Loan Amount (Dollars),fiscal_year,2022,2022,2022,35,9
Student Loans,Average Loan Amount (Dollars),2023,16158.0,Dollars,51310-2019-05-Student-Loan.xlsx,Table 2,false,51310,By Fiscal Year / Unsubsidized Student Loans: Graduate / Average Loan Amount (Dollars),fiscal_year,2023,2023,2023,35,10
Student Loans,Average Loan Amount (Dollars),2024,16336.0,Dollars,51310-2019-05-Student-Loan.xlsx,Table 2,false,51310,By Fiscal Year / Unsubsidized Student Loans: Graduate / Average Loan Amount (Dollars),fiscal_year,2024,2024,2024,35,11
Student Loans,Average Loan Amount (Dollars),2025,16516.0,Dollars,51310-2019-05-Student-Loan.xlsx,Table 2,false,51310,By Fiscal Year / Unsubsidized Student Loans: Graduate / Average Loan Amount (Dollars),fiscal_year,2025,2025,2025,35,12
Student Loans,Average Loan Amount (Dollars),2026,16698.0,Dollars,51310-2019-05-Student-Loan.xlsx,Table 2,false,51310,By Fiscal Year / Unsubsidized Student Loans: Graduate / Average Loan Amount (Dollars),fiscal_year,2026,2026,2026,35,13
Student Loans,Average Loan Amount (Dollars),2027,16881.0,Dollars,51310-2019-05-Student-Loan.xlsx,Table 2,false,51310,By Fiscal Year / Unsubsidized Student Loans: Graduate / Average Loan Amount (Dollars),fiscal_year,2027,2027,2027,35,14
Student Loans,Average Loan Amount (Dollars),2028,17067.0,Dollars,51310-2019-05-Student-Loan.xlsx,Table 2,false,51310,By Fiscal Year / Unsubsidized Student Loans: Graduate / Average Loan Amount (Dollars),fiscal_year,2028,2028,2028,35,15
Student Loans,Average Loan Amount (Dollars),2029,17255.0,Dollars,51310-2019-05-Student-Loan.xlsx,Table 2,false,51310,By Fiscal Year / Unsubsidized Student Loans: Graduate / Average Loan Amount (Dollars),fiscal_year,2029,2029,2029,35,16
Student Loans,"Subsidy Rate (Percent)b, c, d",2019,-7.28,Dollars,51310-2019-05-Student-Loan.xlsx,Table 2,false,51310,"By Fiscal Year / Unsubsidized Student Loans: Graduate / Subsidy Rate (Percent)b, c, d",fiscal_year,2019,2019,2019,37,6
Student Loans,"Subsidy Rate (Percent)b, c, d",2020,-5.6,Dollars,51310-2019-05-Student-Loan.xlsx,Table 2,false,51310,"By Fiscal Year / Unsubsidized Student Loans: Graduate / Subsidy Rate (Percent)b, c, d",fiscal_year,2020,2020,2020,37,7
Student Loans,"Subsidy Rate (Percent)b, c, d",2021,-4.53,Dollars,51310-2019-05-Student-Loan.xlsx,Table 2,false,51310,"By Fiscal Year / Unsubsidized Student Loans: Graduate / Subsidy Rate (Percent)b, c, d",fiscal_year,2021,2021,2021,37,8
Student Loans,"Subsidy Rate (Percent)b, c, d",2022,-2.0,Dollars,51310-2019-05-Student-Loan.xlsx,Table 2,false,51310,"By Fiscal Year / Unsubsidized Student Loans: Graduate / Subsidy Rate (Percent)b, c, d",fiscal_year,2022,2022,2022,37,9
Student Loans,"Subsidy Rate (Percent)b, c, d",2023,-1.78,Dollars,51310-2019-05-Student-Loan.xlsx,Table 2,false,51310,"By Fiscal Year / Unsubsidized Student Loans: Graduate / Subsidy Rate (Percent)b, c, d",fiscal_year,2023,2023,2023,37,10
Student Loans,"Subsidy Rate (Percent)b, c, d",2024,-1.61,Dollars,51310-2019-05-Student-Loan.xlsx,Table 2,false,51310,"By Fiscal Year / Unsubsidized Student Loans: Graduate / Subsidy Rate (Percent)b, c, d",fiscal_year,2024,2024,2024,37,11
Student Loans,"Subsidy Rate (Percent)b, c, d",2025,-2.3,Dollars,51310-2019-05-Student-Loan.xlsx,Table 2,false,51310,"By Fiscal Year / Unsubsidized Student Loans: Graduate / Subsidy Rate (Percent)b, c, d",fiscal_year,2025,2025,2025,37,12
Student Loans,"Subsidy Rate (Percent)b, c, d",2026,-2.45,Dollars,51310-2019-05-Student-Loan.xlsx,Table 2,false,51310,"By Fiscal Year / Unsubsidized Student Loans: Graduate / Subsidy Rate (Percent)b, c, d",fiscal_year,2026,2026,2026,37,13
Student Loans,"Subsidy Rate (Percent)b, c, d",2027,-2.31,Dollars,51310-2019-05-Student-Loan.xlsx,Table 2,false,51310,"By Fiscal Year / Unsubsidized Student Loans: Graduate / Subsidy Rate (Percent)b, c, d",fiscal_year,2027,2027,2027,37,14
Student Loans,"Subsidy Rate (Percent)b, c, d",2028,-2.64,Dollars,51310-2019-05-Student-Loan.xlsx,Table 2,false,51310,"By Fiscal Year / Unsubsidized Student Loans: Graduate / Subsidy Rate (Percent)b, c, d",fiscal_year,2028,2028,2028,37,15
Student Loans,"Subsidy Rate (Percent)b, c, d",2029,-3.09,Dollars,51310-2019-05-Student-Loan.xlsx,Table 2,false,51310,"By Fiscal Year / Unsubsidized Student Loans: Graduate / Subsidy Rate (Percent)b, c, d",fiscal_year,2029,2029,2029,37,16
Student Loans,Net Annual Loan Volume (Millions of dollars),2019,11457.0,Millions of dollars,51310-2019-05-Student-Loan.xlsx,Table 2,false,51310,By Fiscal Year / GradPLUS Student Loans / Net Annual Loan Volume (Millions of dollars),fiscal_year,2019,2019,2019,41,6
Student Loans,Net Annual Loan Volume (Millions of dollars),2020,12111.0,Millions of dollars,51310-2019-05-Student-Loan.xlsx,Table 2,false,51310,By Fiscal Year / GradPLUS Student Loans / Net Annual Loan Volume (Millions of dollars),fiscal_year,2020,2020,2020,41,7
Student Loans,Net Annual Loan Volume (Millions of dollars),2021,12907.0,Millions of dollars,51310-2019-05-Student-Loan.xlsx,Table 2,false,51310,By Fiscal Year / GradPLUS Student Loans / Net Annual Loan Volume (Millions of dollars),fiscal_year,2021,2021,2021,41,8
Student Loans,Net Annual Loan Volume (Millions of dollars),2022,13783.0,Millions of dollars,51310-2019-05-Student-Loan.xlsx,Table 2,false,51310,By Fiscal Year / GradPLUS Student Loans / Net Annual Loan Volume (Millions of dollars),fiscal_year,2022,2022,2022,41,9
Student Loans,Net Annual Loan Volume (Millions of dollars),2023,14582.0,Millions of dollars,51310-2019-05-Student-Loan.xlsx,Table 2,false,51310,By Fiscal Year / GradPLUS Student Loans / Net Annual Loan Volume (Millions of dollars),fiscal_year,2023,2023,2023,41,10
Student Loans,Net Annual Loan Volume (Millions of dollars),2024,15265.0,Millions of dollars,51310-2019-05-Student-Loan.xlsx,Table 2,false,51310,By Fiscal Year / GradPLUS Student Loans / Net Annual Loan Volume (Millions of dollars),fiscal_year,2024,2024,2024,41,11
Student Loans,Net Annual Loan Volume (Millions of dollars),2025,16037.0,Millions of dollars,51310-2019-05-Student-Loan.xlsx,Table 2,false,51310,By Fiscal Year / GradPLUS Student Loans / Net Annual Loan Volume (Millions of dollars),fiscal_year,2025,2025,2025,41,12
Student Loans,Net Annual Loan Volume (Millions of dollars),2026,16798.0,Millions of dollars,51310-2019-05-Student-Loan.xlsx,Table 2,false,51310,By Fiscal Year / GradPLUS Student Loans / Net Annual Loan Volume (Millions of dollars),fiscal_year,2026,2026,2026,41,13
Student Loans,Net Annual Loan Volume (Millions of dollars),2027,17528.0,Millions of dollars,51310-2019-05-Student-Loan.xlsx,Table 2,false,51310,By Fiscal Year / GradPLUS Student Loans / Net Annual Loan Volume (Millions of dollars),fiscal_year,2027,2027,2027,41,14
Student Loans,Net Annual Loan Volume (Millions of dollars),2028,18244.0,Millions of dollars,51310-2019-05-Student-Loan.xlsx,Table 2,false,51310,By Fiscal Year / GradPLUS Student Loans / Net Annual Loan Volume (Millions of dollars),fiscal_year,2028,2028,2028,41,15
Student Loans,Net Annual Loan Volume (Millions of dollars),2029,18937.0,Millions of dollars,51310-2019-05-Student-Loan.xlsx,Table 2,false,51310,By Fiscal Year / GradPLUS Student Loans / Net Annual Loan Volume (Millions of dollars),fiscal_year,2029,2029,2029,41,16
Student Loans,Net Number of Loans (Thousands),2019,606.0,Thousands,51310-2019-05-Student-Loan.xlsx,Table 2,false,51310,By Fiscal Year / GradPLUS Student Loans / Net Number of Loans (Thousands),fiscal_year,2019,2019,2019,42,6
Student Loans,Net Number of Loans (Thousands),2020,626.0,Thousands,51310-2019-05-Student-Loan.xlsx,Table 2,false,51310,By Fiscal Year / GradPLUS Student Loans / Net Number of Loans (Thousands),fiscal_year,2020,2020,2020,42,7
Student Loans,Net Number of Loans (Thousands),2021,651.0,Thousands,51310-2019-05-Student-Loan.xlsx,Table 2,false,51310,By Fiscal Year / GradPLUS Student Loans / Net Number of Loans (Thousands),fiscal_year,2021,2021,2021,42,8
Student Loans,Net Number of Loans (Thousands),2022,678.0,Thousands,51310-2019-05-Student-Loan.xlsx,Table 2,false,51310,By Fiscal Year / GradPLUS Student Loans / Net Number of Loans (Thousands),fiscal_year,2022,2022,2022,42,9
Student Loans,Net Number of Loans (Thousands),2023,700.0,Thousands,51310-2019-05-Student-Loan.xlsx,Table 2,false,51310,By Fiscal Year / GradPLUS Student Loans / Net Number of Loans (Thousands),fiscal_year,2023,2023,2023,42,10
Student Loans,Net Number of Loans (Thousands),2024,715.0,Thousands,51310-2019-05-Student-Loan.xlsx,Table 2,false,51310,By Fiscal Year / GradPLUS Student Loans / Net Number of Loans (Thousands),fiscal_year,2024,2024,2024,42,11
Student Loans,Net Number of Loans (Thousands),2025,733.0,Thousands,51310-2019-05-Student-Loan.xlsx,Table 2,false,51310,By Fiscal Year / GradPLUS Student Loans / Net Number of Loans (Thousands),fiscal_year,2025,2025,2025,42,12
Student Loans,Net Number of Loans (Thousands),2026,749.0,Thousands,51310-2019-05-Student-Loan.xlsx,Table 2,false,51310,By Fiscal Year / GradPLUS Student Loans / Net Number of Loans (Thousands),fiscal_year,2026,2026,2026,42,13
Student Loans,Net Number of Loans (Thousands),2027,763.0,Thousands,51310-2019-05-Student-Loan.xlsx,Table 2,false,51310,By Fiscal Year / GradPLUS Student Loans / Net Number of Loans (Thousands),fiscal_year,2027,2027,2027,42,14
Student Loans,Net Number of Loans (Thousands),2028,774.0,Thousands,51310-2019-05-Student-Loan.xlsx,Table 2,false,51310,By Fiscal Year / GradPLUS Student Loans / Net Number of Loans (Thousands),fiscal_year,2028,2028,2028,42,15
Student Loans,Net Number of Loans (Thousands),2029,784.0,Thousands,51310-2019-05-Student-Loan.xlsx,Table 2,false,51310,By Fiscal Year / GradPLUS Student Loans / Net Number of Loans (Thousands),fiscal_year,2029,2029,2029,42,16
Student Loans,Average Loan Amount (Dollars),2019,18901.0,Dollars,51310-2019-05-Student-Loan.xlsx,Table 2,false,51310,By Fiscal Year / GradPLUS Student Loans / Average Loan Amount (Dollars),fiscal_year,2019,2019,2019,43,6
Student Loans,Average Loan Amount (Dollars),2020,19336.0,Dollars,51310-2019-05-Student-Loan.xlsx,Table 2,false,51310,By Fiscal Year / GradPLUS Student Loans / Average Loan Amount (Dollars),fiscal_year,2020,2020,2020,43,7
Student Loans,Average Loan Amount (Dollars),2021,19819.0,Dollars,51310-2019-05-Student-Loan.xlsx,Table 2,false,51310,By Fiscal Year / GradPLUS Student Loans / Average Loan Amount (Dollars),fiscal_year,2021,2021,2021,43,8
Student Loans,Average Loan Amount (Dollars),2022,20315.0,Dollars,51310-2019-05-Student-Loan.xlsx,Table 2,false,51310,By Fiscal Year / GradPLUS Student Loans / Average Loan Amount (Dollars),fiscal_year,2022,2022,2022,43,9
Student Loans,Average Loan Amount (Dollars),2023,20823.0,Dollars,51310-2019-05-Student-Loan.xlsx,Table 2,false,51310,By Fiscal Year / GradPLUS Student Loans / Average Loan Amount (Dollars),fiscal_year,2023,2023,2023,43,10
Student Loans,Average Loan Amount (Dollars),2024,21343.0,Dollars,51310-2019-05-Student-Loan.xlsx,Table 2,false,51310,By Fiscal Year / GradPLUS Student Loans / Average Loan Amount (Dollars),fiscal_year,2024,2024,2024,43,11
Student Loans,Average Loan Amount (Dollars),2025,21877.0,Dollars,51310-2019-05-Student-Loan.xlsx,Table 2,false,51310,By Fiscal Year / GradPLUS Student Loans / Average Loan Amount (Dollars),fiscal_year,2025,2025,2025,43,12
Student Loans,Average Loan Amount (Dollars),2026,22424.0,Dollars,51310-2019-05-Student-Loan.xlsx,Table 2,false,51310,By Fiscal Year / GradPLUS Student Loans / Average Loan Amount (Dollars),fiscal_year,2026,2026,2026,43,13
Student Loans,Average Loan Amount (Dollars),2027,22985.0,Dollars,51310-2019-05-Student-Loan.xlsx,Table 2,false,51310,By Fiscal Year / GradPLUS Student Loans / Average Loan Amount (Dollars),fiscal_year,2027,2027,2027,43,14
Student Loans,Average Loan Amount (Dollars),2028,23559.0,Dollars,51310-2019-05-Student-Loan.xlsx,Table 2,false,51310,By Fiscal Year / GradPLUS Student Loans / Average Loan Amount (Dollars),fiscal_year,2028,2028,2028,43,15
Student Loans,Average Loan Amount (Dollars),2029,24148.0,Dollars,51310-2019-05-Student-Loan.xlsx,Table 2,false,51310,By Fiscal Year / GradPLUS Student Loans / Average Loan Amount (Dollars),fiscal_year,2029,2029,2029,43,16
Student Loans,"Subsidy Rate (Percent)b, c, d",2019,-10.54,Dollars,51310-2019-05-Student-Loan.xlsx,Table 2,false,51310,"By Fiscal Year / GradPLUS Student Loans / Subsidy Rate (Percent)b, c, d",fiscal_year,2019,2019,2019,45,6
Student Loans,"Subsidy Rate (Percent)b, c, d",2020,-7.65,Dollars,51310-2019-05-Student-Loan.xlsx,Table 2,false,51310,"By Fiscal Year / GradPLUS Student Loans / Subsidy Rate (Percent)b, c, d",fiscal_year,2020,2020,2020,45,7
Student Loans,"Subsidy Rate (Percent)b, c, d",2021,-3.15,Dollars,51310-2019-05-Student-Loan.xlsx,Table 2,false,51310,"By Fiscal Year / GradPLUS Student Loans / Subsidy Rate (Percent)b, c, d",fiscal_year,2021,2021,2021,45,8
Student Loans,"Subsidy Rate (Percent)b, c, d",2022,-1.53,Dollars,51310-2019-05-Student-Loan.xlsx,Table 2,false,51310,"By Fiscal Year / GradPLUS Student Loans / Subsidy Rate (Percent)b, c, d",fiscal_year,2022,2022,2022,45,9
Student Loans,"Subsidy Rate (Percent)b, c, d",2023,-0.01,Dollars,51310-2019-05-Student-Loan.xlsx,Table 2,false,51310,"By Fiscal Year / GradPLUS Student Loans / Subsidy Rate (Percent)b, c, d",fiscal_year,2023,2023,2023,45,10
Student Loans,"Subsidy Rate (Percent)b, c, d",2024,1.12,Dollars,51310-2019-05-Student-Loan.xlsx,Table 2,false,51310,"By Fiscal Year / GradPLUS Student Loans / Subsidy Rate (Percent)b, c, d",fiscal_year,2024,2024,2024,45,11
Student Loans,"Subsidy Rate (Percent)b, c, d",2025,-1.03,Dollars,51310-2019-05-Student-Loan.xlsx,Table 2,false,51310,"By Fiscal Year / GradPLUS Student Loans / Subsidy Rate (Percent)b, c, d",fiscal_year,2025,2025,2025,45,12
Student Loans,"Subsidy Rate (Percent)b, c, d",2026,-0.64,Dollars,51310-2019-05-Student-Loan.xlsx,Table 2,false,51310,"By Fiscal Year / GradPLUS Student Loans / Subsidy Rate (Percent)b, c, d",fiscal_year,2026,2026,2026,45,13
Student Loans,"Subsidy Rate (Percent)b, c, d",2027,-0.91,Dollars,51310-2019-05-Student-Loan.xlsx,Table 2,false,51310,"By Fiscal Year / GradPLUS Student Loans / Subsidy Rate (Percent)b, c, d",fiscal_year,2027,2027,2027,45,14
Student Loans,"Subsidy Rate (Percent)b, c, d",2028,-1.76,Dollars,51310-2019-05-Student-Loan.xlsx,Table 2,false,51310,"By Fiscal Year / GradPLUS Student Loans / Subsidy Rate (Percent)b, c, d",fiscal_year,2028,2028,2028,45,15
Student Loans,"Subsidy Rate (Percent)b, c, d",2029,-2.29,Dollars,51310-2019-05-Student-Loan.xlsx,Table 2,false,51310,"By Fiscal Year / GradPLUS Student Loans / Subsidy Rate (Percent)b, c, d",fiscal_year,2029,2029,2029,45,16
Student Loans,Net Annual Loan Volume (Millions of dollars),2019,13388.0,Millions of dollars,51310-2019-05-Student-Loan.xlsx,Table 2,false,51310,By Fiscal Year / Parent Loans / Net Annual Loan Volume (Millions of dollars),fiscal_year,2019,2019,2019,49,6
Student Loans,Net Annual Loan Volume (Millions of dollars),2020,13727.0,Millions of dollars,51310-2019-05-Student-Loan.xlsx,Table 2,false,51310,By Fiscal Year / Parent Loans / Net Annual Loan Volume (Millions of dollars),fiscal_year,2020,2020,2020,49,7
Student Loans,Net Annual Loan Volume (Millions of dollars),2021,14121.0,Millions of dollars,51310-2019-05-Student-Loan.xlsx,Table 2,false,51310,By Fiscal Year / Parent Loans / Net Annual Loan Volume (Millions of dollars),fiscal_year,2021,2021,2021,49,8
Student Loans,Net Annual Loan Volume (Millions of dollars),2022,14543.0,Millions of dollars,51310-2019-05-Student-Loan.xlsx,Table 2,false,51310,By Fiscal Year / Parent Loans / Net Annual Loan Volume (Millions of dollars),fiscal_year,2022,2022,2022,49,9
Student Loans,Net Annual Loan Volume (Millions of dollars),2023,14996.0,Millions of dollars,51310-2019-05-Student-Loan.xlsx,Table 2,false,51310,By Fiscal Year / Parent Loans / Net Annual Loan Volume (Millions of dollars),fiscal_year,2023,2023,2023,49,10
Student Loans,Net Annual Loan Volume (Millions of dollars),2024,15391.0,Millions of dollars,51310-2019-05-Student-Loan.xlsx,Table 2,false,51310,By Fiscal Year / Parent Loans / Net Annual Loan Volume (Millions of dollars),fiscal_year,2024,2024,2024,49,11
Student Loans,Net Annual Loan Volume (Millions of dollars),2025,15796.0,Millions of dollars,51310-2019-05-Student-Loan.xlsx,Table 2,false,51310,By Fiscal Year / Parent Loans / Net Annual Loan Volume (Millions of dollars),fiscal_year,2025,2025,2025,49,12
Student Loans,Net Annual Loan Volume (Millions of dollars),2026,16212.0,Millions of dollars,51310-2019-05-Student-Loan.xlsx,Table 2,false,51310,By Fiscal Year / Parent Loans / Net Annual Loan Volume (Millions of dollars),fiscal_year,2026,2026,2026,49,13
Student Loans,Net Annual Loan Volume (Millions of dollars),2027,16639.0,Millions of dollars,51310-2019-05-Student-Loan.xlsx,Table 2,false,51310,By Fiscal Year / Parent Loans / Net Annual Loan Volume (Millions of dollars),fiscal_year,2027,2027,2027,49,14
Student Loans,Net Annual Loan Volume (Millions of dollars),2028,17078.0,Millions of dollars,51310-2019-05-Student-Loan.xlsx,Table 2,false,51310,By Fiscal Year / Parent Loans / Net Annual Loan Volume (Millions of dollars),fiscal_year,2028,2028,2028,49,15
Student Loans,Net Annual Loan Volume (Millions of dollars),2029,17528.0,Millions of dollars,51310-2019-05-Student-Loan.xlsx,Table 2,false,51310,By Fiscal Year / Parent Loans / Net Annual Loan Volume (Millions of dollars),fiscal_year,2029,2029,2029,49,16
Student Loans,Net Number of Loans (Thousands),2019,969.0,Thousands,51310-2019-05-Student-Loan.xlsx,Table 2,false,51310,By Fiscal Year / Parent Loans / Net Number of Loans (Thousands),fiscal_year,2019,2019,2019,50,6
Student Loans,Net Number of Loans (Thousands),2020,979.0,Thousands,51310-2019-05-Student-Loan.xlsx,Table 2,false,51310,By Fiscal Year / Parent Loans / Net Number of Loans (Thousands),fiscal_year,2020,2020,2020,50,7
Student Loans,Net Number of Loans (Thousands),2021,992.0,Thousands,51310-2019-05-Student-Loan.xlsx,Table 2,false,51310,By Fiscal Year / Parent Loans / Net Number of Loans (Thousands),fiscal_year,2021,2021,2021,50,8
Student Loans,Net Number of Loans (Thousands),2022,1007.0,Thousands,51310-2019-05-Student-Loan.xlsx,Table 2,false,51310,By Fiscal Year / Parent Loans / Net Number of Loans (Thousands),fiscal_year,2022,2022,2022,50,9
Student Loans,Net Number of Loans (Thousands),2023,1023.0,Thousands,51310-2019-05-Student-Loan.xlsx,Table 2,false,51310,By Fiscal Year / Parent Loans / Net Number of Loans (Thousands),fiscal_year,2023,2023,2023,50,10
Student Loans,Net Number of Loans (Thousands),2024,1034.0,Thousands,51310-2019-05-Student-Loan.xlsx,Table 2,false,51310,By Fiscal Year / Parent Loans / Net Number of Loans (Thousands),fiscal_year,2024,2024,2024,50,11
Student Loans,Net Number of Loans (Thousands),2025,1046.0,Thousands,51310-2019-05-Student-Loan.xlsx,Table 2,false,51310,By Fiscal Year / Parent Loans / Net Number of Loans (Thousands),fiscal_year,2025,2025,2025,50,12
Student Loans,Net Number of Loans (Thousands),2026,1057.0,Thousands,51310-2019-05-Student-Loan.xlsx,Table 2,false,51310,By Fiscal Year / Parent Loans / Net Number of Loans (Thousands),fiscal_year,2026,2026,2026,50,13
Student Loans,Net Number of Loans (Thousands),2027,1069.0,Thousands,51310-2019-05-Student-Loan.xlsx,Table 2,false,51310,By Fiscal Year / Parent Loans / Net Number of Loans (Thousands),fiscal_year,2027,2027,2027,50,14
Student Loans,Net Number of Loans (Thousands),2028,1081.0,Thousands,51310-2019-05-Student-Loan.xlsx,Table 2,false,51310,By Fiscal Year / Parent Loans / Net Number of Loans (Thousands),fiscal_year,2028,2028,2028,50,15
Student Loans,Net Number of Loans (Thousands),2029,1093.0,Thousands,51310-2019-05-Student-Loan.xlsx,Table 2,false,51310,By Fiscal Year / Parent Loans / Net Number of Loans (Thousands),fiscal_year,2029,2029,2029,50,16
Student Loans,Average Loan Amount (Dollars),2019,13816.0,Dollars,51310-2019-05-Student-Loan.xlsx,Table 2,false,51310,By Fiscal Year / Parent Loans / Average Loan Amount (Dollars),fiscal_year,2019,2019,2019,51,6
Student Loans,Average Loan Amount (Dollars),2020,14023.0,Dollars,51310-2019-05-Student-Loan.xlsx,Table 2,false,51310,By Fiscal Year / Parent Loans / Average Loan Amount (Dollars),fiscal_year,2020,2020,2020,51,7
Student Loans,Average Loan Amount (Dollars),2021,14233.0,Dollars,51310-2019-05-Student-Loan.xlsx,Table 2,false,51310,By Fiscal Year / Parent Loans / Average Loan Amount (Dollars),fiscal_year,2021,2021,2021,51,8
Student Loans,Average Loan Amount (Dollars),2022,14447.0,Dollars,51310-2019-05-Student-Loan.xlsx,Table 2,false,51310,By Fiscal Year / Parent Loans / Average Loan Amount (Dollars),fiscal_year,2022,2022,2022,51,9
Student Loans,Average Loan Amount (Dollars),2023,14663.0,Dollars,51310-2019-05-Student-Loan.xlsx,Table 2,false,51310,By Fiscal Year / Parent Loans / Average Loan Amount (Dollars),fiscal_year,2023,2023,2023,51,10
Student Loans,Average Loan Amount (Dollars),2024,14883.0,Dollars,51310-2019-05-Student-Loan.xlsx,Table 2,false,51310,By Fiscal Year / Parent Loans / Average Loan Amount (Dollars),fiscal_year,2024,2024,2024,51,11
Student Loans,Average Loan Amount (Dollars),2025,15107.0,Dollars,51310-2019-05-Student-Loan.xlsx,Table 2,false,51310,By Fiscal Year / Parent Loans / Average Loan Amount (Dollars),fiscal_year,2025,2025,2025,51,12
Student Loans,Average Loan Amount (Dollars),2026,15333.0,Dollars,51310-2019-05-Student-Loan.xlsx,Table 2,false,51310,By Fiscal Year / Parent Loans / Average Loan Amount (Dollars),fiscal_year,2026,2026,2026,51,13
Student Loans,Average Loan Amount (Dollars),2027,15563.0,Dollars,51310-2019-05-Student-Loan.xlsx,Table 2,false,51310,By Fiscal Year / Parent Loans / Average Loan Amount (Dollars),fiscal_year,2027,2027,2027,51,14
Student Loans,Average Loan Amount (Dollars),2028,15797.0,Dollars,51310-2019-05-Student-Loan.xlsx,Table 2,false,51310,By Fiscal Year / Parent Loans / Average Loan Amount (Dollars),fiscal_year,2028,2028,2028,51,15
Student Loans,Average Loan Amount (Dollars),2029,16034.0,Dollars,51310-2019-05-Student-Loan.xlsx,Table 2,false,51310,By Fiscal Year / Parent Loans / Average Loan Amount (Dollars),fiscal_year,2029,2029,2029,51,16
Student Loans,"Subsidy Rate (Percent)b, c, d",2019,-31.17,Dollars,51310-2019-05-Student-Loan.xlsx,Table 2,false,51310,"By Fiscal Year / Parent Loans / Subsidy Rate (Percent)b, c, d",fiscal_year,2019,2019,2019,53,6
Student Loans,"Subsidy Rate (Percent)b, c, d",2020,-30.47,Dollars,51310-2019-05-Student-Loan.xlsx,Table 2,false,51310,"By Fiscal Year / Parent Loans / Subsidy Rate (Percent)b, c, d",fiscal_year,2020,2020,2020,53,7
Student Loans,"Subsidy Rate (Percent)b, c, d",2021,-29.86,Dollars,51310-2019-05-Student-Loan.xlsx,Table 2,false,51310,"By Fiscal Year / Parent Loans / Subsidy Rate (Percent)b, c, d",fiscal_year,2021,2021,2021,53,8
Student Loans,"Subsidy Rate (Percent)b, c, d",2022,-29.38,Dollars,51310-2019-05-Student-Loan.xlsx,Table 2,false,51310,"By Fiscal Year / Parent Loans / Subsidy Rate (Percent)b, c, d",fiscal_year,2022,2022,2022,53,9
Student Loans,"Subsidy Rate (Percent)b, c, d",2023,-29.16,Dollars,51310-2019-05-Student-Loan.xlsx,Table 2,false,51310,"By Fiscal Year / Parent Loans / Subsidy Rate (Percent)b, c, d",fiscal_year,2023,2023,2023,53,10
Student Loans,"Subsidy Rate (Percent)b, c, d",2024,-29.17,Dollars,51310-2019-05-Student-Loan.xlsx,Table 2,false,51310,"By Fiscal Year / Parent Loans / Subsidy Rate (Percent)b, c, d",fiscal_year,2024,2024,2024,53,11
Student Loans,"Subsidy Rate (Percent)b, c, d",2025,-29.16,Dollars,51310-2019-05-Student-Loan.xlsx,Table 2,false,51310,"By Fiscal Year / Parent Loans / Subsidy Rate (Percent)b, c, d",fiscal_year,2025,2025,2025,53,12
Student Loans,"Subsidy Rate (Percent)b, c, d",2026,-29.12,Dollars,51310-2019-05-Student-Loan.xlsx,Table 2,false,51310,"By Fiscal Year / Parent Loans / Subsidy Rate (Percent)b, c, d",fiscal_year,2026,2026,2026,53,13
Student Loans,"Subsidy Rate (Percent)b, c, d",2027,-29.08,Dollars,51310-2019-05-Student-Loan.xlsx,Table 2,false,51310,"By Fiscal Year / Parent Loans / Subsidy Rate (Percent)b, c, d",fiscal_year,2027,2027,2027,53,14
Student Loans,"Subsidy Rate (Percent)b, c, d",2028,-29.06,Dollars,51310-2019-05-Student-Loan.xlsx,Table 2,false,51310,"By Fiscal Year / Parent Loans / Subsidy Rate (Percent)b, c, d",fiscal_year,2028,2028,2028,53,15
Student Loans,"Subsidy Rate (Percent)b, c, d",2029,-29.09,Dollars,51310-2019-05-Student-Loan.xlsx,Table 2,false,51310,"By Fiscal Year / Parent Loans / Subsidy Rate (Percent)b, c, d",fiscal_year,2029,2029,2029,53,16
Student Loans,Budget Authority,2019,421.0,Millions of dollars,51310-2019-05-Student-Loan.xlsx,Table 3,false,51310,Table 3. / Outstanding Guaranteed Loans / Administrative Account / Budget Authority,fiscal_year,2019,2019,2019,11,5
Student Loans,Budget Authority,2020,415.0,Millions of dollars,51310-2019-05-Student-Loan.xlsx,Table 3,false,51310,Table 3. / Outstanding Guaranteed Loans / Administrative Account / Budget Authority,fiscal_year,2020,2020,2020,11,6
Student Loans,Budget Authority,2021,408.0,Millions of dollars,51310-2019-05-Student-Loan.xlsx,Table 3,false,51310,Table 3. / Outstanding Guaranteed Loans / Administrative Account / Budget Authority,fiscal_year,2021,2021,2021,11,7
Student Loans,Budget Authority,2022,400.0,Millions of dollars,51310-2019-05-Student-Loan.xlsx,Table 3,false,51310,Table 3. / Outstanding Guaranteed Loans / Administrative Account / Budget Authority,fiscal_year,2022,2022,2022,11,8
Student Loans,Budget Authority,2023,392.0,Millions of dollars,51310-2019-05-Student-Loan.xlsx,Table 3,false,51310,Table 3. / Outstanding Guaranteed Loans / Administrative Account / Budget Authority,fiscal_year,2023,2023,2023,11,9
Student Loans,Budget Authority,2024,381.0,Millions of dollars,51310-2019-05-Student-Loan.xlsx,Table 3,false,51310,Table 3. / Outstanding Guaranteed Loans / Administrative Account / Budget Authority,fiscal_year,2024,2024,2024,11,10
Student Loans,Budget Authority,2025,370.0,Millions of dollars,51310-2019-05-Student-Loan.xlsx,Table 3,false,51310,Table 3. / Outstanding Guaranteed Loans / Administrative Account / Budget Authority,fiscal_year,2025,2025,2025,11,11
Student Loans,Budget Authority,2026,360.0,Millions of dollars,51310-2019-05-Student-Loan.xlsx,Table 3,false,51310,Table 3. / Outstanding Guaranteed Loans / Administrative Account / Budget Authority,fiscal_year,2026,2026,2026,11,12
Student Loans,Budget Authority,2027,348.0,Millions of dollars,51310-2019-05-Student-Loan.xlsx,Table 3,false,51310,Table 3. / Outstanding Guaranteed Loans / Administrative Account / Budget Authority,fiscal_year,2027,2027,2027,11,13
Student Loans,Budget Authority,2028,335.0,Millions of dollars,51310-2019-05-Student-Loan.xlsx,Table 3,false,51310,Table 3. / Outstanding Guaranteed Loans / Administrative Account / Budget Authority,fiscal_year,2028,2028,2028,11,14
Student Loans,Budget Authority,2029,322.0,Millions of dollars,51310-2019-05-Student-Loan.xlsx,Table 3,false,51310,Table 3. / Outstanding Guaranteed Loans / Administrative Account / Budget Authority,fiscal_year,2029,2029,2029,11,15
Student Loans,Outlays,2019,422.0,Millions of dollars,51310-2019-05-Student-Loan.xlsx,Table 3,false,51310,Table 3. / Outstanding Guaranteed Loans / Administrative Account / Outlays,fiscal_year,2019,2019,2019,12,5
Student Loans,Outlays,2020,416.0,Millions of dollars,51310-2019-05-Student-Loan.xlsx,Table 3,false,51310,Table 3. / Outstanding Guaranteed Loans / Administrative Account / Outlays,fiscal_year,2020,2020,2020,12,6
Student Loans,Outlays,2021,410.0,Millions of dollars,51310-2019-05-Student-Loan.xlsx,Table 3,false,51310,Table 3. / Outstanding Guaranteed Loans / Administrative Account / Outlays,fiscal_year,2021,2021,2021,12,7
Student Loans,Outlays,2022,402.0,Millions of dollars,51310-2019-05-Student-Loan.xlsx,Table 3,false,51310,Table 3. / Outstanding Guaranteed Loans / Administrative Account / Outlays,fiscal_year,2022,2022,2022,12,8
Student Loans,Outlays,2023,394.0,Millions of dollars,51310-2019-05-Student-Loan.xlsx,Table 3,false,51310,Table 3. / Outstanding Guaranteed Loans / Administrative Account / Outlays,fiscal_year,2023,2023,2023,12,9
Student Loans,Outlays,2024,384.0,Millions of dollars,51310-2019-05-Student-Loan.xlsx,Table 3,false,51310,Table 3. / Outstanding Guaranteed Loans / Administrative Account / Outlays,fiscal_year,2024,2024,2024,12,10
Student Loans,Outlays,2025,373.0,Millions of dollars,51310-2019-05-Student-Loan.xlsx,Table 3,false,51310,Table 3. / Outstanding Guaranteed Loans / Administrative Account / Outlays,fiscal_year,2025,2025,2025,12,11
Student Loans,Outlays,2026,362.0,Millions of dollars,51310-2019-05-Student-Loan.xlsx,Table 3,false,51310,Table 3. / Outstanding Guaranteed Loans / Administrative Account / Outlays,fiscal_year,2026,2026,2026,12,12
Student Loans,Outlays,2027,351.0,Millions of dollars,51310-2019-05-Student-Loan.xlsx,Table 3,false,51310,Table 3. / Outstanding Guaranteed Loans / Administrative Account / Outlays,fiscal_year,2027,2027,2027,12,13
Student Loans,Outlays,2028,339.0,Millions of dollars,51310-2019-05-Student-Loan.xlsx,Table 3,false,51310,Table 3. / Outstanding Guaranteed Loans / Administrative Account / Outlays,fiscal_year,2028,2028,2028,12,14
Student Loans,Outlays,2029,325.0,Millions of dollars,51310-2019-05-Student-Loan.xlsx,Table 3,false,51310,Table 3. / Outstanding Guaranteed Loans / Administrative Account / Outlays,fiscal_year,2029,2029,2029,12,15
Student Loans,Budget Authority,2019,152.0,Millions of dollars,51310-2019-05-Student-Loan.xlsx,Table 3,false,51310,Table 3. / Outstanding Guaranteed Loans / Default Prevention Fee Paid / Budget Authority,fiscal_year,2019,2019,2019,14,5
Student Loans,Budget Authority,2020,69.0,Millions of dollars,51310-2019-05-Student-Loan.xlsx,Table 3,false,51310,Table 3. / Outstanding Guaranteed Loans / Default Prevention Fee Paid / Budget Authority,fiscal_year,2020,2020,2020,14,6
Student Loans,Budget Authority,2021,124.0,Millions of dollars,51310-2019-05-Student-Loan.xlsx,Table 3,false,51310,Table 3. / Outstanding Guaranteed Loans / Default Prevention Fee Paid / Budget Authority,fiscal_year,2021,2021,2021,14,7
Student Loans,Budget Authority,2022,108.0,Millions of dollars,51310-2019-05-Student-Loan.xlsx,Table 3,false,51310,Table 3. / Outstanding Guaranteed Loans / Default Prevention Fee Paid / Budget Authority,fiscal_year,2022,2022,2022,14,8
Student Loans,Budget Authority,2023,88.0,Millions of dollars,51310-2019-05-Student-Loan.xlsx,Table 3,false,51310,Table 3. / Outstanding Guaranteed Loans / Default Prevention Fee Paid / Budget Authority,fiscal_year,2023,2023,2023,14,9
Student Loans,Budget Authority,2024,71.0,Millions of dollars,51310-2019-05-Student-Loan.xlsx,Table 3,false,51310,Table 3. / Outstanding Guaranteed Loans / Default Prevention Fee Paid / Budget Authority,fiscal_year,2024,2024,2024,14,10
Student Loans,Budget Authority,2025,58.0,Millions of dollars,51310-2019-05-Student-Loan.xlsx,Table 3,false,51310,Table 3. / Outstanding Guaranteed Loans / Default Prevention Fee Paid / Budget Authority,fiscal_year,2025,2025,2025,14,11
Student Loans,Budget Authority,2026,46.0,Millions of dollars,51310-2019-05-Student-Loan.xlsx,Table 3,false,51310,Table 3. / Outstanding Guaranteed Loans / Default Prevention Fee Paid / Budget Authority,fiscal_year,2026,2026,2026,14,12
Student Loans,Budget Authority,2027,28.0,Millions of dollars,51310-2019-05-Student-Loan.xlsx,Table 3,false,51310,Table 3. / Outstanding Guaranteed Loans / Default Prevention Fee Paid / Budget Authority,fiscal_year,2027,2027,2027,14,13
Student Loans,Budget Authority,2028,32.0,Millions of dollars,51310-2019-05-Student-Loan.xlsx,Table 3,false,51310,Table 3. / Outstanding Guaranteed Loans / Default Prevention Fee Paid / Budget Authority,fiscal_year,2028,2028,2028,14,14
Student Loans,Budget Authority,2029,24.0,Millions of dollars,51310-2019-05-Student-Loan.xlsx,Table 3,false,51310,Table 3. / Outstanding Guaranteed Loans / Default Prevention Fee Paid / Budget Authority,fiscal_year,2029,2029,2029,14,15
Student Loans,Outlays,2019,152.0,Millions of dollars,51310-2019-05-Student-Loan.xlsx,Table 3,false,51310,Table 3. / Outstanding Guaranteed Loans / to Guaranty Agencies a / Outlays,fiscal_year,2019,2019,2019,15,5
Student Loans,Outlays,2020,69.0,Millions of dollars,51310-2019-05-Student-Loan.xlsx,Table 3,false,51310,Table 3. / Outstanding Guaranteed Loans / to Guaranty Agencies a / Outlays,fiscal_year,2020,2020,2020,15,6
Student Loans,Outlays,2021,124.0,Millions of dollars,51310-2019-05-Student-Loan.xlsx,Table 3,false,51310,Table 3. / Outstanding Guaranteed Loans / to Guaranty Agencies a / Outlays,fiscal_year,2021,2021,2021,15,7
Student Loans,Outlays,2022,108.0,Millions of dollars,51310-2019-05-Student-Loan.xlsx,Table 3,false,51310,Table 3. / Outstanding Guaranteed Loans / to Guaranty Agencies a / Outlays,fiscal_year,2022,2022,2022,15,8
Student Loans,Outlays,2023,88.0,Millions of dollars,51310-2019-05-Student-Loan.xlsx,Table 3,false,51310,Table 3. / Outstanding Guaranteed Loans / to Guaranty Agencies a / Outlays,fiscal_year,2023,2023,2023,15,9
Student Loans,Outlays,2024,71.0,Millions of dollars,51310-2019-05-Student-Loan.xlsx,Table 3,false,51310,Table 3. / Outstanding Guaranteed Loans / to Guaranty Agencies a / Outlays,fiscal_year,2024,2024,2024,15,10
Student Loans,Outlays,2025,58.0,Millions of dollars,51310-2019-05-Student-Loan.xlsx,Table 3,false,51310,Table 3. / Outstanding Guaranteed Loans / to Guaranty Agencies a / Outlays,fiscal_year,2025,2025,2025,15,11
Student Loans,Outlays,2026,46.0,Millions of dollars,51310-2019-05-Student-Loan.xlsx,Table 3,false,51310,Table 3. / Outstanding Guaranteed Loans / to Guaranty Agencies a / Outlays,fiscal_year,2026,2026,2026,15,12
Student Loans,Outlays,2027,28.0,Millions of dollars,51310-2019-05-Student-Loan.xlsx,Table 3,false,51310,Table 3. / Outstanding Guaranteed Loans / to Guaranty Agencies a / Outlays,fiscal_year,2027,2027,2027,15,13
Student Loans,Outlays,2028,32.0,Millions of dollars,51310-2019-05-Student-Loan.xlsx,Table 3,false,51310,Table 3. / Outstanding Guaranteed Loans / to Guaranty Agencies a / Outlays,fiscal_year,2028,2028,2028,15,14
Student Loans,Outlays,2029,24.0,Millions of dollars,51310-2019-05-Student-Loan.xlsx,Table 3,false,51310,Table 3. / Outstanding Guaranteed Loans / to Guaranty Agencies a / Outlays,fiscal_year,2029,2029,2029,15,15
Student Loans,Budget Authority,2019,0.0,Millions of dollars,51310-2019-05-Student-Loan.xlsx,Table 3,false,51310,Table 3. / Outstanding Guaranteed Loans / Loan Collection Costs / Budget Authority,fiscal_year,2019,2019,2019,17,5
Student Loans,Budget Authority,2020,0.0,Millions of dollars,51310-2019-05-Student-Loan.xlsx,Table 3,false,51310,Table 3. / Outstanding Guaranteed Loans / Loan Collection Costs / Budget Authority,fiscal_year,2020,2020,2020,17,6
Student Loans,Budget Authority,2021,0.0,Millions of dollars,51310-2019-05-Student-Loan.xlsx,Table 3,false,51310,Table 3. / Outstanding Guaranteed Loans / Loan Collection Costs / Budget Authority,fiscal_year,2021,2021,2021,17,7
Student Loans,Budget Authority,2022,0.0,Millions of dollars,51310-2019-05-Student-Loan.xlsx,Table 3,false,51310,Table 3. / Outstanding Guaranteed Loans / Loan Collection Costs / Budget Authority,fiscal_year,2022,2022,2022,17,8
Student Loans,Budget Authority,2023,0.0,Millions of dollars,51310-2019-05-Student-Loan.xlsx,Table 3,false,51310,Table 3. / Outstanding Guaranteed Loans / Loan Collection Costs / Budget Authority,fiscal_year,2023,2023,2023,17,9
Student Loans,Budget Authority,2024,0.0,Millions of dollars,51310-2019-05-Student-Loan.xlsx,Table 3,false,51310,Table 3. / Outstanding Guaranteed Loans / Loan Collection Costs / Budget Authority,fiscal_year,2024,2024,2024,17,10
Student Loans,Budget Authority,2025,0.0,Millions of dollars,51310-2019-05-Student-Loan.xlsx,Table 3,false,51310,Table 3. / Outstanding Guaranteed Loans / Loan Collection Costs / Budget Authority,fiscal_year,2025,2025,2025,17,11
Student Loans,Budget Authority,2026,0.0,Millions of dollars,51310-2019-05-Student-Loan.xlsx,Table 3,false,51310,Table 3. / Outstanding Guaranteed Loans / Loan Collection Costs / Budget Authority,fiscal_year,2026,2026,2026,17,12
Student Loans,Budget Authority,2027,0.0,Millions of dollars,51310-2019-05-Student-Loan.xlsx,Table 3,false,51310,Table 3. / Outstanding Guaranteed Loans / Loan Collection Costs / Budget Authority,fiscal_year,2027,2027,2027,17,13
Student Loans,Budget Authority,2028,0.0,Millions of dollars,51310-2019-05-Student-Loan.xlsx,Table 3,false,51310,Table 3. / Outstanding Guaranteed Loans / Loan Collection Costs / Budget Authority,fiscal_year,2028,2028,2028,17,14
Student Loans,Budget Authority,2029,0.0,Millions of dollars,51310-2019-05-Student-Loan.xlsx,Table 3,false,51310,Table 3. / Outstanding Guaranteed Loans / Loan Collection Costs / Budget Authority,fiscal_year,2029,2029,2029,17,15
Student Loans,Outlays,2019,3.0,Millions of dollars,51310-2019-05-Student-Loan.xlsx,Table 3,false,51310,Table 3. / Outstanding Guaranteed Loans / on Pre-1992 loans a / Outlays,fiscal_year,2019,2019,2019,18,5
Student Loans,Outlays,2020,2.0,Millions of dollars,51310-2019-05-Student-Loan.xlsx,Table 3,false,51310,Table 3. / Outstanding Guaranteed Loans / on Pre-1992 loans a / Outlays,fiscal_year,2020,2020,2020,18,6
Student Loans,Outlays,2021,2.0,Millions of dollars,51310-2019-05-Student-Loan.xlsx,Table 3,false,51310,Table 3. / Outstanding Guaranteed Loans / on Pre-1992 loans a / Outlays,fiscal_year,2021,2021,2021,18,7
Student Loans,Outlays,2022,2.0,Millions of dollars,51310-2019-05-Student-Loan.xlsx,Table 3,false,51310,Table 3. / Outstanding Guaranteed Loans / on Pre-1992 loans a / Outlays,fiscal_year,2022,2022,2022,18,8
Student Loans,Outlays,2023,1.0,Millions of dollars,51310-2019-05-Student-Loan.xlsx,Table 3,false,51310,Table 3. / Outstanding Guaranteed Loans / on Pre-1992 loans a / Outlays,fiscal_year,2023,2023,2023,18,9
Student Loans,Outlays,2024,1.0,Millions of dollars,51310-2019-05-Student-Loan.xlsx,Table 3,false,51310,Table 3. / Outstanding Guaranteed Loans / on Pre-1992 loans a / Outlays,fiscal_year,2024,2024,2024,18,10
Student Loans,Outlays,2025,1.0,Millions of dollars,51310-2019-05-Student-Loan.xlsx,Table 3,false,51310,Table 3. / Outstanding Guaranteed Loans / on Pre-1992 loans a / Outlays,fiscal_year,2025,2025,2025,18,11
Student Loans,Outlays,2026,1.0,Millions of dollars,51310-2019-05-Student-Loan.xlsx,Table 3,false,51310,Table 3. / Outstanding Guaranteed Loans / on Pre-1992 loans a / Outlays,fiscal_year,2026,2026,2026,18,12
Student Loans,Outlays,2027,0.0,Millions of dollars,51310-2019-05-Student-Loan.xlsx,Table 3,false,51310,Table 3. / Outstanding Guaranteed Loans / on Pre-1992 loans a / Outlays,fiscal_year,2027,2027,2027,18,13
Student Loans,Outlays,2028,0.0,Millions of dollars,51310-2019-05-Student-Loan.xlsx,Table 3,false,51310,Table 3. / Outstanding Guaranteed Loans / on Pre-1992 loans a / Outlays,fiscal_year,2028,2028,2028,18,14
Student Loans,Outlays,2029,0.0,Millions of dollars,51310-2019-05-Student-Loan.xlsx,Table 3,false,51310,Table 3. / Outstanding Guaranteed Loans / on Pre-1992 loans a / Outlays,fiscal_year,2029,2029,2029,18,15
Student Loans,Budget Authority,2019,573.0,Millions of dollars,51310-2019-05-Student-Loan.xlsx,Table 3,true,51310,"Table 3. / Outstanding Guaranteed Loans / Subtotal, Mandatory / Budget Authority",fiscal_year,2019,2019,2019,20,5
Student Loans,Budget Authority,2020,484.0,Millions of dollars,51310-2019-05-Student-Loan.xlsx,Table 3,true,51310,"Table 3. / Outstanding Guaranteed Loans / Subtotal, Mandatory / Budget Authority",fiscal_year,2020,2020,2020,20,6
Student Loans,Budget Authority,2021,532.0,Millions of dollars,51310-2019-05-Student-Loan.xlsx,Table 3,true,51310,"Table 3. / Outstanding Guaranteed Loans / Subtotal, Mandatory / Budget Authority",fiscal_year,2021,2021,2021,20,7
Student Loans,Budget Authority,2022,508.0,Millions of dollars,51310-2019-05-Student-Loan.xlsx,Table 3,true,51310,"Table 3. / Outstanding Guaranteed Loans / Subtotal, Mandatory / Budget Authority",fiscal_year,2022,2022,2022,20,8
Student Loans,Budget Authority,2023,480.0,Millions of dollars,51310-2019-05-Student-Loan.xlsx,Table 3,true,51310,"Table 3. / Outstanding Guaranteed Loans / Subtotal, Mandatory / Budget Authority",fiscal_year,2023,2023,2023,20,9
Student Loans,Budget Authority,2024,452.0,Millions of dollars,51310-2019-05-Student-Loan.xlsx,Table 3,true,51310,"Table 3. / Outstanding Guaranteed Loans / Subtotal, Mandatory / Budget Authority",fiscal_year,2024,2024,2024,20,10
Student Loans,Budget Authority,2025,428.0,Millions of dollars,51310-2019-05-Student-Loan.xlsx,Table 3,true,51310,"Table 3. / Outstanding Guaranteed Loans / Subtotal, Mandatory / Budget Authority",fiscal_year,2025,2025,2025,20,11
Student Loans,Budget Authority,2026,406.0,Millions of dollars,51310-2019-05-Student-Loan.xlsx,Table 3,true,51310,"Table 3. / Outstanding Guaranteed Loans / Subtotal, Mandatory / Budget Authority",fiscal_year,2026,2026,2026,20,12
Student Loans,Budget Authority,2027,376.0,Millions of dollars,51310-2019-05-Student-Loan.xlsx,Table 3,true,51310,"Table 3. / Outstanding Guaranteed Loans / Subtotal, Mandatory / Budget Authority",fiscal_year,2027,2027,2027,20,13
Student Loans,Budget Authority,2028,367.0,Millions of dollars,51310-2019-05-Student-Loan.xlsx,Table 3,true,51310,"Table 3. / Outstanding Guaranteed Loans / Subtotal, Mandatory / Budget Authority",fiscal_year,2028,2028,2028,20,14
Student Loans,Budget Authority,2029,346.0,Millions of dollars,51310-2019-05-Student-Loan.xlsx,Table 3,true,51310,"Table 3. / Outstanding Guaranteed Loans / Subtotal, Mandatory / Budget Authority",fiscal_year,2029,2029,2029,20,15
Student Loans,Outlays,2019,577.0,Millions of dollars,51310-2019-05-Student-Loan.xlsx,Table 3,true,51310,"Table 3. / Outstanding Guaranteed Loans / Subtotal, Mandatory / Outlays",fiscal_year,2019,2019,2019,21,5
Student Loans,Outlays,2020,487.0,Millions of dollars,51310-2019-05-Student-Loan.xlsx,Table 3,true,51310,"Table 3. / Outstanding Guaranteed Loans / Subtotal, Mandatory / Outlays",fiscal_year,2020,2020,2020,21,6
Student Loans,Outlays,2021,536.0,Millions of dollars,51310-2019-05-Student-Loan.xlsx,Table 3,true,51310,"Table 3. / Outstanding Guaranteed Loans / Subtotal, Mandatory / Outlays",fiscal_year,2021,2021,2021,21,7
Student Loans,Outlays,2022,512.0,Millions of dollars,51310-2019-05-Student-Loan.xlsx,Table 3,true,51310,"Table 3. / Outstanding Guaranteed Loans / Subtotal, Mandatory / Outlays",fiscal_year,2022,2022,2022,21,8
Student Loans,Outlays,2023,483.0,Millions of dollars,51310-2019-05-Student-Loan.xlsx,Table 3,true,51310,"Table 3. / Outstanding Guaranteed Loans / Subtotal, Mandatory / Outlays",fiscal_year,2023,2023,2023,21,9
Student Loans,Outlays,2024,456.0,Millions of dollars,51310-2019-05-Student-Loan.xlsx,Table 3,true,51310,"Table 3. / Outstanding Guaranteed Loans / Subtotal, Mandatory / Outlays",fiscal_year,2024,2024,2024,21,10
Student Loans,Outlays,2025,432.0,Millions of dollars,51310-2019-05-Student-Loan.xlsx,Table 3,true,51310,"Table 3. / Outstanding Guaranteed Loans / Subtotal, Mandatory / Outlays",fiscal_year,2025,2025,2025,21,11
Student Loans,Outlays,2026,409.0,Millions of dollars,51310-2019-05-Student-Loan.xlsx,Table 3,true,51310,"Table 3. / Outstanding Guaranteed Loans / Subtotal, Mandatory / Outlays",fiscal_year,2026,2026,2026,21,12
Student Loans,Outlays,2027,379.0,Millions of dollars,51310-2019-05-Student-Loan.xlsx,Table 3,true,51310,"Table 3. / Outstanding Guaranteed Loans / Subtotal, Mandatory / Outlays",fiscal_year,2027,2027,2027,21,13
Student Loans,Outlays,2028,371.0,Millions of dollars,51310-2019-05-Student-Loan.xlsx,Table 3,true,51310,"Table 3. / Outstanding Guaranteed Loans / Subtotal, Mandatory / Outlays",fiscal_year,2028,2028,2028,21,14
Student Loans,Outlays,2029,349.0,Millions of dollars,51310-2019-05-Student-Loan.xlsx,Table 3,true,51310,"Table 3. / Outstanding Guaranteed Loans / Subtotal, Mandatory / Outlays",fiscal_year,2029,2029,2029,21,15
Student Loans,Budget Authority,2019,892.0,Millions of dollars,51310-2019-05-Student-Loan.xlsx,Table 3,false,51310,Table 3. / Direct Loans / Administrative Account / Budget Authority,fiscal_year,2019,2019,2019,24,5
Student Loans,Budget Authority,2020,940.0,Millions of dollars,51310-2019-05-Student-Loan.xlsx,Table 3,false,51310,Table 3. / Direct Loans / Administrative Account / Budget Authority,fiscal_year,2020,2020,2020,24,6
Student Loans,Budget Authority,2021,994.0,Millions of dollars,51310-2019-05-Student-Loan.xlsx,Table 3,false,51310,Table 3. / Direct Loans / Administrative Account / Budget Authority,fiscal_year,2021,2021,2021,24,7
Student Loans,Budget Authority,2022,1051.0,Millions of dollars,51310-2019-05-Student-Loan.xlsx,Table 3,false,51310,Table 3. / Direct Loans / Administrative Account / Budget Authority,fiscal_year,2022,2022,2022,24,8
Student Loans,Budget Authority,2023,1108.0,Millions of dollars,51310-2019-05-Student-Loan.xlsx,Table 3,false,51310,Table 3. / Direct Loans / Administrative Account / Budget Authority,fiscal_year,2023,2023,2023,24,9
Student Loans,Budget Authority,2024,1169.0,Millions of dollars,51310-2019-05-Student-Loan.xlsx,Table 3,false,51310,Table 3. / Direct Loans / Administrative Account / Budget Authority,fiscal_year,2024,2024,2024,24,10
Student Loans,Budget Authority,2025,1222.0,Millions of dollars,51310-2019-05-Student-Loan.xlsx,Table 3,false,51310,Table 3. / Direct Loans / Administrative Account / Budget Authority,fiscal_year,2025,2025,2025,24,11
Student Loans,Budget Authority,2026,1263.0,Millions of dollars,51310-2019-05-Student-Loan.xlsx,Table 3,false,51310,Table 3. / Direct Loans / Administrative Account / Budget Authority,fiscal_year,2026,2026,2026,24,12
Student Loans,Budget Authority,2027,1306.0,Millions of dollars,51310-2019-05-Student-Loan.xlsx,Table 3,false,51310,Table 3. / Direct Loans / Administrative Account / Budget Authority,fiscal_year,2027,2027,2027,24,13
Student Loans,Budget Authority,2028,1350.0,Millions of dollars,51310-2019-05-Student-Loan.xlsx,Table 3,false,51310,Table 3. / Direct Loans / Administrative Account / Budget Authority,fiscal_year,2028,2028,2028,24,14
Student Loans,Budget Authority,2029,1447.0,Millions of dollars,51310-2019-05-Student-Loan.xlsx,Table 3,false,51310,Table 3. / Direct Loans / Administrative Account / Budget Authority,fiscal_year,2029,2029,2029,24,15
Student Loans,Outlays,2019,837.0,Millions of dollars,51310-2019-05-Student-Loan.xlsx,Table 3,false,51310,Table 3. / Direct Loans / Administrative Account / Outlays,fiscal_year,2019,2019,2019,25,5
Student Loans,Outlays,2020,928.0,Millions of dollars,51310-2019-05-Student-Loan.xlsx,Table 3,false,51310,Table 3. / Direct Loans / Administrative Account / Outlays,fiscal_year,2020,2020,2020,25,6
Student Loans,Outlays,2021,980.0,Millions of dollars,51310-2019-05-Student-Loan.xlsx,Table 3,false,51310,Table 3. / Direct Loans / Administrative Account / Outlays,fiscal_year,2021,2021,2021,25,7
Student Loans,Outlays,2022,1037.0,Millions of dollars,51310-2019-05-Student-Loan.xlsx,Table 3,false,51310,Table 3. / Direct Loans / Administrative Account / Outlays,fiscal_year,2022,2022,2022,25,8
Student Loans,Outlays,2023,1094.0,Millions of dollars,51310-2019-05-Student-Loan.xlsx,Table 3,false,51310,Table 3. / Direct Loans / Administrative Account / Outlays,fiscal_year,2023,2023,2023,25,9
Student Loans,Outlays,2024,1154.0,Millions of dollars,51310-2019-05-Student-Loan.xlsx,Table 3,false,51310,Table 3. / Direct Loans / Administrative Account / Outlays,fiscal_year,2024,2024,2024,25,10
Student Loans,Outlays,2025,1209.0,Millions of dollars,51310-2019-05-Student-Loan.xlsx,Table 3,false,51310,Table 3. / Direct Loans / Administrative Account / Outlays,fiscal_year,2025,2025,2025,25,11
Student Loans,Outlays,2026,1253.0,Millions of dollars,51310-2019-05-Student-Loan.xlsx,Table 3,false,51310,Table 3. / Direct Loans / Administrative Account / Outlays,fiscal_year,2026,2026,2026,25,12
Student Loans,Outlays,2027,1295.0,Millions of dollars,51310-2019-05-Student-Loan.xlsx,Table 3,false,51310,Table 3. / Direct Loans / Administrative Account / Outlays,fiscal_year,2027,2027,2027,25,13
Student Loans,Outlays,2028,1339.0,Millions of dollars,51310-2019-05-Student-Loan.xlsx,Table 3,false,51310,Table 3. / Direct Loans / Administrative Account / Outlays,fiscal_year,2028,2028,2028,25,14
Student Loans,Outlays,2029,1423.0,Millions of dollars,51310-2019-05-Student-Loan.xlsx,Table 3,false,51310,Table 3. / Direct Loans / Administrative Account / Outlays,fiscal_year,2029,2029,2029,25,15
Student Loans,Budget Authority,2019,892.0,Millions of dollars,51310-2019-05-Student-Loan.xlsx,Table 3,true,51310,"Table 3. / Direct Loans / Subtotal, Mandatory / Budget Authority",fiscal_year,2019,2019,2019,27,5
Student Loans,Budget Authority,2020,940.0,Millions of dollars,51310-2019-05-Student-Loan.xlsx,Table 3,true,51310,"Table 3. / Direct Loans / Subtotal, Mandatory / Budget Authority",fiscal_year,2020,2020,2020,27,6
Student Loans,Budget Authority,2021,994.0,Millions of dollars,51310-2019-05-Student-Loan.xlsx,Table 3,true,51310,"Table 3. / Direct Loans / Subtotal, Mandatory / Budget Authority",fiscal_year,2021,2021,2021,27,7
Student Loans,Budget Authority,2022,1051.0,Millions of dollars,51310-2019-05-Student-Loan.xlsx,Table 3,true,51310,"Table 3. / Direct Loans / Subtotal, Mandatory / Budget Authority",fiscal_year,2022,2022,2022,27,8
Student Loans,Budget Authority,2023,1108.0,Millions of dollars,51310-2019-05-Student-Loan.xlsx,Table 3,true,51310,"Table 3. / Direct Loans / Subtotal, Mandatory / Budget Authority",fiscal_year,2023,2023,2023,27,9
Student Loans,Budget Authority,2024,1169.0,Millions of dollars,51310-2019-05-Student-Loan.xlsx,Table 3,true,51310,"Table 3. / Direct Loans / Subtotal, Mandatory / Budget Authority",fiscal_year,2024,2024,2024,27,10
Student Loans,Budget Authority,2025,1222.0,Millions of dollars,51310-2019-05-Student-Loan.xlsx,Table 3,true,51310,"Table 3. / Direct Loans / Subtotal, Mandatory / Budget Authority",fiscal_year,2025,2025,2025,27,11
Student Loans,Budget Authority,2026,1263.0,Millions of dollars,51310-2019-05-Student-Loan.xlsx,Table 3,true,51310,"Table 3. / Direct Loans / Subtotal, Mandatory / Budget Authority",fiscal_year,2026,2026,2026,27,12
Student Loans,Budget Authority,2027,1306.0,Millions of dollars,51310-2019-05-Student-Loan.xlsx,Table 3,true,51310,"Table 3. / Direct Loans / Subtotal, Mandatory / Budget Authority",fiscal_year,2027,2027,2027,27,13
Student Loans,Budget Authority,2028,1350.0,Millions of dollars,51310-2019-05-Student-Loan.xlsx,Table 3,true,51310,"Table 3. / Direct Loans / Subtotal, Mandatory / Budget Authority",fiscal_year,2028,2028,2028,27,14
Student Loans,Budget Authority,2029,1447.0,Millions of dollars,51310-2019-05-Student-Loan.xlsx,Table 3,true,51310,"Table 3. / Direct Loans / Subtotal, Mandatory / Budget Authority",fiscal_year,2029,2029,2029,27,15
Student Loans,Outlays,2019,837.0,Millions of dollars,51310-2019-05-Student-Loan.xlsx,Table 3,true,51310,"Table 3. / Direct Loans / Subtotal, Mandatory / Outlays",fiscal_year,2019,2019,2019,28,5
Student Loans,Outlays,2020,928.0,Millions of dollars,51310-2019-05-Student-Loan.xlsx,Table 3,true,51310,"Table 3. / Direct Loans / Subtotal, Mandatory / Outlays",fiscal_year,2020,2020,2020,28,6
Student Loans,Outlays,2021,980.0,Millions of dollars,51310-2019-05-Student-Loan.xlsx,Table 3,true,51310,"Table 3. / Direct Loans / Subtotal, Mandatory / Outlays",fiscal_year,2021,2021,2021,28,7
Student Loans,Outlays,2022,1037.0,Millions of dollars,51310-2019-05-Student-Loan.xlsx,Table 3,true,51310,"Table 3. / Direct Loans / Subtotal, Mandatory / Outlays",fiscal_year,2022,2022,2022,28,8
Student Loans,Outlays,2023,1094.0,Millions of dollars,51310-2019-05-Student-Loan.xlsx,Table 3,true,51310,"Table 3. / Direct Loans / Subtotal, Mandatory / Outlays",fiscal_year,2023,2023,2023,28,9
Student Loans,Outlays,2024,1154.0,Millions of dollars,51310-2019-05-Student-Loan.xlsx,Table 3,true,51310,"Table 3. / Direct Loans / Subtotal, Mandatory / Outlays",fiscal_year,2024,2024,2024,28,10
Student Loans,Outlays,2025,1209.0,Millions of dollars,51310-2019-05-Student-Loan.xlsx,Table 3,true,51310,"Table 3. / Direct Loans / Subtotal, Mandatory / Outlays",fiscal_year,2025,2025,2025,28,11
Student Loans,Outlays,2026,1253.0,Millions of dollars,51310-2019-05-Student-Loan.xlsx,Table 3,true,51310,"Table 3. / Direct Loans / Subtotal, Mandatory / Outlays",fiscal_year,2026,2026,2026,28,12
Student Loans,Outlays,2027,1295.0,Millions of dollars,51310-2019-05-Student-Loan.xlsx,Table 3,true,51310,"Table 3. / Direct Loans / Subtotal, Mandatory / Outlays",fiscal_year,2027,2027,2027,28,13
Student Loans,Outlays,2028,1339.0,Millions of dollars,51310-2019-05-Student-Loan.xlsx,Table 3,true,51310,"Table 3. / Direct Loans / Subtotal, Mandatory / Outlays",fiscal_year,2028,2028,2028,28,14
Student Loans,Outlays,2029,1423.0,Millions of dollars,51310-2019-05-Student-Loan.xlsx,Table 3,true,51310,"Table 3. / Direct Loans / Subtotal, Mandatory / Outlays",fiscal_year,2029,2029,2029,28,15
Student Loans,Budget Authority,2019,1465.0,Millions of dollars,51310-2019-05-Student-Loan.xlsx,Table 3,true,51310,Table 3. / Direct Loans / Total Mandatory / Budget Authority,fiscal_year,2019,2019,2019,30,5
Student Loans,Budget Authority,2020,1423.0,Millions of dollars,51310-2019-05-Student-Loan.xlsx,Table 3,true,51310,Table 3. / Direct Loans / Total Mandatory / Budget Authority,fiscal_year,2020,2020,2020,30,6
Student Loans,Budget Authority,2021,1526.0,Millions of dollars,51310-2019-05-Student-Loan.xlsx,Table 3,true,51310,Table 3. / Direct Loans / Total Mandatory / Budget Authority,fiscal_year,2021,2021,2021,30,7
Student Loans,Budget Authority,2022,1559.0,Millions of dollars,51310-2019-05-Student-Loan.xlsx,Table 3,true,51310,Table 3. / Direct Loans / Total Mandatory / Budget Authority,fiscal_year,2022,2022,2022,30,8
Student Loans,Budget Authority,2023,1588.0,Millions of dollars,51310-2019-05-Student-Loan.xlsx,Table 3,true,51310,Table 3. / Direct Loans / Total Mandatory / Budget Authority,fiscal_year,2023,2023,2023,30,9
Student Loans,Budget Authority,2024,1622.0,Millions of dollars,51310-2019-05-Student-Loan.xlsx,Table 3,true,51310,Table 3. / Direct Loans / Total Mandatory / Budget Authority,fiscal_year,2024,2024,2024,30,10
Student Loans,Budget Authority,2025,1650.0,Millions of dollars,51310-2019-05-Student-Loan.xlsx,Table 3,true,51310,Table 3. / Direct Loans / Total Mandatory / Budget Authority,fiscal_year,2025,2025,2025,30,11
Student Loans,Budget Authority,2026,1669.0,Millions of dollars,51310-2019-05-Student-Loan.xlsx,Table 3,true,51310,Table 3. / Direct Loans / Total Mandatory / Budget Authority,fiscal_year,2026,2026,2026,30,12
Student Loans,Budget Authority,2027,1682.0,Millions of dollars,51310-2019-05-Student-Loan.xlsx,Table 3,true,51310,Table 3. / Direct Loans / Total Mandatory / Budget Authority,fiscal_year,2027,2027,2027,30,13
Student Loans,Budget Authority,2028,1717.0,Millions of dollars,51310-2019-05-Student-Loan.xlsx,Table 3,true,51310,Table 3. / Direct Loans / Total Mandatory / Budget Authority,fiscal_year,2028,2028,2028,30,14
Student Loans,Budget Authority,2029,1793.0,Millions of dollars,51310-2019-05-Student-Loan.xlsx,Table 3,true,51310,Table 3. / Direct Loans / Total Mandatory / Budget Authority,fiscal_year,2029,2029,2029,30,15
Student Loans,Outlays,2019,1414.0,Millions of dollars,51310-2019-05-Student-Loan.xlsx,Table 3,true,51310,Table 3. / Direct Loans / Total Mandatory / Outlays,fiscal_year,2019,2019,2019,31,5
Student Loans,Outlays,2020,1415.0,Millions of dollars,51310-2019-05-Student-Loan.xlsx,Table 3,true,51310,Table 3. / Direct Loans / Total Mandatory / Outlays,fiscal_year,2020,2020,2020,31,6
Student Loans,Outlays,2021,1516.0,Millions of dollars,51310-2019-05-Student-Loan.xlsx,Table 3,true,51310,Table 3. / Direct Loans / Total Mandatory / Outlays,fiscal_year,2021,2021,2021,31,7
Student Loans,Outlays,2022,1548.0,Millions of dollars,51310-2019-05-Student-Loan.xlsx,Table 3,true,51310,Table 3. / Direct Loans / Total Mandatory / Outlays,fiscal_year,2022,2022,2022,31,8
Student Loans,Outlays,2023,1577.0,Millions of dollars,51310-2019-05-Student-Loan.xlsx,Table 3,true,51310,Table 3. / Direct Loans / Total Mandatory / Outlays,fiscal_year,2023,2023,2023,31,9
Student Loans,Outlays,2024,1610.0,Millions of dollars,51310-2019-05-Student-Loan.xlsx,Table 3,true,51310,Table 3. / Direct Loans / Total Mandatory / Outlays,fiscal_year,2024,2024,2024,31,10
Student Loans,Outlays,2025,1641.0,Millions of dollars,51310-2019-05-Student-Loan.xlsx,Table 3,true,51310,Table 3. / Direct Loans / Total Mandatory / Outlays,fiscal_year,2025,2025,2025,31,11
Student Loans,Outlays,2026,1662.0,Millions of dollars,51310-2019-05-Student-Loan.xlsx,Table 3,true,51310,Table 3. / Direct Loans / Total Mandatory / Outlays,fiscal_year,2026,2026,2026,31,12
Student Loans,Outlays,2027,1675.0,Millions of dollars,51310-2019-05-Student-Loan.xlsx,Table 3,true,51310,Table 3. / Direct Loans / Total Mandatory / Outlays,fiscal_year,2027,2027,2027,31,13
Student Loans,Outlays,2028,1710.0,Millions of dollars,51310-2019-05-Student-Loan.xlsx,Table 3,true,51310,Table 3. / Direct Loans / Total Mandatory / Outlays,fiscal_year,2028,2028,2028,31,14
Student Loans,Outlays,2029,1772.0,Millions of dollars,51310-2019-05-Student-Loan.xlsx,Table 3,true,51310,Table 3. / Direct Loans / Total Mandatory / Outlays,fiscal_year,2029,2029,2029,31,15
Student Loans,Budget Authority,2019,1679.0,Millions of dollars,51310-2019-05-Student-Loan.xlsx,Table 3,true,51310,Table 3. / Direct Loans / Total Mandatory / Budget Authority,fiscal_year,2019,2019,2019,36,5
Student Loans,Budget Authority,2020,1719.0,Millions of dollars,51310-2019-05-Student-Loan.xlsx,Table 3,true,51310,Table 3. / Direct Loans / Total Mandatory / Budget Authority,fiscal_year,2020,2020,2020,36,6
Student Loans,Budget Authority,2021,1759.0,Millions of dollars,51310-2019-05-Student-Loan.xlsx,Table 3,true,51310,Table 3. / Direct Loans / Total Mandatory / Budget Authority,fiscal_year,2021,2021,2021,36,7
Student Loans,Budget Authority,2022,1799.0,Millions of dollars,51310-2019-05-Student-Loan.xlsx,Table 3,true,51310,Table 3. / Direct Loans / Total Mandatory / Budget Authority,fiscal_year,2022,2022,2022,36,8
Student Loans,Budget Authority,2023,1842.0,Millions of dollars,51310-2019-05-Student-Loan.xlsx,Table 3,true,51310,Table 3. / Direct Loans / Total Mandatory / Budget Authority,fiscal_year,2023,2023,2023,36,9
Student Loans,Budget Authority,2024,1885.0,Millions of dollars,51310-2019-05-Student-Loan.xlsx,Table 3,true,51310,Table 3. / Direct Loans / Total Mandatory / Budget Authority,fiscal_year,2024,2024,2024,36,10
Student Loans,Budget Authority,2025,1929.0,Millions of dollars,51310-2019-05-Student-Loan.xlsx,Table 3,true,51310,Table 3. / Direct Loans / Total Mandatory / Budget Authority,fiscal_year,2025,2025,2025,36,11
Student Loans,Budget Authority,2026,1973.0,Millions of dollars,51310-2019-05-Student-Loan.xlsx,Table 3,true,51310,Table 3. / Direct Loans / Total Mandatory / Budget Authority,fiscal_year,2026,2026,2026,36,12
Student Loans,Budget Authority,2027,2017.0,Millions of dollars,51310-2019-05-Student-Loan.xlsx,Table 3,true,51310,Table 3. / Direct Loans / Total Mandatory / Budget Authority,fiscal_year,2027,2027,2027,36,13
Student Loans,Budget Authority,2028,2065.0,Millions of dollars,51310-2019-05-Student-Loan.xlsx,Table 3,true,51310,Table 3. / Direct Loans / Total Mandatory / Budget Authority,fiscal_year,2028,2028,2028,36,14
Student Loans,Budget Authority,2029,2111.0,Millions of dollars,51310-2019-05-Student-Loan.xlsx,Table 3,true,51310,Table 3. / Direct Loans / Total Mandatory / Budget Authority,fiscal_year,2029,2029,2029,36,15
Student Loans,Outlays,2019,1664.0,Millions of dollars,51310-2019-05-Student-Loan.xlsx,Table 3,true,51310,Table 3. / Direct Loans / Total Mandatory / Outlays,fiscal_year,2019,2019,2019,37,5
Student Loans,Outlays,2020,1696.0,Millions of dollars,51310-2019-05-Student-Loan.xlsx,Table 3,true,51310,Table 3. / Direct Loans / Total Mandatory / Outlays,fiscal_year,2020,2020,2020,37,6
Student Loans,Outlays,2021,1735.0,Millions of dollars,51310-2019-05-Student-Loan.xlsx,Table 3,true,51310,Table 3. / Direct Loans / Total Mandatory / Outlays,fiscal_year,2021,2021,2021,37,7
Student Loans,Outlays,2022,1773.0,Millions of dollars,51310-2019-05-Student-Loan.xlsx,Table 3,true,51310,Table 3. / Direct Loans / Total Mandatory / Outlays,fiscal_year,2022,2022,2022,37,8
Student Loans,Outlays,2023,1815.0,Millions of dollars,51310-2019-05-Student-Loan.xlsx,Table 3,true,51310,Table 3. / Direct Loans / Total Mandatory / Outlays,fiscal_year,2023,2023,2023,37,9
Student Loans,Outlays,2024,1858.0,Millions of dollars,51310-2019-05-Student-Loan.xlsx,Table 3,true,51310,Table 3. / Direct Loans / Total Mandatory / Outlays,fiscal_year,2024,2024,2024,37,10
Student Loans,Outlays,2025,1901.0,Millions of dollars,51310-2019-05-Student-Loan.xlsx,Table 3,true,51310,Table 3. / Direct Loans / Total Mandatory / Outlays,fiscal_year,2025,2025,2025,37,11
Student Loans,Outlays,2026,1945.0,Millions of dollars,51310-2019-05-Student-Loan.xlsx,Table 3,true,51310,Table 3. / Direct Loans / Total Mandatory / Outlays,fiscal_year,2026,2026,2026,37,12
Student Loans,Outlays,2027,1989.0,Millions of dollars,51310-2019-05-Student-Loan.xlsx,Table 3,true,51310,Table 3. / Direct Loans / Total Mandatory / Outlays,fiscal_year,2027,2027,2027,37,13
Student Loans,Outlays,2028,2035.0,Millions of dollars,51310-2019-05-Student-Loan.xlsx,Table 3,true,51310,Table 3. / Direct Loans / Total Mandatory / Outlays,fiscal_year,2028,2028,2028,37,14
Student Loans,Outlays,2029,2081.0,Millions of dollars,51310-2019-05-Student-Loan.xlsx,Table 3,true,51310,Table 3. / Direct Loans / Total Mandatory / Outlays,fiscal_year,2029,2029,2029,37,15
Student Loans,Budget Authority,2019,3143.0,Millions of dollars,51310-2019-05-Student-Loan.xlsx,Table 3,true,51310,Table 3. / Direct Loans / Total Mandatory / Budget Authority,fiscal_year,2019,2019,2019,42,5
Student Loans,Budget Authority,2020,3143.0,Millions of dollars,51310-2019-05-Student-Loan.xlsx,Table 3,true,51310,Table 3. / Direct Loans / Total Mandatory / Budget Authority,fiscal_year,2020,2020,2020,42,6
Student Loans,Budget Authority,2021,3285.0,Millions of dollars,51310-2019-05-Student-Loan.xlsx,Table 3,true,51310,Table 3. / Direct Loans / Total Mandatory / Budget Authority,fiscal_year,2021,2021,2021,42,7
Student Loans,Budget Authority,2022,3358.0,Millions of dollars,51310-2019-05-Student-Loan.xlsx,Table 3,true,51310,Table 3. / Direct Loans / Total Mandatory / Budget Authority,fiscal_year,2022,2022,2022,42,8
Student Loans,Budget Authority,2023,3430.0,Millions of dollars,51310-2019-05-Student-Loan.xlsx,Table 3,true,51310,Table 3. / Direct Loans / Total Mandatory / Budget Authority,fiscal_year,2023,2023,2023,42,9
Student Loans,Budget Authority,2024,3507.0,Millions of dollars,51310-2019-05-Student-Loan.xlsx,Table 3,true,51310,Table 3. / Direct Loans / Total Mandatory / Budget Authority,fiscal_year,2024,2024,2024,42,10
Student Loans,Budget Authority,2025,3579.0,Millions of dollars,51310-2019-05-Student-Loan.xlsx,Table 3,true,51310,Table 3. / Direct Loans / Total Mandatory / Budget Authority,fiscal_year,2025,2025,2025,42,11
Student Loans,Budget Authority,2026,3642.0,Millions of dollars,51310-2019-05-Student-Loan.xlsx,Table 3,true,51310,Table 3. / Direct Loans / Total Mandatory / Budget Authority,fiscal_year,2026,2026,2026,42,12
Student Loans,Budget Authority,2027,3699.0,Millions of dollars,51310-2019-05-Student-Loan.xlsx,Table 3,true,51310,Table 3. / Direct Loans / Total Mandatory / Budget Authority,fiscal_year,2027,2027,2027,42,13
Student Loans,Budget Authority,2028,3782.0,Millions of dollars,51310-2019-05-Student-Loan.xlsx,Table 3,true,51310,Table 3. / Direct Loans / Total Mandatory / Budget Authority,fiscal_year,2028,2028,2028,42,14
Student Loans,Budget Authority,2029,3904.0,Millions of dollars,51310-2019-05-Student-Loan.xlsx,Table 3,true,51310,Table 3. / Direct Loans / Total Mandatory / Budget Authority,fiscal_year,2029,2029,2029,42,15
Student Loans,Outlays,2019,3077.0,Millions of dollars,51310-2019-05-Student-Loan.xlsx,Table 3,true,51310,Table 3. / Direct Loans / Total Mandatory / Outlays,fiscal_year,2019,2019,2019,43,5
Student Loans,Outlays,2020,3111.0,Millions of dollars,51310-2019-05-Student-Loan.xlsx,Table 3,true,51310,Table 3. / Direct Loans / Total Mandatory / Outlays,fiscal_year,2020,2020,2020,43,6
Student Loans,Outlays,2021,3251.0,Millions of dollars,51310-2019-05-Student-Loan.xlsx,Table 3,true,51310,Table 3. / Direct Loans / Total Mandatory / Outlays,fiscal_year,2021,2021,2021,43,7
Student Loans,Outlays,2022,3321.0,Millions of dollars,51310-2019-05-Student-Loan.xlsx,Table 3,true,51310,Table 3. / Direct Loans / Total Mandatory / Outlays,fiscal_year,2022,2022,2022,43,8
Student Loans,Outlays,2023,3392.0,Millions of dollars,51310-2019-05-Student-Loan.xlsx,Table 3,true,51310,Table 3. / Direct Loans / Total Mandatory / Outlays,fiscal_year,2023,2023,2023,43,9
Student Loans,Outlays,2024,3468.0,Millions of dollars,51310-2019-05-Student-Loan.xlsx,Table 3,true,51310,Table 3. / Direct Loans / Total Mandatory / Outlays,fiscal_year,2024,2024,2024,43,10
Student Loans,Outlays,2025,3541.0,Millions of dollars,51310-2019-05-Student-Loan.xlsx,Table 3,true,51310,Table 3. / Direct Loans / Total Mandatory / Outlays,fiscal_year,2025,2025,2025,43,11
Student Loans,Outlays,2026,3607.0,Millions of dollars,51310-2019-05-Student-Loan.xlsx,Table 3,true,51310,Table 3. / Direct Loans / Total Mandatory / Outlays,fiscal_year,2026,2026,2026,43,12
Student Loans,Outlays,2027,6334.0,Millions of dollars,51310-2019-05-Student-Loan.xlsx,Table 3,true,51310,Table 3. / Direct Loans / Total Mandatory / Outlays,fiscal_year,2027,2027,2027,43,13
Student Loans,Outlays,2028,3745.0,Millions of dollars,51310-2019-05-Student-Loan.xlsx,Table 3,true,51310,Table 3. / Direct Loans / Total Mandatory / Outlays,fiscal_year,2028,2028,2028,43,14
Student Loans,Outlays,2029,3853.0,Millions of dollars,51310-2019-05-Student-Loan.xlsx,Table 3,true,51310,Table 3. / Direct Loans / Total Mandatory / Outlays,fiscal_year,2029,2029,2029,43,15
Student Loans,Budget Authority,2019,22093.0,Millions of dollars,51310-2019-05-Student-Loan.xlsx,Table 5,false,51310,Table 5. / Direct Student Loans / Program Costs / Budget Authority,fiscal_year,2019,2019,2019,9,5
Student Loans,Budget Authority,2020,20572.0,Millions of dollars,51310-2019-05-Student-Loan.xlsx,Table 5,false,51310,Table 5. / Direct Student Loans / Program Costs / Budget Authority,fiscal_year,2020,2020,2020,9,6
Student Loans,Budget Authority,2021,22310.0,Millions of dollars,51310-2019-05-Student-Loan.xlsx,Table 5,false,51310,Table 5. / Direct Student Loans / Program Costs / Budget Authority,fiscal_year,2021,2021,2021,9,7
Student Loans,Budget Authority,2022,24233.0,Millions of dollars,51310-2019-05-Student-Loan.xlsx,Table 5,false,51310,Table 5. / Direct Student Loans / Program Costs / Budget Authority,fiscal_year,2022,2022,2022,9,8
Student Loans,Budget Authority,2023,25403.0,Millions of dollars,51310-2019-05-Student-Loan.xlsx,Table 5,false,51310,Table 5. / Direct Student Loans / Program Costs / Budget Authority,fiscal_year,2023,2023,2023,9,9
Student Loans,Budget Authority,2024,26448.0,Millions of dollars,51310-2019-05-Student-Loan.xlsx,Table 5,false,51310,Table 5. / Direct Student Loans / Program Costs / Budget Authority,fiscal_year,2024,2024,2024,9,10
Student Loans,Budget Authority,2025,26644.0,Millions of dollars,51310-2019-05-Student-Loan.xlsx,Table 5,false,51310,Table 5. / Direct Student Loans / Program Costs / Budget Authority,fiscal_year,2025,2025,2025,9,11
Student Loans,Budget Authority,2026,27407.0,Millions of dollars,51310-2019-05-Student-Loan.xlsx,Table 5,false,51310,Table 5. / Direct Student Loans / Program Costs / Budget Authority,fiscal_year,2026,2026,2026,9,12
Student Loans,Budget Authority,2027,28321.0,Millions of dollars,51310-2019-05-Student-Loan.xlsx,Table 5,false,51310,Table 5. / Direct Student Loans / Program Costs / Budget Authority,fiscal_year,2027,2027,2027,9,13
Student Loans,Budget Authority,2028,28922.0,Millions of dollars,51310-2019-05-Student-Loan.xlsx,Table 5,false,51310,Table 5. / Direct Student Loans / Program Costs / Budget Authority,fiscal_year,2028,2028,2028,9,14
Student Loans,Budget Authority,2029,29708.0,Millions of dollars,51310-2019-05-Student-Loan.xlsx,Table 5,false,51310,Table 5. / Direct Student Loans / Program Costs / Budget Authority,fiscal_year,2029,2029,2029,9,15
Student Loans,Outlays,2019,18808.0,Millions of dollars,51310-2019-05-Student-Loan.xlsx,Table 5,false,51310,Table 5. / Direct Student Loans / Program Costs / Outlays,fiscal_year,2019,2019,2019,10,5
Student Loans,Outlays,2020,17537.0,Millions of dollars,51310-2019-05-Student-Loan.xlsx,Table 5,false,51310,Table 5. / Direct Student Loans / Program Costs / Outlays,fiscal_year,2020,2020,2020,10,6
Student Loans,Outlays,2021,19050.0,Millions of dollars,51310-2019-05-Student-Loan.xlsx,Table 5,false,51310,Table 5. / Direct Student Loans / Program Costs / Outlays,fiscal_year,2021,2021,2021,10,7
Student Loans,Outlays,2022,20703.0,Millions of dollars,51310-2019-05-Student-Loan.xlsx,Table 5,false,51310,Table 5. / Direct Student Loans / Program Costs / Outlays,fiscal_year,2022,2022,2022,10,8
Student Loans,Outlays,2023,21965.0,Millions of dollars,51310-2019-05-Student-Loan.xlsx,Table 5,false,51310,Table 5. / Direct Student Loans / Program Costs / Outlays,fiscal_year,2023,2023,2023,10,9
Student Loans,Outlays,2024,22926.0,Millions of dollars,51310-2019-05-Student-Loan.xlsx,Table 5,false,51310,Table 5. / Direct Student Loans / Program Costs / Outlays,fiscal_year,2024,2024,2024,10,10
Student Loans,Outlays,2025,23356.0,Millions of dollars,51310-2019-05-Student-Loan.xlsx,Table 5,false,51310,Table 5. / Direct Student Loans / Program Costs / Outlays,fiscal_year,2025,2025,2025,10,11
Student Loans,Outlays,2026,23850.0,Millions of dollars,51310-2019-05-Student-Loan.xlsx,Table 5,false,51310,Table 5. / Direct Student Loans / Program Costs / Outlays,fiscal_year,2026,2026,2026,10,12
Student Loans,Outlays,2027,24612.0,Millions of dollars,51310-2019-05-Student-Loan.xlsx,Table 5,false,51310,Table 5. / Direct Student Loans / Program Costs / Outlays,fiscal_year,2027,2027,2027,10,13
Student Loans,Outlays,2028,25238.0,Millions of dollars,51310-2019-05-Student-Loan.xlsx,Table 5,false,51310,Table 5. / Direct Student Loans / Program Costs / Outlays,fiscal_year,2028,2028,2028,10,14
Student Loans,Outlays,2029,25872.0,Millions of dollars,51310-2019-05-Student-Loan.xlsx,Table 5,false,51310,Table 5. / Direct Student Loans / Program Costs / Outlays,fiscal_year,2029,2029,2029,10,15
Student Loans,Budget Authority,2019,26661.0,Millions of dollars,51310-2019-05-Student-Loan.xlsx,Table 5,false,51310,Table 5. / Direct Student Loans / Credit Reestimates and Modificationsa / Budget Authority,fiscal_year,2019,2019,2019,12,5
Student Loans,Budget Authority,2020,0.0,Millions of dollars,51310-2019-05-Student-Loan.xlsx,Table 5,false,51310,Table 5. / Direct Student Loans / Credit Reestimates and Modificationsa / Budget Authority,fiscal_year,2020,2020,2020,12,6
Student Loans,Budget Authority,2021,0.0,Millions of dollars,51310-2019-05-Student-Loan.xlsx,Table 5,false,51310,Table 5. / Direct Student Loans / Credit Reestimates and Modificationsa / Budget Authority,fiscal_year,2021,2021,2021,12,7
Student Loans,Budget Authority,2022,0.0,Millions of dollars,51310-2019-05-Student-Loan.xlsx,Table 5,false,51310,Table 5. / Direct Student Loans / Credit Reestimates and Modificationsa / Budget Authority,fiscal_year,2022,2022,2022,12,8
Student Loans,Budget Authority,2023,0.0,Millions of dollars,51310-2019-05-Student-Loan.xlsx,Table 5,false,51310,Table 5. / Direct Student Loans / Credit Reestimates and Modificationsa / Budget Authority,fiscal_year,2023,2023,2023,12,9
Student Loans,Budget Authority,2024,0.0,Millions of dollars,51310-2019-05-Student-Loan.xlsx,Table 5,false,51310,Table 5. / Direct Student Loans / Credit Reestimates and Modificationsa / Budget Authority,fiscal_year,2024,2024,2024,12,10
Student Loans,Budget Authority,2025,0.0,Millions of dollars,51310-2019-05-Student-Loan.xlsx,Table 5,false,51310,Table 5. / Direct Student Loans / Credit Reestimates and Modificationsa / Budget Authority,fiscal_year,2025,2025,2025,12,11
Student Loans,Budget Authority,2026,0.0,Millions of dollars,51310-2019-05-Student-Loan.xlsx,Table 5,false,51310,Table 5. / Direct Student Loans / Credit Reestimates and Modificationsa / Budget Authority,fiscal_year,2026,2026,2026,12,12
Student Loans,Budget Authority,2027,0.0,Millions of dollars,51310-2019-05-Student-Loan.xlsx,Table 5,false,51310,Table 5. / Direct Student Loans / Credit Reestimates and Modificationsa / Budget Authority,fiscal_year,2027,2027,2027,12,13
Student Loans,Budget Authority,2028,0.0,Millions of dollars,51310-2019-05-Student-Loan.xlsx,Table 5,false,51310,Table 5. / Direct Student Loans / Credit Reestimates and Modificationsa / Budget Authority,fiscal_year,2028,2028,2028,12,14
Student Loans,Budget Authority,2029,0.0,Millions of dollars,51310-2019-05-Student-Loan.xlsx,Table 5,false,51310,Table 5. / Direct Student Loans / Credit Reestimates and Modificationsa / Budget Authority,fiscal_year,2029,2029,2029,12,15
Student Loans,Outlays,2019,26661.0,Millions of dollars,51310-2019-05-Student-Loan.xlsx,Table 5,false,51310,Table 5. / Direct Student Loans / Credit Reestimates and Modificationsa / Outlays,fiscal_year,2019,2019,2019,13,5
Student Loans,Outlays,2020,0.0,Millions of dollars,51310-2019-05-Student-Loan.xlsx,Table 5,false,51310,Table 5. / Direct Student Loans / Credit Reestimates and Modificationsa / Outlays,fiscal_year,2020,2020,2020,13,6
Student Loans,Outlays,2021,0.0,Millions of dollars,51310-2019-05-Student-Loan.xlsx,Table 5,false,51310,Table 5. / Direct Student Loans / Credit Reestimates and Modificationsa / Outlays,fiscal_year,2021,2021,2021,13,7
Student Loans,Outlays,2022,0.0,Millions of dollars,51310-2019-05-Student-Loan.xlsx,Table 5,false,51310,Table 5. / Direct Student Loans / Credit Reestimates and Modificationsa / Outlays,fiscal_year,2022,2022,2022,13,8
Student Loans,Outlays,2023,0.0,Millions of dollars,51310-2019-05-Student-Loan.xlsx,Table 5,false,51310,Table 5. / Direct Student Loans / Credit Reestimates and Modificationsa / Outlays,fiscal_year,2023,2023,2023,13,9
Student Loans,Outlays,2024,0.0,Millions of dollars,51310-2019-05-Student-Loan.xlsx,Table 5,false,51310,Table 5. / Direct Student Loans / Credit Reestimates and Modificationsa / Outlays,fiscal_year,2024,2024,2024,13,10
Student Loans,Outlays,2025,0.0,Millions of dollars,51310-2019-05-Student-Loan.xlsx,Table 5,false,51310,Table 5. / Direct Student Loans / Credit Reestimates and Modificationsa / Outlays,fiscal_year,2025,2025,2025,13,11
Student Loans,Outlays,2026,0.0,Millions of dollars,51310-2019-05-Student-Loan.xlsx,Table 5,false,51310,Table 5. / Direct Student Loans / Credit Reestimates and Modificationsa / Outlays,fiscal_year,2026,2026,2026,13,12
Student Loans,Outlays,2027,0.0,Millions of dollars,51310-2019-05-Student-Loan.xlsx,Table 5,false,51310,Table 5. / Direct Student Loans / Credit Reestimates and Modificationsa / Outlays,fiscal_year,2027,2027,2027,13,13
Student Loans,Outlays,2028,0.0,Millions of dollars,51310-2019-05-Student-Loan.xlsx,Table 5,false,51310,Table 5. / Direct Student Loans / Credit Reestimates and Modificationsa / Outlays,fiscal_year,2028,2028,2028,13,14
Student Loans,Outlays,2029,0.0,Millions of dollars,51310-2019-05-Student-Loan.xlsx,Table 5,false,51310,Table 5. / Direct Student Loans / Credit Reestimates and Modificationsa / Outlays,fiscal_year,2029,2029,2029,13,15
Student Loans,Budget Authority,2019,48754.0,Millions of dollars,51310-2019-05-Student-Loan.xlsx,Table 5,true,51310,"Table 5. / Direct Student Loans / Subtotal, Direct Loans / Budget Authority",fiscal_year,2019,2019,2019,15,5
Student Loans,Budget Authority,2020,20572.0,Millions of dollars,51310-2019-05-Student-Loan.xlsx,Table 5,true,51310,"Table 5. / Direct Student Loans / Subtotal, Direct Loans / Budget Authority",fiscal_year,2020,2020,2020,15,6
Student Loans,Budget Authority,2021,22310.0,Millions of dollars,51310-2019-05-Student-Loan.xlsx,Table 5,true,51310,"Table 5. / Direct Student Loans / Subtotal, Direct Loans / Budget Authority",fiscal_year,2021,2021,2021,15,7
Student Loans,Budget Authority,2022,24233.0,Millions of dollars,51310-2019-05-Student-Loan.xlsx,Table 5,true,51310,"Table 5. / Direct Student Loans / Subtotal, Direct Loans / Budget Authority",fiscal_year,2022,2022,2022,15,8
Student Loans,Budget Authority,2023,25403.0,Millions of dollars,51310-2019-05-Student-Loan.xlsx,Table 5,true,51310,"Table 5. / Direct Student Loans / Subtotal, Direct Loans / Budget Authority",fiscal_year,2023,2023,2023,15,9
Student Loans,Budget Authority,2024,26448.0,Millions of dollars,51310-2019-05-Student-Loan.xlsx,Table 5,true,51310,"Table 5. / Direct Student Loans / Subtotal, Direct Loans / Budget Authority",fiscal_year,2024,2024,2024,15,10
Student Loans,Budget Authority,2025,26644.0,Millions of dollars,51310-2019-05-Student-Loan.xlsx,Table 5,true,51310,"Table 5. / Direct Student Loans / Subtotal, Direct Loans / Budget Authority",fiscal_year,2025,2025,2025,15,11
Student Loans,Budget Authority,2026,27407.0,Millions of dollars,51310-2019-05-Student-Loan.xlsx,Table 5,true,51310,"Table 5. / Direct Student Loans / Subtotal, Direct Loans / Budget Authority",fiscal_year,2026,2026,2026,15,12
Student Loans,Budget Authority,2027,28321.0,Millions of dollars,51310-2019-05-Student-Loan.xlsx,Table 5,true,51310,"Table 5. / Direct Student Loans / Subtotal, Direct Loans / Budget Authority",fiscal_year,2027,2027,2027,15,13
Student Loans,Budget Authority,2028,28922.0,Millions of dollars,51310-2019-05-Student-Loan.xlsx,Table 5,true,51310,"Table 5. / Direct Student Loans / Subtotal, Direct Loans / Budget Authority",fiscal_year,2028,2028,2028,15,14
Student Loans,Budget Authority,2029,29708.0,Millions of dollars,51310-2019-05-Student-Loan.xlsx,Table 5,true,51310,"Table 5. / Direct Student Loans / Subtotal, Direct Loans / Budget Authority",fiscal_year,2029,2029,2029,15,15
Student Loans,Outlays,2019,45469.0,Millions of dollars,51310-2019-05-Student-Loan.xlsx,Table 5,true,51310,"Table 5. / Direct Student Loans / Subtotal, Direct Loans / Outlays",fiscal_year,2019,2019,2019,16,5
Student Loans,Outlays,2020,17537.0,Millions of dollars,51310-2019-05-Student-Loan.xlsx,Table 5,true,51310,"Table 5. / Direct Student Loans / Subtotal, Direct Loans / Outlays",fiscal_year,2020,2020,2020,16,6
Student Loans,Outlays,2021,19050.0,Millions of dollars,51310-2019-05-Student-Loan.xlsx,Table 5,true,51310,"Table 5. / Direct Student Loans / Subtotal, Direct Loans / Outlays",fiscal_year,2021,2021,2021,16,7
Student Loans,Outlays,2022,20703.0,Millions of dollars,51310-2019-05-Student-Loan.xlsx,Table 5,true,51310,"Table 5. / Direct Student Loans / Subtotal, Direct Loans / Outlays",fiscal_year,2022,2022,2022,16,8
Student Loans,Outlays,2023,21965.0,Millions of dollars,51310-2019-05-Student-Loan.xlsx,Table 5,true,51310,"Table 5. / Direct Student Loans / Subtotal, Direct Loans / Outlays",fiscal_year,2023,2023,2023,16,9
Student Loans,Outlays,2024,22926.0,Millions of dollars,51310-2019-05-Student-Loan.xlsx,Table 5,true,51310,"Table 5. / Direct Student Loans / Subtotal, Direct Loans / Outlays",fiscal_year,2024,2024,2024,16,10
Student Loans,Outlays,2025,23356.0,Millions of dollars,51310-2019-05-Student-Loan.xlsx,Table 5,true,51310,"Table 5. / Direct Student Loans / Subtotal, Direct Loans / Outlays",fiscal_year,2025,2025,2025,16,11
Student Loans,Outlays,2026,23850.0,Millions of dollars,51310-2019-05-Student-Loan.xlsx,Table 5,true,51310,"Table 5. / Direct Student Loans / Subtotal, Direct Loans / Outlays",fiscal_year,2026,2026,2026,16,12
Student Loans,Outlays,2027,24612.0,Millions of dollars,51310-2019-05-Student-Loan.xlsx,Table 5,true,51310,"Table 5. / Direct Student Loans / Subtotal, Direct Loans / Outlays",fiscal_year,2027,2027,2027,16,13
Student Loans,Outlays,2028,25238.0,Millions of dollars,51310-2019-05-Student-Loan.xlsx,Table 5,true,51310,"Table 5. / Direct Student Loans / Subtotal, Direct Loans / Outlays",fiscal_year,2028,2028,2028,16,14
Student Loans,Outlays,2029,25872.0,Millions of dollars,51310-2019-05-Student-Loan.xlsx,Table 5,true,51310,"Table 5. / Direct Student Loans / Subtotal, Direct Loans / Outlays",fiscal_year,2029,2029,2029,16,15
Student Loans,Budget Authority,2019,-355.0,Millions of dollars,51310-2019-05-Student-Loan.xlsx,Table 5,false,51310,Table 5. / Guaranteed Student Loans / Program Costs / Budget Authority,fiscal_year,2019,2019,2019,20,5
Student Loans,Budget Authority,2020,-388.0,Millions of dollars,51310-2019-05-Student-Loan.xlsx,Table 5,false,51310,Table 5. / Guaranteed Student Loans / Program Costs / Budget Authority,fiscal_year,2020,2020,2020,20,6
Student Loans,Budget Authority,2021,-288.0,Millions of dollars,51310-2019-05-Student-Loan.xlsx,Table 5,false,51310,Table 5. / Guaranteed Student Loans / Program Costs / Budget Authority,fiscal_year,2021,2021,2021,20,7
Student Loans,Budget Authority,2022,-251.0,Millions of dollars,51310-2019-05-Student-Loan.xlsx,Table 5,false,51310,Table 5. / Guaranteed Student Loans / Program Costs / Budget Authority,fiscal_year,2022,2022,2022,20,8
Student Loans,Budget Authority,2023,-203.0,Millions of dollars,51310-2019-05-Student-Loan.xlsx,Table 5,false,51310,Table 5. / Guaranteed Student Loans / Program Costs / Budget Authority,fiscal_year,2023,2023,2023,20,9
Student Loans,Budget Authority,2024,-163.0,Millions of dollars,51310-2019-05-Student-Loan.xlsx,Table 5,false,51310,Table 5. / Guaranteed Student Loans / Program Costs / Budget Authority,fiscal_year,2024,2024,2024,20,10
Student Loans,Budget Authority,2025,-132.0,Millions of dollars,51310-2019-05-Student-Loan.xlsx,Table 5,false,51310,Table 5. / Guaranteed Student Loans / Program Costs / Budget Authority,fiscal_year,2025,2025,2025,20,11
Student Loans,Budget Authority,2026,-108.0,Millions of dollars,51310-2019-05-Student-Loan.xlsx,Table 5,false,51310,Table 5. / Guaranteed Student Loans / Program Costs / Budget Authority,fiscal_year,2026,2026,2026,20,12
Student Loans,Budget Authority,2027,-90.0,Millions of dollars,51310-2019-05-Student-Loan.xlsx,Table 5,false,51310,Table 5. / Guaranteed Student Loans / Program Costs / Budget Authority,fiscal_year,2027,2027,2027,20,13
Student Loans,Budget Authority,2028,-73.0,Millions of dollars,51310-2019-05-Student-Loan.xlsx,Table 5,false,51310,Table 5. / Guaranteed Student Loans / Program Costs / Budget Authority,fiscal_year,2028,2028,2028,20,14
Student Loans,Budget Authority,2029,-56.0,Millions of dollars,51310-2019-05-Student-Loan.xlsx,Table 5,false,51310,Table 5. / Guaranteed Student Loans / Program Costs / Budget Authority,fiscal_year,2029,2029,2029,20,15
Student Loans,Outlays,2019,-477.0,Millions of dollars,51310-2019-05-Student-Loan.xlsx,Table 5,false,51310,Table 5. / Guaranteed Student Loans / Program Costs / Outlays,fiscal_year,2019,2019,2019,21,5
Student Loans,Outlays,2020,-484.0,Millions of dollars,51310-2019-05-Student-Loan.xlsx,Table 5,false,51310,Table 5. / Guaranteed Student Loans / Program Costs / Outlays,fiscal_year,2020,2020,2020,21,6
Student Loans,Outlays,2021,-364.0,Millions of dollars,51310-2019-05-Student-Loan.xlsx,Table 5,false,51310,Table 5. / Guaranteed Student Loans / Program Costs / Outlays,fiscal_year,2021,2021,2021,21,7
Student Loans,Outlays,2022,-311.0,Millions of dollars,51310-2019-05-Student-Loan.xlsx,Table 5,false,51310,Table 5. / Guaranteed Student Loans / Program Costs / Outlays,fiscal_year,2022,2022,2022,21,8
Student Loans,Outlays,2023,-251.0,Millions of dollars,51310-2019-05-Student-Loan.xlsx,Table 5,false,51310,Table 5. / Guaranteed Student Loans / Program Costs / Outlays,fiscal_year,2023,2023,2023,21,9
Student Loans,Outlays,2024,-203.0,Millions of dollars,51310-2019-05-Student-Loan.xlsx,Table 5,false,51310,Table 5. / Guaranteed Student Loans / Program Costs / Outlays,fiscal_year,2024,2024,2024,21,10
Student Loans,Outlays,2025,-162.0,Millions of dollars,51310-2019-05-Student-Loan.xlsx,Table 5,false,51310,Table 5. / Guaranteed Student Loans / Program Costs / Outlays,fiscal_year,2025,2025,2025,21,11
Student Loans,Outlays,2026,-129.0,Millions of dollars,51310-2019-05-Student-Loan.xlsx,Table 5,false,51310,Table 5. / Guaranteed Student Loans / Program Costs / Outlays,fiscal_year,2026,2026,2026,21,12
Student Loans,Outlays,2027,-105.0,Millions of dollars,51310-2019-05-Student-Loan.xlsx,Table 5,false,51310,Table 5. / Guaranteed Student Loans / Program Costs / Outlays,fiscal_year,2027,2027,2027,21,13
Student Loans,Outlays,2028,-83.0,Millions of dollars,51310-2019-05-Student-Loan.xlsx,Table 5,false,51310,Table 5. / Guaranteed Student Loans / Program Costs / Outlays,fiscal_year,2028,2028,2028,21,14
Student Loans,Outlays,2029,-62.0,Millions of dollars,51310-2019-05-Student-Loan.xlsx,Table 5,false,51310,Table 5. / Guaranteed Student Loans / Program Costs / Outlays,fiscal_year,2029,2029,2029,21,15
Student Loans,Budget Authority,2019,1562.0,Millions of dollars,51310-2019-05-Student-Loan.xlsx,Table 5,false,51310,Table 5. / Guaranteed Student Loans / Credit Reestimates and Modificationsa / Budget Authority,fiscal_year,2019,2019,2019,23,5
Student Loans,Budget Authority,2020,0.0,Millions of dollars,51310-2019-05-Student-Loan.xlsx,Table 5,false,51310,Table 5. / Guaranteed Student Loans / Credit Reestimates and Modificationsa / Budget Authority,fiscal_year,2020,2020,2020,23,6
Student Loans,Budget Authority,2021,0.0,Millions of dollars,51310-2019-05-Student-Loan.xlsx,Table 5,false,51310,Table 5. / Guaranteed Student Loans / Credit Reestimates and Modificationsa / Budget Authority,fiscal_year,2021,2021,2021,23,7
Student Loans,Budget Authority,2022,0.0,Millions of dollars,51310-2019-05-Student-Loan.xlsx,Table 5,false,51310,Table 5. / Guaranteed Student Loans / Credit Reestimates and Modificationsa / Budget Authority,fiscal_year,2022,2022,2022,23,8
Student Loans,Budget Authority,2023,0.0,Millions of dollars,51310-2019-05-Student-Loan.xlsx,Table 5,false,51310,Table 5. / Guaranteed Student Loans / Credit Reestimates and Modificationsa / Budget Authority,fiscal_year,2023,2023,2023,23,9
Student Loans,Budget Authority,2024,0.0,Millions of dollars,51310-2019-05-Student-Loan.xlsx,Table 5,false,51310,Table 5. / Guaranteed Student Loans / Credit Reestimates and Modificationsa / Budget Authority,fiscal_year,2024,2024,2024,23,10
Student Loans,Budget Authority,2025,0.0,Millions of dollars,51310-2019-05-Student-Loan.xlsx,Table 5,false,51310,Table 5. / Guaranteed Student Loans / Credit Reestimates and Modificationsa / Budget Authority,fiscal_year,2025,2025,2025,23,11
Student Loans,Budget Authority,2026,0.0,Millions of dollars,51310-2019-05-Student-Loan.xlsx,Table 5,false,51310,Table 5. / Guaranteed Student Loans / Credit Reestimates and Modificationsa / Budget Authority,fiscal_year,2026,2026,2026,23,12
Student Loans,Budget Authority,2027,0.0,Millions of dollars,51310-2019-05-Student-Loan.xlsx,Table 5,false,51310,Table 5. / Guaranteed Student Loans / Credit Reestimates and Modificationsa / Budget Authority,fiscal_year,2027,2027,2027,23,13
Student Loans,Budget Authority,2028,0.0,Millions of dollars,51310-2019-05-Student-Loan.xlsx,Table 5,false,51310,Table 5. / Guaranteed Student Loans / Credit Reestimates and Modificationsa / Budget Authority,fiscal_year,2028,2028,2028,23,14
Student Loans,Budget Authority,2029,0.0,Millions of dollars,51310-2019-05-Student-Loan.xlsx,Table 5,false,51310,Table 5. / Guaranteed Student Loans / Credit Reestimates and Modificationsa / Budget Authority,fiscal_year,2029,2029,2029,23,15
Student Loans,Outlays,2019,1562.0,Millions of dollars,51310-2019-05-Student-Loan.xlsx,Table 5,false,51310,Table 5. / Guaranteed Student Loans / Credit Reestimates and Modificationsa / Outlays,fiscal_year,2019,2019,2019,24,5
Student Loans,Outlays,2020,0.0,Millions of dollars,51310-2019-05-Student-Loan.xlsx,Table 5,false,51310,Table 5. / Guaranteed Student Loans / Credit Reestimates and Modificationsa / Outlays,fiscal_year,2020,2020,2020,24,6
Student Loans,Outlays,2021,0.0,Millions of dollars,51310-2019-05-Student-Loan.xlsx,Table 5,false,51310,Table 5. / Guaranteed Student Loans / Credit Reestimates and Modificationsa / Outlays,fiscal_year,2021,2021,2021,24,7
Student Loans,Outlays,2022,0.0,Millions of dollars,51310-2019-05-Student-Loan.xlsx,Table 5,false,51310,Table 5. / Guaranteed Student Loans / Credit Reestimates and Modificationsa / Outlays,fiscal_year,2022,2022,2022,24,8
Student Loans,Outlays,2023,0.0,Millions of dollars,51310-2019-05-Student-Loan.xlsx,Table 5,false,51310,Table 5. / Guaranteed Student Loans / Credit Reestimates and Modificationsa / Outlays,fiscal_year,2023,2023,2023,24,9
Student Loans,Outlays,2024,0.0,Millions of dollars,51310-2019-05-Student-Loan.xlsx,Table 5,false,51310,Table 5. / Guaranteed Student Loans / Credit Reestimates and Modificationsa / Outlays,fiscal_year,2024,2024,2024,24,10
Student Loans,Outlays,2025,0.0,Millions of dollars,51310-2019-05-Student-Loan.xlsx,Table 5,false,51310,Table 5. / Guaranteed Student Loans / Credit Reestimates and Modificationsa / Outlays,fiscal_year,2025,2025,2025,24,11
Student Loans,Outlays,2026,0.0,Millions of dollars,51310-2019-05-Student-Loan.xlsx,Table 5,false,51310,Table 5. / Guaranteed Student Loans / Credit Reestimates and Modificationsa / Outlays,fiscal_year,2026,2026,2026,24,12
Student Loans,Outlays,2027,0.0,Millions of dollars,51310-2019-05-Student-Loan.xlsx,Table 5,false,51310,Table 5. / Guaranteed Student Loans / Credit Reestimates and Modificationsa / Outlays,fiscal_year,2027,2027,2027,24,13
Student Loans,Outlays,2028,0.0,Millions of dollars,51310-2019-05-Student-Loan.xlsx,Table 5,false,51310,Table 5. / Guaranteed Student Loans / Credit Reestimates and Modificationsa / Outlays,fiscal_year,2028,2028,2028,24,14
Student Loans,Outlays,2029,0.0,Millions of dollars,51310-2019-05-Student-Loan.xlsx,Table 5,false,51310,Table 5. / Guaranteed Student Loans / Credit Reestimates and Modificationsa / Outlays,fiscal_year,2029,2029,2029,24,15
Student Loans,Budget Authority,2019,1207.0,Millions of dollars,51310-2019-05-Student-Loan.xlsx,Table 5,true,51310,"Table 5. / Guaranteed Student Loans / Subtotal, Guaranteed Loans / Budget Authority",fiscal_year,2019,2019,2019,26,5
Student Loans,Budget Authority,2020,-388.0,Millions of dollars,51310-2019-05-Student-Loan.xlsx,Table 5,true,51310,"Table 5. / Guaranteed Student Loans / Subtotal, Guaranteed Loans / Budget Authority",fiscal_year,2020,2020,2020,26,6
Student Loans,Budget Authority,2021,-288.0,Millions of dollars,51310-2019-05-Student-Loan.xlsx,Table 5,true,51310,"Table 5. / Guaranteed Student Loans / Subtotal, Guaranteed Loans / Budget Authority",fiscal_year,2021,2021,2021,26,7
Student Loans,Budget Authority,2022,-251.0,Millions of dollars,51310-2019-05-Student-Loan.xlsx,Table 5,true,51310,"Table 5. / Guaranteed Student Loans / Subtotal, Guaranteed Loans / Budget Authority",fiscal_year,2022,2022,2022,26,8
Student Loans,Budget Authority,2023,-203.0,Millions of dollars,51310-2019-05-Student-Loan.xlsx,Table 5,true,51310,"Table 5. / Guaranteed Student Loans / Subtotal, Guaranteed Loans / Budget Authority",fiscal_year,2023,2023,2023,26,9
Student Loans,Budget Authority,2024,-163.0,Millions of dollars,51310-2019-05-Student-Loan.xlsx,Table 5,true,51310,"Table 5. / Guaranteed Student Loans / Subtotal, Guaranteed Loans / Budget Authority",fiscal_year,2024,2024,2024,26,10
Student Loans,Budget Authority,2025,-132.0,Millions of dollars,51310-2019-05-Student-Loan.xlsx,Table 5,true,51310,"Table 5. / Guaranteed Student Loans / Subtotal, Guaranteed Loans / Budget Authority",fiscal_year,2025,2025,2025,26,11
Student Loans,Budget Authority,2026,-108.0,Millions of dollars,51310-2019-05-Student-Loan.xlsx,Table 5,true,51310,"Table 5. / Guaranteed Student Loans / Subtotal, Guaranteed Loans / Budget Authority",fiscal_year,2026,2026,2026,26,12
Student Loans,Budget Authority,2027,-90.0,Millions of dollars,51310-2019-05-Student-Loan.xlsx,Table 5,true,51310,"Table 5. / Guaranteed Student Loans / Subtotal, Guaranteed Loans / Budget Authority",fiscal_year,2027,2027,2027,26,13
Student Loans,Budget Authority,2028,-73.0,Millions of dollars,51310-2019-05-Student-Loan.xlsx,Table 5,true,51310,"Table 5. / Guaranteed Student Loans / Subtotal, Guaranteed Loans / Budget Authority",fiscal_year,2028,2028,2028,26,14
Student Loans,Budget Authority,2029,-56.0,Millions of dollars,51310-2019-05-Student-Loan.xlsx,Table 5,true,51310,"Table 5. / Guaranteed Student Loans / Subtotal, Guaranteed Loans / Budget Authority",fiscal_year,2029,2029,2029,26,15
Student Loans,Outlays,2019,1085.0,Millions of dollars,51310-2019-05-Student-Loan.xlsx,Table 5,true,51310,"Table 5. / Guaranteed Student Loans / Subtotal, Guaranteed Loans / Outlays",fiscal_year,2019,2019,2019,27,5
Student Loans,Outlays,2020,-484.0,Millions of dollars,51310-2019-05-Student-Loan.xlsx,Table 5,true,51310,"Table 5. / Guaranteed Student Loans / Subtotal, Guaranteed Loans / Outlays",fiscal_year,2020,2020,2020,27,6
Student Loans,Outlays,2021,-364.0,Millions of dollars,51310-2019-05-Student-Loan.xlsx,Table 5,true,51310,"Table 5. / Guaranteed Student Loans / Subtotal, Guaranteed Loans / Outlays",fiscal_year,2021,2021,2021,27,7
Student Loans,Outlays,2022,-311.0,Millions of dollars,51310-2019-05-Student-Loan.xlsx,Table 5,true,51310,"Table 5. / Guaranteed Student Loans / Subtotal, Guaranteed Loans / Outlays",fiscal_year,2022,2022,2022,27,8
Student Loans,Outlays,2023,-251.0,Millions of dollars,51310-2019-05-Student-Loan.xlsx,Table 5,true,51310,"Table 5. / Guaranteed Student Loans / Subtotal, Guaranteed Loans / Outlays",fiscal_year,2023,2023,2023,27,9
Student Loans,Outlays,2024,-203.0,Millions of dollars,51310-2019-05-Student-Loan.xlsx,Table 5,true,51310,"Table 5. / Guaranteed Student Loans / Subtotal, Guaranteed Loans / Outlays",fiscal_year,2024,2024,2024,27,10
Student Loans,Outlays,2025,-162.0,Millions of dollars,51310-2019-05-Student-Loan.xlsx,Table 5,true,51310,"Table 5. / Guaranteed Student Loans / Subtotal, Guaranteed Loans / Outlays",fiscal_year,2025,2025,2025,27,11
Student Loans,Outlays,2026,-129.0,Millions of dollars,51310-2019-05-Student-Loan.xlsx,Table 5,true,51310,"Table 5. / Guaranteed Student Loans / Subtotal, Guaranteed Loans / Outlays",fiscal_year,2026,2026,2026,27,12
Student Loans,Outlays,2027,-105.0,Millions of dollars,51310-2019-05-Student-Loan.xlsx,Table 5,true,51310,"Table 5. / Guaranteed Student Loans / Subtotal, Guaranteed Loans / Outlays",fiscal_year,2027,2027,2027,27,13
Student Loans,Outlays,2028,-83.0,Millions of dollars,51310-2019-05-Student-Loan.xlsx,Table 5,true,51310,"Table 5. / Guaranteed Student Loans / Subtotal, Guaranteed Loans / Outlays",fiscal_year,2028,2028,2028,27,14
Student Loans,Outlays,2029,-62.0,Millions of dollars,51310-2019-05-Student-Loan.xlsx,Table 5,true,51310,"Table 5. / Guaranteed Student Loans / Subtotal, Guaranteed Loans / Outlays",fiscal_year,2029,2029,2029,27,15
Student Loans,Budget Authority,2019,2992.0,Millions of dollars,51310-2019-05-Student-Loan.xlsx,Table 5,false,51310,Table 5. / Student Aid Administration / Budget Authority,fiscal_year,2019,2019,2019,31,5
Student Loans,Budget Authority,2020,3074.0,Millions of dollars,51310-2019-05-Student-Loan.xlsx,Table 5,false,51310,Table 5. / Student Aid Administration / Budget Authority,fiscal_year,2020,2020,2020,31,6
Student Loans,Budget Authority,2021,3161.0,Millions of dollars,51310-2019-05-Student-Loan.xlsx,Table 5,false,51310,Table 5. / Student Aid Administration / Budget Authority,fiscal_year,2021,2021,2021,31,7
Student Loans,Budget Authority,2022,3250.0,Millions of dollars,51310-2019-05-Student-Loan.xlsx,Table 5,false,51310,Table 5. / Student Aid Administration / Budget Authority,fiscal_year,2022,2022,2022,31,8
Student Loans,Budget Authority,2023,3342.0,Millions of dollars,51310-2019-05-Student-Loan.xlsx,Table 5,false,51310,Table 5. / Student Aid Administration / Budget Authority,fiscal_year,2023,2023,2023,31,9
Student Loans,Budget Authority,2024,3435.0,Millions of dollars,51310-2019-05-Student-Loan.xlsx,Table 5,false,51310,Table 5. / Student Aid Administration / Budget Authority,fiscal_year,2024,2024,2024,31,10
Student Loans,Budget Authority,2025,3521.0,Millions of dollars,51310-2019-05-Student-Loan.xlsx,Table 5,false,51310,Table 5. / Student Aid Administration / Budget Authority,fiscal_year,2025,2025,2025,31,11
Student Loans,Budget Authority,2026,3596.0,Millions of dollars,51310-2019-05-Student-Loan.xlsx,Table 5,false,51310,Table 5. / Student Aid Administration / Budget Authority,fiscal_year,2026,2026,2026,31,12
Student Loans,Budget Authority,2027,3671.0,Millions of dollars,51310-2019-05-Student-Loan.xlsx,Table 5,false,51310,Table 5. / Student Aid Administration / Budget Authority,fiscal_year,2027,2027,2027,31,13
Student Loans,Budget Authority,2028,3750.0,Millions of dollars,51310-2019-05-Student-Loan.xlsx,Table 5,false,51310,Table 5. / Student Aid Administration / Budget Authority,fiscal_year,2028,2028,2028,31,14
Student Loans,Budget Authority,2029,3880.0,Millions of dollars,51310-2019-05-Student-Loan.xlsx,Table 5,false,51310,Table 5. / Student Aid Administration / Budget Authority,fiscal_year,2029,2029,2029,31,15
Student Loans,Outlays,2019,2922.0,Millions of dollars,51310-2019-05-Student-Loan.xlsx,Table 5,false,51310,Table 5. / Student Aid Administration / Outlays,fiscal_year,2019,2019,2019,32,5
Student Loans,Outlays,2020,3040.0,Millions of dollars,51310-2019-05-Student-Loan.xlsx,Table 5,false,51310,Table 5. / Student Aid Administration / Outlays,fiscal_year,2020,2020,2020,32,6
Student Loans,Outlays,2021,3125.0,Millions of dollars,51310-2019-05-Student-Loan.xlsx,Table 5,false,51310,Table 5. / Student Aid Administration / Outlays,fiscal_year,2021,2021,2021,32,7
Student Loans,Outlays,2022,3212.0,Millions of dollars,51310-2019-05-Student-Loan.xlsx,Table 5,false,51310,Table 5. / Student Aid Administration / Outlays,fiscal_year,2022,2022,2022,32,8
Student Loans,Outlays,2023,3303.0,Millions of dollars,51310-2019-05-Student-Loan.xlsx,Table 5,false,51310,Table 5. / Student Aid Administration / Outlays,fiscal_year,2023,2023,2023,32,9
Student Loans,Outlays,2024,3396.0,Millions of dollars,51310-2019-05-Student-Loan.xlsx,Table 5,false,51310,Table 5. / Student Aid Administration / Outlays,fiscal_year,2024,2024,2024,32,10
Student Loans,Outlays,2025,3483.0,Millions of dollars,51310-2019-05-Student-Loan.xlsx,Table 5,false,51310,Table 5. / Student Aid Administration / Outlays,fiscal_year,2025,2025,2025,32,11
Student Loans,Outlays,2026,3560.0,Millions of dollars,51310-2019-05-Student-Loan.xlsx,Table 5,false,51310,Table 5. / Student Aid Administration / Outlays,fiscal_year,2026,2026,2026,32,12
Student Loans,Outlays,2027,3635.0,Millions of dollars,51310-2019-05-Student-Loan.xlsx,Table 5,false,51310,Table 5. / Student Aid Administration / Outlays,fiscal_year,2027,2027,2027,32,13
Student Loans,Outlays,2028,3713.0,Millions of dollars,51310-2019-05-Student-Loan.xlsx,Table 5,false,51310,Table 5. / Student Aid Administration / Outlays,fiscal_year,2028,2028,2028,32,14
Student Loans,Outlays,2029,3829.0,Millions of dollars,51310-2019-05-Student-Loan.xlsx,Table 5,false,51310,Table 5. / Student Aid Administration / Outlays,fiscal_year,2029,2029,2029,32,15
Student Loans,Budget Authority,2019,52953.0,Millions of dollars,51310-2019-05-Student-Loan.xlsx,Table 5,true,51310,"Table 5. / Total Spending, Student Loans / Total Student Loans / Budget Authority",fiscal_year,2019,2019,2019,36,5
Student Loans,Budget Authority,2020,23259.0,Millions of dollars,51310-2019-05-Student-Loan.xlsx,Table 5,true,51310,"Table 5. / Total Spending, Student Loans / Total Student Loans / Budget Authority",fiscal_year,2020,2020,2020,36,6
Student Loans,Budget Authority,2021,25183.0,Millions of dollars,51310-2019-05-Student-Loan.xlsx,Table 5,true,51310,"Table 5. / Total Spending, Student Loans / Total Student Loans / Budget Authority",fiscal_year,2021,2021,2021,36,7
Student Loans,Budget Authority,2022,27233.0,Millions of dollars,51310-2019-05-Student-Loan.xlsx,Table 5,true,51310,"Table 5. / Total Spending, Student Loans / Total Student Loans / Budget Authority",fiscal_year,2022,2022,2022,36,8
Student Loans,Budget Authority,2023,28541.0,Millions of dollars,51310-2019-05-Student-Loan.xlsx,Table 5,true,51310,"Table 5. / Total Spending, Student Loans / Total Student Loans / Budget Authority",fiscal_year,2023,2023,2023,36,9
Student Loans,Budget Authority,2024,29720.0,Millions of dollars,51310-2019-05-Student-Loan.xlsx,Table 5,true,51310,"Table 5. / Total Spending, Student Loans / Total Student Loans / Budget Authority",fiscal_year,2024,2024,2024,36,10
Student Loans,Budget Authority,2025,30033.0,Millions of dollars,51310-2019-05-Student-Loan.xlsx,Table 5,true,51310,"Table 5. / Total Spending, Student Loans / Total Student Loans / Budget Authority",fiscal_year,2025,2025,2025,36,11
Student Loans,Budget Authority,2026,30895.0,Millions of dollars,51310-2019-05-Student-Loan.xlsx,Table 5,true,51310,"Table 5. / Total Spending, Student Loans / Total Student Loans / Budget Authority",fiscal_year,2026,2026,2026,36,12
Student Loans,Budget Authority,2027,31902.0,Millions of dollars,51310-2019-05-Student-Loan.xlsx,Table 5,true,51310,"Table 5. / Total Spending, Student Loans / Total Student Loans / Budget Authority",fiscal_year,2027,2027,2027,36,13
Student Loans,Budget Authority,2028,32599.0,Millions of dollars,51310-2019-05-Student-Loan.xlsx,Table 5,true,51310,"Table 5. / Total Spending, Student Loans / Total Student Loans / Budget Authority",fiscal_year,2028,2028,2028,36,14
Student Loans,Budget Authority,2029,33532.0,Millions of dollars,51310-2019-05-Student-Loan.xlsx,Table 5,true,51310,"Table 5. / Total Spending, Student Loans / Total Student Loans / Budget Authority",fiscal_year,2029,2029,2029,36,15
Student Loans,Outlays,2019,49477.0,Millions of dollars,51310-2019-05-Student-Loan.xlsx,Table 5,true,51310,"Table 5. / Total Spending, Student Loans / Total Student Loans / Outlays",fiscal_year,2019,2019,2019,37,5
Student Loans,Outlays,2020,20093.0,Millions of dollars,51310-2019-05-Student-Loan.xlsx,Table 5,true,51310,"Table 5. / Total Spending, Student Loans / Total Student Loans / Outlays",fiscal_year,2020,2020,2020,37,6
Student Loans,Outlays,2021,21810.0,Millions of dollars,51310-2019-05-Student-Loan.xlsx,Table 5,true,51310,"Table 5. / Total Spending, Student Loans / Total Student Loans / Outlays",fiscal_year,2021,2021,2021,37,7
Student Loans,Outlays,2022,23604.0,Millions of dollars,51310-2019-05-Student-Loan.xlsx,Table 5,true,51310,"Table 5. / Total Spending, Student Loans / Total Student Loans / Outlays",fiscal_year,2022,2022,2022,37,8
Student Loans,Outlays,2023,25017.0,Millions of dollars,51310-2019-05-Student-Loan.xlsx,Table 5,true,51310,"Table 5. / Total Spending, Student Loans / Total Student Loans / Outlays",fiscal_year,2023,2023,2023,37,9
Student Loans,Outlays,2024,26120.0,Millions of dollars,51310-2019-05-Student-Loan.xlsx,Table 5,true,51310,"Table 5. / Total Spending, Student Loans / Total Student Loans / Outlays",fiscal_year,2024,2024,2024,37,10
Student Loans,Outlays,2025,26677.0,Millions of dollars,51310-2019-05-Student-Loan.xlsx,Table 5,true,51310,"Table 5. / Total Spending, Student Loans / Total Student Loans / Outlays",fiscal_year,2025,2025,2025,37,11
Student Loans,Outlays,2026,27281.0,Millions of dollars,51310-2019-05-Student-Loan.xlsx,Table 5,true,51310,"Table 5. / Total Spending, Student Loans / Total Student Loans / Outlays",fiscal_year,2026,2026,2026,37,12
Student Loans,Outlays,2027,28142.0,Millions of dollars,51310-2019-05-Student-Loan.xlsx,Table 5,true,51310,"Table 5. / Total Spending, Student Loans / Total Student Loans / Outlays",fiscal_year,2027,2027,2027,37,13
Student Loans,Outlays,2028,28867.0,Millions of dollars,51310-2019-05-Student-Loan.xlsx,Table 5,true,51310,"Table 5. / Total Spending, Student Loans / Total Student Loans / Outlays",fiscal_year,2028,2028,2028,37,14
Student Loans,Outlays,2029,29639.0,Millions of dollars,51310-2019-05-Student-Loan.xlsx,Table 5,true,51310,"Table 5. / Total Spending, Student Loans / Total Student Loans / Outlays",fiscal_year,2029,2029,2029,37,15
Student Loans,All Loans,2019,16.92,Percent,51310-2019-05-Student-Loan.xlsx,Table 6,false,51310,Table 6. / All Loans,fiscal_year,2019,2019,2019,7,2
Student Loans,All Loans,2020,17.82,Percent,51310-2019-05-Student-Loan.xlsx,Table 6,false,51310,Table 6. / All Loans,fiscal_year,2020,2020,2020,7,3
Student Loans,All Loans,2021,18.57,Percent,51310-2019-05-Student-Loan.xlsx,Table 6,false,51310,Table 6. / All Loans,fiscal_year,2021,2021,2021,7,4
Student Loans,All Loans,2022,19.41,Percent,51310-2019-05-Student-Loan.xlsx,Table 6,false,51310,Table 6. / All Loans,fiscal_year,2022,2022,2022,7,5
Student Loans,All Loans,2023,19.57,Percent,51310-2019-05-Student-Loan.xlsx,Table 6,false,51310,Table 6. / All Loans,fiscal_year,2023,2023,2023,7,6
Student Loans,All Loans,2024,19.67,Percent,51310-2019-05-Student-Loan.xlsx,Table 6,false,51310,Table 6. / All Loans,fiscal_year,2024,2024,2024,7,7
Student Loans,All Loans,2025,19.1,Percent,51310-2019-05-Student-Loan.xlsx,Table 6,false,51310,Table 6. / All Loans,fiscal_year,2025,2025,2025,7,8
Student Loans,All Loans,2026,18.94,Percent,51310-2019-05-Student-Loan.xlsx,Table 6,false,51310,Table 6. / All Loans,fiscal_year,2026,2026,2026,7,9
Student Loans,All Loans,2027,18.87,Percent,51310-2019-05-Student-Loan.xlsx,Table 6,false,51310,Table 6. / All Loans,fiscal_year,2027,2027,2027,7,10
Student Loans,All Loans,2028,18.56,Percent,51310-2019-05-Student-Loan.xlsx,Table 6,false,51310,Table 6. / All Loans,fiscal_year,2028,2028,2028,7,11
Student Loans,All Loans,2029,18.36,Percent,51310-2019-05-Student-Loan.xlsx,Table 6,false,51310,Table 6. / All Loans,fiscal_year,2029,2029,2029,7,12
Student Loans,Subsidized Loans,2019,30.29,Percent,51310-2019-05-Student-Loan.xlsx,Table 6,false,51310,Table 6. / Subsidized Loans,fiscal_year,2019,2019,2019,8,2
Student Loans,Subsidized Loans,2020,31.03,Percent,51310-2019-05-Student-Loan.xlsx,Table 6,false,51310,Table 6. / Subsidized Loans,fiscal_year,2020,2020,2020,8,3
Student Loans,Subsidized Loans,2021,31.3,Percent,51310-2019-05-Student-Loan.xlsx,Table 6,false,51310,Table 6. / Subsidized Loans,fiscal_year,2021,2021,2021,8,4
Student Loans,Subsidized Loans,2022,31.47,Percent,51310-2019-05-Student-Loan.xlsx,Table 6,false,51310,Table 6. / Subsidized Loans,fiscal_year,2022,2022,2022,8,5
Student Loans,Subsidized Loans,2023,31.4,Percent,51310-2019-05-Student-Loan.xlsx,Table 6,false,51310,Table 6. / Subsidized Loans,fiscal_year,2023,2023,2023,8,6
Student Loans,Subsidized Loans,2024,31.21,Percent,51310-2019-05-Student-Loan.xlsx,Table 6,false,51310,Table 6. / Subsidized Loans,fiscal_year,2024,2024,2024,8,7
Student Loans,Subsidized Loans,2025,30.98,Percent,51310-2019-05-Student-Loan.xlsx,Table 6,false,51310,Table 6. / Subsidized Loans,fiscal_year,2025,2025,2025,8,8
Student Loans,Subsidized Loans,2026,30.58,Percent,51310-2019-05-Student-Loan.xlsx,Table 6,false,51310,Table 6. / Subsidized Loans,fiscal_year,2026,2026,2026,8,9
Student Loans,Subsidized Loans,2027,30.27,Percent,51310-2019-05-Student-Loan.xlsx,Table 6,false,51310,Table 6. / Subsidized Loans,fiscal_year,2027,2027,2027,8,10
Student Loans,Subsidized Loans,2028,30.05,Percent,51310-2019-05-Student-Loan.xlsx,Table 6,false,51310,Table 6. / Subsidized Loans,fiscal_year,2028,2028,2028,8,11
Student Loans,Subsidized Loans,2029,29.86,Percent,51310-2019-05-Student-Loan.xlsx,Table 6,false,51310,Table 6. / Subsidized Loans,fiscal_year,2029,2029,2029,8,12
Student Loans,Unsubsidized Loans: Undergraduate,2019,22.25,Percent,51310-2019-05-Student-Loan.xlsx,Table 6,false,51310,Table 6. / Unsubsidized Loans: Undergraduate,fiscal_year,2019,2019,2019,9,2
Student Loans,Unsubsidized Loans: Undergraduate,2020,22.66,Percent,51310-2019-05-Student-Loan.xlsx,Table 6,false,51310,Table 6. / Unsubsidized Loans: Undergraduate,fiscal_year,2020,2020,2020,9,3
Student Loans,Unsubsidized Loans: Undergraduate,2021,22.73,Percent,51310-2019-05-Student-Loan.xlsx,Table 6,false,51310,Table 6. / Unsubsidized Loans: Undergraduate,fiscal_year,2021,2021,2021,9,4
Student Loans,Unsubsidized Loans: Undergraduate,2022,22.8,Percent,51310-2019-05-Student-Loan.xlsx,Table 6,false,51310,Table 6. / Unsubsidized Loans: Undergraduate,fiscal_year,2022,2022,2022,9,5
Student Loans,Unsubsidized Loans: Undergraduate,2023,22.86,Percent,51310-2019-05-Student-Loan.xlsx,Table 6,false,51310,Table 6. / Unsubsidized Loans: Undergraduate,fiscal_year,2023,2023,2023,9,6
Student Loans,Unsubsidized Loans: Undergraduate,2024,22.71,Percent,51310-2019-05-Student-Loan.xlsx,Table 6,false,51310,Table 6. / Unsubsidized Loans: Undergraduate,fiscal_year,2024,2024,2024,9,7
Student Loans,Unsubsidized Loans: Undergraduate,2025,22.31,Percent,51310-2019-05-Student-Loan.xlsx,Table 6,false,51310,Table 6. / Unsubsidized Loans: Undergraduate,fiscal_year,2025,2025,2025,9,8
Student Loans,Unsubsidized Loans: Undergraduate,2026,22.06,Percent,51310-2019-05-Student-Loan.xlsx,Table 6,false,51310,Table 6. / Unsubsidized Loans: Undergraduate,fiscal_year,2026,2026,2026,9,9
Student Loans,Unsubsidized Loans: Undergraduate,2027,21.77,Percent,51310-2019-05-Student-Loan.xlsx,Table 6,false,51310,Table 6. / Unsubsidized Loans: Undergraduate,fiscal_year,2027,2027,2027,9,10
Student Loans,Unsubsidized Loans: Undergraduate,2028,21.53,Percent,51310-2019-05-Student-Loan.xlsx,Table 6,false,51310,Table 6. / Unsubsidized Loans: Undergraduate,fiscal_year,2028,2028,2028,9,11
Student Loans,Unsubsidized Loans: Undergraduate,2029,21.37,Percent,51310-2019-05-Student-Loan.xlsx,Table 6,false,51310,Table 6. / Unsubsidized Loans: Undergraduate,fiscal_year,2029,2029,2029,9,12
Student Loans,Unsubsidized Loans: Graduate,2019,16.09,Percent,51310-2019-05-Student-Loan.xlsx,Table 6,false,51310,Table 6. / Unsubsidized Loans: Graduate,fiscal_year,2019,2019,2019,10,2
Student Loans,Unsubsidized Loans: Graduate,2020,17.24,Percent,51310-2019-05-Student-Loan.xlsx,Table 6,false,51310,Table 6. / Unsubsidized Loans: Graduate,fiscal_year,2020,2020,2020,10,3
Student Loans,Unsubsidized Loans: Graduate,2021,17.94,Percent,51310-2019-05-Student-Loan.xlsx,Table 6,false,51310,Table 6. / Unsubsidized Loans: Graduate,fiscal_year,2021,2021,2021,10,4
Student Loans,Unsubsidized Loans: Graduate,2022,19.89,Percent,51310-2019-05-Student-Loan.xlsx,Table 6,false,51310,Table 6. / Unsubsidized Loans: Graduate,fiscal_year,2022,2022,2022,10,5
Student Loans,Unsubsidized Loans: Graduate,2023,19.87,Percent,51310-2019-05-Student-Loan.xlsx,Table 6,false,51310,Table 6. / Unsubsidized Loans: Graduate,fiscal_year,2023,2023,2023,10,6
Student Loans,Unsubsidized Loans: Graduate,2024,19.98,Percent,51310-2019-05-Student-Loan.xlsx,Table 6,false,51310,Table 6. / Unsubsidized Loans: Graduate,fiscal_year,2024,2024,2024,10,7
Student Loans,Unsubsidized Loans: Graduate,2025,19.28,Percent,51310-2019-05-Student-Loan.xlsx,Table 6,false,51310,Table 6. / Unsubsidized Loans: Graduate,fiscal_year,2025,2025,2025,10,8
Student Loans,Unsubsidized Loans: Graduate,2026,19.07,Percent,51310-2019-05-Student-Loan.xlsx,Table 6,false,51310,Table 6. / Unsubsidized Loans: Graduate,fiscal_year,2026,2026,2026,10,9
Student Loans,Unsubsidized Loans: Graduate,2027,19.24,Percent,51310-2019-05-Student-Loan.xlsx,Table 6,false,51310,Table 6. / Unsubsidized Loans: Graduate,fiscal_year,2027,2027,2027,10,10
Student Loans,Unsubsidized Loans: Graduate,2028,18.82,Percent,51310-2019-05-Student-Loan.xlsx,Table 6,false,51310,Table 6. / Unsubsidized Loans: Graduate,fiscal_year,2028,2028,2028,10,11
Student Loans,Unsubsidized Loans: Graduate,2029,18.42,Percent,51310-2019-05-Student-Loan.xlsx,Table 6,false,51310,Table 6. / Unsubsidized Loans: Graduate,fiscal_year,2029,2029,2029,10,12
Student Loans,GradPLUS Loans for Students,2019,14.61,Percent,51310-2019-05-Student-Loan.xlsx,Table 6,false,51310,Table 6. / GradPLUS Loans for Students,fiscal_year,2019,2019,2019,11,2
Student Loans,GradPLUS Loans for Students,2020,16.58,Percent,51310-2019-05-Student-Loan.xlsx,Table 6,false,51310,Table 6. / GradPLUS Loans for Students,fiscal_year,2020,2020,2020,11,3
Student Loans,GradPLUS Loans for Students,2021,19.93,Percent,51310-2019-05-Student-Loan.xlsx,Table 6,false,51310,Table 6. / GradPLUS Loans for Students,fiscal_year,2021,2021,2021,11,4
Student Loans,GradPLUS Loans for Students,2022,21.08,Percent,51310-2019-05-Student-Loan.xlsx,Table 6,false,51310,Table 6. / GradPLUS Loans for Students,fiscal_year,2022,2022,2022,11,5
Student Loans,GradPLUS Loans for Students,2023,22.13,Percent,51310-2019-05-Student-Loan.xlsx,Table 6,false,51310,Table 6. / GradPLUS Loans for Students,fiscal_year,2023,2023,2023,11,6
Student Loans,GradPLUS Loans for Students,2024,22.93,Percent,51310-2019-05-Student-Loan.xlsx,Table 6,false,51310,Table 6. / GradPLUS Loans for Students,fiscal_year,2024,2024,2024,11,7
Student Loans,GradPLUS Loans for Students,2025,21.07,Percent,51310-2019-05-Student-Loan.xlsx,Table 6,false,51310,Table 6. / GradPLUS Loans for Students,fiscal_year,2025,2025,2025,11,8
Student Loans,GradPLUS Loans for Students,2026,21.17,Percent,51310-2019-05-Student-Loan.xlsx,Table 6,false,51310,Table 6. / GradPLUS Loans for Students,fiscal_year,2026,2026,2026,11,9
Student Loans,GradPLUS Loans for Students,2027,20.92,Percent,51310-2019-05-Student-Loan.xlsx,Table 6,false,51310,Table 6. / GradPLUS Loans for Students,fiscal_year,2027,2027,2027,11,10
Student Loans,GradPLUS Loans for Students,2028,20.11,Percent,51310-2019-05-Student-Loan.xlsx,Table 6,false,51310,Table 6. / GradPLUS Loans for Students,fiscal_year,2028,2028,2028,11,11
Student Loans,GradPLUS Loans for Students,2029,19.89,Percent,51310-2019-05-Student-Loan.xlsx,Table 6,false,51310,Table 6. / GradPLUS Loans for Students,fiscal_year,2029,2029,2029,11,12
Student Loans,Parent Loans,2019,-9.67,Percent,51310-2019-05-Student-Loan.xlsx,Table 6,false,51310,Table 6. / Parent Loans,fiscal_year,2019,2019,2019,12,2
Student Loans,Parent Loans,2020,-9.21,Percent,51310-2019-05-Student-Loan.xlsx,Table 6,false,51310,Table 6. / Parent Loans,fiscal_year,2020,2020,2020,12,3
Student Loans,Parent Loans,2021,-8.72,Percent,51310-2019-05-Student-Loan.xlsx,Table 6,false,51310,Table 6. / Parent Loans,fiscal_year,2021,2021,2021,12,4
Student Loans,Parent Loans,2022,-8.36,Percent,51310-2019-05-Student-Loan.xlsx,Table 6,false,51310,Table 6. / Parent Loans,fiscal_year,2022,2022,2022,12,5
Student Loans,Parent Loans,2023,-8.22,Percent,51310-2019-05-Student-Loan.xlsx,Table 6,false,51310,Table 6. / Parent Loans,fiscal_year,2023,2023,2023,12,6
Student Loans,Parent Loans,2024,-8.24,Percent,51310-2019-05-Student-Loan.xlsx,Table 6,false,51310,Table 6. / Parent Loans,fiscal_year,2024,2024,2024,12,7
Student Loans,Parent Loans,2025,-8.24,Percent,51310-2019-05-Student-Loan.xlsx,Table 6,false,51310,Table 6. / Parent Loans,fiscal_year,2025,2025,2025,12,8
Student Loans,Parent Loans,2026,-8.21,Percent,51310-2019-05-Student-Loan.xlsx,Table 6,false,51310,Table 6. / Parent Loans,fiscal_year,2026,2026,2026,12,9
Student Loans,Parent Loans,2027,-8.17,Percent,51310-2019-05-Student-Loan.xlsx,Table 6,false,51310,Table 6. / Parent Loans,fiscal_year,2027,2027,2027,12,10
Student Loans,Parent Loans,2028,-8.16,Percent,51310-2019-05-Student-Loan.xlsx,Table 6,false,51310,Table 6. / Parent Loans,fiscal_year,2028,2028,2028,12,11
Student Loans,Parent Loans,2029,-8.19,Percent,51310-2019-05-Student-Loan.xlsx,Table 6,false,51310,Table 6. / Parent Loans,fiscal_year,2029,2029,2029,12,12
