program,category,fiscal_year,value,unit,source_file,source_sheet,is_total,program_id,category_path,period_type,period_start_year,period_end_year,period_label,source_row,source_column
Student Loans,Budget Authority,2024,31648.0,Millions of dollars,51310-2024-06-studentloan.xlsx,studentloanT1_6-24,true,51310,"Federal Student Loan Program: Budget Account Totals, Federal Credit Reform Act Estimates / Program Accounta / Budget Authority",fiscal_year,2024,2024,2024,16,4
Student Loans,Budget Authority,2025,18612.0,Millions of dollars,51310-2024-06-studentloan.xlsx,studentloanT1_6-24,true,51310,"Federal Student Loan Program: Budget Account Totals, Federal Credit Reform Act Estimates / Program Accounta / Budget Authority",fiscal_year,2025,2025,2025,16,5
Student Loans,Budget Authority,2026,19266.0,Millions of dollars,51310-2024-06-studentloan.xlsx,studentloanT1_6-24,true,51310,"Federal Student Loan Program: Budget Account Totals, Federal Credit Reform Act Estimates / Program Accounta / Budget Authority",fiscal_year,2026,2026,2026,16,6
Student Loans,Budget Authority,2027,20414.0,Millions of dollars,51310-2024-06-studentloan.xlsx,studentloanT1_6-24,true,51310,"Federal Student Loan Program: Budget Account Totals, Federal Credit Reform Act Estimates / Program Accounta / Budget Authority",fiscal_year,2027,2027,2027,16,7
Student Loans,Budget Authority,2028,21237.0,Millions of dollars,51310-2024-06-studentloan.xlsx,studentloanT1_6-24,true,51310,"Federal Student Loan Program: Budget Account Totals, Federal Credit Reform Act Estimates / Program Accounta / Budget Authority",fiscal_year,2028,2028,2028,16,8
Student Loans,Budget Authority,2029,21851.0,Millions of dollars,51310-2024-06-studentloan.xlsx,studentloanT1_6-24,true,51310,"Federal Student Loan Program: Budget Account Totals, Federal Credit Reform Act Estimates / Program Accounta / Budget Authority",fiscal_year,2029,2029,2029,16,9
Student Loans,Budget Authority,2030,22703.0,Millions of dollars,51310-2024-06-studentloan.xlsx,studentloanT1_6-24,true,51310,"Federal Student Loan Program: Budget Account Totals, Federal Credit Reform Act Estimates / Program Accounta / Budget Authority",fiscal_year,2030,2030,2030,16,10
Student Loans,Budget Authority,2031,23540.0,Millions of dollars,51310-2024-06-studentloan.xlsx,studentloanT1_6-24,true,51310,"Federal Student Loan Program: Budget Account Totals, Federal Credit Reform Act Estimates / Program Accounta / Budget Authority",fiscal_year,2031,2031,2031,16,11
Student Loans,Budget Authority,2032,24160.0,Millions of dollars,51310-2024-06-studentloan.xlsx,studentloanT1_6-24,true,51310,"Federal Student Loan Program: Budget Account Totals, Federal Credit Reform Act Estimates / Program Accounta / Budget Authority",fiscal_year,2032,2032,2032,16,12
Student Loans,Budget Authority,2033,24612.0,Millions of dollars,51310-2024-06-studentloan.xlsx,studentloanT1_6-24,true,51310,"Federal Student Loan Program: Budget Account Totals, Federal Credit Reform Act Estimates / Program Accounta / Budget Authority",fiscal_year,2033,2033,2033,16,13
Student Loans,Budget Authority,2034,24819.0,Millions of dollars,51310-2024-06-studentloan.xlsx,studentloanT1_6-24,true,51310,"Federal Student Loan Program: Budget Account Totals, Federal Credit Reform Act Estimates / Program Accounta / Budget Authority",fiscal_year,2034,2034,2034,16,14
Student Loans,Outlays,2024,27656.0,Millions of dollars,51310-2024-06-studentloan.xlsx,studentloanT1_6-24,true,51310,"Federal Student Loan Program: Budget Account Totals, Federal Credit Reform Act Estimates / Program Accounta / Outlays",fiscal_year,2024,2024,2024,17,4
Student Loans,Outlays,2025,16689.0,Millions of dollars,51310-2024-06-studentloan.xlsx,studentloanT1_6-24,true,51310,"Federal Student Loan Program: Budget Account Totals, Federal Credit Reform Act Estimates / Program Accounta / Outlays",fiscal_year,2025,2025,2025,17,5
Student Loans,Outlays,2026,16737.0,Millions of dollars,51310-2024-06-studentloan.xlsx,studentloanT1_6-24,true,51310,"Federal Student Loan Program: Budget Account Totals, Federal Credit Reform Act Estimates / Program Accounta / Outlays",fiscal_year,2026,2026,2026,17,6
Student Loans,Outlays,2027,17610.0,Millions of dollars,51310-2024-06-studentloan.xlsx,studentloanT1_6-24,true,51310,"Federal Student Loan Program: Budget Account Totals, Federal Credit Reform Act Estimates / Program Accounta / Outlays",fiscal_year,2027,2027,2027,17,7
Student Loans,Outlays,2028,18432.0,Millions of dollars,51310-2024-06-studentloan.xlsx,studentloanT1_6-24,true,51310,"Federal Student Loan Program: Budget Account Totals, Federal Credit Reform Act Estimates / Program Accounta / Outlays",fiscal_year,2028,2028,2028,17,8
Student Loans,Outlays,2029,19028.0,Millions of dollars,51310-2024-06-studentloan.xlsx,studentloanT1_6-24,true,51310,"Federal Student Loan Program: Budget Account Totals, Federal Credit Reform Act Estimates / Program Accounta / Outlays",fiscal_year,2029,2029,2029,17,9
Student Loans,Outlays,2030,19715.0,Millions of dollars,51310-2024-06-studentloan.xlsx,studentloanT1_6-24,true,51310,"Federal Student Loan Program: Budget Account Totals, Federal Credit Reform Act Estimates / Program Accounta / Outlays",fiscal_year,2030,2030,2030,17,10
Student Loans,Outlays,2031,20464.0,Millions of dollars,51310-2024-06-studentloan.xlsx,studentloanT1_6-24,true,51310,"Federal Student Loan Program: Budget Account Totals, Federal Credit Reform Act Estimates / Program Accounta / Outlays",fiscal_year,2031,2031,2031,17,11
Student Loans,Outlays,2032,21078.0,Millions of dollars,51310-2024-06-studentloan.xlsx,studentloanT1_6-24,true,51310,"Federal Student Loan Program: Budget Account Totals, Federal Credit Reform Act Estimates / Program Accounta / Outlays",fiscal_year,2032,2032,2032,17,12
Student Loans,Outlays,2033,21532.0,Millions of dollars,51310-2024-06-studentloan.xlsx,studentloanT1_6-24,true,51310,"Federal Student Loan Program: Budget Account Totals, Federal Credit Reform Act Estimates / Program Accounta / Outlays",fiscal_year,2033,2033,2033,17,13
Student Loans,Outlays,2034,21792.0,Millions of dollars,51310-2024-06-studentloan.xlsx,studentloanT1_6-24,true,51310,"Federal Student Loan Program: Budget Account Totals, Federal Credit Reform Act Estimates / Program Accounta / Outlays",fiscal_year,2034,2034,2034,17,14
Student Loans,Budget Authority,2024,121656.0,Millions of dollars,51310-2024-06-studentloan.xlsx,studentloanT1_6-24,true,51310,"Federal Student Loan Program: Budget Account Totals, Federal Credit Reform Act Estimates / Credit Reestimates and Modificationsb / Budget Authority",fiscal_year,2024,2024,2024,19,4
Student Loans,Outlays,2024,121656.0,Millions of dollars,51310-2024-06-studentloan.xlsx,studentloanT1_6-24,true,51310,"Federal Student Loan Program: Budget Account Totals, Federal Credit Reform Act Estimates / Credit Reestimates and Modificationsb / Outlays",fiscal_year,2024,2024,2024,20,4
Student Loans,Budget Authority,2024,153304.0,Millions of dollars,51310-2024-06-studentloan.xlsx,studentloanT1_6-24,true,51310,"Federal Student Loan Program: Budget Account Totals, Federal Credit Reform Act Estimates / Subtotal, Direct Loans / Budget Authority",fiscal_year,2024,2024,2024,22,4
Student Loans,Budget Authority,2025,18612.0,Millions of dollars,51310-2024-06-studentloan.xlsx,studentloanT1_6-24,true,51310,"Federal Student Loan Program: Budget Account Totals, Federal Credit Reform Act Estimates / Subtotal, Direct Loans / Budget Authority",fiscal_year,2025,2025,2025,22,5
Student Loans,Budget Authority,2026,19266.0,Millions of dollars,51310-2024-06-studentloan.xlsx,studentloanT1_6-24,true,51310,"Federal Student Loan Program: Budget Account Totals, Federal Credit Reform Act Estimates / Subtotal, Direct Loans / Budget Authority",fiscal_year,2026,2026,2026,22,6
Student Loans,Budget Authority,2027,20414.0,Millions of dollars,51310-2024-06-studentloan.xlsx,studentloanT1_6-24,true,51310,"Federal Student Loan Program: Budget Account Totals, Federal Credit Reform Act Estimates / Subtotal, Direct Loans / Budget Authority",fiscal_year,2027,2027,2027,22,7
Student Loans,Budget Authority,2028,21237.0,Millions of dollars,51310-2024-06-studentloan.xlsx,studentloanT1_6-24,true,51310,"Federal Student Loan Program: Budget Account Totals, Federal Credit Reform Act Estimates / Subtotal, Direct Loans / Budget Authority",fiscal_year,2028,2028,2028,22,8
Student Loans,Budget Authority,2029,21851.0,Millions of dollars,51310-2024-06-studentloan.xlsx,studentloanT1_6-24,true,51310,"Federal Student Loan Program: Budget Account Totals, Federal Credit Reform Act Estimates / Subtotal, Direct Loans / Budget Authority",fiscal_year,2029,2029,2029,22,9
Student Loans,Budget Authority,2030,22703.0,Millions of dollars,51310-2024-06-studentloan.xlsx,studentloanT1_6-24,true,51310,"Federal Student Loan Program: Budget Account Totals, Federal Credit Reform Act Estimates / Subtotal, Direct Loans / Budget Authority",fiscal_year,2030,2030,2030,22,10
Student Loans,Budget Authority,2031,23540.0,Millions of dollars,51310-2024-06-studentloan.xlsx,studentloanT1_6-24,true,51310,"Federal Student Loan Program: Budget Account Totals, Federal Credit Reform Act Estimates / Subtotal, Direct Loans / Budget Authority",fiscal_year,2031,2031,2031,22,11
Student Loans,Budget Authority,2032,24160.0,Millions of dollars,51310-2024-06-studentloan.xlsx,studentloanT1_6-24,true,51310,"Federal Student Loan Program: Budget Account Totals, Federal Credit Reform Act Estimates / Subtotal, Direct Loans / Budget Authority",fiscal_year,2032,2032,2032,22,12
Student Loans,Budget Authority,2033,24612.0,Millions of dollars,51310-2024-06-studentloan.xlsx,studentloanT1_6-24,true,51310,"Federal Student Loan Program: Budget Account Totals, Federal Credit Reform Act Estimates / Subtotal, Direct Loans / Budget Authority",fiscal_year,2033,2033,2033,22,13
Student Loans,Budget Authority,2034,24819.0,Millions of dollars,51310-2024-06-studentloan.xlsx,studentloanT1_6-24,true,51310,"Federal Student Loan Program: Budget Account Totals, Federal Credit Reform Act Estimates / Subtotal, Direct Loans / Budget Authority",fiscal_year,2034,2034,2034,22,14
Student Loans,Outlays,2024,149312.0,Millions of dollars,51310-2024-06-studentloan.xlsx,studentloanT1_6-24,true,51310,"Federal Student Loan Program: Budget Account Totals, Federal Credit Reform Act Estimates / Subtotal, Direct Loans / Outlays",fiscal_year,2024,2024,2024,23,4
Student Loans,Outlays,2025,16689.0,Millions of dollars,51310-2024-06-studentloan.xlsx,studentloanT1_6-24,true,51310,"Federal Student Loan Program: Budget Account Totals, Federal Credit Reform Act Estimates / Subtotal, Direct Loans / Outlays",fiscal_year,2025,2025,2025,23,5
Student Loans,Outlays,2026,16737.0,Millions of dollars,51310-2024-06-studentloan.xlsx,studentloanT1_6-24,true,51310,"Federal Student Loan Program: Budget Account Totals, Federal Credit Reform Act Estimates / Subtotal, Direct Loans / Outlays",fiscal_year,2026,2026,2026,23,6
Student Loans,Outlays,2027,17610.0,Millions of dollars,51310-2024-06-studentloan.xlsx,studentloanT1_6-24,true,51310,"Federal Student Loan Program: Budget Account Totals, Federal Credit Reform Act Estimates / Subtotal, Direct Loans / Outlays",fiscal_year,2027,2027,2027,23,7
Student Loans,Outlays,2028,18432.0,Millions of dollars,51310-2024-06-studentloan.xlsx,studentloanT1_6-24,true,51310,"Federal Student Loan Program: Budget Account Totals, Federal Credit Reform Act Estimates / Subtotal, Direct Loans / Outlays",fiscal_year,2028,2028,2028,23,8
Student Loans,Outlays,2029,19028.0,Millions of dollars,51310-2024-06-studentloan.xlsx,studentloanT1_6-24,true,51310,"Federal Student Loan Program: Budget Account Totals, Federal Credit Reform Act Estimates / Subtotal, Direct Loans / Outlays",fiscal_year,2029,2029,2029,23,9
Student Loans,Outlays,2030,19715.0,Millions of dollars,51310-2024-06-studentloan.xlsx,studentloanT1_6-24,true,51310,"Federal Student Loan Program: Budget Account Totals, Federal Credit Reform Act Estimates / Subtotal, Direct Loans / Outlays",fiscal_year,2030,2030,2030,23,10
Student Loans,Outlays,2031,20464.0,Millions of dollars,51310-2024-06-studentloan.xlsx,studentloanT1_6-24,true,51310,"Federal Student Loan Program: Budget Account Totals, Federal Credit Reform Act Estimates / Subtotal, Direct Loans / Outlays",fiscal_year,2031,2031,2031,23,11
Student Loans,Outlays,2032,21078.0,Millions of dollars,51310-2024-06-studentloan.xlsx,studentloanT1_6-24,true,51310,"Federal Student Loan Program: Budget Account Totals, Federal Credit Reform Act Estimates / Subtotal, Direct Loans / Outlays",fiscal_year,2032,2032,2032,23,12
Student Loans,Outlays,2033,21532.0,Millions of dollars,51310-2024-06-studentloan.xlsx,studentloanT1_6-24,true,51310,"Federal Student Loan Program: Budget Account Totals, Federal Credit Reform Act Estimates / Subtotal, Direct Loans / Outlays",fiscal_year,2033,2033,2033,23,13
Student Loans,Outlays,2034,21792.0,Millions of dollars,51310-2024-06-studentloan.xlsx,studentloanT1_6-24,true,51310,"Federal Student Loan Program: Budget Account Totals, Federal Credit Reform Act Estimates / Subtotal, Direct Loans / Outlays",fiscal_year,2034,2034,2034,23,14
Student Loans,Budget Authority,2024,-120.0,Millions of dollars,51310-2024-06-studentloan.xlsx,studentloanT1_6-24,true,51310,"Federal Student Loan Program: Budget Account Totals, Federal Credit Reform Act Estimates / Federal Student Loan Reserve Fund / Budget Authority",fiscal_year,2024,2024,2024,28,4
Student Loans,Budget Authority,2025,-46.0,Millions of dollars,51310-2024-06-studentloan.xlsx,studentloanT1_6-24,true,51310,"Federal Student Loan Program: Budget Account Totals, Federal Credit Reform Act Estimates / Federal Student Loan Reserve Fund / Budget Authority",fiscal_year,2025,2025,2025,28,5
Student Loans,Budget Authority,2026,8.0,Millions of dollars,51310-2024-06-studentloan.xlsx,studentloanT1_6-24,true,51310,"Federal Student Loan Program: Budget Account Totals, Federal Credit Reform Act Estimates / Federal Student Loan Reserve Fund / Budget Authority",fiscal_year,2026,2026,2026,28,6
Student Loans,Budget Authority,2027,8.0,Millions of dollars,51310-2024-06-studentloan.xlsx,studentloanT1_6-24,true,51310,"Federal Student Loan Program: Budget Account Totals, Federal Credit Reform Act Estimates / Federal Student Loan Reserve Fund / Budget Authority",fiscal_year,2027,2027,2027,28,7
Student Loans,Budget Authority,2028,7.0,Millions of dollars,51310-2024-06-studentloan.xlsx,studentloanT1_6-24,true,51310,"Federal Student Loan Program: Budget Account Totals, Federal Credit Reform Act Estimates / Federal Student Loan Reserve Fund / Budget Authority",fiscal_year,2028,2028,2028,28,8
Student Loans,Budget Authority,2029,7.0,Millions of dollars,51310-2024-06-studentloan.xlsx,studentloanT1_6-24,true,51310,"Federal Student Loan Program: Budget Account Totals, Federal Credit Reform Act Estimates / Federal Student Loan Reserve Fund / Budget Authority",fiscal_year,2029,2029,2029,28,9
Student Loans,Budget Authority,2030,6.0,Millions of dollars,51310-2024-06-studentloan.xlsx,studentloanT1_6-24,true,51310,"Federal Student Loan Program: Budget Account Totals, Federal Credit Reform Act Estimates / Federal Student Loan Reserve Fund / Budget Authority",fiscal_year,2030,2030,2030,28,10
Student Loans,Budget Authority,2031,6.0,Millions of dollars,51310-2024-06-studentloan.xlsx,studentloanT1_6-24,true,51310,"Federal Student Loan Program: Budget Account Totals, Federal Credit Reform Act Estimates / Federal Student Loan Reserve Fund / Budget Authority",fiscal_year,2031,2031,2031,28,11
Student Loans,Budget Authority,2032,5.0,Millions of dollars,51310-2024-06-studentloan.xlsx,studentloanT1_6-24,true,51310,"Federal Student Loan Program: Budget Account Totals, Federal Credit Reform Act Estimates / Federal Student Loan Reserve Fund / Budget Authority",fiscal_year,2032,2032,2032,28,12
Student Loans,Budget Authority,2033,5.0,Millions of dollars,51310-2024-06-studentloan.xlsx,studentloanT1_6-24,true,51310,"Federal Student Loan Program: Budget Account Totals, Federal Credit Reform Act Estimates / Federal Student Loan Reserve Fund / Budget Authority",fiscal_year,2033,2033,2033,28,13
Student Loans,Budget Authority,2034,5.0,Millions of dollars,51310-2024-06-studentloan.xlsx,studentloanT1_6-24,true,51310,"Federal Student Loan Program: Budget Account Totals, Federal Credit Reform Act Estimates / Federal Student Loan Reserve Fund / Budget Authority",fiscal_year,2034,2034,2034,28,14
Student Loans,Outlays,2024,-131.0,Millions of dollars,51310-2024-06-studentloan.xlsx,studentloanT1_6-24,true,51310,"Federal Student Loan Program: Budget Account Totals, Federal Credit Reform Act Estimates / Federal Student Loan Reserve Fund / Outlays",fiscal_year,2024,2024,2024,29,4
Student Loans,Outlays,2025,-216.0,Millions of dollars,51310-2024-06-studentloan.xlsx,studentloanT1_6-24,true,51310,"Federal Student Loan Program: Budget Account Totals, Federal Credit Reform Act Estimates / Federal Student Loan Reserve Fund / Outlays",fiscal_year,2025,2025,2025,29,5
Student Loans,Outlays,2026,-154.0,Millions of dollars,51310-2024-06-studentloan.xlsx,studentloanT1_6-24,true,51310,"Federal Student Loan Program: Budget Account Totals, Federal Credit Reform Act Estimates / Federal Student Loan Reserve Fund / Outlays",fiscal_year,2026,2026,2026,29,6
Student Loans,Outlays,2027,-140.0,Millions of dollars,51310-2024-06-studentloan.xlsx,studentloanT1_6-24,true,51310,"Federal Student Loan Program: Budget Account Totals, Federal Credit Reform Act Estimates / Federal Student Loan Reserve Fund / Outlays",fiscal_year,2027,2027,2027,29,7
Student Loans,Outlays,2028,-128.0,Millions of dollars,51310-2024-06-studentloan.xlsx,studentloanT1_6-24,true,51310,"Federal Student Loan Program: Budget Account Totals, Federal Credit Reform Act Estimates / Federal Student Loan Reserve Fund / Outlays",fiscal_year,2028,2028,2028,29,8
Student Loans,Outlays,2029,-116.0,Millions of dollars,51310-2024-06-studentloan.xlsx,studentloanT1_6-24,true,51310,"Federal Student Loan Program: Budget Account Totals, Federal Credit Reform Act Estimates / Federal Student Loan Reserve Fund / Outlays",fiscal_year,2029,2029,2029,29,9
Student Loans,Outlays,2030,-106.0,Millions of dollars,51310-2024-06-studentloan.xlsx,studentloanT1_6-24,true,51310,"Federal Student Loan Program: Budget Account Totals, Federal Credit Reform Act Estimates / Federal Student Loan Reserve Fund / Outlays",fiscal_year,2030,2030,2030,29,10
Student Loans,Outlays,2031,-97.0,Millions of dollars,51310-2024-06-studentloan.xlsx,studentloanT1_6-24,true,51310,"Federal Student Loan Program: Budget Account Totals, Federal Credit Reform Act Estimates / Federal Student Loan Reserve Fund / Outlays",fiscal_year,2031,2031,2031,29,11
Student Loans,Outlays,2032,-89.0,Millions of dollars,51310-2024-06-studentloan.xlsx,studentloanT1_6-24,true,51310,"Federal Student Loan Program: Budget Account Totals, Federal Credit Reform Act Estimates / Federal Student Loan Reserve Fund / Outlays",fiscal_year,2032,2032,2032,29,12
Student Loans,Outlays,2033,-82.0,Millions of dollars,51310-2024-06-studentloan.xlsx,studentloanT1_6-24,true,51310,"Federal Student Loan Program: Budget Account Totals, Federal Credit Reform Act Estimates / Federal Student Loan Reserve Fund / Outlays",fiscal_year,2033,2033,2033,29,13
Student Loans,Outlays,2034,-74.0,Millions of dollars,51310-2024-06-studentloan.xlsx,studentloanT1_6-24,true,51310,"Federal Student Loan Program: Budget Account Totals, Federal Credit Reform Act Estimates / Federal Student Loan Reserve Fund / Outlays",fiscal_year,2034,2034,2034,29,14
Student Loans,Budget Authority,2024,18164.0,Millions of dollars,51310-2024-06-studentloan.xlsx,studentloanT1_6-24,true,51310,"Federal Student Loan Program: Budget Account Totals, Federal Credit Reform Act Estimates / Credit Reestimates and Modificationsb / Budget Authority",fiscal_year,2024,2024,2024,31,4
Student Loans,Outlays,2024,18164.0,Millions of dollars,51310-2024-06-studentloan.xlsx,studentloanT1_6-24,true,51310,"Federal Student Loan Program: Budget Account Totals, Federal Credit Reform Act Estimates / Credit Reestimates and Modificationsb / Outlays",fiscal_year,2024,2024,2024,32,4
Student Loans,Budget Authority,2024,18044.0,Millions of dollars,51310-2024-06-studentloan.xlsx,studentloanT1_6-24,true,51310,"Federal Student Loan Program: Budget Account Totals, Federal Credit Reform Act Estimates / Subtotal, Guaranteed Loans / Budget Authority",fiscal_year,2024,2024,2024,34,4
Student Loans,Budget Authority,2025,-46.0,Millions of dollars,51310-2024-06-studentloan.xlsx,studentloanT1_6-24,true,51310,"Federal Student Loan Program: Budget Account Totals, Federal Credit Reform Act Estimates / Subtotal, Guaranteed Loans / Budget Authority",fiscal_year,2025,2025,2025,34,5
Student Loans,Budget Authority,2026,8.0,Millions of dollars,51310-2024-06-studentloan.xlsx,studentloanT1_6-24,true,51310,"Federal Student Loan Program: Budget Account Totals, Federal Credit Reform Act Estimates / Subtotal, Guaranteed Loans / Budget Authority",fiscal_year,2026,2026,2026,34,6
Student Loans,Budget Authority,2027,8.0,Millions of dollars,51310-2024-06-studentloan.xlsx,studentloanT1_6-24,true,51310,"Federal Student Loan Program: Budget Account Totals, Federal Credit Reform Act Estimates / Subtotal, Guaranteed Loans / Budget Authority",fiscal_year,2027,2027,2027,34,7
Student Loans,Budget Authority,2028,7.0,Millions of dollars,51310-2024-06-studentloan.xlsx,studentloanT1_6-24,true,51310,"Federal Student Loan Program: Budget Account Totals, Federal Credit Reform Act Estimates / Subtotal, Guaranteed Loans / Budget Authority",fiscal_year,2028,2028,2028,34,8
Student Loans,Budget Authority,2029,7.0,Millions of dollars,51310-2024-06-studentloan.xlsx,studentloanT1_6-24,true,51310,"Federal Student Loan Program: Budget Account Totals, Federal Credit Reform Act Estimates / Subtotal, Guaranteed Loans / Budget Authority",fiscal_year,2029,2029,2029,34,9
Student Loans,Budget Authority,2030,6.0,Millions of dollars,51310-2024-06-studentloan.xlsx,studentloanT1_6-24,true,51310,"Federal Student Loan Program: Budget Account Totals, Federal Credit Reform Act Estimates / Subtotal, Guaranteed Loans / Budget Authority",fiscal_year,2030,2030,2030,34,10
Student Loans,Budget Authority,2031,6.0,Millions of dollars,51310-2024-06-studentloan.xlsx,studentloanT1_6-24,true,51310,"Federal Student Loan Program: Budget Account Totals, Federal Credit Reform Act Estimates / Subtotal, Guaranteed Loans / Budget Authority",fiscal_year,2031,2031,2031,34,11
Student Loans,Budget Authority,2032,5.0,Millions of dollars,51310-2024-06-studentloan.xlsx,studentloanT1_6-24,true,51310,"Federal Student Loan Program: Budget Account Totals, Federal Credit Reform Act Estimates / Subtotal, Guaranteed Loans / Budget Authority",fiscal_year,2032,2032,2032,34,12
Student Loans,Budget Authority,2033,5.0,Millions of dollars,51310-2024-06-studentloan.xlsx,studentloanT1_6-24,true,51310,"Federal Student Loan Program: Budget Account Totals, Federal Credit Reform Act Estimates / Subtotal, Guaranteed Loans / Budget Authority",fiscal_year,2033,2033,2033,34,13
Student Loans,Budget Authority,2034,5.0,Millions of dollars,51310-2024-06-studentloan.xlsx,studentloanT1_6-24,true,51310,"Federal Student Loan Program: Budget Account Totals, Federal Credit Reform Act Estimates / Subtotal, Guaranteed Loans / Budget Authority",fiscal_year,2034,2034,2034,34,14
Student Loans,Outlays,2024,18033.0,Millions of dollars,51310-2024-06-studentloan.xlsx,studentloanT1_6-24,true,51310,"Federal Student Loan Program: Budget Account Totals, Federal Credit Reform Act Estimates / Subtotal, Guaranteed Loans / Outlays",fiscal_year,2024,2024,2024,35,4
Student Loans,Outlays,2025,-216.0,Millions of dollars,51310-2024-06-studentloan.xlsx,studentloanT1_6-24,true,51310,"Federal Student Loan Program: Budget Account Totals, Federal Credit Reform Act Estimates / Subtotal, Guaranteed Loans / Outlays",fiscal_year,2025,2025,2025,35,5
Student Loans,Outlays,2026,-154.0,Millions of dollars,51310-2024-06-studentloan.xlsx,studentloanT1_6-24,true,51310,"Federal Student Loan Program: Budget Account Totals, Federal Credit Reform Act Estimates / Subtotal, Guaranteed Loans / Outlays",fiscal_year,2026,2026,2026,35,6
Student Loans,Outlays,2027,-140.0,Millions of dollars,51310-2024-06-studentloan.xlsx,studentloanT1_6-24,true,51310,"Federal Student Loan Program: Budget Account Totals, Federal Credit Reform Act Estimates / Subtotal, Guaranteed Loans / Outlays",fiscal_year,2027,2027,2027,35,7
Student Loans,Outlays,2028,-128.0,Millions of dollars,51310-2024-06-studentloan.xlsx,studentloanT1_6-24,true,51310,"Federal Student Loan Program: Budget Account Totals, Federal Credit Reform Act Estimates / Subtotal, Guaranteed Loans / Outlays",fiscal_year,2028,2028,2028,35,8
Student Loans,Outlays,2029,-116.0,Millions of dollars,51310-2024-06-studentloan.xlsx,studentloanT1_6-24,true,51310,"Federal Student Loan Program: Budget Account Totals, Federal Credit Reform Act Estimates / Subtotal, Guaranteed Loans / Outlays",fiscal_year,2029,2029,2029,35,9
Student Loans,Outlays,2030,-106.0,Millions of dollars,51310-2024-06-studentloan.xlsx,studentloanT1_6-24,true,51310,"Federal Student Loan Program: Budget Account Totals, Federal Credit Reform Act Estimates / Subtotal, Guaranteed Loans / Outlays",fiscal_year,2030,2030,2030,35,10
Student Loans,Outlays,2031,-97.0,Millions of dollars,51310-2024-06-studentloan.xlsx,studentloanT1_6-24,true,51310,"Federal Student Loan Program: Budget Account Totals, Federal Credit Reform Act Estimates / Subtotal, Guaranteed Loans / Outlays",fiscal_year,2031,2031,2031,35,11
Student Loans,Outlays,2032,-89.0,Millions of dollars,51310-2024-06-studentloan.xlsx,studentloanT1_6-24,true,51310,"Federal Student Loan Program: Budget Account Totals, Federal Credit Reform Act Estimates / Subtotal, Guaranteed Loans / Outlays",fiscal_year,2032,2032,2032,35,12
Student Loans,Outlays,2033,-82.0,Millions of dollars,51310-2024-06-studentloan.xlsx,studentloanT1_6-24,true,51310,"Federal Student Loan Program: Budget Account Totals, Federal Credit Reform Act Estimates / Subtotal, Guaranteed Loans / Outlays",fiscal_year,2033,2033,2033,35,13
Student Loans,Outlays,2034,-74.0,Millions of dollars,51310-2024-06-studentloan.xlsx,studentloanT1_6-24,true,51310,"Federal Student Loan Program: Budget Account Totals, Federal Credit Reform Act Estimates / Subtotal, Guaranteed Loans / Outlays",fiscal_year,2034,2034,2034,35,14
Student Loans,Budget Authority,2024,2059.0,Millions of dollars,51310-2024-06-studentloan.xlsx,studentloanT1_6-24,true,51310,"Federal Student Loan Program: Budget Account Totals, Federal Credit Reform Act Estimates / Discretionaryc / Budget Authority",fiscal_year,2024,2024,2024,39,4
Student Loans,Budget Authority,2025,2117.0,Millions of dollars,51310-2024-06-studentloan.xlsx,studentloanT1_6-24,true,51310,"Federal Student Loan Program: Budget Account Totals, Federal Credit Reform Act Estimates / Discretionaryc / Budget Authority",fiscal_year,2025,2025,2025,39,5
Student Loans,Budget Authority,2026,2164.0,Millions of dollars,51310-2024-06-studentloan.xlsx,studentloanT1_6-24,true,51310,"Federal Student Loan Program: Budget Account Totals, Federal Credit Reform Act Estimates / Discretionaryc / Budget Authority",fiscal_year,2026,2026,2026,39,6
Student Loans,Budget Authority,2027,2211.0,Millions of dollars,51310-2024-06-studentloan.xlsx,studentloanT1_6-24,true,51310,"Federal Student Loan Program: Budget Account Totals, Federal Credit Reform Act Estimates / Discretionaryc / Budget Authority",fiscal_year,2027,2027,2027,39,7
Student Loans,Budget Authority,2028,2259.0,Millions of dollars,51310-2024-06-studentloan.xlsx,studentloanT1_6-24,true,51310,"Federal Student Loan Program: Budget Account Totals, Federal Credit Reform Act Estimates / Discretionaryc / Budget Authority",fiscal_year,2028,2028,2028,39,8
Student Loans,Budget Authority,2029,2308.0,Millions of dollars,51310-2024-06-studentloan.xlsx,studentloanT1_6-24,true,51310,"Federal Student Loan Program: Budget Account Totals, Federal Credit Reform Act Estimates / Discretionaryc / Budget Authority",fiscal_year,2029,2029,2029,39,9
Student Loans,Budget Authority,2030,2359.0,Millions of dollars,51310-2024-06-studentloan.xlsx,studentloanT1_6-24,true,51310,"Federal Student Loan Program: Budget Account Totals, Federal Credit Reform Act Estimates / Discretionaryc / Budget Authority",fiscal_year,2030,2030,2030,39,10
Student Loans,Budget Authority,2031,2412.0,Millions of dollars,51310-2024-06-studentloan.xlsx,studentloanT1_6-24,true,51310,"Federal Student Loan Program: Budget Account Totals, Federal Credit Reform Act Estimates / Discretionaryc / Budget Authority",fiscal_year,2031,2031,2031,39,11
Student Loans,Budget Authority,2032,2468.0,Millions of dollars,51310-2024-06-studentloan.xlsx,studentloanT1_6-24,true,51310,"Federal Student Loan Program: Budget Account Totals, Federal Credit Reform Act Estimates / Discretionaryc / Budget Authority",fiscal_year,2032,2032,2032,39,12
Student Loans,Budget Authority,2033,2524.0,Millions of dollars,51310-2024-06-studentloan.xlsx,studentloanT1_6-24,true,51310,"Federal Student Loan Program: Budget Account Totals, Federal Credit Reform Act Estimates / Discretionaryc / Budget Authority",fiscal_year,2033,2033,2033,39,13
Student Loans,Budget Authority,2034,2582.0,Millions of dollars,51310-2024-06-studentloan.xlsx,studentloanT1_6-24,true,51310,"Federal Student Loan Program: Budget Account Totals, Federal Credit Reform Act Estimates / Discretionaryc / Budget Authority",fiscal_year,2034,2034,2034,39,14
Student Loans,Outlays,2024,2043.0,Millions of dollars,51310-2024-06-studentloan.xlsx,studentloanT1_6-24,true,51310,"Federal Student Loan Program: Budget Account Totals, Federal Credit Reform Act Estimates / Discretionaryc / Outlays",fiscal_year,2024,2024,2024,40,4
Student Loans,Outlays,2025,2088.0,Millions of dollars,51310-2024-06-studentloan.xlsx,studentloanT1_6-24,true,51310,"Federal Student Loan Program: Budget Account Totals, Federal Credit Reform Act Estimates / Discretionaryc / Outlays",fiscal_year,2025,2025,2025,40,5
Student Loans,Outlays,2026,2133.0,Millions of dollars,51310-2024-06-studentloan.xlsx,studentloanT1_6-24,true,51310,"Federal Student Loan Program: Budget Account Totals, Federal Credit Reform Act Estimates / Discretionaryc / Outlays",fiscal_year,2026,2026,2026,40,6
Student Loans,Outlays,2027,2180.0,Millions of dollars,51310-2024-06-studentloan.xlsx,studentloanT1_6-24,true,51310,"Federal Student Loan Program: Budget Account Totals, Federal Credit Reform Act Estimates / Discretionaryc / Outlays",fiscal_year,2027,2027,2027,40,7
Student Loans,Outlays,2028,2228.0,Millions of dollars,51310-2024-06-studentloan.xlsx,studentloanT1_6-24,true,51310,"Federal Student Loan Program: Budget Account Totals, Federal Credit Reform Act Estimates / Discretionaryc / Outlays",fiscal_year,2028,2028,2028,40,8
Student Loans,Outlays,2029,2277.0,Millions of dollars,51310-2024-06-studentloan.xlsx,studentloanT1_6-24,true,51310,"Federal Student Loan Program: Budget Account Totals, Federal Credit Reform Act Estimates / Discretionaryc / Outlays",fiscal_year,2029,2029,2029,40,9
Student Loans,Outlays,2030,2327.0,Millions of dollars,51310-2024-06-studentloan.xlsx,studentloanT1_6-24,true,51310,"Federal Student Loan Program: Budget Account Totals, Federal Credit Reform Act Estimates / Discretionaryc / Outlays",fiscal_year,2030,2030,2030,40,10
Student Loans,Outlays,2031,2379.0,Millions of dollars,51310-2024-06-studentloan.xlsx,studentloanT1_6-24,true,51310,"Federal Student Loan Program: Budget Account Totals, Federal Credit Reform Act Estimates / Discretionaryc / Outlays",fiscal_year,2031,2031,2031,40,11
Student Loans,Outlays,2032,2433.0,Millions of dollars,51310-2024-06-studentloan.xlsx,studentloanT1_6-24,true,51310,"Federal Student Loan Program: Budget Account Totals, Federal Credit Reform Act Estimates / Discretionaryc / Outlays",fiscal_year,2032,2032,2032,40,12
Student Loans,Outlays,2033,2488.0,Millions of dollars,51310-2024-06-studentloan.xlsx,studentloanT1_6-24,true,51310,"Federal Student Loan Program: Budget Account Totals, Federal Credit Reform Act Estimates / Discretionaryc / Outlays",fiscal_year,2033,2033,2033,40,13
Student Loans,Outlays,2034,2545.0,Millions of dollars,51310-2024-06-studentloan.xlsx,studentloanT1_6-24,true,51310,"Federal Student Loan Program: Budget Account Totals, Federal Credit Reform Act Estimates / Discretionaryc / Outlays",fiscal_year,2034,2034,2034,40,14
Student Loans,Budget Authority,2024,1115.0,Millions of dollars,51310-2024-06-studentloan.xlsx,studentloanT1_6-24,true,51310,"Federal Student Loan Program: Budget Account Totals, Federal Credit Reform Act Estimates / Mandatoryd / Budget Authority",fiscal_year,2024,2024,2024,42,4
Student Loans,Budget Authority,2025,748.0,Millions of dollars,51310-2024-06-studentloan.xlsx,studentloanT1_6-24,true,51310,"Federal Student Loan Program: Budget Account Totals, Federal Credit Reform Act Estimates / Mandatoryd / Budget Authority",fiscal_year,2025,2025,2025,42,5
Student Loans,Budget Authority,2026,766.0,Millions of dollars,51310-2024-06-studentloan.xlsx,studentloanT1_6-24,true,51310,"Federal Student Loan Program: Budget Account Totals, Federal Credit Reform Act Estimates / Mandatoryd / Budget Authority",fiscal_year,2026,2026,2026,42,6
Student Loans,Budget Authority,2027,776.0,Millions of dollars,51310-2024-06-studentloan.xlsx,studentloanT1_6-24,true,51310,"Federal Student Loan Program: Budget Account Totals, Federal Credit Reform Act Estimates / Mandatoryd / Budget Authority",fiscal_year,2027,2027,2027,42,7
Student Loans,Budget Authority,2028,781.0,Millions of dollars,51310-2024-06-studentloan.xlsx,studentloanT1_6-24,true,51310,"Federal Student Loan Program: Budget Account Totals, Federal Credit Reform Act Estimates / Mandatoryd / Budget Authority",fiscal_year,2028,2028,2028,42,8
Student Loans,Budget Authority,2029,786.0,Millions of dollars,51310-2024-06-studentloan.xlsx,studentloanT1_6-24,true,51310,"Federal Student Loan Program: Budget Account Totals, Federal Credit Reform Act Estimates / Mandatoryd / Budget Authority",fiscal_year,2029,2029,2029,42,9
Student Loans,Budget Authority,2030,792.0,Millions of dollars,51310-2024-06-studentloan.xlsx,studentloanT1_6-24,true,51310,"Federal Student Loan Program: Budget Account Totals, Federal Credit Reform Act Estimates / Mandatoryd / Budget Authority",fiscal_year,2030,2030,2030,42,10
Student Loans,Budget Authority,2031,798.0,Millions of dollars,51310-2024-06-studentloan.xlsx,studentloanT1_6-24,true,51310,"Federal Student Loan Program: Budget Account Totals, Federal Credit Reform Act Estimates / Mandatoryd / Budget Authority",fiscal_year,2031,2031,2031,42,11
Student Loans,Budget Authority,2032,804.0,Millions of dollars,51310-2024-06-studentloan.xlsx,studentloanT1_6-24,true,51310,"Federal Student Loan Program: Budget Account Totals, Federal Credit Reform Act Estimates / Mandatoryd / Budget Authority",fiscal_year,2032,2032,2032,42,12
Student Loans,Budget Authority,2033,810.0,Millions of dollars,51310-2024-06-studentloan.xlsx,studentloanT1_6-24,true,51310,"Federal Student Loan Program: Budget Account Totals, Federal Credit Reform Act Estimates / Mandatoryd / Budget Authority",fiscal_year,2033,2033,2033,42,13
Student Loans,Budget Authority,2034,817.0,Millions of dollars,51310-2024-06-studentloan.xlsx,studentloanT1_6-24,true,51310,"Federal Student Loan Program: Budget Account Totals, Federal Credit Reform Act Estimates / Mandatoryd / Budget Authority",fiscal_year,2034,2034,2034,42,14
Student Loans,Outlays,2024,1027.0,Millions of dollars,51310-2024-06-studentloan.xlsx,studentloanT1_6-24,true,51310,"Federal Student Loan Program: Budget Account Totals, Federal Credit Reform Act Estimates / Mandatoryd / Outlays",fiscal_year,2024,2024,2024,43,4
Student Loans,Outlays,2025,850.0,Millions of dollars,51310-2024-06-studentloan.xlsx,studentloanT1_6-24,true,51310,"Federal Student Loan Program: Budget Account Totals, Federal Credit Reform Act Estimates / Mandatoryd / Outlays",fiscal_year,2025,2025,2025,43,5
Student Loans,Outlays,2026,761.0,Millions of dollars,51310-2024-06-studentloan.xlsx,studentloanT1_6-24,true,51310,"Federal Student Loan Program: Budget Account Totals, Federal Credit Reform Act Estimates / Mandatoryd / Outlays",fiscal_year,2026,2026,2026,43,6
Student Loans,Outlays,2027,773.0,Millions of dollars,51310-2024-06-studentloan.xlsx,studentloanT1_6-24,true,51310,"Federal Student Loan Program: Budget Account Totals, Federal Credit Reform Act Estimates / Mandatoryd / Outlays",fiscal_year,2027,2027,2027,43,7
Student Loans,Outlays,2028,780.0,Millions of dollars,51310-2024-06-studentloan.xlsx,studentloanT1_6-24,true,51310,"Federal Student Loan Program: Budget Account Totals, Federal Credit Reform Act Estimates / Mandatoryd / Outlays",fiscal_year,2028,2028,2028,43,8
Student Loans,Outlays,2029,785.0,Millions of dollars,51310-2024-06-studentloan.xlsx,studentloanT1_6-24,true,51310,"Federal Student Loan Program: Budget Account Totals, Federal Credit Reform Act Estimates / Mandatoryd / Outlays",fiscal_year,2029,2029,2029,43,9
Student Loans,Outlays,2030,791.0,Millions of dollars,51310-2024-06-studentloan.xlsx,studentloanT1_6-24,true,51310,"Federal Student Loan Program: Budget Account Totals, Federal Credit Reform Act Estimates / Mandatoryd / Outlays",fiscal_year,2030,2030,2030,43,10
Student Loans,Outlays,2031,797.0,Millions of dollars,51310-2024-06-studentloan.xlsx,studentloanT1_6-24,true,51310,"Federal Student Loan Program: Budget Account Totals, Federal Credit Reform Act Estimates / Mandatoryd / Outlays",fiscal_year,2031,2031,2031,43,11
Student Loans,Outlays,2032,803.0,Millions of dollars,51310-2024-06-studentloan.xlsx,studentloanT1_6-24,true,51310,"Federal Student Loan Program: Budget Account Totals, Federal Credit Reform Act Estimates / Mandatoryd / Outlays",fiscal_year,2032,2032,2032,43,12
Student Loans,Outlays,2033,808.0,Millions of dollars,51310-2024-06-studentloan.xlsx,studentloanT1_6-24,true,51310,"Federal Student Loan Program: Budget Account Totals, Federal Credit Reform Act Estimates / Mandatoryd / Outlays",fiscal_year,2033,2033,2033,43,13
Student Loans,Outlays,2034,815.0,Millions of dollars,51310-2024-06-studentloan.xlsx,studentloanT1_6-24,true,51310,"Federal Student Loan Program: Budget Account Totals, Federal Credit Reform Act Estimates / Mandatoryd / Outlays",fiscal_year,2034,2034,2034,43,14
Student Loans,Budget Authority,2024,3174.0,Millions of dollars,51310-2024-06-studentloan.xlsx,studentloanT1_6-24,true,51310,"Federal Student Loan Program: Budget Account Totals, Federal Credit Reform Act Estimates / Subtotal, Student Aid Administration / Budget Authority",fiscal_year,2024,2024,2024,46,4
Student Loans,Budget Authority,2025,2865.0,Millions of dollars,51310-2024-06-studentloan.xlsx,studentloanT1_6-24,true,51310,"Federal Student Loan Program: Budget Account Totals, Federal Credit Reform Act Estimates / Subtotal, Student Aid Administration / Budget Authority",fiscal_year,2025,2025,2025,46,5
Student Loans,Budget Authority,2026,2930.0,Millions of dollars,51310-2024-06-studentloan.xlsx,studentloanT1_6-24,true,51310,"Federal Student Loan Program: Budget Account Totals, Federal Credit Reform Act Estimates / Subtotal, Student Aid Administration / Budget Authority",fiscal_year,2026,2026,2026,46,6
Student Loans,Budget Authority,2027,2987.0,Millions of dollars,51310-2024-06-studentloan.xlsx,studentloanT1_6-24,true,51310,"Federal Student Loan Program: Budget Account Totals, Federal Credit Reform Act Estimates / Subtotal, Student Aid Administration / Budget Authority",fiscal_year,2027,2027,2027,46,7
Student Loans,Budget Authority,2028,3040.0,Millions of dollars,51310-2024-06-studentloan.xlsx,studentloanT1_6-24,true,51310,"Federal Student Loan Program: Budget Account Totals, Federal Credit Reform Act Estimates / Subtotal, Student Aid Administration / Budget Authority",fiscal_year,2028,2028,2028,46,8
Student Loans,Budget Authority,2029,3094.0,Millions of dollars,51310-2024-06-studentloan.xlsx,studentloanT1_6-24,true,51310,"Federal Student Loan Program: Budget Account Totals, Federal Credit Reform Act Estimates / Subtotal, Student Aid Administration / Budget Authority",fiscal_year,2029,2029,2029,46,9
Student Loans,Budget Authority,2030,3151.0,Millions of dollars,51310-2024-06-studentloan.xlsx,studentloanT1_6-24,true,51310,"Federal Student Loan Program: Budget Account Totals, Federal Credit Reform Act Estimates / Subtotal, Student Aid Administration / Budget Authority",fiscal_year,2030,2030,2030,46,10
Student Loans,Budget Authority,2031,3210.0,Millions of dollars,51310-2024-06-studentloan.xlsx,studentloanT1_6-24,true,51310,"Federal Student Loan Program: Budget Account Totals, Federal Credit Reform Act Estimates / Subtotal, Student Aid Administration / Budget Authority",fiscal_year,2031,2031,2031,46,11
Student Loans,Budget Authority,2032,3272.0,Millions of dollars,51310-2024-06-studentloan.xlsx,studentloanT1_6-24,true,51310,"Federal Student Loan Program: Budget Account Totals, Federal Credit Reform Act Estimates / Subtotal, Student Aid Administration / Budget Authority",fiscal_year,2032,2032,2032,46,12
Student Loans,Budget Authority,2033,3334.0,Millions of dollars,51310-2024-06-studentloan.xlsx,studentloanT1_6-24,true,51310,"Federal Student Loan Program: Budget Account Totals, Federal Credit Reform Act Estimates / Subtotal, Student Aid Administration / Budget Authority",fiscal_year,2033,2033,2033,46,13
Student Loans,Budget Authority,2034,3399.0,Millions of dollars,51310-2024-06-studentloan.xlsx,studentloanT1_6-24,true,51310,"Federal Student Loan Program: Budget Account Totals, Federal Credit Reform Act Estimates / Subtotal, Student Aid Administration / Budget Authority",fiscal_year,2034,2034,2034,46,14
Student Loans,Outlays,2024,3070.0,Millions of dollars,51310-2024-06-studentloan.xlsx,studentloanT1_6-24,true,51310,"Federal Student Loan Program: Budget Account Totals, Federal Credit Reform Act Estimates / Subtotal, Student Aid Administration / Outlays",fiscal_year,2024,2024,2024,47,4
Student Loans,Outlays,2025,2938.0,Millions of dollars,51310-2024-06-studentloan.xlsx,studentloanT1_6-24,true,51310,"Federal Student Loan Program: Budget Account Totals, Federal Credit Reform Act Estimates / Subtotal, Student Aid Administration / Outlays",fiscal_year,2025,2025,2025,47,5
Student Loans,Outlays,2026,2894.0,Millions of dollars,51310-2024-06-studentloan.xlsx,studentloanT1_6-24,true,51310,"Federal Student Loan Program: Budget Account Totals, Federal Credit Reform Act Estimates / Subtotal, Student Aid Administration / Outlays",fiscal_year,2026,2026,2026,47,6
Student Loans,Outlays,2027,2953.0,Millions of dollars,51310-2024-06-studentloan.xlsx,studentloanT1_6-24,true,51310,"Federal Student Loan Program: Budget Account Totals, Federal Credit Reform Act Estimates / Subtotal, Student Aid Administration / Outlays",fiscal_year,2027,2027,2027,47,7
Student Loans,Outlays,2028,3008.0,Millions of dollars,51310-2024-06-studentloan.xlsx,studentloanT1_6-24,true,51310,"Federal Student Loan Program: Budget Account Totals, Federal Credit Reform Act Estimates / Subtotal, Student Aid Administration / Outlays",fiscal_year,2028,2028,2028,47,8
Student Loans,Outlays,2029,3062.0,Millions of dollars,51310-2024-06-studentloan.xlsx,studentloanT1_6-24,true,51310,"Federal Student Loan Program: Budget Account Totals, Federal Credit Reform Act Estimates / Subtotal, Student Aid Administration / Outlays",fiscal_year,2029,2029,2029,47,9
Student Loans,Outlays,2030,3118.0,Millions of dollars,51310-2024-06-studentloan.xlsx,studentloanT1_6-24,true,51310,"Federal Student Loan Program: Budget Account Totals, Federal Credit Reform Act Estimates / Subtotal, Student Aid Administration / Outlays",fiscal_year,2030,2030,2030,47,10
Student Loans,Outlays,2031,3176.0,Millions of dollars,51310-2024-06-studentloan.xlsx,studentloanT1_6-24,true,51310,"Federal Student Loan Program: Budget Account Totals, Federal Credit Reform Act Estimates / Subtotal, Student Aid Administration / Outlays",fiscal_year,2031,2031,2031,47,11
Student Loans,Outlays,2032,3236.0,Millions of dollars,51310-2024-06-studentloan.xlsx,studentloanT1_6-24,true,51310,"Federal Student Loan Program: Budget Account Totals, Federal Credit Reform Act Estimates / Subtotal, Student Aid Administration / Outlays",fiscal_year,2032,2032,2032,47,12
Student Loans,Outlays,2033,3296.0,Millions of dollars,51310-2024-06-studentloan.xlsx,studentloanT1_6-24,true,51310,"Federal Student Loan Program: Budget Account Totals, Federal Credit Reform Act Estimates / Subtotal, Student Aid Administration / Outlays",fiscal_year,2033,2033,2033,47,13
Student Loans,Outlays,2034,3360.0,Millions of dollars,51310-2024-06-studentloan.xlsx,studentloanT1_6-24,true,51310,"Federal Student Loan Program: Budget Account Totals, Federal Credit Reform Act Estimates / Subtotal, Student Aid Administration / Outlays",fiscal_year,2034,2034,2034,47,14
Student Loans,Budget Authority,2024,174522.0,Millions of dollars,51310-2024-06-studentloan.xlsx,studentloanT1_6-24,true,51310,"Federal Student Loan Program: Budget Account Totals, Federal Credit Reform Act Estimates / Total, Student Loans / Budget Authority",fiscal_year,2024,2024,2024,50,4
Student Loans,Budget Authority,2025,21431.0,Millions of dollars,51310-2024-06-studentloan.xlsx,studentloanT1_6-24,true,51310,"Federal Student Loan Program: Budget Account Totals, Federal Credit Reform Act Estimates / Total, Student Loans / Budget Authority",fiscal_year,2025,2025,2025,50,5
Student Loans,Budget Authority,2026,22204.0,Millions of dollars,51310-2024-06-studentloan.xlsx,studentloanT1_6-24,true,51310,"Federal Student Loan Program: Budget Account Totals, Federal Credit Reform Act Estimates / Total, Student Loans / Budget Authority",fiscal_year,2026,2026,2026,50,6
Student Loans,Budget Authority,2027,23409.0,Millions of dollars,51310-2024-06-studentloan.xlsx,studentloanT1_6-24,true,51310,"Federal Student Loan Program: Budget Account Totals, Federal Credit Reform Act Estimates / Total, Student Loans / Budget Authority",fiscal_year,2027,2027,2027,50,7
Student Loans,Budget Authority,2028,24284.0,Millions of dollars,51310-2024-06-studentloan.xlsx,studentloanT1_6-24,true,51310,"Federal Student Loan Program: Budget Account Totals, Federal Credit Reform Act Estimates / Total, Student Loans / Budget Authority",fiscal_year,2028,2028,2028,50,8
Student Loans,Budget Authority,2029,24952.0,Millions of dollars,51310-2024-06-studentloan.xlsx,studentloanT1_6-24,true,51310,"Federal Student Loan Program: Budget Account Totals, Federal Credit Reform Act Estimates / Total, Student Loans / Budget Authority",fiscal_year,2029,2029,2029,50,9
Student Loans,Budget Authority,2030,25860.0,Millions of dollars,51310-2024-06-studentloan.xlsx,studentloanT1_6-24,true,51310,"Federal Student Loan Program: Budget Account Totals, Federal Credit Reform Act Estimates / Total, Student Loans / Budget Authority",fiscal_year,2030,2030,2030,50,10
Student Loans,Budget Authority,2031,26756.0,Millions of dollars,51310-2024-06-studentloan.xlsx,studentloanT1_6-24,true,51310,"Federal Student Loan Program: Budget Account Totals, Federal Credit Reform Act Estimates / Total, Student Loans / Budget Authority",fiscal_year,2031,2031,2031,50,11
Student Loans,Budget Authority,2032,27437.0,Millions of dollars,51310-2024-06-studentloan.xlsx,studentloanT1_6-24,true,51310,"Federal Student Loan Program: Budget Account Totals, Federal Credit Reform Act Estimates / Total, Student Loans / Budget Authority",fiscal_year,2032,2032,2032,50,12
Student Loans,Budget Authority,2033,27951.0,Millions of dollars,51310-2024-06-studentloan.xlsx,studentloanT1_6-24,true,51310,"Federal Student Loan Program: Budget Account Totals, Federal Credit Reform Act Estimates / Total, Student Loans / Budget Authority",fiscal_year,2033,2033,2033,50,13
Student Loans,Budget Authority,2034,28223.0,Millions of dollars,51310-2024-06-studentloan.xlsx,studentloanT1_6-24,true,51310,"Federal Student Loan Program: Budget Account Totals, Federal Credit Reform Act Estimates / Total, Student Loans / Budget Authority",fiscal_year,2034,2034,2034,50,14
Student Loans,Outlays,2024,170415.0,Millions of dollars,51310-2024-06-studentloan.xlsx,studentloanT1_6-24,true,51310,"Federal Student Loan Program: Budget Account Totals, Federal Credit Reform Act Estimates / Total, Student Loans / Outlays",fiscal_year,2024,2024,2024,51,4
Student Loans,Outlays,2025,19411.0,Millions of dollars,51310-2024-06-studentloan.xlsx,studentloanT1_6-24,true,51310,"Federal Student Loan Program: Budget Account Totals, Federal Credit Reform Act Estimates / Total, Student Loans / Outlays",fiscal_year,2025,2025,2025,51,5
Student Loans,Outlays,2026,19477.0,Millions of dollars,51310-2024-06-studentloan.xlsx,studentloanT1_6-24,true,51310,"Federal Student Loan Program: Budget Account Totals, Federal Credit Reform Act Estimates / Total, Student Loans / Outlays",fiscal_year,2026,2026,2026,51,6
Student Loans,Outlays,2027,20423.0,Millions of dollars,51310-2024-06-studentloan.xlsx,studentloanT1_6-24,true,51310,"Federal Student Loan Program: Budget Account Totals, Federal Credit Reform Act Estimates / Total, Student Loans / Outlays",fiscal_year,2027,2027,2027,51,7
Student Loans,Outlays,2028,21312.0,Millions of dollars,51310-2024-06-studentloan.xlsx,studentloanT1_6-24,true,51310,"Federal Student Loan Program: Budget Account Totals, Federal Credit Reform Act Estimates / Total, Student Loans / Outlays",fiscal_year,2028,2028,2028,51,8
Student Loans,Outlays,2029,21974.0,Millions of dollars,51310-2024-06-studentloan.xlsx,studentloanT1_6-24,true,51310,"Federal Student Loan Program: Budget Account Totals, Federal Credit Reform Act Estimates / Total, Student Loans / Outlays",fiscal_year,2029,2029,2029,51,9
Student Loans,Outlays,2030,22727.0,Millions of dollars,51310-2024-06-studentloan.xlsx,studentloanT1_6-24,true,51310,"Federal Student Loan Program: Budget Account Totals, Federal Credit Reform Act Estimates / Total, Student Loans / Outlays",fiscal_year,2030,2030,2030,51,10
Student Loans,Outlays,2031,23543.0,Millions of dollars,51310-2024-06-studentloan.xlsx,studentloanT1_6-24,true,51310,"Federal Student Loan Program: Budget Account Totals, Federal Credit Reform Act Estimates / Total, Student Loans / Outlays",fiscal_year,2031,2031,2031,51,11
Student Loans,Outlays,2032,24225.0,Millions of dollars,51310-2024-06-studentloan.xlsx,studentloanT1_6-24,true,51310,"Federal Student Loan Program: Budget Account Totals, Federal Credit Reform Act Estimates / Total, Student Loans / Outlays",fiscal_year,2032,2032,2032,51,12
Student Loans,Outlays,2033,24746.0,Millions of dollars,51310-2024-06-studentloan.xlsx,studentloanT1_6-24,true,51310,"Federal Student Loan Program: Budget Account Totals, Federal Credit Reform Act Estimates / Total, Student Loans / Outlays",fiscal_year,2033,2033,2033,51,13
Student Loans,Outlays,2034,25078.0,Millions of dollars,51310-2024-06-studentloan.xlsx,studentloanT1_6-24,true,51310,"Federal Student Loan Program: Budget Account Totals, Federal Credit Reform Act Estimates / Total, Student Loans / Outlays",fiscal_year,2034,2034,2034,51,14
Student Loans,Net Annual Loan Volume (Millions of dollars),2024,85864.0,Millions of dollars,51310-2024-06-studentloan.xlsx,studentloanT3_6-24,true,51310,Total Direct Student Loan Program Volume / All New Loansa / Net Annual Loan Volume (Millions of dollars),fiscal_year,2024,2024,2024,14,4
Student Loans,Net Annual Loan Volume (Millions of dollars),2025,89912.0,Millions of dollars,51310-2024-06-studentloan.xlsx,studentloanT3_6-24,true,51310,Total Direct Student Loan Program Volume / All New Loansa / Net Annual Loan Volume (Millions of dollars),fiscal_year,2025,2025,2025,14,5
Student Loans,Net Annual Loan Volume (Millions of dollars),2026,93510.0,Millions of dollars,51310-2024-06-studentloan.xlsx,studentloanT3_6-24,true,51310,Total Direct Student Loan Program Volume / All New Loansa / Net Annual Loan Volume (Millions of dollars),fiscal_year,2026,2026,2026,14,6
Student Loans,Net Annual Loan Volume (Millions of dollars),2027,96627.0,Millions of dollars,51310-2024-06-studentloan.xlsx,studentloanT3_6-24,true,51310,Total Direct Student Loan Program Volume / All New Loansa / Net Annual Loan Volume (Millions of dollars),fiscal_year,2027,2027,2027,14,7
Student Loans,Net Annual Loan Volume (Millions of dollars),2028,98885.0,Millions of dollars,51310-2024-06-studentloan.xlsx,studentloanT3_6-24,true,51310,Total Direct Student Loan Program Volume / All New Loansa / Net Annual Loan Volume (Millions of dollars),fiscal_year,2028,2028,2028,14,8
Student Loans,Net Annual Loan Volume (Millions of dollars),2029,101024.0,Millions of dollars,51310-2024-06-studentloan.xlsx,studentloanT3_6-24,true,51310,Total Direct Student Loan Program Volume / All New Loansa / Net Annual Loan Volume (Millions of dollars),fiscal_year,2029,2029,2029,14,9
Student Loans,Net Annual Loan Volume (Millions of dollars),2030,103105.0,Millions of dollars,51310-2024-06-studentloan.xlsx,studentloanT3_6-24,true,51310,Total Direct Student Loan Program Volume / All New Loansa / Net Annual Loan Volume (Millions of dollars),fiscal_year,2030,2030,2030,14,10
Student Loans,Net Annual Loan Volume (Millions of dollars),2031,105243.0,Millions of dollars,51310-2024-06-studentloan.xlsx,studentloanT3_6-24,true,51310,Total Direct Student Loan Program Volume / All New Loansa / Net Annual Loan Volume (Millions of dollars),fiscal_year,2031,2031,2031,14,11
Student Loans,Net Annual Loan Volume (Millions of dollars),2032,107441.0,Millions of dollars,51310-2024-06-studentloan.xlsx,studentloanT3_6-24,true,51310,Total Direct Student Loan Program Volume / All New Loansa / Net Annual Loan Volume (Millions of dollars),fiscal_year,2032,2032,2032,14,12
Student Loans,Net Annual Loan Volume (Millions of dollars),2033,109699.0,Millions of dollars,51310-2024-06-studentloan.xlsx,studentloanT3_6-24,true,51310,Total Direct Student Loan Program Volume / All New Loansa / Net Annual Loan Volume (Millions of dollars),fiscal_year,2033,2033,2033,14,13
Student Loans,Net Annual Loan Volume (Millions of dollars),2034,112020.0,Millions of dollars,51310-2024-06-studentloan.xlsx,studentloanT3_6-24,true,51310,Total Direct Student Loan Program Volume / All New Loansa / Net Annual Loan Volume (Millions of dollars),fiscal_year,2034,2034,2034,14,14
Student Loans,Net Number of Loans (Thousands)b,2024,12252.0,Thousands,51310-2024-06-studentloan.xlsx,studentloanT3_6-24,true,51310,Total Direct Student Loan Program Volume / All New Loansa / Net Number of Loans (Thousands)b,fiscal_year,2024,2024,2024,15,4
Student Loans,Net Number of Loans (Thousands)b,2025,12502.0,Thousands,51310-2024-06-studentloan.xlsx,studentloanT3_6-24,true,51310,Total Direct Student Loan Program Volume / All New Loansa / Net Number of Loans (Thousands)b,fiscal_year,2025,2025,2025,15,5
Student Loans,Net Number of Loans (Thousands)b,2026,12773.0,Thousands,51310-2024-06-studentloan.xlsx,studentloanT3_6-24,true,51310,Total Direct Student Loan Program Volume / All New Loansa / Net Number of Loans (Thousands)b,fiscal_year,2026,2026,2026,15,6
Student Loans,Net Number of Loans (Thousands)b,2027,13038.0,Thousands,51310-2024-06-studentloan.xlsx,studentloanT3_6-24,true,51310,Total Direct Student Loan Program Volume / All New Loansa / Net Number of Loans (Thousands)b,fiscal_year,2027,2027,2027,15,7
Student Loans,Net Number of Loans (Thousands)b,2028,13136.0,Thousands,51310-2024-06-studentloan.xlsx,studentloanT3_6-24,true,51310,Total Direct Student Loan Program Volume / All New Loansa / Net Number of Loans (Thousands)b,fiscal_year,2028,2028,2028,15,8
Student Loans,Net Number of Loans (Thousands)b,2029,13230.0,Thousands,51310-2024-06-studentloan.xlsx,studentloanT3_6-24,true,51310,Total Direct Student Loan Program Volume / All New Loansa / Net Number of Loans (Thousands)b,fiscal_year,2029,2029,2029,15,9
Student Loans,Net Number of Loans (Thousands)b,2030,13325.0,Thousands,51310-2024-06-studentloan.xlsx,studentloanT3_6-24,true,51310,Total Direct Student Loan Program Volume / All New Loansa / Net Number of Loans (Thousands)b,fiscal_year,2030,2030,2030,15,10
Student Loans,Net Number of Loans (Thousands)b,2031,13420.0,Thousands,51310-2024-06-studentloan.xlsx,studentloanT3_6-24,true,51310,Total Direct Student Loan Program Volume / All New Loansa / Net Number of Loans (Thousands)b,fiscal_year,2031,2031,2031,15,11
Student Loans,Net Number of Loans (Thousands)b,2032,13516.0,Thousands,51310-2024-06-studentloan.xlsx,studentloanT3_6-24,true,51310,Total Direct Student Loan Program Volume / All New Loansa / Net Number of Loans (Thousands)b,fiscal_year,2032,2032,2032,15,12
Student Loans,Net Number of Loans (Thousands)b,2033,13613.0,Thousands,51310-2024-06-studentloan.xlsx,studentloanT3_6-24,true,51310,Total Direct Student Loan Program Volume / All New Loansa / Net Number of Loans (Thousands)b,fiscal_year,2033,2033,2033,15,13
Student Loans,Net Number of Loans (Thousands)b,2034,13711.0,Thousands,51310-2024-06-studentloan.xlsx,studentloanT3_6-24,true,51310,Total Direct Student Loan Program Volume / All New Loansa / Net Number of Loans (Thousands)b,fiscal_year,2034,2034,2034,15,14
Student Loans,Average Loan Amount (Dollars),2024,7008.0,Dollars,51310-2024-06-studentloan.xlsx,studentloanT3_6-24,true,51310,Total Direct Student Loan Program Volume / All New Loansa / Average Loan Amount (Dollars),fiscal_year,2024,2024,2024,16,4
Student Loans,Average Loan Amount (Dollars),2025,7192.0,Dollars,51310-2024-06-studentloan.xlsx,studentloanT3_6-24,true,51310,Total Direct Student Loan Program Volume / All New Loansa / Average Loan Amount (Dollars),fiscal_year,2025,2025,2025,16,5
Student Loans,Average Loan Amount (Dollars),2026,7321.0,Dollars,51310-2024-06-studentloan.xlsx,studentloanT3_6-24,true,51310,Total Direct Student Loan Program Volume / All New Loansa / Average Loan Amount (Dollars),fiscal_year,2026,2026,2026,16,6
Student Loans,Average Loan Amount (Dollars),2027,7411.0,Dollars,51310-2024-06-studentloan.xlsx,studentloanT3_6-24,true,51310,Total Direct Student Loan Program Volume / All New Loansa / Average Loan Amount (Dollars),fiscal_year,2027,2027,2027,16,7
Student Loans,Average Loan Amount (Dollars),2028,7528.0,Dollars,51310-2024-06-studentloan.xlsx,studentloanT3_6-24,true,51310,Total Direct Student Loan Program Volume / All New Loansa / Average Loan Amount (Dollars),fiscal_year,2028,2028,2028,16,8
Student Loans,Average Loan Amount (Dollars),2029,7636.0,Dollars,51310-2024-06-studentloan.xlsx,studentloanT3_6-24,true,51310,Total Direct Student Loan Program Volume / All New Loansa / Average Loan Amount (Dollars),fiscal_year,2029,2029,2029,16,9
Student Loans,Average Loan Amount (Dollars),2030,7738.0,Dollars,51310-2024-06-studentloan.xlsx,studentloanT3_6-24,true,51310,Total Direct Student Loan Program Volume / All New Loansa / Average Loan Amount (Dollars),fiscal_year,2030,2030,2030,16,10
Student Loans,Average Loan Amount (Dollars),2031,7842.0,Dollars,51310-2024-06-studentloan.xlsx,studentloanT3_6-24,true,51310,Total Direct Student Loan Program Volume / All New Loansa / Average Loan Amount (Dollars),fiscal_year,2031,2031,2031,16,11
Student Loans,Average Loan Amount (Dollars),2032,7949.0,Dollars,51310-2024-06-studentloan.xlsx,studentloanT3_6-24,true,51310,Total Direct Student Loan Program Volume / All New Loansa / Average Loan Amount (Dollars),fiscal_year,2032,2032,2032,16,12
Student Loans,Average Loan Amount (Dollars),2033,8058.0,Dollars,51310-2024-06-studentloan.xlsx,studentloanT3_6-24,true,51310,Total Direct Student Loan Program Volume / All New Loansa / Average Loan Amount (Dollars),fiscal_year,2033,2033,2033,16,13
Student Loans,Average Loan Amount (Dollars),2034,8170.0,Dollars,51310-2024-06-studentloan.xlsx,studentloanT3_6-24,true,51310,Total Direct Student Loan Program Volume / All New Loansa / Average Loan Amount (Dollars),fiscal_year,2034,2034,2034,16,14
Student Loans,Subsidized,2024,15829.0,Millions of dollars,51310-2024-06-studentloan.xlsx,studentloanT3_6-24,true,51310,Total Direct Student Loan Program Volume / Net Annual Loan Volume (Millions of dollars) / Subsidized,fiscal_year,2024,2024,2024,19,4
Student Loans,Subsidized,2025,16388.0,Millions of dollars,51310-2024-06-studentloan.xlsx,studentloanT3_6-24,true,51310,Total Direct Student Loan Program Volume / Net Annual Loan Volume (Millions of dollars) / Subsidized,fiscal_year,2025,2025,2025,19,5
Student Loans,Subsidized,2026,16965.0,Millions of dollars,51310-2024-06-studentloan.xlsx,studentloanT3_6-24,true,51310,Total Direct Student Loan Program Volume / Net Annual Loan Volume (Millions of dollars) / Subsidized,fiscal_year,2026,2026,2026,19,6
Student Loans,Subsidized,2027,17563.0,Millions of dollars,51310-2024-06-studentloan.xlsx,studentloanT3_6-24,true,51310,Total Direct Student Loan Program Volume / Net Annual Loan Volume (Millions of dollars) / Subsidized,fiscal_year,2027,2027,2027,19,7
Student Loans,Subsidized,2028,17840.0,Millions of dollars,51310-2024-06-studentloan.xlsx,studentloanT3_6-24,true,51310,Total Direct Student Loan Program Volume / Net Annual Loan Volume (Millions of dollars) / Subsidized,fiscal_year,2028,2028,2028,19,8
Student Loans,Subsidized,2029,18120.0,Millions of dollars,51310-2024-06-studentloan.xlsx,studentloanT3_6-24,true,51310,Total Direct Student Loan Program Volume / Net Annual Loan Volume (Millions of dollars) / Subsidized,fiscal_year,2029,2029,2029,19,9
Student Loans,Subsidized,2030,18405.0,Millions of dollars,51310-2024-06-studentloan.xlsx,studentloanT3_6-24,true,51310,Total Direct Student Loan Program Volume / Net Annual Loan Volume (Millions of dollars) / Subsidized,fiscal_year,2030,2030,2030,19,10
Student Loans,Subsidized,2031,18695.0,Millions of dollars,51310-2024-06-studentloan.xlsx,studentloanT3_6-24,true,51310,Total Direct Student Loan Program Volume / Net Annual Loan Volume (Millions of dollars) / Subsidized,fiscal_year,2031,2031,2031,19,11
Student Loans,Subsidized,2032,18989.0,Millions of dollars,51310-2024-06-studentloan.xlsx,studentloanT3_6-24,true,51310,Total Direct Student Loan Program Volume / Net Annual Loan Volume (Millions of dollars) / Subsidized,fiscal_year,2032,2032,2032,19,12
Student Loans,Subsidized,2033,19288.0,Millions of dollars,51310-2024-06-studentloan.xlsx,studentloanT3_6-24,true,51310,Total Direct Student Loan Program Volume / Net Annual Loan Volume (Millions of dollars) / Subsidized,fiscal_year,2033,2033,2033,19,13
Student Loans,Subsidized,2034,19592.0,Millions of dollars,51310-2024-06-studentloan.xlsx,studentloanT3_6-24,true,51310,Total Direct Student Loan Program Volume / Net Annual Loan Volume (Millions of dollars) / Subsidized,fiscal_year,2034,2034,2034,19,14
Student Loans,Unsubsidized Undergraduate,2024,17429.0,Millions of dollars,51310-2024-06-studentloan.xlsx,studentloanT3_6-24,true,51310,Total Direct Student Loan Program Volume / Net Annual Loan Volume (Millions of dollars) / Unsubsidized Undergraduate,fiscal_year,2024,2024,2024,20,4
Student Loans,Unsubsidized Undergraduate,2025,18044.0,Millions of dollars,51310-2024-06-studentloan.xlsx,studentloanT3_6-24,true,51310,Total Direct Student Loan Program Volume / Net Annual Loan Volume (Millions of dollars) / Unsubsidized Undergraduate,fiscal_year,2025,2025,2025,20,5
Student Loans,Unsubsidized Undergraduate,2026,18772.0,Millions of dollars,51310-2024-06-studentloan.xlsx,studentloanT3_6-24,true,51310,Total Direct Student Loan Program Volume / Net Annual Loan Volume (Millions of dollars) / Unsubsidized Undergraduate,fiscal_year,2026,2026,2026,20,6
Student Loans,Unsubsidized Undergraduate,2027,19434.0,Millions of dollars,51310-2024-06-studentloan.xlsx,studentloanT3_6-24,true,51310,Total Direct Student Loan Program Volume / Net Annual Loan Volume (Millions of dollars) / Unsubsidized Undergraduate,fiscal_year,2027,2027,2027,20,7
Student Loans,Unsubsidized Undergraduate,2028,19776.0,Millions of dollars,51310-2024-06-studentloan.xlsx,studentloanT3_6-24,true,51310,Total Direct Student Loan Program Volume / Net Annual Loan Volume (Millions of dollars) / Unsubsidized Undergraduate,fiscal_year,2028,2028,2028,20,8
Student Loans,Unsubsidized Undergraduate,2029,20123.0,Millions of dollars,51310-2024-06-studentloan.xlsx,studentloanT3_6-24,true,51310,Total Direct Student Loan Program Volume / Net Annual Loan Volume (Millions of dollars) / Unsubsidized Undergraduate,fiscal_year,2029,2029,2029,20,9
Student Loans,Unsubsidized Undergraduate,2030,20426.0,Millions of dollars,51310-2024-06-studentloan.xlsx,studentloanT3_6-24,true,51310,Total Direct Student Loan Program Volume / Net Annual Loan Volume (Millions of dollars) / Unsubsidized Undergraduate,fiscal_year,2030,2030,2030,20,10
Student Loans,Unsubsidized Undergraduate,2031,20734.0,Millions of dollars,51310-2024-06-studentloan.xlsx,studentloanT3_6-24,true,51310,Total Direct Student Loan Program Volume / Net Annual Loan Volume (Millions of dollars) / Unsubsidized Undergraduate,fiscal_year,2031,2031,2031,20,11
Student Loans,Unsubsidized Undergraduate,2032,21046.0,Millions of dollars,51310-2024-06-studentloan.xlsx,studentloanT3_6-24,true,51310,Total Direct Student Loan Program Volume / Net Annual Loan Volume (Millions of dollars) / Unsubsidized Undergraduate,fiscal_year,2032,2032,2032,20,12
Student Loans,Unsubsidized Undergraduate,2033,21363.0,Millions of dollars,51310-2024-06-studentloan.xlsx,studentloanT3_6-24,true,51310,Total Direct Student Loan Program Volume / Net Annual Loan Volume (Millions of dollars) / Unsubsidized Undergraduate,fiscal_year,2033,2033,2033,20,13
Student Loans,Unsubsidized Undergraduate,2034,21684.0,Millions of dollars,51310-2024-06-studentloan.xlsx,studentloanT3_6-24,true,51310,Total Direct Student Loan Program Volume / Net Annual Loan Volume (Millions of dollars) / Unsubsidized Undergraduate,fiscal_year,2034,2034,2034,20,14
Student Loans,Unsubsidized Graduate,2024,28651.0,Millions of dollars,51310-2024-06-studentloan.xlsx,studentloanT3_6-24,true,51310,Total Direct Student Loan Program Volume / Net Annual Loan Volume (Millions of dollars) / Unsubsidized Graduate,fiscal_year,2024,2024,2024,21,4
Student Loans,Unsubsidized Graduate,2025,29952.0,Millions of dollars,51310-2024-06-studentloan.xlsx,studentloanT3_6-24,true,51310,Total Direct Student Loan Program Volume / Net Annual Loan Volume (Millions of dollars) / Unsubsidized Graduate,fiscal_year,2025,2025,2025,21,5
Student Loans,Unsubsidized Graduate,2026,31068.0,Millions of dollars,51310-2024-06-studentloan.xlsx,studentloanT3_6-24,true,51310,Total Direct Student Loan Program Volume / Net Annual Loan Volume (Millions of dollars) / Unsubsidized Graduate,fiscal_year,2026,2026,2026,21,6
Student Loans,Unsubsidized Graduate,2027,31927.0,Millions of dollars,51310-2024-06-studentloan.xlsx,studentloanT3_6-24,true,51310,Total Direct Student Loan Program Volume / Net Annual Loan Volume (Millions of dollars) / Unsubsidized Graduate,fiscal_year,2027,2027,2027,21,7
Student Loans,Unsubsidized Graduate,2028,32568.0,Millions of dollars,51310-2024-06-studentloan.xlsx,studentloanT3_6-24,true,51310,Total Direct Student Loan Program Volume / Net Annual Loan Volume (Millions of dollars) / Unsubsidized Graduate,fiscal_year,2028,2028,2028,21,8
Student Loans,Unsubsidized Graduate,2029,33041.0,Millions of dollars,51310-2024-06-studentloan.xlsx,studentloanT3_6-24,true,51310,Total Direct Student Loan Program Volume / Net Annual Loan Volume (Millions of dollars) / Unsubsidized Graduate,fiscal_year,2029,2029,2029,21,9
Student Loans,Unsubsidized Graduate,2030,33455.0,Millions of dollars,51310-2024-06-studentloan.xlsx,studentloanT3_6-24,true,51310,Total Direct Student Loan Program Volume / Net Annual Loan Volume (Millions of dollars) / Unsubsidized Graduate,fiscal_year,2030,2030,2030,21,10
Student Loans,Unsubsidized Graduate,2031,33874.0,Millions of dollars,51310-2024-06-studentloan.xlsx,studentloanT3_6-24,true,51310,Total Direct Student Loan Program Volume / Net Annual Loan Volume (Millions of dollars) / Unsubsidized Graduate,fiscal_year,2031,2031,2031,21,11
Student Loans,Unsubsidized Graduate,2032,34298.0,Millions of dollars,51310-2024-06-studentloan.xlsx,studentloanT3_6-24,true,51310,Total Direct Student Loan Program Volume / Net Annual Loan Volume (Millions of dollars) / Unsubsidized Graduate,fiscal_year,2032,2032,2032,21,12
Student Loans,Unsubsidized Graduate,2033,34728.0,Millions of dollars,51310-2024-06-studentloan.xlsx,studentloanT3_6-24,true,51310,Total Direct Student Loan Program Volume / Net Annual Loan Volume (Millions of dollars) / Unsubsidized Graduate,fiscal_year,2033,2033,2033,21,13
Student Loans,Unsubsidized Graduate,2034,35163.0,Millions of dollars,51310-2024-06-studentloan.xlsx,studentloanT3_6-24,true,51310,Total Direct Student Loan Program Volume / Net Annual Loan Volume (Millions of dollars) / Unsubsidized Graduate,fiscal_year,2034,2034,2034,21,14
Student Loans,GradPLUS,2024,13662.0,Millions of dollars,51310-2024-06-studentloan.xlsx,studentloanT3_6-24,true,51310,Total Direct Student Loan Program Volume / Net Annual Loan Volume (Millions of dollars) / GradPLUS,fiscal_year,2024,2024,2024,22,4
Student Loans,GradPLUS,2025,14528.0,Millions of dollars,51310-2024-06-studentloan.xlsx,studentloanT3_6-24,true,51310,Total Direct Student Loan Program Volume / Net Annual Loan Volume (Millions of dollars) / GradPLUS,fiscal_year,2025,2025,2025,22,5
Student Loans,GradPLUS,2026,15337.0,Millions of dollars,51310-2024-06-studentloan.xlsx,studentloanT3_6-24,true,51310,Total Direct Student Loan Program Volume / Net Annual Loan Volume (Millions of dollars) / GradPLUS,fiscal_year,2026,2026,2026,22,6
Student Loans,GradPLUS,2027,16073.0,Millions of dollars,51310-2024-06-studentloan.xlsx,studentloanT3_6-24,true,51310,Total Direct Student Loan Program Volume / Net Annual Loan Volume (Millions of dollars) / GradPLUS,fiscal_year,2027,2027,2027,22,7
Student Loans,GradPLUS,2028,16803.0,Millions of dollars,51310-2024-06-studentloan.xlsx,studentloanT3_6-24,true,51310,Total Direct Student Loan Program Volume / Net Annual Loan Volume (Millions of dollars) / GradPLUS,fiscal_year,2028,2028,2028,22,8
Student Loans,GradPLUS,2029,17567.0,Millions of dollars,51310-2024-06-studentloan.xlsx,studentloanT3_6-24,true,51310,Total Direct Student Loan Program Volume / Net Annual Loan Volume (Millions of dollars) / GradPLUS,fiscal_year,2029,2029,2029,22,9
Student Loans,GradPLUS,2030,18365.0,Millions of dollars,51310-2024-06-studentloan.xlsx,studentloanT3_6-24,true,51310,Total Direct Student Loan Program Volume / Net Annual Loan Volume (Millions of dollars) / GradPLUS,fiscal_year,2030,2030,2030,22,10
Student Loans,GradPLUS,2031,19200.0,Millions of dollars,51310-2024-06-studentloan.xlsx,studentloanT3_6-24,true,51310,Total Direct Student Loan Program Volume / Net Annual Loan Volume (Millions of dollars) / GradPLUS,fiscal_year,2031,2031,2031,22,11
Student Loans,GradPLUS,2032,20073.0,Millions of dollars,51310-2024-06-studentloan.xlsx,studentloanT3_6-24,true,51310,Total Direct Student Loan Program Volume / Net Annual Loan Volume (Millions of dollars) / GradPLUS,fiscal_year,2032,2032,2032,22,12
Student Loans,GradPLUS,2033,20985.0,Millions of dollars,51310-2024-06-studentloan.xlsx,studentloanT3_6-24,true,51310,Total Direct Student Loan Program Volume / Net Annual Loan Volume (Millions of dollars) / GradPLUS,fiscal_year,2033,2033,2033,22,13
Student Loans,GradPLUS,2034,21939.0,Millions of dollars,51310-2024-06-studentloan.xlsx,studentloanT3_6-24,true,51310,Total Direct Student Loan Program Volume / Net Annual Loan Volume (Millions of dollars) / GradPLUS,fiscal_year,2034,2034,2034,22,14
Student Loans,Parent PLUS,2024,10294.0,Millions of dollars,51310-2024-06-studentloan.xlsx,studentloanT3_6-24,true,51310,Total Direct Student Loan Program Volume / Net Annual Loan Volume (Millions of dollars) / Parent PLUS,fiscal_year,2024,2024,2024,23,4
Student Loans,Parent PLUS,2025,11001.0,Millions of dollars,51310-2024-06-studentloan.xlsx,studentloanT3_6-24,true,51310,Total Direct Student Loan Program Volume / Net Annual Loan Volume (Millions of dollars) / Parent PLUS,fiscal_year,2025,2025,2025,23,5
Student Loans,Parent PLUS,2026,11368.0,Millions of dollars,51310-2024-06-studentloan.xlsx,studentloanT3_6-24,true,51310,Total Direct Student Loan Program Volume / Net Annual Loan Volume (Millions of dollars) / Parent PLUS,fiscal_year,2026,2026,2026,23,6
Student Loans,Parent PLUS,2027,11630.0,Millions of dollars,51310-2024-06-studentloan.xlsx,studentloanT3_6-24,true,51310,Total Direct Student Loan Program Volume / Net Annual Loan Volume (Millions of dollars) / Parent PLUS,fiscal_year,2027,2027,2027,23,7
Student Loans,Parent PLUS,2028,11898.0,Millions of dollars,51310-2024-06-studentloan.xlsx,studentloanT3_6-24,true,51310,Total Direct Student Loan Program Volume / Net Annual Loan Volume (Millions of dollars) / Parent PLUS,fiscal_year,2028,2028,2028,23,8
Student Loans,Parent PLUS,2029,12173.0,Millions of dollars,51310-2024-06-studentloan.xlsx,studentloanT3_6-24,true,51310,Total Direct Student Loan Program Volume / Net Annual Loan Volume (Millions of dollars) / Parent PLUS,fiscal_year,2029,2029,2029,23,9
Student Loans,Parent PLUS,2030,12454.0,Millions of dollars,51310-2024-06-studentloan.xlsx,studentloanT3_6-24,true,51310,Total Direct Student Loan Program Volume / Net Annual Loan Volume (Millions of dollars) / Parent PLUS,fiscal_year,2030,2030,2030,23,10
Student Loans,Parent PLUS,2031,12741.0,Millions of dollars,51310-2024-06-studentloan.xlsx,studentloanT3_6-24,true,51310,Total Direct Student Loan Program Volume / Net Annual Loan Volume (Millions of dollars) / Parent PLUS,fiscal_year,2031,2031,2031,23,11
Student Loans,Parent PLUS,2032,13034.0,Millions of dollars,51310-2024-06-studentloan.xlsx,studentloanT3_6-24,true,51310,Total Direct Student Loan Program Volume / Net Annual Loan Volume (Millions of dollars) / Parent PLUS,fiscal_year,2032,2032,2032,23,12
Student Loans,Parent PLUS,2033,13335.0,Millions of dollars,51310-2024-06-studentloan.xlsx,studentloanT3_6-24,true,51310,Total Direct Student Loan Program Volume / Net Annual Loan Volume (Millions of dollars) / Parent PLUS,fiscal_year,2033,2033,2033,23,13
Student Loans,Parent PLUS,2034,13643.0,Millions of dollars,51310-2024-06-studentloan.xlsx,studentloanT3_6-24,true,51310,Total Direct Student Loan Program Volume / Net Annual Loan Volume (Millions of dollars) / Parent PLUS,fiscal_year,2034,2034,2034,23,14
Student Loans,Subsidized,2024,3564.0,Dollars,51310-2024-06-studentloan.xlsx,studentloanT3_6-24,true,51310,Total Direct Student Loan Program Volume / Average Loan Amount (Dollars) / Subsidized,fiscal_year,2024,2024,2024,26,4
Student Loans,Subsidized,2025,3618.0,Dollars,51310-2024-06-studentloan.xlsx,studentloanT3_6-24,true,51310,Total Direct Student Loan Program Volume / Average Loan Amount (Dollars) / Subsidized,fiscal_year,2025,2025,2025,26,5
Student Loans,Subsidized,2026,3654.0,Dollars,51310-2024-06-studentloan.xlsx,studentloanT3_6-24,true,51310,Total Direct Student Loan Program Volume / Average Loan Amount (Dollars) / Subsidized,fiscal_year,2026,2026,2026,26,6
Student Loans,Subsidized,2027,3691.0,Dollars,51310-2024-06-studentloan.xlsx,studentloanT3_6-24,true,51310,Total Direct Student Loan Program Volume / Average Loan Amount (Dollars) / Subsidized,fiscal_year,2027,2027,2027,26,7
Student Loans,Subsidized,2028,3718.0,Dollars,51310-2024-06-studentloan.xlsx,studentloanT3_6-24,true,51310,Total Direct Student Loan Program Volume / Average Loan Amount (Dollars) / Subsidized,fiscal_year,2028,2028,2028,26,8
Student Loans,Subsidized,2029,3746.0,Dollars,51310-2024-06-studentloan.xlsx,studentloanT3_6-24,true,51310,Total Direct Student Loan Program Volume / Average Loan Amount (Dollars) / Subsidized,fiscal_year,2029,2029,2029,26,9
Student Loans,Subsidized,2030,3774.0,Dollars,51310-2024-06-studentloan.xlsx,studentloanT3_6-24,true,51310,Total Direct Student Loan Program Volume / Average Loan Amount (Dollars) / Subsidized,fiscal_year,2030,2030,2030,26,10
Student Loans,Subsidized,2031,3803.0,Dollars,51310-2024-06-studentloan.xlsx,studentloanT3_6-24,true,51310,Total Direct Student Loan Program Volume / Average Loan Amount (Dollars) / Subsidized,fiscal_year,2031,2031,2031,26,11
Student Loans,Subsidized,2032,3831.0,Dollars,51310-2024-06-studentloan.xlsx,studentloanT3_6-24,true,51310,Total Direct Student Loan Program Volume / Average Loan Amount (Dollars) / Subsidized,fiscal_year,2032,2032,2032,26,12
Student Loans,Subsidized,2033,3860.0,Dollars,51310-2024-06-studentloan.xlsx,studentloanT3_6-24,true,51310,Total Direct Student Loan Program Volume / Average Loan Amount (Dollars) / Subsidized,fiscal_year,2033,2033,2033,26,13
Student Loans,Subsidized,2034,3889.0,Dollars,51310-2024-06-studentloan.xlsx,studentloanT3_6-24,true,51310,Total Direct Student Loan Program Volume / Average Loan Amount (Dollars) / Subsidized,fiscal_year,2034,2034,2034,26,14
Student Loans,Unsubsidized Undergraduate,2024,3722.0,Dollars,51310-2024-06-studentloan.xlsx,studentloanT3_6-24,true,51310,Total Direct Student Loan Program Volume / Average Loan Amount (Dollars) / Unsubsidized Undergraduate,fiscal_year,2024,2024,2024,27,4
Student Loans,Unsubsidized Undergraduate,2025,3778.0,Dollars,51310-2024-06-studentloan.xlsx,studentloanT3_6-24,true,51310,Total Direct Student Loan Program Volume / Average Loan Amount (Dollars) / Unsubsidized Undergraduate,fiscal_year,2025,2025,2025,27,5
Student Loans,Unsubsidized Undergraduate,2026,3835.0,Dollars,51310-2024-06-studentloan.xlsx,studentloanT3_6-24,true,51310,Total Direct Student Loan Program Volume / Average Loan Amount (Dollars) / Unsubsidized Undergraduate,fiscal_year,2026,2026,2026,27,6
Student Loans,Unsubsidized Undergraduate,2027,3873.0,Dollars,51310-2024-06-studentloan.xlsx,studentloanT3_6-24,true,51310,Total Direct Student Loan Program Volume / Average Loan Amount (Dollars) / Unsubsidized Undergraduate,fiscal_year,2027,2027,2027,27,7
Student Loans,Unsubsidized Undergraduate,2028,3912.0,Dollars,51310-2024-06-studentloan.xlsx,studentloanT3_6-24,true,51310,Total Direct Student Loan Program Volume / Average Loan Amount (Dollars) / Unsubsidized Undergraduate,fiscal_year,2028,2028,2028,27,8
Student Loans,Unsubsidized Undergraduate,2029,3951.0,Dollars,51310-2024-06-studentloan.xlsx,studentloanT3_6-24,true,51310,Total Direct Student Loan Program Volume / Average Loan Amount (Dollars) / Unsubsidized Undergraduate,fiscal_year,2029,2029,2029,27,9
Student Loans,Unsubsidized Undergraduate,2030,3981.0,Dollars,51310-2024-06-studentloan.xlsx,studentloanT3_6-24,true,51310,Total Direct Student Loan Program Volume / Average Loan Amount (Dollars) / Unsubsidized Undergraduate,fiscal_year,2030,2030,2030,27,10
Student Loans,Unsubsidized Undergraduate,2031,4010.0,Dollars,51310-2024-06-studentloan.xlsx,studentloanT3_6-24,true,51310,Total Direct Student Loan Program Volume / Average Loan Amount (Dollars) / Unsubsidized Undergraduate,fiscal_year,2031,2031,2031,27,11
Student Loans,Unsubsidized Undergraduate,2032,4040.0,Dollars,51310-2024-06-studentloan.xlsx,studentloanT3_6-24,true,51310,Total Direct Student Loan Program Volume / Average Loan Amount (Dollars) / Unsubsidized Undergraduate,fiscal_year,2032,2032,2032,27,12
Student Loans,Unsubsidized Undergraduate,2033,4071.0,Dollars,51310-2024-06-studentloan.xlsx,studentloanT3_6-24,true,51310,Total Direct Student Loan Program Volume / Average Loan Amount (Dollars) / Unsubsidized Undergraduate,fiscal_year,2033,2033,2033,27,13
Student Loans,Unsubsidized Undergraduate,2034,4101.0,Dollars,51310-2024-06-studentloan.xlsx,studentloanT3_6-24,true,51310,Total Direct Student Loan Program Volume / Average Loan Amount (Dollars) / Unsubsidized Undergraduate,fiscal_year,2034,2034,2034,27,14
Student Loans,Unsubsidized Graduate,2024,15269.0,Dollars,51310-2024-06-studentloan.xlsx,studentloanT3_6-24,true,51310,Total Direct Student Loan Program Volume / Average Loan Amount (Dollars) / Unsubsidized Graduate,fiscal_year,2024,2024,2024,28,4
Student Loans,Unsubsidized Graduate,2025,15766.0,Dollars,51310-2024-06-studentloan.xlsx,studentloanT3_6-24,true,51310,Total Direct Student Loan Program Volume / Average Loan Amount (Dollars) / Unsubsidized Graduate,fiscal_year,2025,2025,2025,28,5
Student Loans,Unsubsidized Graduate,2026,16191.0,Dollars,51310-2024-06-studentloan.xlsx,studentloanT3_6-24,true,51310,Total Direct Student Loan Program Volume / Average Loan Amount (Dollars) / Unsubsidized Graduate,fiscal_year,2026,2026,2026,28,6
Student Loans,Unsubsidized Graduate,2027,16515.0,Dollars,51310-2024-06-studentloan.xlsx,studentloanT3_6-24,true,51310,Total Direct Student Loan Program Volume / Average Loan Amount (Dollars) / Unsubsidized Graduate,fiscal_year,2027,2027,2027,28,7
Student Loans,Unsubsidized Graduate,2028,16763.0,Dollars,51310-2024-06-studentloan.xlsx,studentloanT3_6-24,true,51310,Total Direct Student Loan Program Volume / Average Loan Amount (Dollars) / Unsubsidized Graduate,fiscal_year,2028,2028,2028,28,8
Student Loans,Unsubsidized Graduate,2029,16964.0,Dollars,51310-2024-06-studentloan.xlsx,studentloanT3_6-24,true,51310,Total Direct Student Loan Program Volume / Average Loan Amount (Dollars) / Unsubsidized Graduate,fiscal_year,2029,2029,2029,28,9
Student Loans,Unsubsidized Graduate,2030,17134.0,Dollars,51310-2024-06-studentloan.xlsx,studentloanT3_6-24,true,51310,Total Direct Student Loan Program Volume / Average Loan Amount (Dollars) / Unsubsidized Graduate,fiscal_year,2030,2030,2030,28,10
Student Loans,Unsubsidized Graduate,2031,17305.0,Dollars,51310-2024-06-studentloan.xlsx,studentloanT3_6-24,true,51310,Total Direct Student Loan Program Volume / Average Loan Amount (Dollars) / Unsubsidized Graduate,fiscal_year,2031,2031,2031,28,11
Student Loans,Unsubsidized Graduate,2032,17478.0,Dollars,51310-2024-06-studentloan.xlsx,studentloanT3_6-24,true,51310,Total Direct Student Loan Program Volume / Average Loan Amount (Dollars) / Unsubsidized Graduate,fiscal_year,2032,2032,2032,28,12
Student Loans,Unsubsidized Graduate,2033,17653.0,Dollars,51310-2024-06-studentloan.xlsx,studentloanT3_6-24,true,51310,Total Direct Student Loan Program Volume / Average Loan Amount (Dollars) / Unsubsidized Graduate,fiscal_year,2033,2033,2033,28,13
Student Loans,Unsubsidized Graduate,2034,17829.0,Dollars,51310-2024-06-studentloan.xlsx,studentloanT3_6-24,true,51310,Total Direct Student Loan Program Volume / Average Loan Amount (Dollars) / Unsubsidized Graduate,fiscal_year,2034,2034,2034,28,14
Student Loans,GradPLUS,2024,22151.0,Dollars,51310-2024-06-studentloan.xlsx,studentloanT3_6-24,true,51310,Total Direct Student Loan Program Volume / Average Loan Amount (Dollars) / GradPLUS,fiscal_year,2024,2024,2024,29,4
Student Loans,GradPLUS,2025,23037.0,Dollars,51310-2024-06-studentloan.xlsx,studentloanT3_6-24,true,51310,Total Direct Student Loan Program Volume / Average Loan Amount (Dollars) / GradPLUS,fiscal_year,2025,2025,2025,29,5
Student Loans,GradPLUS,2026,23901.0,Dollars,51310-2024-06-studentloan.xlsx,studentloanT3_6-24,true,51310,Total Direct Student Loan Program Volume / Average Loan Amount (Dollars) / GradPLUS,fiscal_year,2026,2026,2026,29,6
Student Loans,GradPLUS,2027,24678.0,Dollars,51310-2024-06-studentloan.xlsx,studentloanT3_6-24,true,51310,Total Direct Student Loan Program Volume / Average Loan Amount (Dollars) / GradPLUS,fiscal_year,2027,2027,2027,29,7
Student Loans,GradPLUS,2028,25418.0,Dollars,51310-2024-06-studentloan.xlsx,studentloanT3_6-24,true,51310,Total Direct Student Loan Program Volume / Average Loan Amount (Dollars) / GradPLUS,fiscal_year,2028,2028,2028,29,8
Student Loans,GradPLUS,2029,26180.0,Dollars,51310-2024-06-studentloan.xlsx,studentloanT3_6-24,true,51310,Total Direct Student Loan Program Volume / Average Loan Amount (Dollars) / GradPLUS,fiscal_year,2029,2029,2029,29,9
Student Loans,GradPLUS,2030,26966.0,Dollars,51310-2024-06-studentloan.xlsx,studentloanT3_6-24,true,51310,Total Direct Student Loan Program Volume / Average Loan Amount (Dollars) / GradPLUS,fiscal_year,2030,2030,2030,29,10
Student Loans,GradPLUS,2031,27775.0,Dollars,51310-2024-06-studentloan.xlsx,studentloanT3_6-24,true,51310,Total Direct Student Loan Program Volume / Average Loan Amount (Dollars) / GradPLUS,fiscal_year,2031,2031,2031,29,11
Student Loans,GradPLUS,2032,28608.0,Dollars,51310-2024-06-studentloan.xlsx,studentloanT3_6-24,true,51310,Total Direct Student Loan Program Volume / Average Loan Amount (Dollars) / GradPLUS,fiscal_year,2032,2032,2032,29,12
Student Loans,GradPLUS,2033,29466.0,Dollars,51310-2024-06-studentloan.xlsx,studentloanT3_6-24,true,51310,Total Direct Student Loan Program Volume / Average Loan Amount (Dollars) / GradPLUS,fiscal_year,2033,2033,2033,29,13
Student Loans,GradPLUS,2034,30350.0,Dollars,51310-2024-06-studentloan.xlsx,studentloanT3_6-24,true,51310,Total Direct Student Loan Program Volume / Average Loan Amount (Dollars) / GradPLUS,fiscal_year,2034,2034,2034,29,14
Student Loans,Parent PLUS,2024,16194.0,Dollars,51310-2024-06-studentloan.xlsx,studentloanT3_6-24,true,51310,Total Direct Student Loan Program Volume / Average Loan Amount (Dollars) / Parent PLUS,fiscal_year,2024,2024,2024,30,4
Student Loans,Parent PLUS,2025,16518.0,Dollars,51310-2024-06-studentloan.xlsx,studentloanT3_6-24,true,51310,Total Direct Student Loan Program Volume / Average Loan Amount (Dollars) / Parent PLUS,fiscal_year,2025,2025,2025,30,5
Student Loans,Parent PLUS,2026,16849.0,Dollars,51310-2024-06-studentloan.xlsx,studentloanT3_6-24,true,51310,Total Direct Student Loan Program Volume / Average Loan Amount (Dollars) / Parent PLUS,fiscal_year,2026,2026,2026,30,6
Student Loans,Parent PLUS,2027,17186.0,Dollars,51310-2024-06-studentloan.xlsx,studentloanT3_6-24,true,51310,Total Direct Student Loan Program Volume / Average Loan Amount (Dollars) / Parent PLUS,fiscal_year,2027,2027,2027,30,7
Student Loans,Parent PLUS,2028,17529.0,Dollars,51310-2024-06-studentloan.xlsx,studentloanT3_6-24,true,51310,Total Direct Student Loan Program Volume / Average Loan Amount (Dollars) / Parent PLUS,fiscal_year,2028,2028,2028,30,8
Student Loans,Parent PLUS,2029,17880.0,Dollars,51310-2024-06-studentloan.xlsx,studentloanT3_6-24,true,51310,Total Direct Student Loan Program Volume / Average Loan Amount (Dollars) / Parent PLUS,fiscal_year,2029,2029,2029,30,9
Student Loans,Parent PLUS,2030,18238.0,Dollars,51310-2024-06-studentloan.xlsx,studentloanT3_6-24,true,51310,Total Direct Student Loan Program Volume / Average Loan Amount (Dollars) / Parent PLUS,fiscal_year,2030,2030,2030,30,10
Student Loans,Parent PLUS,2031,18602.0,Dollars,51310-2024-06-studentloan.xlsx,studentloanT3_6-24,true,51310,Total Direct Student Loan Program Volume / Average Loan Amount (Dollars) / Parent PLUS,fiscal_year,2031,2031,2031,30,11
Student Loans,Parent PLUS,2032,18974.0,Dollars,51310-2024-06-studentloan.xlsx,studentloanT3_6-24,true,51310,Total Direct Student Loan Program Volume / Average Loan Amount (Dollars) / Parent PLUS,fiscal_year,2032,2032,2032,30,12
Student Loans,Parent PLUS,2033,19354.0,Dollars,51310-2024-06-studentloan.xlsx,studentloanT3_6-24,true,51310,Total Direct Student Loan Program Volume / Average Loan Amount (Dollars) / Parent PLUS,fiscal_year,2033,2033,2033,30,13
Student Loans,Parent PLUS,2034,19741.0,Dollars,51310-2024-06-studentloan.xlsx,studentloanT3_6-24,true,51310,Total Direct Student Loan Program Volume / Average Loan Amount (Dollars) / Parent PLUS,fiscal_year,2034,2034,2034,30,14
Student Loans,All Loans,2024,20.2,Percent,51310-2024-06-studentloan.xlsx,studentloanT4_6-24,false,51310,"Federal Subsidy Rates for Student Loans, Federal Credit Reform Act Estimates / Percent, by fiscal year / All Loans",fiscal_year,2024,2024,2024,12,4
Student Loans,All Loans,2025,18.2,Percent,51310-2024-06-studentloan.xlsx,studentloanT4_6-24,false,51310,"Federal Subsidy Rates for Student Loans, Federal Credit Reform Act Estimates / Percent, by fiscal year / All Loans",fiscal_year,2025,2025,2025,12,5
Student Loans,All Loans,2026,18.1,Percent,51310-2024-06-studentloan.xlsx,studentloanT4_6-24,false,51310,"Federal Subsidy Rates for Student Loans, Federal Credit Reform Act Estimates / Percent, by fiscal year / All Loans",fiscal_year,2026,2026,2026,12,6
Student Loans,All Loans,2027,18.6,Percent,51310-2024-06-studentloan.xlsx,studentloanT4_6-24,false,51310,"Federal Subsidy Rates for Student Loans, Federal Credit Reform Act Estimates / Percent, by fiscal year / All Loans",fiscal_year,2027,2027,2027,12,7
Student Loans,All Loans,2028,18.9,Percent,51310-2024-06-studentloan.xlsx,studentloanT4_6-24,false,51310,"Federal Subsidy Rates for Student Loans, Federal Credit Reform Act Estimates / Percent, by fiscal year / All Loans",fiscal_year,2028,2028,2028,12,8
Student Loans,All Loans,2029,19.0,Percent,51310-2024-06-studentloan.xlsx,studentloanT4_6-24,false,51310,"Federal Subsidy Rates for Student Loans, Federal Credit Reform Act Estimates / Percent, by fiscal year / All Loans",fiscal_year,2029,2029,2029,12,9
Student Loans,All Loans,2030,19.4,Percent,51310-2024-06-studentloan.xlsx,studentloanT4_6-24,false,51310,"Federal Subsidy Rates for Student Loans, Federal Credit Reform Act Estimates / Percent, by fiscal year / All Loans",fiscal_year,2030,2030,2030,12,10
Student Loans,All Loans,2031,19.7,Percent,51310-2024-06-studentloan.xlsx,studentloanT4_6-24,false,51310,"Federal Subsidy Rates for Student Loans, Federal Credit Reform Act Estimates / Percent, by fiscal year / All Loans",fiscal_year,2031,2031,2031,12,11
Student Loans,All Loans,2032,19.8,Percent,51310-2024-06-studentloan.xlsx,studentloanT4_6-24,false,51310,"Federal Subsidy Rates for Student Loans, Federal Credit Reform Act Estimates / Percent, by fiscal year / All Loans",fiscal_year,2032,2032,2032,12,12
Student Loans,All Loans,2033,19.8,Percent,51310-2024-06-studentloan.xlsx,studentloanT4_6-24,false,51310,"Federal Subsidy Rates for Student Loans, Federal Credit Reform Act Estimates / Percent, by fiscal year / All Loans",fiscal_year,2033,2033,2033,12,13
Student Loans,All Loans,2034,19.5,Percent,51310-2024-06-studentloan.xlsx,studentloanT4_6-24,false,51310,"Federal Subsidy Rates for Student Loans, Federal Credit Reform Act Estimates / Percent, by fiscal year / All Loans",fiscal_year,2034,2034,2034,12,14
Student Loans,Subsidized,2024,34.8,Percent,51310-2024-06-studentloan.xlsx,studentloanT4_6-24,false,51310,"Federal Subsidy Rates for Student Loans, Federal Credit Reform Act Estimates / Student Loans / Subsidized",fiscal_year,2024,2024,2024,15,4
Student Loans,Subsidized,2025,33.5,Percent,51310-2024-06-studentloan.xlsx,studentloanT4_6-24,false,51310,"Federal Subsidy Rates for Student Loans, Federal Credit Reform Act Estimates / Student Loans / Subsidized",fiscal_year,2025,2025,2025,15,5
Student Loans,Subsidized,2026,32.7,Percent,51310-2024-06-studentloan.xlsx,studentloanT4_6-24,false,51310,"Federal Subsidy Rates for Student Loans, Federal Credit Reform Act Estimates / Student Loans / Subsidized",fiscal_year,2026,2026,2026,15,6
Student Loans,Subsidized,2027,32.6,Percent,51310-2024-06-studentloan.xlsx,studentloanT4_6-24,false,51310,"Federal Subsidy Rates for Student Loans, Federal Credit Reform Act Estimates / Student Loans / Subsidized",fiscal_year,2027,2027,2027,15,7
Student Loans,Subsidized,2028,32.9,Percent,51310-2024-06-studentloan.xlsx,studentloanT4_6-24,false,51310,"Federal Subsidy Rates for Student Loans, Federal Credit Reform Act Estimates / Student Loans / Subsidized",fiscal_year,2028,2028,2028,15,8
Student Loans,Subsidized,2029,32.9,Percent,51310-2024-06-studentloan.xlsx,studentloanT4_6-24,false,51310,"Federal Subsidy Rates for Student Loans, Federal Credit Reform Act Estimates / Student Loans / Subsidized",fiscal_year,2029,2029,2029,15,9
Student Loans,Subsidized,2030,33.2,Percent,51310-2024-06-studentloan.xlsx,studentloanT4_6-24,false,51310,"Federal Subsidy Rates for Student Loans, Federal Credit Reform Act Estimates / Student Loans / Subsidized",fiscal_year,2030,2030,2030,15,10
Student Loans,Subsidized,2031,33.5,Percent,51310-2024-06-studentloan.xlsx,studentloanT4_6-24,false,51310,"Federal Subsidy Rates for Student Loans, Federal Credit Reform Act Estimates / Student Loans / Subsidized",fiscal_year,2031,2031,2031,15,11
Student Loans,Subsidized,2032,33.5,Percent,51310-2024-06-studentloan.xlsx,studentloanT4_6-24,false,51310,"Federal Subsidy Rates for Student Loans, Federal Credit Reform Act Estimates / Student Loans / Subsidized",fiscal_year,2032,2032,2032,15,12
Student Loans,Subsidized,2033,33.5,Percent,51310-2024-06-studentloan.xlsx,studentloanT4_6-24,false,51310,"Federal Subsidy Rates for Student Loans, Federal Credit Reform Act Estimates / Student Loans / Subsidized",fiscal_year,2033,2033,2033,15,13
Student Loans,Subsidized,2034,33.2,Percent,51310-2024-06-studentloan.xlsx,studentloanT4_6-24,false,51310,"Federal Subsidy Rates for Student Loans, Federal Credit Reform Act Estimates / Student Loans / Subsidized",fiscal_year,2034,2034,2034,15,14
Student Loans,Unsubsidized Undergraduate,2024,27.2,Percent,51310-2024-06-studentloan.xlsx,studentloanT4_6-24,false,51310,"Federal Subsidy Rates for Student Loans, Federal Credit Reform Act Estimates / Student Loans / Unsubsidized Undergraduate",fiscal_year,2024,2024,2024,16,4
Student Loans,Unsubsidized Undergraduate,2025,25.3,Percent,51310-2024-06-studentloan.xlsx,studentloanT4_6-24,false,51310,"Federal Subsidy Rates for Student Loans, Federal Credit Reform Act Estimates / Student Loans / Unsubsidized Undergraduate",fiscal_year,2025,2025,2025,16,5
Student Loans,Unsubsidized Undergraduate,2026,25.3,Percent,51310-2024-06-studentloan.xlsx,studentloanT4_6-24,false,51310,"Federal Subsidy Rates for Student Loans, Federal Credit Reform Act Estimates / Student Loans / Unsubsidized Undergraduate",fiscal_year,2026,2026,2026,16,6
Student Loans,Unsubsidized Undergraduate,2027,25.7,Percent,51310-2024-06-studentloan.xlsx,studentloanT4_6-24,false,51310,"Federal Subsidy Rates for Student Loans, Federal Credit Reform Act Estimates / Student Loans / Unsubsidized Undergraduate",fiscal_year,2027,2027,2027,16,7
Student Loans,Unsubsidized Undergraduate,2028,26.2,Percent,51310-2024-06-studentloan.xlsx,studentloanT4_6-24,false,51310,"Federal Subsidy Rates for Student Loans, Federal Credit Reform Act Estimates / Student Loans / Unsubsidized Undergraduate",fiscal_year,2028,2028,2028,16,8
Student Loans,Unsubsidized Undergraduate,2029,26.0,Percent,51310-2024-06-studentloan.xlsx,studentloanT4_6-24,false,51310,"Federal Subsidy Rates for Student Loans, Federal Credit Reform Act Estimates / Student Loans / Unsubsidized Undergraduate",fiscal_year,2029,2029,2029,16,9
Student Loans,Unsubsidized Undergraduate,2030,26.1,Percent,51310-2024-06-studentloan.xlsx,studentloanT4_6-24,false,51310,"Federal Subsidy Rates for Student Loans, Federal Credit Reform Act Estimates / Student Loans / Unsubsidized Undergraduate",fiscal_year,2030,2030,2030,16,10
Student Loans,Unsubsidized Undergraduate,2031,26.5,Percent,51310-2024-06-studentloan.xlsx,studentloanT4_6-24,false,51310,"Federal Subsidy Rates for Student Loans, Federal Credit Reform Act Estimates / Student Loans / Unsubsidized Undergraduate",fiscal_year,2031,2031,2031,16,11
Student Loans,Unsubsidized Undergraduate,2032,26.4,Percent,51310-2024-06-studentloan.xlsx,studentloanT4_6-24,false,51310,"Federal Subsidy Rates for Student Loans, Federal Credit Reform Act Estimates / Student Loans / Unsubsidized Undergraduate",fiscal_year,2032,2032,2032,16,12
Student Loans,Unsubsidized Undergraduate,2033,26.5,Percent,51310-2024-06-studentloan.xlsx,studentloanT4_6-24,false,51310,"Federal Subsidy Rates for Student Loans, Federal Credit Reform Act Estimates / Student Loans / Unsubsidized Undergraduate",fiscal_year,2033,2033,2033,16,13
Student Loans,Unsubsidized Undergraduate,2034,26.5,Percent,51310-2024-06-studentloan.xlsx,studentloanT4_6-24,false,51310,"Federal Subsidy Rates for Student Loans, Federal Credit Reform Act Estimates / Student Loans / Unsubsidized Undergraduate",fiscal_year,2034,2034,2034,16,14
Student Loans,Unsubsidized Graduate,2024,18.9,Percent,51310-2024-06-studentloan.xlsx,studentloanT4_6-24,false,51310,"Federal Subsidy Rates for Student Loans, Federal Credit Reform Act Estimates / Student Loans / Unsubsidized Graduate",fiscal_year,2024,2024,2024,17,4
Student Loans,Unsubsidized Graduate,2025,16.3,Percent,51310-2024-06-studentloan.xlsx,studentloanT4_6-24,false,51310,"Federal Subsidy Rates for Student Loans, Federal Credit Reform Act Estimates / Student Loans / Unsubsidized Graduate",fiscal_year,2025,2025,2025,17,5
Student Loans,Unsubsidized Graduate,2026,16.2,Percent,51310-2024-06-studentloan.xlsx,studentloanT4_6-24,false,51310,"Federal Subsidy Rates for Student Loans, Federal Credit Reform Act Estimates / Student Loans / Unsubsidized Graduate",fiscal_year,2026,2026,2026,17,6
Student Loans,Unsubsidized Graduate,2027,17.0,Percent,51310-2024-06-studentloan.xlsx,studentloanT4_6-24,false,51310,"Federal Subsidy Rates for Student Loans, Federal Credit Reform Act Estimates / Student Loans / Unsubsidized Graduate",fiscal_year,2027,2027,2027,17,7
Student Loans,Unsubsidized Graduate,2028,17.4,Percent,51310-2024-06-studentloan.xlsx,studentloanT4_6-24,false,51310,"Federal Subsidy Rates for Student Loans, Federal Credit Reform Act Estimates / Student Loans / Unsubsidized Graduate",fiscal_year,2028,2028,2028,17,8
Student Loans,Unsubsidized Graduate,2029,17.7,Percent,51310-2024-06-studentloan.xlsx,studentloanT4_6-24,false,51310,"Federal Subsidy Rates for Student Loans, Federal Credit Reform Act Estimates / Student Loans / Unsubsidized Graduate",fiscal_year,2029,2029,2029,17,9
Student Loans,Unsubsidized Graduate,2030,18.1,Percent,51310-2024-06-studentloan.xlsx,studentloanT4_6-24,false,51310,"Federal Subsidy Rates for Student Loans, Federal Credit Reform Act Estimates / Student Loans / Unsubsidized Graduate",fiscal_year,2030,2030,2030,17,10
Student Loans,Unsubsidized Graduate,2031,18.2,Percent,51310-2024-06-studentloan.xlsx,studentloanT4_6-24,false,51310,"Federal Subsidy Rates for Student Loans, Federal Credit Reform Act Estimates / Student Loans / Unsubsidized Graduate",fiscal_year,2031,2031,2031,17,11
Student Loans,Unsubsidized Graduate,2032,18.4,Percent,51310-2024-06-studentloan.xlsx,studentloanT4_6-24,false,51310,"Federal Subsidy Rates for Student Loans, Federal Credit Reform Act Estimates / Student Loans / Unsubsidized Graduate",fiscal_year,2032,2032,2032,17,12
Student Loans,Unsubsidized Graduate,2033,18.2,Percent,51310-2024-06-studentloan.xlsx,studentloanT4_6-24,false,51310,"Federal Subsidy Rates for Student Loans, Federal Credit Reform Act Estimates / Student Loans / Unsubsidized Graduate",fiscal_year,2033,2033,2033,17,13
Student Loans,Unsubsidized Graduate,2034,18.0,Percent,51310-2024-06-studentloan.xlsx,studentloanT4_6-24,false,51310,"Federal Subsidy Rates for Student Loans, Federal Credit Reform Act Estimates / Student Loans / Unsubsidized Graduate",fiscal_year,2034,2034,2034,17,14
Student Loans,GradPLUS,2024,24.8,Percent,51310-2024-06-studentloan.xlsx,studentloanT4_6-24,false,51310,"Federal Subsidy Rates for Student Loans, Federal Credit Reform Act Estimates / Student Loans / GradPLUS",fiscal_year,2024,2024,2024,18,4
Student Loans,GradPLUS,2025,23.1,Percent,51310-2024-06-studentloan.xlsx,studentloanT4_6-24,false,51310,"Federal Subsidy Rates for Student Loans, Federal Credit Reform Act Estimates / Student Loans / GradPLUS",fiscal_year,2025,2025,2025,18,5
Student Loans,GradPLUS,2026,23.7,Percent,51310-2024-06-studentloan.xlsx,studentloanT4_6-24,false,51310,"Federal Subsidy Rates for Student Loans, Federal Credit Reform Act Estimates / Student Loans / GradPLUS",fiscal_year,2026,2026,2026,18,6
Student Loans,GradPLUS,2027,24.0,Percent,51310-2024-06-studentloan.xlsx,studentloanT4_6-24,false,51310,"Federal Subsidy Rates for Student Loans, Federal Credit Reform Act Estimates / Student Loans / GradPLUS",fiscal_year,2027,2027,2027,18,7
Student Loans,GradPLUS,2028,23.7,Percent,51310-2024-06-studentloan.xlsx,studentloanT4_6-24,false,51310,"Federal Subsidy Rates for Student Loans, Federal Credit Reform Act Estimates / Student Loans / GradPLUS",fiscal_year,2028,2028,2028,18,8
Student Loans,GradPLUS,2029,23.8,Percent,51310-2024-06-studentloan.xlsx,studentloanT4_6-24,false,51310,"Federal Subsidy Rates for Student Loans, Federal Credit Reform Act Estimates / Student Loans / GradPLUS",fiscal_year,2029,2029,2029,18,9
Student Loans,GradPLUS,2030,24.2,Percent,51310-2024-06-studentloan.xlsx,studentloanT4_6-24,false,51310,"Federal Subsidy Rates for Student Loans, Federal Credit Reform Act Estimates / Student Loans / GradPLUS",fiscal_year,2030,2030,2030,18,10
Student Loans,GradPLUS,2031,24.7,Percent,51310-2024-06-studentloan.xlsx,studentloanT4_6-24,false,51310,"Federal Subsidy Rates for Student Loans, Federal Credit Reform Act Estimates / Student Loans / GradPLUS",fiscal_year,2031,2031,2031,18,11
Student Loans,GradPLUS,2032,24.8,Percent,51310-2024-06-studentloan.xlsx,studentloanT4_6-24,false,51310,"Federal Subsidy Rates for Student Loans, Federal Credit Reform Act Estimates / Student Loans / GradPLUS",fiscal_year,2032,2032,2032,18,12
Student Loans,GradPLUS,2033,24.7,Percent,51310-2024-06-studentloan.xlsx,studentloanT4_6-24,false,51310,"Federal Subsidy Rates for Student Loans, Federal Credit Reform Act Estimates / Student Loans / GradPLUS",fiscal_year,2033,2033,2033,18,13
Student Loans,GradPLUS,2034,24.1,Percent,51310-2024-06-studentloan.xlsx,studentloanT4_6-24,false,51310,"Federal Subsidy Rates for Student Loans, Federal Credit Reform Act Estimates / Student Loans / GradPLUS",fiscal_year,2034,2034,2034,18,14
Student Loans,Parent PLUS,2024,-16.5,Percent,51310-2024-06-studentloan.xlsx,studentloanT4_6-24,false,51310,"Federal Subsidy Rates for Student Loans, Federal Credit Reform Act Estimates / Student Loans / Parent PLUS",fiscal_year,2024,2024,2024,19,4
Student Loans,Parent PLUS,2025,-17.7,Percent,51310-2024-06-studentloan.xlsx,studentloanT4_6-24,false,51310,"Federal Subsidy Rates for Student Loans, Federal Credit Reform Act Estimates / Student Loans / Parent PLUS",fiscal_year,2025,2025,2025,19,5
Student Loans,Parent PLUS,2026,-18.1,Percent,51310-2024-06-studentloan.xlsx,studentloanT4_6-24,false,51310,"Federal Subsidy Rates for Student Loans, Federal Credit Reform Act Estimates / Student Loans / Parent PLUS",fiscal_year,2026,2026,2026,19,6
Student Loans,Parent PLUS,2027,-17.6,Percent,51310-2024-06-studentloan.xlsx,studentloanT4_6-24,false,51310,"Federal Subsidy Rates for Student Loans, Federal Credit Reform Act Estimates / Student Loans / Parent PLUS",fiscal_year,2027,2027,2027,19,7
Student Loans,Parent PLUS,2028,-17.0,Percent,51310-2024-06-studentloan.xlsx,studentloanT4_6-24,false,51310,"Federal Subsidy Rates for Student Loans, Federal Credit Reform Act Estimates / Student Loans / Parent PLUS",fiscal_year,2028,2028,2028,19,8
Student Loans,Parent PLUS,2029,-16.4,Percent,51310-2024-06-studentloan.xlsx,studentloanT4_6-24,false,51310,"Federal Subsidy Rates for Student Loans, Federal Credit Reform Act Estimates / Student Loans / Parent PLUS",fiscal_year,2029,2029,2029,19,9
Student Loans,Parent PLUS,2030,-15.9,Percent,51310-2024-06-studentloan.xlsx,studentloanT4_6-24,false,51310,"Federal Subsidy Rates for Student Loans, Federal Credit Reform Act Estimates / Student Loans / Parent PLUS",fiscal_year,2030,2030,2030,19,10
Student Loans,Parent PLUS,2031,-15.4,Percent,51310-2024-06-studentloan.xlsx,studentloanT4_6-24,false,51310,"Federal Subsidy Rates for Student Loans, Federal Credit Reform Act Estimates / Student Loans / Parent PLUS",fiscal_year,2031,2031,2031,19,11
Student Loans,Parent PLUS,2032,-14.9,Percent,51310-2024-06-studentloan.xlsx,studentloanT4_6-24,false,51310,"Federal Subsidy Rates for Student Loans, Federal Credit Reform Act Estimates / Student Loans / Parent PLUS",fiscal_year,2032,2032,2032,19,12
Student Loans,Parent PLUS,2033,-14.7,Percent,51310-2024-06-studentloan.xlsx,studentloanT4_6-24,false,51310,"Federal Subsidy Rates for Student Loans, Federal Credit Reform Act Estimates / Student Loans / Parent PLUS",fiscal_year,2033,2033,2033,19,13
Student Loans,Parent PLUS,2034,-14.6,Percent,51310-2024-06-studentloan.xlsx,studentloanT4_6-24,false,51310,"Federal Subsidy Rates for Student Loans, Federal Credit Reform Act Estimates / Student Loans / Parent PLUS",fiscal_year,2034,2034,2034,19,14
Student Loans,Subsidized,2024,7.5,Percent,51310-2024-06-studentloan.xlsx,studentloanT4_6-24,false,51310,"Federal Subsidy Rates for Student Loans, Federal Credit Reform Act Estimates / Repayment Plansa / Fixed Term / Subsidized",fiscal_year,2024,2024,2024,24,4
Student Loans,Subsidized,2025,5.8,Percent,51310-2024-06-studentloan.xlsx,studentloanT4_6-24,false,51310,"Federal Subsidy Rates for Student Loans, Federal Credit Reform Act Estimates / Repayment Plansa / Fixed Term / Subsidized",fiscal_year,2025,2025,2025,24,5
Student Loans,Subsidized,2026,5.1,Percent,51310-2024-06-studentloan.xlsx,studentloanT4_6-24,false,51310,"Federal Subsidy Rates for Student Loans, Federal Credit Reform Act Estimates / Repayment Plansa / Fixed Term / Subsidized",fiscal_year,2026,2026,2026,24,6
Student Loans,Subsidized,2027,5.5,Percent,51310-2024-06-studentloan.xlsx,studentloanT4_6-24,false,51310,"Federal Subsidy Rates for Student Loans, Federal Credit Reform Act Estimates / Repayment Plansa / Fixed Term / Subsidized",fiscal_year,2027,2027,2027,24,7
Student Loans,Subsidized,2028,6.2,Percent,51310-2024-06-studentloan.xlsx,studentloanT4_6-24,false,51310,"Federal Subsidy Rates for Student Loans, Federal Credit Reform Act Estimates / Repayment Plansa / Fixed Term / Subsidized",fiscal_year,2028,2028,2028,24,8
Student Loans,Subsidized,2029,6.7,Percent,51310-2024-06-studentloan.xlsx,studentloanT4_6-24,false,51310,"Federal Subsidy Rates for Student Loans, Federal Credit Reform Act Estimates / Repayment Plansa / Fixed Term / Subsidized",fiscal_year,2029,2029,2029,24,9
Student Loans,Subsidized,2030,7.2,Percent,51310-2024-06-studentloan.xlsx,studentloanT4_6-24,false,51310,"Federal Subsidy Rates for Student Loans, Federal Credit Reform Act Estimates / Repayment Plansa / Fixed Term / Subsidized",fiscal_year,2030,2030,2030,24,10
Student Loans,Subsidized,2031,7.7,Percent,51310-2024-06-studentloan.xlsx,studentloanT4_6-24,false,51310,"Federal Subsidy Rates for Student Loans, Federal Credit Reform Act Estimates / Repayment Plansa / Fixed Term / Subsidized",fiscal_year,2031,2031,2031,24,11
Student Loans,Subsidized,2032,8.1,Percent,51310-2024-06-studentloan.xlsx,studentloanT4_6-24,false,51310,"Federal Subsidy Rates for Student Loans, Federal Credit Reform Act Estimates / Repayment Plansa / Fixed Term / Subsidized",fiscal_year,2032,2032,2032,24,12
Student Loans,Subsidized,2033,8.2,Percent,51310-2024-06-studentloan.xlsx,studentloanT4_6-24,false,51310,"Federal Subsidy Rates for Student Loans, Federal Credit Reform Act Estimates / Repayment Plansa / Fixed Term / Subsidized",fiscal_year,2033,2033,2033,24,13
Student Loans,Subsidized,2034,8.2,Percent,51310-2024-06-studentloan.xlsx,studentloanT4_6-24,false,51310,"Federal Subsidy Rates for Student Loans, Federal Credit Reform Act Estimates / Repayment Plansa / Fixed Term / Subsidized",fiscal_year,2034,2034,2034,24,14
Student Loans,Unsubsidized Undergraduate,2024,-4.0,Percent,51310-2024-06-studentloan.xlsx,studentloanT4_6-24,false,51310,"Federal Subsidy Rates for Student Loans, Federal Credit Reform Act Estimates / Repayment Plansa / Fixed Term / Unsubsidized Undergraduate",fiscal_year,2024,2024,2024,25,4
Student Loans,Unsubsidized Undergraduate,2025,-6.5,Percent,51310-2024-06-studentloan.xlsx,studentloanT4_6-24,false,51310,"Federal Subsidy Rates for Student Loans, Federal Credit Reform Act Estimates / Repayment Plansa / Fixed Term / Unsubsidized Undergraduate",fiscal_year,2025,2025,2025,25,5
Student Loans,Unsubsidized Undergraduate,2026,-6.5,Percent,51310-2024-06-studentloan.xlsx,studentloanT4_6-24,false,51310,"Federal Subsidy Rates for Student Loans, Federal Credit Reform Act Estimates / Repayment Plansa / Fixed Term / Unsubsidized Undergraduate",fiscal_year,2026,2026,2026,25,6
Student Loans,Unsubsidized Undergraduate,2027,-5.6,Percent,51310-2024-06-studentloan.xlsx,studentloanT4_6-24,false,51310,"Federal Subsidy Rates for Student Loans, Federal Credit Reform Act Estimates / Repayment Plansa / Fixed Term / Unsubsidized Undergraduate",fiscal_year,2027,2027,2027,25,7
Student Loans,Unsubsidized Undergraduate,2028,-4.7,Percent,51310-2024-06-studentloan.xlsx,studentloanT4_6-24,false,51310,"Federal Subsidy Rates for Student Loans, Federal Credit Reform Act Estimates / Repayment Plansa / Fixed Term / Unsubsidized Undergraduate",fiscal_year,2028,2028,2028,25,8
Student Loans,Unsubsidized Undergraduate,2029,-4.4,Percent,51310-2024-06-studentloan.xlsx,studentloanT4_6-24,false,51310,"Federal Subsidy Rates for Student Loans, Federal Credit Reform Act Estimates / Repayment Plansa / Fixed Term / Unsubsidized Undergraduate",fiscal_year,2029,2029,2029,25,9
Student Loans,Unsubsidized Undergraduate,2030,-3.9,Percent,51310-2024-06-studentloan.xlsx,studentloanT4_6-24,false,51310,"Federal Subsidy Rates for Student Loans, Federal Credit Reform Act Estimates / Repayment Plansa / Fixed Term / Unsubsidized Undergraduate",fiscal_year,2030,2030,2030,25,10
Student Loans,Unsubsidized Undergraduate,2031,-3.5,Percent,51310-2024-06-studentloan.xlsx,studentloanT4_6-24,false,51310,"Federal Subsidy Rates for Student Loans, Federal Credit Reform Act Estimates / Repayment Plansa / Fixed Term / Unsubsidized Undergraduate",fiscal_year,2031,2031,2031,25,11
Student Loans,Unsubsidized Undergraduate,2032,-3.2,Percent,51310-2024-06-studentloan.xlsx,studentloanT4_6-24,false,51310,"Federal Subsidy Rates for Student Loans, Federal Credit Reform Act Estimates / Repayment Plansa / Fixed Term / Unsubsidized Undergraduate",fiscal_year,2032,2032,2032,25,12
Student Loans,Unsubsidized Undergraduate,2033,-3.1,Percent,51310-2024-06-studentloan.xlsx,studentloanT4_6-24,false,51310,"Federal Subsidy Rates for Student Loans, Federal Credit Reform Act Estimates / Repayment Plansa / Fixed Term / Unsubsidized Undergraduate",fiscal_year,2033,2033,2033,25,13
Student Loans,Unsubsidized Undergraduate,2034,-3.0,Percent,51310-2024-06-studentloan.xlsx,studentloanT4_6-24,false,51310,"Federal Subsidy Rates for Student Loans, Federal Credit Reform Act Estimates / Repayment Plansa / Fixed Term / Unsubsidized Undergraduate",fiscal_year,2034,2034,2034,25,14
Student Loans,Unsubsidized Graduate,2024,-15.7,Percent,51310-2024-06-studentloan.xlsx,studentloanT4_6-24,false,51310,"Federal Subsidy Rates for Student Loans, Federal Credit Reform Act Estimates / Repayment Plansa / Fixed Term / Unsubsidized Graduate",fiscal_year,2024,2024,2024,26,4
Student Loans,Unsubsidized Graduate,2025,-18.6,Percent,51310-2024-06-studentloan.xlsx,studentloanT4_6-24,false,51310,"Federal Subsidy Rates for Student Loans, Federal Credit Reform Act Estimates / Repayment Plansa / Fixed Term / Unsubsidized Graduate",fiscal_year,2025,2025,2025,26,5
Student Loans,Unsubsidized Graduate,2026,-18.9,Percent,51310-2024-06-studentloan.xlsx,studentloanT4_6-24,false,51310,"Federal Subsidy Rates for Student Loans, Federal Credit Reform Act Estimates / Repayment Plansa / Fixed Term / Unsubsidized Graduate",fiscal_year,2026,2026,2026,26,6
Student Loans,Unsubsidized Graduate,2027,-18.2,Percent,51310-2024-06-studentloan.xlsx,studentloanT4_6-24,false,51310,"Federal Subsidy Rates for Student Loans, Federal Credit Reform Act Estimates / Repayment Plansa / Fixed Term / Unsubsidized Graduate",fiscal_year,2027,2027,2027,26,7
Student Loans,Unsubsidized Graduate,2028,-17.2,Percent,51310-2024-06-studentloan.xlsx,studentloanT4_6-24,false,51310,"Federal Subsidy Rates for Student Loans, Federal Credit Reform Act Estimates / Repayment Plansa / Fixed Term / Unsubsidized Graduate",fiscal_year,2028,2028,2028,26,8
Student Loans,Unsubsidized Graduate,2029,-16.5,Percent,51310-2024-06-studentloan.xlsx,studentloanT4_6-24,false,51310,"Federal Subsidy Rates for Student Loans, Federal Credit Reform Act Estimates / Repayment Plansa / Fixed Term / Unsubsidized Graduate",fiscal_year,2029,2029,2029,26,9
Student Loans,Unsubsidized Graduate,2030,-15.9,Percent,51310-2024-06-studentloan.xlsx,studentloanT4_6-24,false,51310,"Federal Subsidy Rates for Student Loans, Federal Credit Reform Act Estimates / Repayment Plansa / Fixed Term / Unsubsidized Graduate",fiscal_year,2030,2030,2030,26,10
Student Loans,Unsubsidized Graduate,2031,-15.3,Percent,51310-2024-06-studentloan.xlsx,studentloanT4_6-24,false,51310,"Federal Subsidy Rates for Student Loans, Federal Credit Reform Act Estimates / Repayment Plansa / Fixed Term / Unsubsidized Graduate",fiscal_year,2031,2031,2031,26,11
Student Loans,Unsubsidized Graduate,2032,-14.8,Percent,51310-2024-06-studentloan.xlsx,studentloanT4_6-24,false,51310,"Federal Subsidy Rates for Student Loans, Federal Credit Reform Act Estimates / Repayment Plansa / Fixed Term / Unsubsidized Graduate",fiscal_year,2032,2032,2032,26,12
Student Loans,Unsubsidized Graduate,2033,-14.7,Percent,51310-2024-06-studentloan.xlsx,studentloanT4_6-24,false,51310,"Federal Subsidy Rates for Student Loans, Federal Credit Reform Act Estimates / Repayment Plansa / Fixed Term / Unsubsidized Graduate",fiscal_year,2033,2033,2033,26,13
Student Loans,Unsubsidized Graduate,2034,-14.6,Percent,51310-2024-06-studentloan.xlsx,studentloanT4_6-24,false,51310,"Federal Subsidy Rates for Student Loans, Federal Credit Reform Act Estimates / Repayment Plansa / Fixed Term / Unsubsidized Graduate",fiscal_year,2034,2034,2034,26,14
Student Loans,GradPLUS,2024,-26.3,Percent,51310-2024-06-studentloan.xlsx,studentloanT4_6-24,false,51310,"Federal Subsidy Rates for Student Loans, Federal Credit Reform Act Estimates / Repayment Plansa / Fixed Term / GradPLUS",fiscal_year,2024,2024,2024,27,4
Student Loans,GradPLUS,2025,-29.0,Percent,51310-2024-06-studentloan.xlsx,studentloanT4_6-24,false,51310,"Federal Subsidy Rates for Student Loans, Federal Credit Reform Act Estimates / Repayment Plansa / Fixed Term / GradPLUS",fiscal_year,2025,2025,2025,27,5
Student Loans,GradPLUS,2026,-29.5,Percent,51310-2024-06-studentloan.xlsx,studentloanT4_6-24,false,51310,"Federal Subsidy Rates for Student Loans, Federal Credit Reform Act Estimates / Repayment Plansa / Fixed Term / GradPLUS",fiscal_year,2026,2026,2026,27,6
Student Loans,GradPLUS,2027,-28.8,Percent,51310-2024-06-studentloan.xlsx,studentloanT4_6-24,false,51310,"Federal Subsidy Rates for Student Loans, Federal Credit Reform Act Estimates / Repayment Plansa / Fixed Term / GradPLUS",fiscal_year,2027,2027,2027,27,7
Student Loans,GradPLUS,2028,-27.8,Percent,51310-2024-06-studentloan.xlsx,studentloanT4_6-24,false,51310,"Federal Subsidy Rates for Student Loans, Federal Credit Reform Act Estimates / Repayment Plansa / Fixed Term / GradPLUS",fiscal_year,2028,2028,2028,27,8
Student Loans,GradPLUS,2029,-27.1,Percent,51310-2024-06-studentloan.xlsx,studentloanT4_6-24,false,51310,"Federal Subsidy Rates for Student Loans, Federal Credit Reform Act Estimates / Repayment Plansa / Fixed Term / GradPLUS",fiscal_year,2029,2029,2029,27,9
Student Loans,GradPLUS,2030,-26.4,Percent,51310-2024-06-studentloan.xlsx,studentloanT4_6-24,false,51310,"Federal Subsidy Rates for Student Loans, Federal Credit Reform Act Estimates / Repayment Plansa / Fixed Term / GradPLUS",fiscal_year,2030,2030,2030,27,10
Student Loans,GradPLUS,2031,-25.7,Percent,51310-2024-06-studentloan.xlsx,studentloanT4_6-24,false,51310,"Federal Subsidy Rates for Student Loans, Federal Credit Reform Act Estimates / Repayment Plansa / Fixed Term / GradPLUS",fiscal_year,2031,2031,2031,27,11
Student Loans,GradPLUS,2032,-25.1,Percent,51310-2024-06-studentloan.xlsx,studentloanT4_6-24,false,51310,"Federal Subsidy Rates for Student Loans, Federal Credit Reform Act Estimates / Repayment Plansa / Fixed Term / GradPLUS",fiscal_year,2032,2032,2032,27,12
Student Loans,GradPLUS,2033,-24.9,Percent,51310-2024-06-studentloan.xlsx,studentloanT4_6-24,false,51310,"Federal Subsidy Rates for Student Loans, Federal Credit Reform Act Estimates / Repayment Plansa / Fixed Term / GradPLUS",fiscal_year,2033,2033,2033,27,13
Student Loans,GradPLUS,2034,-24.8,Percent,51310-2024-06-studentloan.xlsx,studentloanT4_6-24,false,51310,"Federal Subsidy Rates for Student Loans, Federal Credit Reform Act Estimates / Repayment Plansa / Fixed Term / GradPLUS",fiscal_year,2034,2034,2034,27,14
Student Loans,Parent PLUSb,2024,-16.5,Percent,51310-2024-06-studentloan.xlsx,studentloanT4_6-24,false,51310,"Federal Subsidy Rates for Student Loans, Federal Credit Reform Act Estimates / Repayment Plansa / Fixed Term / Parent PLUSb",fiscal_year,2024,2024,2024,28,4
Student Loans,Parent PLUSb,2025,-17.7,Percent,51310-2024-06-studentloan.xlsx,studentloanT4_6-24,false,51310,"Federal Subsidy Rates for Student Loans, Federal Credit Reform Act Estimates / Repayment Plansa / Fixed Term / Parent PLUSb",fiscal_year,2025,2025,2025,28,5
Student Loans,Parent PLUSb,2026,-18.1,Percent,51310-2024-06-studentloan.xlsx,studentloanT4_6-24,false,51310,"Federal Subsidy Rates for Student Loans, Federal Credit Reform Act Estimates / Repayment Plansa / Fixed Term / Parent PLUSb",fiscal_year,2026,2026,2026,28,6
Student Loans,Parent PLUSb,2027,-17.6,Percent,51310-2024-06-studentloan.xlsx,studentloanT4_6-24,false,51310,"Federal Subsidy Rates for Student Loans, Federal Credit Reform Act Estimates / Repayment Plansa / Fixed Term / Parent PLUSb",fiscal_year,2027,2027,2027,28,7
Student Loans,Parent PLUSb,2028,-17.0,Percent,51310-2024-06-studentloan.xlsx,studentloanT4_6-24,false,51310,"Federal Subsidy Rates for Student Loans, Federal Credit Reform Act Estimates / Repayment Plansa / Fixed Term / Parent PLUSb",fiscal_year,2028,2028,2028,28,8
Student Loans,Parent PLUSb,2029,-16.4,Percent,51310-2024-06-studentloan.xlsx,studentloanT4_6-24,false,51310,"Federal Subsidy Rates for Student Loans, Federal Credit Reform Act Estimates / Repayment Plansa / Fixed Term / Parent PLUSb",fiscal_year,2029,2029,2029,28,9
Student Loans,Parent PLUSb,2030,-15.9,Percent,51310-2024-06-studentloan.xlsx,studentloanT4_6-24,false,51310,"Federal Subsidy Rates for Student Loans, Federal Credit Reform Act Estimates / Repayment Plansa / Fixed Term / Parent PLUSb",fiscal_year,2030,2030,2030,28,10
Student Loans,Parent PLUSb,2031,-15.4,Percent,51310-2024-06-studentloan.xlsx,studentloanT4_6-24,false,51310,"Federal Subsidy Rates for Student Loans, Federal Credit Reform Act Estimates / Repayment Plansa / Fixed Term / Parent PLUSb",fiscal_year,2031,2031,2031,28,11
Student Loans,Parent PLUSb,2032,-14.9,Percent,51310-2024-06-studentloan.xlsx,studentloanT4_6-24,false,51310,"Federal Subsidy Rates for Student Loans, Federal Credit Reform Act Estimates / Repayment Plansa / Fixed Term / Parent PLUSb",fiscal_year,2032,2032,2032,28,12
Student Loans,Parent PLUSb,2033,-14.7,Percent,51310-2024-06-studentloan.xlsx,studentloanT4_6-24,false,51310,"Federal Subsidy Rates for Student Loans, Federal Credit Reform Act Estimates / Repayment Plansa / Fixed Term / Parent PLUSb",fiscal_year,2033,2033,2033,28,13
Student Loans,Parent PLUSb,2034,-14.6,Percent,51310-2024-06-studentloan.xlsx,studentloanT4_6-24,false,51310,"Federal Subsidy Rates for Student Loans, Federal Credit Reform Act Estimates / Repayment Plansa / Fixed Term / Parent PLUSb",fiscal_year,2034,2034,2034,28,14
Student Loans,Subsidized,2024,47.7,Percent,51310-2024-06-studentloan.xlsx,studentloanT4_6-24,false,51310,"Federal Subsidy Rates for Student Loans, Federal Credit Reform Act Estimates / Repayment Plansa / Income Driven / Subsidized",fiscal_year,2024,2024,2024,31,4
Student Loans,Subsidized,2025,46.1,Percent,51310-2024-06-studentloan.xlsx,studentloanT4_6-24,false,51310,"Federal Subsidy Rates for Student Loans, Federal Credit Reform Act Estimates / Repayment Plansa / Income Driven / Subsidized",fiscal_year,2025,2025,2025,31,5
Student Loans,Subsidized,2026,45.1,Percent,51310-2024-06-studentloan.xlsx,studentloanT4_6-24,false,51310,"Federal Subsidy Rates for Student Loans, Federal Credit Reform Act Estimates / Repayment Plansa / Income Driven / Subsidized",fiscal_year,2026,2026,2026,31,6
Student Loans,Subsidized,2027,44.9,Percent,51310-2024-06-studentloan.xlsx,studentloanT4_6-24,false,51310,"Federal Subsidy Rates for Student Loans, Federal Credit Reform Act Estimates / Repayment Plansa / Income Driven / Subsidized",fiscal_year,2027,2027,2027,31,7
Student Loans,Subsidized,2028,45.3,Percent,51310-2024-06-studentloan.xlsx,studentloanT4_6-24,false,51310,"Federal Subsidy Rates for Student Loans, Federal Credit Reform Act Estimates / Repayment Plansa / Income Driven / Subsidized",fiscal_year,2028,2028,2028,31,8
Student Loans,Subsidized,2029,45.4,Percent,51310-2024-06-studentloan.xlsx,studentloanT4_6-24,false,51310,"Federal Subsidy Rates for Student Loans, Federal Credit Reform Act Estimates / Repayment Plansa / Income Driven / Subsidized",fiscal_year,2029,2029,2029,31,9
Student Loans,Subsidized,2030,45.6,Percent,51310-2024-06-studentloan.xlsx,studentloanT4_6-24,false,51310,"Federal Subsidy Rates for Student Loans, Federal Credit Reform Act Estimates / Repayment Plansa / Income Driven / Subsidized",fiscal_year,2030,2030,2030,31,10
Student Loans,Subsidized,2031,45.7,Percent,51310-2024-06-studentloan.xlsx,studentloanT4_6-24,false,51310,"Federal Subsidy Rates for Student Loans, Federal Credit Reform Act Estimates / Repayment Plansa / Income Driven / Subsidized",fiscal_year,2031,2031,2031,31,11
Student Loans,Subsidized,2032,45.6,Percent,51310-2024-06-studentloan.xlsx,studentloanT4_6-24,false,51310,"Federal Subsidy Rates for Student Loans, Federal Credit Reform Act Estimates / Repayment Plansa / Income Driven / Subsidized",fiscal_year,2032,2032,2032,31,12
Student Loans,Subsidized,2033,45.4,Percent,51310-2024-06-studentloan.xlsx,studentloanT4_6-24,false,51310,"Federal Subsidy Rates for Student Loans, Federal Credit Reform Act Estimates / Repayment Plansa / Income Driven / Subsidized",fiscal_year,2033,2033,2033,31,13
Student Loans,Subsidized,2034,45.0,Percent,51310-2024-06-studentloan.xlsx,studentloanT4_6-24,false,51310,"Federal Subsidy Rates for Student Loans, Federal Credit Reform Act Estimates / Repayment Plansa / Income Driven / Subsidized",fiscal_year,2034,2034,2034,31,14
Student Loans,Unsubsidized Undergraduate,2024,38.9,Percent,51310-2024-06-studentloan.xlsx,studentloanT4_6-24,false,51310,"Federal Subsidy Rates for Student Loans, Federal Credit Reform Act Estimates / Repayment Plansa / Income Driven / Unsubsidized Undergraduate",fiscal_year,2024,2024,2024,32,4
Student Loans,Unsubsidized Undergraduate,2025,36.7,Percent,51310-2024-06-studentloan.xlsx,studentloanT4_6-24,false,51310,"Federal Subsidy Rates for Student Loans, Federal Credit Reform Act Estimates / Repayment Plansa / Income Driven / Unsubsidized Undergraduate",fiscal_year,2025,2025,2025,32,5
Student Loans,Unsubsidized Undergraduate,2026,36.5,Percent,51310-2024-06-studentloan.xlsx,studentloanT4_6-24,false,51310,"Federal Subsidy Rates for Student Loans, Federal Credit Reform Act Estimates / Repayment Plansa / Income Driven / Unsubsidized Undergraduate",fiscal_year,2026,2026,2026,32,6
Student Loans,Unsubsidized Undergraduate,2027,37.0,Percent,51310-2024-06-studentloan.xlsx,studentloanT4_6-24,false,51310,"Federal Subsidy Rates for Student Loans, Federal Credit Reform Act Estimates / Repayment Plansa / Income Driven / Unsubsidized Undergraduate",fiscal_year,2027,2027,2027,32,7
Student Loans,Unsubsidized Undergraduate,2028,37.6,Percent,51310-2024-06-studentloan.xlsx,studentloanT4_6-24,false,51310,"Federal Subsidy Rates for Student Loans, Federal Credit Reform Act Estimates / Repayment Plansa / Income Driven / Unsubsidized Undergraduate",fiscal_year,2028,2028,2028,32,8
Student Loans,Unsubsidized Undergraduate,2029,37.5,Percent,51310-2024-06-studentloan.xlsx,studentloanT4_6-24,false,51310,"Federal Subsidy Rates for Student Loans, Federal Credit Reform Act Estimates / Repayment Plansa / Income Driven / Unsubsidized Undergraduate",fiscal_year,2029,2029,2029,32,9
Student Loans,Unsubsidized Undergraduate,2030,37.5,Percent,51310-2024-06-studentloan.xlsx,studentloanT4_6-24,false,51310,"Federal Subsidy Rates for Student Loans, Federal Credit Reform Act Estimates / Repayment Plansa / Income Driven / Unsubsidized Undergraduate",fiscal_year,2030,2030,2030,32,10
Student Loans,Unsubsidized Undergraduate,2031,37.8,Percent,51310-2024-06-studentloan.xlsx,studentloanT4_6-24,false,51310,"Federal Subsidy Rates for Student Loans, Federal Credit Reform Act Estimates / Repayment Plansa / Income Driven / Unsubsidized Undergraduate",fiscal_year,2031,2031,2031,32,11
Student Loans,Unsubsidized Undergraduate,2032,37.7,Percent,51310-2024-06-studentloan.xlsx,studentloanT4_6-24,false,51310,"Federal Subsidy Rates for Student Loans, Federal Credit Reform Act Estimates / Repayment Plansa / Income Driven / Unsubsidized Undergraduate",fiscal_year,2032,2032,2032,32,12
Student Loans,Unsubsidized Undergraduate,2033,37.7,Percent,51310-2024-06-studentloan.xlsx,studentloanT4_6-24,false,51310,"Federal Subsidy Rates for Student Loans, Federal Credit Reform Act Estimates / Repayment Plansa / Income Driven / Unsubsidized Undergraduate",fiscal_year,2033,2033,2033,32,13
Student Loans,Unsubsidized Undergraduate,2034,37.6,Percent,51310-2024-06-studentloan.xlsx,studentloanT4_6-24,false,51310,"Federal Subsidy Rates for Student Loans, Federal Credit Reform Act Estimates / Repayment Plansa / Income Driven / Unsubsidized Undergraduate",fiscal_year,2034,2034,2034,32,14
Student Loans,Unsubsidized Graduate,2024,29.5,Percent,51310-2024-06-studentloan.xlsx,studentloanT4_6-24,false,51310,"Federal Subsidy Rates for Student Loans, Federal Credit Reform Act Estimates / Repayment Plansa / Income Driven / Unsubsidized Graduate",fiscal_year,2024,2024,2024,33,4
Student Loans,Unsubsidized Graduate,2025,27.2,Percent,51310-2024-06-studentloan.xlsx,studentloanT4_6-24,false,51310,"Federal Subsidy Rates for Student Loans, Federal Credit Reform Act Estimates / Repayment Plansa / Income Driven / Unsubsidized Graduate",fiscal_year,2025,2025,2025,33,5
Student Loans,Unsubsidized Graduate,2026,26.9,Percent,51310-2024-06-studentloan.xlsx,studentloanT4_6-24,false,51310,"Federal Subsidy Rates for Student Loans, Federal Credit Reform Act Estimates / Repayment Plansa / Income Driven / Unsubsidized Graduate",fiscal_year,2026,2026,2026,33,6
Student Loans,Unsubsidized Graduate,2027,27.5,Percent,51310-2024-06-studentloan.xlsx,studentloanT4_6-24,false,51310,"Federal Subsidy Rates for Student Loans, Federal Credit Reform Act Estimates / Repayment Plansa / Income Driven / Unsubsidized Graduate",fiscal_year,2027,2027,2027,33,7
Student Loans,Unsubsidized Graduate,2028,27.9,Percent,51310-2024-06-studentloan.xlsx,studentloanT4_6-24,false,51310,"Federal Subsidy Rates for Student Loans, Federal Credit Reform Act Estimates / Repayment Plansa / Income Driven / Unsubsidized Graduate",fiscal_year,2028,2028,2028,33,8
Student Loans,Unsubsidized Graduate,2029,28.2,Percent,51310-2024-06-studentloan.xlsx,studentloanT4_6-24,false,51310,"Federal Subsidy Rates for Student Loans, Federal Credit Reform Act Estimates / Repayment Plansa / Income Driven / Unsubsidized Graduate",fiscal_year,2029,2029,2029,33,9
Student Loans,Unsubsidized Graduate,2030,28.6,Percent,51310-2024-06-studentloan.xlsx,studentloanT4_6-24,false,51310,"Federal Subsidy Rates for Student Loans, Federal Credit Reform Act Estimates / Repayment Plansa / Income Driven / Unsubsidized Graduate",fiscal_year,2030,2030,2030,33,10
Student Loans,Unsubsidized Graduate,2031,28.6,Percent,51310-2024-06-studentloan.xlsx,studentloanT4_6-24,false,51310,"Federal Subsidy Rates for Student Loans, Federal Credit Reform Act Estimates / Repayment Plansa / Income Driven / Unsubsidized Graduate",fiscal_year,2031,2031,2031,33,11
Student Loans,Unsubsidized Graduate,2032,28.6,Percent,51310-2024-06-studentloan.xlsx,studentloanT4_6-24,false,51310,"Federal Subsidy Rates for Student Loans, Federal Credit Reform Act Estimates / Repayment Plansa / Income Driven / Unsubsidized Graduate",fiscal_year,2032,2032,2032,33,12
Student Loans,Unsubsidized Graduate,2033,28.4,Percent,51310-2024-06-studentloan.xlsx,studentloanT4_6-24,false,51310,"Federal Subsidy Rates for Student Loans, Federal Credit Reform Act Estimates / Repayment Plansa / Income Driven / Unsubsidized Graduate",fiscal_year,2033,2033,2033,33,13
Student Loans,Unsubsidized Graduate,2034,28.0,Percent,51310-2024-06-studentloan.xlsx,studentloanT4_6-24,false,51310,"Federal Subsidy Rates for Student Loans, Federal Credit Reform Act Estimates / Repayment Plansa / Income Driven / Unsubsidized Graduate",fiscal_year,2034,2034,2034,33,14
Student Loans,GradPLUS,2024,34.4,Percent,51310-2024-06-studentloan.xlsx,studentloanT4_6-24,false,51310,"Federal Subsidy Rates for Student Loans, Federal Credit Reform Act Estimates / Repayment Plansa / Income Driven / GradPLUS",fiscal_year,2024,2024,2024,34,4
Student Loans,GradPLUS,2025,32.6,Percent,51310-2024-06-studentloan.xlsx,studentloanT4_6-24,false,51310,"Federal Subsidy Rates for Student Loans, Federal Credit Reform Act Estimates / Repayment Plansa / Income Driven / GradPLUS",fiscal_year,2025,2025,2025,34,5
Student Loans,GradPLUS,2026,32.3,Percent,51310-2024-06-studentloan.xlsx,studentloanT4_6-24,false,51310,"Federal Subsidy Rates for Student Loans, Federal Credit Reform Act Estimates / Repayment Plansa / Income Driven / GradPLUS",fiscal_year,2026,2026,2026,34,6
Student Loans,GradPLUS,2027,32.6,Percent,51310-2024-06-studentloan.xlsx,studentloanT4_6-24,false,51310,"Federal Subsidy Rates for Student Loans, Federal Credit Reform Act Estimates / Repayment Plansa / Income Driven / GradPLUS",fiscal_year,2027,2027,2027,34,7
Student Loans,GradPLUS,2028,32.2,Percent,51310-2024-06-studentloan.xlsx,studentloanT4_6-24,false,51310,"Federal Subsidy Rates for Student Loans, Federal Credit Reform Act Estimates / Repayment Plansa / Income Driven / GradPLUS",fiscal_year,2028,2028,2028,34,8
Student Loans,GradPLUS,2029,32.3,Percent,51310-2024-06-studentloan.xlsx,studentloanT4_6-24,false,51310,"Federal Subsidy Rates for Student Loans, Federal Credit Reform Act Estimates / Repayment Plansa / Income Driven / GradPLUS",fiscal_year,2029,2029,2029,34,9
Student Loans,GradPLUS,2030,32.7,Percent,51310-2024-06-studentloan.xlsx,studentloanT4_6-24,false,51310,"Federal Subsidy Rates for Student Loans, Federal Credit Reform Act Estimates / Repayment Plansa / Income Driven / GradPLUS",fiscal_year,2030,2030,2030,34,10
Student Loans,GradPLUS,2031,33.2,Percent,51310-2024-06-studentloan.xlsx,studentloanT4_6-24,false,51310,"Federal Subsidy Rates for Student Loans, Federal Credit Reform Act Estimates / Repayment Plansa / Income Driven / GradPLUS",fiscal_year,2031,2031,2031,34,11
Student Loans,GradPLUS,2032,33.2,Percent,51310-2024-06-studentloan.xlsx,studentloanT4_6-24,false,51310,"Federal Subsidy Rates for Student Loans, Federal Credit Reform Act Estimates / Repayment Plansa / Income Driven / GradPLUS",fiscal_year,2032,2032,2032,34,12
Student Loans,GradPLUS,2033,33.0,Percent,51310-2024-06-studentloan.xlsx,studentloanT4_6-24,false,51310,"Federal Subsidy Rates for Student Loans, Federal Credit Reform Act Estimates / Repayment Plansa / Income Driven / GradPLUS",fiscal_year,2033,2033,2033,34,13
Student Loans,GradPLUS,2034,32.3,Percent,51310-2024-06-studentloan.xlsx,studentloanT4_6-24,false,51310,"Federal Subsidy Rates for Student Loans, Federal Credit Reform Act Estimates / Repayment Plansa / Income Driven / GradPLUS",fiscal_year,2034,2034,2034,34,14
Student Loans,Subsidized,2025,68.0,Percent,51310-2024-06-studentloan.xlsx,studentloanT4_6-24,false,51310,"Federal Subsidy Rates for Student Loans, Federal Credit Reform Act Estimates / Volume of loans repaid in an IDR plan in 2025 (Percent) / Subsidized",fiscal_year,2025,2025,2025,39,5
Student Loans,Unsubsidized Undergraduate,2025,73.0,Percent,51310-2024-06-studentloan.xlsx,studentloanT4_6-24,false,51310,"Federal Subsidy Rates for Student Loans, Federal Credit Reform Act Estimates / Volume of loans repaid in an IDR plan in 2025 (Percent) / Unsubsidized Undergraduate",fiscal_year,2025,2025,2025,40,5
Student Loans,Unsubsidized Graduate,2025,76.0,Percent,51310-2024-06-studentloan.xlsx,studentloanT4_6-24,false,51310,"Federal Subsidy Rates for Student Loans, Federal Credit Reform Act Estimates / Volume of loans repaid in an IDR plan in 2025 (Percent) / Unsubsidized Graduate",fiscal_year,2025,2025,2025,41,5
Student Loans,GradPLUS,2025,85.0,Percent,51310-2024-06-studentloan.xlsx,studentloanT4_6-24,false,51310,"Federal Subsidy Rates for Student Loans, Federal Credit Reform Act Estimates / Volume of loans repaid in an IDR plan in 2025 (Percent) / GradPLUS",fiscal_year,2025,2025,2025,42,5
Student Loans,10-year Treasury + 2.05% Capped 8.25%,,6.53,Percent,51310-2024-06-studentloan.xlsx,studentloanT5_6-24,false,51310,Federal Student Loan Programs: Projected Interest Rates / Subsidized and Unsubsidized Loans to Undergraduate Students / 10-year Treasury + 2.05% Capped 8.25%,award_year,2024,2025,2024-2025,13,4
Student Loans,10-year Treasury + 2.05% Capped 8.25%,,6.19,Percent,51310-2024-06-studentloan.xlsx,studentloanT5_6-24,false,51310,Federal Student Loan Programs: Projected Interest Rates / Subsidized and Unsubsidized Loans to Undergraduate Students / 10-year Treasury + 2.05% Capped 8.25%,award_year,2025,2026,2025-2026,13,5
Student Loans,10-year Treasury + 2.05% Capped 8.25%,,5.74,Percent,51310-2024-06-studentloan.xlsx,studentloanT5_6-24,false,51310,Federal Student Loan Programs: Projected Interest Rates / Subsidized and Unsubsidized Loans to Undergraduate Students / 10-year Treasury + 2.05% Capped 8.25%,award_year,2026,2027,2026-2027,13,6
Student Loans,10-year Treasury + 2.05% Capped 8.25%,,5.64,Percent,51310-2024-06-studentloan.xlsx,studentloanT5_6-24,false,51310,Federal Student Loan Programs: Projected Interest Rates / Subsidized and Unsubsidized Loans to Undergraduate Students / 10-year Treasury + 2.05% Capped 8.25%,award_year,2027,2028,2027-2028,13,7
Student Loans,10-year Treasury + 2.05% Capped 8.25%,,5.7,Percent,51310-2024-06-studentloan.xlsx,studentloanT5_6-24,false,51310,Federal Student Loan Programs: Projected Interest Rates / Subsidized and Unsubsidized Loans to Undergraduate Students / 10-year Treasury + 2.05% Capped 8.25%,award_year,2028,2029,2028-2029,13,8
Student Loans,10-year Treasury + 2.05% Capped 8.25%,,5.81,Percent,51310-2024-06-studentloan.xlsx,studentloanT5_6-24,false,51310,Federal Student Loan Programs: Projected Interest Rates / Subsidized and Unsubsidized Loans to Undergraduate Students / 10-year Treasury + 2.05% Capped 8.25%,award_year,2029,2030,2029-2030,13,9
Student Loans,10-year Treasury + 2.05% Capped 8.25%,,5.93,Percent,51310-2024-06-studentloan.xlsx,studentloanT5_6-24,false,51310,Federal Student Loan Programs: Projected Interest Rates / Subsidized and Unsubsidized Loans to Undergraduate Students / 10-year Treasury + 2.05% Capped 8.25%,award_year,2030,2031,2030-2031,13,10
Student Loans,10-year Treasury + 2.05% Capped 8.25%,,6.05,Percent,51310-2024-06-studentloan.xlsx,studentloanT5_6-24,false,51310,Federal Student Loan Programs: Projected Interest Rates / Subsidized and Unsubsidized Loans to Undergraduate Students / 10-year Treasury + 2.05% Capped 8.25%,award_year,2031,2032,2031-2032,13,11
Student Loans,10-year Treasury + 2.05% Capped 8.25%,,6.13,Percent,51310-2024-06-studentloan.xlsx,studentloanT5_6-24,false,51310,Federal Student Loan Programs: Projected Interest Rates / Subsidized and Unsubsidized Loans to Undergraduate Students / 10-year Treasury + 2.05% Capped 8.25%,award_year,2032,2033,2032-2033,13,12
Student Loans,10-year Treasury + 2.05% Capped 8.25%,,6.15,Percent,51310-2024-06-studentloan.xlsx,studentloanT5_6-24,false,51310,Federal Student Loan Programs: Projected Interest Rates / Subsidized and Unsubsidized Loans to Undergraduate Students / 10-year Treasury + 2.05% Capped 8.25%,award_year,2033,2034,2033-2034,13,13
Student Loans,10-year Treasury + 2.05% Capped 8.25%,,6.16,Percent,51310-2024-06-studentloan.xlsx,studentloanT5_6-24,false,51310,Federal Student Loan Programs: Projected Interest Rates / Subsidized and Unsubsidized Loans to Undergraduate Students / 10-year Treasury + 2.05% Capped 8.25%,award_year,2034,2035,2034-2035,13,14
Student Loans,10-year Treasury + 3.60% Capped 9.50%,,8.08,Percent,51310-2024-06-studentloan.xlsx,studentloanT5_6-24,false,51310,Federal Student Loan Programs: Projected Interest Rates / Unsubsidized Loans to Graduate Students / 10-year Treasury + 3.60% Capped 9.50%,award_year,2024,2025,2024-2025,16,4
Student Loans,10-year Treasury + 3.60% Capped 9.50%,,7.74,Percent,51310-2024-06-studentloan.xlsx,studentloanT5_6-24,false,51310,Federal Student Loan Programs: Projected Interest Rates / Unsubsidized Loans to Graduate Students / 10-year Treasury + 3.60% Capped 9.50%,award_year,2025,2026,2025-2026,16,5
Student Loans,10-year Treasury + 3.60% Capped 9.50%,,7.29,Percent,51310-2024-06-studentloan.xlsx,studentloanT5_6-24,false,51310,Federal Student Loan Programs: Projected Interest Rates / Unsubsidized Loans to Graduate Students / 10-year Treasury + 3.60% Capped 9.50%,award_year,2026,2027,2026-2027,16,6
Student Loans,10-year Treasury + 3.60% Capped 9.50%,,7.19,Percent,51310-2024-06-studentloan.xlsx,studentloanT5_6-24,false,51310,Federal Student Loan Programs: Projected Interest Rates / Unsubsidized Loans to Graduate Students / 10-year Treasury + 3.60% Capped 9.50%,award_year,2027,2028,2027-2028,16,7
Student Loans,10-year Treasury + 3.60% Capped 9.50%,,7.25,Percent,51310-2024-06-studentloan.xlsx,studentloanT5_6-24,false,51310,Federal Student Loan Programs: Projected Interest Rates / Unsubsidized Loans to Graduate Students / 10-year Treasury + 3.60% Capped 9.50%,award_year,2028,2029,2028-2029,16,8
Student Loans,10-year Treasury + 3.60% Capped 9.50%,,7.36,Percent,51310-2024-06-studentloan.xlsx,studentloanT5_6-24,false,51310,Federal Student Loan Programs: Projected Interest Rates / Unsubsidized Loans to Graduate Students / 10-year Treasury + 3.60% Capped 9.50%,award_year,2029,2030,2029-2030,16,9
Student Loans,10-year Treasury + 3.60% Capped 9.50%,,7.48,Percent,51310-2024-06-studentloan.xlsx,studentloanT5_6-24,false,51310,Federal Student Loan Programs: Projected Interest Rates / Unsubsidized Loans to Graduate Students / 10-year Treasury + 3.60% Capped 9.50%,award_year,2030,2031,2030-2031,16,10
Student Loans,10-year Treasury + 3.60% Capped 9.50%,,7.6,Percent,51310-2024-06-studentloan.xlsx,studentloanT5_6-24,false,51310,Federal Student Loan Programs: Projected Interest Rates / Unsubsidized Loans to Graduate Students / 10-year Treasury + 3.60% Capped 9.50%,award_year,2031,2032,2031-2032,16,11
Student Loans,10-year Treasury + 3.60% Capped 9.50%,,7.68,Percent,51310-2024-06-studentloan.xlsx,studentloanT5_6-24,false,51310,Federal Student Loan Programs: Projected Interest Rates / Unsubsidized Loans to Graduate Students / 10-year Treasury + 3.60% Capped 9.50%,award_year,2032,2033,2032-2033,16,12
Student Loans,10-year Treasury + 3.60% Capped 9.50%,,7.7,Percent,51310-2024-06-studentloan.xlsx,studentloanT5_6-24,false,51310,Federal Student Loan Programs: Projected Interest Rates / Unsubsidized Loans to Graduate Students / 10-year Treasury + 3.60% Capped 9.50%,award_year,2033,2034,2033-2034,16,13
Student Loans,10-year Treasury + 3.60% Capped 9.50%,,7.71,Percent,51310-2024-06-studentloan.xlsx,studentloanT5_6-24,false,51310,Federal Student Loan Programs: Projected Interest Rates / Unsubsidized Loans to Graduate Students / 10-year Treasury + 3.60% Capped 9.50%,award_year,2034,2035,2034-2035,16,14
Student Loans,10-year Treasury + 4.60% Capped 10.50%,,9.08,Percent,51310-2024-06-studentloan.xlsx,studentloanT5_6-24,false,51310,Federal Student Loan Programs: Projected Interest Rates / PLUS Loans to Graduate Students and Parents / 10-year Treasury + 4.60% Capped 10.50%,award_year,2024,2025,2024-2025,19,4
Student Loans,10-year Treasury + 4.60% Capped 10.50%,,8.74,Percent,51310-2024-06-studentloan.xlsx,studentloanT5_6-24,false,51310,Federal Student Loan Programs: Projected Interest Rates / PLUS Loans to Graduate Students and Parents / 10-year Treasury + 4.60% Capped 10.50%,award_year,2025,2026,2025-2026,19,5
Student Loans,10-year Treasury + 4.60% Capped 10.50%,,8.29,Percent,51310-2024-06-studentloan.xlsx,studentloanT5_6-24,false,51310,Federal Student Loan Programs: Projected Interest Rates / PLUS Loans to Graduate Students and Parents / 10-year Treasury + 4.60% Capped 10.50%,award_year,2026,2027,2026-2027,19,6
Student Loans,10-year Treasury + 4.60% Capped 10.50%,,8.19,Percent,51310-2024-06-studentloan.xlsx,studentloanT5_6-24,false,51310,Federal Student Loan Programs: Projected Interest Rates / PLUS Loans to Graduate Students and Parents / 10-year Treasury + 4.60% Capped 10.50%,award_year,2027,2028,2027-2028,19,7
Student Loans,10-year Treasury + 4.60% Capped 10.50%,,8.25,Percent,51310-2024-06-studentloan.xlsx,studentloanT5_6-24,false,51310,Federal Student Loan Programs: Projected Interest Rates / PLUS Loans to Graduate Students and Parents / 10-year Treasury + 4.60% Capped 10.50%,award_year,2028,2029,2028-2029,19,8
Student Loans,10-year Treasury + 4.60% Capped 10.50%,,8.36,Percent,51310-2024-06-studentloan.xlsx,studentloanT5_6-24,false,51310,Federal Student Loan Programs: Projected Interest Rates / PLUS Loans to Graduate Students and Parents / 10-year Treasury + 4.60% Capped 10.50%,award_year,2029,2030,2029-2030,19,9
Student Loans,10-year Treasury + 4.60% Capped 10.50%,,8.48,Percent,51310-2024-06-studentloan.xlsx,studentloanT5_6-24,false,51310,Federal Student Loan Programs: Projected Interest Rates / PLUS Loans to Graduate Students and Parents / 10-year Treasury + 4.60% Capped 10.50%,award_year,2030,2031,2030-2031,19,10
Student Loans,10-year Treasury + 4.60% Capped 10.50%,,8.6,Percent,51310-2024-06-studentloan.xlsx,studentloanT5_6-24,false,51310,Federal Student Loan Programs: Projected Interest Rates / PLUS Loans to Graduate Students and Parents / 10-year Treasury + 4.60% Capped 10.50%,award_year,2031,2032,2031-2032,19,11
Student Loans,10-year Treasury + 4.60% Capped 10.50%,,8.68,Percent,51310-2024-06-studentloan.xlsx,studentloanT5_6-24,false,51310,Federal Student Loan Programs: Projected Interest Rates / PLUS Loans to Graduate Students and Parents / 10-year Treasury + 4.60% Capped 10.50%,award_year,2032,2033,2032-2033,19,12
Student Loans,10-year Treasury + 4.60% Capped 10.50%,,8.7,Percent,51310-2024-06-studentloan.xlsx,studentloanT5_6-24,false,51310,Federal Student Loan Programs: Projected Interest Rates / PLUS Loans to Graduate Students and Parents / 10-year Treasury + 4.60% Capped 10.50%,award_year,2033,2034,2033-2034,19,13
Student Loans,10-year Treasury + 4.60% Capped 10.50%,,8.71,Percent,51310-2024-06-studentloan.xlsx,studentloanT5_6-24,false,51310,Federal Student Loan Programs: Projected Interest Rates / PLUS Loans to Graduate Students and Parents / 10-year Treasury + 4.60% Capped 10.50%,award_year,2034,2035,2034-2035,19,14
Student Loans,Budget Authority,2024,25723.0,Millions of dollars,51310-2024-06-studentloan.xlsx,studentloanT6_6-24,true,51310,"Federal Student Loan Programs: Budget Account Totals, Fair-Value Estimates / Program Costs / Budget Authority",fiscal_year,2024,2024,2024,15,4
Student Loans,Budget Authority,2025,25089.0,Millions of dollars,51310-2024-06-studentloan.xlsx,studentloanT6_6-24,true,51310,"Federal Student Loan Programs: Budget Account Totals, Fair-Value Estimates / Program Costs / Budget Authority",fiscal_year,2025,2025,2025,15,5
Student Loans,Budget Authority,2026,26020.0,Millions of dollars,51310-2024-06-studentloan.xlsx,studentloanT6_6-24,true,51310,"Federal Student Loan Programs: Budget Account Totals, Fair-Value Estimates / Program Costs / Budget Authority",fiscal_year,2026,2026,2026,15,6
Student Loans,Budget Authority,2027,27229.0,Millions of dollars,51310-2024-06-studentloan.xlsx,studentloanT6_6-24,true,51310,"Federal Student Loan Programs: Budget Account Totals, Fair-Value Estimates / Program Costs / Budget Authority",fiscal_year,2027,2027,2027,15,7
Student Loans,Budget Authority,2028,28132.0,Millions of dollars,51310-2024-06-studentloan.xlsx,studentloanT6_6-24,true,51310,"Federal Student Loan Programs: Budget Account Totals, Fair-Value Estimates / Program Costs / Budget Authority",fiscal_year,2028,2028,2028,15,8
Student Loans,Budget Authority,2029,28843.0,Millions of dollars,51310-2024-06-studentloan.xlsx,studentloanT6_6-24,true,51310,"Federal Student Loan Programs: Budget Account Totals, Fair-Value Estimates / Program Costs / Budget Authority",fiscal_year,2029,2029,2029,15,9
Student Loans,Budget Authority,2030,29782.0,Millions of dollars,51310-2024-06-studentloan.xlsx,studentloanT6_6-24,true,51310,"Federal Student Loan Programs: Budget Account Totals, Fair-Value Estimates / Program Costs / Budget Authority",fiscal_year,2030,2030,2030,15,10
Student Loans,Budget Authority,2031,30647.0,Millions of dollars,51310-2024-06-studentloan.xlsx,studentloanT6_6-24,true,51310,"Federal Student Loan Programs: Budget Account Totals, Fair-Value Estimates / Program Costs / Budget Authority",fiscal_year,2031,2031,2031,15,11
Student Loans,Budget Authority,2032,31341.0,Millions of dollars,51310-2024-06-studentloan.xlsx,studentloanT6_6-24,true,51310,"Federal Student Loan Programs: Budget Account Totals, Fair-Value Estimates / Program Costs / Budget Authority",fiscal_year,2032,2032,2032,15,12
Student Loans,Budget Authority,2033,31908.0,Millions of dollars,51310-2024-06-studentloan.xlsx,studentloanT6_6-24,true,51310,"Federal Student Loan Programs: Budget Account Totals, Fair-Value Estimates / Program Costs / Budget Authority",fiscal_year,2033,2033,2033,15,13
Student Loans,Budget Authority,2034,32163.0,Millions of dollars,51310-2024-06-studentloan.xlsx,studentloanT6_6-24,true,51310,"Federal Student Loan Programs: Budget Account Totals, Fair-Value Estimates / Program Costs / Budget Authority",fiscal_year,2034,2034,2034,15,14
Student Loans,Outlays,2024,23164.0,Millions of dollars,51310-2024-06-studentloan.xlsx,studentloanT6_6-24,true,51310,"Federal Student Loan Programs: Budget Account Totals, Fair-Value Estimates / Program Costs / Outlays",fiscal_year,2024,2024,2024,16,4
Student Loans,Outlays,2025,22288.0,Millions of dollars,51310-2024-06-studentloan.xlsx,studentloanT6_6-24,true,51310,"Federal Student Loan Programs: Budget Account Totals, Fair-Value Estimates / Program Costs / Outlays",fiscal_year,2025,2025,2025,16,5
Student Loans,Outlays,2026,22653.0,Millions of dollars,51310-2024-06-studentloan.xlsx,studentloanT6_6-24,true,51310,"Federal Student Loan Programs: Budget Account Totals, Fair-Value Estimates / Program Costs / Outlays",fiscal_year,2026,2026,2026,16,6
Student Loans,Outlays,2027,23647.0,Millions of dollars,51310-2024-06-studentloan.xlsx,studentloanT6_6-24,true,51310,"Federal Student Loan Programs: Budget Account Totals, Fair-Value Estimates / Program Costs / Outlays",fiscal_year,2027,2027,2027,16,7
Student Loans,Outlays,2028,24532.0,Millions of dollars,51310-2024-06-studentloan.xlsx,studentloanT6_6-24,true,51310,"Federal Student Loan Programs: Budget Account Totals, Fair-Value Estimates / Program Costs / Outlays",fiscal_year,2028,2028,2028,16,8
Student Loans,Outlays,2029,25210.0,Millions of dollars,51310-2024-06-studentloan.xlsx,studentloanT6_6-24,true,51310,"Federal Student Loan Programs: Budget Account Totals, Fair-Value Estimates / Program Costs / Outlays",fiscal_year,2029,2029,2029,16,9
Student Loans,Outlays,2030,25979.0,Millions of dollars,51310-2024-06-studentloan.xlsx,studentloanT6_6-24,true,51310,"Federal Student Loan Programs: Budget Account Totals, Fair-Value Estimates / Program Costs / Outlays",fiscal_year,2030,2030,2030,16,10
Student Loans,Outlays,2031,26773.0,Millions of dollars,51310-2024-06-studentloan.xlsx,studentloanT6_6-24,true,51310,"Federal Student Loan Programs: Budget Account Totals, Fair-Value Estimates / Program Costs / Outlays",fiscal_year,2031,2031,2031,16,11
Student Loans,Outlays,2032,27439.0,Millions of dollars,51310-2024-06-studentloan.xlsx,studentloanT6_6-24,true,51310,"Federal Student Loan Programs: Budget Account Totals, Fair-Value Estimates / Program Costs / Outlays",fiscal_year,2032,2032,2032,16,12
Student Loans,Outlays,2033,27983.0,Millions of dollars,51310-2024-06-studentloan.xlsx,studentloanT6_6-24,true,51310,"Federal Student Loan Programs: Budget Account Totals, Fair-Value Estimates / Program Costs / Outlays",fiscal_year,2033,2033,2033,16,13
Student Loans,Outlays,2034,28310.0,Millions of dollars,51310-2024-06-studentloan.xlsx,studentloanT6_6-24,true,51310,"Federal Student Loan Programs: Budget Account Totals, Fair-Value Estimates / Program Costs / Outlays",fiscal_year,2034,2034,2034,16,14
Student Loans,Budget Authority,2024,121656.0,Millions of dollars,51310-2024-06-studentloan.xlsx,studentloanT6_6-24,true,51310,"Federal Student Loan Programs: Budget Account Totals, Fair-Value Estimates / Credit Reestimates and Modificationsa / Budget Authority",fiscal_year,2024,2024,2024,18,4
Student Loans,Outlays,2024,121656.0,Millions of dollars,51310-2024-06-studentloan.xlsx,studentloanT6_6-24,true,51310,"Federal Student Loan Programs: Budget Account Totals, Fair-Value Estimates / Credit Reestimates and Modificationsa / Outlays",fiscal_year,2024,2024,2024,19,4
Student Loans,Budget Authority,2024,147379.0,Millions of dollars,51310-2024-06-studentloan.xlsx,studentloanT6_6-24,true,51310,"Federal Student Loan Programs: Budget Account Totals, Fair-Value Estimates / Subtotal, Direct Loans / Budget Authority",fiscal_year,2024,2024,2024,21,4
Student Loans,Budget Authority,2025,25089.0,Millions of dollars,51310-2024-06-studentloan.xlsx,studentloanT6_6-24,true,51310,"Federal Student Loan Programs: Budget Account Totals, Fair-Value Estimates / Subtotal, Direct Loans / Budget Authority",fiscal_year,2025,2025,2025,21,5
Student Loans,Budget Authority,2026,26020.0,Millions of dollars,51310-2024-06-studentloan.xlsx,studentloanT6_6-24,true,51310,"Federal Student Loan Programs: Budget Account Totals, Fair-Value Estimates / Subtotal, Direct Loans / Budget Authority",fiscal_year,2026,2026,2026,21,6
Student Loans,Budget Authority,2027,27229.0,Millions of dollars,51310-2024-06-studentloan.xlsx,studentloanT6_6-24,true,51310,"Federal Student Loan Programs: Budget Account Totals, Fair-Value Estimates / Subtotal, Direct Loans / Budget Authority",fiscal_year,2027,2027,2027,21,7
Student Loans,Budget Authority,2028,28132.0,Millions of dollars,51310-2024-06-studentloan.xlsx,studentloanT6_6-24,true,51310,"Federal Student Loan Programs: Budget Account Totals, Fair-Value Estimates / Subtotal, Direct Loans / Budget Authority",fiscal_year,2028,2028,2028,21,8
Student Loans,Budget Authority,2029,28843.0,Millions of dollars,51310-2024-06-studentloan.xlsx,studentloanT6_6-24,true,51310,"Federal Student Loan Programs: Budget Account Totals, Fair-Value Estimates / Subtotal, Direct Loans / Budget Authority",fiscal_year,2029,2029,2029,21,9
Student Loans,Budget Authority,2030,29782.0,Millions of dollars,51310-2024-06-studentloan.xlsx,studentloanT6_6-24,true,51310,"Federal Student Loan Programs: Budget Account Totals, Fair-Value Estimates / Subtotal, Direct Loans / Budget Authority",fiscal_year,2030,2030,2030,21,10
Student Loans,Budget Authority,2031,30647.0,Millions of dollars,51310-2024-06-studentloan.xlsx,studentloanT6_6-24,true,51310,"Federal Student Loan Programs: Budget Account Totals, Fair-Value Estimates / Subtotal, Direct Loans / Budget Authority",fiscal_year,2031,2031,2031,21,11
Student Loans,Budget Authority,2032,31341.0,Millions of dollars,51310-2024-06-studentloan.xlsx,studentloanT6_6-24,true,51310,"Federal Student Loan Programs: Budget Account Totals, Fair-Value Estimates / Subtotal, Direct Loans / Budget Authority",fiscal_year,2032,2032,2032,21,12
Student Loans,Budget Authority,2033,31908.0,Millions of dollars,51310-2024-06-studentloan.xlsx,studentloanT6_6-24,true,51310,"Federal Student Loan Programs: Budget Account Totals, Fair-Value Estimates / Subtotal, Direct Loans / Budget Authority",fiscal_year,2033,2033,2033,21,13
Student Loans,Budget Authority,2034,32163.0,Millions of dollars,51310-2024-06-studentloan.xlsx,studentloanT6_6-24,true,51310,"Federal Student Loan Programs: Budget Account Totals, Fair-Value Estimates / Subtotal, Direct Loans / Budget Authority",fiscal_year,2034,2034,2034,21,14
Student Loans,Outlays,2024,144820.0,Millions of dollars,51310-2024-06-studentloan.xlsx,studentloanT6_6-24,true,51310,"Federal Student Loan Programs: Budget Account Totals, Fair-Value Estimates / Subtotal, Direct Loans / Outlays",fiscal_year,2024,2024,2024,22,4
Student Loans,Outlays,2025,22288.0,Millions of dollars,51310-2024-06-studentloan.xlsx,studentloanT6_6-24,true,51310,"Federal Student Loan Programs: Budget Account Totals, Fair-Value Estimates / Subtotal, Direct Loans / Outlays",fiscal_year,2025,2025,2025,22,5
Student Loans,Outlays,2026,22653.0,Millions of dollars,51310-2024-06-studentloan.xlsx,studentloanT6_6-24,true,51310,"Federal Student Loan Programs: Budget Account Totals, Fair-Value Estimates / Subtotal, Direct Loans / Outlays",fiscal_year,2026,2026,2026,22,6
Student Loans,Outlays,2027,23647.0,Millions of dollars,51310-2024-06-studentloan.xlsx,studentloanT6_6-24,true,51310,"Federal Student Loan Programs: Budget Account Totals, Fair-Value Estimates / Subtotal, Direct Loans / Outlays",fiscal_year,2027,2027,2027,22,7
Student Loans,Outlays,2028,24532.0,Millions of dollars,51310-2024-06-studentloan.xlsx,studentloanT6_6-24,true,51310,"Federal Student Loan Programs: Budget Account Totals, Fair-Value Estimates / Subtotal, Direct Loans / Outlays",fiscal_year,2028,2028,2028,22,8
Student Loans,Outlays,2029,25210.0,Millions of dollars,51310-2024-06-studentloan.xlsx,studentloanT6_6-24,true,51310,"Federal Student Loan Programs: Budget Account Totals, Fair-Value Estimates / Subtotal, Direct Loans / Outlays",fiscal_year,2029,2029,2029,22,9
Student Loans,Outlays,2030,25979.0,Millions of dollars,51310-2024-06-studentloan.xlsx,studentloanT6_6-24,true,51310,"Federal Student Loan Programs: Budget Account Totals, Fair-Value Estimates / Subtotal, Direct Loans / Outlays",fiscal_year,2030,2030,2030,22,10
Student Loans,Outlays,2031,26773.0,Millions of dollars,51310-2024-06-studentloan.xlsx,studentloanT6_6-24,true,51310,"Federal Student Loan Programs: Budget Account Totals, Fair-Value Estimates / Subtotal, Direct Loans / Outlays",fiscal_year,2031,2031,2031,22,11
Student Loans,Outlays,2032,27439.0,Millions of dollars,51310-2024-06-studentloan.xlsx,studentloanT6_6-24,true,51310,"Federal Student Loan Programs: Budget Account Totals, Fair-Value Estimates / Subtotal, Direct Loans / Outlays",fiscal_year,2032,2032,2032,22,12
Student Loans,Outlays,2033,27983.0,Millions of dollars,51310-2024-06-studentloan.xlsx,studentloanT6_6-24,true,51310,"Federal Student Loan Programs: Budget Account Totals, Fair-Value Estimates / Subtotal, Direct Loans / Outlays",fiscal_year,2033,2033,2033,22,13
Student Loans,Outlays,2034,28310.0,Millions of dollars,51310-2024-06-studentloan.xlsx,studentloanT6_6-24,true,51310,"Federal Student Loan Programs: Budget Account Totals, Fair-Value Estimates / Subtotal, Direct Loans / Outlays",fiscal_year,2034,2034,2034,22,14
Student Loans,Budget Authority,2024,-120.0,Millions of dollars,51310-2024-06-studentloan.xlsx,studentloanT6_6-24,true,51310,"Federal Student Loan Programs: Budget Account Totals, Fair-Value Estimates / Federal Student Loan Reserve Fund / Budget Authority",fiscal_year,2024,2024,2024,27,4
Student Loans,Budget Authority,2025,-46.0,Millions of dollars,51310-2024-06-studentloan.xlsx,studentloanT6_6-24,true,51310,"Federal Student Loan Programs: Budget Account Totals, Fair-Value Estimates / Federal Student Loan Reserve Fund / Budget Authority",fiscal_year,2025,2025,2025,27,5
Student Loans,Budget Authority,2026,8.0,Millions of dollars,51310-2024-06-studentloan.xlsx,studentloanT6_6-24,true,51310,"Federal Student Loan Programs: Budget Account Totals, Fair-Value Estimates / Federal Student Loan Reserve Fund / Budget Authority",fiscal_year,2026,2026,2026,27,6
Student Loans,Budget Authority,2027,8.0,Millions of dollars,51310-2024-06-studentloan.xlsx,studentloanT6_6-24,true,51310,"Federal Student Loan Programs: Budget Account Totals, Fair-Value Estimates / Federal Student Loan Reserve Fund / Budget Authority",fiscal_year,2027,2027,2027,27,7
Student Loans,Budget Authority,2028,7.0,Millions of dollars,51310-2024-06-studentloan.xlsx,studentloanT6_6-24,true,51310,"Federal Student Loan Programs: Budget Account Totals, Fair-Value Estimates / Federal Student Loan Reserve Fund / Budget Authority",fiscal_year,2028,2028,2028,27,8
Student Loans,Budget Authority,2029,7.0,Millions of dollars,51310-2024-06-studentloan.xlsx,studentloanT6_6-24,true,51310,"Federal Student Loan Programs: Budget Account Totals, Fair-Value Estimates / Federal Student Loan Reserve Fund / Budget Authority",fiscal_year,2029,2029,2029,27,9
Student Loans,Budget Authority,2030,6.0,Millions of dollars,51310-2024-06-studentloan.xlsx,studentloanT6_6-24,true,51310,"Federal Student Loan Programs: Budget Account Totals, Fair-Value Estimates / Federal Student Loan Reserve Fund / Budget Authority",fiscal_year,2030,2030,2030,27,10
Student Loans,Budget Authority,2031,6.0,Millions of dollars,51310-2024-06-studentloan.xlsx,studentloanT6_6-24,true,51310,"Federal Student Loan Programs: Budget Account Totals, Fair-Value Estimates / Federal Student Loan Reserve Fund / Budget Authority",fiscal_year,2031,2031,2031,27,11
Student Loans,Budget Authority,2032,5.0,Millions of dollars,51310-2024-06-studentloan.xlsx,studentloanT6_6-24,true,51310,"Federal Student Loan Programs: Budget Account Totals, Fair-Value Estimates / Federal Student Loan Reserve Fund / Budget Authority",fiscal_year,2032,2032,2032,27,12
Student Loans,Budget Authority,2033,5.0,Millions of dollars,51310-2024-06-studentloan.xlsx,studentloanT6_6-24,true,51310,"Federal Student Loan Programs: Budget Account Totals, Fair-Value Estimates / Federal Student Loan Reserve Fund / Budget Authority",fiscal_year,2033,2033,2033,27,13
Student Loans,Budget Authority,2034,5.0,Millions of dollars,51310-2024-06-studentloan.xlsx,studentloanT6_6-24,true,51310,"Federal Student Loan Programs: Budget Account Totals, Fair-Value Estimates / Federal Student Loan Reserve Fund / Budget Authority",fiscal_year,2034,2034,2034,27,14
Student Loans,Outlays,2024,-131.0,Millions of dollars,51310-2024-06-studentloan.xlsx,studentloanT6_6-24,true,51310,"Federal Student Loan Programs: Budget Account Totals, Fair-Value Estimates / Federal Student Loan Reserve Fund / Outlays",fiscal_year,2024,2024,2024,28,4
Student Loans,Outlays,2025,-216.0,Millions of dollars,51310-2024-06-studentloan.xlsx,studentloanT6_6-24,true,51310,"Federal Student Loan Programs: Budget Account Totals, Fair-Value Estimates / Federal Student Loan Reserve Fund / Outlays",fiscal_year,2025,2025,2025,28,5
Student Loans,Outlays,2026,-154.0,Millions of dollars,51310-2024-06-studentloan.xlsx,studentloanT6_6-24,true,51310,"Federal Student Loan Programs: Budget Account Totals, Fair-Value Estimates / Federal Student Loan Reserve Fund / Outlays",fiscal_year,2026,2026,2026,28,6
Student Loans,Outlays,2027,-140.0,Millions of dollars,51310-2024-06-studentloan.xlsx,studentloanT6_6-24,true,51310,"Federal Student Loan Programs: Budget Account Totals, Fair-Value Estimates / Federal Student Loan Reserve Fund / Outlays",fiscal_year,2027,2027,2027,28,7
Student Loans,Outlays,2028,-128.0,Millions of dollars,51310-2024-06-studentloan.xlsx,studentloanT6_6-24,true,51310,"Federal Student Loan Programs: Budget Account Totals, Fair-Value Estimates / Federal Student Loan Reserve Fund / Outlays",fiscal_year,2028,2028,2028,28,8
Student Loans,Outlays,2029,-116.0,Millions of dollars,51310-2024-06-studentloan.xlsx,studentloanT6_6-24,true,51310,"Federal Student Loan Programs: Budget Account Totals, Fair-Value Estimates / Federal Student Loan Reserve Fund / Outlays",fiscal_year,2029,2029,2029,28,9
Student Loans,Outlays,2030,-106.0,Millions of dollars,51310-2024-06-studentloan.xlsx,studentloanT6_6-24,true,51310,"Federal Student Loan Programs: Budget Account Totals, Fair-Value Estimates / Federal Student Loan Reserve Fund / Outlays",fiscal_year,2030,2030,2030,28,10
Student Loans,Outlays,2031,-97.0,Millions of dollars,51310-2024-06-studentloan.xlsx,studentloanT6_6-24,true,51310,"Federal Student Loan Programs: Budget Account Totals, Fair-Value Estimates / Federal Student Loan Reserve Fund / Outlays",fiscal_year,2031,2031,2031,28,11
Student Loans,Outlays,2032,-89.0,Millions of dollars,51310-2024-06-studentloan.xlsx,studentloanT6_6-24,true,51310,"Federal Student Loan Programs: Budget Account Totals, Fair-Value Estimates / Federal Student Loan Reserve Fund / Outlays",fiscal_year,2032,2032,2032,28,12
Student Loans,Outlays,2033,-82.0,Millions of dollars,51310-2024-06-studentloan.xlsx,studentloanT6_6-24,true,51310,"Federal Student Loan Programs: Budget Account Totals, Fair-Value Estimates / Federal Student Loan Reserve Fund / Outlays",fiscal_year,2033,2033,2033,28,13
Student Loans,Outlays,2034,-74.0,Millions of dollars,51310-2024-06-studentloan.xlsx,studentloanT6_6-24,true,51310,"Federal Student Loan Programs: Budget Account Totals, Fair-Value Estimates / Federal Student Loan Reserve Fund / Outlays",fiscal_year,2034,2034,2034,28,14
Student Loans,Budget Authority,2024,18164.0,Millions of dollars,51310-2024-06-studentloan.xlsx,studentloanT6_6-24,true,51310,"Federal Student Loan Programs: Budget Account Totals, Fair-Value Estimates / Credit Reestimates and Modificationsa / Budget Authority",fiscal_year,2024,2024,2024,30,4
Student Loans,Outlays,2024,18164.0,Millions of dollars,51310-2024-06-studentloan.xlsx,studentloanT6_6-24,true,51310,"Federal Student Loan Programs: Budget Account Totals, Fair-Value Estimates / Credit Reestimates and Modificationsa / Outlays",fiscal_year,2024,2024,2024,31,4
Student Loans,Budget Authority,2024,18044.0,Millions of dollars,51310-2024-06-studentloan.xlsx,studentloanT6_6-24,true,51310,"Federal Student Loan Programs: Budget Account Totals, Fair-Value Estimates / Subtotal, Guaranteed Loans / Budget Authority",fiscal_year,2024,2024,2024,33,4
Student Loans,Budget Authority,2025,-46.0,Millions of dollars,51310-2024-06-studentloan.xlsx,studentloanT6_6-24,true,51310,"Federal Student Loan Programs: Budget Account Totals, Fair-Value Estimates / Subtotal, Guaranteed Loans / Budget Authority",fiscal_year,2025,2025,2025,33,5
Student Loans,Budget Authority,2026,8.0,Millions of dollars,51310-2024-06-studentloan.xlsx,studentloanT6_6-24,true,51310,"Federal Student Loan Programs: Budget Account Totals, Fair-Value Estimates / Subtotal, Guaranteed Loans / Budget Authority",fiscal_year,2026,2026,2026,33,6
Student Loans,Budget Authority,2027,8.0,Millions of dollars,51310-2024-06-studentloan.xlsx,studentloanT6_6-24,true,51310,"Federal Student Loan Programs: Budget Account Totals, Fair-Value Estimates / Subtotal, Guaranteed Loans / Budget Authority",fiscal_year,2027,2027,2027,33,7
Student Loans,Budget Authority,2028,7.0,Millions of dollars,51310-2024-06-studentloan.xlsx,studentloanT6_6-24,true,51310,"Federal Student Loan Programs: Budget Account Totals, Fair-Value Estimates / Subtotal, Guaranteed Loans / Budget Authority",fiscal_year,2028,2028,2028,33,8
Student Loans,Budget Authority,2029,7.0,Millions of dollars,51310-2024-06-studentloan.xlsx,studentloanT6_6-24,true,51310,"Federal Student Loan Programs: Budget Account Totals, Fair-Value Estimates / Subtotal, Guaranteed Loans / Budget Authority",fiscal_year,2029,2029,2029,33,9
Student Loans,Budget Authority,2030,6.0,Millions of dollars,51310-2024-06-studentloan.xlsx,studentloanT6_6-24,true,51310,"Federal Student Loan Programs: Budget Account Totals, Fair-Value Estimates / Subtotal, Guaranteed Loans / Budget Authority",fiscal_year,2030,2030,2030,33,10
Student Loans,Budget Authority,2031,6.0,Millions of dollars,51310-2024-06-studentloan.xlsx,studentloanT6_6-24,true,51310,"Federal Student Loan Programs: Budget Account Totals, Fair-Value Estimates / Subtotal, Guaranteed Loans / Budget Authority",fiscal_year,2031,2031,2031,33,11
Student Loans,Budget Authority,2032,5.0,Millions of dollars,51310-2024-06-studentloan.xlsx,studentloanT6_6-24,true,51310,"Federal Student Loan Programs: Budget Account Totals, Fair-Value Estimates / Subtotal, Guaranteed Loans / Budget Authority",fiscal_year,2032,2032,2032,33,12
Student Loans,Budget Authority,2033,5.0,Millions of dollars,51310-2024-06-studentloan.xlsx,studentloanT6_6-24,true,51310,"Federal Student Loan Programs: Budget Account Totals, Fair-Value Estimates / Subtotal, Guaranteed Loans / Budget Authority",fiscal_year,2033,2033,2033,33,13
Student Loans,Budget Authority,2034,5.0,Millions of dollars,51310-2024-06-studentloan.xlsx,studentloanT6_6-24,true,51310,"Federal Student Loan Programs: Budget Account Totals, Fair-Value Estimates / Subtotal, Guaranteed Loans / Budget Authority",fiscal_year,2034,2034,2034,33,14
Student Loans,Outlays,2024,18033.0,Millions of dollars,51310-2024-06-studentloan.xlsx,studentloanT6_6-24,true,51310,"Federal Student Loan Programs: Budget Account Totals, Fair-Value Estimates / Subtotal, Guaranteed Loans / Outlays",fiscal_year,2024,2024,2024,34,4
Student Loans,Outlays,2025,-216.0,Millions of dollars,51310-2024-06-studentloan.xlsx,studentloanT6_6-24,true,51310,"Federal Student Loan Programs: Budget Account Totals, Fair-Value Estimates / Subtotal, Guaranteed Loans / Outlays",fiscal_year,2025,2025,2025,34,5
Student Loans,Outlays,2026,-154.0,Millions of dollars,51310-2024-06-studentloan.xlsx,studentloanT6_6-24,true,51310,"Federal Student Loan Programs: Budget Account Totals, Fair-Value Estimates / Subtotal, Guaranteed Loans / Outlays",fiscal_year,2026,2026,2026,34,6
Student Loans,Outlays,2027,-140.0,Millions of dollars,51310-2024-06-studentloan.xlsx,studentloanT6_6-24,true,51310,"Federal Student Loan Programs: Budget Account Totals, Fair-Value Estimates / Subtotal, Guaranteed Loans / Outlays",fiscal_year,2027,2027,2027,34,7
Student Loans,Outlays,2028,-128.0,Millions of dollars,51310-2024-06-studentloan.xlsx,studentloanT6_6-24,true,51310,"Federal Student Loan Programs: Budget Account Totals, Fair-Value Estimates / Subtotal, Guaranteed Loans / Outlays",fiscal_year,2028,2028,2028,34,8
Student Loans,Outlays,2029,-116.0,Millions of dollars,51310-2024-06-studentloan.xlsx,studentloanT6_6-24,true,51310,"Federal Student Loan Programs: Budget Account Totals, Fair-Value Estimates / Subtotal, Guaranteed Loans / Outlays",fiscal_year,2029,2029,2029,34,9
Student Loans,Outlays,2030,-106.0,Millions of dollars,51310-2024-06-studentloan.xlsx,studentloanT6_6-24,true,51310,"Federal Student Loan Programs: Budget Account Totals, Fair-Value Estimates / Subtotal, Guaranteed Loans / Outlays",fiscal_year,2030,2030,2030,34,10
Student Loans,Outlays,2031,-97.0,Millions of dollars,51310-2024-06-studentloan.xlsx,studentloanT6_6-24,true,51310,"Federal Student Loan Programs: Budget Account Totals, Fair-Value Estimates / Subtotal, Guaranteed Loans / Outlays",fiscal_year,2031,2031,2031,34,11
Student Loans,Outlays,2032,-89.0,Millions of dollars,51310-2024-06-studentloan.xlsx,studentloanT6_6-24,true,51310,"Federal Student Loan Programs: Budget Account Totals, Fair-Value Estimates / Subtotal, Guaranteed Loans / Outlays",fiscal_year,2032,2032,2032,34,12
Student Loans,Outlays,2033,-82.0,Millions of dollars,51310-2024-06-studentloan.xlsx,studentloanT6_6-24,true,51310,"Federal Student Loan Programs: Budget Account Totals, Fair-Value Estimates / Subtotal, Guaranteed Loans / Outlays",fiscal_year,2033,2033,2033,34,13
Student Loans,Outlays,2034,-74.0,Millions of dollars,51310-2024-06-studentloan.xlsx,studentloanT6_6-24,true,51310,"Federal Student Loan Programs: Budget Account Totals, Fair-Value Estimates / Subtotal, Guaranteed Loans / Outlays",fiscal_year,2034,2034,2034,34,14
Student Loans,Budget Authority,2024,3174.0,Millions of dollars,51310-2024-06-studentloan.xlsx,studentloanT6_6-24,true,51310,"Federal Student Loan Programs: Budget Account Totals, Fair-Value Estimates / Student Aid Administration / Budget Authority",fiscal_year,2024,2024,2024,37,4
Student Loans,Budget Authority,2025,2865.0,Millions of dollars,51310-2024-06-studentloan.xlsx,studentloanT6_6-24,true,51310,"Federal Student Loan Programs: Budget Account Totals, Fair-Value Estimates / Student Aid Administration / Budget Authority",fiscal_year,2025,2025,2025,37,5
Student Loans,Budget Authority,2026,2930.0,Millions of dollars,51310-2024-06-studentloan.xlsx,studentloanT6_6-24,true,51310,"Federal Student Loan Programs: Budget Account Totals, Fair-Value Estimates / Student Aid Administration / Budget Authority",fiscal_year,2026,2026,2026,37,6
Student Loans,Budget Authority,2027,2987.0,Millions of dollars,51310-2024-06-studentloan.xlsx,studentloanT6_6-24,true,51310,"Federal Student Loan Programs: Budget Account Totals, Fair-Value Estimates / Student Aid Administration / Budget Authority",fiscal_year,2027,2027,2027,37,7
Student Loans,Budget Authority,2028,3040.0,Millions of dollars,51310-2024-06-studentloan.xlsx,studentloanT6_6-24,true,51310,"Federal Student Loan Programs: Budget Account Totals, Fair-Value Estimates / Student Aid Administration / Budget Authority",fiscal_year,2028,2028,2028,37,8
Student Loans,Budget Authority,2029,3094.0,Millions of dollars,51310-2024-06-studentloan.xlsx,studentloanT6_6-24,true,51310,"Federal Student Loan Programs: Budget Account Totals, Fair-Value Estimates / Student Aid Administration / Budget Authority",fiscal_year,2029,2029,2029,37,9
Student Loans,Budget Authority,2030,3151.0,Millions of dollars,51310-2024-06-studentloan.xlsx,studentloanT6_6-24,true,51310,"Federal Student Loan Programs: Budget Account Totals, Fair-Value Estimates / Student Aid Administration / Budget Authority",fiscal_year,2030,2030,2030,37,10
Student Loans,Budget Authority,2031,3210.0,Millions of dollars,51310-2024-06-studentloan.xlsx,studentloanT6_6-24,true,51310,"Federal Student Loan Programs: Budget Account Totals, Fair-Value Estimates / Student Aid Administration / Budget Authority",fiscal_year,2031,2031,2031,37,11
Student Loans,Budget Authority,2032,3272.0,Millions of dollars,51310-2024-06-studentloan.xlsx,studentloanT6_6-24,true,51310,"Federal Student Loan Programs: Budget Account Totals, Fair-Value Estimates / Student Aid Administration / Budget Authority",fiscal_year,2032,2032,2032,37,12
Student Loans,Budget Authority,2033,3334.0,Millions of dollars,51310-2024-06-studentloan.xlsx,studentloanT6_6-24,true,51310,"Federal Student Loan Programs: Budget Account Totals, Fair-Value Estimates / Student Aid Administration / Budget Authority",fiscal_year,2033,2033,2033,37,13
Student Loans,Budget Authority,2034,3399.0,Millions of dollars,51310-2024-06-studentloan.xlsx,studentloanT6_6-24,true,51310,"Federal Student Loan Programs: Budget Account Totals, Fair-Value Estimates / Student Aid Administration / Budget Authority",fiscal_year,2034,2034,2034,37,14
Student Loans,Outlays,2024,3070.0,Millions of dollars,51310-2024-06-studentloan.xlsx,studentloanT6_6-24,true,51310,"Federal Student Loan Programs: Budget Account Totals, Fair-Value Estimates / Student Aid Administration / Outlays",fiscal_year,2024,2024,2024,38,4
Student Loans,Outlays,2025,2938.0,Millions of dollars,51310-2024-06-studentloan.xlsx,studentloanT6_6-24,true,51310,"Federal Student Loan Programs: Budget Account Totals, Fair-Value Estimates / Student Aid Administration / Outlays",fiscal_year,2025,2025,2025,38,5
Student Loans,Outlays,2026,2894.0,Millions of dollars,51310-2024-06-studentloan.xlsx,studentloanT6_6-24,true,51310,"Federal Student Loan Programs: Budget Account Totals, Fair-Value Estimates / Student Aid Administration / Outlays",fiscal_year,2026,2026,2026,38,6
Student Loans,Outlays,2027,2953.0,Millions of dollars,51310-2024-06-studentloan.xlsx,studentloanT6_6-24,true,51310,"Federal Student Loan Programs: Budget Account Totals, Fair-Value Estimates / Student Aid Administration / Outlays",fiscal_year,2027,2027,2027,38,7
Student Loans,Outlays,2028,3008.0,Millions of dollars,51310-2024-06-studentloan.xlsx,studentloanT6_6-24,true,51310,"Federal Student Loan Programs: Budget Account Totals, Fair-Value Estimates / Student Aid Administration / Outlays",fiscal_year,2028,2028,2028,38,8
Student Loans,Outlays,2029,3062.0,Millions of dollars,51310-2024-06-studentloan.xlsx,studentloanT6_6-24,true,51310,"Federal Student Loan Programs: Budget Account Totals, Fair-Value Estimates / Student Aid Administration / Outlays",fiscal_year,2029,2029,2029,38,9
Student Loans,Outlays,2030,3118.0,Millions of dollars,51310-2024-06-studentloan.xlsx,studentloanT6_6-24,true,51310,"Federal Student Loan Programs: Budget Account Totals, Fair-Value Estimates / Student Aid Administration / Outlays",fiscal_year,2030,2030,2030,38,10
Student Loans,Outlays,2031,3176.0,Millions of dollars,51310-2024-06-studentloan.xlsx,studentloanT6_6-24,true,51310,"Federal Student Loan Programs: Budget Account Totals, Fair-Value Estimates / Student Aid Administration / Outlays",fiscal_year,2031,2031,2031,38,11
Student Loans,Outlays,2032,3236.0,Millions of dollars,51310-2024-06-studentloan.xlsx,studentloanT6_6-24,true,51310,"Federal Student Loan Programs: Budget Account Totals, Fair-Value Estimates / Student Aid Administration / Outlays",fiscal_year,2032,2032,2032,38,12
Student Loans,Outlays,2033,3296.0,Millions of dollars,51310-2024-06-studentloan.xlsx,studentloanT6_6-24,true,51310,"Federal Student Loan Programs: Budget Account Totals, Fair-Value Estimates / Student Aid Administration / Outlays",fiscal_year,2033,2033,2033,38,13
Student Loans,Outlays,2034,3360.0,Millions of dollars,51310-2024-06-studentloan.xlsx,studentloanT6_6-24,true,51310,"Federal Student Loan Programs: Budget Account Totals, Fair-Value Estimates / Student Aid Administration / Outlays",fiscal_year,2034,2034,2034,38,14
Student Loans,Budget Authority,2024,168597.384,Millions of dollars,51310-2024-06-studentloan.xlsx,studentloanT6_6-24,true,51310,"Federal Student Loan Programs: Budget Account Totals, Fair-Value Estimates / Total, Student Loans / Budget Authority",fiscal_year,2024,2024,2024,41,4
Student Loans,Budget Authority,2025,27908.0,Millions of dollars,51310-2024-06-studentloan.xlsx,studentloanT6_6-24,true,51310,"Federal Student Loan Programs: Budget Account Totals, Fair-Value Estimates / Total, Student Loans / Budget Authority",fiscal_year,2025,2025,2025,41,5
Student Loans,Budget Authority,2026,28958.0,Millions of dollars,51310-2024-06-studentloan.xlsx,studentloanT6_6-24,true,51310,"Federal Student Loan Programs: Budget Account Totals, Fair-Value Estimates / Total, Student Loans / Budget Authority",fiscal_year,2026,2026,2026,41,6
Student Loans,Budget Authority,2027,30224.0,Millions of dollars,51310-2024-06-studentloan.xlsx,studentloanT6_6-24,true,51310,"Federal Student Loan Programs: Budget Account Totals, Fair-Value Estimates / Total, Student Loans / Budget Authority",fiscal_year,2027,2027,2027,41,7
Student Loans,Budget Authority,2028,31179.0,Millions of dollars,51310-2024-06-studentloan.xlsx,studentloanT6_6-24,true,51310,"Federal Student Loan Programs: Budget Account Totals, Fair-Value Estimates / Total, Student Loans / Budget Authority",fiscal_year,2028,2028,2028,41,8
Student Loans,Budget Authority,2029,31944.0,Millions of dollars,51310-2024-06-studentloan.xlsx,studentloanT6_6-24,true,51310,"Federal Student Loan Programs: Budget Account Totals, Fair-Value Estimates / Total, Student Loans / Budget Authority",fiscal_year,2029,2029,2029,41,9
Student Loans,Budget Authority,2030,32939.0,Millions of dollars,51310-2024-06-studentloan.xlsx,studentloanT6_6-24,true,51310,"Federal Student Loan Programs: Budget Account Totals, Fair-Value Estimates / Total, Student Loans / Budget Authority",fiscal_year,2030,2030,2030,41,10
Student Loans,Budget Authority,2031,33863.0,Millions of dollars,51310-2024-06-studentloan.xlsx,studentloanT6_6-24,true,51310,"Federal Student Loan Programs: Budget Account Totals, Fair-Value Estimates / Total, Student Loans / Budget Authority",fiscal_year,2031,2031,2031,41,11
Student Loans,Budget Authority,2032,34618.0,Millions of dollars,51310-2024-06-studentloan.xlsx,studentloanT6_6-24,true,51310,"Federal Student Loan Programs: Budget Account Totals, Fair-Value Estimates / Total, Student Loans / Budget Authority",fiscal_year,2032,2032,2032,41,12
Student Loans,Budget Authority,2033,35247.0,Millions of dollars,51310-2024-06-studentloan.xlsx,studentloanT6_6-24,true,51310,"Federal Student Loan Programs: Budget Account Totals, Fair-Value Estimates / Total, Student Loans / Budget Authority",fiscal_year,2033,2033,2033,41,13
Student Loans,Budget Authority,2034,35567.0,Millions of dollars,51310-2024-06-studentloan.xlsx,studentloanT6_6-24,true,51310,"Federal Student Loan Programs: Budget Account Totals, Fair-Value Estimates / Total, Student Loans / Budget Authority",fiscal_year,2034,2034,2034,41,14
Student Loans,Outlays,2024,165923.384,Millions of dollars,51310-2024-06-studentloan.xlsx,studentloanT6_6-24,true,51310,"Federal Student Loan Programs: Budget Account Totals, Fair-Value Estimates / Total, Student Loans / Outlays",fiscal_year,2024,2024,2024,42,4
Student Loans,Outlays,2025,25010.0,Millions of dollars,51310-2024-06-studentloan.xlsx,studentloanT6_6-24,true,51310,"Federal Student Loan Programs: Budget Account Totals, Fair-Value Estimates / Total, Student Loans / Outlays",fiscal_year,2025,2025,2025,42,5
Student Loans,Outlays,2026,25393.0,Millions of dollars,51310-2024-06-studentloan.xlsx,studentloanT6_6-24,true,51310,"Federal Student Loan Programs: Budget Account Totals, Fair-Value Estimates / Total, Student Loans / Outlays",fiscal_year,2026,2026,2026,42,6
Student Loans,Outlays,2027,26460.0,Millions of dollars,51310-2024-06-studentloan.xlsx,studentloanT6_6-24,true,51310,"Federal Student Loan Programs: Budget Account Totals, Fair-Value Estimates / Total, Student Loans / Outlays",fiscal_year,2027,2027,2027,42,7
Student Loans,Outlays,2028,27412.0,Millions of dollars,51310-2024-06-studentloan.xlsx,studentloanT6_6-24,true,51310,"Federal Student Loan Programs: Budget Account Totals, Fair-Value Estimates / Total, Student Loans / Outlays",fiscal_year,2028,2028,2028,42,8
Student Loans,Outlays,2029,28156.0,Millions of dollars,51310-2024-06-studentloan.xlsx,studentloanT6_6-24,true,51310,"Federal Student Loan Programs: Budget Account Totals, Fair-Value Estimates / Total, Student Loans / Outlays",fiscal_year,2029,2029,2029,42,9
Student Loans,Outlays,2030,28991.0,Millions of dollars,51310-2024-06-studentloan.xlsx,studentloanT6_6-24,true,51310,"Federal Student Loan Programs: Budget Account Totals, Fair-Value Estimates / Total, Student Loans / Outlays",fiscal_year,2030,2030,2030,42,10
Student Loans,Outlays,2031,29852.0,Millions of dollars,51310-2024-06-studentloan.xlsx,studentloanT6_6-24,true,51310,"Federal Student Loan Programs: Budget Account Totals, Fair-Value Estimates / Total, Student Loans / Outlays",fiscal_year,2031,2031,2031,42,11
Student Loans,Outlays,2032,30586.0,Millions of dollars,51310-2024-06-studentloan.xlsx,studentloanT6_6-24,true,51310,"Federal Student Loan Programs: Budget Account Totals, Fair-Value Estimates / Total, Student Loans / Outlays",fiscal_year,2032,2032,2032,42,12
Student Loans,Outlays,2033,31197.0,Millions of dollars,51310-2024-06-studentloan.xlsx,studentloanT6_6-24,true,51310,"Federal Student Loan Programs: Budget Account Totals, Fair-Value Estimates / Total, Student Loans / Outlays",fiscal_year,2033,2033,2033,42,13
Student Loans,Outlays,2034,31596.0,Millions of dollars,51310-2024-06-studentloan.xlsx,studentloanT6_6-24,true,51310,"Federal Student Loan Programs: Budget Account Totals, Fair-Value Estimates / Total, Student Loans / Outlays",fiscal_year,2034,2034,2034,42,14
Student Loans,All Loans,2024,26.4,Percent,51310-2024-06-studentloan.xlsx,studentloanT7_6-24,false,51310,"Federal Subsidy Rates for Student Loans, Fair-Value Estimates / Percent, by fiscal year / All Loans",fiscal_year,2024,2024,2024,11,4
Student Loans,All Loans,2025,24.6,Percent,51310-2024-06-studentloan.xlsx,studentloanT7_6-24,false,51310,"Federal Subsidy Rates for Student Loans, Fair-Value Estimates / Percent, by fiscal year / All Loans",fiscal_year,2025,2025,2025,11,5
Student Loans,All Loans,2026,24.5,Percent,51310-2024-06-studentloan.xlsx,studentloanT7_6-24,false,51310,"Federal Subsidy Rates for Student Loans, Fair-Value Estimates / Percent, by fiscal year / All Loans",fiscal_year,2026,2026,2026,11,6
Student Loans,All Loans,2027,24.8,Percent,51310-2024-06-studentloan.xlsx,studentloanT7_6-24,false,51310,"Federal Subsidy Rates for Student Loans, Fair-Value Estimates / Percent, by fiscal year / All Loans",fiscal_year,2027,2027,2027,11,7
Student Loans,All Loans,2028,25.1,Percent,51310-2024-06-studentloan.xlsx,studentloanT7_6-24,false,51310,"Federal Subsidy Rates for Student Loans, Fair-Value Estimates / Percent, by fiscal year / All Loans",fiscal_year,2028,2028,2028,11,8
Student Loans,All Loans,2029,25.2,Percent,51310-2024-06-studentloan.xlsx,studentloanT7_6-24,false,51310,"Federal Subsidy Rates for Student Loans, Fair-Value Estimates / Percent, by fiscal year / All Loans",fiscal_year,2029,2029,2029,11,9
Student Loans,All Loans,2030,25.5,Percent,51310-2024-06-studentloan.xlsx,studentloanT7_6-24,false,51310,"Federal Subsidy Rates for Student Loans, Fair-Value Estimates / Percent, by fiscal year / All Loans",fiscal_year,2030,2030,2030,11,10
Student Loans,All Loans,2031,25.7,Percent,51310-2024-06-studentloan.xlsx,studentloanT7_6-24,false,51310,"Federal Subsidy Rates for Student Loans, Fair-Value Estimates / Percent, by fiscal year / All Loans",fiscal_year,2031,2031,2031,11,11
Student Loans,All Loans,2032,25.7,Percent,51310-2024-06-studentloan.xlsx,studentloanT7_6-24,false,51310,"Federal Subsidy Rates for Student Loans, Fair-Value Estimates / Percent, by fiscal year / All Loans",fiscal_year,2032,2032,2032,11,12
Student Loans,All Loans,2033,25.7,Percent,51310-2024-06-studentloan.xlsx,studentloanT7_6-24,false,51310,"Federal Subsidy Rates for Student Loans, Fair-Value Estimates / Percent, by fiscal year / All Loans",fiscal_year,2033,2033,2033,11,13
Student Loans,All Loans,2034,25.3,Percent,51310-2024-06-studentloan.xlsx,studentloanT7_6-24,false,51310,"Federal Subsidy Rates for Student Loans, Fair-Value Estimates / Percent, by fiscal year / All Loans",fiscal_year,2034,2034,2034,11,14
Student Loans,Subsidized,2024,39.1,Percent,51310-2024-06-studentloan.xlsx,studentloanT7_6-24,false,51310,"Federal Subsidy Rates for Student Loans, Fair-Value Estimates / Sudent Loans / Subsidized",fiscal_year,2024,2024,2024,14,4
Student Loans,Subsidized,2025,37.9,Percent,51310-2024-06-studentloan.xlsx,studentloanT7_6-24,false,51310,"Federal Subsidy Rates for Student Loans, Fair-Value Estimates / Sudent Loans / Subsidized",fiscal_year,2025,2025,2025,14,5
Student Loans,Subsidized,2026,37.2,Percent,51310-2024-06-studentloan.xlsx,studentloanT7_6-24,false,51310,"Federal Subsidy Rates for Student Loans, Fair-Value Estimates / Sudent Loans / Subsidized",fiscal_year,2026,2026,2026,14,6
Student Loans,Subsidized,2027,37.0,Percent,51310-2024-06-studentloan.xlsx,studentloanT7_6-24,false,51310,"Federal Subsidy Rates for Student Loans, Fair-Value Estimates / Sudent Loans / Subsidized",fiscal_year,2027,2027,2027,14,7
Student Loans,Subsidized,2028,37.3,Percent,51310-2024-06-studentloan.xlsx,studentloanT7_6-24,false,51310,"Federal Subsidy Rates for Student Loans, Fair-Value Estimates / Sudent Loans / Subsidized",fiscal_year,2028,2028,2028,14,8
Student Loans,Subsidized,2029,37.3,Percent,51310-2024-06-studentloan.xlsx,studentloanT7_6-24,false,51310,"Federal Subsidy Rates for Student Loans, Fair-Value Estimates / Sudent Loans / Subsidized",fiscal_year,2029,2029,2029,14,9
Student Loans,Subsidized,2030,37.6,Percent,51310-2024-06-studentloan.xlsx,studentloanT7_6-24,false,51310,"Federal Subsidy Rates for Student Loans, Fair-Value Estimates / Sudent Loans / Subsidized",fiscal_year,2030,2030,2030,14,10
Student Loans,Subsidized,2031,37.8,Percent,51310-2024-06-studentloan.xlsx,studentloanT7_6-24,false,51310,"Federal Subsidy Rates for Student Loans, Fair-Value Estimates / Sudent Loans / Subsidized",fiscal_year,2031,2031,2031,14,11
Student Loans,Subsidized,2032,37.8,Percent,51310-2024-06-studentloan.xlsx,studentloanT7_6-24,false,51310,"Federal Subsidy Rates for Student Loans, Fair-Value Estimates / Sudent Loans / Subsidized",fiscal_year,2032,2032,2032,14,12
Student Loans,Subsidized,2033,37.7,Percent,51310-2024-06-studentloan.xlsx,studentloanT7_6-24,false,51310,"Federal Subsidy Rates for Student Loans, Fair-Value Estimates / Sudent Loans / Subsidized",fiscal_year,2033,2033,2033,14,13
Student Loans,Subsidized,2034,37.4,Percent,51310-2024-06-studentloan.xlsx,studentloanT7_6-24,false,51310,"Federal Subsidy Rates for Student Loans, Fair-Value Estimates / Sudent Loans / Subsidized",fiscal_year,2034,2034,2034,14,14
Student Loans,Unsubsidized Undergraduate,2024,32.3,Percent,51310-2024-06-studentloan.xlsx,studentloanT7_6-24,false,51310,"Federal Subsidy Rates for Student Loans, Fair-Value Estimates / Sudent Loans / Unsubsidized Undergraduate",fiscal_year,2024,2024,2024,15,4
Student Loans,Unsubsidized Undergraduate,2025,30.6,Percent,51310-2024-06-studentloan.xlsx,studentloanT7_6-24,false,51310,"Federal Subsidy Rates for Student Loans, Fair-Value Estimates / Sudent Loans / Unsubsidized Undergraduate",fiscal_year,2025,2025,2025,15,5
Student Loans,Unsubsidized Undergraduate,2026,30.5,Percent,51310-2024-06-studentloan.xlsx,studentloanT7_6-24,false,51310,"Federal Subsidy Rates for Student Loans, Fair-Value Estimates / Sudent Loans / Unsubsidized Undergraduate",fiscal_year,2026,2026,2026,15,6
Student Loans,Unsubsidized Undergraduate,2027,30.8,Percent,51310-2024-06-studentloan.xlsx,studentloanT7_6-24,false,51310,"Federal Subsidy Rates for Student Loans, Fair-Value Estimates / Sudent Loans / Unsubsidized Undergraduate",fiscal_year,2027,2027,2027,15,7
Student Loans,Unsubsidized Undergraduate,2028,31.2,Percent,51310-2024-06-studentloan.xlsx,studentloanT7_6-24,false,51310,"Federal Subsidy Rates for Student Loans, Fair-Value Estimates / Sudent Loans / Unsubsidized Undergraduate",fiscal_year,2028,2028,2028,15,8
Student Loans,Unsubsidized Undergraduate,2029,31.0,Percent,51310-2024-06-studentloan.xlsx,studentloanT7_6-24,false,51310,"Federal Subsidy Rates for Student Loans, Fair-Value Estimates / Sudent Loans / Unsubsidized Undergraduate",fiscal_year,2029,2029,2029,15,9
Student Loans,Unsubsidized Undergraduate,2030,31.1,Percent,51310-2024-06-studentloan.xlsx,studentloanT7_6-24,false,51310,"Federal Subsidy Rates for Student Loans, Fair-Value Estimates / Sudent Loans / Unsubsidized Undergraduate",fiscal_year,2030,2030,2030,15,10
Student Loans,Unsubsidized Undergraduate,2031,31.3,Percent,51310-2024-06-studentloan.xlsx,studentloanT7_6-24,false,51310,"Federal Subsidy Rates for Student Loans, Fair-Value Estimates / Sudent Loans / Unsubsidized Undergraduate",fiscal_year,2031,2031,2031,15,11
Student Loans,Unsubsidized Undergraduate,2032,31.3,Percent,51310-2024-06-studentloan.xlsx,studentloanT7_6-24,false,51310,"Federal Subsidy Rates for Student Loans, Fair-Value Estimates / Sudent Loans / Unsubsidized Undergraduate",fiscal_year,2032,2032,2032,15,12
Student Loans,Unsubsidized Undergraduate,2033,31.3,Percent,51310-2024-06-studentloan.xlsx,studentloanT7_6-24,false,51310,"Federal Subsidy Rates for Student Loans, Fair-Value Estimates / Sudent Loans / Unsubsidized Undergraduate",fiscal_year,2033,2033,2033,15,13
Student Loans,Unsubsidized Undergraduate,2034,31.3,Percent,51310-2024-06-studentloan.xlsx,studentloanT7_6-24,false,51310,"Federal Subsidy Rates for Student Loans, Fair-Value Estimates / Sudent Loans / Unsubsidized Undergraduate",fiscal_year,2034,2034,2034,15,14
Student Loans,Unsubsidized Graduate,2024,24.3,Percent,51310-2024-06-studentloan.xlsx,studentloanT7_6-24,false,51310,"Federal Subsidy Rates for Student Loans, Fair-Value Estimates / Sudent Loans / Unsubsidized Graduate",fiscal_year,2024,2024,2024,16,4
Student Loans,Unsubsidized Graduate,2025,21.9,Percent,51310-2024-06-studentloan.xlsx,studentloanT7_6-24,false,51310,"Federal Subsidy Rates for Student Loans, Fair-Value Estimates / Sudent Loans / Unsubsidized Graduate",fiscal_year,2025,2025,2025,16,5
Student Loans,Unsubsidized Graduate,2026,21.8,Percent,51310-2024-06-studentloan.xlsx,studentloanT7_6-24,false,51310,"Federal Subsidy Rates for Student Loans, Fair-Value Estimates / Sudent Loans / Unsubsidized Graduate",fiscal_year,2026,2026,2026,16,6
Student Loans,Unsubsidized Graduate,2027,22.4,Percent,51310-2024-06-studentloan.xlsx,studentloanT7_6-24,false,51310,"Federal Subsidy Rates for Student Loans, Fair-Value Estimates / Sudent Loans / Unsubsidized Graduate",fiscal_year,2027,2027,2027,16,7
Student Loans,Unsubsidized Graduate,2028,22.7,Percent,51310-2024-06-studentloan.xlsx,studentloanT7_6-24,false,51310,"Federal Subsidy Rates for Student Loans, Fair-Value Estimates / Sudent Loans / Unsubsidized Graduate",fiscal_year,2028,2028,2028,16,8
Student Loans,Unsubsidized Graduate,2029,22.9,Percent,51310-2024-06-studentloan.xlsx,studentloanT7_6-24,false,51310,"Federal Subsidy Rates for Student Loans, Fair-Value Estimates / Sudent Loans / Unsubsidized Graduate",fiscal_year,2029,2029,2029,16,9
Student Loans,Unsubsidized Graduate,2030,23.3,Percent,51310-2024-06-studentloan.xlsx,studentloanT7_6-24,false,51310,"Federal Subsidy Rates for Student Loans, Fair-Value Estimates / Sudent Loans / Unsubsidized Graduate",fiscal_year,2030,2030,2030,16,10
Student Loans,Unsubsidized Graduate,2031,23.3,Percent,51310-2024-06-studentloan.xlsx,studentloanT7_6-24,false,51310,"Federal Subsidy Rates for Student Loans, Fair-Value Estimates / Sudent Loans / Unsubsidized Graduate",fiscal_year,2031,2031,2031,16,11
Student Loans,Unsubsidized Graduate,2032,23.4,Percent,51310-2024-06-studentloan.xlsx,studentloanT7_6-24,false,51310,"Federal Subsidy Rates for Student Loans, Fair-Value Estimates / Sudent Loans / Unsubsidized Graduate",fiscal_year,2032,2032,2032,16,12
Student Loans,Unsubsidized Graduate,2033,23.2,Percent,51310-2024-06-studentloan.xlsx,studentloanT7_6-24,false,51310,"Federal Subsidy Rates for Student Loans, Fair-Value Estimates / Sudent Loans / Unsubsidized Graduate",fiscal_year,2033,2033,2033,16,13
Student Loans,Unsubsidized Graduate,2034,22.8,Percent,51310-2024-06-studentloan.xlsx,studentloanT7_6-24,false,51310,"Federal Subsidy Rates for Student Loans, Fair-Value Estimates / Sudent Loans / Unsubsidized Graduate",fiscal_year,2034,2034,2034,16,14
Student Loans,GradPLUS,2024,30.8,Percent,51310-2024-06-studentloan.xlsx,studentloanT7_6-24,false,51310,"Federal Subsidy Rates for Student Loans, Fair-Value Estimates / Sudent Loans / GradPLUS",fiscal_year,2024,2024,2024,17,4
Student Loans,GradPLUS,2025,29.4,Percent,51310-2024-06-studentloan.xlsx,studentloanT7_6-24,false,51310,"Federal Subsidy Rates for Student Loans, Fair-Value Estimates / Sudent Loans / GradPLUS",fiscal_year,2025,2025,2025,17,5
Student Loans,GradPLUS,2026,30.2,Percent,51310-2024-06-studentloan.xlsx,studentloanT7_6-24,false,51310,"Federal Subsidy Rates for Student Loans, Fair-Value Estimates / Sudent Loans / GradPLUS",fiscal_year,2026,2026,2026,17,6
Student Loans,GradPLUS,2027,30.1,Percent,51310-2024-06-studentloan.xlsx,studentloanT7_6-24,false,51310,"Federal Subsidy Rates for Student Loans, Fair-Value Estimates / Sudent Loans / GradPLUS",fiscal_year,2027,2027,2027,17,7
Student Loans,GradPLUS,2028,29.9,Percent,51310-2024-06-studentloan.xlsx,studentloanT7_6-24,false,51310,"Federal Subsidy Rates for Student Loans, Fair-Value Estimates / Sudent Loans / GradPLUS",fiscal_year,2028,2028,2028,17,8
Student Loans,GradPLUS,2029,30.0,Percent,51310-2024-06-studentloan.xlsx,studentloanT7_6-24,false,51310,"Federal Subsidy Rates for Student Loans, Fair-Value Estimates / Sudent Loans / GradPLUS",fiscal_year,2029,2029,2029,17,9
Student Loans,GradPLUS,2030,30.4,Percent,51310-2024-06-studentloan.xlsx,studentloanT7_6-24,false,51310,"Federal Subsidy Rates for Student Loans, Fair-Value Estimates / Sudent Loans / GradPLUS",fiscal_year,2030,2030,2030,17,10
Student Loans,GradPLUS,2031,30.6,Percent,51310-2024-06-studentloan.xlsx,studentloanT7_6-24,false,51310,"Federal Subsidy Rates for Student Loans, Fair-Value Estimates / Sudent Loans / GradPLUS",fiscal_year,2031,2031,2031,17,11
Student Loans,GradPLUS,2032,30.6,Percent,51310-2024-06-studentloan.xlsx,studentloanT7_6-24,false,51310,"Federal Subsidy Rates for Student Loans, Fair-Value Estimates / Sudent Loans / GradPLUS",fiscal_year,2032,2032,2032,17,12
Student Loans,GradPLUS,2033,30.5,Percent,51310-2024-06-studentloan.xlsx,studentloanT7_6-24,false,51310,"Federal Subsidy Rates for Student Loans, Fair-Value Estimates / Sudent Loans / GradPLUS",fiscal_year,2033,2033,2033,17,13
Student Loans,GradPLUS,2034,29.7,Percent,51310-2024-06-studentloan.xlsx,studentloanT7_6-24,false,51310,"Federal Subsidy Rates for Student Loans, Fair-Value Estimates / Sudent Loans / GradPLUS",fiscal_year,2034,2034,2034,17,14
Student Loans,Parent PLUS,2024,-3.1,Percent,51310-2024-06-studentloan.xlsx,studentloanT7_6-24,false,51310,"Federal Subsidy Rates for Student Loans, Fair-Value Estimates / Sudent Loans / Parent PLUS",fiscal_year,2024,2024,2024,18,4
Student Loans,Parent PLUS,2025,-4.1,Percent,51310-2024-06-studentloan.xlsx,studentloanT7_6-24,false,51310,"Federal Subsidy Rates for Student Loans, Fair-Value Estimates / Sudent Loans / Parent PLUS",fiscal_year,2025,2025,2025,18,5
Student Loans,Parent PLUS,2026,-4.6,Percent,51310-2024-06-studentloan.xlsx,studentloanT7_6-24,false,51310,"Federal Subsidy Rates for Student Loans, Fair-Value Estimates / Sudent Loans / Parent PLUS",fiscal_year,2026,2026,2026,18,6
Student Loans,Parent PLUS,2027,-4.3,Percent,51310-2024-06-studentloan.xlsx,studentloanT7_6-24,false,51310,"Federal Subsidy Rates for Student Loans, Fair-Value Estimates / Sudent Loans / Parent PLUS",fiscal_year,2027,2027,2027,18,7
Student Loans,Parent PLUS,2028,-3.8,Percent,51310-2024-06-studentloan.xlsx,studentloanT7_6-24,false,51310,"Federal Subsidy Rates for Student Loans, Fair-Value Estimates / Sudent Loans / Parent PLUS",fiscal_year,2028,2028,2028,18,8
Student Loans,Parent PLUS,2029,-3.4,Percent,51310-2024-06-studentloan.xlsx,studentloanT7_6-24,false,51310,"Federal Subsidy Rates for Student Loans, Fair-Value Estimates / Sudent Loans / Parent PLUS",fiscal_year,2029,2029,2029,18,9
Student Loans,Parent PLUS,2030,-2.9,Percent,51310-2024-06-studentloan.xlsx,studentloanT7_6-24,false,51310,"Federal Subsidy Rates for Student Loans, Fair-Value Estimates / Sudent Loans / Parent PLUS",fiscal_year,2030,2030,2030,18,10
Student Loans,Parent PLUS,2031,-2.5,Percent,51310-2024-06-studentloan.xlsx,studentloanT7_6-24,false,51310,"Federal Subsidy Rates for Student Loans, Fair-Value Estimates / Sudent Loans / Parent PLUS",fiscal_year,2031,2031,2031,18,11
Student Loans,Parent PLUS,2032,-2.1,Percent,51310-2024-06-studentloan.xlsx,studentloanT7_6-24,false,51310,"Federal Subsidy Rates for Student Loans, Fair-Value Estimates / Sudent Loans / Parent PLUS",fiscal_year,2032,2032,2032,18,12
Student Loans,Parent PLUS,2033,-1.9,Percent,51310-2024-06-studentloan.xlsx,studentloanT7_6-24,false,51310,"Federal Subsidy Rates for Student Loans, Fair-Value Estimates / Sudent Loans / Parent PLUS",fiscal_year,2033,2033,2033,18,13
Student Loans,Parent PLUS,2034,-1.8,Percent,51310-2024-06-studentloan.xlsx,studentloanT7_6-24,false,51310,"Federal Subsidy Rates for Student Loans, Fair-Value Estimates / Sudent Loans / Parent PLUS",fiscal_year,2034,2034,2034,18,14
Student Loans,Subsidized,2024,14.4,Percent,51310-2024-06-studentloan.xlsx,studentloanT7_6-24,false,51310,"Federal Subsidy Rates for Student Loans, Fair-Value Estimates / Repayment Plansa / Fixed Term / Subsidized",fiscal_year,2024,2024,2024,23,4
Student Loans,Subsidized,2025,13.1,Percent,51310-2024-06-studentloan.xlsx,studentloanT7_6-24,false,51310,"Federal Subsidy Rates for Student Loans, Fair-Value Estimates / Repayment Plansa / Fixed Term / Subsidized",fiscal_year,2025,2025,2025,23,5
Student Loans,Subsidized,2026,12.4,Percent,51310-2024-06-studentloan.xlsx,studentloanT7_6-24,false,51310,"Federal Subsidy Rates for Student Loans, Fair-Value Estimates / Repayment Plansa / Fixed Term / Subsidized",fiscal_year,2026,2026,2026,23,6
Student Loans,Subsidized,2027,12.8,Percent,51310-2024-06-studentloan.xlsx,studentloanT7_6-24,false,51310,"Federal Subsidy Rates for Student Loans, Fair-Value Estimates / Repayment Plansa / Fixed Term / Subsidized",fiscal_year,2027,2027,2027,23,7
Student Loans,Subsidized,2028,13.5,Percent,51310-2024-06-studentloan.xlsx,studentloanT7_6-24,false,51310,"Federal Subsidy Rates for Student Loans, Fair-Value Estimates / Repayment Plansa / Fixed Term / Subsidized",fiscal_year,2028,2028,2028,23,8
Student Loans,Subsidized,2029,14.0,Percent,51310-2024-06-studentloan.xlsx,studentloanT7_6-24,false,51310,"Federal Subsidy Rates for Student Loans, Fair-Value Estimates / Repayment Plansa / Fixed Term / Subsidized",fiscal_year,2029,2029,2029,23,9
Student Loans,Subsidized,2030,14.5,Percent,51310-2024-06-studentloan.xlsx,studentloanT7_6-24,false,51310,"Federal Subsidy Rates for Student Loans, Fair-Value Estimates / Repayment Plansa / Fixed Term / Subsidized",fiscal_year,2030,2030,2030,23,10
Student Loans,Subsidized,2031,15.0,Percent,51310-2024-06-studentloan.xlsx,studentloanT7_6-24,false,51310,"Federal Subsidy Rates for Student Loans, Fair-Value Estimates / Repayment Plansa / Fixed Term / Subsidized",fiscal_year,2031,2031,2031,23,11
Student Loans,Subsidized,2032,15.3,Percent,51310-2024-06-studentloan.xlsx,studentloanT7_6-24,false,51310,"Federal Subsidy Rates for Student Loans, Fair-Value Estimates / Repayment Plansa / Fixed Term / Subsidized",fiscal_year,2032,2032,2032,23,12
Student Loans,Subsidized,2033,15.5,Percent,51310-2024-06-studentloan.xlsx,studentloanT7_6-24,false,51310,"Federal Subsidy Rates for Student Loans, Fair-Value Estimates / Repayment Plansa / Fixed Term / Subsidized",fiscal_year,2033,2033,2033,23,13
Student Loans,Subsidized,2034,15.5,Percent,51310-2024-06-studentloan.xlsx,studentloanT7_6-24,false,51310,"Federal Subsidy Rates for Student Loans, Fair-Value Estimates / Repayment Plansa / Fixed Term / Subsidized",fiscal_year,2034,2034,2034,23,14
Student Loans,Unsubsidized Undergraduate,2024,3.7,Percent,51310-2024-06-studentloan.xlsx,studentloanT7_6-24,false,51310,"Federal Subsidy Rates for Student Loans, Fair-Value Estimates / Repayment Plansa / Fixed Term / Unsubsidized Undergraduate",fiscal_year,2024,2024,2024,24,4
Student Loans,Unsubsidized Undergraduate,2025,1.8,Percent,51310-2024-06-studentloan.xlsx,studentloanT7_6-24,false,51310,"Federal Subsidy Rates for Student Loans, Fair-Value Estimates / Repayment Plansa / Fixed Term / Unsubsidized Undergraduate",fiscal_year,2025,2025,2025,24,5
Student Loans,Unsubsidized Undergraduate,2026,1.7,Percent,51310-2024-06-studentloan.xlsx,studentloanT7_6-24,false,51310,"Federal Subsidy Rates for Student Loans, Fair-Value Estimates / Repayment Plansa / Fixed Term / Unsubsidized Undergraduate",fiscal_year,2026,2026,2026,24,6
Student Loans,Unsubsidized Undergraduate,2027,2.5,Percent,51310-2024-06-studentloan.xlsx,studentloanT7_6-24,false,51310,"Federal Subsidy Rates for Student Loans, Fair-Value Estimates / Repayment Plansa / Fixed Term / Unsubsidized Undergraduate",fiscal_year,2027,2027,2027,24,7
Student Loans,Unsubsidized Undergraduate,2028,3.4,Percent,51310-2024-06-studentloan.xlsx,studentloanT7_6-24,false,51310,"Federal Subsidy Rates for Student Loans, Fair-Value Estimates / Repayment Plansa / Fixed Term / Unsubsidized Undergraduate",fiscal_year,2028,2028,2028,24,8
Student Loans,Unsubsidized Undergraduate,2029,3.7,Percent,51310-2024-06-studentloan.xlsx,studentloanT7_6-24,false,51310,"Federal Subsidy Rates for Student Loans, Fair-Value Estimates / Repayment Plansa / Fixed Term / Unsubsidized Undergraduate",fiscal_year,2029,2029,2029,24,9
Student Loans,Unsubsidized Undergraduate,2030,4.1,Percent,51310-2024-06-studentloan.xlsx,studentloanT7_6-24,false,51310,"Federal Subsidy Rates for Student Loans, Fair-Value Estimates / Repayment Plansa / Fixed Term / Unsubsidized Undergraduate",fiscal_year,2030,2030,2030,24,10
Student Loans,Unsubsidized Undergraduate,2031,4.6,Percent,51310-2024-06-studentloan.xlsx,studentloanT7_6-24,false,51310,"Federal Subsidy Rates for Student Loans, Fair-Value Estimates / Repayment Plansa / Fixed Term / Unsubsidized Undergraduate",fiscal_year,2031,2031,2031,24,11
Student Loans,Unsubsidized Undergraduate,2032,4.9,Percent,51310-2024-06-studentloan.xlsx,studentloanT7_6-24,false,51310,"Federal Subsidy Rates for Student Loans, Fair-Value Estimates / Repayment Plansa / Fixed Term / Unsubsidized Undergraduate",fiscal_year,2032,2032,2032,24,12
Student Loans,Unsubsidized Undergraduate,2033,5.0,Percent,51310-2024-06-studentloan.xlsx,studentloanT7_6-24,false,51310,"Federal Subsidy Rates for Student Loans, Fair-Value Estimates / Repayment Plansa / Fixed Term / Unsubsidized Undergraduate",fiscal_year,2033,2033,2033,24,13
Student Loans,Unsubsidized Undergraduate,2034,5.1,Percent,51310-2024-06-studentloan.xlsx,studentloanT7_6-24,false,51310,"Federal Subsidy Rates for Student Loans, Fair-Value Estimates / Repayment Plansa / Fixed Term / Unsubsidized Undergraduate",fiscal_year,2034,2034,2034,24,14
Student Loans,Unsubsidized Graduate,2024,-9.8,Percent,51310-2024-06-studentloan.xlsx,studentloanT7_6-24,false,51310,"Federal Subsidy Rates for Student Loans, Fair-Value Estimates / Repayment Plansa / Fixed Term / Unsubsidized Graduate",fiscal_year,2024,2024,2024,25,4
Student Loans,Unsubsidized Graduate,2025,-12.5,Percent,51310-2024-06-studentloan.xlsx,studentloanT7_6-24,false,51310,"Federal Subsidy Rates for Student Loans, Fair-Value Estimates / Repayment Plansa / Fixed Term / Unsubsidized Graduate",fiscal_year,2025,2025,2025,25,5
Student Loans,Unsubsidized Graduate,2026,-12.8,Percent,51310-2024-06-studentloan.xlsx,studentloanT7_6-24,false,51310,"Federal Subsidy Rates for Student Loans, Fair-Value Estimates / Repayment Plansa / Fixed Term / Unsubsidized Graduate",fiscal_year,2026,2026,2026,25,6
Student Loans,Unsubsidized Graduate,2027,-12.2,Percent,51310-2024-06-studentloan.xlsx,studentloanT7_6-24,false,51310,"Federal Subsidy Rates for Student Loans, Fair-Value Estimates / Repayment Plansa / Fixed Term / Unsubsidized Graduate",fiscal_year,2027,2027,2027,25,7
Student Loans,Unsubsidized Graduate,2028,-11.3,Percent,51310-2024-06-studentloan.xlsx,studentloanT7_6-24,false,51310,"Federal Subsidy Rates for Student Loans, Fair-Value Estimates / Repayment Plansa / Fixed Term / Unsubsidized Graduate",fiscal_year,2028,2028,2028,25,8
Student Loans,Unsubsidized Graduate,2029,-10.6,Percent,51310-2024-06-studentloan.xlsx,studentloanT7_6-24,false,51310,"Federal Subsidy Rates for Student Loans, Fair-Value Estimates / Repayment Plansa / Fixed Term / Unsubsidized Graduate",fiscal_year,2029,2029,2029,25,9
Student Loans,Unsubsidized Graduate,2030,-10.0,Percent,51310-2024-06-studentloan.xlsx,studentloanT7_6-24,false,51310,"Federal Subsidy Rates for Student Loans, Fair-Value Estimates / Repayment Plansa / Fixed Term / Unsubsidized Graduate",fiscal_year,2030,2030,2030,25,10
Student Loans,Unsubsidized Graduate,2031,-9.4,Percent,51310-2024-06-studentloan.xlsx,studentloanT7_6-24,false,51310,"Federal Subsidy Rates for Student Loans, Fair-Value Estimates / Repayment Plansa / Fixed Term / Unsubsidized Graduate",fiscal_year,2031,2031,2031,25,11
Student Loans,Unsubsidized Graduate,2032,-9.0,Percent,51310-2024-06-studentloan.xlsx,studentloanT7_6-24,false,51310,"Federal Subsidy Rates for Student Loans, Fair-Value Estimates / Repayment Plansa / Fixed Term / Unsubsidized Graduate",fiscal_year,2032,2032,2032,25,12
Student Loans,Unsubsidized Graduate,2033,-8.9,Percent,51310-2024-06-studentloan.xlsx,studentloanT7_6-24,false,51310,"Federal Subsidy Rates for Student Loans, Fair-Value Estimates / Repayment Plansa / Fixed Term / Unsubsidized Graduate",fiscal_year,2033,2033,2033,25,13
Student Loans,Unsubsidized Graduate,2034,-8.8,Percent,51310-2024-06-studentloan.xlsx,studentloanT7_6-24,false,51310,"Federal Subsidy Rates for Student Loans, Fair-Value Estimates / Repayment Plansa / Fixed Term / Unsubsidized Graduate",fiscal_year,2034,2034,2034,25,14
Student Loans,GradPLUS,2024,-20.3,Percent,51310-2024-06-studentloan.xlsx,studentloanT7_6-24,false,51310,"Federal Subsidy Rates for Student Loans, Fair-Value Estimates / Repayment Plansa / Fixed Term / GradPLUS",fiscal_year,2024,2024,2024,26,4
Student Loans,GradPLUS,2025,-22.8,Percent,51310-2024-06-studentloan.xlsx,studentloanT7_6-24,false,51310,"Federal Subsidy Rates for Student Loans, Fair-Value Estimates / Repayment Plansa / Fixed Term / GradPLUS",fiscal_year,2025,2025,2025,26,5
Student Loans,GradPLUS,2026,-23.3,Percent,51310-2024-06-studentloan.xlsx,studentloanT7_6-24,false,51310,"Federal Subsidy Rates for Student Loans, Fair-Value Estimates / Repayment Plansa / Fixed Term / GradPLUS",fiscal_year,2026,2026,2026,26,6
Student Loans,GradPLUS,2027,-22.7,Percent,51310-2024-06-studentloan.xlsx,studentloanT7_6-24,false,51310,"Federal Subsidy Rates for Student Loans, Fair-Value Estimates / Repayment Plansa / Fixed Term / GradPLUS",fiscal_year,2027,2027,2027,26,7
Student Loans,GradPLUS,2028,-21.8,Percent,51310-2024-06-studentloan.xlsx,studentloanT7_6-24,false,51310,"Federal Subsidy Rates for Student Loans, Fair-Value Estimates / Repayment Plansa / Fixed Term / GradPLUS",fiscal_year,2028,2028,2028,26,8
Student Loans,GradPLUS,2029,-21.1,Percent,51310-2024-06-studentloan.xlsx,studentloanT7_6-24,false,51310,"Federal Subsidy Rates for Student Loans, Fair-Value Estimates / Repayment Plansa / Fixed Term / GradPLUS",fiscal_year,2029,2029,2029,26,9
Student Loans,GradPLUS,2030,-20.4,Percent,51310-2024-06-studentloan.xlsx,studentloanT7_6-24,false,51310,"Federal Subsidy Rates for Student Loans, Fair-Value Estimates / Repayment Plansa / Fixed Term / GradPLUS",fiscal_year,2030,2030,2030,26,10
Student Loans,GradPLUS,2031,-19.8,Percent,51310-2024-06-studentloan.xlsx,studentloanT7_6-24,false,51310,"Federal Subsidy Rates for Student Loans, Fair-Value Estimates / Repayment Plansa / Fixed Term / GradPLUS",fiscal_year,2031,2031,2031,26,11
Student Loans,GradPLUS,2032,-19.2,Percent,51310-2024-06-studentloan.xlsx,studentloanT7_6-24,false,51310,"Federal Subsidy Rates for Student Loans, Fair-Value Estimates / Repayment Plansa / Fixed Term / GradPLUS",fiscal_year,2032,2032,2032,26,12
Student Loans,GradPLUS,2033,-19.0,Percent,51310-2024-06-studentloan.xlsx,studentloanT7_6-24,false,51310,"Federal Subsidy Rates for Student Loans, Fair-Value Estimates / Repayment Plansa / Fixed Term / GradPLUS",fiscal_year,2033,2033,2033,26,13
Student Loans,GradPLUS,2034,-18.9,Percent,51310-2024-06-studentloan.xlsx,studentloanT7_6-24,false,51310,"Federal Subsidy Rates for Student Loans, Fair-Value Estimates / Repayment Plansa / Fixed Term / GradPLUS",fiscal_year,2034,2034,2034,26,14
Student Loans,Parent PLUSb,2024,-3.1,Percent,51310-2024-06-studentloan.xlsx,studentloanT7_6-24,false,51310,"Federal Subsidy Rates for Student Loans, Fair-Value Estimates / Repayment Plansa / Fixed Term / Parent PLUSb",fiscal_year,2024,2024,2024,27,4
Student Loans,Parent PLUSb,2025,-4.1,Percent,51310-2024-06-studentloan.xlsx,studentloanT7_6-24,false,51310,"Federal Subsidy Rates for Student Loans, Fair-Value Estimates / Repayment Plansa / Fixed Term / Parent PLUSb",fiscal_year,2025,2025,2025,27,5
Student Loans,Parent PLUSb,2026,-4.6,Percent,51310-2024-06-studentloan.xlsx,studentloanT7_6-24,false,51310,"Federal Subsidy Rates for Student Loans, Fair-Value Estimates / Repayment Plansa / Fixed Term / Parent PLUSb",fiscal_year,2026,2026,2026,27,6
Student Loans,Parent PLUSb,2027,-4.3,Percent,51310-2024-06-studentloan.xlsx,studentloanT7_6-24,false,51310,"Federal Subsidy Rates for Student Loans, Fair-Value Estimates / Repayment Plansa / Fixed Term / Parent PLUSb",fiscal_year,2027,2027,2027,27,7
Student Loans,Parent PLUSb,2028,-3.8,Percent,51310-2024-06-studentloan.xlsx,studentloanT7_6-24,false,51310,"Federal Subsidy Rates for Student Loans, Fair-Value Estimates / Repayment Plansa / Fixed Term / Parent PLUSb",fiscal_year,2028,2028,2028,27,8
Student Loans,Parent PLUSb,2029,-3.4,Percent,51310-2024-06-studentloan.xlsx,studentloanT7_6-24,false,51310,"Federal Subsidy Rates for Student Loans, Fair-Value Estimates / Repayment Plansa / Fixed Term / Parent PLUSb",fiscal_year,2029,2029,2029,27,9
Student Loans,Parent PLUSb,2030,-2.9,Percent,51310-2024-06-studentloan.xlsx,studentloanT7_6-24,false,51310,"Federal Subsidy Rates for Student Loans, Fair-Value Estimates / Repayment Plansa / Fixed Term / Parent PLUSb",fiscal_year,2030,2030,2030,27,10
Student Loans,Parent PLUSb,2031,-2.5,Percent,51310-2024-06-studentloan.xlsx,studentloanT7_6-24,false,51310,"Federal Subsidy Rates for Student Loans, Fair-Value Estimates / Repayment Plansa / Fixed Term / Parent PLUSb",fiscal_year,2031,2031,2031,27,11
Student Loans,Parent PLUSb,2032,-2.1,Percent,51310-2024-06-studentloan.xlsx,studentloanT7_6-24,false,51310,"Federal Subsidy Rates for Student Loans, Fair-Value Estimates / Repayment Plansa / Fixed Term / Parent PLUSb",fiscal_year,2032,2032,2032,27,12
Student Loans,Parent PLUSb,2033,-1.9,Percent,51310-2024-06-studentloan.xlsx,studentloanT7_6-24,false,51310,"Federal Subsidy Rates for Student Loans, Fair-Value Estimates / Repayment Plansa / Fixed Term / Parent PLUSb",fiscal_year,2033,2033,2033,27,13
Student Loans,Parent PLUSb,2034,-1.8,Percent,51310-2024-06-studentloan.xlsx,studentloanT7_6-24,false,51310,"Federal Subsidy Rates for Student Loans, Fair-Value Estimates / Repayment Plansa / Fixed Term / Parent PLUSb",fiscal_year,2034,2034,2034,27,14
Student Loans,Subsidized,2024,51.1,Percent,51310-2024-06-studentloan.xlsx,studentloanT7_6-24,false,51310,"Federal Subsidy Rates for Student Loans, Fair-Value Estimates / Repayment Plansa / Income Driven / Subsidized",fiscal_year,2024,2024,2024,30,4
Student Loans,Subsidized,2025,49.6,Percent,51310-2024-06-studentloan.xlsx,studentloanT7_6-24,false,51310,"Federal Subsidy Rates for Student Loans, Fair-Value Estimates / Repayment Plansa / Income Driven / Subsidized",fiscal_year,2025,2025,2025,30,5
Student Loans,Subsidized,2026,48.7,Percent,51310-2024-06-studentloan.xlsx,studentloanT7_6-24,false,51310,"Federal Subsidy Rates for Student Loans, Fair-Value Estimates / Repayment Plansa / Income Driven / Subsidized",fiscal_year,2026,2026,2026,30,6
Student Loans,Subsidized,2027,48.4,Percent,51310-2024-06-studentloan.xlsx,studentloanT7_6-24,false,51310,"Federal Subsidy Rates for Student Loans, Fair-Value Estimates / Repayment Plansa / Income Driven / Subsidized",fiscal_year,2027,2027,2027,30,7
Student Loans,Subsidized,2028,48.7,Percent,51310-2024-06-studentloan.xlsx,studentloanT7_6-24,false,51310,"Federal Subsidy Rates for Student Loans, Fair-Value Estimates / Repayment Plansa / Income Driven / Subsidized",fiscal_year,2028,2028,2028,30,8
Student Loans,Subsidized,2029,48.7,Percent,51310-2024-06-studentloan.xlsx,studentloanT7_6-24,false,51310,"Federal Subsidy Rates for Student Loans, Fair-Value Estimates / Repayment Plansa / Income Driven / Subsidized",fiscal_year,2029,2029,2029,30,9
Student Loans,Subsidized,2030,48.9,Percent,51310-2024-06-studentloan.xlsx,studentloanT7_6-24,false,51310,"Federal Subsidy Rates for Student Loans, Fair-Value Estimates / Repayment Plansa / Income Driven / Subsidized",fiscal_year,2030,2030,2030,30,10
Student Loans,Subsidized,2031,48.9,Percent,51310-2024-06-studentloan.xlsx,studentloanT7_6-24,false,51310,"Federal Subsidy Rates for Student Loans, Fair-Value Estimates / Repayment Plansa / Income Driven / Subsidized",fiscal_year,2031,2031,2031,30,11
Student Loans,Subsidized,2032,48.8,Percent,51310-2024-06-studentloan.xlsx,studentloanT7_6-24,false,51310,"Federal Subsidy Rates for Student Loans, Fair-Value Estimates / Repayment Plansa / Income Driven / Subsidized",fiscal_year,2032,2032,2032,30,12
Student Loans,Subsidized,2033,48.5,Percent,51310-2024-06-studentloan.xlsx,studentloanT7_6-24,false,51310,"Federal Subsidy Rates for Student Loans, Fair-Value Estimates / Repayment Plansa / Income Driven / Subsidized",fiscal_year,2033,2033,2033,30,13
Student Loans,Subsidized,2034,48.1,Percent,51310-2024-06-studentloan.xlsx,studentloanT7_6-24,false,51310,"Federal Subsidy Rates for Student Loans, Fair-Value Estimates / Repayment Plansa / Income Driven / Subsidized",fiscal_year,2034,2034,2034,30,14
Student Loans,Unsubsidized Undergraduate,2024,43.2,Percent,51310-2024-06-studentloan.xlsx,studentloanT7_6-24,false,51310,"Federal Subsidy Rates for Student Loans, Fair-Value Estimates / Repayment Plansa / Income Driven / Unsubsidized Undergraduate",fiscal_year,2024,2024,2024,31,4
Student Loans,Unsubsidized Undergraduate,2025,41.0,Percent,51310-2024-06-studentloan.xlsx,studentloanT7_6-24,false,51310,"Federal Subsidy Rates for Student Loans, Fair-Value Estimates / Repayment Plansa / Income Driven / Unsubsidized Undergraduate",fiscal_year,2025,2025,2025,31,5
Student Loans,Unsubsidized Undergraduate,2026,40.9,Percent,51310-2024-06-studentloan.xlsx,studentloanT7_6-24,false,51310,"Federal Subsidy Rates for Student Loans, Fair-Value Estimates / Repayment Plansa / Income Driven / Unsubsidized Undergraduate",fiscal_year,2026,2026,2026,31,6
Student Loans,Unsubsidized Undergraduate,2027,41.3,Percent,51310-2024-06-studentloan.xlsx,studentloanT7_6-24,false,51310,"Federal Subsidy Rates for Student Loans, Fair-Value Estimates / Repayment Plansa / Income Driven / Unsubsidized Undergraduate",fiscal_year,2027,2027,2027,31,7
Student Loans,Unsubsidized Undergraduate,2028,41.7,Percent,51310-2024-06-studentloan.xlsx,studentloanT7_6-24,false,51310,"Federal Subsidy Rates for Student Loans, Fair-Value Estimates / Repayment Plansa / Income Driven / Unsubsidized Undergraduate",fiscal_year,2028,2028,2028,31,8
Student Loans,Unsubsidized Undergraduate,2029,41.6,Percent,51310-2024-06-studentloan.xlsx,studentloanT7_6-24,false,51310,"Federal Subsidy Rates for Student Loans, Fair-Value Estimates / Repayment Plansa / Income Driven / Unsubsidized Undergraduate",fiscal_year,2029,2029,2029,31,9
Student Loans,Unsubsidized Undergraduate,2030,41.6,Percent,51310-2024-06-studentloan.xlsx,studentloanT7_6-24,false,51310,"Federal Subsidy Rates for Student Loans, Fair-Value Estimates / Repayment Plansa / Income Driven / Unsubsidized Undergraduate",fiscal_year,2030,2030,2030,31,10
Student Loans,Unsubsidized Undergraduate,2031,41.7,Percent,51310-2024-06-studentloan.xlsx,studentloanT7_6-24,false,51310,"Federal Subsidy Rates for Student Loans, Fair-Value Estimates / Repayment Plansa / Income Driven / Unsubsidized Undergraduate",fiscal_year,2031,2031,2031,31,11
Student Loans,Unsubsidized Undergraduate,2032,41.5,Percent,51310-2024-06-studentloan.xlsx,studentloanT7_6-24,false,51310,"Federal Subsidy Rates for Student Loans, Fair-Value Estimates / Repayment Plansa / Income Driven / Unsubsidized Undergraduate",fiscal_year,2032,2032,2032,31,12
Student Loans,Unsubsidized Undergraduate,2033,41.5,Percent,51310-2024-06-studentloan.xlsx,studentloanT7_6-24,false,51310,"Federal Subsidy Rates for Student Loans, Fair-Value Estimates / Repayment Plansa / Income Driven / Unsubsidized Undergraduate",fiscal_year,2033,2033,2033,31,13
Student Loans,Unsubsidized Undergraduate,2034,41.4,Percent,51310-2024-06-studentloan.xlsx,studentloanT7_6-24,false,51310,"Federal Subsidy Rates for Student Loans, Fair-Value Estimates / Repayment Plansa / Income Driven / Unsubsidized Undergraduate",fiscal_year,2034,2034,2034,31,14
Student Loans,Unsubsidized Graduate,2024,34.7,Percent,51310-2024-06-studentloan.xlsx,studentloanT7_6-24,false,51310,"Federal Subsidy Rates for Student Loans, Fair-Value Estimates / Repayment Plansa / Income Driven / Unsubsidized Graduate",fiscal_year,2024,2024,2024,32,4
Student Loans,Unsubsidized Graduate,2025,32.6,Percent,51310-2024-06-studentloan.xlsx,studentloanT7_6-24,false,51310,"Federal Subsidy Rates for Student Loans, Fair-Value Estimates / Repayment Plansa / Income Driven / Unsubsidized Graduate",fiscal_year,2025,2025,2025,32,5
Student Loans,Unsubsidized Graduate,2026,32.3,Percent,51310-2024-06-studentloan.xlsx,studentloanT7_6-24,false,51310,"Federal Subsidy Rates for Student Loans, Fair-Value Estimates / Repayment Plansa / Income Driven / Unsubsidized Graduate",fiscal_year,2026,2026,2026,32,6
Student Loans,Unsubsidized Graduate,2027,32.8,Percent,51310-2024-06-studentloan.xlsx,studentloanT7_6-24,false,51310,"Federal Subsidy Rates for Student Loans, Fair-Value Estimates / Repayment Plansa / Income Driven / Unsubsidized Graduate",fiscal_year,2027,2027,2027,32,7
Student Loans,Unsubsidized Graduate,2028,33.0,Percent,51310-2024-06-studentloan.xlsx,studentloanT7_6-24,false,51310,"Federal Subsidy Rates for Student Loans, Fair-Value Estimates / Repayment Plansa / Income Driven / Unsubsidized Graduate",fiscal_year,2028,2028,2028,32,8
Student Loans,Unsubsidized Graduate,2029,33.3,Percent,51310-2024-06-studentloan.xlsx,studentloanT7_6-24,false,51310,"Federal Subsidy Rates for Student Loans, Fair-Value Estimates / Repayment Plansa / Income Driven / Unsubsidized Graduate",fiscal_year,2029,2029,2029,32,9
Student Loans,Unsubsidized Graduate,2030,33.5,Percent,51310-2024-06-studentloan.xlsx,studentloanT7_6-24,false,51310,"Federal Subsidy Rates for Student Loans, Fair-Value Estimates / Repayment Plansa / Income Driven / Unsubsidized Graduate",fiscal_year,2030,2030,2030,32,10
Student Loans,Unsubsidized Graduate,2031,33.4,Percent,51310-2024-06-studentloan.xlsx,studentloanT7_6-24,false,51310,"Federal Subsidy Rates for Student Loans, Fair-Value Estimates / Repayment Plansa / Income Driven / Unsubsidized Graduate",fiscal_year,2031,2031,2031,32,11
Student Loans,Unsubsidized Graduate,2032,33.4,Percent,51310-2024-06-studentloan.xlsx,studentloanT7_6-24,false,51310,"Federal Subsidy Rates for Student Loans, Fair-Value Estimates / Repayment Plansa / Income Driven / Unsubsidized Graduate",fiscal_year,2032,2032,2032,32,12
Student Loans,Unsubsidized Graduate,2033,33.0,Percent,51310-2024-06-studentloan.xlsx,studentloanT7_6-24,false,51310,"Federal Subsidy Rates for Student Loans, Fair-Value Estimates / Repayment Plansa / Income Driven / Unsubsidized Graduate",fiscal_year,2033,2033,2033,32,13
Student Loans,Unsubsidized Graduate,2034,32.5,Percent,51310-2024-06-studentloan.xlsx,studentloanT7_6-24,false,51310,"Federal Subsidy Rates for Student Loans, Fair-Value Estimates / Repayment Plansa / Income Driven / Unsubsidized Graduate",fiscal_year,2034,2034,2034,32,14
Student Loans,GradPLUS,2024,40.4,Percent,51310-2024-06-studentloan.xlsx,studentloanT7_6-24,false,51310,"Federal Subsidy Rates for Student Loans, Fair-Value Estimates / Repayment Plansa / Income Driven / GradPLUS",fiscal_year,2024,2024,2024,33,4
Student Loans,GradPLUS,2025,38.9,Percent,51310-2024-06-studentloan.xlsx,studentloanT7_6-24,false,51310,"Federal Subsidy Rates for Student Loans, Fair-Value Estimates / Repayment Plansa / Income Driven / GradPLUS",fiscal_year,2025,2025,2025,33,5
Student Loans,GradPLUS,2026,38.8,Percent,51310-2024-06-studentloan.xlsx,studentloanT7_6-24,false,51310,"Federal Subsidy Rates for Student Loans, Fair-Value Estimates / Repayment Plansa / Income Driven / GradPLUS",fiscal_year,2026,2026,2026,33,6
Student Loans,GradPLUS,2027,38.7,Percent,51310-2024-06-studentloan.xlsx,studentloanT7_6-24,false,51310,"Federal Subsidy Rates for Student Loans, Fair-Value Estimates / Repayment Plansa / Income Driven / GradPLUS",fiscal_year,2027,2027,2027,33,7
Student Loans,GradPLUS,2028,38.4,Percent,51310-2024-06-studentloan.xlsx,studentloanT7_6-24,false,51310,"Federal Subsidy Rates for Student Loans, Fair-Value Estimates / Repayment Plansa / Income Driven / GradPLUS",fiscal_year,2028,2028,2028,33,8
Student Loans,GradPLUS,2029,38.6,Percent,51310-2024-06-studentloan.xlsx,studentloanT7_6-24,false,51310,"Federal Subsidy Rates for Student Loans, Fair-Value Estimates / Repayment Plansa / Income Driven / GradPLUS",fiscal_year,2029,2029,2029,33,9
Student Loans,GradPLUS,2030,38.9,Percent,51310-2024-06-studentloan.xlsx,studentloanT7_6-24,false,51310,"Federal Subsidy Rates for Student Loans, Fair-Value Estimates / Repayment Plansa / Income Driven / GradPLUS",fiscal_year,2030,2030,2030,33,10
Student Loans,GradPLUS,2031,39.1,Percent,51310-2024-06-studentloan.xlsx,studentloanT7_6-24,false,51310,"Federal Subsidy Rates for Student Loans, Fair-Value Estimates / Repayment Plansa / Income Driven / GradPLUS",fiscal_year,2031,2031,2031,33,11
Student Loans,GradPLUS,2032,38.9,Percent,51310-2024-06-studentloan.xlsx,studentloanT7_6-24,false,51310,"Federal Subsidy Rates for Student Loans, Fair-Value Estimates / Repayment Plansa / Income Driven / GradPLUS",fiscal_year,2032,2032,2032,33,12
Student Loans,GradPLUS,2033,38.9,Percent,51310-2024-06-studentloan.xlsx,studentloanT7_6-24,false,51310,"Federal Subsidy Rates for Student Loans, Fair-Value Estimates / Repayment Plansa / Income Driven / GradPLUS",fiscal_year,2033,2033,2033,33,13
Student Loans,GradPLUS,2034,37.8,Percent,51310-2024-06-studentloan.xlsx,studentloanT7_6-24,false,51310,"Federal Subsidy Rates for Student Loans, Fair-Value Estimates / Repayment Plansa / Income Driven / GradPLUS",fiscal_year,2034,2034,2034,33,14
