program,category,fiscal_year,value,unit,source_file,source_sheet,is_total,program_id,category_path,period_type,period_start_year,period_end_year,period_label,source_row,source_column
Student Loans,Budget Authority,2027,4150.0,Millions of dollars,51310-2026-02-studentloan.xlsx,T1-FCRA costs,true,51310,Federal Student Loan Programs: Budget Account Totals—Federal Credit Reform Act Estimating Procedures / Program Account (Subsidy costs) / Budget Authority,fiscal_year,2027,2027,2027,16,4
Student Loans,Budget Authority,2028,3380.0,Millions of dollars,51310-2026-02-studentloan.xlsx,T1-FCRA costs,true,51310,Federal Student Loan Programs: Budget Account Totals—Federal Credit Reform Act Estimating Procedures / Program Account (Subsidy costs) / Budget Authority,fiscal_year,2028,2028,2028,16,5
Student Loans,Budget Authority,2029,3399.0,Millions of dollars,51310-2026-02-studentloan.xlsx,T1-FCRA costs,true,51310,Federal Student Loan Programs: Budget Account Totals—Federal Credit Reform Act Estimating Procedures / Program Account (Subsidy costs) / Budget Authority,fiscal_year,2029,2029,2029,16,6
Student Loans,Budget Authority,2030,3686.0,Millions of dollars,51310-2026-02-studentloan.xlsx,T1-FCRA costs,true,51310,Federal Student Loan Programs: Budget Account Totals—Federal Credit Reform Act Estimating Procedures / Program Account (Subsidy costs) / Budget Authority,fiscal_year,2030,2030,2030,16,7
Student Loans,Budget Authority,2031,3942.0,Millions of dollars,51310-2026-02-studentloan.xlsx,T1-FCRA costs,true,51310,Federal Student Loan Programs: Budget Account Totals—Federal Credit Reform Act Estimating Procedures / Program Account (Subsidy costs) / Budget Authority,fiscal_year,2031,2031,2031,16,8
Student Loans,Budget Authority,2032,4259.0,Millions of dollars,51310-2026-02-studentloan.xlsx,T1-FCRA costs,true,51310,Federal Student Loan Programs: Budget Account Totals—Federal Credit Reform Act Estimating Procedures / Program Account (Subsidy costs) / Budget Authority,fiscal_year,2032,2032,2032,16,9
Student Loans,Budget Authority,2033,4632.0,Millions of dollars,51310-2026-02-studentloan.xlsx,T1-FCRA costs,true,51310,Federal Student Loan Programs: Budget Account Totals—Federal Credit Reform Act Estimating Procedures / Program Account (Subsidy costs) / Budget Authority,fiscal_year,2033,2033,2033,16,10
Student Loans,Budget Authority,2034,4804.0,Millions of dollars,51310-2026-02-studentloan.xlsx,T1-FCRA costs,true,51310,Federal Student Loan Programs: Budget Account Totals—Federal Credit Reform Act Estimating Procedures / Program Account (Subsidy costs) / Budget Authority,fiscal_year,2034,2034,2034,16,11
Student Loans,Budget Authority,2035,4988.0,Millions of dollars,51310-2026-02-studentloan.xlsx,T1-FCRA costs,true,51310,Federal Student Loan Programs: Budget Account Totals—Federal Credit Reform Act Estimating Procedures / Program Account (Subsidy costs) / Budget Authority,fiscal_year,2035,2035,2035,16,12
Student Loans,Budget Authority,2036,5155.0,Millions of dollars,51310-2026-02-studentloan.xlsx,T1-FCRA costs,true,51310,Federal Student Loan Programs: Budget Account Totals—Federal Credit Reform Act Estimating Procedures / Program Account (Subsidy costs) / Budget Authority,fiscal_year,2036,2036,2036,16,13
Student Loans,Outlays,2027,3673.0,Millions of dollars,51310-2026-02-studentloan.xlsx,T1-FCRA costs,true,51310,Federal Student Loan Programs: Budget Account Totals—Federal Credit Reform Act Estimating Procedures / Program Account (Subsidy costs) / Outlays,fiscal_year,2027,2027,2027,17,4
Student Loans,Outlays,2028,3059.0,Millions of dollars,51310-2026-02-studentloan.xlsx,T1-FCRA costs,true,51310,Federal Student Loan Programs: Budget Account Totals—Federal Credit Reform Act Estimating Procedures / Program Account (Subsidy costs) / Outlays,fiscal_year,2028,2028,2028,17,5
Student Loans,Outlays,2029,2849.0,Millions of dollars,51310-2026-02-studentloan.xlsx,T1-FCRA costs,true,51310,Federal Student Loan Programs: Budget Account Totals—Federal Credit Reform Act Estimating Procedures / Program Account (Subsidy costs) / Outlays,fiscal_year,2029,2029,2029,17,6
Student Loans,Outlays,2030,3025.0,Millions of dollars,51310-2026-02-studentloan.xlsx,T1-FCRA costs,true,51310,Federal Student Loan Programs: Budget Account Totals—Federal Credit Reform Act Estimating Procedures / Program Account (Subsidy costs) / Outlays,fiscal_year,2030,2030,2030,17,7
Student Loans,Outlays,2031,3255.0,Millions of dollars,51310-2026-02-studentloan.xlsx,T1-FCRA costs,true,51310,Federal Student Loan Programs: Budget Account Totals—Federal Credit Reform Act Estimating Procedures / Program Account (Subsidy costs) / Outlays,fiscal_year,2031,2031,2031,17,8
Student Loans,Outlays,2032,3517.0,Millions of dollars,51310-2026-02-studentloan.xlsx,T1-FCRA costs,true,51310,Federal Student Loan Programs: Budget Account Totals—Federal Credit Reform Act Estimating Procedures / Program Account (Subsidy costs) / Outlays,fiscal_year,2032,2032,2032,17,9
Student Loans,Outlays,2033,3832.0,Millions of dollars,51310-2026-02-studentloan.xlsx,T1-FCRA costs,true,51310,Federal Student Loan Programs: Budget Account Totals—Federal Credit Reform Act Estimating Procedures / Program Account (Subsidy costs) / Outlays,fiscal_year,2033,2033,2033,17,10
Student Loans,Outlays,2034,4031.0,Millions of dollars,51310-2026-02-studentloan.xlsx,T1-FCRA costs,true,51310,Federal Student Loan Programs: Budget Account Totals—Federal Credit Reform Act Estimating Procedures / Program Account (Subsidy costs) / Outlays,fiscal_year,2034,2034,2034,17,11
Student Loans,Outlays,2035,4187.0,Millions of dollars,51310-2026-02-studentloan.xlsx,T1-FCRA costs,true,51310,Federal Student Loan Programs: Budget Account Totals—Federal Credit Reform Act Estimating Procedures / Program Account (Subsidy costs) / Outlays,fiscal_year,2035,2035,2035,17,12
Student Loans,Outlays,2036,4336.0,Millions of dollars,51310-2026-02-studentloan.xlsx,T1-FCRA costs,true,51310,Federal Student Loan Programs: Budget Account Totals—Federal Credit Reform Act Estimating Procedures / Program Account (Subsidy costs) / Outlays,fiscal_year,2036,2036,2036,17,13
Student Loans,Budget Authority,2027,7.0,Millions of dollars,51310-2026-02-studentloan.xlsx,T1-FCRA costs,true,51310,Federal Student Loan Programs: Budget Account Totals—Federal Credit Reform Act Estimating Procedures / Federal Student Loan Reserve Fund / Budget Authority,fiscal_year,2027,2027,2027,22,4
Student Loans,Budget Authority,2028,7.0,Millions of dollars,51310-2026-02-studentloan.xlsx,T1-FCRA costs,true,51310,Federal Student Loan Programs: Budget Account Totals—Federal Credit Reform Act Estimating Procedures / Federal Student Loan Reserve Fund / Budget Authority,fiscal_year,2028,2028,2028,22,5
Student Loans,Budget Authority,2029,7.0,Millions of dollars,51310-2026-02-studentloan.xlsx,T1-FCRA costs,true,51310,Federal Student Loan Programs: Budget Account Totals—Federal Credit Reform Act Estimating Procedures / Federal Student Loan Reserve Fund / Budget Authority,fiscal_year,2029,2029,2029,22,6
Student Loans,Budget Authority,2030,6.0,Millions of dollars,51310-2026-02-studentloan.xlsx,T1-FCRA costs,true,51310,Federal Student Loan Programs: Budget Account Totals—Federal Credit Reform Act Estimating Procedures / Federal Student Loan Reserve Fund / Budget Authority,fiscal_year,2030,2030,2030,22,7
Student Loans,Budget Authority,2031,6.0,Millions of dollars,51310-2026-02-studentloan.xlsx,T1-FCRA costs,true,51310,Federal Student Loan Programs: Budget Account Totals—Federal Credit Reform Act Estimating Procedures / Federal Student Loan Reserve Fund / Budget Authority,fiscal_year,2031,2031,2031,22,8
Student Loans,Budget Authority,2032,5.0,Millions of dollars,51310-2026-02-studentloan.xlsx,T1-FCRA costs,true,51310,Federal Student Loan Programs: Budget Account Totals—Federal Credit Reform Act Estimating Procedures / Federal Student Loan Reserve Fund / Budget Authority,fiscal_year,2032,2032,2032,22,9
Student Loans,Budget Authority,2033,5.0,Millions of dollars,51310-2026-02-studentloan.xlsx,T1-FCRA costs,true,51310,Federal Student Loan Programs: Budget Account Totals—Federal Credit Reform Act Estimating Procedures / Federal Student Loan Reserve Fund / Budget Authority,fiscal_year,2033,2033,2033,22,10
Student Loans,Budget Authority,2034,5.0,Millions of dollars,51310-2026-02-studentloan.xlsx,T1-FCRA costs,true,51310,Federal Student Loan Programs: Budget Account Totals—Federal Credit Reform Act Estimating Procedures / Federal Student Loan Reserve Fund / Budget Authority,fiscal_year,2034,2034,2034,22,11
Student Loans,Budget Authority,2035,5.0,Millions of dollars,51310-2026-02-studentloan.xlsx,T1-FCRA costs,true,51310,Federal Student Loan Programs: Budget Account Totals—Federal Credit Reform Act Estimating Procedures / Federal Student Loan Reserve Fund / Budget Authority,fiscal_year,2035,2035,2035,22,12
Student Loans,Budget Authority,2036,5.0,Millions of dollars,51310-2026-02-studentloan.xlsx,T1-FCRA costs,true,51310,Federal Student Loan Programs: Budget Account Totals—Federal Credit Reform Act Estimating Procedures / Federal Student Loan Reserve Fund / Budget Authority,fiscal_year,2036,2036,2036,22,13
Student Loans,Outlays,2027,-141.0,Millions of dollars,51310-2026-02-studentloan.xlsx,T1-FCRA costs,true,51310,Federal Student Loan Programs: Budget Account Totals—Federal Credit Reform Act Estimating Procedures / Federal Student Loan Reserve Fund / Outlays,fiscal_year,2027,2027,2027,23,4
Student Loans,Outlays,2028,-128.0,Millions of dollars,51310-2026-02-studentloan.xlsx,T1-FCRA costs,true,51310,Federal Student Loan Programs: Budget Account Totals—Federal Credit Reform Act Estimating Procedures / Federal Student Loan Reserve Fund / Outlays,fiscal_year,2028,2028,2028,23,5
Student Loans,Outlays,2029,-116.0,Millions of dollars,51310-2026-02-studentloan.xlsx,T1-FCRA costs,true,51310,Federal Student Loan Programs: Budget Account Totals—Federal Credit Reform Act Estimating Procedures / Federal Student Loan Reserve Fund / Outlays,fiscal_year,2029,2029,2029,23,6
Student Loans,Outlays,2030,-106.0,Millions of dollars,51310-2026-02-studentloan.xlsx,T1-FCRA costs,true,51310,Federal Student Loan Programs: Budget Account Totals—Federal Credit Reform Act Estimating Procedures / Federal Student Loan Reserve Fund / Outlays,fiscal_year,2030,2030,2030,23,7
Student Loans,Outlays,2031,-97.0,Millions of dollars,51310-2026-02-studentloan.xlsx,T1-FCRA costs,true,51310,Federal Student Loan Programs: Budget Account Totals—Federal Credit Reform Act Estimating Procedures / Federal Student Loan Reserve Fund / Outlays,fiscal_year,2031,2031,2031,23,8
Student Loans,Outlays,2032,-89.0,Millions of dollars,51310-2026-02-studentloan.xlsx,T1-FCRA costs,true,51310,Federal Student Loan Programs: Budget Account Totals—Federal Credit Reform Act Estimating Procedures / Federal Student Loan Reserve Fund / Outlays,fiscal_year,2032,2032,2032,23,9
Student Loans,Outlays,2033,-82.0,Millions of dollars,51310-2026-02-studentloan.xlsx,T1-FCRA costs,true,51310,Federal Student Loan Programs: Budget Account Totals—Federal Credit Reform Act Estimating Procedures / Federal Student Loan Reserve Fund / Outlays,fiscal_year,2033,2033,2033,23,10
Student Loans,Outlays,2034,-74.0,Millions of dollars,51310-2026-02-studentloan.xlsx,T1-FCRA costs,true,51310,Federal Student Loan Programs: Budget Account Totals—Federal Credit Reform Act Estimating Procedures / Federal Student Loan Reserve Fund / Outlays,fiscal_year,2034,2034,2034,23,11
Student Loans,Outlays,2035,-66.0,Millions of dollars,51310-2026-02-studentloan.xlsx,T1-FCRA costs,true,51310,Federal Student Loan Programs: Budget Account Totals—Federal Credit Reform Act Estimating Procedures / Federal Student Loan Reserve Fund / Outlays,fiscal_year,2035,2035,2035,23,12
Student Loans,Outlays,2036,-63.0,Millions of dollars,51310-2026-02-studentloan.xlsx,T1-FCRA costs,true,51310,Federal Student Loan Programs: Budget Account Totals—Federal Credit Reform Act Estimating Procedures / Federal Student Loan Reserve Fund / Outlays,fiscal_year,2036,2036,2036,23,13
Student Loans,Budget Authority,2027,2115.0,Millions of dollars,51310-2026-02-studentloan.xlsx,T1-FCRA costs,true,51310,Federal Student Loan Programs: Budget Account Totals—Federal Credit Reform Act Estimating Procedures / Discretionary Accounta / Budget Authority,fiscal_year,2027,2027,2027,27,4
Student Loans,Budget Authority,2028,2167.0,Millions of dollars,51310-2026-02-studentloan.xlsx,T1-FCRA costs,true,51310,Federal Student Loan Programs: Budget Account Totals—Federal Credit Reform Act Estimating Procedures / Discretionary Accounta / Budget Authority,fiscal_year,2028,2028,2028,27,5
Student Loans,Budget Authority,2029,2218.0,Millions of dollars,51310-2026-02-studentloan.xlsx,T1-FCRA costs,true,51310,Federal Student Loan Programs: Budget Account Totals—Federal Credit Reform Act Estimating Procedures / Discretionary Accounta / Budget Authority,fiscal_year,2029,2029,2029,27,6
Student Loans,Budget Authority,2030,2268.0,Millions of dollars,51310-2026-02-studentloan.xlsx,T1-FCRA costs,true,51310,Federal Student Loan Programs: Budget Account Totals—Federal Credit Reform Act Estimating Procedures / Discretionary Accounta / Budget Authority,fiscal_year,2030,2030,2030,27,7
Student Loans,Budget Authority,2031,2319.0,Millions of dollars,51310-2026-02-studentloan.xlsx,T1-FCRA costs,true,51310,Federal Student Loan Programs: Budget Account Totals—Federal Credit Reform Act Estimating Procedures / Discretionary Accounta / Budget Authority,fiscal_year,2031,2031,2031,27,8
Student Loans,Budget Authority,2032,2371.0,Millions of dollars,51310-2026-02-studentloan.xlsx,T1-FCRA costs,true,51310,Federal Student Loan Programs: Budget Account Totals—Federal Credit Reform Act Estimating Procedures / Discretionary Accounta / Budget Authority,fiscal_year,2032,2032,2032,27,9
Student Loans,Budget Authority,2033,2424.0,Millions of dollars,51310-2026-02-studentloan.xlsx,T1-FCRA costs,true,51310,Federal Student Loan Programs: Budget Account Totals—Federal Credit Reform Act Estimating Procedures / Discretionary Accounta / Budget Authority,fiscal_year,2033,2033,2033,27,10
Student Loans,Budget Authority,2034,2478.0,Millions of dollars,51310-2026-02-studentloan.xlsx,T1-FCRA costs,true,51310,Federal Student Loan Programs: Budget Account Totals—Federal Credit Reform Act Estimating Procedures / Discretionary Accounta / Budget Authority,fiscal_year,2034,2034,2034,27,11
Student Loans,Budget Authority,2035,2533.0,Millions of dollars,51310-2026-02-studentloan.xlsx,T1-FCRA costs,true,51310,Federal Student Loan Programs: Budget Account Totals—Federal Credit Reform Act Estimating Procedures / Discretionary Accounta / Budget Authority,fiscal_year,2035,2035,2035,27,12
Student Loans,Budget Authority,2036,2591.0,Millions of dollars,51310-2026-02-studentloan.xlsx,T1-FCRA costs,true,51310,Federal Student Loan Programs: Budget Account Totals—Federal Credit Reform Act Estimating Procedures / Discretionary Accounta / Budget Authority,fiscal_year,2036,2036,2036,27,13
Student Loans,Outlays,2027,2098.0,Millions of dollars,51310-2026-02-studentloan.xlsx,T1-FCRA costs,true,51310,Federal Student Loan Programs: Budget Account Totals—Federal Credit Reform Act Estimating Procedures / Discretionary Accounta / Outlays,fiscal_year,2027,2027,2027,28,4
Student Loans,Outlays,2028,2136.0,Millions of dollars,51310-2026-02-studentloan.xlsx,T1-FCRA costs,true,51310,Federal Student Loan Programs: Budget Account Totals—Federal Credit Reform Act Estimating Procedures / Discretionary Accounta / Outlays,fiscal_year,2028,2028,2028,28,5
Student Loans,Outlays,2029,2185.0,Millions of dollars,51310-2026-02-studentloan.xlsx,T1-FCRA costs,true,51310,Federal Student Loan Programs: Budget Account Totals—Federal Credit Reform Act Estimating Procedures / Discretionary Accounta / Outlays,fiscal_year,2029,2029,2029,28,6
Student Loans,Outlays,2030,2236.0,Millions of dollars,51310-2026-02-studentloan.xlsx,T1-FCRA costs,true,51310,Federal Student Loan Programs: Budget Account Totals—Federal Credit Reform Act Estimating Procedures / Discretionary Accounta / Outlays,fiscal_year,2030,2030,2030,28,7
Student Loans,Outlays,2031,2287.0,Millions of dollars,51310-2026-02-studentloan.xlsx,T1-FCRA costs,true,51310,Federal Student Loan Programs: Budget Account Totals—Federal Credit Reform Act Estimating Procedures / Discretionary Accounta / Outlays,fiscal_year,2031,2031,2031,28,8
Student Loans,Outlays,2032,2338.0,Millions of dollars,51310-2026-02-studentloan.xlsx,T1-FCRA costs,true,51310,Federal Student Loan Programs: Budget Account Totals—Federal Credit Reform Act Estimating Procedures / Discretionary Accounta / Outlays,fiscal_year,2032,2032,2032,28,9
Student Loans,Outlays,2033,2390.0,Millions of dollars,51310-2026-02-studentloan.xlsx,T1-FCRA costs,true,51310,Federal Student Loan Programs: Budget Account Totals—Federal Credit Reform Act Estimating Procedures / Discretionary Accounta / Outlays,fiscal_year,2033,2033,2033,28,10
Student Loans,Outlays,2034,2444.0,Millions of dollars,51310-2026-02-studentloan.xlsx,T1-FCRA costs,true,51310,Federal Student Loan Programs: Budget Account Totals—Federal Credit Reform Act Estimating Procedures / Discretionary Accounta / Outlays,fiscal_year,2034,2034,2034,28,11
Student Loans,Outlays,2035,2498.0,Millions of dollars,51310-2026-02-studentloan.xlsx,T1-FCRA costs,true,51310,Federal Student Loan Programs: Budget Account Totals—Federal Credit Reform Act Estimating Procedures / Discretionary Accounta / Outlays,fiscal_year,2035,2035,2035,28,12
Student Loans,Outlays,2036,2554.0,Millions of dollars,51310-2026-02-studentloan.xlsx,T1-FCRA costs,true,51310,Federal Student Loan Programs: Budget Account Totals—Federal Credit Reform Act Estimating Procedures / Discretionary Accounta / Outlays,fiscal_year,2036,2036,2036,28,13
Student Loans,Budget Authority,2027,708.0,Millions of dollars,51310-2026-02-studentloan.xlsx,T1-FCRA costs,true,51310,Federal Student Loan Programs: Budget Account Totals—Federal Credit Reform Act Estimating Procedures / Mandatory Accountb / Budget Authority,fiscal_year,2027,2027,2027,30,4
Student Loans,Budget Authority,2028,695.0,Millions of dollars,51310-2026-02-studentloan.xlsx,T1-FCRA costs,true,51310,Federal Student Loan Programs: Budget Account Totals—Federal Credit Reform Act Estimating Procedures / Mandatory Accountb / Budget Authority,fiscal_year,2028,2028,2028,30,5
Student Loans,Budget Authority,2029,699.0,Millions of dollars,51310-2026-02-studentloan.xlsx,T1-FCRA costs,true,51310,Federal Student Loan Programs: Budget Account Totals—Federal Credit Reform Act Estimating Procedures / Mandatory Accountb / Budget Authority,fiscal_year,2029,2029,2029,30,6
Student Loans,Budget Authority,2030,705.0,Millions of dollars,51310-2026-02-studentloan.xlsx,T1-FCRA costs,true,51310,Federal Student Loan Programs: Budget Account Totals—Federal Credit Reform Act Estimating Procedures / Mandatory Accountb / Budget Authority,fiscal_year,2030,2030,2030,30,7
Student Loans,Budget Authority,2031,709.0,Millions of dollars,51310-2026-02-studentloan.xlsx,T1-FCRA costs,true,51310,Federal Student Loan Programs: Budget Account Totals—Federal Credit Reform Act Estimating Procedures / Mandatory Accountb / Budget Authority,fiscal_year,2031,2031,2031,30,8
Student Loans,Budget Authority,2032,711.0,Millions of dollars,51310-2026-02-studentloan.xlsx,T1-FCRA costs,true,51310,Federal Student Loan Programs: Budget Account Totals—Federal Credit Reform Act Estimating Procedures / Mandatory Accountb / Budget Authority,fiscal_year,2032,2032,2032,30,9
Student Loans,Budget Authority,2033,713.0,Millions of dollars,51310-2026-02-studentloan.xlsx,T1-FCRA costs,true,51310,Federal Student Loan Programs: Budget Account Totals—Federal Credit Reform Act Estimating Procedures / Mandatory Accountb / Budget Authority,fiscal_year,2033,2033,2033,30,10
Student Loans,Budget Authority,2034,716.0,Millions of dollars,51310-2026-02-studentloan.xlsx,T1-FCRA costs,true,51310,Federal Student Loan Programs: Budget Account Totals—Federal Credit Reform Act Estimating Procedures / Mandatory Accountb / Budget Authority,fiscal_year,2034,2034,2034,30,11
Student Loans,Budget Authority,2035,720.0,Millions of dollars,51310-2026-02-studentloan.xlsx,T1-FCRA costs,true,51310,Federal Student Loan Programs: Budget Account Totals—Federal Credit Reform Act Estimating Procedures / Mandatory Accountb / Budget Authority,fiscal_year,2035,2035,2035,30,12
Student Loans,Budget Authority,2036,724.0,Millions of dollars,51310-2026-02-studentloan.xlsx,T1-FCRA costs,true,51310,Federal Student Loan Programs: Budget Account Totals—Federal Credit Reform Act Estimating Procedures / Mandatory Accountb / Budget Authority,fiscal_year,2036,2036,2036,30,13
Student Loans,Outlays,2027,1025.0,Millions of dollars,51310-2026-02-studentloan.xlsx,T1-FCRA costs,true,51310,Federal Student Loan Programs: Budget Account Totals—Federal Credit Reform Act Estimating Procedures / Mandatory Accountb / Outlays,fiscal_year,2027,2027,2027,31,4
Student Loans,Outlays,2028,748.0,Millions of dollars,51310-2026-02-studentloan.xlsx,T1-FCRA costs,true,51310,Federal Student Loan Programs: Budget Account Totals—Federal Credit Reform Act Estimating Procedures / Mandatory Accountb / Outlays,fiscal_year,2028,2028,2028,31,5
Student Loans,Outlays,2029,698.0,Millions of dollars,51310-2026-02-studentloan.xlsx,T1-FCRA costs,true,51310,Federal Student Loan Programs: Budget Account Totals—Federal Credit Reform Act Estimating Procedures / Mandatory Accountb / Outlays,fiscal_year,2029,2029,2029,31,6
Student Loans,Outlays,2030,703.0,Millions of dollars,51310-2026-02-studentloan.xlsx,T1-FCRA costs,true,51310,Federal Student Loan Programs: Budget Account Totals—Federal Credit Reform Act Estimating Procedures / Mandatory Accountb / Outlays,fiscal_year,2030,2030,2030,31,7
Student Loans,Outlays,2031,707.0,Millions of dollars,51310-2026-02-studentloan.xlsx,T1-FCRA costs,true,51310,Federal Student Loan Programs: Budget Account Totals—Federal Credit Reform Act Estimating Procedures / Mandatory Accountb / Outlays,fiscal_year,2031,2031,2031,31,8
Student Loans,Outlays,2032,710.0,Millions of dollars,51310-2026-02-studentloan.xlsx,T1-FCRA costs,true,51310,Federal Student Loan Programs: Budget Account Totals—Federal Credit Reform Act Estimating Procedures / Mandatory Accountb / Outlays,fiscal_year,2032,2032,2032,31,9
Student Loans,Outlays,2033,713.0,Millions of dollars,51310-2026-02-studentloan.xlsx,T1-FCRA costs,true,51310,Federal Student Loan Programs: Budget Account Totals—Federal Credit Reform Act Estimating Procedures / Mandatory Accountb / Outlays,fiscal_year,2033,2033,2033,31,10
Student Loans,Outlays,2034,715.0,Millions of dollars,51310-2026-02-studentloan.xlsx,T1-FCRA costs,true,51310,Federal Student Loan Programs: Budget Account Totals—Federal Credit Reform Act Estimating Procedures / Mandatory Accountb / Outlays,fiscal_year,2034,2034,2034,31,11
Student Loans,Outlays,2035,719.0,Millions of dollars,51310-2026-02-studentloan.xlsx,T1-FCRA costs,true,51310,Federal Student Loan Programs: Budget Account Totals—Federal Credit Reform Act Estimating Procedures / Mandatory Accountb / Outlays,fiscal_year,2035,2035,2035,31,12
Student Loans,Outlays,2036,723.0,Millions of dollars,51310-2026-02-studentloan.xlsx,T1-FCRA costs,true,51310,Federal Student Loan Programs: Budget Account Totals—Federal Credit Reform Act Estimating Procedures / Mandatory Accountb / Outlays,fiscal_year,2036,2036,2036,31,13
Student Loans,Budget Authority,2027,2823.0,Millions of dollars,51310-2026-02-studentloan.xlsx,T1-FCRA costs,true,51310,"Federal Student Loan Programs: Budget Account Totals—Federal Credit Reform Act Estimating Procedures / Subtotal, Student Aid Administration / Budget Authority",fiscal_year,2027,2027,2027,33,4
Student Loans,Budget Authority,2028,2862.0,Millions of dollars,51310-2026-02-studentloan.xlsx,T1-FCRA costs,true,51310,"Federal Student Loan Programs: Budget Account Totals—Federal Credit Reform Act Estimating Procedures / Subtotal, Student Aid Administration / Budget Authority",fiscal_year,2028,2028,2028,33,5
Student Loans,Budget Authority,2029,2917.0,Millions of dollars,51310-2026-02-studentloan.xlsx,T1-FCRA costs,true,51310,"Federal Student Loan Programs: Budget Account Totals—Federal Credit Reform Act Estimating Procedures / Subtotal, Student Aid Administration / Budget Authority",fiscal_year,2029,2029,2029,33,6
Student Loans,Budget Authority,2030,2973.0,Millions of dollars,51310-2026-02-studentloan.xlsx,T1-FCRA costs,true,51310,"Federal Student Loan Programs: Budget Account Totals—Federal Credit Reform Act Estimating Procedures / Subtotal, Student Aid Administration / Budget Authority",fiscal_year,2030,2030,2030,33,7
Student Loans,Budget Authority,2031,3028.0,Millions of dollars,51310-2026-02-studentloan.xlsx,T1-FCRA costs,true,51310,"Federal Student Loan Programs: Budget Account Totals—Federal Credit Reform Act Estimating Procedures / Subtotal, Student Aid Administration / Budget Authority",fiscal_year,2031,2031,2031,33,8
Student Loans,Budget Authority,2032,3082.0,Millions of dollars,51310-2026-02-studentloan.xlsx,T1-FCRA costs,true,51310,"Federal Student Loan Programs: Budget Account Totals—Federal Credit Reform Act Estimating Procedures / Subtotal, Student Aid Administration / Budget Authority",fiscal_year,2032,2032,2032,33,9
Student Loans,Budget Authority,2033,3137.0,Millions of dollars,51310-2026-02-studentloan.xlsx,T1-FCRA costs,true,51310,"Federal Student Loan Programs: Budget Account Totals—Federal Credit Reform Act Estimating Procedures / Subtotal, Student Aid Administration / Budget Authority",fiscal_year,2033,2033,2033,33,10
Student Loans,Budget Authority,2034,3194.0,Millions of dollars,51310-2026-02-studentloan.xlsx,T1-FCRA costs,true,51310,"Federal Student Loan Programs: Budget Account Totals—Federal Credit Reform Act Estimating Procedures / Subtotal, Student Aid Administration / Budget Authority",fiscal_year,2034,2034,2034,33,11
Student Loans,Budget Authority,2035,3253.0,Millions of dollars,51310-2026-02-studentloan.xlsx,T1-FCRA costs,true,51310,"Federal Student Loan Programs: Budget Account Totals—Federal Credit Reform Act Estimating Procedures / Subtotal, Student Aid Administration / Budget Authority",fiscal_year,2035,2035,2035,33,12
Student Loans,Budget Authority,2036,3315.0,Millions of dollars,51310-2026-02-studentloan.xlsx,T1-FCRA costs,true,51310,"Federal Student Loan Programs: Budget Account Totals—Federal Credit Reform Act Estimating Procedures / Subtotal, Student Aid Administration / Budget Authority",fiscal_year,2036,2036,2036,33,13
Student Loans,Outlays,2027,3123.0,Millions of dollars,51310-2026-02-studentloan.xlsx,T1-FCRA costs,true,51310,"Federal Student Loan Programs: Budget Account Totals—Federal Credit Reform Act Estimating Procedures / Subtotal, Student Aid Administration / Outlays",fiscal_year,2027,2027,2027,34,4
Student Loans,Outlays,2028,2884.0,Millions of dollars,51310-2026-02-studentloan.xlsx,T1-FCRA costs,true,51310,"Federal Student Loan Programs: Budget Account Totals—Federal Credit Reform Act Estimating Procedures / Subtotal, Student Aid Administration / Outlays",fiscal_year,2028,2028,2028,34,5
Student Loans,Outlays,2029,2883.0,Millions of dollars,51310-2026-02-studentloan.xlsx,T1-FCRA costs,true,51310,"Federal Student Loan Programs: Budget Account Totals—Federal Credit Reform Act Estimating Procedures / Subtotal, Student Aid Administration / Outlays",fiscal_year,2029,2029,2029,34,6
Student Loans,Outlays,2030,2939.0,Millions of dollars,51310-2026-02-studentloan.xlsx,T1-FCRA costs,true,51310,"Federal Student Loan Programs: Budget Account Totals—Federal Credit Reform Act Estimating Procedures / Subtotal, Student Aid Administration / Outlays",fiscal_year,2030,2030,2030,34,7
Student Loans,Outlays,2031,2994.0,Millions of dollars,51310-2026-02-studentloan.xlsx,T1-FCRA costs,true,51310,"Federal Student Loan Programs: Budget Account Totals—Federal Credit Reform Act Estimating Procedures / Subtotal, Student Aid Administration / Outlays",fiscal_year,2031,2031,2031,34,8
Student Loans,Outlays,2032,3048.0,Millions of dollars,51310-2026-02-studentloan.xlsx,T1-FCRA costs,true,51310,"Federal Student Loan Programs: Budget Account Totals—Federal Credit Reform Act Estimating Procedures / Subtotal, Student Aid Administration / Outlays",fiscal_year,2032,2032,2032,34,9
Student Loans,Outlays,2033,3103.0,Millions of dollars,51310-2026-02-studentloan.xlsx,T1-FCRA costs,true,51310,"Federal Student Loan Programs: Budget Account Totals—Federal Credit Reform Act Estimating Procedures / Subtotal, Student Aid Administration / Outlays",fiscal_year,2033,2033,2033,34,10
Student Loans,Outlays,2034,3159.0,Millions of dollars,51310-2026-02-studentloan.xlsx,T1-FCRA costs,true,51310,"Federal Student Loan Programs: Budget Account Totals—Federal Credit Reform Act Estimating Procedures / Subtotal, Student Aid Administration / Outlays",fiscal_year,2034,2034,2034,34,11
Student Loans,Outlays,2035,3217.0,Millions of dollars,51310-2026-02-studentloan.xlsx,T1-FCRA costs,true,51310,"Federal Student Loan Programs: Budget Account Totals—Federal Credit Reform Act Estimating Procedures / Subtotal, Student Aid Administration / Outlays",fiscal_year,2035,2035,2035,34,12
Student Loans,Outlays,2036,3277.0,Millions of dollars,51310-2026-02-studentloan.xlsx,T1-FCRA costs,true,51310,"Federal Student Loan Programs: Budget Account Totals—Federal Credit Reform Act Estimating Procedures / Subtotal, Student Aid Administration / Outlays",fiscal_year,2036,2036,2036,34,13
Student Loans,Budget Authority,2027,6980.0,Millions of dollars,51310-2026-02-studentloan.xlsx,T1-FCRA costs,true,51310,"Federal Student Loan Programs: Budget Account Totals—Federal Credit Reform Act Estimating Procedures / Total, Student Loans / Budget Authority",fiscal_year,2027,2027,2027,37,4
Student Loans,Budget Authority,2028,6249.0,Millions of dollars,51310-2026-02-studentloan.xlsx,T1-FCRA costs,true,51310,"Federal Student Loan Programs: Budget Account Totals—Federal Credit Reform Act Estimating Procedures / Total, Student Loans / Budget Authority",fiscal_year,2028,2028,2028,37,5
Student Loans,Budget Authority,2029,6323.0,Millions of dollars,51310-2026-02-studentloan.xlsx,T1-FCRA costs,true,51310,"Federal Student Loan Programs: Budget Account Totals—Federal Credit Reform Act Estimating Procedures / Total, Student Loans / Budget Authority",fiscal_year,2029,2029,2029,37,6
Student Loans,Budget Authority,2030,6665.0,Millions of dollars,51310-2026-02-studentloan.xlsx,T1-FCRA costs,true,51310,"Federal Student Loan Programs: Budget Account Totals—Federal Credit Reform Act Estimating Procedures / Total, Student Loans / Budget Authority",fiscal_year,2030,2030,2030,37,7
Student Loans,Budget Authority,2031,6976.0,Millions of dollars,51310-2026-02-studentloan.xlsx,T1-FCRA costs,true,51310,"Federal Student Loan Programs: Budget Account Totals—Federal Credit Reform Act Estimating Procedures / Total, Student Loans / Budget Authority",fiscal_year,2031,2031,2031,37,8
Student Loans,Budget Authority,2032,7346.0,Millions of dollars,51310-2026-02-studentloan.xlsx,T1-FCRA costs,true,51310,"Federal Student Loan Programs: Budget Account Totals—Federal Credit Reform Act Estimating Procedures / Total, Student Loans / Budget Authority",fiscal_year,2032,2032,2032,37,9
Student Loans,Budget Authority,2033,7774.0,Millions of dollars,51310-2026-02-studentloan.xlsx,T1-FCRA costs,true,51310,"Federal Student Loan Programs: Budget Account Totals—Federal Credit Reform Act Estimating Procedures / Total, Student Loans / Budget Authority",fiscal_year,2033,2033,2033,37,10
Student Loans,Budget Authority,2034,8003.0,Millions of dollars,51310-2026-02-studentloan.xlsx,T1-FCRA costs,true,51310,"Federal Student Loan Programs: Budget Account Totals—Federal Credit Reform Act Estimating Procedures / Total, Student Loans / Budget Authority",fiscal_year,2034,2034,2034,37,11
Student Loans,Budget Authority,2035,8246.0,Millions of dollars,51310-2026-02-studentloan.xlsx,T1-FCRA costs,true,51310,"Federal Student Loan Programs: Budget Account Totals—Federal Credit Reform Act Estimating Procedures / Total, Student Loans / Budget Authority",fiscal_year,2035,2035,2035,37,12
Student Loans,Budget Authority,2036,8475.0,Millions of dollars,51310-2026-02-studentloan.xlsx,T1-FCRA costs,true,51310,"Federal Student Loan Programs: Budget Account Totals—Federal Credit Reform Act Estimating Procedures / Total, Student Loans / Budget Authority",fiscal_year,2036,2036,2036,37,13
Student Loans,Outlays,2027,6655.0,Millions of dollars,51310-2026-02-studentloan.xlsx,T1-FCRA costs,true,51310,"Federal Student Loan Programs: Budget Account Totals—Federal Credit Reform Act Estimating Procedures / Total, Student Loans / Outlays",fiscal_year,2027,2027,2027,38,4
Student Loans,Outlays,2028,5815.0,Millions of dollars,51310-2026-02-studentloan.xlsx,T1-FCRA costs,true,51310,"Federal Student Loan Programs: Budget Account Totals—Federal Credit Reform Act Estimating Procedures / Total, Student Loans / Outlays",fiscal_year,2028,2028,2028,38,5
Student Loans,Outlays,2029,5616.0,Millions of dollars,51310-2026-02-studentloan.xlsx,T1-FCRA costs,true,51310,"Federal Student Loan Programs: Budget Account Totals—Federal Credit Reform Act Estimating Procedures / Total, Student Loans / Outlays",fiscal_year,2029,2029,2029,38,6
Student Loans,Outlays,2030,5858.0,Millions of dollars,51310-2026-02-studentloan.xlsx,T1-FCRA costs,true,51310,"Federal Student Loan Programs: Budget Account Totals—Federal Credit Reform Act Estimating Procedures / Total, Student Loans / Outlays",fiscal_year,2030,2030,2030,38,7
Student Loans,Outlays,2031,6152.0,Millions of dollars,51310-2026-02-studentloan.xlsx,T1-FCRA costs,true,51310,"Federal Student Loan Programs: Budget Account Totals—Federal Credit Reform Act Estimating Procedures / Total, Student Loans / Outlays",fiscal_year,2031,2031,2031,38,8
Student Loans,Outlays,2032,6476.0,Millions of dollars,51310-2026-02-studentloan.xlsx,T1-FCRA costs,true,51310,"Federal Student Loan Programs: Budget Account Totals—Federal Credit Reform Act Estimating Procedures / Total, Student Loans / Outlays",fiscal_year,2032,2032,2032,38,9
Student Loans,Outlays,2033,6853.0,Millions of dollars,51310-2026-02-studentloan.xlsx,T1-FCRA costs,true,51310,"Federal Student Loan Programs: Budget Account Totals—Federal Credit Reform Act Estimating Procedures / Total, Student Loans / Outlays",fiscal_year,2033,2033,2033,38,10
Student Loans,Outlays,2034,7116.0,Millions of dollars,51310-2026-02-studentloan.xlsx,T1-FCRA costs,true,51310,"Federal Student Loan Programs: Budget Account Totals—Federal Credit Reform Act Estimating Procedures / Total, Student Loans / Outlays",fiscal_year,2034,2034,2034,38,11
Student Loans,Outlays,2035,7338.0,Millions of dollars,51310-2026-02-studentloan.xlsx,T1-FCRA costs,true,51310,"Federal Student Loan Programs: Budget Account Totals—Federal Credit Reform Act Estimating Procedures / Total, Student Loans / Outlays",fiscal_year,2035,2035,2035,38,12
Student Loans,Outlays,2036,7550.0,Millions of dollars,51310-2026-02-studentloan.xlsx,T1-FCRA costs,true,51310,"Federal Student Loan Programs: Budget Account Totals—Federal Credit Reform Act Estimating Procedures / Total, Student Loans / Outlays",fiscal_year,2036,2036,2036,38,13
Student Loans,Program Account (Subsidy costs),2026,15604.0,Millions of dollars,51310-2026-02-studentloan.xlsx,T2-current fiscal year,false,51310,"Costs, as Estimated by the Office of Management and Budget—Federal Credit Reform Act Estimating Procedures / Direct Student Loans / Program Account (Subsidy costs)",fiscal_year,2026,2026,2026,15,4
Student Loans,Credit Reestimatesa,2026,-50478.0,Millions of dollars,51310-2026-02-studentloan.xlsx,T2-current fiscal year,false,51310,"Costs, as Estimated by the Office of Management and Budget—Federal Credit Reform Act Estimating Procedures / Direct Student Loans / Credit Reestimatesa",fiscal_year,2026,2026,2026,16,4
Student Loans,Modificationsb,2026,2659.0,Millions of dollars,51310-2026-02-studentloan.xlsx,T2-current fiscal year,false,51310,"Costs, as Estimated by the Office of Management and Budget—Federal Credit Reform Act Estimating Procedures / Direct Student Loans / Modificationsb",fiscal_year,2026,2026,2026,17,4
Student Loans,"Subtotal, Direct Student Loans",2026,-32215.0,Millions of dollars,51310-2026-02-studentloan.xlsx,T2-current fiscal year,true,51310,"Costs, as Estimated by the Office of Management and Budget—Federal Credit Reform Act Estimating Procedures / Direct Student Loans / Subtotal, Direct Student Loans",fiscal_year,2026,2026,2026,18,4
Student Loans,Credit Reestimatesa,2026,-2478.0,Millions of dollars,51310-2026-02-studentloan.xlsx,T2-current fiscal year,false,51310,"Costs, as Estimated by the Office of Management and Budget—Federal Credit Reform Act Estimating Procedures / Guaranteed Student Loans / Credit Reestimatesa",fiscal_year,2026,2026,2026,21,4
Student Loans,Modificationsb,2026,0.0,Millions of dollars,51310-2026-02-studentloan.xlsx,T2-current fiscal year,false,51310,"Costs, as Estimated by the Office of Management and Budget—Federal Credit Reform Act Estimating Procedures / Guaranteed Student Loans / Modificationsb",fiscal_year,2026,2026,2026,22,4
Student Loans,"Subtotal, Guaranteed Student Loans",2026,-2478.0,Millions of dollars,51310-2026-02-studentloan.xlsx,T2-current fiscal year,true,51310,"Costs, as Estimated by the Office of Management and Budget—Federal Credit Reform Act Estimating Procedures / Guaranteed Student Loans / Subtotal, Guaranteed Student Loans",fiscal_year,2026,2026,2026,23,4
Student Loans,Program Account (Subsidy costs),2026,15604.0,Millions of dollars,51310-2026-02-studentloan.xlsx,T2-current fiscal year,true,51310,"Costs, as Estimated by the Office of Management and Budget—Federal Credit Reform Act Estimating Procedures / Total / Program Account (Subsidy costs)",fiscal_year,2026,2026,2026,26,4
Student Loans,Credit Reestimatesa,2026,-52956.0,Millions of dollars,51310-2026-02-studentloan.xlsx,T2-current fiscal year,true,51310,"Costs, as Estimated by the Office of Management and Budget—Federal Credit Reform Act Estimating Procedures / Total / Credit Reestimatesa",fiscal_year,2026,2026,2026,27,4
Student Loans,Modificationsb,2026,2659.0,Millions of dollars,51310-2026-02-studentloan.xlsx,T2-current fiscal year,true,51310,"Costs, as Estimated by the Office of Management and Budget—Federal Credit Reform Act Estimating Procedures / Total / Modificationsb",fiscal_year,2026,2026,2026,28,4
Student Loans,Student Loan Outlays,2026,-34692.0,Millions of dollars,51310-2026-02-studentloan.xlsx,T2-current fiscal year,true,51310,"Costs, as Estimated by the Office of Management and Budget—Federal Credit Reform Act Estimating Procedures / Total / Student Loan Outlays",fiscal_year,2026,2026,2026,29,4
Student Loans,Net Annual Loan Volume (Millions of dollars)b,2027,79710.0,Millions of dollars,51310-2026-02-studentloan.xlsx,T3-NewLoanVolume,false,51310,Direct Loan Program: Projected Volume of New Loans / All New Loansa / Net Annual Loan Volume (Millions of dollars)b,fiscal_year,2027,2027,2027,14,4
Student Loans,Net Annual Loan Volume (Millions of dollars)b,2028,74905.0,Millions of dollars,51310-2026-02-studentloan.xlsx,T3-NewLoanVolume,false,51310,Direct Loan Program: Projected Volume of New Loans / All New Loansa / Net Annual Loan Volume (Millions of dollars)b,fiscal_year,2028,2028,2028,14,5
Student Loans,Net Annual Loan Volume (Millions of dollars)b,2029,74642.0,Millions of dollars,51310-2026-02-studentloan.xlsx,T3-NewLoanVolume,false,51310,Direct Loan Program: Projected Volume of New Loans / All New Loansa / Net Annual Loan Volume (Millions of dollars)b,fiscal_year,2029,2029,2029,14,6
Student Loans,Net Annual Loan Volume (Millions of dollars)b,2030,75861.0,Millions of dollars,51310-2026-02-studentloan.xlsx,T3-NewLoanVolume,false,51310,Direct Loan Program: Projected Volume of New Loans / All New Loansa / Net Annual Loan Volume (Millions of dollars)b,fiscal_year,2030,2030,2030,14,7
Student Loans,Net Annual Loan Volume (Millions of dollars)b,2031,77142.0,Millions of dollars,51310-2026-02-studentloan.xlsx,T3-NewLoanVolume,false,51310,Direct Loan Program: Projected Volume of New Loans / All New Loansa / Net Annual Loan Volume (Millions of dollars)b,fiscal_year,2031,2031,2031,14,8
Student Loans,Net Annual Loan Volume (Millions of dollars)b,2032,78446.0,Millions of dollars,51310-2026-02-studentloan.xlsx,T3-NewLoanVolume,false,51310,Direct Loan Program: Projected Volume of New Loans / All New Loansa / Net Annual Loan Volume (Millions of dollars)b,fiscal_year,2032,2032,2032,14,9
Student Loans,Net Annual Loan Volume (Millions of dollars)b,2033,79748.0,Millions of dollars,51310-2026-02-studentloan.xlsx,T3-NewLoanVolume,false,51310,Direct Loan Program: Projected Volume of New Loans / All New Loansa / Net Annual Loan Volume (Millions of dollars)b,fiscal_year,2033,2033,2033,14,10
Student Loans,Net Annual Loan Volume (Millions of dollars)b,2034,81036.0,Millions of dollars,51310-2026-02-studentloan.xlsx,T3-NewLoanVolume,false,51310,Direct Loan Program: Projected Volume of New Loans / All New Loansa / Net Annual Loan Volume (Millions of dollars)b,fiscal_year,2034,2034,2034,14,11
Student Loans,Net Annual Loan Volume (Millions of dollars)b,2035,82319.0,Millions of dollars,51310-2026-02-studentloan.xlsx,T3-NewLoanVolume,false,51310,Direct Loan Program: Projected Volume of New Loans / All New Loansa / Net Annual Loan Volume (Millions of dollars)b,fiscal_year,2035,2035,2035,14,12
Student Loans,Net Annual Loan Volume (Millions of dollars)b,2036,83654.0,Millions of dollars,51310-2026-02-studentloan.xlsx,T3-NewLoanVolume,false,51310,Direct Loan Program: Projected Volume of New Loans / All New Loansa / Net Annual Loan Volume (Millions of dollars)b,fiscal_year,2036,2036,2036,14,13
Student Loans,Net Annual Loan Volume (Millions of dollars)b,,382260.0,Millions of dollars,51310-2026-02-studentloan.xlsx,T3-NewLoanVolume,false,51310,Direct Loan Program: Projected Volume of New Loans / All New Loansa / Net Annual Loan Volume (Millions of dollars)b,cumulative_fiscal_years,2027,2031,2027-2031,14,14
Student Loans,Net Annual Loan Volume (Millions of dollars)b,,787463.0,Millions of dollars,51310-2026-02-studentloan.xlsx,T3-NewLoanVolume,false,51310,Direct Loan Program: Projected Volume of New Loans / All New Loansa / Net Annual Loan Volume (Millions of dollars)b,cumulative_fiscal_years,2027,2036,2027-2036,14,15
Student Loans,Net Number of Loans (Thousands)c,2027,13002.0,Thousands,51310-2026-02-studentloan.xlsx,T3-NewLoanVolume,false,51310,Direct Loan Program: Projected Volume of New Loans / All New Loansa / Net Number of Loans (Thousands)c,fiscal_year,2027,2027,2027,15,4
Student Loans,Net Number of Loans (Thousands)c,2028,12876.0,Thousands,51310-2026-02-studentloan.xlsx,T3-NewLoanVolume,false,51310,Direct Loan Program: Projected Volume of New Loans / All New Loansa / Net Number of Loans (Thousands)c,fiscal_year,2028,2028,2028,15,5
Student Loans,Net Number of Loans (Thousands)c,2029,12858.0,Thousands,51310-2026-02-studentloan.xlsx,T3-NewLoanVolume,false,51310,Direct Loan Program: Projected Volume of New Loans / All New Loansa / Net Number of Loans (Thousands)c,fiscal_year,2029,2029,2029,15,6
Student Loans,Net Number of Loans (Thousands)c,2030,12893.0,Thousands,51310-2026-02-studentloan.xlsx,T3-NewLoanVolume,false,51310,Direct Loan Program: Projected Volume of New Loans / All New Loansa / Net Number of Loans (Thousands)c,fiscal_year,2030,2030,2030,15,7
Student Loans,Net Number of Loans (Thousands)c,2031,12926.0,Thousands,51310-2026-02-studentloan.xlsx,T3-NewLoanVolume,false,51310,Direct Loan Program: Projected Volume of New Loans / All New Loansa / Net Number of Loans (Thousands)c,fiscal_year,2031,2031,2031,15,8
Student Loans,Net Number of Loans (Thousands)c,2032,12948.0,Thousands,51310-2026-02-studentloan.xlsx,T3-NewLoanVolume,false,51310,Direct Loan Program: Projected Volume of New Loans / All New Loansa / Net Number of Loans (Thousands)c,fiscal_year,2032,2032,2032,15,9
Student Loans,Net Number of Loans (Thousands)c,2033,12969.0,Thousands,51310-2026-02-studentloan.xlsx,T3-NewLoanVolume,false,51310,Direct Loan Program: Projected Volume of New Loans / All New Loansa / Net Number of Loans (Thousands)c,fiscal_year,2033,2033,2033,15,10
Student Loans,Net Number of Loans (Thousands)c,2034,12991.0,Thousands,51310-2026-02-studentloan.xlsx,T3-NewLoanVolume,false,51310,Direct Loan Program: Projected Volume of New Loans / All New Loansa / Net Number of Loans (Thousands)c,fiscal_year,2034,2034,2034,15,11
Student Loans,Net Number of Loans (Thousands)c,2035,13011.0,Thousands,51310-2026-02-studentloan.xlsx,T3-NewLoanVolume,false,51310,Direct Loan Program: Projected Volume of New Loans / All New Loansa / Net Number of Loans (Thousands)c,fiscal_year,2035,2035,2035,15,12
Student Loans,Net Number of Loans (Thousands)c,2036,13021.0,Thousands,51310-2026-02-studentloan.xlsx,T3-NewLoanVolume,false,51310,Direct Loan Program: Projected Volume of New Loans / All New Loansa / Net Number of Loans (Thousands)c,fiscal_year,2036,2036,2036,15,13
Student Loans,Net Number of Loans (Thousands)c,,64555.0,Thousands,51310-2026-02-studentloan.xlsx,T3-NewLoanVolume,false,51310,Direct Loan Program: Projected Volume of New Loans / All New Loansa / Net Number of Loans (Thousands)c,cumulative_fiscal_years,2027,2031,2027-2031,15,14
Student Loans,Net Number of Loans (Thousands)c,,129495.0,Thousands,51310-2026-02-studentloan.xlsx,T3-NewLoanVolume,false,51310,Direct Loan Program: Projected Volume of New Loans / All New Loansa / Net Number of Loans (Thousands)c,cumulative_fiscal_years,2027,2036,2027-2036,15,15
Student Loans,Average Loan Amount (Dollars),2027,6130.0,Dollars,51310-2026-02-studentloan.xlsx,T3-NewLoanVolume,false,51310,Direct Loan Program: Projected Volume of New Loans / All New Loansa / Average Loan Amount (Dollars),fiscal_year,2027,2027,2027,16,4
Student Loans,Average Loan Amount (Dollars),2028,5817.0,Dollars,51310-2026-02-studentloan.xlsx,T3-NewLoanVolume,false,51310,Direct Loan Program: Projected Volume of New Loans / All New Loansa / Average Loan Amount (Dollars),fiscal_year,2028,2028,2028,16,5
Student Loans,Average Loan Amount (Dollars),2029,5805.0,Dollars,51310-2026-02-studentloan.xlsx,T3-NewLoanVolume,false,51310,Direct Loan Program: Projected Volume of New Loans / All New Loansa / Average Loan Amount (Dollars),fiscal_year,2029,2029,2029,16,6
Student Loans,Average Loan Amount (Dollars),2030,5884.0,Dollars,51310-2026-02-studentloan.xlsx,T3-NewLoanVolume,false,51310,Direct Loan Program: Projected Volume of New Loans / All New Loansa / Average Loan Amount (Dollars),fiscal_year,2030,2030,2030,16,7
Student Loans,Average Loan Amount (Dollars),2031,5968.0,Dollars,51310-2026-02-studentloan.xlsx,T3-NewLoanVolume,false,51310,Direct Loan Program: Projected Volume of New Loans / All New Loansa / Average Loan Amount (Dollars),fiscal_year,2031,2031,2031,16,8
Student Loans,Average Loan Amount (Dollars),2032,6059.0,Dollars,51310-2026-02-studentloan.xlsx,T3-NewLoanVolume,false,51310,Direct Loan Program: Projected Volume of New Loans / All New Loansa / Average Loan Amount (Dollars),fiscal_year,2032,2032,2032,16,9
Student Loans,Average Loan Amount (Dollars),2033,6149.0,Dollars,51310-2026-02-studentloan.xlsx,T3-NewLoanVolume,false,51310,Direct Loan Program: Projected Volume of New Loans / All New Loansa / Average Loan Amount (Dollars),fiscal_year,2033,2033,2033,16,10
Student Loans,Average Loan Amount (Dollars),2034,6238.0,Dollars,51310-2026-02-studentloan.xlsx,T3-NewLoanVolume,false,51310,Direct Loan Program: Projected Volume of New Loans / All New Loansa / Average Loan Amount (Dollars),fiscal_year,2034,2034,2034,16,11
Student Loans,Average Loan Amount (Dollars),2035,6327.0,Dollars,51310-2026-02-studentloan.xlsx,T3-NewLoanVolume,false,51310,Direct Loan Program: Projected Volume of New Loans / All New Loansa / Average Loan Amount (Dollars),fiscal_year,2035,2035,2035,16,12
Student Loans,Average Loan Amount (Dollars),2036,6425.0,Dollars,51310-2026-02-studentloan.xlsx,T3-NewLoanVolume,false,51310,Direct Loan Program: Projected Volume of New Loans / All New Loansa / Average Loan Amount (Dollars),fiscal_year,2036,2036,2036,16,13
Student Loans,Subsidized,2027,16051.0,Millions of dollars,51310-2026-02-studentloan.xlsx,T3-NewLoanVolume,false,51310,"Direct Loan Program: Projected Volume of New Loans / Net Annual Loan Volume, By Loan Type (Millions of dollars) / Subsidized",fiscal_year,2027,2027,2027,19,4
Student Loans,Subsidized,2028,16099.0,Millions of dollars,51310-2026-02-studentloan.xlsx,T3-NewLoanVolume,false,51310,"Direct Loan Program: Projected Volume of New Loans / Net Annual Loan Volume, By Loan Type (Millions of dollars) / Subsidized",fiscal_year,2028,2028,2028,19,5
Student Loans,Subsidized,2029,16198.0,Millions of dollars,51310-2026-02-studentloan.xlsx,T3-NewLoanVolume,false,51310,"Direct Loan Program: Projected Volume of New Loans / Net Annual Loan Volume, By Loan Type (Millions of dollars) / Subsidized",fiscal_year,2029,2029,2029,19,6
Student Loans,Subsidized,2030,16266.0,Millions of dollars,51310-2026-02-studentloan.xlsx,T3-NewLoanVolume,false,51310,"Direct Loan Program: Projected Volume of New Loans / Net Annual Loan Volume, By Loan Type (Millions of dollars) / Subsidized",fiscal_year,2030,2030,2030,19,7
Student Loans,Subsidized,2031,16307.0,Millions of dollars,51310-2026-02-studentloan.xlsx,T3-NewLoanVolume,false,51310,"Direct Loan Program: Projected Volume of New Loans / Net Annual Loan Volume, By Loan Type (Millions of dollars) / Subsidized",fiscal_year,2031,2031,2031,19,8
Student Loans,Subsidized,2032,16307.0,Millions of dollars,51310-2026-02-studentloan.xlsx,T3-NewLoanVolume,false,51310,"Direct Loan Program: Projected Volume of New Loans / Net Annual Loan Volume, By Loan Type (Millions of dollars) / Subsidized",fiscal_year,2032,2032,2032,19,9
Student Loans,Subsidized,2033,16303.0,Millions of dollars,51310-2026-02-studentloan.xlsx,T3-NewLoanVolume,false,51310,"Direct Loan Program: Projected Volume of New Loans / Net Annual Loan Volume, By Loan Type (Millions of dollars) / Subsidized",fiscal_year,2033,2033,2033,19,10
Student Loans,Subsidized,2034,16309.0,Millions of dollars,51310-2026-02-studentloan.xlsx,T3-NewLoanVolume,false,51310,"Direct Loan Program: Projected Volume of New Loans / Net Annual Loan Volume, By Loan Type (Millions of dollars) / Subsidized",fiscal_year,2034,2034,2034,19,11
Student Loans,Subsidized,2035,16312.0,Millions of dollars,51310-2026-02-studentloan.xlsx,T3-NewLoanVolume,false,51310,"Direct Loan Program: Projected Volume of New Loans / Net Annual Loan Volume, By Loan Type (Millions of dollars) / Subsidized",fiscal_year,2035,2035,2035,19,12
Student Loans,Subsidized,2036,16280.0,Millions of dollars,51310-2026-02-studentloan.xlsx,T3-NewLoanVolume,false,51310,"Direct Loan Program: Projected Volume of New Loans / Net Annual Loan Volume, By Loan Type (Millions of dollars) / Subsidized",fiscal_year,2036,2036,2036,19,13
Student Loans,Subsidized,,80921.0,Millions of dollars,51310-2026-02-studentloan.xlsx,T3-NewLoanVolume,false,51310,"Direct Loan Program: Projected Volume of New Loans / Net Annual Loan Volume, By Loan Type (Millions of dollars) / Subsidized",cumulative_fiscal_years,2027,2031,2027-2031,19,14
Student Loans,Subsidized,,162432.0,Millions of dollars,51310-2026-02-studentloan.xlsx,T3-NewLoanVolume,false,51310,"Direct Loan Program: Projected Volume of New Loans / Net Annual Loan Volume, By Loan Type (Millions of dollars) / Subsidized",cumulative_fiscal_years,2027,2036,2027-2036,19,15
Student Loans,Undergraduate Unsubsidized,2027,18090.0,Millions of dollars,51310-2026-02-studentloan.xlsx,T3-NewLoanVolume,false,51310,"Direct Loan Program: Projected Volume of New Loans / Net Annual Loan Volume, By Loan Type (Millions of dollars) / Undergraduate Unsubsidized",fiscal_year,2027,2027,2027,20,4
Student Loans,Undergraduate Unsubsidized,2028,17627.0,Millions of dollars,51310-2026-02-studentloan.xlsx,T3-NewLoanVolume,false,51310,"Direct Loan Program: Projected Volume of New Loans / Net Annual Loan Volume, By Loan Type (Millions of dollars) / Undergraduate Unsubsidized",fiscal_year,2028,2028,2028,20,5
Student Loans,Undergraduate Unsubsidized,2029,17747.0,Millions of dollars,51310-2026-02-studentloan.xlsx,T3-NewLoanVolume,false,51310,"Direct Loan Program: Projected Volume of New Loans / Net Annual Loan Volume, By Loan Type (Millions of dollars) / Undergraduate Unsubsidized",fiscal_year,2029,2029,2029,20,6
Student Loans,Undergraduate Unsubsidized,2030,17869.0,Millions of dollars,51310-2026-02-studentloan.xlsx,T3-NewLoanVolume,false,51310,"Direct Loan Program: Projected Volume of New Loans / Net Annual Loan Volume, By Loan Type (Millions of dollars) / Undergraduate Unsubsidized",fiscal_year,2030,2030,2030,20,7
Student Loans,Undergraduate Unsubsidized,2031,17991.0,Millions of dollars,51310-2026-02-studentloan.xlsx,T3-NewLoanVolume,false,51310,"Direct Loan Program: Projected Volume of New Loans / Net Annual Loan Volume, By Loan Type (Millions of dollars) / Undergraduate Unsubsidized",fiscal_year,2031,2031,2031,20,8
Student Loans,Undergraduate Unsubsidized,2032,18115.0,Millions of dollars,51310-2026-02-studentloan.xlsx,T3-NewLoanVolume,false,51310,"Direct Loan Program: Projected Volume of New Loans / Net Annual Loan Volume, By Loan Type (Millions of dollars) / Undergraduate Unsubsidized",fiscal_year,2032,2032,2032,20,9
Student Loans,Undergraduate Unsubsidized,2033,18239.0,Millions of dollars,51310-2026-02-studentloan.xlsx,T3-NewLoanVolume,false,51310,"Direct Loan Program: Projected Volume of New Loans / Net Annual Loan Volume, By Loan Type (Millions of dollars) / Undergraduate Unsubsidized",fiscal_year,2033,2033,2033,20,10
Student Loans,Undergraduate Unsubsidized,2034,18364.0,Millions of dollars,51310-2026-02-studentloan.xlsx,T3-NewLoanVolume,false,51310,"Direct Loan Program: Projected Volume of New Loans / Net Annual Loan Volume, By Loan Type (Millions of dollars) / Undergraduate Unsubsidized",fiscal_year,2034,2034,2034,20,11
Student Loans,Undergraduate Unsubsidized,2035,18489.0,Millions of dollars,51310-2026-02-studentloan.xlsx,T3-NewLoanVolume,false,51310,"Direct Loan Program: Projected Volume of New Loans / Net Annual Loan Volume, By Loan Type (Millions of dollars) / Undergraduate Unsubsidized",fiscal_year,2035,2035,2035,20,12
Student Loans,Undergraduate Unsubsidized,2036,18616.0,Millions of dollars,51310-2026-02-studentloan.xlsx,T3-NewLoanVolume,false,51310,"Direct Loan Program: Projected Volume of New Loans / Net Annual Loan Volume, By Loan Type (Millions of dollars) / Undergraduate Unsubsidized",fiscal_year,2036,2036,2036,20,13
Student Loans,Undergraduate Unsubsidized,,89324.0,Millions of dollars,51310-2026-02-studentloan.xlsx,T3-NewLoanVolume,false,51310,"Direct Loan Program: Projected Volume of New Loans / Net Annual Loan Volume, By Loan Type (Millions of dollars) / Undergraduate Unsubsidized",cumulative_fiscal_years,2027,2031,2027-2031,20,14
Student Loans,Undergraduate Unsubsidized,,181147.0,Millions of dollars,51310-2026-02-studentloan.xlsx,T3-NewLoanVolume,false,51310,"Direct Loan Program: Projected Volume of New Loans / Net Annual Loan Volume, By Loan Type (Millions of dollars) / Undergraduate Unsubsidized",cumulative_fiscal_years,2027,2036,2027-2036,20,15
Student Loans,Graduate Unsubsidized,2027,30843.0,Millions of dollars,51310-2026-02-studentloan.xlsx,T3-NewLoanVolume,false,51310,"Direct Loan Program: Projected Volume of New Loans / Net Annual Loan Volume, By Loan Type (Millions of dollars) / Graduate Unsubsidized",fiscal_year,2027,2027,2027,21,4
Student Loans,Graduate Unsubsidized,2028,31881.0,Millions of dollars,51310-2026-02-studentloan.xlsx,T3-NewLoanVolume,false,51310,"Direct Loan Program: Projected Volume of New Loans / Net Annual Loan Volume, By Loan Type (Millions of dollars) / Graduate Unsubsidized",fiscal_year,2028,2028,2028,21,5
Student Loans,Graduate Unsubsidized,2029,33305.0,Millions of dollars,51310-2026-02-studentloan.xlsx,T3-NewLoanVolume,false,51310,"Direct Loan Program: Projected Volume of New Loans / Net Annual Loan Volume, By Loan Type (Millions of dollars) / Graduate Unsubsidized",fiscal_year,2029,2029,2029,21,6
Student Loans,Graduate Unsubsidized,2030,34213.0,Millions of dollars,51310-2026-02-studentloan.xlsx,T3-NewLoanVolume,false,51310,"Direct Loan Program: Projected Volume of New Loans / Net Annual Loan Volume, By Loan Type (Millions of dollars) / Graduate Unsubsidized",fiscal_year,2030,2030,2030,21,7
Student Loans,Graduate Unsubsidized,2031,35208.0,Millions of dollars,51310-2026-02-studentloan.xlsx,T3-NewLoanVolume,false,51310,"Direct Loan Program: Projected Volume of New Loans / Net Annual Loan Volume, By Loan Type (Millions of dollars) / Graduate Unsubsidized",fiscal_year,2031,2031,2031,21,8
Student Loans,Graduate Unsubsidized,2032,36268.0,Millions of dollars,51310-2026-02-studentloan.xlsx,T3-NewLoanVolume,false,51310,"Direct Loan Program: Projected Volume of New Loans / Net Annual Loan Volume, By Loan Type (Millions of dollars) / Graduate Unsubsidized",fiscal_year,2032,2032,2032,21,9
Student Loans,Graduate Unsubsidized,2033,37328.0,Millions of dollars,51310-2026-02-studentloan.xlsx,T3-NewLoanVolume,false,51310,"Direct Loan Program: Projected Volume of New Loans / Net Annual Loan Volume, By Loan Type (Millions of dollars) / Graduate Unsubsidized",fiscal_year,2033,2033,2033,21,10
Student Loans,Graduate Unsubsidized,2034,38366.0,Millions of dollars,51310-2026-02-studentloan.xlsx,T3-NewLoanVolume,false,51310,"Direct Loan Program: Projected Volume of New Loans / Net Annual Loan Volume, By Loan Type (Millions of dollars) / Graduate Unsubsidized",fiscal_year,2034,2034,2034,21,11
Student Loans,Graduate Unsubsidized,2035,39400.0,Millions of dollars,51310-2026-02-studentloan.xlsx,T3-NewLoanVolume,false,51310,"Direct Loan Program: Projected Volume of New Loans / Net Annual Loan Volume, By Loan Type (Millions of dollars) / Graduate Unsubsidized",fiscal_year,2035,2035,2035,21,12
Student Loans,Graduate Unsubsidized,2036,40521.0,Millions of dollars,51310-2026-02-studentloan.xlsx,T3-NewLoanVolume,false,51310,"Direct Loan Program: Projected Volume of New Loans / Net Annual Loan Volume, By Loan Type (Millions of dollars) / Graduate Unsubsidized",fiscal_year,2036,2036,2036,21,13
Student Loans,Graduate Unsubsidized,,165450.0,Millions of dollars,51310-2026-02-studentloan.xlsx,T3-NewLoanVolume,false,51310,"Direct Loan Program: Projected Volume of New Loans / Net Annual Loan Volume, By Loan Type (Millions of dollars) / Graduate Unsubsidized",cumulative_fiscal_years,2027,2031,2027-2031,21,14
Student Loans,Graduate Unsubsidized,,357333.0,Millions of dollars,51310-2026-02-studentloan.xlsx,T3-NewLoanVolume,false,51310,"Direct Loan Program: Projected Volume of New Loans / Net Annual Loan Volume, By Loan Type (Millions of dollars) / Graduate Unsubsidized",cumulative_fiscal_years,2027,2036,2027-2036,21,15
Student Loans,Parent PLUS,2027,8136.0,Millions of dollars,51310-2026-02-studentloan.xlsx,T3-NewLoanVolume,false,51310,"Direct Loan Program: Projected Volume of New Loans / Net Annual Loan Volume, By Loan Type (Millions of dollars) / Parent PLUS",fiscal_year,2027,2027,2027,22,4
Student Loans,Parent PLUS,2028,7692.0,Millions of dollars,51310-2026-02-studentloan.xlsx,T3-NewLoanVolume,false,51310,"Direct Loan Program: Projected Volume of New Loans / Net Annual Loan Volume, By Loan Type (Millions of dollars) / Parent PLUS",fiscal_year,2028,2028,2028,22,5
Student Loans,Parent PLUS,2029,7391.0,Millions of dollars,51310-2026-02-studentloan.xlsx,T3-NewLoanVolume,false,51310,"Direct Loan Program: Projected Volume of New Loans / Net Annual Loan Volume, By Loan Type (Millions of dollars) / Parent PLUS",fiscal_year,2029,2029,2029,22,6
Student Loans,Parent PLUS,2030,7513.0,Millions of dollars,51310-2026-02-studentloan.xlsx,T3-NewLoanVolume,false,51310,"Direct Loan Program: Projected Volume of New Loans / Net Annual Loan Volume, By Loan Type (Millions of dollars) / Parent PLUS",fiscal_year,2030,2030,2030,22,7
Student Loans,Parent PLUS,2031,7635.0,Millions of dollars,51310-2026-02-studentloan.xlsx,T3-NewLoanVolume,false,51310,"Direct Loan Program: Projected Volume of New Loans / Net Annual Loan Volume, By Loan Type (Millions of dollars) / Parent PLUS",fiscal_year,2031,2031,2031,22,8
Student Loans,Parent PLUS,2032,7756.0,Millions of dollars,51310-2026-02-studentloan.xlsx,T3-NewLoanVolume,false,51310,"Direct Loan Program: Projected Volume of New Loans / Net Annual Loan Volume, By Loan Type (Millions of dollars) / Parent PLUS",fiscal_year,2032,2032,2032,22,9
Student Loans,Parent PLUS,2033,7877.0,Millions of dollars,51310-2026-02-studentloan.xlsx,T3-NewLoanVolume,false,51310,"Direct Loan Program: Projected Volume of New Loans / Net Annual Loan Volume, By Loan Type (Millions of dollars) / Parent PLUS",fiscal_year,2033,2033,2033,22,10
Student Loans,Parent PLUS,2034,7998.0,Millions of dollars,51310-2026-02-studentloan.xlsx,T3-NewLoanVolume,false,51310,"Direct Loan Program: Projected Volume of New Loans / Net Annual Loan Volume, By Loan Type (Millions of dollars) / Parent PLUS",fiscal_year,2034,2034,2034,22,11
Student Loans,Parent PLUS,2035,8118.0,Millions of dollars,51310-2026-02-studentloan.xlsx,T3-NewLoanVolume,false,51310,"Direct Loan Program: Projected Volume of New Loans / Net Annual Loan Volume, By Loan Type (Millions of dollars) / Parent PLUS",fiscal_year,2035,2035,2035,22,12
Student Loans,Parent PLUS,2036,8237.0,Millions of dollars,51310-2026-02-studentloan.xlsx,T3-NewLoanVolume,false,51310,"Direct Loan Program: Projected Volume of New Loans / Net Annual Loan Volume, By Loan Type (Millions of dollars) / Parent PLUS",fiscal_year,2036,2036,2036,22,13
Student Loans,Parent PLUS,,38367.0,Millions of dollars,51310-2026-02-studentloan.xlsx,T3-NewLoanVolume,false,51310,"Direct Loan Program: Projected Volume of New Loans / Net Annual Loan Volume, By Loan Type (Millions of dollars) / Parent PLUS",cumulative_fiscal_years,2027,2031,2027-2031,22,14
Student Loans,Parent PLUS,,78353.0,Millions of dollars,51310-2026-02-studentloan.xlsx,T3-NewLoanVolume,false,51310,"Direct Loan Program: Projected Volume of New Loans / Net Annual Loan Volume, By Loan Type (Millions of dollars) / Parent PLUS",cumulative_fiscal_years,2027,2036,2027-2036,22,15
Student Loans,Grad PLUSd,2027,6590.0,Millions of dollars,51310-2026-02-studentloan.xlsx,T3-NewLoanVolume,false,51310,"Direct Loan Program: Projected Volume of New Loans / Net Annual Loan Volume, By Loan Type (Millions of dollars) / Grad PLUSd",fiscal_year,2027,2027,2027,23,4
Student Loans,Grad PLUSd,2028,1607.0,Millions of dollars,51310-2026-02-studentloan.xlsx,T3-NewLoanVolume,false,51310,"Direct Loan Program: Projected Volume of New Loans / Net Annual Loan Volume, By Loan Type (Millions of dollars) / Grad PLUSd",fiscal_year,2028,2028,2028,23,5
Student Loans,Grad PLUSd,,8197.0,Millions of dollars,51310-2026-02-studentloan.xlsx,T3-NewLoanVolume,false,51310,"Direct Loan Program: Projected Volume of New Loans / Net Annual Loan Volume, By Loan Type (Millions of dollars) / Grad PLUSd",cumulative_fiscal_years,2027,2031,2027-2031,23,14
Student Loans,Grad PLUSd,,8197.0,Millions of dollars,51310-2026-02-studentloan.xlsx,T3-NewLoanVolume,false,51310,"Direct Loan Program: Projected Volume of New Loans / Net Annual Loan Volume, By Loan Type (Millions of dollars) / Grad PLUSd",cumulative_fiscal_years,2027,2036,2027-2036,23,15
Student Loans,Subsidized,2027,3208.0,Dollars,51310-2026-02-studentloan.xlsx,T3-NewLoanVolume,false,51310,"Direct Loan Program: Projected Volume of New Loans / Average Loan Amount, By Loan Type (Dollars) / Subsidized",fiscal_year,2027,2027,2027,26,4
Student Loans,Subsidized,2028,3224.0,Dollars,51310-2026-02-studentloan.xlsx,T3-NewLoanVolume,false,51310,"Direct Loan Program: Projected Volume of New Loans / Average Loan Amount, By Loan Type (Dollars) / Subsidized",fiscal_year,2028,2028,2028,26,5
Student Loans,Subsidized,2029,3240.0,Dollars,51310-2026-02-studentloan.xlsx,T3-NewLoanVolume,false,51310,"Direct Loan Program: Projected Volume of New Loans / Average Loan Amount, By Loan Type (Dollars) / Subsidized",fiscal_year,2029,2029,2029,26,6
Student Loans,Subsidized,2030,3256.0,Dollars,51310-2026-02-studentloan.xlsx,T3-NewLoanVolume,false,51310,"Direct Loan Program: Projected Volume of New Loans / Average Loan Amount, By Loan Type (Dollars) / Subsidized",fiscal_year,2030,2030,2030,26,7
Student Loans,Subsidized,2031,3272.0,Dollars,51310-2026-02-studentloan.xlsx,T3-NewLoanVolume,false,51310,"Direct Loan Program: Projected Volume of New Loans / Average Loan Amount, By Loan Type (Dollars) / Subsidized",fiscal_year,2031,2031,2031,26,8
Student Loans,Subsidized,2032,3288.0,Dollars,51310-2026-02-studentloan.xlsx,T3-NewLoanVolume,false,51310,"Direct Loan Program: Projected Volume of New Loans / Average Loan Amount, By Loan Type (Dollars) / Subsidized",fiscal_year,2032,2032,2032,26,9
Student Loans,Subsidized,2033,3304.0,Dollars,51310-2026-02-studentloan.xlsx,T3-NewLoanVolume,false,51310,"Direct Loan Program: Projected Volume of New Loans / Average Loan Amount, By Loan Type (Dollars) / Subsidized",fiscal_year,2033,2033,2033,26,10
Student Loans,Subsidized,2034,3320.0,Dollars,51310-2026-02-studentloan.xlsx,T3-NewLoanVolume,false,51310,"Direct Loan Program: Projected Volume of New Loans / Average Loan Amount, By Loan Type (Dollars) / Subsidized",fiscal_year,2034,2034,2034,26,11
Student Loans,Subsidized,2035,3336.0,Dollars,51310-2026-02-studentloan.xlsx,T3-NewLoanVolume,false,51310,"Direct Loan Program: Projected Volume of New Loans / Average Loan Amount, By Loan Type (Dollars) / Subsidized",fiscal_year,2035,2035,2035,26,12
Student Loans,Subsidized,2036,3353.0,Dollars,51310-2026-02-studentloan.xlsx,T3-NewLoanVolume,false,51310,"Direct Loan Program: Projected Volume of New Loans / Average Loan Amount, By Loan Type (Dollars) / Subsidized",fiscal_year,2036,2036,2036,26,13
Student Loans,Undergraduate Unsubsidized,2027,3416.0,Dollars,51310-2026-02-studentloan.xlsx,T3-NewLoanVolume,false,51310,"Direct Loan Program: Projected Volume of New Loans / Average Loan Amount, By Loan Type (Dollars) / Undergraduate Unsubsidized",fiscal_year,2027,2027,2027,27,4
Student Loans,Undergraduate Unsubsidized,2028,3295.0,Dollars,51310-2026-02-studentloan.xlsx,T3-NewLoanVolume,false,51310,"Direct Loan Program: Projected Volume of New Loans / Average Loan Amount, By Loan Type (Dollars) / Undergraduate Unsubsidized",fiscal_year,2028,2028,2028,27,5
Student Loans,Undergraduate Unsubsidized,2029,3315.0,Dollars,51310-2026-02-studentloan.xlsx,T3-NewLoanVolume,false,51310,"Direct Loan Program: Projected Volume of New Loans / Average Loan Amount, By Loan Type (Dollars) / Undergraduate Unsubsidized",fiscal_year,2029,2029,2029,27,6
Student Loans,Undergraduate Unsubsidized,2030,3334.0,Dollars,51310-2026-02-studentloan.xlsx,T3-NewLoanVolume,false,51310,"Direct Loan Program: Projected Volume of New Loans / Average Loan Amount, By Loan Type (Dollars) / Undergraduate Unsubsidized",fiscal_year,2030,2030,2030,27,7
Student Loans,Undergraduate Unsubsidized,2031,3353.0,Dollars,51310-2026-02-studentloan.xlsx,T3-NewLoanVolume,false,51310,"Direct Loan Program: Projected Volume of New Loans / Average Loan Amount, By Loan Type (Dollars) / Undergraduate Unsubsidized",fiscal_year,2031,2031,2031,27,8
Student Loans,Undergraduate Unsubsidized,2032,3373.0,Dollars,51310-2026-02-studentloan.xlsx,T3-NewLoanVolume,false,51310,"Direct Loan Program: Projected Volume of New Loans / Average Loan Amount, By Loan Type (Dollars) / Undergraduate Unsubsidized",fiscal_year,2032,2032,2032,27,9
Student Loans,Undergraduate Unsubsidized,2033,3393.0,Dollars,51310-2026-02-studentloan.xlsx,T3-NewLoanVolume,false,51310,"Direct Loan Program: Projected Volume of New Loans / Average Loan Amount, By Loan Type (Dollars) / Undergraduate Unsubsidized",fiscal_year,2033,2033,2033,27,10
Student Loans,Undergraduate Unsubsidized,2034,3412.0,Dollars,51310-2026-02-studentloan.xlsx,T3-NewLoanVolume,false,51310,"Direct Loan Program: Projected Volume of New Loans / Average Loan Amount, By Loan Type (Dollars) / Undergraduate Unsubsidized",fiscal_year,2034,2034,2034,27,11
Student Loans,Undergraduate Unsubsidized,2035,3432.0,Dollars,51310-2026-02-studentloan.xlsx,T3-NewLoanVolume,false,51310,"Direct Loan Program: Projected Volume of New Loans / Average Loan Amount, By Loan Type (Dollars) / Undergraduate Unsubsidized",fiscal_year,2035,2035,2035,27,12
Student Loans,Undergraduate Unsubsidized,2036,3452.0,Dollars,51310-2026-02-studentloan.xlsx,T3-NewLoanVolume,false,51310,"Direct Loan Program: Projected Volume of New Loans / Average Loan Amount, By Loan Type (Dollars) / Undergraduate Unsubsidized",fiscal_year,2036,2036,2036,27,13
Student Loans,Graduate Unsubsidized,2027,16732.0,Dollars,51310-2026-02-studentloan.xlsx,T3-NewLoanVolume,false,51310,"Direct Loan Program: Projected Volume of New Loans / Average Loan Amount, By Loan Type (Dollars) / Graduate Unsubsidized",fiscal_year,2027,2027,2027,28,4
Student Loans,Graduate Unsubsidized,2028,17074.0,Dollars,51310-2026-02-studentloan.xlsx,T3-NewLoanVolume,false,51310,"Direct Loan Program: Projected Volume of New Loans / Average Loan Amount, By Loan Type (Dollars) / Graduate Unsubsidized",fiscal_year,2028,2028,2028,28,5
Student Loans,Graduate Unsubsidized,2029,17575.0,Dollars,51310-2026-02-studentloan.xlsx,T3-NewLoanVolume,false,51310,"Direct Loan Program: Projected Volume of New Loans / Average Loan Amount, By Loan Type (Dollars) / Graduate Unsubsidized",fiscal_year,2029,2029,2029,28,6
Student Loans,Graduate Unsubsidized,2030,17740.0,Dollars,51310-2026-02-studentloan.xlsx,T3-NewLoanVolume,false,51310,"Direct Loan Program: Projected Volume of New Loans / Average Loan Amount, By Loan Type (Dollars) / Graduate Unsubsidized",fiscal_year,2030,2030,2030,28,7
Student Loans,Graduate Unsubsidized,2031,17904.0,Dollars,51310-2026-02-studentloan.xlsx,T3-NewLoanVolume,false,51310,"Direct Loan Program: Projected Volume of New Loans / Average Loan Amount, By Loan Type (Dollars) / Graduate Unsubsidized",fiscal_year,2031,2031,2031,28,8
Student Loans,Graduate Unsubsidized,2032,18068.0,Dollars,51310-2026-02-studentloan.xlsx,T3-NewLoanVolume,false,51310,"Direct Loan Program: Projected Volume of New Loans / Average Loan Amount, By Loan Type (Dollars) / Graduate Unsubsidized",fiscal_year,2032,2032,2032,28,9
Student Loans,Graduate Unsubsidized,2033,18232.0,Dollars,51310-2026-02-studentloan.xlsx,T3-NewLoanVolume,false,51310,"Direct Loan Program: Projected Volume of New Loans / Average Loan Amount, By Loan Type (Dollars) / Graduate Unsubsidized",fiscal_year,2033,2033,2033,28,10
Student Loans,Graduate Unsubsidized,2034,18396.0,Dollars,51310-2026-02-studentloan.xlsx,T3-NewLoanVolume,false,51310,"Direct Loan Program: Projected Volume of New Loans / Average Loan Amount, By Loan Type (Dollars) / Graduate Unsubsidized",fiscal_year,2034,2034,2034,28,11
Student Loans,Graduate Unsubsidized,2035,18560.0,Dollars,51310-2026-02-studentloan.xlsx,T3-NewLoanVolume,false,51310,"Direct Loan Program: Projected Volume of New Loans / Average Loan Amount, By Loan Type (Dollars) / Graduate Unsubsidized",fiscal_year,2035,2035,2035,28,12
Student Loans,Graduate Unsubsidized,2036,18757.0,Dollars,51310-2026-02-studentloan.xlsx,T3-NewLoanVolume,false,51310,"Direct Loan Program: Projected Volume of New Loans / Average Loan Amount, By Loan Type (Dollars) / Graduate Unsubsidized",fiscal_year,2036,2036,2036,28,13
Student Loans,Parent PLUS,2027,13424.0,Dollars,51310-2026-02-studentloan.xlsx,T3-NewLoanVolume,false,51310,"Direct Loan Program: Projected Volume of New Loans / Average Loan Amount, By Loan Type (Dollars) / Parent PLUS",fiscal_year,2027,2027,2027,29,4
Student Loans,Parent PLUS,2028,12659.0,Dollars,51310-2026-02-studentloan.xlsx,T3-NewLoanVolume,false,51310,"Direct Loan Program: Projected Volume of New Loans / Average Loan Amount, By Loan Type (Dollars) / Parent PLUS",fiscal_year,2028,2028,2028,29,5
Student Loans,Parent PLUS,2029,12145.0,Dollars,51310-2026-02-studentloan.xlsx,T3-NewLoanVolume,false,51310,"Direct Loan Program: Projected Volume of New Loans / Average Loan Amount, By Loan Type (Dollars) / Parent PLUS",fiscal_year,2029,2029,2029,29,6
Student Loans,Parent PLUS,2030,12332.0,Dollars,51310-2026-02-studentloan.xlsx,T3-NewLoanVolume,false,51310,"Direct Loan Program: Projected Volume of New Loans / Average Loan Amount, By Loan Type (Dollars) / Parent PLUS",fiscal_year,2030,2030,2030,29,7
Student Loans,Parent PLUS,2031,12519.0,Dollars,51310-2026-02-studentloan.xlsx,T3-NewLoanVolume,false,51310,"Direct Loan Program: Projected Volume of New Loans / Average Loan Amount, By Loan Type (Dollars) / Parent PLUS",fiscal_year,2031,2031,2031,29,8
Student Loans,Parent PLUS,2032,12706.0,Dollars,51310-2026-02-studentloan.xlsx,T3-NewLoanVolume,false,51310,"Direct Loan Program: Projected Volume of New Loans / Average Loan Amount, By Loan Type (Dollars) / Parent PLUS",fiscal_year,2032,2032,2032,29,9
Student Loans,Parent PLUS,2033,12891.0,Dollars,51310-2026-02-studentloan.xlsx,T3-NewLoanVolume,false,51310,"Direct Loan Program: Projected Volume of New Loans / Average Loan Amount, By Loan Type (Dollars) / Parent PLUS",fiscal_year,2033,2033,2033,29,10
Student Loans,Parent PLUS,2034,13076.0,Dollars,51310-2026-02-studentloan.xlsx,T3-NewLoanVolume,false,51310,"Direct Loan Program: Projected Volume of New Loans / Average Loan Amount, By Loan Type (Dollars) / Parent PLUS",fiscal_year,2034,2034,2034,29,11
Student Loans,Parent PLUS,2035,13258.0,Dollars,51310-2026-02-studentloan.xlsx,T3-NewLoanVolume,false,51310,"Direct Loan Program: Projected Volume of New Loans / Average Loan Amount, By Loan Type (Dollars) / Parent PLUS",fiscal_year,2035,2035,2035,29,12
Student Loans,Parent PLUS,2036,13439.0,Dollars,51310-2026-02-studentloan.xlsx,T3-NewLoanVolume,false,51310,"Direct Loan Program: Projected Volume of New Loans / Average Loan Amount, By Loan Type (Dollars) / Parent PLUS",fiscal_year,2036,2036,2036,29,13
Student Loans,Grad PLUSd,2027,25926.0,Dollars,51310-2026-02-studentloan.xlsx,T3-NewLoanVolume,false,51310,"Direct Loan Program: Projected Volume of New Loans / Average Loan Amount, By Loan Type (Dollars) / Grad PLUSd",fiscal_year,2027,2027,2027,30,4
Student Loans,Grad PLUSd,2028,27170.0,Dollars,51310-2026-02-studentloan.xlsx,T3-NewLoanVolume,false,51310,"Direct Loan Program: Projected Volume of New Loans / Average Loan Amount, By Loan Type (Dollars) / Grad PLUSd",fiscal_year,2028,2028,2028,30,5
Student Loans,All Loans,2027,4.6,Percent,51310-2026-02-studentloan.xlsx,T4-Subsidy Rates_FCRA,false,51310,"Direct Loan Program: Projected Subsidy Rates—Federal Credit Reform Act Estimating Procedures / Percent, by fiscal year / All Loans",fiscal_year,2027,2027,2027,13,4
Student Loans,All Loans,2028,3.9,Percent,51310-2026-02-studentloan.xlsx,T4-Subsidy Rates_FCRA,false,51310,"Direct Loan Program: Projected Subsidy Rates—Federal Credit Reform Act Estimating Procedures / Percent, by fiscal year / All Loans",fiscal_year,2028,2028,2028,13,5
Student Loans,All Loans,2029,3.9,Percent,51310-2026-02-studentloan.xlsx,T4-Subsidy Rates_FCRA,false,51310,"Direct Loan Program: Projected Subsidy Rates—Federal Credit Reform Act Estimating Procedures / Percent, by fiscal year / All Loans",fiscal_year,2029,2029,2029,13,6
Student Loans,All Loans,2030,4.2,Percent,51310-2026-02-studentloan.xlsx,T4-Subsidy Rates_FCRA,false,51310,"Direct Loan Program: Projected Subsidy Rates—Federal Credit Reform Act Estimating Procedures / Percent, by fiscal year / All Loans",fiscal_year,2030,2030,2030,13,7
Student Loans,All Loans,2031,4.4,Percent,51310-2026-02-studentloan.xlsx,T4-Subsidy Rates_FCRA,false,51310,"Direct Loan Program: Projected Subsidy Rates—Federal Credit Reform Act Estimating Procedures / Percent, by fiscal year / All Loans",fiscal_year,2031,2031,2031,13,8
Student Loans,All Loans,2032,4.7,Percent,51310-2026-02-studentloan.xlsx,T4-Subsidy Rates_FCRA,false,51310,"Direct Loan Program: Projected Subsidy Rates—Federal Credit Reform Act Estimating Procedures / Percent, by fiscal year / All Loans",fiscal_year,2032,2032,2032,13,9
Student Loans,All Loans,2033,4.9,Percent,51310-2026-02-studentloan.xlsx,T4-Subsidy Rates_FCRA,false,51310,"Direct Loan Program: Projected Subsidy Rates—Federal Credit Reform Act Estimating Procedures / Percent, by fiscal year / All Loans",fiscal_year,2033,2033,2033,13,10
Student Loans,All Loans,2034,5.1,Percent,51310-2026-02-studentloan.xlsx,T4-Subsidy Rates_FCRA,false,51310,"Direct Loan Program: Projected Subsidy Rates—Federal Credit Reform Act Estimating Procedures / Percent, by fiscal year / All Loans",fiscal_year,2034,2034,2034,13,11
Student Loans,All Loans,2035,5.2,Percent,51310-2026-02-studentloan.xlsx,T4-Subsidy Rates_FCRA,false,51310,"Direct Loan Program: Projected Subsidy Rates—Federal Credit Reform Act Estimating Procedures / Percent, by fiscal year / All Loans",fiscal_year,2035,2035,2035,13,12
Student Loans,All Loans,2036,5.3,Percent,51310-2026-02-studentloan.xlsx,T4-Subsidy Rates_FCRA,false,51310,"Direct Loan Program: Projected Subsidy Rates—Federal Credit Reform Act Estimating Procedures / Percent, by fiscal year / All Loans",fiscal_year,2036,2036,2036,13,13
Student Loans,Subsidized,2027,17.3,Percent,51310-2026-02-studentloan.xlsx,T4-Subsidy Rates_FCRA,false,51310,Direct Loan Program: Projected Subsidy Rates—Federal Credit Reform Act Estimating Procedures / By Loan Type / Subsidized,fiscal_year,2027,2027,2027,16,4
Student Loans,Subsidized,2028,17.3,Percent,51310-2026-02-studentloan.xlsx,T4-Subsidy Rates_FCRA,false,51310,Direct Loan Program: Projected Subsidy Rates—Federal Credit Reform Act Estimating Procedures / By Loan Type / Subsidized,fiscal_year,2028,2028,2028,16,5
Student Loans,Subsidized,2029,17.5,Percent,51310-2026-02-studentloan.xlsx,T4-Subsidy Rates_FCRA,false,51310,Direct Loan Program: Projected Subsidy Rates—Federal Credit Reform Act Estimating Procedures / By Loan Type / Subsidized,fiscal_year,2029,2029,2029,16,6
Student Loans,Subsidized,2030,17.7,Percent,51310-2026-02-studentloan.xlsx,T4-Subsidy Rates_FCRA,false,51310,Direct Loan Program: Projected Subsidy Rates—Federal Credit Reform Act Estimating Procedures / By Loan Type / Subsidized,fiscal_year,2030,2030,2030,16,7
Student Loans,Subsidized,2031,17.8,Percent,51310-2026-02-studentloan.xlsx,T4-Subsidy Rates_FCRA,false,51310,Direct Loan Program: Projected Subsidy Rates—Federal Credit Reform Act Estimating Procedures / By Loan Type / Subsidized,fiscal_year,2031,2031,2031,16,8
Student Loans,Subsidized,2032,17.9,Percent,51310-2026-02-studentloan.xlsx,T4-Subsidy Rates_FCRA,false,51310,Direct Loan Program: Projected Subsidy Rates—Federal Credit Reform Act Estimating Procedures / By Loan Type / Subsidized,fiscal_year,2032,2032,2032,16,9
Student Loans,Subsidized,2033,18.2,Percent,51310-2026-02-studentloan.xlsx,T4-Subsidy Rates_FCRA,false,51310,Direct Loan Program: Projected Subsidy Rates—Federal Credit Reform Act Estimating Procedures / By Loan Type / Subsidized,fiscal_year,2033,2033,2033,16,10
Student Loans,Subsidized,2034,18.3,Percent,51310-2026-02-studentloan.xlsx,T4-Subsidy Rates_FCRA,false,51310,Direct Loan Program: Projected Subsidy Rates—Federal Credit Reform Act Estimating Procedures / By Loan Type / Subsidized,fiscal_year,2034,2034,2034,16,11
Student Loans,Subsidized,2035,18.3,Percent,51310-2026-02-studentloan.xlsx,T4-Subsidy Rates_FCRA,false,51310,Direct Loan Program: Projected Subsidy Rates—Federal Credit Reform Act Estimating Procedures / By Loan Type / Subsidized,fiscal_year,2035,2035,2035,16,12
Student Loans,Subsidized,2036,18.4,Percent,51310-2026-02-studentloan.xlsx,T4-Subsidy Rates_FCRA,false,51310,Direct Loan Program: Projected Subsidy Rates—Federal Credit Reform Act Estimating Procedures / By Loan Type / Subsidized,fiscal_year,2036,2036,2036,16,13
Student Loans,Undergraduate Unsubsidized,2027,2.9,Percent,51310-2026-02-studentloan.xlsx,T4-Subsidy Rates_FCRA,false,51310,Direct Loan Program: Projected Subsidy Rates—Federal Credit Reform Act Estimating Procedures / By Loan Type / Undergraduate Unsubsidized,fiscal_year,2027,2027,2027,17,4
Student Loans,Undergraduate Unsubsidized,2028,2.9,Percent,51310-2026-02-studentloan.xlsx,T4-Subsidy Rates_FCRA,false,51310,Direct Loan Program: Projected Subsidy Rates—Federal Credit Reform Act Estimating Procedures / By Loan Type / Undergraduate Unsubsidized,fiscal_year,2028,2028,2028,17,5
Student Loans,Undergraduate Unsubsidized,2029,3.4,Percent,51310-2026-02-studentloan.xlsx,T4-Subsidy Rates_FCRA,false,51310,Direct Loan Program: Projected Subsidy Rates—Federal Credit Reform Act Estimating Procedures / By Loan Type / Undergraduate Unsubsidized,fiscal_year,2029,2029,2029,17,6
Student Loans,Undergraduate Unsubsidized,2030,4.0,Percent,51310-2026-02-studentloan.xlsx,T4-Subsidy Rates_FCRA,false,51310,Direct Loan Program: Projected Subsidy Rates—Federal Credit Reform Act Estimating Procedures / By Loan Type / Undergraduate Unsubsidized,fiscal_year,2030,2030,2030,17,7
Student Loans,Undergraduate Unsubsidized,2031,4.4,Percent,51310-2026-02-studentloan.xlsx,T4-Subsidy Rates_FCRA,false,51310,Direct Loan Program: Projected Subsidy Rates—Federal Credit Reform Act Estimating Procedures / By Loan Type / Undergraduate Unsubsidized,fiscal_year,2031,2031,2031,17,8
Student Loans,Undergraduate Unsubsidized,2032,5.0,Percent,51310-2026-02-studentloan.xlsx,T4-Subsidy Rates_FCRA,false,51310,Direct Loan Program: Projected Subsidy Rates—Federal Credit Reform Act Estimating Procedures / By Loan Type / Undergraduate Unsubsidized,fiscal_year,2032,2032,2032,17,9
Student Loans,Undergraduate Unsubsidized,2033,5.6,Percent,51310-2026-02-studentloan.xlsx,T4-Subsidy Rates_FCRA,false,51310,Direct Loan Program: Projected Subsidy Rates—Federal Credit Reform Act Estimating Procedures / By Loan Type / Undergraduate Unsubsidized,fiscal_year,2033,2033,2033,17,10
Student Loans,Undergraduate Unsubsidized,2034,6.1,Percent,51310-2026-02-studentloan.xlsx,T4-Subsidy Rates_FCRA,false,51310,Direct Loan Program: Projected Subsidy Rates—Federal Credit Reform Act Estimating Procedures / By Loan Type / Undergraduate Unsubsidized,fiscal_year,2034,2034,2034,17,11
Student Loans,Undergraduate Unsubsidized,2035,6.5,Percent,51310-2026-02-studentloan.xlsx,T4-Subsidy Rates_FCRA,false,51310,Direct Loan Program: Projected Subsidy Rates—Federal Credit Reform Act Estimating Procedures / By Loan Type / Undergraduate Unsubsidized,fiscal_year,2035,2035,2035,17,12
Student Loans,Undergraduate Unsubsidized,2036,7.0,Percent,51310-2026-02-studentloan.xlsx,T4-Subsidy Rates_FCRA,false,51310,Direct Loan Program: Projected Subsidy Rates—Federal Credit Reform Act Estimating Procedures / By Loan Type / Undergraduate Unsubsidized,fiscal_year,2036,2036,2036,17,13
Student Loans,Graduate Unsubsidized,2027,2.6,Percent,51310-2026-02-studentloan.xlsx,T4-Subsidy Rates_FCRA,false,51310,Direct Loan Program: Projected Subsidy Rates—Federal Credit Reform Act Estimating Procedures / By Loan Type / Graduate Unsubsidized,fiscal_year,2027,2027,2027,18,4
Student Loans,Graduate Unsubsidized,2028,2.3,Percent,51310-2026-02-studentloan.xlsx,T4-Subsidy Rates_FCRA,false,51310,Direct Loan Program: Projected Subsidy Rates—Federal Credit Reform Act Estimating Procedures / By Loan Type / Graduate Unsubsidized,fiscal_year,2028,2028,2028,18,5
Student Loans,Graduate Unsubsidized,2029,2.3,Percent,51310-2026-02-studentloan.xlsx,T4-Subsidy Rates_FCRA,false,51310,Direct Loan Program: Projected Subsidy Rates—Federal Credit Reform Act Estimating Procedures / By Loan Type / Graduate Unsubsidized,fiscal_year,2029,2029,2029,18,6
Student Loans,Graduate Unsubsidized,2030,2.4,Percent,51310-2026-02-studentloan.xlsx,T4-Subsidy Rates_FCRA,false,51310,Direct Loan Program: Projected Subsidy Rates—Federal Credit Reform Act Estimating Procedures / By Loan Type / Graduate Unsubsidized,fiscal_year,2030,2030,2030,18,7
Student Loans,Graduate Unsubsidized,2031,2.7,Percent,51310-2026-02-studentloan.xlsx,T4-Subsidy Rates_FCRA,false,51310,Direct Loan Program: Projected Subsidy Rates—Federal Credit Reform Act Estimating Procedures / By Loan Type / Graduate Unsubsidized,fiscal_year,2031,2031,2031,18,8
Student Loans,Graduate Unsubsidized,2032,2.9,Percent,51310-2026-02-studentloan.xlsx,T4-Subsidy Rates_FCRA,false,51310,Direct Loan Program: Projected Subsidy Rates—Federal Credit Reform Act Estimating Procedures / By Loan Type / Graduate Unsubsidized,fiscal_year,2032,2032,2032,18,9
Student Loans,Graduate Unsubsidized,2033,3.1,Percent,51310-2026-02-studentloan.xlsx,T4-Subsidy Rates_FCRA,false,51310,Direct Loan Program: Projected Subsidy Rates—Federal Credit Reform Act Estimating Procedures / By Loan Type / Graduate Unsubsidized,fiscal_year,2033,2033,2033,18,10
Student Loans,Graduate Unsubsidized,2034,3.2,Percent,51310-2026-02-studentloan.xlsx,T4-Subsidy Rates_FCRA,false,51310,Direct Loan Program: Projected Subsidy Rates—Federal Credit Reform Act Estimating Procedures / By Loan Type / Graduate Unsubsidized,fiscal_year,2034,2034,2034,18,11
Student Loans,Graduate Unsubsidized,2035,3.2,Percent,51310-2026-02-studentloan.xlsx,T4-Subsidy Rates_FCRA,false,51310,Direct Loan Program: Projected Subsidy Rates—Federal Credit Reform Act Estimating Procedures / By Loan Type / Graduate Unsubsidized,fiscal_year,2035,2035,2035,18,12
Student Loans,Graduate Unsubsidized,2036,3.2,Percent,51310-2026-02-studentloan.xlsx,T4-Subsidy Rates_FCRA,false,51310,Direct Loan Program: Projected Subsidy Rates—Federal Credit Reform Act Estimating Procedures / By Loan Type / Graduate Unsubsidized,fiscal_year,2036,2036,2036,18,13
Student Loans,Parent PLUS,2027,-17.8,Percent,51310-2026-02-studentloan.xlsx,T4-Subsidy Rates_FCRA,false,51310,Direct Loan Program: Projected Subsidy Rates—Federal Credit Reform Act Estimating Procedures / By Loan Type / Parent PLUS,fiscal_year,2027,2027,2027,19,4
Student Loans,Parent PLUS,2028,-17.6,Percent,51310-2026-02-studentloan.xlsx,T4-Subsidy Rates_FCRA,false,51310,Direct Loan Program: Projected Subsidy Rates—Federal Credit Reform Act Estimating Procedures / By Loan Type / Parent PLUS,fiscal_year,2028,2028,2028,19,5
Student Loans,Parent PLUS,2029,-17.2,Percent,51310-2026-02-studentloan.xlsx,T4-Subsidy Rates_FCRA,false,51310,Direct Loan Program: Projected Subsidy Rates—Federal Credit Reform Act Estimating Procedures / By Loan Type / Parent PLUS,fiscal_year,2029,2029,2029,19,6
Student Loans,Parent PLUS,2030,-16.7,Percent,51310-2026-02-studentloan.xlsx,T4-Subsidy Rates_FCRA,false,51310,Direct Loan Program: Projected Subsidy Rates—Federal Credit Reform Act Estimating Procedures / By Loan Type / Parent PLUS,fiscal_year,2030,2030,2030,19,7
Student Loans,Parent PLUS,2031,-16.4,Percent,51310-2026-02-studentloan.xlsx,T4-Subsidy Rates_FCRA,false,51310,Direct Loan Program: Projected Subsidy Rates—Federal Credit Reform Act Estimating Procedures / By Loan Type / Parent PLUS,fiscal_year,2031,2031,2031,19,8
Student Loans,Parent PLUS,2032,-15.8,Percent,51310-2026-02-studentloan.xlsx,T4-Subsidy Rates_FCRA,false,51310,Direct Loan Program: Projected Subsidy Rates—Federal Credit Reform Act Estimating Procedures / By Loan Type / Parent PLUS,fiscal_year,2032,2032,2032,19,9
Student Loans,Parent PLUS,2033,-15.4,Percent,51310-2026-02-studentloan.xlsx,T4-Subsidy Rates_FCRA,false,51310,Direct Loan Program: Projected Subsidy Rates—Federal Credit Reform Act Estimating Procedures / By Loan Type / Parent PLUS,fiscal_year,2033,2033,2033,19,10
Student Loans,Parent PLUS,2034,-15.2,Percent,51310-2026-02-studentloan.xlsx,T4-Subsidy Rates_FCRA,false,51310,Direct Loan Program: Projected Subsidy Rates—Federal Credit Reform Act Estimating Procedures / By Loan Type / Parent PLUS,fiscal_year,2034,2034,2034,19,11
Student Loans,Parent PLUS,2035,-15.0,Percent,51310-2026-02-studentloan.xlsx,T4-Subsidy Rates_FCRA,false,51310,Direct Loan Program: Projected Subsidy Rates—Federal Credit Reform Act Estimating Procedures / By Loan Type / Parent PLUS,fiscal_year,2035,2035,2035,19,12
Student Loans,Parent PLUS,2036,-14.8,Percent,51310-2026-02-studentloan.xlsx,T4-Subsidy Rates_FCRA,false,51310,Direct Loan Program: Projected Subsidy Rates—Federal Credit Reform Act Estimating Procedures / By Loan Type / Parent PLUS,fiscal_year,2036,2036,2036,19,13
Student Loans,Grad PLUSa,2027,14.9,Percent,51310-2026-02-studentloan.xlsx,T4-Subsidy Rates_FCRA,false,51310,Direct Loan Program: Projected Subsidy Rates—Federal Credit Reform Act Estimating Procedures / By Loan Type / Grad PLUSa,fiscal_year,2027,2027,2027,20,4
Student Loans,Grad PLUSa,2028,14.9,Percent,51310-2026-02-studentloan.xlsx,T4-Subsidy Rates_FCRA,false,51310,Direct Loan Program: Projected Subsidy Rates—Federal Credit Reform Act Estimating Procedures / By Loan Type / Grad PLUSa,fiscal_year,2028,2028,2028,20,5
Student Loans,Subsidized,2027,12.4,Percent,51310-2026-02-studentloan.xlsx,T4-Subsidy Rates_FCRA,false,51310,Direct Loan Program: Projected Subsidy Rates—Federal Credit Reform Act Estimating Procedures / Fixed-Term Repayment Plans / Subsidized,fiscal_year,2027,2027,2027,24,4
Student Loans,Subsidized,2028,12.5,Percent,51310-2026-02-studentloan.xlsx,T4-Subsidy Rates_FCRA,false,51310,Direct Loan Program: Projected Subsidy Rates—Federal Credit Reform Act Estimating Procedures / Fixed-Term Repayment Plans / Subsidized,fiscal_year,2028,2028,2028,24,5
Student Loans,Subsidized,2029,12.8,Percent,51310-2026-02-studentloan.xlsx,T4-Subsidy Rates_FCRA,false,51310,Direct Loan Program: Projected Subsidy Rates—Federal Credit Reform Act Estimating Procedures / Fixed-Term Repayment Plans / Subsidized,fiscal_year,2029,2029,2029,24,6
Student Loans,Subsidized,2030,13.1,Percent,51310-2026-02-studentloan.xlsx,T4-Subsidy Rates_FCRA,false,51310,Direct Loan Program: Projected Subsidy Rates—Federal Credit Reform Act Estimating Procedures / Fixed-Term Repayment Plans / Subsidized,fiscal_year,2030,2030,2030,24,7
Student Loans,Subsidized,2031,13.4,Percent,51310-2026-02-studentloan.xlsx,T4-Subsidy Rates_FCRA,false,51310,Direct Loan Program: Projected Subsidy Rates—Federal Credit Reform Act Estimating Procedures / Fixed-Term Repayment Plans / Subsidized,fiscal_year,2031,2031,2031,24,8
Student Loans,Subsidized,2032,13.8,Percent,51310-2026-02-studentloan.xlsx,T4-Subsidy Rates_FCRA,false,51310,Direct Loan Program: Projected Subsidy Rates—Federal Credit Reform Act Estimating Procedures / Fixed-Term Repayment Plans / Subsidized,fiscal_year,2032,2032,2032,24,9
Student Loans,Subsidized,2033,14.1,Percent,51310-2026-02-studentloan.xlsx,T4-Subsidy Rates_FCRA,false,51310,Direct Loan Program: Projected Subsidy Rates—Federal Credit Reform Act Estimating Procedures / Fixed-Term Repayment Plans / Subsidized,fiscal_year,2033,2033,2033,24,10
Student Loans,Subsidized,2034,14.2,Percent,51310-2026-02-studentloan.xlsx,T4-Subsidy Rates_FCRA,false,51310,Direct Loan Program: Projected Subsidy Rates—Federal Credit Reform Act Estimating Procedures / Fixed-Term Repayment Plans / Subsidized,fiscal_year,2034,2034,2034,24,11
Student Loans,Subsidized,2035,14.4,Percent,51310-2026-02-studentloan.xlsx,T4-Subsidy Rates_FCRA,false,51310,Direct Loan Program: Projected Subsidy Rates—Federal Credit Reform Act Estimating Procedures / Fixed-Term Repayment Plans / Subsidized,fiscal_year,2035,2035,2035,24,12
Student Loans,Subsidized,2036,14.6,Percent,51310-2026-02-studentloan.xlsx,T4-Subsidy Rates_FCRA,false,51310,Direct Loan Program: Projected Subsidy Rates—Federal Credit Reform Act Estimating Procedures / Fixed-Term Repayment Plans / Subsidized,fiscal_year,2036,2036,2036,24,13
Student Loans,Undergraduate Unsubsidized,2027,1.9,Percent,51310-2026-02-studentloan.xlsx,T4-Subsidy Rates_FCRA,false,51310,Direct Loan Program: Projected Subsidy Rates—Federal Credit Reform Act Estimating Procedures / Fixed-Term Repayment Plans / Undergraduate Unsubsidized,fiscal_year,2027,2027,2027,25,4
Student Loans,Undergraduate Unsubsidized,2028,2.0,Percent,51310-2026-02-studentloan.xlsx,T4-Subsidy Rates_FCRA,false,51310,Direct Loan Program: Projected Subsidy Rates—Federal Credit Reform Act Estimating Procedures / Fixed-Term Repayment Plans / Undergraduate Unsubsidized,fiscal_year,2028,2028,2028,25,5
Student Loans,Undergraduate Unsubsidized,2029,2.5,Percent,51310-2026-02-studentloan.xlsx,T4-Subsidy Rates_FCRA,false,51310,Direct Loan Program: Projected Subsidy Rates—Federal Credit Reform Act Estimating Procedures / Fixed-Term Repayment Plans / Undergraduate Unsubsidized,fiscal_year,2029,2029,2029,25,6
Student Loans,Undergraduate Unsubsidized,2030,2.9,Percent,51310-2026-02-studentloan.xlsx,T4-Subsidy Rates_FCRA,false,51310,Direct Loan Program: Projected Subsidy Rates—Federal Credit Reform Act Estimating Procedures / Fixed-Term Repayment Plans / Undergraduate Unsubsidized,fiscal_year,2030,2030,2030,25,7
Student Loans,Undergraduate Unsubsidized,2031,3.3,Percent,51310-2026-02-studentloan.xlsx,T4-Subsidy Rates_FCRA,false,51310,Direct Loan Program: Projected Subsidy Rates—Federal Credit Reform Act Estimating Procedures / Fixed-Term Repayment Plans / Undergraduate Unsubsidized,fiscal_year,2031,2031,2031,25,8
Student Loans,Undergraduate Unsubsidized,2032,3.8,Percent,51310-2026-02-studentloan.xlsx,T4-Subsidy Rates_FCRA,false,51310,Direct Loan Program: Projected Subsidy Rates—Federal Credit Reform Act Estimating Procedures / Fixed-Term Repayment Plans / Undergraduate Unsubsidized,fiscal_year,2032,2032,2032,25,9
Student Loans,Undergraduate Unsubsidized,2033,4.3,Percent,51310-2026-02-studentloan.xlsx,T4-Subsidy Rates_FCRA,false,51310,Direct Loan Program: Projected Subsidy Rates—Federal Credit Reform Act Estimating Procedures / Fixed-Term Repayment Plans / Undergraduate Unsubsidized,fiscal_year,2033,2033,2033,25,10
Student Loans,Undergraduate Unsubsidized,2034,4.6,Percent,51310-2026-02-studentloan.xlsx,T4-Subsidy Rates_FCRA,false,51310,Direct Loan Program: Projected Subsidy Rates—Federal Credit Reform Act Estimating Procedures / Fixed-Term Repayment Plans / Undergraduate Unsubsidized,fiscal_year,2034,2034,2034,25,11
Student Loans,Undergraduate Unsubsidized,2035,4.8,Percent,51310-2026-02-studentloan.xlsx,T4-Subsidy Rates_FCRA,false,51310,Direct Loan Program: Projected Subsidy Rates—Federal Credit Reform Act Estimating Procedures / Fixed-Term Repayment Plans / Undergraduate Unsubsidized,fiscal_year,2035,2035,2035,25,12
Student Loans,Undergraduate Unsubsidized,2036,5.0,Percent,51310-2026-02-studentloan.xlsx,T4-Subsidy Rates_FCRA,false,51310,Direct Loan Program: Projected Subsidy Rates—Federal Credit Reform Act Estimating Procedures / Fixed-Term Repayment Plans / Undergraduate Unsubsidized,fiscal_year,2036,2036,2036,25,13
Student Loans,Graduate Unsubsidized,2027,-10.7,Percent,51310-2026-02-studentloan.xlsx,T4-Subsidy Rates_FCRA,false,51310,Direct Loan Program: Projected Subsidy Rates—Federal Credit Reform Act Estimating Procedures / Fixed-Term Repayment Plans / Graduate Unsubsidized,fiscal_year,2027,2027,2027,26,4
Student Loans,Graduate Unsubsidized,2028,-10.7,Percent,51310-2026-02-studentloan.xlsx,T4-Subsidy Rates_FCRA,false,51310,Direct Loan Program: Projected Subsidy Rates—Federal Credit Reform Act Estimating Procedures / Fixed-Term Repayment Plans / Graduate Unsubsidized,fiscal_year,2028,2028,2028,26,5
Student Loans,Graduate Unsubsidized,2029,-10.2,Percent,51310-2026-02-studentloan.xlsx,T4-Subsidy Rates_FCRA,false,51310,Direct Loan Program: Projected Subsidy Rates—Federal Credit Reform Act Estimating Procedures / Fixed-Term Repayment Plans / Graduate Unsubsidized,fiscal_year,2029,2029,2029,26,6
Student Loans,Graduate Unsubsidized,2030,-9.7,Percent,51310-2026-02-studentloan.xlsx,T4-Subsidy Rates_FCRA,false,51310,Direct Loan Program: Projected Subsidy Rates—Federal Credit Reform Act Estimating Procedures / Fixed-Term Repayment Plans / Graduate Unsubsidized,fiscal_year,2030,2030,2030,26,7
Student Loans,Graduate Unsubsidized,2031,-9.3,Percent,51310-2026-02-studentloan.xlsx,T4-Subsidy Rates_FCRA,false,51310,Direct Loan Program: Projected Subsidy Rates—Federal Credit Reform Act Estimating Procedures / Fixed-Term Repayment Plans / Graduate Unsubsidized,fiscal_year,2031,2031,2031,26,8
Student Loans,Graduate Unsubsidized,2032,-8.8,Percent,51310-2026-02-studentloan.xlsx,T4-Subsidy Rates_FCRA,false,51310,Direct Loan Program: Projected Subsidy Rates—Federal Credit Reform Act Estimating Procedures / Fixed-Term Repayment Plans / Graduate Unsubsidized,fiscal_year,2032,2032,2032,26,9
Student Loans,Graduate Unsubsidized,2033,-8.3,Percent,51310-2026-02-studentloan.xlsx,T4-Subsidy Rates_FCRA,false,51310,Direct Loan Program: Projected Subsidy Rates—Federal Credit Reform Act Estimating Procedures / Fixed-Term Repayment Plans / Graduate Unsubsidized,fiscal_year,2033,2033,2033,26,10
Student Loans,Graduate Unsubsidized,2034,-8.1,Percent,51310-2026-02-studentloan.xlsx,T4-Subsidy Rates_FCRA,false,51310,Direct Loan Program: Projected Subsidy Rates—Federal Credit Reform Act Estimating Procedures / Fixed-Term Repayment Plans / Graduate Unsubsidized,fiscal_year,2034,2034,2034,26,11
Student Loans,Graduate Unsubsidized,2035,-7.8,Percent,51310-2026-02-studentloan.xlsx,T4-Subsidy Rates_FCRA,false,51310,Direct Loan Program: Projected Subsidy Rates—Federal Credit Reform Act Estimating Procedures / Fixed-Term Repayment Plans / Graduate Unsubsidized,fiscal_year,2035,2035,2035,26,12
Student Loans,Graduate Unsubsidized,2036,-7.6,Percent,51310-2026-02-studentloan.xlsx,T4-Subsidy Rates_FCRA,false,51310,Direct Loan Program: Projected Subsidy Rates—Federal Credit Reform Act Estimating Procedures / Fixed-Term Repayment Plans / Graduate Unsubsidized,fiscal_year,2036,2036,2036,26,13
Student Loans,Parent PLUSc,2027,-17.8,Percent,51310-2026-02-studentloan.xlsx,T4-Subsidy Rates_FCRA,false,51310,Direct Loan Program: Projected Subsidy Rates—Federal Credit Reform Act Estimating Procedures / Fixed-Term Repayment Plans / Parent PLUSc,fiscal_year,2027,2027,2027,27,4
Student Loans,Parent PLUSc,2028,-17.6,Percent,51310-2026-02-studentloan.xlsx,T4-Subsidy Rates_FCRA,false,51310,Direct Loan Program: Projected Subsidy Rates—Federal Credit Reform Act Estimating Procedures / Fixed-Term Repayment Plans / Parent PLUSc,fiscal_year,2028,2028,2028,27,5
Student Loans,Parent PLUSc,2029,-17.2,Percent,51310-2026-02-studentloan.xlsx,T4-Subsidy Rates_FCRA,false,51310,Direct Loan Program: Projected Subsidy Rates—Federal Credit Reform Act Estimating Procedures / Fixed-Term Repayment Plans / Parent PLUSc,fiscal_year,2029,2029,2029,27,6
Student Loans,Parent PLUSc,2030,-16.7,Percent,51310-2026-02-studentloan.xlsx,T4-Subsidy Rates_FCRA,false,51310,Direct Loan Program: Projected Subsidy Rates—Federal Credit Reform Act Estimating Procedures / Fixed-Term Repayment Plans / Parent PLUSc,fiscal_year,2030,2030,2030,27,7
Student Loans,Parent PLUSc,2031,-16.4,Percent,51310-2026-02-studentloan.xlsx,T4-Subsidy Rates_FCRA,false,51310,Direct Loan Program: Projected Subsidy Rates—Federal Credit Reform Act Estimating Procedures / Fixed-Term Repayment Plans / Parent PLUSc,fiscal_year,2031,2031,2031,27,8
Student Loans,Parent PLUSc,2032,-15.8,Percent,51310-2026-02-studentloan.xlsx,T4-Subsidy Rates_FCRA,false,51310,Direct Loan Program: Projected Subsidy Rates—Federal Credit Reform Act Estimating Procedures / Fixed-Term Repayment Plans / Parent PLUSc,fiscal_year,2032,2032,2032,27,9
Student Loans,Parent PLUSc,2033,-15.4,Percent,51310-2026-02-studentloan.xlsx,T4-Subsidy Rates_FCRA,false,51310,Direct Loan Program: Projected Subsidy Rates—Federal Credit Reform Act Estimating Procedures / Fixed-Term Repayment Plans / Parent PLUSc,fiscal_year,2033,2033,2033,27,10
Student Loans,Parent PLUSc,2034,-15.2,Percent,51310-2026-02-studentloan.xlsx,T4-Subsidy Rates_FCRA,false,51310,Direct Loan Program: Projected Subsidy Rates—Federal Credit Reform Act Estimating Procedures / Fixed-Term Repayment Plans / Parent PLUSc,fiscal_year,2034,2034,2034,27,11
Student Loans,Parent PLUSc,2035,-15.0,Percent,51310-2026-02-studentloan.xlsx,T4-Subsidy Rates_FCRA,false,51310,Direct Loan Program: Projected Subsidy Rates—Federal Credit Reform Act Estimating Procedures / Fixed-Term Repayment Plans / Parent PLUSc,fiscal_year,2035,2035,2035,27,12
Student Loans,Parent PLUSc,2036,-14.8,Percent,51310-2026-02-studentloan.xlsx,T4-Subsidy Rates_FCRA,false,51310,Direct Loan Program: Projected Subsidy Rates—Federal Credit Reform Act Estimating Procedures / Fixed-Term Repayment Plans / Parent PLUSc,fiscal_year,2036,2036,2036,27,13
Student Loans,Grad PLUSa,2027,-25.5,Percent,51310-2026-02-studentloan.xlsx,T4-Subsidy Rates_FCRA,false,51310,Direct Loan Program: Projected Subsidy Rates—Federal Credit Reform Act Estimating Procedures / Fixed-Term Repayment Plans / Grad PLUSa,fiscal_year,2027,2027,2027,28,4
Student Loans,Grad PLUSa,2028,-25.5,Percent,51310-2026-02-studentloan.xlsx,T4-Subsidy Rates_FCRA,false,51310,Direct Loan Program: Projected Subsidy Rates—Federal Credit Reform Act Estimating Procedures / Fixed-Term Repayment Plans / Grad PLUSa,fiscal_year,2028,2028,2028,28,5
Student Loans,Subsidized,2027,29.3,Percent,51310-2026-02-studentloan.xlsx,T4-Subsidy Rates_FCRA,false,51310,Direct Loan Program: Projected Subsidy Rates—Federal Credit Reform Act Estimating Procedures / Income-Driven Repayment Plans / Subsidized,fiscal_year,2027,2027,2027,31,4
Student Loans,Subsidized,2028,29.1,Percent,51310-2026-02-studentloan.xlsx,T4-Subsidy Rates_FCRA,false,51310,Direct Loan Program: Projected Subsidy Rates—Federal Credit Reform Act Estimating Procedures / Income-Driven Repayment Plans / Subsidized,fiscal_year,2028,2028,2028,31,5
Student Loans,Subsidized,2029,29.0,Percent,51310-2026-02-studentloan.xlsx,T4-Subsidy Rates_FCRA,false,51310,Direct Loan Program: Projected Subsidy Rates—Federal Credit Reform Act Estimating Procedures / Income-Driven Repayment Plans / Subsidized,fiscal_year,2029,2029,2029,31,6
Student Loans,Subsidized,2030,29.0,Percent,51310-2026-02-studentloan.xlsx,T4-Subsidy Rates_FCRA,false,51310,Direct Loan Program: Projected Subsidy Rates—Federal Credit Reform Act Estimating Procedures / Income-Driven Repayment Plans / Subsidized,fiscal_year,2030,2030,2030,31,7
Student Loans,Subsidized,2031,28.7,Percent,51310-2026-02-studentloan.xlsx,T4-Subsidy Rates_FCRA,false,51310,Direct Loan Program: Projected Subsidy Rates—Federal Credit Reform Act Estimating Procedures / Income-Driven Repayment Plans / Subsidized,fiscal_year,2031,2031,2031,31,8
Student Loans,Subsidized,2032,28.5,Percent,51310-2026-02-studentloan.xlsx,T4-Subsidy Rates_FCRA,false,51310,Direct Loan Program: Projected Subsidy Rates—Federal Credit Reform Act Estimating Procedures / Income-Driven Repayment Plans / Subsidized,fiscal_year,2032,2032,2032,31,9
Student Loans,Subsidized,2033,28.5,Percent,51310-2026-02-studentloan.xlsx,T4-Subsidy Rates_FCRA,false,51310,Direct Loan Program: Projected Subsidy Rates—Federal Credit Reform Act Estimating Procedures / Income-Driven Repayment Plans / Subsidized,fiscal_year,2033,2033,2033,31,10
Student Loans,Subsidized,2034,28.2,Percent,51310-2026-02-studentloan.xlsx,T4-Subsidy Rates_FCRA,false,51310,Direct Loan Program: Projected Subsidy Rates—Federal Credit Reform Act Estimating Procedures / Income-Driven Repayment Plans / Subsidized,fiscal_year,2034,2034,2034,31,11
Student Loans,Subsidized,2035,27.9,Percent,51310-2026-02-studentloan.xlsx,T4-Subsidy Rates_FCRA,false,51310,Direct Loan Program: Projected Subsidy Rates—Federal Credit Reform Act Estimating Procedures / Income-Driven Repayment Plans / Subsidized,fiscal_year,2035,2035,2035,31,12
Student Loans,Subsidized,2036,27.7,Percent,51310-2026-02-studentloan.xlsx,T4-Subsidy Rates_FCRA,false,51310,Direct Loan Program: Projected Subsidy Rates—Federal Credit Reform Act Estimating Procedures / Income-Driven Repayment Plans / Subsidized,fiscal_year,2036,2036,2036,31,13
Student Loans,Undergraduate Unsubsidized,2027,5.1,Percent,51310-2026-02-studentloan.xlsx,T4-Subsidy Rates_FCRA,false,51310,Direct Loan Program: Projected Subsidy Rates—Federal Credit Reform Act Estimating Procedures / Income-Driven Repayment Plans / Undergraduate Unsubsidized,fiscal_year,2027,2027,2027,32,4
Student Loans,Undergraduate Unsubsidized,2028,4.9,Percent,51310-2026-02-studentloan.xlsx,T4-Subsidy Rates_FCRA,false,51310,Direct Loan Program: Projected Subsidy Rates—Federal Credit Reform Act Estimating Procedures / Income-Driven Repayment Plans / Undergraduate Unsubsidized,fiscal_year,2028,2028,2028,32,5
Student Loans,Undergraduate Unsubsidized,2029,5.4,Percent,51310-2026-02-studentloan.xlsx,T4-Subsidy Rates_FCRA,false,51310,Direct Loan Program: Projected Subsidy Rates—Federal Credit Reform Act Estimating Procedures / Income-Driven Repayment Plans / Undergraduate Unsubsidized,fiscal_year,2029,2029,2029,32,6
Student Loans,Undergraduate Unsubsidized,2030,6.2,Percent,51310-2026-02-studentloan.xlsx,T4-Subsidy Rates_FCRA,false,51310,Direct Loan Program: Projected Subsidy Rates—Federal Credit Reform Act Estimating Procedures / Income-Driven Repayment Plans / Undergraduate Unsubsidized,fiscal_year,2030,2030,2030,32,7
Student Loans,Undergraduate Unsubsidized,2031,6.8,Percent,51310-2026-02-studentloan.xlsx,T4-Subsidy Rates_FCRA,false,51310,Direct Loan Program: Projected Subsidy Rates—Federal Credit Reform Act Estimating Procedures / Income-Driven Repayment Plans / Undergraduate Unsubsidized,fiscal_year,2031,2031,2031,32,8
Student Loans,Undergraduate Unsubsidized,2032,7.5,Percent,51310-2026-02-studentloan.xlsx,T4-Subsidy Rates_FCRA,false,51310,Direct Loan Program: Projected Subsidy Rates—Federal Credit Reform Act Estimating Procedures / Income-Driven Repayment Plans / Undergraduate Unsubsidized,fiscal_year,2032,2032,2032,32,9
Student Loans,Undergraduate Unsubsidized,2033,8.5,Percent,51310-2026-02-studentloan.xlsx,T4-Subsidy Rates_FCRA,false,51310,Direct Loan Program: Projected Subsidy Rates—Federal Credit Reform Act Estimating Procedures / Income-Driven Repayment Plans / Undergraduate Unsubsidized,fiscal_year,2033,2033,2033,32,10
Student Loans,Undergraduate Unsubsidized,2034,9.5,Percent,51310-2026-02-studentloan.xlsx,T4-Subsidy Rates_FCRA,false,51310,Direct Loan Program: Projected Subsidy Rates—Federal Credit Reform Act Estimating Procedures / Income-Driven Repayment Plans / Undergraduate Unsubsidized,fiscal_year,2034,2034,2034,32,11
Student Loans,Undergraduate Unsubsidized,2035,10.2,Percent,51310-2026-02-studentloan.xlsx,T4-Subsidy Rates_FCRA,false,51310,Direct Loan Program: Projected Subsidy Rates—Federal Credit Reform Act Estimating Procedures / Income-Driven Repayment Plans / Undergraduate Unsubsidized,fiscal_year,2035,2035,2035,32,12
Student Loans,Undergraduate Unsubsidized,2036,11.2,Percent,51310-2026-02-studentloan.xlsx,T4-Subsidy Rates_FCRA,false,51310,Direct Loan Program: Projected Subsidy Rates—Federal Credit Reform Act Estimating Procedures / Income-Driven Repayment Plans / Undergraduate Unsubsidized,fiscal_year,2036,2036,2036,32,13
Student Loans,Graduate Unsubsidized,2027,9.3,Percent,51310-2026-02-studentloan.xlsx,T4-Subsidy Rates_FCRA,false,51310,Direct Loan Program: Projected Subsidy Rates—Federal Credit Reform Act Estimating Procedures / Income-Driven Repayment Plans / Graduate Unsubsidized,fiscal_year,2027,2027,2027,33,4
Student Loans,Graduate Unsubsidized,2028,8.7,Percent,51310-2026-02-studentloan.xlsx,T4-Subsidy Rates_FCRA,false,51310,Direct Loan Program: Projected Subsidy Rates—Federal Credit Reform Act Estimating Procedures / Income-Driven Repayment Plans / Graduate Unsubsidized,fiscal_year,2028,2028,2028,33,5
Student Loans,Graduate Unsubsidized,2029,8.4,Percent,51310-2026-02-studentloan.xlsx,T4-Subsidy Rates_FCRA,false,51310,Direct Loan Program: Projected Subsidy Rates—Federal Credit Reform Act Estimating Procedures / Income-Driven Repayment Plans / Graduate Unsubsidized,fiscal_year,2029,2029,2029,33,6
Student Loans,Graduate Unsubsidized,2030,8.4,Percent,51310-2026-02-studentloan.xlsx,T4-Subsidy Rates_FCRA,false,51310,Direct Loan Program: Projected Subsidy Rates—Federal Credit Reform Act Estimating Procedures / Income-Driven Repayment Plans / Graduate Unsubsidized,fiscal_year,2030,2030,2030,33,7
Student Loans,Graduate Unsubsidized,2031,8.6,Percent,51310-2026-02-studentloan.xlsx,T4-Subsidy Rates_FCRA,false,51310,Direct Loan Program: Projected Subsidy Rates—Federal Credit Reform Act Estimating Procedures / Income-Driven Repayment Plans / Graduate Unsubsidized,fiscal_year,2031,2031,2031,33,8
Student Loans,Graduate Unsubsidized,2032,8.7,Percent,51310-2026-02-studentloan.xlsx,T4-Subsidy Rates_FCRA,false,51310,Direct Loan Program: Projected Subsidy Rates—Federal Credit Reform Act Estimating Procedures / Income-Driven Repayment Plans / Graduate Unsubsidized,fiscal_year,2032,2032,2032,33,9
Student Loans,Graduate Unsubsidized,2033,8.7,Percent,51310-2026-02-studentloan.xlsx,T4-Subsidy Rates_FCRA,false,51310,Direct Loan Program: Projected Subsidy Rates—Federal Credit Reform Act Estimating Procedures / Income-Driven Repayment Plans / Graduate Unsubsidized,fiscal_year,2033,2033,2033,33,10
Student Loans,Graduate Unsubsidized,2034,8.7,Percent,51310-2026-02-studentloan.xlsx,T4-Subsidy Rates_FCRA,false,51310,Direct Loan Program: Projected Subsidy Rates—Federal Credit Reform Act Estimating Procedures / Income-Driven Repayment Plans / Graduate Unsubsidized,fiscal_year,2034,2034,2034,33,11
Student Loans,Graduate Unsubsidized,2035,8.7,Percent,51310-2026-02-studentloan.xlsx,T4-Subsidy Rates_FCRA,false,51310,Direct Loan Program: Projected Subsidy Rates—Federal Credit Reform Act Estimating Procedures / Income-Driven Repayment Plans / Graduate Unsubsidized,fiscal_year,2035,2035,2035,33,12
Student Loans,Graduate Unsubsidized,2036,8.6,Percent,51310-2026-02-studentloan.xlsx,T4-Subsidy Rates_FCRA,false,51310,Direct Loan Program: Projected Subsidy Rates—Federal Credit Reform Act Estimating Procedures / Income-Driven Repayment Plans / Graduate Unsubsidized,fiscal_year,2036,2036,2036,33,13
Student Loans,Grad PLUSa,2027,21.9,Percent,51310-2026-02-studentloan.xlsx,T4-Subsidy Rates_FCRA,false,51310,Direct Loan Program: Projected Subsidy Rates—Federal Credit Reform Act Estimating Procedures / Income-Driven Repayment Plans / Grad PLUSa,fiscal_year,2027,2027,2027,34,4
Student Loans,Grad PLUSa,2028,21.9,Percent,51310-2026-02-studentloan.xlsx,T4-Subsidy Rates_FCRA,false,51310,Direct Loan Program: Projected Subsidy Rates—Federal Credit Reform Act Estimating Procedures / Income-Driven Repayment Plans / Grad PLUSa,fiscal_year,2028,2028,2028,34,5
Student Loans,Subsidized,2027,29.0,Percent,51310-2026-02-studentloan.xlsx,T4-Subsidy Rates_FCRA,false,51310,"Direct Loan Program: Projected Subsidy Rates—Federal Credit Reform Act Estimating Procedures / Estimated percent of loan volume that will be repaid by students enrolled in an income-driven repayment plan in 2027, by loan type: / Subsidized",fiscal_year,2027,2027,2027,39,4
Student Loans,Undergraduate Unsubsidized,2027,32.0,Percent,51310-2026-02-studentloan.xlsx,T4-Subsidy Rates_FCRA,false,51310,"Direct Loan Program: Projected Subsidy Rates—Federal Credit Reform Act Estimating Procedures / Estimated percent of loan volume that will be repaid by students enrolled in an income-driven repayment plan in 2027, by loan type: / Undergraduate Unsubsidized",fiscal_year,2027,2027,2027,40,4
Student Loans,Graduate Unsubsidized,2027,67.0,Percent,51310-2026-02-studentloan.xlsx,T4-Subsidy Rates_FCRA,false,51310,"Direct Loan Program: Projected Subsidy Rates—Federal Credit Reform Act Estimating Procedures / Estimated percent of loan volume that will be repaid by students enrolled in an income-driven repayment plan in 2027, by loan type: / Graduate Unsubsidized",fiscal_year,2027,2027,2027,41,4
Student Loans,Grad PLUSa,2027,85.0,Percent,51310-2026-02-studentloan.xlsx,T4-Subsidy Rates_FCRA,false,51310,"Direct Loan Program: Projected Subsidy Rates—Federal Credit Reform Act Estimating Procedures / Estimated percent of loan volume that will be repaid by students enrolled in an income-driven repayment plan in 2027, by loan type: / Grad PLUSa",fiscal_year,2027,2027,2027,42,4
Student Loans,10-year Treasury + 2.05% (Capped at 8.25%),,6.39,Percent,51310-2026-02-studentloan.xlsx,T5-IntRates,false,51310,Direct Loan Program: Projected Interest Rates / Subsidized and Undergraduate Unsubsidized / 10-year Treasury + 2.05% (Capped at 8.25%),award_year,2025,2026,2025-2026,14,4
Student Loans,10-year Treasury + 2.05% (Capped at 8.25%),,6.14,Percent,51310-2026-02-studentloan.xlsx,T5-IntRates,false,51310,Direct Loan Program: Projected Interest Rates / Subsidized and Undergraduate Unsubsidized / 10-year Treasury + 2.05% (Capped at 8.25%),award_year,2026,2027,2026-2027,14,5
Student Loans,10-year Treasury + 2.05% (Capped at 8.25%),,6.29841477244,Percent,51310-2026-02-studentloan.xlsx,T5-IntRates,false,51310,Direct Loan Program: Projected Interest Rates / Subsidized and Undergraduate Unsubsidized / 10-year Treasury + 2.05% (Capped at 8.25%),award_year,2027,2028,2027-2028,14,6
Student Loans,10-year Treasury + 2.05% (Capped at 8.25%),,6.35043072549,Percent,51310-2026-02-studentloan.xlsx,T5-IntRates,false,51310,Direct Loan Program: Projected Interest Rates / Subsidized and Undergraduate Unsubsidized / 10-year Treasury + 2.05% (Capped at 8.25%),award_year,2028,2029,2028-2029,14,7
Student Loans,10-year Treasury + 2.05% (Capped at 8.25%),,6.3771800819,Percent,51310-2026-02-studentloan.xlsx,T5-IntRates,false,51310,Direct Loan Program: Projected Interest Rates / Subsidized and Undergraduate Unsubsidized / 10-year Treasury + 2.05% (Capped at 8.25%),award_year,2029,2030,2029-2030,14,8
Student Loans,10-year Treasury + 2.05% (Capped at 8.25%),,6.39174526025,Percent,51310-2026-02-studentloan.xlsx,T5-IntRates,false,51310,Direct Loan Program: Projected Interest Rates / Subsidized and Undergraduate Unsubsidized / 10-year Treasury + 2.05% (Capped at 8.25%),award_year,2030,2031,2030-2031,14,9
Student Loans,10-year Treasury + 2.05% (Capped at 8.25%),,6.40102303875,Percent,51310-2026-02-studentloan.xlsx,T5-IntRates,false,51310,Direct Loan Program: Projected Interest Rates / Subsidized and Undergraduate Unsubsidized / 10-year Treasury + 2.05% (Capped at 8.25%),award_year,2031,2032,2031-2032,14,10
Student Loans,10-year Treasury + 2.05% (Capped at 8.25%),,6.40872675768,Percent,51310-2026-02-studentloan.xlsx,T5-IntRates,false,51310,Direct Loan Program: Projected Interest Rates / Subsidized and Undergraduate Unsubsidized / 10-year Treasury + 2.05% (Capped at 8.25%),award_year,2032,2033,2032-2033,14,11
Student Loans,10-year Treasury + 2.05% (Capped at 8.25%),,6.41591562012,Percent,51310-2026-02-studentloan.xlsx,T5-IntRates,false,51310,Direct Loan Program: Projected Interest Rates / Subsidized and Undergraduate Unsubsidized / 10-year Treasury + 2.05% (Capped at 8.25%),award_year,2033,2034,2033-2034,14,12
Student Loans,10-year Treasury + 2.05% (Capped at 8.25%),,6.42368055483,Percent,51310-2026-02-studentloan.xlsx,T5-IntRates,false,51310,Direct Loan Program: Projected Interest Rates / Subsidized and Undergraduate Unsubsidized / 10-year Treasury + 2.05% (Capped at 8.25%),award_year,2034,2035,2034-2035,14,13
Student Loans,10-year Treasury + 2.05% (Capped at 8.25%),,6.4310408382499995,Percent,51310-2026-02-studentloan.xlsx,T5-IntRates,false,51310,Direct Loan Program: Projected Interest Rates / Subsidized and Undergraduate Unsubsidized / 10-year Treasury + 2.05% (Capped at 8.25%),award_year,2035,2036,2035-2036,14,14
Student Loans,10-year Treasury + 2.05% (Capped at 8.25%),,6.43760550199,Percent,51310-2026-02-studentloan.xlsx,T5-IntRates,false,51310,Direct Loan Program: Projected Interest Rates / Subsidized and Undergraduate Unsubsidized / 10-year Treasury + 2.05% (Capped at 8.25%),award_year,2036,2037,2036-2037,14,15
Student Loans,10-year Treasury + 3.60% (Capped at 9.50%),,7.94,Percent,51310-2026-02-studentloan.xlsx,T5-IntRates,false,51310,Direct Loan Program: Projected Interest Rates / Graduate Unsubsidized / 10-year Treasury + 3.60% (Capped at 9.50%),award_year,2025,2026,2025-2026,17,4
Student Loans,10-year Treasury + 3.60% (Capped at 9.50%),,7.69,Percent,51310-2026-02-studentloan.xlsx,T5-IntRates,false,51310,Direct Loan Program: Projected Interest Rates / Graduate Unsubsidized / 10-year Treasury + 3.60% (Capped at 9.50%),award_year,2026,2027,2026-2027,17,5
Student Loans,10-year Treasury + 3.60% (Capped at 9.50%),,7.84841477244,Percent,51310-2026-02-studentloan.xlsx,T5-IntRates,false,51310,Direct Loan Program: Projected Interest Rates / Graduate Unsubsidized / 10-year Treasury + 3.60% (Capped at 9.50%),award_year,2027,2028,2027-2028,17,6
Student Loans,10-year Treasury + 3.60% (Capped at 9.50%),,7.900430725490001,Percent,51310-2026-02-studentloan.xlsx,T5-IntRates,false,51310,Direct Loan Program: Projected Interest Rates / Graduate Unsubsidized / 10-year Treasury + 3.60% (Capped at 9.50%),award_year,2028,2029,2028-2029,17,7
Student Loans,10-year Treasury + 3.60% (Capped at 9.50%),,7.9271800819,Percent,51310-2026-02-studentloan.xlsx,T5-IntRates,false,51310,Direct Loan Program: Projected Interest Rates / Graduate Unsubsidized / 10-year Treasury + 3.60% (Capped at 9.50%),award_year,2029,2030,2029-2030,17,8
Student Loans,10-year Treasury + 3.60% (Capped at 9.50%),,7.94174526025,Percent,51310-2026-02-studentloan.xlsx,T5-IntRates,false,51310,Direct Loan Program: Projected Interest Rates / Graduate Unsubsidized / 10-year Treasury + 3.60% (Capped at 9.50%),award_year,2030,2031,2030-2031,17,9
Student Loans,10-year Treasury + 3.60% (Capped at 9.50%),,7.95102303875,Percent,51310-2026-02-studentloan.xlsx,T5-IntRates,false,51310,Direct Loan Program: Projected Interest Rates / Graduate Unsubsidized / 10-year Treasury + 3.60% (Capped at 9.50%),award_year,2031,2032,2031-2032,17,10
Student Loans,10-year Treasury + 3.60% (Capped at 9.50%),,7.958726757680001,Percent,51310-2026-02-studentloan.xlsx,T5-IntRates,false,51310,Direct Loan Program: Projected Interest Rates / Graduate Unsubsidized / 10-year Treasury + 3.60% (Capped at 9.50%),award_year,2032,2033,2032-2033,17,11
Student Loans,10-year Treasury + 3.60% (Capped at 9.50%),,7.9659156201200005,Percent,51310-2026-02-studentloan.xlsx,T5-IntRates,false,51310,Direct Loan Program: Projected Interest Rates / Graduate Unsubsidized / 10-year Treasury + 3.60% (Capped at 9.50%),award_year,2033,2034,2033-2034,17,12
Student Loans,10-year Treasury + 3.60% (Capped at 9.50%),,7.9736805548300005,Percent,51310-2026-02-studentloan.xlsx,T5-IntRates,false,51310,Direct Loan Program: Projected Interest Rates / Graduate Unsubsidized / 10-year Treasury + 3.60% (Capped at 9.50%),award_year,2034,2035,2034-2035,17,13
Student Loans,10-year Treasury + 3.60% (Capped at 9.50%),,7.981040838249999,Percent,51310-2026-02-studentloan.xlsx,T5-IntRates,false,51310,Direct Loan Program: Projected Interest Rates / Graduate Unsubsidized / 10-year Treasury + 3.60% (Capped at 9.50%),award_year,2035,2036,2035-2036,17,14
Student Loans,10-year Treasury + 3.60% (Capped at 9.50%),,7.98760550199,Percent,51310-2026-02-studentloan.xlsx,T5-IntRates,false,51310,Direct Loan Program: Projected Interest Rates / Graduate Unsubsidized / 10-year Treasury + 3.60% (Capped at 9.50%),award_year,2036,2037,2036-2037,17,15
Student Loans,10-year Treasury + 4.60% (Capped at 10.50%),,8.94,Percent,51310-2026-02-studentloan.xlsx,T5-IntRates,false,51310,Direct Loan Program: Projected Interest Rates / Parent PLUS and Grad PLUSa / 10-year Treasury + 4.60% (Capped at 10.50%),award_year,2025,2026,2025-2026,20,4
Student Loans,10-year Treasury + 4.60% (Capped at 10.50%),,8.69,Percent,51310-2026-02-studentloan.xlsx,T5-IntRates,false,51310,Direct Loan Program: Projected Interest Rates / Parent PLUS and Grad PLUSa / 10-year Treasury + 4.60% (Capped at 10.50%),award_year,2026,2027,2026-2027,20,5
Student Loans,10-year Treasury + 4.60% (Capped at 10.50%),,8.84841477244,Percent,51310-2026-02-studentloan.xlsx,T5-IntRates,false,51310,Direct Loan Program: Projected Interest Rates / Parent PLUS and Grad PLUSa / 10-year Treasury + 4.60% (Capped at 10.50%),award_year,2027,2028,2027-2028,20,6
Student Loans,10-year Treasury + 4.60% (Capped at 10.50%),,8.90043072549,Percent,51310-2026-02-studentloan.xlsx,T5-IntRates,false,51310,Direct Loan Program: Projected Interest Rates / Parent PLUS and Grad PLUSa / 10-year Treasury + 4.60% (Capped at 10.50%),award_year,2028,2029,2028-2029,20,7
Student Loans,10-year Treasury + 4.60% (Capped at 10.50%),,8.9271800819,Percent,51310-2026-02-studentloan.xlsx,T5-IntRates,false,51310,Direct Loan Program: Projected Interest Rates / Parent PLUS and Grad PLUSa / 10-year Treasury + 4.60% (Capped at 10.50%),award_year,2029,2030,2029-2030,20,8
Student Loans,10-year Treasury + 4.60% (Capped at 10.50%),,8.941745260249998,Percent,51310-2026-02-studentloan.xlsx,T5-IntRates,false,51310,Direct Loan Program: Projected Interest Rates / Parent PLUS and Grad PLUSa / 10-year Treasury + 4.60% (Capped at 10.50%),award_year,2030,2031,2030-2031,20,9
Student Loans,10-year Treasury + 4.60% (Capped at 10.50%),,8.95102303875,Percent,51310-2026-02-studentloan.xlsx,T5-IntRates,false,51310,Direct Loan Program: Projected Interest Rates / Parent PLUS and Grad PLUSa / 10-year Treasury + 4.60% (Capped at 10.50%),award_year,2031,2032,2031-2032,20,10
Student Loans,10-year Treasury + 4.60% (Capped at 10.50%),,8.958726757680001,Percent,51310-2026-02-studentloan.xlsx,T5-IntRates,false,51310,Direct Loan Program: Projected Interest Rates / Parent PLUS and Grad PLUSa / 10-year Treasury + 4.60% (Capped at 10.50%),award_year,2032,2033,2032-2033,20,11
Student Loans,10-year Treasury + 4.60% (Capped at 10.50%),,8.96591562012,Percent,51310-2026-02-studentloan.xlsx,T5-IntRates,false,51310,Direct Loan Program: Projected Interest Rates / Parent PLUS and Grad PLUSa / 10-year Treasury + 4.60% (Capped at 10.50%),award_year,2033,2034,2033-2034,20,12
Student Loans,10-year Treasury + 4.60% (Capped at 10.50%),,8.97368055483,Percent,51310-2026-02-studentloan.xlsx,T5-IntRates,false,51310,Direct Loan Program: Projected Interest Rates / Parent PLUS and Grad PLUSa / 10-year Treasury + 4.60% (Capped at 10.50%),award_year,2034,2035,2034-2035,20,13
Student Loans,10-year Treasury + 4.60% (Capped at 10.50%),,8.98104083825,Percent,51310-2026-02-studentloan.xlsx,T5-IntRates,false,51310,Direct Loan Program: Projected Interest Rates / Parent PLUS and Grad PLUSa / 10-year Treasury + 4.60% (Capped at 10.50%),award_year,2035,2036,2035-2036,20,14
Student Loans,10-year Treasury + 4.60% (Capped at 10.50%),,8.98760550199,Percent,51310-2026-02-studentloan.xlsx,T5-IntRates,false,51310,Direct Loan Program: Projected Interest Rates / Parent PLUS and Grad PLUSa / 10-year Treasury + 4.60% (Capped at 10.50%),award_year,2036,2037,2036-2037,20,15
Student Loans,Budget Authority,2027,15598.0,Millions of dollars,51310-2026-02-studentloan.xlsx,T6-Fair Value Costs,true,51310,Federal Student Loan Programs: Budget Account Totals—Fair-Value Estimating Procedures / Program Account (Subsidy costs) / Budget Authority,fiscal_year,2027,2027,2027,15,5
Student Loans,Budget Authority,2028,14251.0,Millions of dollars,51310-2026-02-studentloan.xlsx,T6-Fair Value Costs,true,51310,Federal Student Loan Programs: Budget Account Totals—Fair-Value Estimating Procedures / Program Account (Subsidy costs) / Budget Authority,fiscal_year,2028,2028,2028,15,6
Student Loans,Budget Authority,2029,14220.0,Millions of dollars,51310-2026-02-studentloan.xlsx,T6-Fair Value Costs,true,51310,Federal Student Loan Programs: Budget Account Totals—Fair-Value Estimating Procedures / Program Account (Subsidy costs) / Budget Authority,fiscal_year,2029,2029,2029,15,7
Student Loans,Budget Authority,2030,14609.0,Millions of dollars,51310-2026-02-studentloan.xlsx,T6-Fair Value Costs,true,51310,Federal Student Loan Programs: Budget Account Totals—Fair-Value Estimating Procedures / Program Account (Subsidy costs) / Budget Authority,fiscal_year,2030,2030,2030,15,8
Student Loans,Budget Authority,2031,14980.0,Millions of dollars,51310-2026-02-studentloan.xlsx,T6-Fair Value Costs,true,51310,Federal Student Loan Programs: Budget Account Totals—Fair-Value Estimating Procedures / Program Account (Subsidy costs) / Budget Authority,fiscal_year,2031,2031,2031,15,9
Student Loans,Budget Authority,2032,15384.0,Millions of dollars,51310-2026-02-studentloan.xlsx,T6-Fair Value Costs,true,51310,Federal Student Loan Programs: Budget Account Totals—Fair-Value Estimating Procedures / Program Account (Subsidy costs) / Budget Authority,fiscal_year,2032,2032,2032,15,10
Student Loans,Budget Authority,2033,15861.0,Millions of dollars,51310-2026-02-studentloan.xlsx,T6-Fair Value Costs,true,51310,Federal Student Loan Programs: Budget Account Totals—Fair-Value Estimating Procedures / Program Account (Subsidy costs) / Budget Authority,fiscal_year,2033,2033,2033,15,11
Student Loans,Budget Authority,2034,16094.0,Millions of dollars,51310-2026-02-studentloan.xlsx,T6-Fair Value Costs,true,51310,Federal Student Loan Programs: Budget Account Totals—Fair-Value Estimating Procedures / Program Account (Subsidy costs) / Budget Authority,fiscal_year,2034,2034,2034,15,12
Student Loans,Budget Authority,2035,16396.0,Millions of dollars,51310-2026-02-studentloan.xlsx,T6-Fair Value Costs,true,51310,Federal Student Loan Programs: Budget Account Totals—Fair-Value Estimating Procedures / Program Account (Subsidy costs) / Budget Authority,fiscal_year,2035,2035,2035,15,13
Student Loans,Budget Authority,2036,16639.0,Millions of dollars,51310-2026-02-studentloan.xlsx,T6-Fair Value Costs,true,51310,Federal Student Loan Programs: Budget Account Totals—Fair-Value Estimating Procedures / Program Account (Subsidy costs) / Budget Authority,fiscal_year,2036,2036,2036,15,14
Student Loans,Outlays,2027,13997.0,Millions of dollars,51310-2026-02-studentloan.xlsx,T6-Fair Value Costs,true,51310,Federal Student Loan Programs: Budget Account Totals—Fair-Value Estimating Procedures / Program Account (Subsidy costs) / Outlays,fiscal_year,2027,2027,2027,16,5
Student Loans,Outlays,2028,12801.0,Millions of dollars,51310-2026-02-studentloan.xlsx,T6-Fair Value Costs,true,51310,Federal Student Loan Programs: Budget Account Totals—Fair-Value Estimating Procedures / Program Account (Subsidy costs) / Outlays,fiscal_year,2028,2028,2028,16,6
Student Loans,Outlays,2029,12383.0,Millions of dollars,51310-2026-02-studentloan.xlsx,T6-Fair Value Costs,true,51310,Federal Student Loan Programs: Budget Account Totals—Fair-Value Estimating Procedures / Program Account (Subsidy costs) / Outlays,fiscal_year,2029,2029,2029,16,7
Student Loans,Outlays,2030,12601.0,Millions of dollars,51310-2026-02-studentloan.xlsx,T6-Fair Value Costs,true,51310,Federal Student Loan Programs: Budget Account Totals—Fair-Value Estimating Procedures / Program Account (Subsidy costs) / Outlays,fiscal_year,2030,2030,2030,16,8
Student Loans,Outlays,2031,12928.0,Millions of dollars,51310-2026-02-studentloan.xlsx,T6-Fair Value Costs,true,51310,Federal Student Loan Programs: Budget Account Totals—Fair-Value Estimating Procedures / Program Account (Subsidy costs) / Outlays,fiscal_year,2031,2031,2031,16,9
Student Loans,Outlays,2032,13274.0,Millions of dollars,51310-2026-02-studentloan.xlsx,T6-Fair Value Costs,true,51310,Federal Student Loan Programs: Budget Account Totals—Fair-Value Estimating Procedures / Program Account (Subsidy costs) / Outlays,fiscal_year,2032,2032,2032,16,10
Student Loans,Outlays,2033,13676.0,Millions of dollars,51310-2026-02-studentloan.xlsx,T6-Fair Value Costs,true,51310,Federal Student Loan Programs: Budget Account Totals—Fair-Value Estimating Procedures / Program Account (Subsidy costs) / Outlays,fiscal_year,2033,2033,2033,16,11
Student Loans,Outlays,2034,13940.0,Millions of dollars,51310-2026-02-studentloan.xlsx,T6-Fair Value Costs,true,51310,Federal Student Loan Programs: Budget Account Totals—Fair-Value Estimating Procedures / Program Account (Subsidy costs) / Outlays,fiscal_year,2034,2034,2034,16,12
Student Loans,Outlays,2035,14187.0,Millions of dollars,51310-2026-02-studentloan.xlsx,T6-Fair Value Costs,true,51310,Federal Student Loan Programs: Budget Account Totals—Fair-Value Estimating Procedures / Program Account (Subsidy costs) / Outlays,fiscal_year,2035,2035,2035,16,13
Student Loans,Outlays,2036,14412.0,Millions of dollars,51310-2026-02-studentloan.xlsx,T6-Fair Value Costs,true,51310,Federal Student Loan Programs: Budget Account Totals—Fair-Value Estimating Procedures / Program Account (Subsidy costs) / Outlays,fiscal_year,2036,2036,2036,16,14
Student Loans,Budget Authority,2027,7.0,Millions of dollars,51310-2026-02-studentloan.xlsx,T6-Fair Value Costs,true,51310,Federal Student Loan Programs: Budget Account Totals—Fair-Value Estimating Procedures / Federal Student Loan Reserve Fund / Budget Authority,fiscal_year,2027,2027,2027,21,5
Student Loans,Budget Authority,2028,7.0,Millions of dollars,51310-2026-02-studentloan.xlsx,T6-Fair Value Costs,true,51310,Federal Student Loan Programs: Budget Account Totals—Fair-Value Estimating Procedures / Federal Student Loan Reserve Fund / Budget Authority,fiscal_year,2028,2028,2028,21,6
Student Loans,Budget Authority,2029,7.0,Millions of dollars,51310-2026-02-studentloan.xlsx,T6-Fair Value Costs,true,51310,Federal Student Loan Programs: Budget Account Totals—Fair-Value Estimating Procedures / Federal Student Loan Reserve Fund / Budget Authority,fiscal_year,2029,2029,2029,21,7
Student Loans,Budget Authority,2030,6.0,Millions of dollars,51310-2026-02-studentloan.xlsx,T6-Fair Value Costs,true,51310,Federal Student Loan Programs: Budget Account Totals—Fair-Value Estimating Procedures / Federal Student Loan Reserve Fund / Budget Authority,fiscal_year,2030,2030,2030,21,8
Student Loans,Budget Authority,2031,6.0,Millions of dollars,51310-2026-02-studentloan.xlsx,T6-Fair Value Costs,true,51310,Federal Student Loan Programs: Budget Account Totals—Fair-Value Estimating Procedures / Federal Student Loan Reserve Fund / Budget Authority,fiscal_year,2031,2031,2031,21,9
Student Loans,Budget Authority,2032,5.0,Millions of dollars,51310-2026-02-studentloan.xlsx,T6-Fair Value Costs,true,51310,Federal Student Loan Programs: Budget Account Totals—Fair-Value Estimating Procedures / Federal Student Loan Reserve Fund / Budget Authority,fiscal_year,2032,2032,2032,21,10
Student Loans,Budget Authority,2033,5.0,Millions of dollars,51310-2026-02-studentloan.xlsx,T6-Fair Value Costs,true,51310,Federal Student Loan Programs: Budget Account Totals—Fair-Value Estimating Procedures / Federal Student Loan Reserve Fund / Budget Authority,fiscal_year,2033,2033,2033,21,11
Student Loans,Budget Authority,2034,5.0,Millions of dollars,51310-2026-02-studentloan.xlsx,T6-Fair Value Costs,true,51310,Federal Student Loan Programs: Budget Account Totals—Fair-Value Estimating Procedures / Federal Student Loan Reserve Fund / Budget Authority,fiscal_year,2034,2034,2034,21,12
Student Loans,Budget Authority,2035,5.0,Millions of dollars,51310-2026-02-studentloan.xlsx,T6-Fair Value Costs,true,51310,Federal Student Loan Programs: Budget Account Totals—Fair-Value Estimating Procedures / Federal Student Loan Reserve Fund / Budget Authority,fiscal_year,2035,2035,2035,21,13
Student Loans,Budget Authority,2036,5.0,Millions of dollars,51310-2026-02-studentloan.xlsx,T6-Fair Value Costs,true,51310,Federal Student Loan Programs: Budget Account Totals—Fair-Value Estimating Procedures / Federal Student Loan Reserve Fund / Budget Authority,fiscal_year,2036,2036,2036,21,14
Student Loans,Outlays,2027,-141.0,Millions of dollars,51310-2026-02-studentloan.xlsx,T6-Fair Value Costs,true,51310,Federal Student Loan Programs: Budget Account Totals—Fair-Value Estimating Procedures / Federal Student Loan Reserve Fund / Outlays,fiscal_year,2027,2027,2027,22,5
Student Loans,Outlays,2028,-128.0,Millions of dollars,51310-2026-02-studentloan.xlsx,T6-Fair Value Costs,true,51310,Federal Student Loan Programs: Budget Account Totals—Fair-Value Estimating Procedures / Federal Student Loan Reserve Fund / Outlays,fiscal_year,2028,2028,2028,22,6
Student Loans,Outlays,2029,-116.0,Millions of dollars,51310-2026-02-studentloan.xlsx,T6-Fair Value Costs,true,51310,Federal Student Loan Programs: Budget Account Totals—Fair-Value Estimating Procedures / Federal Student Loan Reserve Fund / Outlays,fiscal_year,2029,2029,2029,22,7
Student Loans,Outlays,2030,-106.0,Millions of dollars,51310-2026-02-studentloan.xlsx,T6-Fair Value Costs,true,51310,Federal Student Loan Programs: Budget Account Totals—Fair-Value Estimating Procedures / Federal Student Loan Reserve Fund / Outlays,fiscal_year,2030,2030,2030,22,8
Student Loans,Outlays,2031,-97.0,Millions of dollars,51310-2026-02-studentloan.xlsx,T6-Fair Value Costs,true,51310,Federal Student Loan Programs: Budget Account Totals—Fair-Value Estimating Procedures / Federal Student Loan Reserve Fund / Outlays,fiscal_year,2031,2031,2031,22,9
Student Loans,Outlays,2032,-89.0,Millions of dollars,51310-2026-02-studentloan.xlsx,T6-Fair Value Costs,true,51310,Federal Student Loan Programs: Budget Account Totals—Fair-Value Estimating Procedures / Federal Student Loan Reserve Fund / Outlays,fiscal_year,2032,2032,2032,22,10
Student Loans,Outlays,2033,-82.0,Millions of dollars,51310-2026-02-studentloan.xlsx,T6-Fair Value Costs,true,51310,Federal Student Loan Programs: Budget Account Totals—Fair-Value Estimating Procedures / Federal Student Loan Reserve Fund / Outlays,fiscal_year,2033,2033,2033,22,11
Student Loans,Outlays,2034,-74.0,Millions of dollars,51310-2026-02-studentloan.xlsx,T6-Fair Value Costs,true,51310,Federal Student Loan Programs: Budget Account Totals—Fair-Value Estimating Procedures / Federal Student Loan Reserve Fund / Outlays,fiscal_year,2034,2034,2034,22,12
Student Loans,Outlays,2035,-66.0,Millions of dollars,51310-2026-02-studentloan.xlsx,T6-Fair Value Costs,true,51310,Federal Student Loan Programs: Budget Account Totals—Fair-Value Estimating Procedures / Federal Student Loan Reserve Fund / Outlays,fiscal_year,2035,2035,2035,22,13
Student Loans,Outlays,2036,-63.0,Millions of dollars,51310-2026-02-studentloan.xlsx,T6-Fair Value Costs,true,51310,Federal Student Loan Programs: Budget Account Totals—Fair-Value Estimating Procedures / Federal Student Loan Reserve Fund / Outlays,fiscal_year,2036,2036,2036,22,14
Student Loans,Budget Authority,2027,2115.0,Millions of dollars,51310-2026-02-studentloan.xlsx,T6-Fair Value Costs,true,51310,Federal Student Loan Programs: Budget Account Totals—Fair-Value Estimating Procedures / Discretionary Accounta / Budget Authority,fiscal_year,2027,2027,2027,26,5
Student Loans,Budget Authority,2028,2167.0,Millions of dollars,51310-2026-02-studentloan.xlsx,T6-Fair Value Costs,true,51310,Federal Student Loan Programs: Budget Account Totals—Fair-Value Estimating Procedures / Discretionary Accounta / Budget Authority,fiscal_year,2028,2028,2028,26,6
Student Loans,Budget Authority,2029,2218.0,Millions of dollars,51310-2026-02-studentloan.xlsx,T6-Fair Value Costs,true,51310,Federal Student Loan Programs: Budget Account Totals—Fair-Value Estimating Procedures / Discretionary Accounta / Budget Authority,fiscal_year,2029,2029,2029,26,7
Student Loans,Budget Authority,2030,2268.0,Millions of dollars,51310-2026-02-studentloan.xlsx,T6-Fair Value Costs,true,51310,Federal Student Loan Programs: Budget Account Totals—Fair-Value Estimating Procedures / Discretionary Accounta / Budget Authority,fiscal_year,2030,2030,2030,26,8
Student Loans,Budget Authority,2031,2319.0,Millions of dollars,51310-2026-02-studentloan.xlsx,T6-Fair Value Costs,true,51310,Federal Student Loan Programs: Budget Account Totals—Fair-Value Estimating Procedures / Discretionary Accounta / Budget Authority,fiscal_year,2031,2031,2031,26,9
Student Loans,Budget Authority,2032,2371.0,Millions of dollars,51310-2026-02-studentloan.xlsx,T6-Fair Value Costs,true,51310,Federal Student Loan Programs: Budget Account Totals—Fair-Value Estimating Procedures / Discretionary Accounta / Budget Authority,fiscal_year,2032,2032,2032,26,10
Student Loans,Budget Authority,2033,2424.0,Millions of dollars,51310-2026-02-studentloan.xlsx,T6-Fair Value Costs,true,51310,Federal Student Loan Programs: Budget Account Totals—Fair-Value Estimating Procedures / Discretionary Accounta / Budget Authority,fiscal_year,2033,2033,2033,26,11
Student Loans,Budget Authority,2034,2478.0,Millions of dollars,51310-2026-02-studentloan.xlsx,T6-Fair Value Costs,true,51310,Federal Student Loan Programs: Budget Account Totals—Fair-Value Estimating Procedures / Discretionary Accounta / Budget Authority,fiscal_year,2034,2034,2034,26,12
Student Loans,Budget Authority,2035,2533.0,Millions of dollars,51310-2026-02-studentloan.xlsx,T6-Fair Value Costs,true,51310,Federal Student Loan Programs: Budget Account Totals—Fair-Value Estimating Procedures / Discretionary Accounta / Budget Authority,fiscal_year,2035,2035,2035,26,13
Student Loans,Budget Authority,2036,2591.0,Millions of dollars,51310-2026-02-studentloan.xlsx,T6-Fair Value Costs,true,51310,Federal Student Loan Programs: Budget Account Totals—Fair-Value Estimating Procedures / Discretionary Accounta / Budget Authority,fiscal_year,2036,2036,2036,26,14
Student Loans,Outlays,2027,2098.0,Millions of dollars,51310-2026-02-studentloan.xlsx,T6-Fair Value Costs,true,51310,Federal Student Loan Programs: Budget Account Totals—Fair-Value Estimating Procedures / Discretionary Accounta / Outlays,fiscal_year,2027,2027,2027,27,5
Student Loans,Outlays,2028,2136.0,Millions of dollars,51310-2026-02-studentloan.xlsx,T6-Fair Value Costs,true,51310,Federal Student Loan Programs: Budget Account Totals—Fair-Value Estimating Procedures / Discretionary Accounta / Outlays,fiscal_year,2028,2028,2028,27,6
Student Loans,Outlays,2029,2185.0,Millions of dollars,51310-2026-02-studentloan.xlsx,T6-Fair Value Costs,true,51310,Federal Student Loan Programs: Budget Account Totals—Fair-Value Estimating Procedures / Discretionary Accounta / Outlays,fiscal_year,2029,2029,2029,27,7
Student Loans,Outlays,2030,2236.0,Millions of dollars,51310-2026-02-studentloan.xlsx,T6-Fair Value Costs,true,51310,Federal Student Loan Programs: Budget Account Totals—Fair-Value Estimating Procedures / Discretionary Accounta / Outlays,fiscal_year,2030,2030,2030,27,8
Student Loans,Outlays,2031,2287.0,Millions of dollars,51310-2026-02-studentloan.xlsx,T6-Fair Value Costs,true,51310,Federal Student Loan Programs: Budget Account Totals—Fair-Value Estimating Procedures / Discretionary Accounta / Outlays,fiscal_year,2031,2031,2031,27,9
Student Loans,Outlays,2032,2338.0,Millions of dollars,51310-2026-02-studentloan.xlsx,T6-Fair Value Costs,true,51310,Federal Student Loan Programs: Budget Account Totals—Fair-Value Estimating Procedures / Discretionary Accounta / Outlays,fiscal_year,2032,2032,2032,27,10
Student Loans,Outlays,2033,2390.0,Millions of dollars,51310-2026-02-studentloan.xlsx,T6-Fair Value Costs,true,51310,Federal Student Loan Programs: Budget Account Totals—Fair-Value Estimating Procedures / Discretionary Accounta / Outlays,fiscal_year,2033,2033,2033,27,11
Student Loans,Outlays,2034,2444.0,Millions of dollars,51310-2026-02-studentloan.xlsx,T6-Fair Value Costs,true,51310,Federal Student Loan Programs: Budget Account Totals—Fair-Value Estimating Procedures / Discretionary Accounta / Outlays,fiscal_year,2034,2034,2034,27,12
Student Loans,Outlays,2035,2498.0,Millions of dollars,51310-2026-02-studentloan.xlsx,T6-Fair Value Costs,true,51310,Federal Student Loan Programs: Budget Account Totals—Fair-Value Estimating Procedures / Discretionary Accounta / Outlays,fiscal_year,2035,2035,2035,27,13
Student Loans,Outlays,2036,2554.0,Millions of dollars,51310-2026-02-studentloan.xlsx,T6-Fair Value Costs,true,51310,Federal Student Loan Programs: Budget Account Totals—Fair-Value Estimating Procedures / Discretionary Accounta / Outlays,fiscal_year,2036,2036,2036,27,14
Student Loans,Budget Authority,2027,708.0,Millions of dollars,51310-2026-02-studentloan.xlsx,T6-Fair Value Costs,true,51310,Federal Student Loan Programs: Budget Account Totals—Fair-Value Estimating Procedures / Mandatory Accountb / Budget Authority,fiscal_year,2027,2027,2027,29,5
Student Loans,Budget Authority,2028,695.0,Millions of dollars,51310-2026-02-studentloan.xlsx,T6-Fair Value Costs,true,51310,Federal Student Loan Programs: Budget Account Totals—Fair-Value Estimating Procedures / Mandatory Accountb / Budget Authority,fiscal_year,2028,2028,2028,29,6
Student Loans,Budget Authority,2029,699.0,Millions of dollars,51310-2026-02-studentloan.xlsx,T6-Fair Value Costs,true,51310,Federal Student Loan Programs: Budget Account Totals—Fair-Value Estimating Procedures / Mandatory Accountb / Budget Authority,fiscal_year,2029,2029,2029,29,7
Student Loans,Budget Authority,2030,705.0,Millions of dollars,51310-2026-02-studentloan.xlsx,T6-Fair Value Costs,true,51310,Federal Student Loan Programs: Budget Account Totals—Fair-Value Estimating Procedures / Mandatory Accountb / Budget Authority,fiscal_year,2030,2030,2030,29,8
Student Loans,Budget Authority,2031,709.0,Millions of dollars,51310-2026-02-studentloan.xlsx,T6-Fair Value Costs,true,51310,Federal Student Loan Programs: Budget Account Totals—Fair-Value Estimating Procedures / Mandatory Accountb / Budget Authority,fiscal_year,2031,2031,2031,29,9
Student Loans,Budget Authority,2032,711.0,Millions of dollars,51310-2026-02-studentloan.xlsx,T6-Fair Value Costs,true,51310,Federal Student Loan Programs: Budget Account Totals—Fair-Value Estimating Procedures / Mandatory Accountb / Budget Authority,fiscal_year,2032,2032,2032,29,10
Student Loans,Budget Authority,2033,713.0,Millions of dollars,51310-2026-02-studentloan.xlsx,T6-Fair Value Costs,true,51310,Federal Student Loan Programs: Budget Account Totals—Fair-Value Estimating Procedures / Mandatory Accountb / Budget Authority,fiscal_year,2033,2033,2033,29,11
Student Loans,Budget Authority,2034,716.0,Millions of dollars,51310-2026-02-studentloan.xlsx,T6-Fair Value Costs,true,51310,Federal Student Loan Programs: Budget Account Totals—Fair-Value Estimating Procedures / Mandatory Accountb / Budget Authority,fiscal_year,2034,2034,2034,29,12
Student Loans,Budget Authority,2035,720.0,Millions of dollars,51310-2026-02-studentloan.xlsx,T6-Fair Value Costs,true,51310,Federal Student Loan Programs: Budget Account Totals—Fair-Value Estimating Procedures / Mandatory Accountb / Budget Authority,fiscal_year,2035,2035,2035,29,13
Student Loans,Budget Authority,2036,724.0,Millions of dollars,51310-2026-02-studentloan.xlsx,T6-Fair Value Costs,true,51310,Federal Student Loan Programs: Budget Account Totals—Fair-Value Estimating Procedures / Mandatory Accountb / Budget Authority,fiscal_year,2036,2036,2036,29,14
Student Loans,Outlays,2027,1025.0,Millions of dollars,51310-2026-02-studentloan.xlsx,T6-Fair Value Costs,true,51310,Federal Student Loan Programs: Budget Account Totals—Fair-Value Estimating Procedures / Mandatory Accountb / Outlays,fiscal_year,2027,2027,2027,30,5
Student Loans,Outlays,2028,748.0,Millions of dollars,51310-2026-02-studentloan.xlsx,T6-Fair Value Costs,true,51310,Federal Student Loan Programs: Budget Account Totals—Fair-Value Estimating Procedures / Mandatory Accountb / Outlays,fiscal_year,2028,2028,2028,30,6
Student Loans,Outlays,2029,698.0,Millions of dollars,51310-2026-02-studentloan.xlsx,T6-Fair Value Costs,true,51310,Federal Student Loan Programs: Budget Account Totals—Fair-Value Estimating Procedures / Mandatory Accountb / Outlays,fiscal_year,2029,2029,2029,30,7
Student Loans,Outlays,2030,703.0,Millions of dollars,51310-2026-02-studentloan.xlsx,T6-Fair Value Costs,true,51310,Federal Student Loan Programs: Budget Account Totals—Fair-Value Estimating Procedures / Mandatory Accountb / Outlays,fiscal_year,2030,2030,2030,30,8
Student Loans,Outlays,2031,707.0,Millions of dollars,51310-2026-02-studentloan.xlsx,T6-Fair Value Costs,true,51310,Federal Student Loan Programs: Budget Account Totals—Fair-Value Estimating Procedures / Mandatory Accountb / Outlays,fiscal_year,2031,2031,2031,30,9
Student Loans,Outlays,2032,710.0,Millions of dollars,51310-2026-02-studentloan.xlsx,T6-Fair Value Costs,true,51310,Federal Student Loan Programs: Budget Account Totals—Fair-Value Estimating Procedures / Mandatory Accountb / Outlays,fiscal_year,2032,2032,2032,30,10
Student Loans,Outlays,2033,713.0,Millions of dollars,51310-2026-02-studentloan.xlsx,T6-Fair Value Costs,true,51310,Federal Student Loan Programs: Budget Account Totals—Fair-Value Estimating Procedures / Mandatory Accountb / Outlays,fiscal_year,2033,2033,2033,30,11
Student Loans,Outlays,2034,715.0,Millions of dollars,51310-2026-02-studentloan.xlsx,T6-Fair Value Costs,true,51310,Federal Student Loan Programs: Budget Account Totals—Fair-Value Estimating Procedures / Mandatory Accountb / Outlays,fiscal_year,2034,2034,2034,30,12
Student Loans,Outlays,2035,719.0,Millions of dollars,51310-2026-02-studentloan.xlsx,T6-Fair Value Costs,true,51310,Federal Student Loan Programs: Budget Account Totals—Fair-Value Estimating Procedures / Mandatory Accountb / Outlays,fiscal_year,2035,2035,2035,30,13
Student Loans,Outlays,2036,723.0,Millions of dollars,51310-2026-02-studentloan.xlsx,T6-Fair Value Costs,true,51310,Federal Student Loan Programs: Budget Account Totals—Fair-Value Estimating Procedures / Mandatory Accountb / Outlays,fiscal_year,2036,2036,2036,30,14
Student Loans,Budget Authority,2027,2823.0,Millions of dollars,51310-2026-02-studentloan.xlsx,T6-Fair Value Costs,true,51310,"Federal Student Loan Programs: Budget Account Totals—Fair-Value Estimating Procedures / Subtotal, Student Aid Administration / Budget Authority",fiscal_year,2027,2027,2027,32,5
Student Loans,Budget Authority,2028,2862.0,Millions of dollars,51310-2026-02-studentloan.xlsx,T6-Fair Value Costs,true,51310,"Federal Student Loan Programs: Budget Account Totals—Fair-Value Estimating Procedures / Subtotal, Student Aid Administration / Budget Authority",fiscal_year,2028,2028,2028,32,6
Student Loans,Budget Authority,2029,2917.0,Millions of dollars,51310-2026-02-studentloan.xlsx,T6-Fair Value Costs,true,51310,"Federal Student Loan Programs: Budget Account Totals—Fair-Value Estimating Procedures / Subtotal, Student Aid Administration / Budget Authority",fiscal_year,2029,2029,2029,32,7
Student Loans,Budget Authority,2030,2973.0,Millions of dollars,51310-2026-02-studentloan.xlsx,T6-Fair Value Costs,true,51310,"Federal Student Loan Programs: Budget Account Totals—Fair-Value Estimating Procedures / Subtotal, Student Aid Administration / Budget Authority",fiscal_year,2030,2030,2030,32,8
Student Loans,Budget Authority,2031,3028.0,Millions of dollars,51310-2026-02-studentloan.xlsx,T6-Fair Value Costs,true,51310,"Federal Student Loan Programs: Budget Account Totals—Fair-Value Estimating Procedures / Subtotal, Student Aid Administration / Budget Authority",fiscal_year,2031,2031,2031,32,9
Student Loans,Budget Authority,2032,3082.0,Millions of dollars,51310-2026-02-studentloan.xlsx,T6-Fair Value Costs,true,51310,"Federal Student Loan Programs: Budget Account Totals—Fair-Value Estimating Procedures / Subtotal, Student Aid Administration / Budget Authority",fiscal_year,2032,2032,2032,32,10
Student Loans,Budget Authority,2033,3137.0,Millions of dollars,51310-2026-02-studentloan.xlsx,T6-Fair Value Costs,true,51310,"Federal Student Loan Programs: Budget Account Totals—Fair-Value Estimating Procedures / Subtotal, Student Aid Administration / Budget Authority",fiscal_year,2033,2033,2033,32,11
Student Loans,Budget Authority,2034,3194.0,Millions of dollars,51310-2026-02-studentloan.xlsx,T6-Fair Value Costs,true,51310,"Federal Student Loan Programs: Budget Account Totals—Fair-Value Estimating Procedures / Subtotal, Student Aid Administration / Budget Authority",fiscal_year,2034,2034,2034,32,12
Student Loans,Budget Authority,2035,3253.0,Millions of dollars,51310-2026-02-studentloan.xlsx,T6-Fair Value Costs,true,51310,"Federal Student Loan Programs: Budget Account Totals—Fair-Value Estimating Procedures / Subtotal, Student Aid Administration / Budget Authority",fiscal_year,2035,2035,2035,32,13
Student Loans,Budget Authority,2036,3315.0,Millions of dollars,51310-2026-02-studentloan.xlsx,T6-Fair Value Costs,true,51310,"Federal Student Loan Programs: Budget Account Totals—Fair-Value Estimating Procedures / Subtotal, Student Aid Administration / Budget Authority",fiscal_year,2036,2036,2036,32,14
Student Loans,Outlays,2027,3123.0,Millions of dollars,51310-2026-02-studentloan.xlsx,T6-Fair Value Costs,true,51310,"Federal Student Loan Programs: Budget Account Totals—Fair-Value Estimating Procedures / Subtotal, Student Aid Administration / Outlays",fiscal_year,2027,2027,2027,33,5
Student Loans,Outlays,2028,2884.0,Millions of dollars,51310-2026-02-studentloan.xlsx,T6-Fair Value Costs,true,51310,"Federal Student Loan Programs: Budget Account Totals—Fair-Value Estimating Procedures / Subtotal, Student Aid Administration / Outlays",fiscal_year,2028,2028,2028,33,6
Student Loans,Outlays,2029,2883.0,Millions of dollars,51310-2026-02-studentloan.xlsx,T6-Fair Value Costs,true,51310,"Federal Student Loan Programs: Budget Account Totals—Fair-Value Estimating Procedures / Subtotal, Student Aid Administration / Outlays",fiscal_year,2029,2029,2029,33,7
Student Loans,Outlays,2030,2939.0,Millions of dollars,51310-2026-02-studentloan.xlsx,T6-Fair Value Costs,true,51310,"Federal Student Loan Programs: Budget Account Totals—Fair-Value Estimating Procedures / Subtotal, Student Aid Administration / Outlays",fiscal_year,2030,2030,2030,33,8
Student Loans,Outlays,2031,2994.0,Millions of dollars,51310-2026-02-studentloan.xlsx,T6-Fair Value Costs,true,51310,"Federal Student Loan Programs: Budget Account Totals—Fair-Value Estimating Procedures / Subtotal, Student Aid Administration / Outlays",fiscal_year,2031,2031,2031,33,9
Student Loans,Outlays,2032,3048.0,Millions of dollars,51310-2026-02-studentloan.xlsx,T6-Fair Value Costs,true,51310,"Federal Student Loan Programs: Budget Account Totals—Fair-Value Estimating Procedures / Subtotal, Student Aid Administration / Outlays",fiscal_year,2032,2032,2032,33,10
Student Loans,Outlays,2033,3103.0,Millions of dollars,51310-2026-02-studentloan.xlsx,T6-Fair Value Costs,true,51310,"Federal Student Loan Programs: Budget Account Totals—Fair-Value Estimating Procedures / Subtotal, Student Aid Administration / Outlays",fiscal_year,2033,2033,2033,33,11
Student Loans,Outlays,2034,3159.0,Millions of dollars,51310-2026-02-studentloan.xlsx,T6-Fair Value Costs,true,51310,"Federal Student Loan Programs: Budget Account Totals—Fair-Value Estimating Procedures / Subtotal, Student Aid Administration / Outlays",fiscal_year,2034,2034,2034,33,12
Student Loans,Outlays,2035,3217.0,Millions of dollars,51310-2026-02-studentloan.xlsx,T6-Fair Value Costs,true,51310,"Federal Student Loan Programs: Budget Account Totals—Fair-Value Estimating Procedures / Subtotal, Student Aid Administration / Outlays",fiscal_year,2035,2035,2035,33,13
Student Loans,Outlays,2036,3277.0,Millions of dollars,51310-2026-02-studentloan.xlsx,T6-Fair Value Costs,true,51310,"Federal Student Loan Programs: Budget Account Totals—Fair-Value Estimating Procedures / Subtotal, Student Aid Administration / Outlays",fiscal_year,2036,2036,2036,33,14
Student Loans,Budget Authority,2027,18428.0,Millions of dollars,51310-2026-02-studentloan.xlsx,T6-Fair Value Costs,true,51310,"Federal Student Loan Programs: Budget Account Totals—Fair-Value Estimating Procedures / Total, Student Loans / Budget Authority",fiscal_year,2027,2027,2027,36,5
Student Loans,Budget Authority,2028,17120.0,Millions of dollars,51310-2026-02-studentloan.xlsx,T6-Fair Value Costs,true,51310,"Federal Student Loan Programs: Budget Account Totals—Fair-Value Estimating Procedures / Total, Student Loans / Budget Authority",fiscal_year,2028,2028,2028,36,6
Student Loans,Budget Authority,2029,17144.0,Millions of dollars,51310-2026-02-studentloan.xlsx,T6-Fair Value Costs,true,51310,"Federal Student Loan Programs: Budget Account Totals—Fair-Value Estimating Procedures / Total, Student Loans / Budget Authority",fiscal_year,2029,2029,2029,36,7
Student Loans,Budget Authority,2030,17588.0,Millions of dollars,51310-2026-02-studentloan.xlsx,T6-Fair Value Costs,true,51310,"Federal Student Loan Programs: Budget Account Totals—Fair-Value Estimating Procedures / Total, Student Loans / Budget Authority",fiscal_year,2030,2030,2030,36,8
Student Loans,Budget Authority,2031,18014.0,Millions of dollars,51310-2026-02-studentloan.xlsx,T6-Fair Value Costs,true,51310,"Federal Student Loan Programs: Budget Account Totals—Fair-Value Estimating Procedures / Total, Student Loans / Budget Authority",fiscal_year,2031,2031,2031,36,9
Student Loans,Budget Authority,2032,18471.0,Millions of dollars,51310-2026-02-studentloan.xlsx,T6-Fair Value Costs,true,51310,"Federal Student Loan Programs: Budget Account Totals—Fair-Value Estimating Procedures / Total, Student Loans / Budget Authority",fiscal_year,2032,2032,2032,36,10
Student Loans,Budget Authority,2033,19003.0,Millions of dollars,51310-2026-02-studentloan.xlsx,T6-Fair Value Costs,true,51310,"Federal Student Loan Programs: Budget Account Totals—Fair-Value Estimating Procedures / Total, Student Loans / Budget Authority",fiscal_year,2033,2033,2033,36,11
Student Loans,Budget Authority,2034,19293.0,Millions of dollars,51310-2026-02-studentloan.xlsx,T6-Fair Value Costs,true,51310,"Federal Student Loan Programs: Budget Account Totals—Fair-Value Estimating Procedures / Total, Student Loans / Budget Authority",fiscal_year,2034,2034,2034,36,12
Student Loans,Budget Authority,2035,19654.0,Millions of dollars,51310-2026-02-studentloan.xlsx,T6-Fair Value Costs,true,51310,"Federal Student Loan Programs: Budget Account Totals—Fair-Value Estimating Procedures / Total, Student Loans / Budget Authority",fiscal_year,2035,2035,2035,36,13
Student Loans,Budget Authority,2036,19959.0,Millions of dollars,51310-2026-02-studentloan.xlsx,T6-Fair Value Costs,true,51310,"Federal Student Loan Programs: Budget Account Totals—Fair-Value Estimating Procedures / Total, Student Loans / Budget Authority",fiscal_year,2036,2036,2036,36,14
Student Loans,Outlays,2027,16979.0,Millions of dollars,51310-2026-02-studentloan.xlsx,T6-Fair Value Costs,true,51310,"Federal Student Loan Programs: Budget Account Totals—Fair-Value Estimating Procedures / Total, Student Loans / Outlays",fiscal_year,2027,2027,2027,37,5
Student Loans,Outlays,2028,15557.0,Millions of dollars,51310-2026-02-studentloan.xlsx,T6-Fair Value Costs,true,51310,"Federal Student Loan Programs: Budget Account Totals—Fair-Value Estimating Procedures / Total, Student Loans / Outlays",fiscal_year,2028,2028,2028,37,6
Student Loans,Outlays,2029,15150.0,Millions of dollars,51310-2026-02-studentloan.xlsx,T6-Fair Value Costs,true,51310,"Federal Student Loan Programs: Budget Account Totals—Fair-Value Estimating Procedures / Total, Student Loans / Outlays",fiscal_year,2029,2029,2029,37,7
Student Loans,Outlays,2030,15434.0,Millions of dollars,51310-2026-02-studentloan.xlsx,T6-Fair Value Costs,true,51310,"Federal Student Loan Programs: Budget Account Totals—Fair-Value Estimating Procedures / Total, Student Loans / Outlays",fiscal_year,2030,2030,2030,37,8
Student Loans,Outlays,2031,15825.0,Millions of dollars,51310-2026-02-studentloan.xlsx,T6-Fair Value Costs,true,51310,"Federal Student Loan Programs: Budget Account Totals—Fair-Value Estimating Procedures / Total, Student Loans / Outlays",fiscal_year,2031,2031,2031,37,9
Student Loans,Outlays,2032,16233.0,Millions of dollars,51310-2026-02-studentloan.xlsx,T6-Fair Value Costs,true,51310,"Federal Student Loan Programs: Budget Account Totals—Fair-Value Estimating Procedures / Total, Student Loans / Outlays",fiscal_year,2032,2032,2032,37,10
Student Loans,Outlays,2033,16697.0,Millions of dollars,51310-2026-02-studentloan.xlsx,T6-Fair Value Costs,true,51310,"Federal Student Loan Programs: Budget Account Totals—Fair-Value Estimating Procedures / Total, Student Loans / Outlays",fiscal_year,2033,2033,2033,37,11
Student Loans,Outlays,2034,17025.0,Millions of dollars,51310-2026-02-studentloan.xlsx,T6-Fair Value Costs,true,51310,"Federal Student Loan Programs: Budget Account Totals—Fair-Value Estimating Procedures / Total, Student Loans / Outlays",fiscal_year,2034,2034,2034,37,12
Student Loans,Outlays,2035,17338.0,Millions of dollars,51310-2026-02-studentloan.xlsx,T6-Fair Value Costs,true,51310,"Federal Student Loan Programs: Budget Account Totals—Fair-Value Estimating Procedures / Total, Student Loans / Outlays",fiscal_year,2035,2035,2035,37,13
Student Loans,Outlays,2036,17626.0,Millions of dollars,51310-2026-02-studentloan.xlsx,T6-Fair Value Costs,true,51310,"Federal Student Loan Programs: Budget Account Totals—Fair-Value Estimating Procedures / Total, Student Loans / Outlays",fiscal_year,2036,2036,2036,37,14
Student Loans,All Loans,2027,17.2,Percent,51310-2026-02-studentloan.xlsx,T7-Subsidy Rates_FairVal,false,51310,"Direct Loan Program: Projected Subsidy Rates—Fair-Value Estimating Procedures / Percent, by fiscal year / All Loans",fiscal_year,2027,2027,2027,13,4
Student Loans,All Loans,2028,16.7,Percent,51310-2026-02-studentloan.xlsx,T7-Subsidy Rates_FairVal,false,51310,"Direct Loan Program: Projected Subsidy Rates—Fair-Value Estimating Procedures / Percent, by fiscal year / All Loans",fiscal_year,2028,2028,2028,13,5
Student Loans,All Loans,2029,16.7,Percent,51310-2026-02-studentloan.xlsx,T7-Subsidy Rates_FairVal,false,51310,"Direct Loan Program: Projected Subsidy Rates—Fair-Value Estimating Procedures / Percent, by fiscal year / All Loans",fiscal_year,2029,2029,2029,13,6
Student Loans,All Loans,2030,16.8,Percent,51310-2026-02-studentloan.xlsx,T7-Subsidy Rates_FairVal,false,51310,"Direct Loan Program: Projected Subsidy Rates—Fair-Value Estimating Procedures / Percent, by fiscal year / All Loans",fiscal_year,2030,2030,2030,13,7
Student Loans,All Loans,2031,17.0,Percent,51310-2026-02-studentloan.xlsx,T7-Subsidy Rates_FairVal,false,51310,"Direct Loan Program: Projected Subsidy Rates—Fair-Value Estimating Procedures / Percent, by fiscal year / All Loans",fiscal_year,2031,2031,2031,13,8
Student Loans,All Loans,2032,17.1,Percent,51310-2026-02-studentloan.xlsx,T7-Subsidy Rates_FairVal,false,51310,"Direct Loan Program: Projected Subsidy Rates—Fair-Value Estimating Procedures / Percent, by fiscal year / All Loans",fiscal_year,2032,2032,2032,13,9
Student Loans,All Loans,2033,17.3,Percent,51310-2026-02-studentloan.xlsx,T7-Subsidy Rates_FairVal,false,51310,"Direct Loan Program: Projected Subsidy Rates—Fair-Value Estimating Procedures / Percent, by fiscal year / All Loans",fiscal_year,2033,2033,2033,13,10
Student Loans,All Loans,2034,17.3,Percent,51310-2026-02-studentloan.xlsx,T7-Subsidy Rates_FairVal,false,51310,"Direct Loan Program: Projected Subsidy Rates—Fair-Value Estimating Procedures / Percent, by fiscal year / All Loans",fiscal_year,2034,2034,2034,13,11
Student Loans,All Loans,2035,17.3,Percent,51310-2026-02-studentloan.xlsx,T7-Subsidy Rates_FairVal,false,51310,"Direct Loan Program: Projected Subsidy Rates—Fair-Value Estimating Procedures / Percent, by fiscal year / All Loans",fiscal_year,2035,2035,2035,13,12
Student Loans,All Loans,2036,17.3,Percent,51310-2026-02-studentloan.xlsx,T7-Subsidy Rates_FairVal,false,51310,"Direct Loan Program: Projected Subsidy Rates—Fair-Value Estimating Procedures / Percent, by fiscal year / All Loans",fiscal_year,2036,2036,2036,13,13
Student Loans,Subsidized,2027,29.7,Percent,51310-2026-02-studentloan.xlsx,T7-Subsidy Rates_FairVal,false,51310,Direct Loan Program: Projected Subsidy Rates—Fair-Value Estimating Procedures / By Loan Type / Subsidized,fiscal_year,2027,2027,2027,16,4
Student Loans,Subsidized,2028,29.7,Percent,51310-2026-02-studentloan.xlsx,T7-Subsidy Rates_FairVal,false,51310,Direct Loan Program: Projected Subsidy Rates—Fair-Value Estimating Procedures / By Loan Type / Subsidized,fiscal_year,2028,2028,2028,16,5
Student Loans,Subsidized,2029,29.9,Percent,51310-2026-02-studentloan.xlsx,T7-Subsidy Rates_FairVal,false,51310,Direct Loan Program: Projected Subsidy Rates—Fair-Value Estimating Procedures / By Loan Type / Subsidized,fiscal_year,2029,2029,2029,16,6
Student Loans,Subsidized,2030,30.1,Percent,51310-2026-02-studentloan.xlsx,T7-Subsidy Rates_FairVal,false,51310,Direct Loan Program: Projected Subsidy Rates—Fair-Value Estimating Procedures / By Loan Type / Subsidized,fiscal_year,2030,2030,2030,16,7
Student Loans,Subsidized,2031,30.2,Percent,51310-2026-02-studentloan.xlsx,T7-Subsidy Rates_FairVal,false,51310,Direct Loan Program: Projected Subsidy Rates—Fair-Value Estimating Procedures / By Loan Type / Subsidized,fiscal_year,2031,2031,2031,16,8
Student Loans,Subsidized,2032,30.3,Percent,51310-2026-02-studentloan.xlsx,T7-Subsidy Rates_FairVal,false,51310,Direct Loan Program: Projected Subsidy Rates—Fair-Value Estimating Procedures / By Loan Type / Subsidized,fiscal_year,2032,2032,2032,16,9
Student Loans,Subsidized,2033,30.7,Percent,51310-2026-02-studentloan.xlsx,T7-Subsidy Rates_FairVal,false,51310,Direct Loan Program: Projected Subsidy Rates—Fair-Value Estimating Procedures / By Loan Type / Subsidized,fiscal_year,2033,2033,2033,16,10
Student Loans,Subsidized,2034,30.7,Percent,51310-2026-02-studentloan.xlsx,T7-Subsidy Rates_FairVal,false,51310,Direct Loan Program: Projected Subsidy Rates—Fair-Value Estimating Procedures / By Loan Type / Subsidized,fiscal_year,2034,2034,2034,16,11
Student Loans,Subsidized,2035,30.8,Percent,51310-2026-02-studentloan.xlsx,T7-Subsidy Rates_FairVal,false,51310,Direct Loan Program: Projected Subsidy Rates—Fair-Value Estimating Procedures / By Loan Type / Subsidized,fiscal_year,2035,2035,2035,16,12
Student Loans,Subsidized,2036,30.9,Percent,51310-2026-02-studentloan.xlsx,T7-Subsidy Rates_FairVal,false,51310,Direct Loan Program: Projected Subsidy Rates—Fair-Value Estimating Procedures / By Loan Type / Subsidized,fiscal_year,2036,2036,2036,16,13
Student Loans,Undergraduate Unsubsidized,2027,17.1,Percent,51310-2026-02-studentloan.xlsx,T7-Subsidy Rates_FairVal,false,51310,Direct Loan Program: Projected Subsidy Rates—Fair-Value Estimating Procedures / By Loan Type / Undergraduate Unsubsidized,fiscal_year,2027,2027,2027,17,4
Student Loans,Undergraduate Unsubsidized,2028,17.3,Percent,51310-2026-02-studentloan.xlsx,T7-Subsidy Rates_FairVal,false,51310,Direct Loan Program: Projected Subsidy Rates—Fair-Value Estimating Procedures / By Loan Type / Undergraduate Unsubsidized,fiscal_year,2028,2028,2028,17,5
Student Loans,Undergraduate Unsubsidized,2029,17.7,Percent,51310-2026-02-studentloan.xlsx,T7-Subsidy Rates_FairVal,false,51310,Direct Loan Program: Projected Subsidy Rates—Fair-Value Estimating Procedures / By Loan Type / Undergraduate Unsubsidized,fiscal_year,2029,2029,2029,17,6
Student Loans,Undergraduate Unsubsidized,2030,18.2,Percent,51310-2026-02-studentloan.xlsx,T7-Subsidy Rates_FairVal,false,51310,Direct Loan Program: Projected Subsidy Rates—Fair-Value Estimating Procedures / By Loan Type / Undergraduate Unsubsidized,fiscal_year,2030,2030,2030,17,7
Student Loans,Undergraduate Unsubsidized,2031,18.7,Percent,51310-2026-02-studentloan.xlsx,T7-Subsidy Rates_FairVal,false,51310,Direct Loan Program: Projected Subsidy Rates—Fair-Value Estimating Procedures / By Loan Type / Undergraduate Unsubsidized,fiscal_year,2031,2031,2031,17,8
Student Loans,Undergraduate Unsubsidized,2032,19.2,Percent,51310-2026-02-studentloan.xlsx,T7-Subsidy Rates_FairVal,false,51310,Direct Loan Program: Projected Subsidy Rates—Fair-Value Estimating Procedures / By Loan Type / Undergraduate Unsubsidized,fiscal_year,2032,2032,2032,17,9
Student Loans,Undergraduate Unsubsidized,2033,19.7,Percent,51310-2026-02-studentloan.xlsx,T7-Subsidy Rates_FairVal,false,51310,Direct Loan Program: Projected Subsidy Rates—Fair-Value Estimating Procedures / By Loan Type / Undergraduate Unsubsidized,fiscal_year,2033,2033,2033,17,10
Student Loans,Undergraduate Unsubsidized,2034,20.0,Percent,51310-2026-02-studentloan.xlsx,T7-Subsidy Rates_FairVal,false,51310,Direct Loan Program: Projected Subsidy Rates—Fair-Value Estimating Procedures / By Loan Type / Undergraduate Unsubsidized,fiscal_year,2034,2034,2034,17,11
Student Loans,Undergraduate Unsubsidized,2035,20.3,Percent,51310-2026-02-studentloan.xlsx,T7-Subsidy Rates_FairVal,false,51310,Direct Loan Program: Projected Subsidy Rates—Fair-Value Estimating Procedures / By Loan Type / Undergraduate Unsubsidized,fiscal_year,2035,2035,2035,17,12
Student Loans,Undergraduate Unsubsidized,2036,20.6,Percent,51310-2026-02-studentloan.xlsx,T7-Subsidy Rates_FairVal,false,51310,Direct Loan Program: Projected Subsidy Rates—Fair-Value Estimating Procedures / By Loan Type / Undergraduate Unsubsidized,fiscal_year,2036,2036,2036,17,13
Student Loans,Graduate Unsubsidized,2027,15.4,Percent,51310-2026-02-studentloan.xlsx,T7-Subsidy Rates_FairVal,false,51310,Direct Loan Program: Projected Subsidy Rates—Fair-Value Estimating Procedures / By Loan Type / Graduate Unsubsidized,fiscal_year,2027,2027,2027,18,4
Student Loans,Graduate Unsubsidized,2028,15.0,Percent,51310-2026-02-studentloan.xlsx,T7-Subsidy Rates_FairVal,false,51310,Direct Loan Program: Projected Subsidy Rates—Fair-Value Estimating Procedures / By Loan Type / Graduate Unsubsidized,fiscal_year,2028,2028,2028,18,5
Student Loans,Graduate Unsubsidized,2029,14.9,Percent,51310-2026-02-studentloan.xlsx,T7-Subsidy Rates_FairVal,false,51310,Direct Loan Program: Projected Subsidy Rates—Fair-Value Estimating Procedures / By Loan Type / Graduate Unsubsidized,fiscal_year,2029,2029,2029,18,6
Student Loans,Graduate Unsubsidized,2030,14.9,Percent,51310-2026-02-studentloan.xlsx,T7-Subsidy Rates_FairVal,false,51310,Direct Loan Program: Projected Subsidy Rates—Fair-Value Estimating Procedures / By Loan Type / Graduate Unsubsidized,fiscal_year,2030,2030,2030,18,7
Student Loans,Graduate Unsubsidized,2031,15.0,Percent,51310-2026-02-studentloan.xlsx,T7-Subsidy Rates_FairVal,false,51310,Direct Loan Program: Projected Subsidy Rates—Fair-Value Estimating Procedures / By Loan Type / Graduate Unsubsidized,fiscal_year,2031,2031,2031,18,8
Student Loans,Graduate Unsubsidized,2032,15.1,Percent,51310-2026-02-studentloan.xlsx,T7-Subsidy Rates_FairVal,false,51310,Direct Loan Program: Projected Subsidy Rates—Fair-Value Estimating Procedures / By Loan Type / Graduate Unsubsidized,fiscal_year,2032,2032,2032,18,9
Student Loans,Graduate Unsubsidized,2033,15.1,Percent,51310-2026-02-studentloan.xlsx,T7-Subsidy Rates_FairVal,false,51310,Direct Loan Program: Projected Subsidy Rates—Fair-Value Estimating Procedures / By Loan Type / Graduate Unsubsidized,fiscal_year,2033,2033,2033,18,10
Student Loans,Graduate Unsubsidized,2034,15.0,Percent,51310-2026-02-studentloan.xlsx,T7-Subsidy Rates_FairVal,false,51310,Direct Loan Program: Projected Subsidy Rates—Fair-Value Estimating Procedures / By Loan Type / Graduate Unsubsidized,fiscal_year,2034,2034,2034,18,11
Student Loans,Graduate Unsubsidized,2035,15.0,Percent,51310-2026-02-studentloan.xlsx,T7-Subsidy Rates_FairVal,false,51310,Direct Loan Program: Projected Subsidy Rates—Fair-Value Estimating Procedures / By Loan Type / Graduate Unsubsidized,fiscal_year,2035,2035,2035,18,12
Student Loans,Graduate Unsubsidized,2036,14.9,Percent,51310-2026-02-studentloan.xlsx,T7-Subsidy Rates_FairVal,false,51310,Direct Loan Program: Projected Subsidy Rates—Fair-Value Estimating Procedures / By Loan Type / Graduate Unsubsidized,fiscal_year,2036,2036,2036,18,13
Student Loans,Parent PLUS,2027,-7.6,Percent,51310-2026-02-studentloan.xlsx,T7-Subsidy Rates_FairVal,false,51310,Direct Loan Program: Projected Subsidy Rates—Fair-Value Estimating Procedures / By Loan Type / Parent PLUS,fiscal_year,2027,2027,2027,19,4
Student Loans,Parent PLUS,2028,-7.3,Percent,51310-2026-02-studentloan.xlsx,T7-Subsidy Rates_FairVal,false,51310,Direct Loan Program: Projected Subsidy Rates—Fair-Value Estimating Procedures / By Loan Type / Parent PLUS,fiscal_year,2028,2028,2028,19,5
Student Loans,Parent PLUS,2029,-6.9,Percent,51310-2026-02-studentloan.xlsx,T7-Subsidy Rates_FairVal,false,51310,Direct Loan Program: Projected Subsidy Rates—Fair-Value Estimating Procedures / By Loan Type / Parent PLUS,fiscal_year,2029,2029,2029,19,6
Student Loans,Parent PLUS,2030,-6.6,Percent,51310-2026-02-studentloan.xlsx,T7-Subsidy Rates_FairVal,false,51310,Direct Loan Program: Projected Subsidy Rates—Fair-Value Estimating Procedures / By Loan Type / Parent PLUS,fiscal_year,2030,2030,2030,19,7
Student Loans,Parent PLUS,2031,-6.3,Percent,51310-2026-02-studentloan.xlsx,T7-Subsidy Rates_FairVal,false,51310,Direct Loan Program: Projected Subsidy Rates—Fair-Value Estimating Procedures / By Loan Type / Parent PLUS,fiscal_year,2031,2031,2031,19,8
Student Loans,Parent PLUS,2032,-5.8,Percent,51310-2026-02-studentloan.xlsx,T7-Subsidy Rates_FairVal,false,51310,Direct Loan Program: Projected Subsidy Rates—Fair-Value Estimating Procedures / By Loan Type / Parent PLUS,fiscal_year,2032,2032,2032,19,9
Student Loans,Parent PLUS,2033,-5.4,Percent,51310-2026-02-studentloan.xlsx,T7-Subsidy Rates_FairVal,false,51310,Direct Loan Program: Projected Subsidy Rates—Fair-Value Estimating Procedures / By Loan Type / Parent PLUS,fiscal_year,2033,2033,2033,19,10
Student Loans,Parent PLUS,2034,-5.3,Percent,51310-2026-02-studentloan.xlsx,T7-Subsidy Rates_FairVal,false,51310,Direct Loan Program: Projected Subsidy Rates—Fair-Value Estimating Procedures / By Loan Type / Parent PLUS,fiscal_year,2034,2034,2034,19,11
Student Loans,Parent PLUS,2035,-5.1,Percent,51310-2026-02-studentloan.xlsx,T7-Subsidy Rates_FairVal,false,51310,Direct Loan Program: Projected Subsidy Rates—Fair-Value Estimating Procedures / By Loan Type / Parent PLUS,fiscal_year,2035,2035,2035,19,12
Student Loans,Parent PLUS,2036,-5.0,Percent,51310-2026-02-studentloan.xlsx,T7-Subsidy Rates_FairVal,false,51310,Direct Loan Program: Projected Subsidy Rates—Fair-Value Estimating Procedures / By Loan Type / Parent PLUS,fiscal_year,2036,2036,2036,19,13
Student Loans,Grad PLUSa,2027,26.7,Percent,51310-2026-02-studentloan.xlsx,T7-Subsidy Rates_FairVal,false,51310,Direct Loan Program: Projected Subsidy Rates—Fair-Value Estimating Procedures / By Loan Type / Grad PLUSa,fiscal_year,2027,2027,2027,20,4
Student Loans,Grad PLUSa,2028,26.7,Percent,51310-2026-02-studentloan.xlsx,T7-Subsidy Rates_FairVal,false,51310,Direct Loan Program: Projected Subsidy Rates—Fair-Value Estimating Procedures / By Loan Type / Grad PLUSa,fiscal_year,2028,2028,2028,20,5
Student Loans,Subsidized,2027,22.5,Percent,51310-2026-02-studentloan.xlsx,T7-Subsidy Rates_FairVal,false,51310,Direct Loan Program: Projected Subsidy Rates—Fair-Value Estimating Procedures / Fixed-Term Repayment Plans / Subsidized,fiscal_year,2027,2027,2027,24,4
Student Loans,Subsidized,2028,22.6,Percent,51310-2026-02-studentloan.xlsx,T7-Subsidy Rates_FairVal,false,51310,Direct Loan Program: Projected Subsidy Rates—Fair-Value Estimating Procedures / Fixed-Term Repayment Plans / Subsidized,fiscal_year,2028,2028,2028,24,5
Student Loans,Subsidized,2029,23.0,Percent,51310-2026-02-studentloan.xlsx,T7-Subsidy Rates_FairVal,false,51310,Direct Loan Program: Projected Subsidy Rates—Fair-Value Estimating Procedures / Fixed-Term Repayment Plans / Subsidized,fiscal_year,2029,2029,2029,24,6
Student Loans,Subsidized,2030,23.3,Percent,51310-2026-02-studentloan.xlsx,T7-Subsidy Rates_FairVal,false,51310,Direct Loan Program: Projected Subsidy Rates—Fair-Value Estimating Procedures / Fixed-Term Repayment Plans / Subsidized,fiscal_year,2030,2030,2030,24,7
Student Loans,Subsidized,2031,23.5,Percent,51310-2026-02-studentloan.xlsx,T7-Subsidy Rates_FairVal,false,51310,Direct Loan Program: Projected Subsidy Rates—Fair-Value Estimating Procedures / Fixed-Term Repayment Plans / Subsidized,fiscal_year,2031,2031,2031,24,8
Student Loans,Subsidized,2032,23.8,Percent,51310-2026-02-studentloan.xlsx,T7-Subsidy Rates_FairVal,false,51310,Direct Loan Program: Projected Subsidy Rates—Fair-Value Estimating Procedures / Fixed-Term Repayment Plans / Subsidized,fiscal_year,2032,2032,2032,24,9
Student Loans,Subsidized,2033,24.2,Percent,51310-2026-02-studentloan.xlsx,T7-Subsidy Rates_FairVal,false,51310,Direct Loan Program: Projected Subsidy Rates—Fair-Value Estimating Procedures / Fixed-Term Repayment Plans / Subsidized,fiscal_year,2033,2033,2033,24,10
Student Loans,Subsidized,2034,24.4,Percent,51310-2026-02-studentloan.xlsx,T7-Subsidy Rates_FairVal,false,51310,Direct Loan Program: Projected Subsidy Rates—Fair-Value Estimating Procedures / Fixed-Term Repayment Plans / Subsidized,fiscal_year,2034,2034,2034,24,11
Student Loans,Subsidized,2035,24.6,Percent,51310-2026-02-studentloan.xlsx,T7-Subsidy Rates_FairVal,false,51310,Direct Loan Program: Projected Subsidy Rates—Fair-Value Estimating Procedures / Fixed-Term Repayment Plans / Subsidized,fiscal_year,2035,2035,2035,24,12
Student Loans,Subsidized,2036,24.8,Percent,51310-2026-02-studentloan.xlsx,T7-Subsidy Rates_FairVal,false,51310,Direct Loan Program: Projected Subsidy Rates—Fair-Value Estimating Procedures / Fixed-Term Repayment Plans / Subsidized,fiscal_year,2036,2036,2036,24,13
Student Loans,Undergraduate Unsubsidized,2027,13.6,Percent,51310-2026-02-studentloan.xlsx,T7-Subsidy Rates_FairVal,false,51310,Direct Loan Program: Projected Subsidy Rates—Fair-Value Estimating Procedures / Fixed-Term Repayment Plans / Undergraduate Unsubsidized,fiscal_year,2027,2027,2027,25,4
Student Loans,Undergraduate Unsubsidized,2028,13.8,Percent,51310-2026-02-studentloan.xlsx,T7-Subsidy Rates_FairVal,false,51310,Direct Loan Program: Projected Subsidy Rates—Fair-Value Estimating Procedures / Fixed-Term Repayment Plans / Undergraduate Unsubsidized,fiscal_year,2028,2028,2028,25,5
Student Loans,Undergraduate Unsubsidized,2029,14.3,Percent,51310-2026-02-studentloan.xlsx,T7-Subsidy Rates_FairVal,false,51310,Direct Loan Program: Projected Subsidy Rates—Fair-Value Estimating Procedures / Fixed-Term Repayment Plans / Undergraduate Unsubsidized,fiscal_year,2029,2029,2029,25,6
Student Loans,Undergraduate Unsubsidized,2030,14.7,Percent,51310-2026-02-studentloan.xlsx,T7-Subsidy Rates_FairVal,false,51310,Direct Loan Program: Projected Subsidy Rates—Fair-Value Estimating Procedures / Fixed-Term Repayment Plans / Undergraduate Unsubsidized,fiscal_year,2030,2030,2030,25,7
Student Loans,Undergraduate Unsubsidized,2031,15.1,Percent,51310-2026-02-studentloan.xlsx,T7-Subsidy Rates_FairVal,false,51310,Direct Loan Program: Projected Subsidy Rates—Fair-Value Estimating Procedures / Fixed-Term Repayment Plans / Undergraduate Unsubsidized,fiscal_year,2031,2031,2031,25,8
Student Loans,Undergraduate Unsubsidized,2032,15.6,Percent,51310-2026-02-studentloan.xlsx,T7-Subsidy Rates_FairVal,false,51310,Direct Loan Program: Projected Subsidy Rates—Fair-Value Estimating Procedures / Fixed-Term Repayment Plans / Undergraduate Unsubsidized,fiscal_year,2032,2032,2032,25,9
Student Loans,Undergraduate Unsubsidized,2033,16.1,Percent,51310-2026-02-studentloan.xlsx,T7-Subsidy Rates_FairVal,false,51310,Direct Loan Program: Projected Subsidy Rates—Fair-Value Estimating Procedures / Fixed-Term Repayment Plans / Undergraduate Unsubsidized,fiscal_year,2033,2033,2033,25,10
Student Loans,Undergraduate Unsubsidized,2034,16.5,Percent,51310-2026-02-studentloan.xlsx,T7-Subsidy Rates_FairVal,false,51310,Direct Loan Program: Projected Subsidy Rates—Fair-Value Estimating Procedures / Fixed-Term Repayment Plans / Undergraduate Unsubsidized,fiscal_year,2034,2034,2034,25,11
Student Loans,Undergraduate Unsubsidized,2035,16.5,Percent,51310-2026-02-studentloan.xlsx,T7-Subsidy Rates_FairVal,false,51310,Direct Loan Program: Projected Subsidy Rates—Fair-Value Estimating Procedures / Fixed-Term Repayment Plans / Undergraduate Unsubsidized,fiscal_year,2035,2035,2035,25,12
Student Loans,Undergraduate Unsubsidized,2036,16.7,Percent,51310-2026-02-studentloan.xlsx,T7-Subsidy Rates_FairVal,false,51310,Direct Loan Program: Projected Subsidy Rates—Fair-Value Estimating Procedures / Fixed-Term Repayment Plans / Undergraduate Unsubsidized,fiscal_year,2036,2036,2036,25,13
Student Loans,Graduate Unsubsidized,2027,-1.3,Percent,51310-2026-02-studentloan.xlsx,T7-Subsidy Rates_FairVal,false,51310,Direct Loan Program: Projected Subsidy Rates—Fair-Value Estimating Procedures / Fixed-Term Repayment Plans / Graduate Unsubsidized,fiscal_year,2027,2027,2027,26,4
Student Loans,Graduate Unsubsidized,2028,-1.2,Percent,51310-2026-02-studentloan.xlsx,T7-Subsidy Rates_FairVal,false,51310,Direct Loan Program: Projected Subsidy Rates—Fair-Value Estimating Procedures / Fixed-Term Repayment Plans / Graduate Unsubsidized,fiscal_year,2028,2028,2028,26,5
Student Loans,Graduate Unsubsidized,2029,-0.8,Percent,51310-2026-02-studentloan.xlsx,T7-Subsidy Rates_FairVal,false,51310,Direct Loan Program: Projected Subsidy Rates—Fair-Value Estimating Procedures / Fixed-Term Repayment Plans / Graduate Unsubsidized,fiscal_year,2029,2029,2029,26,6
Student Loans,Graduate Unsubsidized,2030,-0.3,Percent,51310-2026-02-studentloan.xlsx,T7-Subsidy Rates_FairVal,false,51310,Direct Loan Program: Projected Subsidy Rates—Fair-Value Estimating Procedures / Fixed-Term Repayment Plans / Graduate Unsubsidized,fiscal_year,2030,2030,2030,26,7
Student Loans,Graduate Unsubsidized,2031,0.0,Percent,51310-2026-02-studentloan.xlsx,T7-Subsidy Rates_FairVal,false,51310,Direct Loan Program: Projected Subsidy Rates—Fair-Value Estimating Procedures / Fixed-Term Repayment Plans / Graduate Unsubsidized,fiscal_year,2031,2031,2031,26,8
Student Loans,Graduate Unsubsidized,2032,0.4,Percent,51310-2026-02-studentloan.xlsx,T7-Subsidy Rates_FairVal,false,51310,Direct Loan Program: Projected Subsidy Rates—Fair-Value Estimating Procedures / Fixed-Term Repayment Plans / Graduate Unsubsidized,fiscal_year,2032,2032,2032,26,9
Student Loans,Graduate Unsubsidized,2033,0.8,Percent,51310-2026-02-studentloan.xlsx,T7-Subsidy Rates_FairVal,false,51310,Direct Loan Program: Projected Subsidy Rates—Fair-Value Estimating Procedures / Fixed-Term Repayment Plans / Graduate Unsubsidized,fiscal_year,2033,2033,2033,26,10
Student Loans,Graduate Unsubsidized,2034,1.0,Percent,51310-2026-02-studentloan.xlsx,T7-Subsidy Rates_FairVal,false,51310,Direct Loan Program: Projected Subsidy Rates—Fair-Value Estimating Procedures / Fixed-Term Repayment Plans / Graduate Unsubsidized,fiscal_year,2034,2034,2034,26,11
Student Loans,Graduate Unsubsidized,2035,1.2,Percent,51310-2026-02-studentloan.xlsx,T7-Subsidy Rates_FairVal,false,51310,Direct Loan Program: Projected Subsidy Rates—Fair-Value Estimating Procedures / Fixed-Term Repayment Plans / Graduate Unsubsidized,fiscal_year,2035,2035,2035,26,12
Student Loans,Graduate Unsubsidized,2036,1.5,Percent,51310-2026-02-studentloan.xlsx,T7-Subsidy Rates_FairVal,false,51310,Direct Loan Program: Projected Subsidy Rates—Fair-Value Estimating Procedures / Fixed-Term Repayment Plans / Graduate Unsubsidized,fiscal_year,2036,2036,2036,26,13
Student Loans,Parent PLUSc,2027,-7.6,Percent,51310-2026-02-studentloan.xlsx,T7-Subsidy Rates_FairVal,false,51310,Direct Loan Program: Projected Subsidy Rates—Fair-Value Estimating Procedures / Fixed-Term Repayment Plans / Parent PLUSc,fiscal_year,2027,2027,2027,27,4
Student Loans,Parent PLUSc,2028,-7.3,Percent,51310-2026-02-studentloan.xlsx,T7-Subsidy Rates_FairVal,false,51310,Direct Loan Program: Projected Subsidy Rates—Fair-Value Estimating Procedures / Fixed-Term Repayment Plans / Parent PLUSc,fiscal_year,2028,2028,2028,27,5
Student Loans,Parent PLUSc,2029,-6.9,Percent,51310-2026-02-studentloan.xlsx,T7-Subsidy Rates_FairVal,false,51310,Direct Loan Program: Projected Subsidy Rates—Fair-Value Estimating Procedures / Fixed-Term Repayment Plans / Parent PLUSc,fiscal_year,2029,2029,2029,27,6
Student Loans,Parent PLUSc,2030,-6.6,Percent,51310-2026-02-studentloan.xlsx,T7-Subsidy Rates_FairVal,false,51310,Direct Loan Program: Projected Subsidy Rates—Fair-Value Estimating Procedures / Fixed-Term Repayment Plans / Parent PLUSc,fiscal_year,2030,2030,2030,27,7
Student Loans,Parent PLUSc,2031,-6.3,Percent,51310-2026-02-studentloan.xlsx,T7-Subsidy Rates_FairVal,false,51310,Direct Loan Program: Projected Subsidy Rates—Fair-Value Estimating Procedures / Fixed-Term Repayment Plans / Parent PLUSc,fiscal_year,2031,2031,2031,27,8
Student Loans,Parent PLUSc,2032,-5.8,Percent,51310-2026-02-studentloan.xlsx,T7-Subsidy Rates_FairVal,false,51310,Direct Loan Program: Projected Subsidy Rates—Fair-Value Estimating Procedures / Fixed-Term Repayment Plans / Parent PLUSc,fiscal_year,2032,2032,2032,27,9
Student Loans,Parent PLUSc,2033,-5.4,Percent,51310-2026-02-studentloan.xlsx,T7-Subsidy Rates_FairVal,false,51310,Direct Loan Program: Projected Subsidy Rates—Fair-Value Estimating Procedures / Fixed-Term Repayment Plans / Parent PLUSc,fiscal_year,2033,2033,2033,27,10
Student Loans,Parent PLUSc,2034,-5.3,Percent,51310-2026-02-studentloan.xlsx,T7-Subsidy Rates_FairVal,false,51310,Direct Loan Program: Projected Subsidy Rates—Fair-Value Estimating Procedures / Fixed-Term Repayment Plans / Parent PLUSc,fiscal_year,2034,2034,2034,27,11
Student Loans,Parent PLUSc,2035,-5.1,Percent,51310-2026-02-studentloan.xlsx,T7-Subsidy Rates_FairVal,false,51310,Direct Loan Program: Projected Subsidy Rates—Fair-Value Estimating Procedures / Fixed-Term Repayment Plans / Parent PLUSc,fiscal_year,2035,2035,2035,27,12
Student Loans,Parent PLUSc,2036,-5.0,Percent,51310-2026-02-studentloan.xlsx,T7-Subsidy Rates_FairVal,false,51310,Direct Loan Program: Projected Subsidy Rates—Fair-Value Estimating Procedures / Fixed-Term Repayment Plans / Parent PLUSc,fiscal_year,2036,2036,2036,27,13
Student Loans,Grad PLUSa,2027,-15.1,Percent,51310-2026-02-studentloan.xlsx,T7-Subsidy Rates_FairVal,false,51310,Direct Loan Program: Projected Subsidy Rates—Fair-Value Estimating Procedures / Fixed-Term Repayment Plans / Grad PLUSa,fiscal_year,2027,2027,2027,28,4
Student Loans,Grad PLUSa,2028,-15.1,Percent,51310-2026-02-studentloan.xlsx,T7-Subsidy Rates_FairVal,false,51310,Direct Loan Program: Projected Subsidy Rates—Fair-Value Estimating Procedures / Fixed-Term Repayment Plans / Grad PLUSa,fiscal_year,2028,2028,2028,28,5
Student Loans,Subsidized,2027,47.5,Percent,51310-2026-02-studentloan.xlsx,T7-Subsidy Rates_FairVal,false,51310,Direct Loan Program: Projected Subsidy Rates—Fair-Value Estimating Procedures / Income-Driven Repayment Plans / Subsidized,fiscal_year,2027,2027,2027,31,4
Student Loans,Subsidized,2028,47.2,Percent,51310-2026-02-studentloan.xlsx,T7-Subsidy Rates_FairVal,false,51310,Direct Loan Program: Projected Subsidy Rates—Fair-Value Estimating Procedures / Income-Driven Repayment Plans / Subsidized,fiscal_year,2028,2028,2028,31,5
Student Loans,Subsidized,2029,47.1,Percent,51310-2026-02-studentloan.xlsx,T7-Subsidy Rates_FairVal,false,51310,Direct Loan Program: Projected Subsidy Rates—Fair-Value Estimating Procedures / Income-Driven Repayment Plans / Subsidized,fiscal_year,2029,2029,2029,31,6
Student Loans,Subsidized,2030,47.0,Percent,51310-2026-02-studentloan.xlsx,T7-Subsidy Rates_FairVal,false,51310,Direct Loan Program: Projected Subsidy Rates—Fair-Value Estimating Procedures / Income-Driven Repayment Plans / Subsidized,fiscal_year,2030,2030,2030,31,7
Student Loans,Subsidized,2031,46.9,Percent,51310-2026-02-studentloan.xlsx,T7-Subsidy Rates_FairVal,false,51310,Direct Loan Program: Projected Subsidy Rates—Fair-Value Estimating Procedures / Income-Driven Repayment Plans / Subsidized,fiscal_year,2031,2031,2031,31,8
Student Loans,Subsidized,2032,46.7,Percent,51310-2026-02-studentloan.xlsx,T7-Subsidy Rates_FairVal,false,51310,Direct Loan Program: Projected Subsidy Rates—Fair-Value Estimating Procedures / Income-Driven Repayment Plans / Subsidized,fiscal_year,2032,2032,2032,31,9
Student Loans,Subsidized,2033,46.6,Percent,51310-2026-02-studentloan.xlsx,T7-Subsidy Rates_FairVal,false,51310,Direct Loan Program: Projected Subsidy Rates—Fair-Value Estimating Procedures / Income-Driven Repayment Plans / Subsidized,fiscal_year,2033,2033,2033,31,10
Student Loans,Subsidized,2034,46.4,Percent,51310-2026-02-studentloan.xlsx,T7-Subsidy Rates_FairVal,false,51310,Direct Loan Program: Projected Subsidy Rates—Fair-Value Estimating Procedures / Income-Driven Repayment Plans / Subsidized,fiscal_year,2034,2034,2034,31,11
Student Loans,Subsidized,2035,46.1,Percent,51310-2026-02-studentloan.xlsx,T7-Subsidy Rates_FairVal,false,51310,Direct Loan Program: Projected Subsidy Rates—Fair-Value Estimating Procedures / Income-Driven Repayment Plans / Subsidized,fiscal_year,2035,2035,2035,31,12
Student Loans,Subsidized,2036,45.9,Percent,51310-2026-02-studentloan.xlsx,T7-Subsidy Rates_FairVal,false,51310,Direct Loan Program: Projected Subsidy Rates—Fair-Value Estimating Procedures / Income-Driven Repayment Plans / Subsidized,fiscal_year,2036,2036,2036,31,13
Student Loans,Undergraduate Unsubsidized,2027,24.7,Percent,51310-2026-02-studentloan.xlsx,T7-Subsidy Rates_FairVal,false,51310,Direct Loan Program: Projected Subsidy Rates—Fair-Value Estimating Procedures / Income-Driven Repayment Plans / Undergraduate Unsubsidized,fiscal_year,2027,2027,2027,32,4
Student Loans,Undergraduate Unsubsidized,2028,24.5,Percent,51310-2026-02-studentloan.xlsx,T7-Subsidy Rates_FairVal,false,51310,Direct Loan Program: Projected Subsidy Rates—Fair-Value Estimating Procedures / Income-Driven Repayment Plans / Undergraduate Unsubsidized,fiscal_year,2028,2028,2028,32,5
Student Loans,Undergraduate Unsubsidized,2029,24.9,Percent,51310-2026-02-studentloan.xlsx,T7-Subsidy Rates_FairVal,false,51310,Direct Loan Program: Projected Subsidy Rates—Fair-Value Estimating Procedures / Income-Driven Repayment Plans / Undergraduate Unsubsidized,fiscal_year,2029,2029,2029,32,6
Student Loans,Undergraduate Unsubsidized,2030,25.6,Percent,51310-2026-02-studentloan.xlsx,T7-Subsidy Rates_FairVal,false,51310,Direct Loan Program: Projected Subsidy Rates—Fair-Value Estimating Procedures / Income-Driven Repayment Plans / Undergraduate Unsubsidized,fiscal_year,2030,2030,2030,32,7
Student Loans,Undergraduate Unsubsidized,2031,26.1,Percent,51310-2026-02-studentloan.xlsx,T7-Subsidy Rates_FairVal,false,51310,Direct Loan Program: Projected Subsidy Rates—Fair-Value Estimating Procedures / Income-Driven Repayment Plans / Undergraduate Unsubsidized,fiscal_year,2031,2031,2031,32,8
Student Loans,Undergraduate Unsubsidized,2032,26.6,Percent,51310-2026-02-studentloan.xlsx,T7-Subsidy Rates_FairVal,false,51310,Direct Loan Program: Projected Subsidy Rates—Fair-Value Estimating Procedures / Income-Driven Repayment Plans / Undergraduate Unsubsidized,fiscal_year,2032,2032,2032,32,9
Student Loans,Undergraduate Unsubsidized,2033,27.3,Percent,51310-2026-02-studentloan.xlsx,T7-Subsidy Rates_FairVal,false,51310,Direct Loan Program: Projected Subsidy Rates—Fair-Value Estimating Procedures / Income-Driven Repayment Plans / Undergraduate Unsubsidized,fiscal_year,2033,2033,2033,32,10
Student Loans,Undergraduate Unsubsidized,2034,28.1,Percent,51310-2026-02-studentloan.xlsx,T7-Subsidy Rates_FairVal,false,51310,Direct Loan Program: Projected Subsidy Rates—Fair-Value Estimating Procedures / Income-Driven Repayment Plans / Undergraduate Unsubsidized,fiscal_year,2034,2034,2034,32,11
Student Loans,Undergraduate Unsubsidized,2035,28.3,Percent,51310-2026-02-studentloan.xlsx,T7-Subsidy Rates_FairVal,false,51310,Direct Loan Program: Projected Subsidy Rates—Fair-Value Estimating Procedures / Income-Driven Repayment Plans / Undergraduate Unsubsidized,fiscal_year,2035,2035,2035,32,12
Student Loans,Undergraduate Unsubsidized,2036,28.8,Percent,51310-2026-02-studentloan.xlsx,T7-Subsidy Rates_FairVal,false,51310,Direct Loan Program: Projected Subsidy Rates—Fair-Value Estimating Procedures / Income-Driven Repayment Plans / Undergraduate Unsubsidized,fiscal_year,2036,2036,2036,32,13
Student Loans,Graduate Unsubsidized,2027,23.7,Percent,51310-2026-02-studentloan.xlsx,T7-Subsidy Rates_FairVal,false,51310,Direct Loan Program: Projected Subsidy Rates—Fair-Value Estimating Procedures / Income-Driven Repayment Plans / Graduate Unsubsidized,fiscal_year,2027,2027,2027,33,4
Student Loans,Graduate Unsubsidized,2028,23.1,Percent,51310-2026-02-studentloan.xlsx,T7-Subsidy Rates_FairVal,false,51310,Direct Loan Program: Projected Subsidy Rates—Fair-Value Estimating Procedures / Income-Driven Repayment Plans / Graduate Unsubsidized,fiscal_year,2028,2028,2028,33,5
Student Loans,Graduate Unsubsidized,2029,22.6,Percent,51310-2026-02-studentloan.xlsx,T7-Subsidy Rates_FairVal,false,51310,Direct Loan Program: Projected Subsidy Rates—Fair-Value Estimating Procedures / Income-Driven Repayment Plans / Graduate Unsubsidized,fiscal_year,2029,2029,2029,33,6
Student Loans,Graduate Unsubsidized,2030,22.5,Percent,51310-2026-02-studentloan.xlsx,T7-Subsidy Rates_FairVal,false,51310,Direct Loan Program: Projected Subsidy Rates—Fair-Value Estimating Procedures / Income-Driven Repayment Plans / Graduate Unsubsidized,fiscal_year,2030,2030,2030,33,7
Student Loans,Graduate Unsubsidized,2031,22.4,Percent,51310-2026-02-studentloan.xlsx,T7-Subsidy Rates_FairVal,false,51310,Direct Loan Program: Projected Subsidy Rates—Fair-Value Estimating Procedures / Income-Driven Repayment Plans / Graduate Unsubsidized,fiscal_year,2031,2031,2031,33,8
Student Loans,Graduate Unsubsidized,2032,22.3,Percent,51310-2026-02-studentloan.xlsx,T7-Subsidy Rates_FairVal,false,51310,Direct Loan Program: Projected Subsidy Rates—Fair-Value Estimating Procedures / Income-Driven Repayment Plans / Graduate Unsubsidized,fiscal_year,2032,2032,2032,33,9
Student Loans,Graduate Unsubsidized,2033,22.2,Percent,51310-2026-02-studentloan.xlsx,T7-Subsidy Rates_FairVal,false,51310,Direct Loan Program: Projected Subsidy Rates—Fair-Value Estimating Procedures / Income-Driven Repayment Plans / Graduate Unsubsidized,fiscal_year,2033,2033,2033,33,10
Student Loans,Graduate Unsubsidized,2034,22.0,Percent,51310-2026-02-studentloan.xlsx,T7-Subsidy Rates_FairVal,false,51310,Direct Loan Program: Projected Subsidy Rates—Fair-Value Estimating Procedures / Income-Driven Repayment Plans / Graduate Unsubsidized,fiscal_year,2034,2034,2034,33,11
Student Loans,Graduate Unsubsidized,2035,21.8,Percent,51310-2026-02-studentloan.xlsx,T7-Subsidy Rates_FairVal,false,51310,Direct Loan Program: Projected Subsidy Rates—Fair-Value Estimating Procedures / Income-Driven Repayment Plans / Graduate Unsubsidized,fiscal_year,2035,2035,2035,33,12
Student Loans,Graduate Unsubsidized,2036,21.5,Percent,51310-2026-02-studentloan.xlsx,T7-Subsidy Rates_FairVal,false,51310,Direct Loan Program: Projected Subsidy Rates—Fair-Value Estimating Procedures / Income-Driven Repayment Plans / Graduate Unsubsidized,fiscal_year,2036,2036,2036,33,13
Student Loans,Grad PLUSa,2027,34.1,Percent,51310-2026-02-studentloan.xlsx,T7-Subsidy Rates_FairVal,false,51310,Direct Loan Program: Projected Subsidy Rates—Fair-Value Estimating Procedures / Income-Driven Repayment Plans / Grad PLUSa,fiscal_year,2027,2027,2027,34,4
Student Loans,Grad PLUSa,2028,34.1,Percent,51310-2026-02-studentloan.xlsx,T7-Subsidy Rates_FairVal,false,51310,Direct Loan Program: Projected Subsidy Rates—Fair-Value Estimating Procedures / Income-Driven Repayment Plans / Grad PLUSa,fiscal_year,2028,2028,2028,34,5
