program,category,fiscal_year,value,unit,source_file,source_sheet,is_total,program_id,category_path,period_type,period_start_year,period_end_year,period_label,source_row,source_column
Health Insurance,Total Population,2023,336.0,Millions of people,51298-2023-09-healthinsurance.xlsx,Table 1,true,51298,"Table 1. CBO's Projections of Health Insurance Coverage, by Source / Total Population",fiscal_year,2023,2023,2023,9,3
Health Insurance,Total Population,2024,337.8,Millions of people,51298-2023-09-healthinsurance.xlsx,Table 1,true,51298,"Table 1. CBO's Projections of Health Insurance Coverage, by Source / Total Population",fiscal_year,2024,2024,2024,9,4
Health Insurance,Total Population,2025,339.4,Millions of people,51298-2023-09-healthinsurance.xlsx,Table 1,true,51298,"Table 1. CBO's Projections of Health Insurance Coverage, by Source / Total Population",fiscal_year,2025,2025,2025,9,5
Health Insurance,Total Population,2026,340.9,Millions of people,51298-2023-09-healthinsurance.xlsx,Table 1,true,51298,"Table 1. CBO's Projections of Health Insurance Coverage, by Source / Total Population",fiscal_year,2026,2026,2026,9,6
Health Insurance,Total Population,2027,342.5,Millions of people,51298-2023-09-healthinsurance.xlsx,Table 1,true,51298,"Table 1. CBO's Projections of Health Insurance Coverage, by Source / Total Population",fiscal_year,2027,2027,2027,9,7
Health Insurance,Total Population,2028,344.0,Millions of people,51298-2023-09-healthinsurance.xlsx,Table 1,true,51298,"Table 1. CBO's Projections of Health Insurance Coverage, by Source / Total Population",fiscal_year,2028,2028,2028,9,8
Health Insurance,Total Population,2029,345.6,Millions of people,51298-2023-09-healthinsurance.xlsx,Table 1,true,51298,"Table 1. CBO's Projections of Health Insurance Coverage, by Source / Total Population",fiscal_year,2029,2029,2029,9,9
Health Insurance,Total Population,2030,347.2,Millions of people,51298-2023-09-healthinsurance.xlsx,Table 1,true,51298,"Table 1. CBO's Projections of Health Insurance Coverage, by Source / Total Population",fiscal_year,2030,2030,2030,9,10
Health Insurance,Total Population,2031,348.8,Millions of people,51298-2023-09-healthinsurance.xlsx,Table 1,true,51298,"Table 1. CBO's Projections of Health Insurance Coverage, by Source / Total Population",fiscal_year,2031,2031,2031,9,11
Health Insurance,Total Population,2032,350.4,Millions of people,51298-2023-09-healthinsurance.xlsx,Table 1,true,51298,"Table 1. CBO's Projections of Health Insurance Coverage, by Source / Total Population",fiscal_year,2032,2032,2032,9,12
Health Insurance,Total Population,2033,351.9,Millions of people,51298-2023-09-healthinsurance.xlsx,Table 1,true,51298,"Table 1. CBO's Projections of Health Insurance Coverage, by Source / Total Population",fiscal_year,2033,2033,2033,9,13
Health Insurance,Insured people,2023,311.8,Millions of people,51298-2023-09-healthinsurance.xlsx,Table 1,false,51298,"Table 1. CBO's Projections of Health Insurance Coverage, by Source / Insured people",fiscal_year,2023,2023,2023,10,3
Health Insurance,Insured people,2024,310.7,Millions of people,51298-2023-09-healthinsurance.xlsx,Table 1,false,51298,"Table 1. CBO's Projections of Health Insurance Coverage, by Source / Insured people",fiscal_year,2024,2024,2024,10,4
Health Insurance,Insured people,2025,311.2,Millions of people,51298-2023-09-healthinsurance.xlsx,Table 1,false,51298,"Table 1. CBO's Projections of Health Insurance Coverage, by Source / Insured people",fiscal_year,2025,2025,2025,10,5
Health Insurance,Insured people,2026,311.6,Millions of people,51298-2023-09-healthinsurance.xlsx,Table 1,false,51298,"Table 1. CBO's Projections of Health Insurance Coverage, by Source / Insured people",fiscal_year,2026,2026,2026,10,6
Health Insurance,Insured people,2027,312.3,Millions of people,51298-2023-09-healthinsurance.xlsx,Table 1,false,51298,"Table 1. CBO's Projections of Health Insurance Coverage, by Source / Insured people",fiscal_year,2027,2027,2027,10,7
Health Insurance,Insured people,2028,314.0,Millions of people,51298-2023-09-healthinsurance.xlsx,Table 1,false,51298,"Table 1. CBO's Projections of Health Insurance Coverage, by Source / Insured people",fiscal_year,2028,2028,2028,10,8
Health Insurance,Insured people,2029,315.6,Millions of people,51298-2023-09-healthinsurance.xlsx,Table 1,false,51298,"Table 1. CBO's Projections of Health Insurance Coverage, by Source / Insured people",fiscal_year,2029,2029,2029,10,9
Health Insurance,Insured people,2030,317.5,Millions of people,51298-2023-09-healthinsurance.xlsx,Table 1,false,51298,"Table 1. CBO's Projections of Health Insurance Coverage, by Source / Insured people",fiscal_year,2030,2030,2030,10,10
Health Insurance,Insured people,2031,319.2,Millions of people,51298-2023-09-healthinsurance.xlsx,Table 1,false,51298,"Table 1. CBO's Projections of Health Insurance Coverage, by Source / Insured people",fiscal_year,2031,2031,2031,10,11
Health Insurance,Insured people,2032,320.8,Millions of people,51298-2023-09-healthinsurance.xlsx,Table 1,false,51298,"Table 1. CBO's Projections of Health Insurance Coverage, by Source / Insured people",fiscal_year,2032,2032,2032,10,12
Health Insurance,Insured people,2033,322.3,Millions of people,51298-2023-09-healthinsurance.xlsx,Table 1,false,51298,"Table 1. CBO's Projections of Health Insurance Coverage, by Source / Insured people",fiscal_year,2033,2033,2033,10,13
Health Insurance,Uninsured people,2023,24.3,Millions of people,51298-2023-09-healthinsurance.xlsx,Table 1,false,51298,"Table 1. CBO's Projections of Health Insurance Coverage, by Source / Uninsured people",fiscal_year,2023,2023,2023,11,3
Health Insurance,Uninsured people,2024,27.1,Millions of people,51298-2023-09-healthinsurance.xlsx,Table 1,false,51298,"Table 1. CBO's Projections of Health Insurance Coverage, by Source / Uninsured people",fiscal_year,2024,2024,2024,11,4
Health Insurance,Uninsured people,2025,28.2,Millions of people,51298-2023-09-healthinsurance.xlsx,Table 1,false,51298,"Table 1. CBO's Projections of Health Insurance Coverage, by Source / Uninsured people",fiscal_year,2025,2025,2025,11,5
Health Insurance,Uninsured people,2026,29.4,Millions of people,51298-2023-09-healthinsurance.xlsx,Table 1,false,51298,"Table 1. CBO's Projections of Health Insurance Coverage, by Source / Uninsured people",fiscal_year,2026,2026,2026,11,6
Health Insurance,Uninsured people,2027,30.2,Millions of people,51298-2023-09-healthinsurance.xlsx,Table 1,false,51298,"Table 1. CBO's Projections of Health Insurance Coverage, by Source / Uninsured people",fiscal_year,2027,2027,2027,11,7
Health Insurance,Uninsured people,2028,30.0,Millions of people,51298-2023-09-healthinsurance.xlsx,Table 1,false,51298,"Table 1. CBO's Projections of Health Insurance Coverage, by Source / Uninsured people",fiscal_year,2028,2028,2028,11,8
Health Insurance,Uninsured people,2029,30.0,Millions of people,51298-2023-09-healthinsurance.xlsx,Table 1,false,51298,"Table 1. CBO's Projections of Health Insurance Coverage, by Source / Uninsured people",fiscal_year,2029,2029,2029,11,9
Health Insurance,Uninsured people,2030,29.7,Millions of people,51298-2023-09-healthinsurance.xlsx,Table 1,false,51298,"Table 1. CBO's Projections of Health Insurance Coverage, by Source / Uninsured people",fiscal_year,2030,2030,2030,11,10
Health Insurance,Uninsured people,2031,29.6,Millions of people,51298-2023-09-healthinsurance.xlsx,Table 1,false,51298,"Table 1. CBO's Projections of Health Insurance Coverage, by Source / Uninsured people",fiscal_year,2031,2031,2031,11,11
Health Insurance,Uninsured people,2032,29.6,Millions of people,51298-2023-09-healthinsurance.xlsx,Table 1,false,51298,"Table 1. CBO's Projections of Health Insurance Coverage, by Source / Uninsured people",fiscal_year,2032,2032,2032,11,12
Health Insurance,Uninsured people,2033,29.6,Millions of people,51298-2023-09-healthinsurance.xlsx,Table 1,false,51298,"Table 1. CBO's Projections of Health Insurance Coverage, by Source / Uninsured people",fiscal_year,2033,2033,2033,11,13
Health Insurance,Employment-Based Coverage,2023,161.3,Millions of people,51298-2023-09-healthinsurance.xlsx,Table 1,false,51298,"Table 1. CBO's Projections of Health Insurance Coverage, by Source / Employment-Based Coverage",fiscal_year,2023,2023,2023,12,3
Health Insurance,Employment-Based Coverage,2024,161.1,Millions of people,51298-2023-09-healthinsurance.xlsx,Table 1,false,51298,"Table 1. CBO's Projections of Health Insurance Coverage, by Source / Employment-Based Coverage",fiscal_year,2024,2024,2024,12,4
Health Insurance,Employment-Based Coverage,2025,161.1,Millions of people,51298-2023-09-healthinsurance.xlsx,Table 1,false,51298,"Table 1. CBO's Projections of Health Insurance Coverage, by Source / Employment-Based Coverage",fiscal_year,2025,2025,2025,12,5
Health Insurance,Employment-Based Coverage,2026,162.5,Millions of people,51298-2023-09-healthinsurance.xlsx,Table 1,false,51298,"Table 1. CBO's Projections of Health Insurance Coverage, by Source / Employment-Based Coverage",fiscal_year,2026,2026,2026,12,6
Health Insurance,Employment-Based Coverage,2027,163.6,Millions of people,51298-2023-09-healthinsurance.xlsx,Table 1,false,51298,"Table 1. CBO's Projections of Health Insurance Coverage, by Source / Employment-Based Coverage",fiscal_year,2027,2027,2027,12,7
Health Insurance,Employment-Based Coverage,2028,164.0,Millions of people,51298-2023-09-healthinsurance.xlsx,Table 1,false,51298,"Table 1. CBO's Projections of Health Insurance Coverage, by Source / Employment-Based Coverage",fiscal_year,2028,2028,2028,12,8
Health Insurance,Employment-Based Coverage,2029,164.2,Millions of people,51298-2023-09-healthinsurance.xlsx,Table 1,false,51298,"Table 1. CBO's Projections of Health Insurance Coverage, by Source / Employment-Based Coverage",fiscal_year,2029,2029,2029,12,9
Health Insurance,Employment-Based Coverage,2030,164.8,Millions of people,51298-2023-09-healthinsurance.xlsx,Table 1,false,51298,"Table 1. CBO's Projections of Health Insurance Coverage, by Source / Employment-Based Coverage",fiscal_year,2030,2030,2030,12,10
Health Insurance,Employment-Based Coverage,2031,165.1,Millions of people,51298-2023-09-healthinsurance.xlsx,Table 1,false,51298,"Table 1. CBO's Projections of Health Insurance Coverage, by Source / Employment-Based Coverage",fiscal_year,2031,2031,2031,12,11
Health Insurance,Employment-Based Coverage,2032,165.6,Millions of people,51298-2023-09-healthinsurance.xlsx,Table 1,false,51298,"Table 1. CBO's Projections of Health Insurance Coverage, by Source / Employment-Based Coverage",fiscal_year,2032,2032,2032,12,12
Health Insurance,Employment-Based Coverage,2033,166.1,Millions of people,51298-2023-09-healthinsurance.xlsx,Table 1,false,51298,"Table 1. CBO's Projections of Health Insurance Coverage, by Source / Employment-Based Coverage",fiscal_year,2033,2033,2033,12,13
Health Insurance,People age 65 or older in Medicaid,2023,5.9,Millions of people,51298-2023-09-healthinsurance.xlsx,Table 1,false,51298,"Table 1. CBO's Projections of Health Insurance Coverage, by Source / Medicaid and CHIP / People age 65 or older in Medicaid",fiscal_year,2023,2023,2023,14,3
Health Insurance,People age 65 or older in Medicaid,2024,5.7,Millions of people,51298-2023-09-healthinsurance.xlsx,Table 1,false,51298,"Table 1. CBO's Projections of Health Insurance Coverage, by Source / Medicaid and CHIP / People age 65 or older in Medicaid",fiscal_year,2024,2024,2024,14,4
Health Insurance,People age 65 or older in Medicaid,2025,5.7,Millions of people,51298-2023-09-healthinsurance.xlsx,Table 1,false,51298,"Table 1. CBO's Projections of Health Insurance Coverage, by Source / Medicaid and CHIP / People age 65 or older in Medicaid",fiscal_year,2025,2025,2025,14,5
Health Insurance,People age 65 or older in Medicaid,2026,5.9,Millions of people,51298-2023-09-healthinsurance.xlsx,Table 1,false,51298,"Table 1. CBO's Projections of Health Insurance Coverage, by Source / Medicaid and CHIP / People age 65 or older in Medicaid",fiscal_year,2026,2026,2026,14,6
Health Insurance,People age 65 or older in Medicaid,2027,6.0,Millions of people,51298-2023-09-healthinsurance.xlsx,Table 1,false,51298,"Table 1. CBO's Projections of Health Insurance Coverage, by Source / Medicaid and CHIP / People age 65 or older in Medicaid",fiscal_year,2027,2027,2027,14,7
Health Insurance,People age 65 or older in Medicaid,2028,6.1,Millions of people,51298-2023-09-healthinsurance.xlsx,Table 1,false,51298,"Table 1. CBO's Projections of Health Insurance Coverage, by Source / Medicaid and CHIP / People age 65 or older in Medicaid",fiscal_year,2028,2028,2028,14,8
Health Insurance,People age 65 or older in Medicaid,2029,6.2,Millions of people,51298-2023-09-healthinsurance.xlsx,Table 1,false,51298,"Table 1. CBO's Projections of Health Insurance Coverage, by Source / Medicaid and CHIP / People age 65 or older in Medicaid",fiscal_year,2029,2029,2029,14,9
Health Insurance,People age 65 or older in Medicaid,2030,6.3,Millions of people,51298-2023-09-healthinsurance.xlsx,Table 1,false,51298,"Table 1. CBO's Projections of Health Insurance Coverage, by Source / Medicaid and CHIP / People age 65 or older in Medicaid",fiscal_year,2030,2030,2030,14,10
Health Insurance,People age 65 or older in Medicaid,2031,6.4,Millions of people,51298-2023-09-healthinsurance.xlsx,Table 1,false,51298,"Table 1. CBO's Projections of Health Insurance Coverage, by Source / Medicaid and CHIP / People age 65 or older in Medicaid",fiscal_year,2031,2031,2031,14,11
Health Insurance,People age 65 or older in Medicaid,2032,6.5,Millions of people,51298-2023-09-healthinsurance.xlsx,Table 1,false,51298,"Table 1. CBO's Projections of Health Insurance Coverage, by Source / Medicaid and CHIP / People age 65 or older in Medicaid",fiscal_year,2032,2032,2032,14,12
Health Insurance,People age 65 or older in Medicaid,2033,6.5,Millions of people,51298-2023-09-healthinsurance.xlsx,Table 1,false,51298,"Table 1. CBO's Projections of Health Insurance Coverage, by Source / Medicaid and CHIP / People age 65 or older in Medicaid",fiscal_year,2033,2033,2033,14,13
Health Insurance,Blind and disabled people in Medicaid,2023,7.9,Millions of people,51298-2023-09-healthinsurance.xlsx,Table 1,false,51298,"Table 1. CBO's Projections of Health Insurance Coverage, by Source / Medicaid and CHIP / Blind and disabled people in Medicaid",fiscal_year,2023,2023,2023,15,3
Health Insurance,Blind and disabled people in Medicaid,2024,7.7,Millions of people,51298-2023-09-healthinsurance.xlsx,Table 1,false,51298,"Table 1. CBO's Projections of Health Insurance Coverage, by Source / Medicaid and CHIP / Blind and disabled people in Medicaid",fiscal_year,2024,2024,2024,15,4
Health Insurance,Blind and disabled people in Medicaid,2025,7.6,Millions of people,51298-2023-09-healthinsurance.xlsx,Table 1,false,51298,"Table 1. CBO's Projections of Health Insurance Coverage, by Source / Medicaid and CHIP / Blind and disabled people in Medicaid",fiscal_year,2025,2025,2025,15,5
Health Insurance,Blind and disabled people in Medicaid,2026,7.7,Millions of people,51298-2023-09-healthinsurance.xlsx,Table 1,false,51298,"Table 1. CBO's Projections of Health Insurance Coverage, by Source / Medicaid and CHIP / Blind and disabled people in Medicaid",fiscal_year,2026,2026,2026,15,6
Health Insurance,Blind and disabled people in Medicaid,2027,7.8,Millions of people,51298-2023-09-healthinsurance.xlsx,Table 1,false,51298,"Table 1. CBO's Projections of Health Insurance Coverage, by Source / Medicaid and CHIP / Blind and disabled people in Medicaid",fiscal_year,2027,2027,2027,15,7
Health Insurance,Blind and disabled people in Medicaid,2028,7.9,Millions of people,51298-2023-09-healthinsurance.xlsx,Table 1,false,51298,"Table 1. CBO's Projections of Health Insurance Coverage, by Source / Medicaid and CHIP / Blind and disabled people in Medicaid",fiscal_year,2028,2028,2028,15,8
Health Insurance,Blind and disabled people in Medicaid,2029,7.9,Millions of people,51298-2023-09-healthinsurance.xlsx,Table 1,false,51298,"Table 1. CBO's Projections of Health Insurance Coverage, by Source / Medicaid and CHIP / Blind and disabled people in Medicaid",fiscal_year,2029,2029,2029,15,9
Health Insurance,Blind and disabled people in Medicaid,2030,7.9,Millions of people,51298-2023-09-healthinsurance.xlsx,Table 1,false,51298,"Table 1. CBO's Projections of Health Insurance Coverage, by Source / Medicaid and CHIP / Blind and disabled people in Medicaid",fiscal_year,2030,2030,2030,15,10
Health Insurance,Blind and disabled people in Medicaid,2031,8.0,Millions of people,51298-2023-09-healthinsurance.xlsx,Table 1,false,51298,"Table 1. CBO's Projections of Health Insurance Coverage, by Source / Medicaid and CHIP / Blind and disabled people in Medicaid",fiscal_year,2031,2031,2031,15,11
Health Insurance,Blind and disabled people in Medicaid,2032,8.0,Millions of people,51298-2023-09-healthinsurance.xlsx,Table 1,false,51298,"Table 1. CBO's Projections of Health Insurance Coverage, by Source / Medicaid and CHIP / Blind and disabled people in Medicaid",fiscal_year,2032,2032,2032,15,12
Health Insurance,Blind and disabled people in Medicaid,2033,8.1,Millions of people,51298-2023-09-healthinsurance.xlsx,Table 1,false,51298,"Table 1. CBO's Projections of Health Insurance Coverage, by Source / Medicaid and CHIP / Blind and disabled people in Medicaid",fiscal_year,2033,2033,2033,15,13
Health Insurance,Children in Medicaid,2023,35.3,Millions of people,51298-2023-09-healthinsurance.xlsx,Table 1,false,51298,"Table 1. CBO's Projections of Health Insurance Coverage, by Source / Medicaid and CHIP / Children in Medicaid",fiscal_year,2023,2023,2023,16,3
Health Insurance,Children in Medicaid,2024,32.3,Millions of people,51298-2023-09-healthinsurance.xlsx,Table 1,false,51298,"Table 1. CBO's Projections of Health Insurance Coverage, by Source / Medicaid and CHIP / Children in Medicaid",fiscal_year,2024,2024,2024,16,4
Health Insurance,Children in Medicaid,2025,31.1,Millions of people,51298-2023-09-healthinsurance.xlsx,Table 1,false,51298,"Table 1. CBO's Projections of Health Insurance Coverage, by Source / Medicaid and CHIP / Children in Medicaid",fiscal_year,2025,2025,2025,16,5
Health Insurance,Children in Medicaid,2026,30.9,Millions of people,51298-2023-09-healthinsurance.xlsx,Table 1,false,51298,"Table 1. CBO's Projections of Health Insurance Coverage, by Source / Medicaid and CHIP / Children in Medicaid",fiscal_year,2026,2026,2026,16,6
Health Insurance,Children in Medicaid,2027,30.6,Millions of people,51298-2023-09-healthinsurance.xlsx,Table 1,false,51298,"Table 1. CBO's Projections of Health Insurance Coverage, by Source / Medicaid and CHIP / Children in Medicaid",fiscal_year,2027,2027,2027,16,7
Health Insurance,Children in Medicaid,2028,30.4,Millions of people,51298-2023-09-healthinsurance.xlsx,Table 1,false,51298,"Table 1. CBO's Projections of Health Insurance Coverage, by Source / Medicaid and CHIP / Children in Medicaid",fiscal_year,2028,2028,2028,16,8
Health Insurance,Children in Medicaid,2029,30.4,Millions of people,51298-2023-09-healthinsurance.xlsx,Table 1,false,51298,"Table 1. CBO's Projections of Health Insurance Coverage, by Source / Medicaid and CHIP / Children in Medicaid",fiscal_year,2029,2029,2029,16,9
Health Insurance,Children in Medicaid,2030,30.3,Millions of people,51298-2023-09-healthinsurance.xlsx,Table 1,false,51298,"Table 1. CBO's Projections of Health Insurance Coverage, by Source / Medicaid and CHIP / Children in Medicaid",fiscal_year,2030,2030,2030,16,10
Health Insurance,Children in Medicaid,2031,30.4,Millions of people,51298-2023-09-healthinsurance.xlsx,Table 1,false,51298,"Table 1. CBO's Projections of Health Insurance Coverage, by Source / Medicaid and CHIP / Children in Medicaid",fiscal_year,2031,2031,2031,16,11
Health Insurance,Children in Medicaid,2032,31.0,Millions of people,51298-2023-09-healthinsurance.xlsx,Table 1,false,51298,"Table 1. CBO's Projections of Health Insurance Coverage, by Source / Medicaid and CHIP / Children in Medicaid",fiscal_year,2032,2032,2032,16,12
Health Insurance,Children in Medicaid,2033,31.9,Millions of people,51298-2023-09-healthinsurance.xlsx,Table 1,false,51298,"Table 1. CBO's Projections of Health Insurance Coverage, by Source / Medicaid and CHIP / Children in Medicaid",fiscal_year,2033,2033,2033,16,13
Health Insurance,Adults made eligible for Medicaid by the ACA,2023,17.4,Millions of people,51298-2023-09-healthinsurance.xlsx,Table 1,false,51298,"Table 1. CBO's Projections of Health Insurance Coverage, by Source / Medicaid and CHIP / Adults made eligible for Medicaid by the ACA",fiscal_year,2023,2023,2023,17,3
Health Insurance,Adults made eligible for Medicaid by the ACA,2024,14.6,Millions of people,51298-2023-09-healthinsurance.xlsx,Table 1,false,51298,"Table 1. CBO's Projections of Health Insurance Coverage, by Source / Medicaid and CHIP / Adults made eligible for Medicaid by the ACA",fiscal_year,2024,2024,2024,17,4
Health Insurance,Adults made eligible for Medicaid by the ACA,2025,13.8,Millions of people,51298-2023-09-healthinsurance.xlsx,Table 1,false,51298,"Table 1. CBO's Projections of Health Insurance Coverage, by Source / Medicaid and CHIP / Adults made eligible for Medicaid by the ACA",fiscal_year,2025,2025,2025,17,5
Health Insurance,Adults made eligible for Medicaid by the ACA,2026,13.9,Millions of people,51298-2023-09-healthinsurance.xlsx,Table 1,false,51298,"Table 1. CBO's Projections of Health Insurance Coverage, by Source / Medicaid and CHIP / Adults made eligible for Medicaid by the ACA",fiscal_year,2026,2026,2026,17,6
Health Insurance,Adults made eligible for Medicaid by the ACA,2027,14.1,Millions of people,51298-2023-09-healthinsurance.xlsx,Table 1,false,51298,"Table 1. CBO's Projections of Health Insurance Coverage, by Source / Medicaid and CHIP / Adults made eligible for Medicaid by the ACA",fiscal_year,2027,2027,2027,17,7
Health Insurance,Adults made eligible for Medicaid by the ACA,2028,14.2,Millions of people,51298-2023-09-healthinsurance.xlsx,Table 1,false,51298,"Table 1. CBO's Projections of Health Insurance Coverage, by Source / Medicaid and CHIP / Adults made eligible for Medicaid by the ACA",fiscal_year,2028,2028,2028,17,8
Health Insurance,Adults made eligible for Medicaid by the ACA,2029,14.4,Millions of people,51298-2023-09-healthinsurance.xlsx,Table 1,false,51298,"Table 1. CBO's Projections of Health Insurance Coverage, by Source / Medicaid and CHIP / Adults made eligible for Medicaid by the ACA",fiscal_year,2029,2029,2029,17,9
Health Insurance,Adults made eligible for Medicaid by the ACA,2030,14.5,Millions of people,51298-2023-09-healthinsurance.xlsx,Table 1,false,51298,"Table 1. CBO's Projections of Health Insurance Coverage, by Source / Medicaid and CHIP / Adults made eligible for Medicaid by the ACA",fiscal_year,2030,2030,2030,17,10
Health Insurance,Adults made eligible for Medicaid by the ACA,2031,14.7,Millions of people,51298-2023-09-healthinsurance.xlsx,Table 1,false,51298,"Table 1. CBO's Projections of Health Insurance Coverage, by Source / Medicaid and CHIP / Adults made eligible for Medicaid by the ACA",fiscal_year,2031,2031,2031,17,11
Health Insurance,Adults made eligible for Medicaid by the ACA,2032,14.9,Millions of people,51298-2023-09-healthinsurance.xlsx,Table 1,false,51298,"Table 1. CBO's Projections of Health Insurance Coverage, by Source / Medicaid and CHIP / Adults made eligible for Medicaid by the ACA",fiscal_year,2032,2032,2032,17,12
Health Insurance,Adults made eligible for Medicaid by the ACA,2033,15.2,Millions of people,51298-2023-09-healthinsurance.xlsx,Table 1,false,51298,"Table 1. CBO's Projections of Health Insurance Coverage, by Source / Medicaid and CHIP / Adults made eligible for Medicaid by the ACA",fiscal_year,2033,2033,2033,17,13
Health Insurance,Adults otherwise eligible for Medicaid,2023,17.0,Millions of people,51298-2023-09-healthinsurance.xlsx,Table 1,false,51298,"Table 1. CBO's Projections of Health Insurance Coverage, by Source / Medicaid and CHIP / Adults otherwise eligible for Medicaid",fiscal_year,2023,2023,2023,18,3
Health Insurance,Adults otherwise eligible for Medicaid,2024,14.0,Millions of people,51298-2023-09-healthinsurance.xlsx,Table 1,false,51298,"Table 1. CBO's Projections of Health Insurance Coverage, by Source / Medicaid and CHIP / Adults otherwise eligible for Medicaid",fiscal_year,2024,2024,2024,18,4
Health Insurance,Adults otherwise eligible for Medicaid,2025,13.0,Millions of people,51298-2023-09-healthinsurance.xlsx,Table 1,false,51298,"Table 1. CBO's Projections of Health Insurance Coverage, by Source / Medicaid and CHIP / Adults otherwise eligible for Medicaid",fiscal_year,2025,2025,2025,18,5
Health Insurance,Adults otherwise eligible for Medicaid,2026,13.1,Millions of people,51298-2023-09-healthinsurance.xlsx,Table 1,false,51298,"Table 1. CBO's Projections of Health Insurance Coverage, by Source / Medicaid and CHIP / Adults otherwise eligible for Medicaid",fiscal_year,2026,2026,2026,18,6
Health Insurance,Adults otherwise eligible for Medicaid,2027,13.1,Millions of people,51298-2023-09-healthinsurance.xlsx,Table 1,false,51298,"Table 1. CBO's Projections of Health Insurance Coverage, by Source / Medicaid and CHIP / Adults otherwise eligible for Medicaid",fiscal_year,2027,2027,2027,18,7
Health Insurance,Adults otherwise eligible for Medicaid,2028,13.1,Millions of people,51298-2023-09-healthinsurance.xlsx,Table 1,false,51298,"Table 1. CBO's Projections of Health Insurance Coverage, by Source / Medicaid and CHIP / Adults otherwise eligible for Medicaid",fiscal_year,2028,2028,2028,18,8
Health Insurance,Adults otherwise eligible for Medicaid,2029,13.1,Millions of people,51298-2023-09-healthinsurance.xlsx,Table 1,false,51298,"Table 1. CBO's Projections of Health Insurance Coverage, by Source / Medicaid and CHIP / Adults otherwise eligible for Medicaid",fiscal_year,2029,2029,2029,18,9
Health Insurance,Adults otherwise eligible for Medicaid,2030,13.2,Millions of people,51298-2023-09-healthinsurance.xlsx,Table 1,false,51298,"Table 1. CBO's Projections of Health Insurance Coverage, by Source / Medicaid and CHIP / Adults otherwise eligible for Medicaid",fiscal_year,2030,2030,2030,18,10
Health Insurance,Adults otherwise eligible for Medicaid,2031,13.2,Millions of people,51298-2023-09-healthinsurance.xlsx,Table 1,false,51298,"Table 1. CBO's Projections of Health Insurance Coverage, by Source / Medicaid and CHIP / Adults otherwise eligible for Medicaid",fiscal_year,2031,2031,2031,18,11
Health Insurance,Adults otherwise eligible for Medicaid,2032,13.3,Millions of people,51298-2023-09-healthinsurance.xlsx,Table 1,false,51298,"Table 1. CBO's Projections of Health Insurance Coverage, by Source / Medicaid and CHIP / Adults otherwise eligible for Medicaid",fiscal_year,2032,2032,2032,18,12
Health Insurance,Adults otherwise eligible for Medicaid,2033,13.3,Millions of people,51298-2023-09-healthinsurance.xlsx,Table 1,false,51298,"Table 1. CBO's Projections of Health Insurance Coverage, by Source / Medicaid and CHIP / Adults otherwise eligible for Medicaid",fiscal_year,2033,2033,2033,18,13
Health Insurance,CHIP,2023,7.0,Millions of people,51298-2023-09-healthinsurance.xlsx,Table 1,false,51298,"Table 1. CBO's Projections of Health Insurance Coverage, by Source / Medicaid and CHIP / CHIP",fiscal_year,2023,2023,2023,19,3
Health Insurance,CHIP,2024,7.0,Millions of people,51298-2023-09-healthinsurance.xlsx,Table 1,false,51298,"Table 1. CBO's Projections of Health Insurance Coverage, by Source / Medicaid and CHIP / CHIP",fiscal_year,2024,2024,2024,19,4
Health Insurance,CHIP,2025,7.0,Millions of people,51298-2023-09-healthinsurance.xlsx,Table 1,false,51298,"Table 1. CBO's Projections of Health Insurance Coverage, by Source / Medicaid and CHIP / CHIP",fiscal_year,2025,2025,2025,19,5
Health Insurance,CHIP,2026,6.9,Millions of people,51298-2023-09-healthinsurance.xlsx,Table 1,false,51298,"Table 1. CBO's Projections of Health Insurance Coverage, by Source / Medicaid and CHIP / CHIP",fiscal_year,2026,2026,2026,19,6
Health Insurance,CHIP,2027,6.9,Millions of people,51298-2023-09-healthinsurance.xlsx,Table 1,false,51298,"Table 1. CBO's Projections of Health Insurance Coverage, by Source / Medicaid and CHIP / CHIP",fiscal_year,2027,2027,2027,19,7
Health Insurance,CHIP,2028,6.9,Millions of people,51298-2023-09-healthinsurance.xlsx,Table 1,false,51298,"Table 1. CBO's Projections of Health Insurance Coverage, by Source / Medicaid and CHIP / CHIP",fiscal_year,2028,2028,2028,19,8
Health Insurance,CHIP,2029,6.9,Millions of people,51298-2023-09-healthinsurance.xlsx,Table 1,false,51298,"Table 1. CBO's Projections of Health Insurance Coverage, by Source / Medicaid and CHIP / CHIP",fiscal_year,2029,2029,2029,19,9
Health Insurance,CHIP,2030,6.9,Millions of people,51298-2023-09-healthinsurance.xlsx,Table 1,false,51298,"Table 1. CBO's Projections of Health Insurance Coverage, by Source / Medicaid and CHIP / CHIP",fiscal_year,2030,2030,2030,19,10
Health Insurance,CHIP,2031,6.7,Millions of people,51298-2023-09-healthinsurance.xlsx,Table 1,false,51298,"Table 1. CBO's Projections of Health Insurance Coverage, by Source / Medicaid and CHIP / CHIP",fiscal_year,2031,2031,2031,19,11
Health Insurance,CHIP,2032,5.7,Millions of people,51298-2023-09-healthinsurance.xlsx,Table 1,false,51298,"Table 1. CBO's Projections of Health Insurance Coverage, by Source / Medicaid and CHIP / CHIP",fiscal_year,2032,2032,2032,19,12
Health Insurance,CHIP,2033,4.5,Millions of people,51298-2023-09-healthinsurance.xlsx,Table 1,false,51298,"Table 1. CBO's Projections of Health Insurance Coverage, by Source / Medicaid and CHIP / CHIP",fiscal_year,2033,2033,2033,19,13
Health Insurance,Subtotal,2023,90.4,Millions of people,51298-2023-09-healthinsurance.xlsx,Table 1,true,51298,"Table 1. CBO's Projections of Health Insurance Coverage, by Source / Medicaid and CHIP / Subtotal",fiscal_year,2023,2023,2023,20,3
Health Insurance,Subtotal,2024,81.3,Millions of people,51298-2023-09-healthinsurance.xlsx,Table 1,true,51298,"Table 1. CBO's Projections of Health Insurance Coverage, by Source / Medicaid and CHIP / Subtotal",fiscal_year,2024,2024,2024,20,4
Health Insurance,Subtotal,2025,78.3,Millions of people,51298-2023-09-healthinsurance.xlsx,Table 1,true,51298,"Table 1. CBO's Projections of Health Insurance Coverage, by Source / Medicaid and CHIP / Subtotal",fiscal_year,2025,2025,2025,20,5
Health Insurance,Subtotal,2026,78.4,Millions of people,51298-2023-09-healthinsurance.xlsx,Table 1,true,51298,"Table 1. CBO's Projections of Health Insurance Coverage, by Source / Medicaid and CHIP / Subtotal",fiscal_year,2026,2026,2026,20,6
Health Insurance,Subtotal,2027,78.6,Millions of people,51298-2023-09-healthinsurance.xlsx,Table 1,true,51298,"Table 1. CBO's Projections of Health Insurance Coverage, by Source / Medicaid and CHIP / Subtotal",fiscal_year,2027,2027,2027,20,7
Health Insurance,Subtotal,2028,78.7,Millions of people,51298-2023-09-healthinsurance.xlsx,Table 1,true,51298,"Table 1. CBO's Projections of Health Insurance Coverage, by Source / Medicaid and CHIP / Subtotal",fiscal_year,2028,2028,2028,20,8
Health Insurance,Subtotal,2029,78.9,Millions of people,51298-2023-09-healthinsurance.xlsx,Table 1,true,51298,"Table 1. CBO's Projections of Health Insurance Coverage, by Source / Medicaid and CHIP / Subtotal",fiscal_year,2029,2029,2029,20,9
Health Insurance,Subtotal,2030,79.2,Millions of people,51298-2023-09-healthinsurance.xlsx,Table 1,true,51298,"Table 1. CBO's Projections of Health Insurance Coverage, by Source / Medicaid and CHIP / Subtotal",fiscal_year,2030,2030,2030,20,10
Health Insurance,Subtotal,2031,79.4,Millions of people,51298-2023-09-healthinsurance.xlsx,Table 1,true,51298,"Table 1. CBO's Projections of Health Insurance Coverage, by Source / Medicaid and CHIP / Subtotal",fiscal_year,2031,2031,2031,20,11
Health Insurance,Subtotal,2032,79.3,Millions of people,51298-2023-09-healthinsurance.xlsx,Table 1,true,51298,"Table 1. CBO's Projections of Health Insurance Coverage, by Source / Medicaid and CHIP / Subtotal",fiscal_year,2032,2032,2032,20,12
Health Insurance,Subtotal,2033,79.5,Millions of people,51298-2023-09-healthinsurance.xlsx,Table 1,true,51298,"Table 1. CBO's Projections of Health Insurance Coverage, by Source / Medicaid and CHIP / Subtotal",fiscal_year,2033,2033,2033,20,13
Health Insurance,Medicare,2023,60.1,Millions of people,51298-2023-09-healthinsurance.xlsx,Table 1,false,51298,"Table 1. CBO's Projections of Health Insurance Coverage, by Source / Medicaid and CHIP / Medicare",fiscal_year,2023,2023,2023,21,3
Health Insurance,Medicare,2024,61.4,Millions of people,51298-2023-09-healthinsurance.xlsx,Table 1,false,51298,"Table 1. CBO's Projections of Health Insurance Coverage, by Source / Medicaid and CHIP / Medicare",fiscal_year,2024,2024,2024,21,4
Health Insurance,Medicare,2025,62.7,Millions of people,51298-2023-09-healthinsurance.xlsx,Table 1,false,51298,"Table 1. CBO's Projections of Health Insurance Coverage, by Source / Medicaid and CHIP / Medicare",fiscal_year,2025,2025,2025,21,5
Health Insurance,Medicare,2026,64.1,Millions of people,51298-2023-09-healthinsurance.xlsx,Table 1,false,51298,"Table 1. CBO's Projections of Health Insurance Coverage, by Source / Medicaid and CHIP / Medicare",fiscal_year,2026,2026,2026,21,6
Health Insurance,Medicare,2027,65.6,Millions of people,51298-2023-09-healthinsurance.xlsx,Table 1,false,51298,"Table 1. CBO's Projections of Health Insurance Coverage, by Source / Medicaid and CHIP / Medicare",fiscal_year,2027,2027,2027,21,7
Health Insurance,Medicare,2028,67.0,Millions of people,51298-2023-09-healthinsurance.xlsx,Table 1,false,51298,"Table 1. CBO's Projections of Health Insurance Coverage, by Source / Medicaid and CHIP / Medicare",fiscal_year,2028,2028,2028,21,8
Health Insurance,Medicare,2029,68.3,Millions of people,51298-2023-09-healthinsurance.xlsx,Table 1,false,51298,"Table 1. CBO's Projections of Health Insurance Coverage, by Source / Medicaid and CHIP / Medicare",fiscal_year,2029,2029,2029,21,9
Health Insurance,Medicare,2030,69.4,Millions of people,51298-2023-09-healthinsurance.xlsx,Table 1,false,51298,"Table 1. CBO's Projections of Health Insurance Coverage, by Source / Medicaid and CHIP / Medicare",fiscal_year,2030,2030,2030,21,10
Health Insurance,Medicare,2031,70.5,Millions of people,51298-2023-09-healthinsurance.xlsx,Table 1,false,51298,"Table 1. CBO's Projections of Health Insurance Coverage, by Source / Medicaid and CHIP / Medicare",fiscal_year,2031,2031,2031,21,11
Health Insurance,Medicare,2032,71.4,Millions of people,51298-2023-09-healthinsurance.xlsx,Table 1,false,51298,"Table 1. CBO's Projections of Health Insurance Coverage, by Source / Medicaid and CHIP / Medicare",fiscal_year,2032,2032,2032,21,12
Health Insurance,Medicare,2033,72.3,Millions of people,51298-2023-09-healthinsurance.xlsx,Table 1,false,51298,"Table 1. CBO's Projections of Health Insurance Coverage, by Source / Medicaid and CHIP / Medicare",fiscal_year,2033,2033,2033,21,13
Health Insurance,Subsidized,2023,14.2,Millions of people,51298-2023-09-healthinsurance.xlsx,Table 1,false,51298,"Table 1. CBO's Projections of Health Insurance Coverage, by Source / Purchased through marketplaces / Subsidized",fiscal_year,2023,2023,2023,24,3
Health Insurance,Subsidized,2024,16.3,Millions of people,51298-2023-09-healthinsurance.xlsx,Table 1,false,51298,"Table 1. CBO's Projections of Health Insurance Coverage, by Source / Purchased through marketplaces / Subsidized",fiscal_year,2024,2024,2024,24,4
Health Insurance,Subsidized,2025,16.9,Millions of people,51298-2023-09-healthinsurance.xlsx,Table 1,false,51298,"Table 1. CBO's Projections of Health Insurance Coverage, by Source / Purchased through marketplaces / Subsidized",fiscal_year,2025,2025,2025,24,5
Health Insurance,Subsidized,2026,12.6,Millions of people,51298-2023-09-healthinsurance.xlsx,Table 1,false,51298,"Table 1. CBO's Projections of Health Insurance Coverage, by Source / Purchased through marketplaces / Subsidized",fiscal_year,2026,2026,2026,24,6
Health Insurance,Subsidized,2027,11.4,Millions of people,51298-2023-09-healthinsurance.xlsx,Table 1,false,51298,"Table 1. CBO's Projections of Health Insurance Coverage, by Source / Purchased through marketplaces / Subsidized",fiscal_year,2027,2027,2027,24,7
Health Insurance,Subsidized,2028,11.4,Millions of people,51298-2023-09-healthinsurance.xlsx,Table 1,false,51298,"Table 1. CBO's Projections of Health Insurance Coverage, by Source / Purchased through marketplaces / Subsidized",fiscal_year,2028,2028,2028,24,8
Health Insurance,Subsidized,2029,11.3,Millions of people,51298-2023-09-healthinsurance.xlsx,Table 1,false,51298,"Table 1. CBO's Projections of Health Insurance Coverage, by Source / Purchased through marketplaces / Subsidized",fiscal_year,2029,2029,2029,24,9
Health Insurance,Subsidized,2030,11.2,Millions of people,51298-2023-09-healthinsurance.xlsx,Table 1,false,51298,"Table 1. CBO's Projections of Health Insurance Coverage, by Source / Purchased through marketplaces / Subsidized",fiscal_year,2030,2030,2030,24,10
Health Insurance,Subsidized,2031,11.2,Millions of people,51298-2023-09-healthinsurance.xlsx,Table 1,false,51298,"Table 1. CBO's Projections of Health Insurance Coverage, by Source / Purchased through marketplaces / Subsidized",fiscal_year,2031,2031,2031,24,11
Health Insurance,Subsidized,2032,11.4,Millions of people,51298-2023-09-healthinsurance.xlsx,Table 1,false,51298,"Table 1. CBO's Projections of Health Insurance Coverage, by Source / Purchased through marketplaces / Subsidized",fiscal_year,2032,2032,2032,24,12
Health Insurance,Subsidized,2033,11.6,Millions of people,51298-2023-09-healthinsurance.xlsx,Table 1,false,51298,"Table 1. CBO's Projections of Health Insurance Coverage, by Source / Purchased through marketplaces / Subsidized",fiscal_year,2033,2033,2033,24,13
Health Insurance,Unsubsidized,2023,1.1,Millions of people,51298-2023-09-healthinsurance.xlsx,Table 1,false,51298,"Table 1. CBO's Projections of Health Insurance Coverage, by Source / Purchased through marketplaces / Unsubsidized",fiscal_year,2023,2023,2023,25,3
Health Insurance,Unsubsidized,2024,1.1,Millions of people,51298-2023-09-healthinsurance.xlsx,Table 1,false,51298,"Table 1. CBO's Projections of Health Insurance Coverage, by Source / Purchased through marketplaces / Unsubsidized",fiscal_year,2024,2024,2024,25,4
Health Insurance,Unsubsidized,2025,1.1,Millions of people,51298-2023-09-healthinsurance.xlsx,Table 1,false,51298,"Table 1. CBO's Projections of Health Insurance Coverage, by Source / Purchased through marketplaces / Unsubsidized",fiscal_year,2025,2025,2025,25,5
Health Insurance,Unsubsidized,2026,2.2,Millions of people,51298-2023-09-healthinsurance.xlsx,Table 1,false,51298,"Table 1. CBO's Projections of Health Insurance Coverage, by Source / Purchased through marketplaces / Unsubsidized",fiscal_year,2026,2026,2026,25,6
Health Insurance,Unsubsidized,2027,1.5,Millions of people,51298-2023-09-healthinsurance.xlsx,Table 1,false,51298,"Table 1. CBO's Projections of Health Insurance Coverage, by Source / Purchased through marketplaces / Unsubsidized",fiscal_year,2027,2027,2027,25,7
Health Insurance,Unsubsidized,2028,1.5,Millions of people,51298-2023-09-healthinsurance.xlsx,Table 1,false,51298,"Table 1. CBO's Projections of Health Insurance Coverage, by Source / Purchased through marketplaces / Unsubsidized",fiscal_year,2028,2028,2028,25,8
Health Insurance,Unsubsidized,2029,1.5,Millions of people,51298-2023-09-healthinsurance.xlsx,Table 1,false,51298,"Table 1. CBO's Projections of Health Insurance Coverage, by Source / Purchased through marketplaces / Unsubsidized",fiscal_year,2029,2029,2029,25,9
Health Insurance,Unsubsidized,2030,1.5,Millions of people,51298-2023-09-healthinsurance.xlsx,Table 1,false,51298,"Table 1. CBO's Projections of Health Insurance Coverage, by Source / Purchased through marketplaces / Unsubsidized",fiscal_year,2030,2030,2030,25,10
Health Insurance,Unsubsidized,2031,1.5,Millions of people,51298-2023-09-healthinsurance.xlsx,Table 1,false,51298,"Table 1. CBO's Projections of Health Insurance Coverage, by Source / Purchased through marketplaces / Unsubsidized",fiscal_year,2031,2031,2031,25,11
Health Insurance,Unsubsidized,2032,1.5,Millions of people,51298-2023-09-healthinsurance.xlsx,Table 1,false,51298,"Table 1. CBO's Projections of Health Insurance Coverage, by Source / Purchased through marketplaces / Unsubsidized",fiscal_year,2032,2032,2032,25,12
Health Insurance,Unsubsidized,2033,1.6,Millions of people,51298-2023-09-healthinsurance.xlsx,Table 1,false,51298,"Table 1. CBO's Projections of Health Insurance Coverage, by Source / Purchased through marketplaces / Unsubsidized",fiscal_year,2033,2033,2033,25,13
Health Insurance,"Subtotal, purchased through marketplaces",2023,15.2,Millions of people,51298-2023-09-healthinsurance.xlsx,Table 1,true,51298,"Table 1. CBO's Projections of Health Insurance Coverage, by Source / Purchased through marketplaces / Subtotal, purchased through marketplaces",fiscal_year,2023,2023,2023,26,3
Health Insurance,"Subtotal, purchased through marketplaces",2024,17.4,Millions of people,51298-2023-09-healthinsurance.xlsx,Table 1,true,51298,"Table 1. CBO's Projections of Health Insurance Coverage, by Source / Purchased through marketplaces / Subtotal, purchased through marketplaces",fiscal_year,2024,2024,2024,26,4
Health Insurance,"Subtotal, purchased through marketplaces",2025,18.0,Millions of people,51298-2023-09-healthinsurance.xlsx,Table 1,true,51298,"Table 1. CBO's Projections of Health Insurance Coverage, by Source / Purchased through marketplaces / Subtotal, purchased through marketplaces",fiscal_year,2025,2025,2025,26,5
Health Insurance,"Subtotal, purchased through marketplaces",2026,14.8,Millions of people,51298-2023-09-healthinsurance.xlsx,Table 1,true,51298,"Table 1. CBO's Projections of Health Insurance Coverage, by Source / Purchased through marketplaces / Subtotal, purchased through marketplaces",fiscal_year,2026,2026,2026,26,6
Health Insurance,"Subtotal, purchased through marketplaces",2027,12.9,Millions of people,51298-2023-09-healthinsurance.xlsx,Table 1,true,51298,"Table 1. CBO's Projections of Health Insurance Coverage, by Source / Purchased through marketplaces / Subtotal, purchased through marketplaces",fiscal_year,2027,2027,2027,26,7
Health Insurance,"Subtotal, purchased through marketplaces",2028,12.9,Millions of people,51298-2023-09-healthinsurance.xlsx,Table 1,true,51298,"Table 1. CBO's Projections of Health Insurance Coverage, by Source / Purchased through marketplaces / Subtotal, purchased through marketplaces",fiscal_year,2028,2028,2028,26,8
Health Insurance,"Subtotal, purchased through marketplaces",2029,12.9,Millions of people,51298-2023-09-healthinsurance.xlsx,Table 1,true,51298,"Table 1. CBO's Projections of Health Insurance Coverage, by Source / Purchased through marketplaces / Subtotal, purchased through marketplaces",fiscal_year,2029,2029,2029,26,9
Health Insurance,"Subtotal, purchased through marketplaces",2030,12.7,Millions of people,51298-2023-09-healthinsurance.xlsx,Table 1,true,51298,"Table 1. CBO's Projections of Health Insurance Coverage, by Source / Purchased through marketplaces / Subtotal, purchased through marketplaces",fiscal_year,2030,2030,2030,26,10
Health Insurance,"Subtotal, purchased through marketplaces",2031,12.7,Millions of people,51298-2023-09-healthinsurance.xlsx,Table 1,true,51298,"Table 1. CBO's Projections of Health Insurance Coverage, by Source / Purchased through marketplaces / Subtotal, purchased through marketplaces",fiscal_year,2031,2031,2031,26,11
Health Insurance,"Subtotal, purchased through marketplaces",2032,12.9,Millions of people,51298-2023-09-healthinsurance.xlsx,Table 1,true,51298,"Table 1. CBO's Projections of Health Insurance Coverage, by Source / Purchased through marketplaces / Subtotal, purchased through marketplaces",fiscal_year,2032,2032,2032,26,12
Health Insurance,"Subtotal, purchased through marketplaces",2033,13.2,Millions of people,51298-2023-09-healthinsurance.xlsx,Table 1,true,51298,"Table 1. CBO's Projections of Health Insurance Coverage, by Source / Purchased through marketplaces / Subtotal, purchased through marketplaces",fiscal_year,2033,2033,2033,26,13
Health Insurance,Purchased outside marketplaces,2023,3.6,Millions of people,51298-2023-09-healthinsurance.xlsx,Table 1,false,51298,"Table 1. CBO's Projections of Health Insurance Coverage, by Source / Purchased through marketplaces / Purchased outside marketplaces",fiscal_year,2023,2023,2023,27,3
Health Insurance,Purchased outside marketplaces,2024,3.8,Millions of people,51298-2023-09-healthinsurance.xlsx,Table 1,false,51298,"Table 1. CBO's Projections of Health Insurance Coverage, by Source / Purchased through marketplaces / Purchased outside marketplaces",fiscal_year,2024,2024,2024,27,4
Health Insurance,Purchased outside marketplaces,2025,4.5,Millions of people,51298-2023-09-healthinsurance.xlsx,Table 1,false,51298,"Table 1. CBO's Projections of Health Insurance Coverage, by Source / Purchased through marketplaces / Purchased outside marketplaces",fiscal_year,2025,2025,2025,27,5
Health Insurance,Purchased outside marketplaces,2026,5.3,Millions of people,51298-2023-09-healthinsurance.xlsx,Table 1,false,51298,"Table 1. CBO's Projections of Health Insurance Coverage, by Source / Purchased through marketplaces / Purchased outside marketplaces",fiscal_year,2026,2026,2026,27,6
Health Insurance,Purchased outside marketplaces,2027,5.2,Millions of people,51298-2023-09-healthinsurance.xlsx,Table 1,false,51298,"Table 1. CBO's Projections of Health Insurance Coverage, by Source / Purchased through marketplaces / Purchased outside marketplaces",fiscal_year,2027,2027,2027,27,7
Health Insurance,Purchased outside marketplaces,2028,5.2,Millions of people,51298-2023-09-healthinsurance.xlsx,Table 1,false,51298,"Table 1. CBO's Projections of Health Insurance Coverage, by Source / Purchased through marketplaces / Purchased outside marketplaces",fiscal_year,2028,2028,2028,27,8
Health Insurance,Purchased outside marketplaces,2029,5.2,Millions of people,51298-2023-09-healthinsurance.xlsx,Table 1,false,51298,"Table 1. CBO's Projections of Health Insurance Coverage, by Source / Purchased through marketplaces / Purchased outside marketplaces",fiscal_year,2029,2029,2029,27,9
Health Insurance,Purchased outside marketplaces,2030,5.2,Millions of people,51298-2023-09-healthinsurance.xlsx,Table 1,false,51298,"Table 1. CBO's Projections of Health Insurance Coverage, by Source / Purchased through marketplaces / Purchased outside marketplaces",fiscal_year,2030,2030,2030,27,10
Health Insurance,Purchased outside marketplaces,2031,5.3,Millions of people,51298-2023-09-healthinsurance.xlsx,Table 1,false,51298,"Table 1. CBO's Projections of Health Insurance Coverage, by Source / Purchased through marketplaces / Purchased outside marketplaces",fiscal_year,2031,2031,2031,27,11
Health Insurance,Purchased outside marketplaces,2032,5.3,Millions of people,51298-2023-09-healthinsurance.xlsx,Table 1,false,51298,"Table 1. CBO's Projections of Health Insurance Coverage, by Source / Purchased through marketplaces / Purchased outside marketplaces",fiscal_year,2032,2032,2032,27,12
Health Insurance,Purchased outside marketplaces,2033,5.4,Millions of people,51298-2023-09-healthinsurance.xlsx,Table 1,false,51298,"Table 1. CBO's Projections of Health Insurance Coverage, by Source / Purchased through marketplaces / Purchased outside marketplaces",fiscal_year,2033,2033,2033,27,13
Health Insurance,"Subtotal, nongroup coverage",2023,18.9,Millions of people,51298-2023-09-healthinsurance.xlsx,Table 1,true,51298,"Table 1. CBO's Projections of Health Insurance Coverage, by Source / Purchased through marketplaces / Subtotal, nongroup coverage",fiscal_year,2023,2023,2023,28,3
Health Insurance,"Subtotal, nongroup coverage",2024,21.3,Millions of people,51298-2023-09-healthinsurance.xlsx,Table 1,true,51298,"Table 1. CBO's Projections of Health Insurance Coverage, by Source / Purchased through marketplaces / Subtotal, nongroup coverage",fiscal_year,2024,2024,2024,28,4
Health Insurance,"Subtotal, nongroup coverage",2025,22.4,Millions of people,51298-2023-09-healthinsurance.xlsx,Table 1,true,51298,"Table 1. CBO's Projections of Health Insurance Coverage, by Source / Purchased through marketplaces / Subtotal, nongroup coverage",fiscal_year,2025,2025,2025,28,5
Health Insurance,"Subtotal, nongroup coverage",2026,20.1,Millions of people,51298-2023-09-healthinsurance.xlsx,Table 1,true,51298,"Table 1. CBO's Projections of Health Insurance Coverage, by Source / Purchased through marketplaces / Subtotal, nongroup coverage",fiscal_year,2026,2026,2026,28,6
Health Insurance,"Subtotal, nongroup coverage",2027,18.2,Millions of people,51298-2023-09-healthinsurance.xlsx,Table 1,true,51298,"Table 1. CBO's Projections of Health Insurance Coverage, by Source / Purchased through marketplaces / Subtotal, nongroup coverage",fiscal_year,2027,2027,2027,28,7
Health Insurance,"Subtotal, nongroup coverage",2028,18.2,Millions of people,51298-2023-09-healthinsurance.xlsx,Table 1,true,51298,"Table 1. CBO's Projections of Health Insurance Coverage, by Source / Purchased through marketplaces / Subtotal, nongroup coverage",fiscal_year,2028,2028,2028,28,8
Health Insurance,"Subtotal, nongroup coverage",2029,18.1,Millions of people,51298-2023-09-healthinsurance.xlsx,Table 1,true,51298,"Table 1. CBO's Projections of Health Insurance Coverage, by Source / Purchased through marketplaces / Subtotal, nongroup coverage",fiscal_year,2029,2029,2029,28,9
Health Insurance,"Subtotal, nongroup coverage",2030,17.9,Millions of people,51298-2023-09-healthinsurance.xlsx,Table 1,true,51298,"Table 1. CBO's Projections of Health Insurance Coverage, by Source / Purchased through marketplaces / Subtotal, nongroup coverage",fiscal_year,2030,2030,2030,28,10
Health Insurance,"Subtotal, nongroup coverage",2031,18.0,Millions of people,51298-2023-09-healthinsurance.xlsx,Table 1,true,51298,"Table 1. CBO's Projections of Health Insurance Coverage, by Source / Purchased through marketplaces / Subtotal, nongroup coverage",fiscal_year,2031,2031,2031,28,11
Health Insurance,"Subtotal, nongroup coverage",2032,18.2,Millions of people,51298-2023-09-healthinsurance.xlsx,Table 1,true,51298,"Table 1. CBO's Projections of Health Insurance Coverage, by Source / Purchased through marketplaces / Subtotal, nongroup coverage",fiscal_year,2032,2032,2032,28,12
Health Insurance,"Subtotal, nongroup coverage",2033,18.6,Millions of people,51298-2023-09-healthinsurance.xlsx,Table 1,true,51298,"Table 1. CBO's Projections of Health Insurance Coverage, by Source / Purchased through marketplaces / Subtotal, nongroup coverage",fiscal_year,2033,2033,2033,28,13
Health Insurance,Basic Health Program,2023,1.2,Millions of people,51298-2023-09-healthinsurance.xlsx,Table 1,false,51298,"Table 1. CBO's Projections of Health Insurance Coverage, by Source / Purchased through marketplaces / Basic Health Program",fiscal_year,2023,2023,2023,29,3
Health Insurance,Basic Health Program,2024,1.1,Millions of people,51298-2023-09-healthinsurance.xlsx,Table 1,false,51298,"Table 1. CBO's Projections of Health Insurance Coverage, by Source / Purchased through marketplaces / Basic Health Program",fiscal_year,2024,2024,2024,29,4
Health Insurance,Basic Health Program,2025,1.0,Millions of people,51298-2023-09-healthinsurance.xlsx,Table 1,false,51298,"Table 1. CBO's Projections of Health Insurance Coverage, by Source / Purchased through marketplaces / Basic Health Program",fiscal_year,2025,2025,2025,29,5
Health Insurance,Basic Health Program,2026,1.0,Millions of people,51298-2023-09-healthinsurance.xlsx,Table 1,false,51298,"Table 1. CBO's Projections of Health Insurance Coverage, by Source / Purchased through marketplaces / Basic Health Program",fiscal_year,2026,2026,2026,29,6
Health Insurance,Basic Health Program,2027,1.0,Millions of people,51298-2023-09-healthinsurance.xlsx,Table 1,false,51298,"Table 1. CBO's Projections of Health Insurance Coverage, by Source / Purchased through marketplaces / Basic Health Program",fiscal_year,2027,2027,2027,29,7
Health Insurance,Basic Health Program,2028,1.0,Millions of people,51298-2023-09-healthinsurance.xlsx,Table 1,false,51298,"Table 1. CBO's Projections of Health Insurance Coverage, by Source / Purchased through marketplaces / Basic Health Program",fiscal_year,2028,2028,2028,29,8
Health Insurance,Basic Health Program,2029,1.0,Millions of people,51298-2023-09-healthinsurance.xlsx,Table 1,false,51298,"Table 1. CBO's Projections of Health Insurance Coverage, by Source / Purchased through marketplaces / Basic Health Program",fiscal_year,2029,2029,2029,29,9
Health Insurance,Basic Health Program,2030,1.0,Millions of people,51298-2023-09-healthinsurance.xlsx,Table 1,false,51298,"Table 1. CBO's Projections of Health Insurance Coverage, by Source / Purchased through marketplaces / Basic Health Program",fiscal_year,2030,2030,2030,29,10
Health Insurance,Basic Health Program,2031,1.0,Millions of people,51298-2023-09-healthinsurance.xlsx,Table 1,false,51298,"Table 1. CBO's Projections of Health Insurance Coverage, by Source / Purchased through marketplaces / Basic Health Program",fiscal_year,2031,2031,2031,29,11
Health Insurance,Basic Health Program,2032,1.0,Millions of people,51298-2023-09-healthinsurance.xlsx,Table 1,false,51298,"Table 1. CBO's Projections of Health Insurance Coverage, by Source / Purchased through marketplaces / Basic Health Program",fiscal_year,2032,2032,2032,29,12
Health Insurance,Basic Health Program,2033,1.0,Millions of people,51298-2023-09-healthinsurance.xlsx,Table 1,false,51298,"Table 1. CBO's Projections of Health Insurance Coverage, by Source / Purchased through marketplaces / Basic Health Program",fiscal_year,2033,2033,2033,29,13
Health Insurance,Other Coverage,2023,6.3,Millions of people,51298-2023-09-healthinsurance.xlsx,Table 1,false,51298,"Table 1. CBO's Projections of Health Insurance Coverage, by Source / Purchased through marketplaces / Other Coverage",fiscal_year,2023,2023,2023,30,3
Health Insurance,Other Coverage,2024,6.5,Millions of people,51298-2023-09-healthinsurance.xlsx,Table 1,false,51298,"Table 1. CBO's Projections of Health Insurance Coverage, by Source / Purchased through marketplaces / Other Coverage",fiscal_year,2024,2024,2024,30,4
Health Insurance,Other Coverage,2025,6.5,Millions of people,51298-2023-09-healthinsurance.xlsx,Table 1,false,51298,"Table 1. CBO's Projections of Health Insurance Coverage, by Source / Purchased through marketplaces / Other Coverage",fiscal_year,2025,2025,2025,30,5
Health Insurance,Other Coverage,2026,6.6,Millions of people,51298-2023-09-healthinsurance.xlsx,Table 1,false,51298,"Table 1. CBO's Projections of Health Insurance Coverage, by Source / Purchased through marketplaces / Other Coverage",fiscal_year,2026,2026,2026,30,6
Health Insurance,Other Coverage,2027,6.6,Millions of people,51298-2023-09-healthinsurance.xlsx,Table 1,false,51298,"Table 1. CBO's Projections of Health Insurance Coverage, by Source / Purchased through marketplaces / Other Coverage",fiscal_year,2027,2027,2027,30,7
Health Insurance,Other Coverage,2028,6.7,Millions of people,51298-2023-09-healthinsurance.xlsx,Table 1,false,51298,"Table 1. CBO's Projections of Health Insurance Coverage, by Source / Purchased through marketplaces / Other Coverage",fiscal_year,2028,2028,2028,30,8
Health Insurance,Other Coverage,2029,6.7,Millions of people,51298-2023-09-healthinsurance.xlsx,Table 1,false,51298,"Table 1. CBO's Projections of Health Insurance Coverage, by Source / Purchased through marketplaces / Other Coverage",fiscal_year,2029,2029,2029,30,9
Health Insurance,Other Coverage,2030,6.7,Millions of people,51298-2023-09-healthinsurance.xlsx,Table 1,false,51298,"Table 1. CBO's Projections of Health Insurance Coverage, by Source / Purchased through marketplaces / Other Coverage",fiscal_year,2030,2030,2030,30,10
Health Insurance,Other Coverage,2031,6.7,Millions of people,51298-2023-09-healthinsurance.xlsx,Table 1,false,51298,"Table 1. CBO's Projections of Health Insurance Coverage, by Source / Purchased through marketplaces / Other Coverage",fiscal_year,2031,2031,2031,30,11
Health Insurance,Other Coverage,2032,6.7,Millions of people,51298-2023-09-healthinsurance.xlsx,Table 1,false,51298,"Table 1. CBO's Projections of Health Insurance Coverage, by Source / Purchased through marketplaces / Other Coverage",fiscal_year,2032,2032,2032,30,12
Health Insurance,Other Coverage,2033,6.8,Millions of people,51298-2023-09-healthinsurance.xlsx,Table 1,false,51298,"Table 1. CBO's Projections of Health Insurance Coverage, by Source / Purchased through marketplaces / Other Coverage",fiscal_year,2033,2033,2033,30,13
Health Insurance,People With Multiple Sources of Coverage,2023,26.5,Millions of people,51298-2023-09-healthinsurance.xlsx,Table 1,false,51298,"Table 1. CBO's Projections of Health Insurance Coverage, by Source / Memorandum: / People With Multiple Sources of Coverage",fiscal_year,2023,2023,2023,32,3
Health Insurance,People With Multiple Sources of Coverage,2024,21.9,Millions of people,51298-2023-09-healthinsurance.xlsx,Table 1,false,51298,"Table 1. CBO's Projections of Health Insurance Coverage, by Source / Memorandum: / People With Multiple Sources of Coverage",fiscal_year,2024,2024,2024,32,4
Health Insurance,People With Multiple Sources of Coverage,2025,20.9,Millions of people,51298-2023-09-healthinsurance.xlsx,Table 1,false,51298,"Table 1. CBO's Projections of Health Insurance Coverage, by Source / Memorandum: / People With Multiple Sources of Coverage",fiscal_year,2025,2025,2025,32,5
Health Insurance,People With Multiple Sources of Coverage,2026,21.2,Millions of people,51298-2023-09-healthinsurance.xlsx,Table 1,false,51298,"Table 1. CBO's Projections of Health Insurance Coverage, by Source / Memorandum: / People With Multiple Sources of Coverage",fiscal_year,2026,2026,2026,32,6
Health Insurance,People With Multiple Sources of Coverage,2027,21.4,Millions of people,51298-2023-09-healthinsurance.xlsx,Table 1,false,51298,"Table 1. CBO's Projections of Health Insurance Coverage, by Source / Memorandum: / People With Multiple Sources of Coverage",fiscal_year,2027,2027,2027,32,7
Health Insurance,People With Multiple Sources of Coverage,2028,21.5,Millions of people,51298-2023-09-healthinsurance.xlsx,Table 1,false,51298,"Table 1. CBO's Projections of Health Insurance Coverage, by Source / Memorandum: / People With Multiple Sources of Coverage",fiscal_year,2028,2028,2028,32,8
Health Insurance,People With Multiple Sources of Coverage,2029,21.6,Millions of people,51298-2023-09-healthinsurance.xlsx,Table 1,false,51298,"Table 1. CBO's Projections of Health Insurance Coverage, by Source / Memorandum: / People With Multiple Sources of Coverage",fiscal_year,2029,2029,2029,32,9
Health Insurance,People With Multiple Sources of Coverage,2030,21.6,Millions of people,51298-2023-09-healthinsurance.xlsx,Table 1,false,51298,"Table 1. CBO's Projections of Health Insurance Coverage, by Source / Memorandum: / People With Multiple Sources of Coverage",fiscal_year,2030,2030,2030,32,10
Health Insurance,People With Multiple Sources of Coverage,2031,21.6,Millions of people,51298-2023-09-healthinsurance.xlsx,Table 1,false,51298,"Table 1. CBO's Projections of Health Insurance Coverage, by Source / Memorandum: / People With Multiple Sources of Coverage",fiscal_year,2031,2031,2031,32,11
Health Insurance,People With Multiple Sources of Coverage,2032,21.5,Millions of people,51298-2023-09-healthinsurance.xlsx,Table 1,false,51298,"Table 1. CBO's Projections of Health Insurance Coverage, by Source / Memorandum: / People With Multiple Sources of Coverage",fiscal_year,2032,2032,2032,32,12
Health Insurance,People With Multiple Sources of Coverage,2033,22.0,Millions of people,51298-2023-09-healthinsurance.xlsx,Table 1,false,51298,"Table 1. CBO's Projections of Health Insurance Coverage, by Source / Memorandum: / People With Multiple Sources of Coverage",fiscal_year,2033,2033,2033,32,13
Health Insurance,Uninsured People With Medicare Part A or Part B Only,2023,0.7,Millions of people,51298-2023-09-healthinsurance.xlsx,Table 1,false,51298,"Table 1. CBO's Projections of Health Insurance Coverage, by Source / Memorandum: / Uninsured People With Medicare Part A or Part B Only",fiscal_year,2023,2023,2023,33,3
Health Insurance,Uninsured People With Medicare Part A or Part B Only,2024,0.7,Millions of people,51298-2023-09-healthinsurance.xlsx,Table 1,false,51298,"Table 1. CBO's Projections of Health Insurance Coverage, by Source / Memorandum: / Uninsured People With Medicare Part A or Part B Only",fiscal_year,2024,2024,2024,33,4
Health Insurance,Uninsured People With Medicare Part A or Part B Only,2025,0.7,Millions of people,51298-2023-09-healthinsurance.xlsx,Table 1,false,51298,"Table 1. CBO's Projections of Health Insurance Coverage, by Source / Memorandum: / Uninsured People With Medicare Part A or Part B Only",fiscal_year,2025,2025,2025,33,5
Health Insurance,Uninsured People With Medicare Part A or Part B Only,2026,0.8,Millions of people,51298-2023-09-healthinsurance.xlsx,Table 1,false,51298,"Table 1. CBO's Projections of Health Insurance Coverage, by Source / Memorandum: / Uninsured People With Medicare Part A or Part B Only",fiscal_year,2026,2026,2026,33,6
Health Insurance,Uninsured People With Medicare Part A or Part B Only,2027,0.8,Millions of people,51298-2023-09-healthinsurance.xlsx,Table 1,false,51298,"Table 1. CBO's Projections of Health Insurance Coverage, by Source / Memorandum: / Uninsured People With Medicare Part A or Part B Only",fiscal_year,2027,2027,2027,33,7
Health Insurance,Uninsured People With Medicare Part A or Part B Only,2028,0.8,Millions of people,51298-2023-09-healthinsurance.xlsx,Table 1,false,51298,"Table 1. CBO's Projections of Health Insurance Coverage, by Source / Memorandum: / Uninsured People With Medicare Part A or Part B Only",fiscal_year,2028,2028,2028,33,8
Health Insurance,Uninsured People With Medicare Part A or Part B Only,2029,0.8,Millions of people,51298-2023-09-healthinsurance.xlsx,Table 1,false,51298,"Table 1. CBO's Projections of Health Insurance Coverage, by Source / Memorandum: / Uninsured People With Medicare Part A or Part B Only",fiscal_year,2029,2029,2029,33,9
Health Insurance,Uninsured People With Medicare Part A or Part B Only,2030,0.8,Millions of people,51298-2023-09-healthinsurance.xlsx,Table 1,false,51298,"Table 1. CBO's Projections of Health Insurance Coverage, by Source / Memorandum: / Uninsured People With Medicare Part A or Part B Only",fiscal_year,2030,2030,2030,33,10
Health Insurance,Uninsured People With Medicare Part A or Part B Only,2031,0.8,Millions of people,51298-2023-09-healthinsurance.xlsx,Table 1,false,51298,"Table 1. CBO's Projections of Health Insurance Coverage, by Source / Memorandum: / Uninsured People With Medicare Part A or Part B Only",fiscal_year,2031,2031,2031,33,11
Health Insurance,Uninsured People With Medicare Part A or Part B Only,2032,0.9,Millions of people,51298-2023-09-healthinsurance.xlsx,Table 1,false,51298,"Table 1. CBO's Projections of Health Insurance Coverage, by Source / Memorandum: / Uninsured People With Medicare Part A or Part B Only",fiscal_year,2032,2032,2032,33,12
Health Insurance,Uninsured People With Medicare Part A or Part B Only,2033,0.9,Millions of people,51298-2023-09-healthinsurance.xlsx,Table 1,false,51298,"Table 1. CBO's Projections of Health Insurance Coverage, by Source / Memorandum: / Uninsured People With Medicare Part A or Part B Only",fiscal_year,2033,2033,2033,33,13
Health Insurance,Share of the Population That Is Uninsured (Percent),2023,7.2,Percent,51298-2023-09-healthinsurance.xlsx,Table 1,false,51298,"Table 1. CBO's Projections of Health Insurance Coverage, by Source / Memorandum: / Share of the Population That Is Uninsured (Percent)",fiscal_year,2023,2023,2023,34,3
Health Insurance,Share of the Population That Is Uninsured (Percent),2024,8.0,Percent,51298-2023-09-healthinsurance.xlsx,Table 1,false,51298,"Table 1. CBO's Projections of Health Insurance Coverage, by Source / Memorandum: / Share of the Population That Is Uninsured (Percent)",fiscal_year,2024,2024,2024,34,4
Health Insurance,Share of the Population That Is Uninsured (Percent),2025,8.3,Percent,51298-2023-09-healthinsurance.xlsx,Table 1,false,51298,"Table 1. CBO's Projections of Health Insurance Coverage, by Source / Memorandum: / Share of the Population That Is Uninsured (Percent)",fiscal_year,2025,2025,2025,34,5
Health Insurance,Share of the Population That Is Uninsured (Percent),2026,8.6,Percent,51298-2023-09-healthinsurance.xlsx,Table 1,false,51298,"Table 1. CBO's Projections of Health Insurance Coverage, by Source / Memorandum: / Share of the Population That Is Uninsured (Percent)",fiscal_year,2026,2026,2026,34,6
Health Insurance,Share of the Population That Is Uninsured (Percent),2027,8.8,Percent,51298-2023-09-healthinsurance.xlsx,Table 1,false,51298,"Table 1. CBO's Projections of Health Insurance Coverage, by Source / Memorandum: / Share of the Population That Is Uninsured (Percent)",fiscal_year,2027,2027,2027,34,7
Health Insurance,Share of the Population That Is Uninsured (Percent),2028,8.7,Percent,51298-2023-09-healthinsurance.xlsx,Table 1,false,51298,"Table 1. CBO's Projections of Health Insurance Coverage, by Source / Memorandum: / Share of the Population That Is Uninsured (Percent)",fiscal_year,2028,2028,2028,34,8
Health Insurance,Share of the Population That Is Uninsured (Percent),2029,8.7,Percent,51298-2023-09-healthinsurance.xlsx,Table 1,false,51298,"Table 1. CBO's Projections of Health Insurance Coverage, by Source / Memorandum: / Share of the Population That Is Uninsured (Percent)",fiscal_year,2029,2029,2029,34,9
Health Insurance,Share of the Population That Is Uninsured (Percent),2030,8.6,Percent,51298-2023-09-healthinsurance.xlsx,Table 1,false,51298,"Table 1. CBO's Projections of Health Insurance Coverage, by Source / Memorandum: / Share of the Population That Is Uninsured (Percent)",fiscal_year,2030,2030,2030,34,10
Health Insurance,Share of the Population That Is Uninsured (Percent),2031,8.5,Percent,51298-2023-09-healthinsurance.xlsx,Table 1,false,51298,"Table 1. CBO's Projections of Health Insurance Coverage, by Source / Memorandum: / Share of the Population That Is Uninsured (Percent)",fiscal_year,2031,2031,2031,34,11
Health Insurance,Share of the Population That Is Uninsured (Percent),2032,8.4,Percent,51298-2023-09-healthinsurance.xlsx,Table 1,false,51298,"Table 1. CBO's Projections of Health Insurance Coverage, by Source / Memorandum: / Share of the Population That Is Uninsured (Percent)",fiscal_year,2032,2032,2032,34,12
Health Insurance,Share of the Population That Is Uninsured (Percent),2033,8.4,Percent,51298-2023-09-healthinsurance.xlsx,Table 1,false,51298,"Table 1. CBO's Projections of Health Insurance Coverage, by Source / Memorandum: / Share of the Population That Is Uninsured (Percent)",fiscal_year,2033,2033,2033,34,13
Health Insurance,n.a.,2023,345.0,Billions of dollars,51298-2023-09-healthinsurance.xlsx,Table 2,false,51298,Table 2. CBO and JCT's Projections of Net Federal Subsidies for Health Insurance / Employment-Based Coverage / Tax exclusion for employment-based coverage / n.a.,fiscal_year,2023,2023,2023,10,3
Health Insurance,n.a.,2024,365.0,Billions of dollars,51298-2023-09-healthinsurance.xlsx,Table 2,false,51298,Table 2. CBO and JCT's Projections of Net Federal Subsidies for Health Insurance / Employment-Based Coverage / Tax exclusion for employment-based coverage / n.a.,fiscal_year,2024,2024,2024,10,4
Health Insurance,n.a.,2025,391.0,Billions of dollars,51298-2023-09-healthinsurance.xlsx,Table 2,false,51298,Table 2. CBO and JCT's Projections of Net Federal Subsidies for Health Insurance / Employment-Based Coverage / Tax exclusion for employment-based coverage / n.a.,fiscal_year,2025,2025,2025,10,5
Health Insurance,n.a.,2026,451.0,Billions of dollars,51298-2023-09-healthinsurance.xlsx,Table 2,false,51298,Table 2. CBO and JCT's Projections of Net Federal Subsidies for Health Insurance / Employment-Based Coverage / Tax exclusion for employment-based coverage / n.a.,fiscal_year,2026,2026,2026,10,6
Health Insurance,n.a.,2027,495.0,Billions of dollars,51298-2023-09-healthinsurance.xlsx,Table 2,false,51298,Table 2. CBO and JCT's Projections of Net Federal Subsidies for Health Insurance / Employment-Based Coverage / Tax exclusion for employment-based coverage / n.a.,fiscal_year,2027,2027,2027,10,7
Health Insurance,n.a.,2028,523.0,Billions of dollars,51298-2023-09-healthinsurance.xlsx,Table 2,false,51298,Table 2. CBO and JCT's Projections of Net Federal Subsidies for Health Insurance / Employment-Based Coverage / Tax exclusion for employment-based coverage / n.a.,fiscal_year,2028,2028,2028,10,8
Health Insurance,n.a.,2029,550.0,Billions of dollars,51298-2023-09-healthinsurance.xlsx,Table 2,false,51298,Table 2. CBO and JCT's Projections of Net Federal Subsidies for Health Insurance / Employment-Based Coverage / Tax exclusion for employment-based coverage / n.a.,fiscal_year,2029,2029,2029,10,9
Health Insurance,n.a.,2030,578.0,Billions of dollars,51298-2023-09-healthinsurance.xlsx,Table 2,false,51298,Table 2. CBO and JCT's Projections of Net Federal Subsidies for Health Insurance / Employment-Based Coverage / Tax exclusion for employment-based coverage / n.a.,fiscal_year,2030,2030,2030,10,10
Health Insurance,n.a.,2031,608.0,Billions of dollars,51298-2023-09-healthinsurance.xlsx,Table 2,false,51298,Table 2. CBO and JCT's Projections of Net Federal Subsidies for Health Insurance / Employment-Based Coverage / Tax exclusion for employment-based coverage / n.a.,fiscal_year,2031,2031,2031,10,11
Health Insurance,n.a.,2032,641.0,Billions of dollars,51298-2023-09-healthinsurance.xlsx,Table 2,false,51298,Table 2. CBO and JCT's Projections of Net Federal Subsidies for Health Insurance / Employment-Based Coverage / Tax exclusion for employment-based coverage / n.a.,fiscal_year,2032,2032,2032,10,12
Health Insurance,n.a.,2033,676.0,Billions of dollars,51298-2023-09-healthinsurance.xlsx,Table 2,false,51298,Table 2. CBO and JCT's Projections of Net Federal Subsidies for Health Insurance / Employment-Based Coverage / Tax exclusion for employment-based coverage / n.a.,fiscal_year,2033,2033,2033,10,13
Health Insurance,n.a.,2023,4.0,Billions of dollars,51298-2023-09-healthinsurance.xlsx,Table 2,false,51298,Table 2. CBO and JCT's Projections of Net Federal Subsidies for Health Insurance / Employment-Based Coverage / Income tax deduction for self-employment health insurance / n.a.,fiscal_year,2023,2023,2023,11,3
Health Insurance,n.a.,2024,5.0,Billions of dollars,51298-2023-09-healthinsurance.xlsx,Table 2,false,51298,Table 2. CBO and JCT's Projections of Net Federal Subsidies for Health Insurance / Employment-Based Coverage / Income tax deduction for self-employment health insurance / n.a.,fiscal_year,2024,2024,2024,11,4
Health Insurance,n.a.,2025,5.0,Billions of dollars,51298-2023-09-healthinsurance.xlsx,Table 2,false,51298,Table 2. CBO and JCT's Projections of Net Federal Subsidies for Health Insurance / Employment-Based Coverage / Income tax deduction for self-employment health insurance / n.a.,fiscal_year,2025,2025,2025,11,5
Health Insurance,n.a.,2026,7.0,Billions of dollars,51298-2023-09-healthinsurance.xlsx,Table 2,false,51298,Table 2. CBO and JCT's Projections of Net Federal Subsidies for Health Insurance / Employment-Based Coverage / Income tax deduction for self-employment health insurance / n.a.,fiscal_year,2026,2026,2026,11,6
Health Insurance,n.a.,2027,8.0,Billions of dollars,51298-2023-09-healthinsurance.xlsx,Table 2,false,51298,Table 2. CBO and JCT's Projections of Net Federal Subsidies for Health Insurance / Employment-Based Coverage / Income tax deduction for self-employment health insurance / n.a.,fiscal_year,2027,2027,2027,11,7
Health Insurance,n.a.,2028,8.0,Billions of dollars,51298-2023-09-healthinsurance.xlsx,Table 2,false,51298,Table 2. CBO and JCT's Projections of Net Federal Subsidies for Health Insurance / Employment-Based Coverage / Income tax deduction for self-employment health insurance / n.a.,fiscal_year,2028,2028,2028,11,8
Health Insurance,n.a.,2029,9.0,Billions of dollars,51298-2023-09-healthinsurance.xlsx,Table 2,false,51298,Table 2. CBO and JCT's Projections of Net Federal Subsidies for Health Insurance / Employment-Based Coverage / Income tax deduction for self-employment health insurance / n.a.,fiscal_year,2029,2029,2029,11,9
Health Insurance,n.a.,2030,9.0,Billions of dollars,51298-2023-09-healthinsurance.xlsx,Table 2,false,51298,Table 2. CBO and JCT's Projections of Net Federal Subsidies for Health Insurance / Employment-Based Coverage / Income tax deduction for self-employment health insurance / n.a.,fiscal_year,2030,2030,2030,11,10
Health Insurance,n.a.,2031,10.0,Billions of dollars,51298-2023-09-healthinsurance.xlsx,Table 2,false,51298,Table 2. CBO and JCT's Projections of Net Federal Subsidies for Health Insurance / Employment-Based Coverage / Income tax deduction for self-employment health insurance / n.a.,fiscal_year,2031,2031,2031,11,11
Health Insurance,n.a.,2032,10.0,Billions of dollars,51298-2023-09-healthinsurance.xlsx,Table 2,false,51298,Table 2. CBO and JCT's Projections of Net Federal Subsidies for Health Insurance / Employment-Based Coverage / Income tax deduction for self-employment health insurance / n.a.,fiscal_year,2032,2032,2032,11,12
Health Insurance,n.a.,2033,11.0,Billions of dollars,51298-2023-09-healthinsurance.xlsx,Table 2,false,51298,Table 2. CBO and JCT's Projections of Net Federal Subsidies for Health Insurance / Employment-Based Coverage / Income tax deduction for self-employment health insurance / n.a.,fiscal_year,2033,2033,2033,11,13
Health Insurance,n.a.,2023,-1.0,Billions of dollars,51298-2023-09-healthinsurance.xlsx,Table 2,false,51298,Table 2. CBO and JCT's Projections of Net Federal Subsidies for Health Insurance / Small-employer tax credits / n.a. / Gross collections of penalty payments from employers,fiscal_year,2023,2023,2023,13,3
Health Insurance,n.a.,2024,-1.0,Billions of dollars,51298-2023-09-healthinsurance.xlsx,Table 2,false,51298,Table 2. CBO and JCT's Projections of Net Federal Subsidies for Health Insurance / Small-employer tax credits / n.a. / Gross collections of penalty payments from employers,fiscal_year,2024,2024,2024,13,4
Health Insurance,n.a.,2025,-1.0,Billions of dollars,51298-2023-09-healthinsurance.xlsx,Table 2,false,51298,Table 2. CBO and JCT's Projections of Net Federal Subsidies for Health Insurance / Small-employer tax credits / n.a. / Gross collections of penalty payments from employers,fiscal_year,2025,2025,2025,13,5
Health Insurance,n.a.,2026,-1.0,Billions of dollars,51298-2023-09-healthinsurance.xlsx,Table 2,false,51298,Table 2. CBO and JCT's Projections of Net Federal Subsidies for Health Insurance / Small-employer tax credits / n.a. / Gross collections of penalty payments from employers,fiscal_year,2026,2026,2026,13,6
Health Insurance,n.a.,2027,-1.0,Billions of dollars,51298-2023-09-healthinsurance.xlsx,Table 2,false,51298,Table 2. CBO and JCT's Projections of Net Federal Subsidies for Health Insurance / Small-employer tax credits / n.a. / Gross collections of penalty payments from employers,fiscal_year,2027,2027,2027,13,7
Health Insurance,n.a.,2028,-1.0,Billions of dollars,51298-2023-09-healthinsurance.xlsx,Table 2,false,51298,Table 2. CBO and JCT's Projections of Net Federal Subsidies for Health Insurance / Small-employer tax credits / n.a. / Gross collections of penalty payments from employers,fiscal_year,2028,2028,2028,13,8
Health Insurance,n.a.,2029,-1.0,Billions of dollars,51298-2023-09-healthinsurance.xlsx,Table 2,false,51298,Table 2. CBO and JCT's Projections of Net Federal Subsidies for Health Insurance / Small-employer tax credits / n.a. / Gross collections of penalty payments from employers,fiscal_year,2029,2029,2029,13,9
Health Insurance,n.a.,2030,-1.0,Billions of dollars,51298-2023-09-healthinsurance.xlsx,Table 2,false,51298,Table 2. CBO and JCT's Projections of Net Federal Subsidies for Health Insurance / Small-employer tax credits / n.a. / Gross collections of penalty payments from employers,fiscal_year,2030,2030,2030,13,10
Health Insurance,n.a.,2031,-1.0,Billions of dollars,51298-2023-09-healthinsurance.xlsx,Table 2,false,51298,Table 2. CBO and JCT's Projections of Net Federal Subsidies for Health Insurance / Small-employer tax credits / n.a. / Gross collections of penalty payments from employers,fiscal_year,2031,2031,2031,13,11
Health Insurance,n.a.,2032,-1.0,Billions of dollars,51298-2023-09-healthinsurance.xlsx,Table 2,false,51298,Table 2. CBO and JCT's Projections of Net Federal Subsidies for Health Insurance / Small-employer tax credits / n.a. / Gross collections of penalty payments from employers,fiscal_year,2032,2032,2032,13,12
Health Insurance,n.a.,2033,-1.0,Billions of dollars,51298-2023-09-healthinsurance.xlsx,Table 2,false,51298,Table 2. CBO and JCT's Projections of Net Federal Subsidies for Health Insurance / Small-employer tax credits / n.a. / Gross collections of penalty payments from employers,fiscal_year,2033,2033,2033,13,13
Health Insurance,n.a.,2023,348.0,Billions of dollars,51298-2023-09-healthinsurance.xlsx,Table 2,true,51298,Table 2. CBO and JCT's Projections of Net Federal Subsidies for Health Insurance / Small-employer tax credits / n.a. / Subtotal,fiscal_year,2023,2023,2023,14,3
Health Insurance,n.a.,2024,369.0,Billions of dollars,51298-2023-09-healthinsurance.xlsx,Table 2,true,51298,Table 2. CBO and JCT's Projections of Net Federal Subsidies for Health Insurance / Small-employer tax credits / n.a. / Subtotal,fiscal_year,2024,2024,2024,14,4
Health Insurance,n.a.,2025,395.0,Billions of dollars,51298-2023-09-healthinsurance.xlsx,Table 2,true,51298,Table 2. CBO and JCT's Projections of Net Federal Subsidies for Health Insurance / Small-employer tax credits / n.a. / Subtotal,fiscal_year,2025,2025,2025,14,5
Health Insurance,n.a.,2026,457.0,Billions of dollars,51298-2023-09-healthinsurance.xlsx,Table 2,true,51298,Table 2. CBO and JCT's Projections of Net Federal Subsidies for Health Insurance / Small-employer tax credits / n.a. / Subtotal,fiscal_year,2026,2026,2026,14,6
Health Insurance,n.a.,2027,501.0,Billions of dollars,51298-2023-09-healthinsurance.xlsx,Table 2,true,51298,Table 2. CBO and JCT's Projections of Net Federal Subsidies for Health Insurance / Small-employer tax credits / n.a. / Subtotal,fiscal_year,2027,2027,2027,14,7
Health Insurance,n.a.,2028,530.0,Billions of dollars,51298-2023-09-healthinsurance.xlsx,Table 2,true,51298,Table 2. CBO and JCT's Projections of Net Federal Subsidies for Health Insurance / Small-employer tax credits / n.a. / Subtotal,fiscal_year,2028,2028,2028,14,8
Health Insurance,n.a.,2029,558.0,Billions of dollars,51298-2023-09-healthinsurance.xlsx,Table 2,true,51298,Table 2. CBO and JCT's Projections of Net Federal Subsidies for Health Insurance / Small-employer tax credits / n.a. / Subtotal,fiscal_year,2029,2029,2029,14,9
Health Insurance,n.a.,2030,586.0,Billions of dollars,51298-2023-09-healthinsurance.xlsx,Table 2,true,51298,Table 2. CBO and JCT's Projections of Net Federal Subsidies for Health Insurance / Small-employer tax credits / n.a. / Subtotal,fiscal_year,2030,2030,2030,14,10
Health Insurance,n.a.,2031,616.0,Billions of dollars,51298-2023-09-healthinsurance.xlsx,Table 2,true,51298,Table 2. CBO and JCT's Projections of Net Federal Subsidies for Health Insurance / Small-employer tax credits / n.a. / Subtotal,fiscal_year,2031,2031,2031,14,11
Health Insurance,n.a.,2032,650.0,Billions of dollars,51298-2023-09-healthinsurance.xlsx,Table 2,true,51298,Table 2. CBO and JCT's Projections of Net Federal Subsidies for Health Insurance / Small-employer tax credits / n.a. / Subtotal,fiscal_year,2032,2032,2032,14,12
Health Insurance,n.a.,2033,686.0,Billions of dollars,51298-2023-09-healthinsurance.xlsx,Table 2,true,51298,Table 2. CBO and JCT's Projections of Net Federal Subsidies for Health Insurance / Small-employer tax credits / n.a. / Subtotal,fiscal_year,2033,2033,2033,14,13
Health Insurance,65 or older in Medicaid,2023,100.0,Billions of dollars,51298-2023-09-healthinsurance.xlsx,Table 2,false,51298,Table 2. CBO and JCT's Projections of Net Federal Subsidies for Health Insurance / Medicaid and CHIP / 65 or older in Medicaid,fiscal_year,2023,2023,2023,16,3
Health Insurance,65 or older in Medicaid,2024,95.0,Billions of dollars,51298-2023-09-healthinsurance.xlsx,Table 2,false,51298,Table 2. CBO and JCT's Projections of Net Federal Subsidies for Health Insurance / Medicaid and CHIP / 65 or older in Medicaid,fiscal_year,2024,2024,2024,16,4
Health Insurance,65 or older in Medicaid,2025,97.0,Billions of dollars,51298-2023-09-healthinsurance.xlsx,Table 2,false,51298,Table 2. CBO and JCT's Projections of Net Federal Subsidies for Health Insurance / Medicaid and CHIP / 65 or older in Medicaid,fiscal_year,2025,2025,2025,16,5
Health Insurance,65 or older in Medicaid,2026,105.0,Billions of dollars,51298-2023-09-healthinsurance.xlsx,Table 2,false,51298,Table 2. CBO and JCT's Projections of Net Federal Subsidies for Health Insurance / Medicaid and CHIP / 65 or older in Medicaid,fiscal_year,2026,2026,2026,16,6
Health Insurance,65 or older in Medicaid,2027,113.0,Billions of dollars,51298-2023-09-healthinsurance.xlsx,Table 2,false,51298,Table 2. CBO and JCT's Projections of Net Federal Subsidies for Health Insurance / Medicaid and CHIP / 65 or older in Medicaid,fiscal_year,2027,2027,2027,16,7
Health Insurance,65 or older in Medicaid,2028,119.0,Billions of dollars,51298-2023-09-healthinsurance.xlsx,Table 2,false,51298,Table 2. CBO and JCT's Projections of Net Federal Subsidies for Health Insurance / Medicaid and CHIP / 65 or older in Medicaid,fiscal_year,2028,2028,2028,16,8
Health Insurance,65 or older in Medicaid,2029,126.0,Billions of dollars,51298-2023-09-healthinsurance.xlsx,Table 2,false,51298,Table 2. CBO and JCT's Projections of Net Federal Subsidies for Health Insurance / Medicaid and CHIP / 65 or older in Medicaid,fiscal_year,2029,2029,2029,16,9
Health Insurance,65 or older in Medicaid,2030,134.0,Billions of dollars,51298-2023-09-healthinsurance.xlsx,Table 2,false,51298,Table 2. CBO and JCT's Projections of Net Federal Subsidies for Health Insurance / Medicaid and CHIP / 65 or older in Medicaid,fiscal_year,2030,2030,2030,16,10
Health Insurance,65 or older in Medicaid,2031,141.0,Billions of dollars,51298-2023-09-healthinsurance.xlsx,Table 2,false,51298,Table 2. CBO and JCT's Projections of Net Federal Subsidies for Health Insurance / Medicaid and CHIP / 65 or older in Medicaid,fiscal_year,2031,2031,2031,16,11
Health Insurance,65 or older in Medicaid,2032,149.0,Billions of dollars,51298-2023-09-healthinsurance.xlsx,Table 2,false,51298,Table 2. CBO and JCT's Projections of Net Federal Subsidies for Health Insurance / Medicaid and CHIP / 65 or older in Medicaid,fiscal_year,2032,2032,2032,16,12
Health Insurance,65 or older in Medicaid,2033,156.0,Billions of dollars,51298-2023-09-healthinsurance.xlsx,Table 2,false,51298,Table 2. CBO and JCT's Projections of Net Federal Subsidies for Health Insurance / Medicaid and CHIP / 65 or older in Medicaid,fiscal_year,2033,2033,2033,16,13
Health Insurance,Blind and disabled people in Medicaid,2023,160.0,Billions of dollars,51298-2023-09-healthinsurance.xlsx,Table 2,false,51298,Table 2. CBO and JCT's Projections of Net Federal Subsidies for Health Insurance / Medicaid and CHIP / Blind and disabled people in Medicaid,fiscal_year,2023,2023,2023,17,3
Health Insurance,Blind and disabled people in Medicaid,2024,147.0,Billions of dollars,51298-2023-09-healthinsurance.xlsx,Table 2,false,51298,Table 2. CBO and JCT's Projections of Net Federal Subsidies for Health Insurance / Medicaid and CHIP / Blind and disabled people in Medicaid,fiscal_year,2024,2024,2024,17,4
Health Insurance,Blind and disabled people in Medicaid,2025,151.0,Billions of dollars,51298-2023-09-healthinsurance.xlsx,Table 2,false,51298,Table 2. CBO and JCT's Projections of Net Federal Subsidies for Health Insurance / Medicaid and CHIP / Blind and disabled people in Medicaid,fiscal_year,2025,2025,2025,17,5
Health Insurance,Blind and disabled people in Medicaid,2026,160.0,Billions of dollars,51298-2023-09-healthinsurance.xlsx,Table 2,false,51298,Table 2. CBO and JCT's Projections of Net Federal Subsidies for Health Insurance / Medicaid and CHIP / Blind and disabled people in Medicaid,fiscal_year,2026,2026,2026,17,6
Health Insurance,Blind and disabled people in Medicaid,2027,170.0,Billions of dollars,51298-2023-09-healthinsurance.xlsx,Table 2,false,51298,Table 2. CBO and JCT's Projections of Net Federal Subsidies for Health Insurance / Medicaid and CHIP / Blind and disabled people in Medicaid,fiscal_year,2027,2027,2027,17,7
Health Insurance,Blind and disabled people in Medicaid,2028,179.0,Billions of dollars,51298-2023-09-healthinsurance.xlsx,Table 2,false,51298,Table 2. CBO and JCT's Projections of Net Federal Subsidies for Health Insurance / Medicaid and CHIP / Blind and disabled people in Medicaid,fiscal_year,2028,2028,2028,17,8
Health Insurance,Blind and disabled people in Medicaid,2029,189.0,Billions of dollars,51298-2023-09-healthinsurance.xlsx,Table 2,false,51298,Table 2. CBO and JCT's Projections of Net Federal Subsidies for Health Insurance / Medicaid and CHIP / Blind and disabled people in Medicaid,fiscal_year,2029,2029,2029,17,9
Health Insurance,Blind and disabled people in Medicaid,2030,199.0,Billions of dollars,51298-2023-09-healthinsurance.xlsx,Table 2,false,51298,Table 2. CBO and JCT's Projections of Net Federal Subsidies for Health Insurance / Medicaid and CHIP / Blind and disabled people in Medicaid,fiscal_year,2030,2030,2030,17,10
Health Insurance,Blind and disabled people in Medicaid,2031,211.0,Billions of dollars,51298-2023-09-healthinsurance.xlsx,Table 2,false,51298,Table 2. CBO and JCT's Projections of Net Federal Subsidies for Health Insurance / Medicaid and CHIP / Blind and disabled people in Medicaid,fiscal_year,2031,2031,2031,17,11
Health Insurance,Blind and disabled people in Medicaid,2032,224.0,Billions of dollars,51298-2023-09-healthinsurance.xlsx,Table 2,false,51298,Table 2. CBO and JCT's Projections of Net Federal Subsidies for Health Insurance / Medicaid and CHIP / Blind and disabled people in Medicaid,fiscal_year,2032,2032,2032,17,12
Health Insurance,Blind and disabled people in Medicaid,2033,236.0,Billions of dollars,51298-2023-09-healthinsurance.xlsx,Table 2,false,51298,Table 2. CBO and JCT's Projections of Net Federal Subsidies for Health Insurance / Medicaid and CHIP / Blind and disabled people in Medicaid,fiscal_year,2033,2033,2033,17,13
Health Insurance,Children in Medicaid,2023,64.0,Billions of dollars,51298-2023-09-healthinsurance.xlsx,Table 2,false,51298,Table 2. CBO and JCT's Projections of Net Federal Subsidies for Health Insurance / Medicaid and CHIP / Children in Medicaid,fiscal_year,2023,2023,2023,18,3
Health Insurance,Children in Medicaid,2024,54.0,Billions of dollars,51298-2023-09-healthinsurance.xlsx,Table 2,false,51298,Table 2. CBO and JCT's Projections of Net Federal Subsidies for Health Insurance / Medicaid and CHIP / Children in Medicaid,fiscal_year,2024,2024,2024,18,4
Health Insurance,Children in Medicaid,2025,54.0,Billions of dollars,51298-2023-09-healthinsurance.xlsx,Table 2,false,51298,Table 2. CBO and JCT's Projections of Net Federal Subsidies for Health Insurance / Medicaid and CHIP / Children in Medicaid,fiscal_year,2025,2025,2025,18,5
Health Insurance,Children in Medicaid,2026,57.0,Billions of dollars,51298-2023-09-healthinsurance.xlsx,Table 2,false,51298,Table 2. CBO and JCT's Projections of Net Federal Subsidies for Health Insurance / Medicaid and CHIP / Children in Medicaid,fiscal_year,2026,2026,2026,18,6
Health Insurance,Children in Medicaid,2027,60.0,Billions of dollars,51298-2023-09-healthinsurance.xlsx,Table 2,false,51298,Table 2. CBO and JCT's Projections of Net Federal Subsidies for Health Insurance / Medicaid and CHIP / Children in Medicaid,fiscal_year,2027,2027,2027,18,7
Health Insurance,Children in Medicaid,2028,62.0,Billions of dollars,51298-2023-09-healthinsurance.xlsx,Table 2,false,51298,Table 2. CBO and JCT's Projections of Net Federal Subsidies for Health Insurance / Medicaid and CHIP / Children in Medicaid,fiscal_year,2028,2028,2028,18,8
Health Insurance,Children in Medicaid,2029,66.0,Billions of dollars,51298-2023-09-healthinsurance.xlsx,Table 2,false,51298,Table 2. CBO and JCT's Projections of Net Federal Subsidies for Health Insurance / Medicaid and CHIP / Children in Medicaid,fiscal_year,2029,2029,2029,18,9
Health Insurance,Children in Medicaid,2030,69.0,Billions of dollars,51298-2023-09-healthinsurance.xlsx,Table 2,false,51298,Table 2. CBO and JCT's Projections of Net Federal Subsidies for Health Insurance / Medicaid and CHIP / Children in Medicaid,fiscal_year,2030,2030,2030,18,10
Health Insurance,Children in Medicaid,2031,73.0,Billions of dollars,51298-2023-09-healthinsurance.xlsx,Table 2,false,51298,Table 2. CBO and JCT's Projections of Net Federal Subsidies for Health Insurance / Medicaid and CHIP / Children in Medicaid,fiscal_year,2031,2031,2031,18,11
Health Insurance,Children in Medicaid,2032,79.0,Billions of dollars,51298-2023-09-healthinsurance.xlsx,Table 2,false,51298,Table 2. CBO and JCT's Projections of Net Federal Subsidies for Health Insurance / Medicaid and CHIP / Children in Medicaid,fiscal_year,2032,2032,2032,18,12
Health Insurance,Children in Medicaid,2033,86.0,Billions of dollars,51298-2023-09-healthinsurance.xlsx,Table 2,false,51298,Table 2. CBO and JCT's Projections of Net Federal Subsidies for Health Insurance / Medicaid and CHIP / Children in Medicaid,fiscal_year,2033,2033,2033,18,13
Health Insurance,Adults made eligible for Medicaid by the ACA,2023,125.0,Billions of dollars,51298-2023-09-healthinsurance.xlsx,Table 2,false,51298,Table 2. CBO and JCT's Projections of Net Federal Subsidies for Health Insurance / Medicaid and CHIP / Adults made eligible for Medicaid by the ACA,fiscal_year,2023,2023,2023,19,3
Health Insurance,Adults made eligible for Medicaid by the ACA,2024,114.0,Billions of dollars,51298-2023-09-healthinsurance.xlsx,Table 2,false,51298,Table 2. CBO and JCT's Projections of Net Federal Subsidies for Health Insurance / Medicaid and CHIP / Adults made eligible for Medicaid by the ACA,fiscal_year,2024,2024,2024,19,4
Health Insurance,Adults made eligible for Medicaid by the ACA,2025,110.0,Billions of dollars,51298-2023-09-healthinsurance.xlsx,Table 2,false,51298,Table 2. CBO and JCT's Projections of Net Federal Subsidies for Health Insurance / Medicaid and CHIP / Adults made eligible for Medicaid by the ACA,fiscal_year,2025,2025,2025,19,5
Health Insurance,Adults made eligible for Medicaid by the ACA,2026,119.0,Billions of dollars,51298-2023-09-healthinsurance.xlsx,Table 2,false,51298,Table 2. CBO and JCT's Projections of Net Federal Subsidies for Health Insurance / Medicaid and CHIP / Adults made eligible for Medicaid by the ACA,fiscal_year,2026,2026,2026,19,6
Health Insurance,Adults made eligible for Medicaid by the ACA,2027,128.0,Billions of dollars,51298-2023-09-healthinsurance.xlsx,Table 2,false,51298,Table 2. CBO and JCT's Projections of Net Federal Subsidies for Health Insurance / Medicaid and CHIP / Adults made eligible for Medicaid by the ACA,fiscal_year,2027,2027,2027,19,7
Health Insurance,Adults made eligible for Medicaid by the ACA,2028,138.0,Billions of dollars,51298-2023-09-healthinsurance.xlsx,Table 2,false,51298,Table 2. CBO and JCT's Projections of Net Federal Subsidies for Health Insurance / Medicaid and CHIP / Adults made eligible for Medicaid by the ACA,fiscal_year,2028,2028,2028,19,8
Health Insurance,Adults made eligible for Medicaid by the ACA,2029,148.0,Billions of dollars,51298-2023-09-healthinsurance.xlsx,Table 2,false,51298,Table 2. CBO and JCT's Projections of Net Federal Subsidies for Health Insurance / Medicaid and CHIP / Adults made eligible for Medicaid by the ACA,fiscal_year,2029,2029,2029,19,9
Health Insurance,Adults made eligible for Medicaid by the ACA,2030,158.0,Billions of dollars,51298-2023-09-healthinsurance.xlsx,Table 2,false,51298,Table 2. CBO and JCT's Projections of Net Federal Subsidies for Health Insurance / Medicaid and CHIP / Adults made eligible for Medicaid by the ACA,fiscal_year,2030,2030,2030,19,10
Health Insurance,Adults made eligible for Medicaid by the ACA,2031,170.0,Billions of dollars,51298-2023-09-healthinsurance.xlsx,Table 2,false,51298,Table 2. CBO and JCT's Projections of Net Federal Subsidies for Health Insurance / Medicaid and CHIP / Adults made eligible for Medicaid by the ACA,fiscal_year,2031,2031,2031,19,11
Health Insurance,Adults made eligible for Medicaid by the ACA,2032,183.0,Billions of dollars,51298-2023-09-healthinsurance.xlsx,Table 2,false,51298,Table 2. CBO and JCT's Projections of Net Federal Subsidies for Health Insurance / Medicaid and CHIP / Adults made eligible for Medicaid by the ACA,fiscal_year,2032,2032,2032,19,12
Health Insurance,Adults made eligible for Medicaid by the ACA,2033,197.0,Billions of dollars,51298-2023-09-healthinsurance.xlsx,Table 2,false,51298,Table 2. CBO and JCT's Projections of Net Federal Subsidies for Health Insurance / Medicaid and CHIP / Adults made eligible for Medicaid by the ACA,fiscal_year,2033,2033,2033,19,13
Health Insurance,Adults otherwise eligible for Medicaid,2023,82.0,Billions of dollars,51298-2023-09-healthinsurance.xlsx,Table 2,false,51298,Table 2. CBO and JCT's Projections of Net Federal Subsidies for Health Insurance / Medicaid and CHIP / Adults otherwise eligible for Medicaid,fiscal_year,2023,2023,2023,20,3
Health Insurance,Adults otherwise eligible for Medicaid,2024,70.0,Billions of dollars,51298-2023-09-healthinsurance.xlsx,Table 2,false,51298,Table 2. CBO and JCT's Projections of Net Federal Subsidies for Health Insurance / Medicaid and CHIP / Adults otherwise eligible for Medicaid,fiscal_year,2024,2024,2024,20,4
Health Insurance,Adults otherwise eligible for Medicaid,2025,66.0,Billions of dollars,51298-2023-09-healthinsurance.xlsx,Table 2,false,51298,Table 2. CBO and JCT's Projections of Net Federal Subsidies for Health Insurance / Medicaid and CHIP / Adults otherwise eligible for Medicaid,fiscal_year,2025,2025,2025,20,5
Health Insurance,Adults otherwise eligible for Medicaid,2026,71.0,Billions of dollars,51298-2023-09-healthinsurance.xlsx,Table 2,false,51298,Table 2. CBO and JCT's Projections of Net Federal Subsidies for Health Insurance / Medicaid and CHIP / Adults otherwise eligible for Medicaid,fiscal_year,2026,2026,2026,20,6
Health Insurance,Adults otherwise eligible for Medicaid,2027,76.0,Billions of dollars,51298-2023-09-healthinsurance.xlsx,Table 2,false,51298,Table 2. CBO and JCT's Projections of Net Federal Subsidies for Health Insurance / Medicaid and CHIP / Adults otherwise eligible for Medicaid,fiscal_year,2027,2027,2027,20,7
Health Insurance,Adults otherwise eligible for Medicaid,2028,79.0,Billions of dollars,51298-2023-09-healthinsurance.xlsx,Table 2,false,51298,Table 2. CBO and JCT's Projections of Net Federal Subsidies for Health Insurance / Medicaid and CHIP / Adults otherwise eligible for Medicaid,fiscal_year,2028,2028,2028,20,8
Health Insurance,Adults otherwise eligible for Medicaid,2029,84.0,Billions of dollars,51298-2023-09-healthinsurance.xlsx,Table 2,false,51298,Table 2. CBO and JCT's Projections of Net Federal Subsidies for Health Insurance / Medicaid and CHIP / Adults otherwise eligible for Medicaid,fiscal_year,2029,2029,2029,20,9
Health Insurance,Adults otherwise eligible for Medicaid,2030,90.0,Billions of dollars,51298-2023-09-healthinsurance.xlsx,Table 2,false,51298,Table 2. CBO and JCT's Projections of Net Federal Subsidies for Health Insurance / Medicaid and CHIP / Adults otherwise eligible for Medicaid,fiscal_year,2030,2030,2030,20,10
Health Insurance,Adults otherwise eligible for Medicaid,2031,96.0,Billions of dollars,51298-2023-09-healthinsurance.xlsx,Table 2,false,51298,Table 2. CBO and JCT's Projections of Net Federal Subsidies for Health Insurance / Medicaid and CHIP / Adults otherwise eligible for Medicaid,fiscal_year,2031,2031,2031,20,11
Health Insurance,Adults otherwise eligible for Medicaid,2032,102.0,Billions of dollars,51298-2023-09-healthinsurance.xlsx,Table 2,false,51298,Table 2. CBO and JCT's Projections of Net Federal Subsidies for Health Insurance / Medicaid and CHIP / Adults otherwise eligible for Medicaid,fiscal_year,2032,2032,2032,20,12
Health Insurance,Adults otherwise eligible for Medicaid,2033,109.0,Billions of dollars,51298-2023-09-healthinsurance.xlsx,Table 2,false,51298,Table 2. CBO and JCT's Projections of Net Federal Subsidies for Health Insurance / Medicaid and CHIP / Adults otherwise eligible for Medicaid,fiscal_year,2033,2033,2033,20,13
Health Insurance,CHIP,2023,17.0,Billions of dollars,51298-2023-09-healthinsurance.xlsx,Table 2,false,51298,Table 2. CBO and JCT's Projections of Net Federal Subsidies for Health Insurance / Medicaid and CHIP / CHIP,fiscal_year,2023,2023,2023,21,3
Health Insurance,CHIP,2024,17.0,Billions of dollars,51298-2023-09-healthinsurance.xlsx,Table 2,false,51298,Table 2. CBO and JCT's Projections of Net Federal Subsidies for Health Insurance / Medicaid and CHIP / CHIP,fiscal_year,2024,2024,2024,21,4
Health Insurance,CHIP,2025,18.0,Billions of dollars,51298-2023-09-healthinsurance.xlsx,Table 2,false,51298,Table 2. CBO and JCT's Projections of Net Federal Subsidies for Health Insurance / Medicaid and CHIP / CHIP,fiscal_year,2025,2025,2025,21,5
Health Insurance,CHIP,2026,18.0,Billions of dollars,51298-2023-09-healthinsurance.xlsx,Table 2,false,51298,Table 2. CBO and JCT's Projections of Net Federal Subsidies for Health Insurance / Medicaid and CHIP / CHIP,fiscal_year,2026,2026,2026,21,6
Health Insurance,CHIP,2027,19.0,Billions of dollars,51298-2023-09-healthinsurance.xlsx,Table 2,false,51298,Table 2. CBO and JCT's Projections of Net Federal Subsidies for Health Insurance / Medicaid and CHIP / CHIP,fiscal_year,2027,2027,2027,21,7
Health Insurance,CHIP,2028,20.0,Billions of dollars,51298-2023-09-healthinsurance.xlsx,Table 2,false,51298,Table 2. CBO and JCT's Projections of Net Federal Subsidies for Health Insurance / Medicaid and CHIP / CHIP,fiscal_year,2028,2028,2028,21,8
Health Insurance,CHIP,2029,20.0,Billions of dollars,51298-2023-09-healthinsurance.xlsx,Table 2,false,51298,Table 2. CBO and JCT's Projections of Net Federal Subsidies for Health Insurance / Medicaid and CHIP / CHIP,fiscal_year,2029,2029,2029,21,9
Health Insurance,CHIP,2030,21.0,Billions of dollars,51298-2023-09-healthinsurance.xlsx,Table 2,false,51298,Table 2. CBO and JCT's Projections of Net Federal Subsidies for Health Insurance / Medicaid and CHIP / CHIP,fiscal_year,2030,2030,2030,21,10
Health Insurance,CHIP,2031,22.0,Billions of dollars,51298-2023-09-healthinsurance.xlsx,Table 2,false,51298,Table 2. CBO and JCT's Projections of Net Federal Subsidies for Health Insurance / Medicaid and CHIP / CHIP,fiscal_year,2031,2031,2031,21,11
Health Insurance,CHIP,2032,20.0,Billions of dollars,51298-2023-09-healthinsurance.xlsx,Table 2,false,51298,Table 2. CBO and JCT's Projections of Net Federal Subsidies for Health Insurance / Medicaid and CHIP / CHIP,fiscal_year,2032,2032,2032,21,12
Health Insurance,CHIP,2033,15.0,Billions of dollars,51298-2023-09-healthinsurance.xlsx,Table 2,false,51298,Table 2. CBO and JCT's Projections of Net Federal Subsidies for Health Insurance / Medicaid and CHIP / CHIP,fiscal_year,2033,2033,2033,21,13
Health Insurance,Subtotal,2023,547.0,Billions of dollars,51298-2023-09-healthinsurance.xlsx,Table 2,true,51298,Table 2. CBO and JCT's Projections of Net Federal Subsidies for Health Insurance / Medicaid and CHIP / Subtotal,fiscal_year,2023,2023,2023,22,3
Health Insurance,Subtotal,2024,497.0,Billions of dollars,51298-2023-09-healthinsurance.xlsx,Table 2,true,51298,Table 2. CBO and JCT's Projections of Net Federal Subsidies for Health Insurance / Medicaid and CHIP / Subtotal,fiscal_year,2024,2024,2024,22,4
Health Insurance,Subtotal,2025,495.0,Billions of dollars,51298-2023-09-healthinsurance.xlsx,Table 2,true,51298,Table 2. CBO and JCT's Projections of Net Federal Subsidies for Health Insurance / Medicaid and CHIP / Subtotal,fiscal_year,2025,2025,2025,22,5
Health Insurance,Subtotal,2026,530.0,Billions of dollars,51298-2023-09-healthinsurance.xlsx,Table 2,true,51298,Table 2. CBO and JCT's Projections of Net Federal Subsidies for Health Insurance / Medicaid and CHIP / Subtotal,fiscal_year,2026,2026,2026,22,6
Health Insurance,Subtotal,2027,566.0,Billions of dollars,51298-2023-09-healthinsurance.xlsx,Table 2,true,51298,Table 2. CBO and JCT's Projections of Net Federal Subsidies for Health Insurance / Medicaid and CHIP / Subtotal,fiscal_year,2027,2027,2027,22,7
Health Insurance,Subtotal,2028,597.0,Billions of dollars,51298-2023-09-healthinsurance.xlsx,Table 2,true,51298,Table 2. CBO and JCT's Projections of Net Federal Subsidies for Health Insurance / Medicaid and CHIP / Subtotal,fiscal_year,2028,2028,2028,22,8
Health Insurance,Subtotal,2029,633.0,Billions of dollars,51298-2023-09-healthinsurance.xlsx,Table 2,true,51298,Table 2. CBO and JCT's Projections of Net Federal Subsidies for Health Insurance / Medicaid and CHIP / Subtotal,fiscal_year,2029,2029,2029,22,9
Health Insurance,Subtotal,2030,671.0,Billions of dollars,51298-2023-09-healthinsurance.xlsx,Table 2,true,51298,Table 2. CBO and JCT's Projections of Net Federal Subsidies for Health Insurance / Medicaid and CHIP / Subtotal,fiscal_year,2030,2030,2030,22,10
Health Insurance,Subtotal,2031,713.0,Billions of dollars,51298-2023-09-healthinsurance.xlsx,Table 2,true,51298,Table 2. CBO and JCT's Projections of Net Federal Subsidies for Health Insurance / Medicaid and CHIP / Subtotal,fiscal_year,2031,2031,2031,22,11
Health Insurance,Subtotal,2032,756.0,Billions of dollars,51298-2023-09-healthinsurance.xlsx,Table 2,true,51298,Table 2. CBO and JCT's Projections of Net Federal Subsidies for Health Insurance / Medicaid and CHIP / Subtotal,fiscal_year,2032,2032,2032,22,12
Health Insurance,Subtotal,2033,799.0,Billions of dollars,51298-2023-09-healthinsurance.xlsx,Table 2,true,51298,Table 2. CBO and JCT's Projections of Net Federal Subsidies for Health Insurance / Medicaid and CHIP / Subtotal,fiscal_year,2033,2033,2033,22,13
Health Insurance,Medicare,2023,813.0,Billions of dollars,51298-2023-09-healthinsurance.xlsx,Table 2,false,51298,Table 2. CBO and JCT's Projections of Net Federal Subsidies for Health Insurance / Medicaid and CHIP / Medicare,fiscal_year,2023,2023,2023,23,3
Health Insurance,Medicare,2024,862.0,Billions of dollars,51298-2023-09-healthinsurance.xlsx,Table 2,false,51298,Table 2. CBO and JCT's Projections of Net Federal Subsidies for Health Insurance / Medicaid and CHIP / Medicare,fiscal_year,2024,2024,2024,23,4
Health Insurance,Medicare,2025,907.0,Billions of dollars,51298-2023-09-healthinsurance.xlsx,Table 2,false,51298,Table 2. CBO and JCT's Projections of Net Federal Subsidies for Health Insurance / Medicaid and CHIP / Medicare,fiscal_year,2025,2025,2025,23,5
Health Insurance,Medicare,2026,972.0,Billions of dollars,51298-2023-09-healthinsurance.xlsx,Table 2,false,51298,Table 2. CBO and JCT's Projections of Net Federal Subsidies for Health Insurance / Medicaid and CHIP / Medicare,fiscal_year,2026,2026,2026,23,6
Health Insurance,Medicare,2027,1041.0,Billions of dollars,51298-2023-09-healthinsurance.xlsx,Table 2,false,51298,Table 2. CBO and JCT's Projections of Net Federal Subsidies for Health Insurance / Medicaid and CHIP / Medicare,fiscal_year,2027,2027,2027,23,7
Health Insurance,Medicare,2028,1112.0,Billions of dollars,51298-2023-09-healthinsurance.xlsx,Table 2,false,51298,Table 2. CBO and JCT's Projections of Net Federal Subsidies for Health Insurance / Medicaid and CHIP / Medicare,fiscal_year,2028,2028,2028,23,8
Health Insurance,Medicare,2029,1188.0,Billions of dollars,51298-2023-09-healthinsurance.xlsx,Table 2,false,51298,Table 2. CBO and JCT's Projections of Net Federal Subsidies for Health Insurance / Medicaid and CHIP / Medicare,fiscal_year,2029,2029,2029,23,9
Health Insurance,Medicare,2030,1270.0,Billions of dollars,51298-2023-09-healthinsurance.xlsx,Table 2,false,51298,Table 2. CBO and JCT's Projections of Net Federal Subsidies for Health Insurance / Medicaid and CHIP / Medicare,fiscal_year,2030,2030,2030,23,10
Health Insurance,Medicare,2031,1359.0,Billions of dollars,51298-2023-09-healthinsurance.xlsx,Table 2,false,51298,Table 2. CBO and JCT's Projections of Net Federal Subsidies for Health Insurance / Medicaid and CHIP / Medicare,fiscal_year,2031,2031,2031,23,11
Health Insurance,Medicare,2032,1454.0,Billions of dollars,51298-2023-09-healthinsurance.xlsx,Table 2,false,51298,Table 2. CBO and JCT's Projections of Net Federal Subsidies for Health Insurance / Medicaid and CHIP / Medicare,fiscal_year,2032,2032,2032,23,12
Health Insurance,Medicare,2033,1572.0,Billions of dollars,51298-2023-09-healthinsurance.xlsx,Table 2,false,51298,Table 2. CBO and JCT's Projections of Net Federal Subsidies for Health Insurance / Medicaid and CHIP / Medicare,fiscal_year,2033,2033,2033,23,13
Health Insurance,Outlays for premium tax credits and 1332 waivers,2023,71.0,Billions of dollars,51298-2023-09-healthinsurance.xlsx,Table 2,false,51298,Table 2. CBO and JCT's Projections of Net Federal Subsidies for Health Insurance / Nongroup Coverage and the Basic Health Program / Outlays for premium tax credits and 1332 waivers,fiscal_year,2023,2023,2023,25,3
Health Insurance,Outlays for premium tax credits and 1332 waivers,2024,85.0,Billions of dollars,51298-2023-09-healthinsurance.xlsx,Table 2,false,51298,Table 2. CBO and JCT's Projections of Net Federal Subsidies for Health Insurance / Nongroup Coverage and the Basic Health Program / Outlays for premium tax credits and 1332 waivers,fiscal_year,2024,2024,2024,25,4
Health Insurance,Outlays for premium tax credits and 1332 waivers,2025,92.0,Billions of dollars,51298-2023-09-healthinsurance.xlsx,Table 2,false,51298,Table 2. CBO and JCT's Projections of Net Federal Subsidies for Health Insurance / Nongroup Coverage and the Basic Health Program / Outlays for premium tax credits and 1332 waivers,fiscal_year,2025,2025,2025,25,5
Health Insurance,Outlays for premium tax credits and 1332 waivers,2026,71.0,Billions of dollars,51298-2023-09-healthinsurance.xlsx,Table 2,false,51298,Table 2. CBO and JCT's Projections of Net Federal Subsidies for Health Insurance / Nongroup Coverage and the Basic Health Program / Outlays for premium tax credits and 1332 waivers,fiscal_year,2026,2026,2026,25,6
Health Insurance,Outlays for premium tax credits and 1332 waivers,2027,71.0,Billions of dollars,51298-2023-09-healthinsurance.xlsx,Table 2,false,51298,Table 2. CBO and JCT's Projections of Net Federal Subsidies for Health Insurance / Nongroup Coverage and the Basic Health Program / Outlays for premium tax credits and 1332 waivers,fiscal_year,2027,2027,2027,25,7
Health Insurance,Outlays for premium tax credits and 1332 waivers,2028,74.0,Billions of dollars,51298-2023-09-healthinsurance.xlsx,Table 2,false,51298,Table 2. CBO and JCT's Projections of Net Federal Subsidies for Health Insurance / Nongroup Coverage and the Basic Health Program / Outlays for premium tax credits and 1332 waivers,fiscal_year,2028,2028,2028,25,8
Health Insurance,Outlays for premium tax credits and 1332 waivers,2029,78.0,Billions of dollars,51298-2023-09-healthinsurance.xlsx,Table 2,false,51298,Table 2. CBO and JCT's Projections of Net Federal Subsidies for Health Insurance / Nongroup Coverage and the Basic Health Program / Outlays for premium tax credits and 1332 waivers,fiscal_year,2029,2029,2029,25,9
Health Insurance,Outlays for premium tax credits and 1332 waivers,2030,81.0,Billions of dollars,51298-2023-09-healthinsurance.xlsx,Table 2,false,51298,Table 2. CBO and JCT's Projections of Net Federal Subsidies for Health Insurance / Nongroup Coverage and the Basic Health Program / Outlays for premium tax credits and 1332 waivers,fiscal_year,2030,2030,2030,25,10
Health Insurance,Outlays for premium tax credits and 1332 waivers,2031,84.0,Billions of dollars,51298-2023-09-healthinsurance.xlsx,Table 2,false,51298,Table 2. CBO and JCT's Projections of Net Federal Subsidies for Health Insurance / Nongroup Coverage and the Basic Health Program / Outlays for premium tax credits and 1332 waivers,fiscal_year,2031,2031,2031,25,11
Health Insurance,Outlays for premium tax credits and 1332 waivers,2032,90.0,Billions of dollars,51298-2023-09-healthinsurance.xlsx,Table 2,false,51298,Table 2. CBO and JCT's Projections of Net Federal Subsidies for Health Insurance / Nongroup Coverage and the Basic Health Program / Outlays for premium tax credits and 1332 waivers,fiscal_year,2032,2032,2032,25,12
Health Insurance,Outlays for premium tax credits and 1332 waivers,2033,96.0,Billions of dollars,51298-2023-09-healthinsurance.xlsx,Table 2,false,51298,Table 2. CBO and JCT's Projections of Net Federal Subsidies for Health Insurance / Nongroup Coverage and the Basic Health Program / Outlays for premium tax credits and 1332 waivers,fiscal_year,2033,2033,2033,25,13
Health Insurance,n.a.,2023,11.0,Billions of dollars,51298-2023-09-healthinsurance.xlsx,Table 2,false,51298,Table 2. CBO and JCT's Projections of Net Federal Subsidies for Health Insurance / Nongroup Coverage and the Basic Health Program / Revenue reductions from premium tax credits / n.a.,fiscal_year,2023,2023,2023,26,3
Health Insurance,n.a.,2024,13.0,Billions of dollars,51298-2023-09-healthinsurance.xlsx,Table 2,false,51298,Table 2. CBO and JCT's Projections of Net Federal Subsidies for Health Insurance / Nongroup Coverage and the Basic Health Program / Revenue reductions from premium tax credits / n.a.,fiscal_year,2024,2024,2024,26,4
Health Insurance,n.a.,2025,17.0,Billions of dollars,51298-2023-09-healthinsurance.xlsx,Table 2,false,51298,Table 2. CBO and JCT's Projections of Net Federal Subsidies for Health Insurance / Nongroup Coverage and the Basic Health Program / Revenue reductions from premium tax credits / n.a.,fiscal_year,2025,2025,2025,26,5
Health Insurance,n.a.,2026,19.0,Billions of dollars,51298-2023-09-healthinsurance.xlsx,Table 2,false,51298,Table 2. CBO and JCT's Projections of Net Federal Subsidies for Health Insurance / Nongroup Coverage and the Basic Health Program / Revenue reductions from premium tax credits / n.a.,fiscal_year,2026,2026,2026,26,6
Health Insurance,n.a.,2027,11.0,Billions of dollars,51298-2023-09-healthinsurance.xlsx,Table 2,false,51298,Table 2. CBO and JCT's Projections of Net Federal Subsidies for Health Insurance / Nongroup Coverage and the Basic Health Program / Revenue reductions from premium tax credits / n.a.,fiscal_year,2027,2027,2027,26,7
Health Insurance,n.a.,2028,11.0,Billions of dollars,51298-2023-09-healthinsurance.xlsx,Table 2,false,51298,Table 2. CBO and JCT's Projections of Net Federal Subsidies for Health Insurance / Nongroup Coverage and the Basic Health Program / Revenue reductions from premium tax credits / n.a.,fiscal_year,2028,2028,2028,26,8
Health Insurance,n.a.,2029,11.0,Billions of dollars,51298-2023-09-healthinsurance.xlsx,Table 2,false,51298,Table 2. CBO and JCT's Projections of Net Federal Subsidies for Health Insurance / Nongroup Coverage and the Basic Health Program / Revenue reductions from premium tax credits / n.a.,fiscal_year,2029,2029,2029,26,9
Health Insurance,n.a.,2030,12.0,Billions of dollars,51298-2023-09-healthinsurance.xlsx,Table 2,false,51298,Table 2. CBO and JCT's Projections of Net Federal Subsidies for Health Insurance / Nongroup Coverage and the Basic Health Program / Revenue reductions from premium tax credits / n.a.,fiscal_year,2030,2030,2030,26,10
Health Insurance,n.a.,2031,12.0,Billions of dollars,51298-2023-09-healthinsurance.xlsx,Table 2,false,51298,Table 2. CBO and JCT's Projections of Net Federal Subsidies for Health Insurance / Nongroup Coverage and the Basic Health Program / Revenue reductions from premium tax credits / n.a.,fiscal_year,2031,2031,2031,26,11
Health Insurance,n.a.,2032,12.0,Billions of dollars,51298-2023-09-healthinsurance.xlsx,Table 2,false,51298,Table 2. CBO and JCT's Projections of Net Federal Subsidies for Health Insurance / Nongroup Coverage and the Basic Health Program / Revenue reductions from premium tax credits / n.a.,fiscal_year,2032,2032,2032,26,12
Health Insurance,n.a.,2033,13.0,Billions of dollars,51298-2023-09-healthinsurance.xlsx,Table 2,false,51298,Table 2. CBO and JCT's Projections of Net Federal Subsidies for Health Insurance / Nongroup Coverage and the Basic Health Program / Revenue reductions from premium tax credits / n.a.,fiscal_year,2033,2033,2033,26,13
Health Insurance,Outlays for the Basic Health Program,2023,10.0,Billions of dollars,51298-2023-09-healthinsurance.xlsx,Table 2,false,51298,Table 2. CBO and JCT's Projections of Net Federal Subsidies for Health Insurance / Nongroup Coverage and the Basic Health Program / Outlays for the Basic Health Program,fiscal_year,2023,2023,2023,27,3
Health Insurance,Outlays for the Basic Health Program,2024,10.0,Billions of dollars,51298-2023-09-healthinsurance.xlsx,Table 2,false,51298,Table 2. CBO and JCT's Projections of Net Federal Subsidies for Health Insurance / Nongroup Coverage and the Basic Health Program / Outlays for the Basic Health Program,fiscal_year,2024,2024,2024,27,4
Health Insurance,Outlays for the Basic Health Program,2025,10.0,Billions of dollars,51298-2023-09-healthinsurance.xlsx,Table 2,false,51298,Table 2. CBO and JCT's Projections of Net Federal Subsidies for Health Insurance / Nongroup Coverage and the Basic Health Program / Outlays for the Basic Health Program,fiscal_year,2025,2025,2025,27,5
Health Insurance,Outlays for the Basic Health Program,2026,9.0,Billions of dollars,51298-2023-09-healthinsurance.xlsx,Table 2,false,51298,Table 2. CBO and JCT's Projections of Net Federal Subsidies for Health Insurance / Nongroup Coverage and the Basic Health Program / Outlays for the Basic Health Program,fiscal_year,2026,2026,2026,27,6
Health Insurance,Outlays for the Basic Health Program,2027,10.0,Billions of dollars,51298-2023-09-healthinsurance.xlsx,Table 2,false,51298,Table 2. CBO and JCT's Projections of Net Federal Subsidies for Health Insurance / Nongroup Coverage and the Basic Health Program / Outlays for the Basic Health Program,fiscal_year,2027,2027,2027,27,7
Health Insurance,Outlays for the Basic Health Program,2028,11.0,Billions of dollars,51298-2023-09-healthinsurance.xlsx,Table 2,false,51298,Table 2. CBO and JCT's Projections of Net Federal Subsidies for Health Insurance / Nongroup Coverage and the Basic Health Program / Outlays for the Basic Health Program,fiscal_year,2028,2028,2028,27,8
Health Insurance,Outlays for the Basic Health Program,2029,11.0,Billions of dollars,51298-2023-09-healthinsurance.xlsx,Table 2,false,51298,Table 2. CBO and JCT's Projections of Net Federal Subsidies for Health Insurance / Nongroup Coverage and the Basic Health Program / Outlays for the Basic Health Program,fiscal_year,2029,2029,2029,27,9
Health Insurance,Outlays for the Basic Health Program,2030,12.0,Billions of dollars,51298-2023-09-healthinsurance.xlsx,Table 2,false,51298,Table 2. CBO and JCT's Projections of Net Federal Subsidies for Health Insurance / Nongroup Coverage and the Basic Health Program / Outlays for the Basic Health Program,fiscal_year,2030,2030,2030,27,10
Health Insurance,Outlays for the Basic Health Program,2031,12.0,Billions of dollars,51298-2023-09-healthinsurance.xlsx,Table 2,false,51298,Table 2. CBO and JCT's Projections of Net Federal Subsidies for Health Insurance / Nongroup Coverage and the Basic Health Program / Outlays for the Basic Health Program,fiscal_year,2031,2031,2031,27,11
Health Insurance,Outlays for the Basic Health Program,2032,13.0,Billions of dollars,51298-2023-09-healthinsurance.xlsx,Table 2,false,51298,Table 2. CBO and JCT's Projections of Net Federal Subsidies for Health Insurance / Nongroup Coverage and the Basic Health Program / Outlays for the Basic Health Program,fiscal_year,2032,2032,2032,27,12
Health Insurance,Outlays for the Basic Health Program,2033,14.0,Billions of dollars,51298-2023-09-healthinsurance.xlsx,Table 2,false,51298,Table 2. CBO and JCT's Projections of Net Federal Subsidies for Health Insurance / Nongroup Coverage and the Basic Health Program / Outlays for the Basic Health Program,fiscal_year,2033,2033,2033,27,13
Health Insurance,Collections for risk adjustment,2023,-7.0,Billions of dollars,51298-2023-09-healthinsurance.xlsx,Table 2,false,51298,Table 2. CBO and JCT's Projections of Net Federal Subsidies for Health Insurance / Nongroup Coverage and the Basic Health Program / Collections for risk adjustment,fiscal_year,2023,2023,2023,28,3
Health Insurance,Collections for risk adjustment,2024,-8.0,Billions of dollars,51298-2023-09-healthinsurance.xlsx,Table 2,false,51298,Table 2. CBO and JCT's Projections of Net Federal Subsidies for Health Insurance / Nongroup Coverage and the Basic Health Program / Collections for risk adjustment,fiscal_year,2024,2024,2024,28,4
Health Insurance,Collections for risk adjustment,2025,-9.0,Billions of dollars,51298-2023-09-healthinsurance.xlsx,Table 2,false,51298,Table 2. CBO and JCT's Projections of Net Federal Subsidies for Health Insurance / Nongroup Coverage and the Basic Health Program / Collections for risk adjustment,fiscal_year,2025,2025,2025,28,5
Health Insurance,Collections for risk adjustment,2026,-10.0,Billions of dollars,51298-2023-09-healthinsurance.xlsx,Table 2,false,51298,Table 2. CBO and JCT's Projections of Net Federal Subsidies for Health Insurance / Nongroup Coverage and the Basic Health Program / Collections for risk adjustment,fiscal_year,2026,2026,2026,28,6
Health Insurance,Collections for risk adjustment,2027,-10.0,Billions of dollars,51298-2023-09-healthinsurance.xlsx,Table 2,false,51298,Table 2. CBO and JCT's Projections of Net Federal Subsidies for Health Insurance / Nongroup Coverage and the Basic Health Program / Collections for risk adjustment,fiscal_year,2027,2027,2027,28,7
Health Insurance,Collections for risk adjustment,2028,-10.0,Billions of dollars,51298-2023-09-healthinsurance.xlsx,Table 2,false,51298,Table 2. CBO and JCT's Projections of Net Federal Subsidies for Health Insurance / Nongroup Coverage and the Basic Health Program / Collections for risk adjustment,fiscal_year,2028,2028,2028,28,8
Health Insurance,Collections for risk adjustment,2029,-10.0,Billions of dollars,51298-2023-09-healthinsurance.xlsx,Table 2,false,51298,Table 2. CBO and JCT's Projections of Net Federal Subsidies for Health Insurance / Nongroup Coverage and the Basic Health Program / Collections for risk adjustment,fiscal_year,2029,2029,2029,28,9
Health Insurance,Collections for risk adjustment,2030,-10.0,Billions of dollars,51298-2023-09-healthinsurance.xlsx,Table 2,false,51298,Table 2. CBO and JCT's Projections of Net Federal Subsidies for Health Insurance / Nongroup Coverage and the Basic Health Program / Collections for risk adjustment,fiscal_year,2030,2030,2030,28,10
Health Insurance,Collections for risk adjustment,2031,-11.0,Billions of dollars,51298-2023-09-healthinsurance.xlsx,Table 2,false,51298,Table 2. CBO and JCT's Projections of Net Federal Subsidies for Health Insurance / Nongroup Coverage and the Basic Health Program / Collections for risk adjustment,fiscal_year,2031,2031,2031,28,11
Health Insurance,Collections for risk adjustment,2032,-11.0,Billions of dollars,51298-2023-09-healthinsurance.xlsx,Table 2,false,51298,Table 2. CBO and JCT's Projections of Net Federal Subsidies for Health Insurance / Nongroup Coverage and the Basic Health Program / Collections for risk adjustment,fiscal_year,2032,2032,2032,28,12
Health Insurance,Collections for risk adjustment,2033,-12.0,Billions of dollars,51298-2023-09-healthinsurance.xlsx,Table 2,false,51298,Table 2. CBO and JCT's Projections of Net Federal Subsidies for Health Insurance / Nongroup Coverage and the Basic Health Program / Collections for risk adjustment,fiscal_year,2033,2033,2033,28,13
Health Insurance,Payments for risk adjustment,2023,7.0,Billions of dollars,51298-2023-09-healthinsurance.xlsx,Table 2,false,51298,Table 2. CBO and JCT's Projections of Net Federal Subsidies for Health Insurance / Nongroup Coverage and the Basic Health Program / Payments for risk adjustment,fiscal_year,2023,2023,2023,29,3
Health Insurance,Payments for risk adjustment,2024,7.0,Billions of dollars,51298-2023-09-healthinsurance.xlsx,Table 2,false,51298,Table 2. CBO and JCT's Projections of Net Federal Subsidies for Health Insurance / Nongroup Coverage and the Basic Health Program / Payments for risk adjustment,fiscal_year,2024,2024,2024,29,4
Health Insurance,Payments for risk adjustment,2025,8.0,Billions of dollars,51298-2023-09-healthinsurance.xlsx,Table 2,false,51298,Table 2. CBO and JCT's Projections of Net Federal Subsidies for Health Insurance / Nongroup Coverage and the Basic Health Program / Payments for risk adjustment,fiscal_year,2025,2025,2025,29,5
Health Insurance,Payments for risk adjustment,2026,9.0,Billions of dollars,51298-2023-09-healthinsurance.xlsx,Table 2,false,51298,Table 2. CBO and JCT's Projections of Net Federal Subsidies for Health Insurance / Nongroup Coverage and the Basic Health Program / Payments for risk adjustment,fiscal_year,2026,2026,2026,29,6
Health Insurance,Payments for risk adjustment,2027,10.0,Billions of dollars,51298-2023-09-healthinsurance.xlsx,Table 2,false,51298,Table 2. CBO and JCT's Projections of Net Federal Subsidies for Health Insurance / Nongroup Coverage and the Basic Health Program / Payments for risk adjustment,fiscal_year,2027,2027,2027,29,7
Health Insurance,Payments for risk adjustment,2028,10.0,Billions of dollars,51298-2023-09-healthinsurance.xlsx,Table 2,false,51298,Table 2. CBO and JCT's Projections of Net Federal Subsidies for Health Insurance / Nongroup Coverage and the Basic Health Program / Payments for risk adjustment,fiscal_year,2028,2028,2028,29,8
Health Insurance,Payments for risk adjustment,2029,10.0,Billions of dollars,51298-2023-09-healthinsurance.xlsx,Table 2,false,51298,Table 2. CBO and JCT's Projections of Net Federal Subsidies for Health Insurance / Nongroup Coverage and the Basic Health Program / Payments for risk adjustment,fiscal_year,2029,2029,2029,29,9
Health Insurance,Payments for risk adjustment,2030,10.0,Billions of dollars,51298-2023-09-healthinsurance.xlsx,Table 2,false,51298,Table 2. CBO and JCT's Projections of Net Federal Subsidies for Health Insurance / Nongroup Coverage and the Basic Health Program / Payments for risk adjustment,fiscal_year,2030,2030,2030,29,10
Health Insurance,Payments for risk adjustment,2031,11.0,Billions of dollars,51298-2023-09-healthinsurance.xlsx,Table 2,false,51298,Table 2. CBO and JCT's Projections of Net Federal Subsidies for Health Insurance / Nongroup Coverage and the Basic Health Program / Payments for risk adjustment,fiscal_year,2031,2031,2031,29,11
Health Insurance,Payments for risk adjustment,2032,12.0,Billions of dollars,51298-2023-09-healthinsurance.xlsx,Table 2,false,51298,Table 2. CBO and JCT's Projections of Net Federal Subsidies for Health Insurance / Nongroup Coverage and the Basic Health Program / Payments for risk adjustment,fiscal_year,2032,2032,2032,29,12
Health Insurance,Payments for risk adjustment,2033,12.0,Billions of dollars,51298-2023-09-healthinsurance.xlsx,Table 2,false,51298,Table 2. CBO and JCT's Projections of Net Federal Subsidies for Health Insurance / Nongroup Coverage and the Basic Health Program / Payments for risk adjustment,fiscal_year,2033,2033,2033,29,13
Health Insurance,n.a.,2023,92.0,Billions of dollars,51298-2023-09-healthinsurance.xlsx,Table 2,true,51298,Table 2. CBO and JCT's Projections of Net Federal Subsidies for Health Insurance / Nongroup Coverage and the Basic Health Program / Subtotal / n.a.,fiscal_year,2023,2023,2023,30,3
Health Insurance,n.a.,2024,108.0,Billions of dollars,51298-2023-09-healthinsurance.xlsx,Table 2,true,51298,Table 2. CBO and JCT's Projections of Net Federal Subsidies for Health Insurance / Nongroup Coverage and the Basic Health Program / Subtotal / n.a.,fiscal_year,2024,2024,2024,30,4
Health Insurance,n.a.,2025,118.0,Billions of dollars,51298-2023-09-healthinsurance.xlsx,Table 2,true,51298,Table 2. CBO and JCT's Projections of Net Federal Subsidies for Health Insurance / Nongroup Coverage and the Basic Health Program / Subtotal / n.a.,fiscal_year,2025,2025,2025,30,5
Health Insurance,n.a.,2026,98.0,Billions of dollars,51298-2023-09-healthinsurance.xlsx,Table 2,true,51298,Table 2. CBO and JCT's Projections of Net Federal Subsidies for Health Insurance / Nongroup Coverage and the Basic Health Program / Subtotal / n.a.,fiscal_year,2026,2026,2026,30,6
Health Insurance,n.a.,2027,92.0,Billions of dollars,51298-2023-09-healthinsurance.xlsx,Table 2,true,51298,Table 2. CBO and JCT's Projections of Net Federal Subsidies for Health Insurance / Nongroup Coverage and the Basic Health Program / Subtotal / n.a.,fiscal_year,2027,2027,2027,30,7
Health Insurance,n.a.,2028,96.0,Billions of dollars,51298-2023-09-healthinsurance.xlsx,Table 2,true,51298,Table 2. CBO and JCT's Projections of Net Federal Subsidies for Health Insurance / Nongroup Coverage and the Basic Health Program / Subtotal / n.a.,fiscal_year,2028,2028,2028,30,8
Health Insurance,n.a.,2029,100.0,Billions of dollars,51298-2023-09-healthinsurance.xlsx,Table 2,true,51298,Table 2. CBO and JCT's Projections of Net Federal Subsidies for Health Insurance / Nongroup Coverage and the Basic Health Program / Subtotal / n.a.,fiscal_year,2029,2029,2029,30,9
Health Insurance,n.a.,2030,104.0,Billions of dollars,51298-2023-09-healthinsurance.xlsx,Table 2,true,51298,Table 2. CBO and JCT's Projections of Net Federal Subsidies for Health Insurance / Nongroup Coverage and the Basic Health Program / Subtotal / n.a.,fiscal_year,2030,2030,2030,30,10
Health Insurance,n.a.,2031,108.0,Billions of dollars,51298-2023-09-healthinsurance.xlsx,Table 2,true,51298,Table 2. CBO and JCT's Projections of Net Federal Subsidies for Health Insurance / Nongroup Coverage and the Basic Health Program / Subtotal / n.a.,fiscal_year,2031,2031,2031,30,11
Health Insurance,n.a.,2032,115.0,Billions of dollars,51298-2023-09-healthinsurance.xlsx,Table 2,true,51298,Table 2. CBO and JCT's Projections of Net Federal Subsidies for Health Insurance / Nongroup Coverage and the Basic Health Program / Subtotal / n.a.,fiscal_year,2032,2032,2032,30,12
Health Insurance,n.a.,2033,122.0,Billions of dollars,51298-2023-09-healthinsurance.xlsx,Table 2,true,51298,Table 2. CBO and JCT's Projections of Net Federal Subsidies for Health Insurance / Nongroup Coverage and the Basic Health Program / Subtotal / n.a.,fiscal_year,2033,2033,2033,30,13
Health Insurance,n.a.,2023,43.0,Billions of dollars,51298-2023-09-healthinsurance.xlsx,Table 2,false,51298,Table 2. CBO and JCT's Projections of Net Federal Subsidies for Health Insurance / Nongroup Coverage and the Basic Health Program / Other Federal Spending Associated With Health Benefits / n.a.,fiscal_year,2023,2023,2023,31,3
Health Insurance,n.a.,2024,41.0,Billions of dollars,51298-2023-09-healthinsurance.xlsx,Table 2,false,51298,Table 2. CBO and JCT's Projections of Net Federal Subsidies for Health Insurance / Nongroup Coverage and the Basic Health Program / Other Federal Spending Associated With Health Benefits / n.a.,fiscal_year,2024,2024,2024,31,4
Health Insurance,n.a.,2025,42.0,Billions of dollars,51298-2023-09-healthinsurance.xlsx,Table 2,false,51298,Table 2. CBO and JCT's Projections of Net Federal Subsidies for Health Insurance / Nongroup Coverage and the Basic Health Program / Other Federal Spending Associated With Health Benefits / n.a.,fiscal_year,2025,2025,2025,31,5
Health Insurance,n.a.,2026,47.0,Billions of dollars,51298-2023-09-healthinsurance.xlsx,Table 2,false,51298,Table 2. CBO and JCT's Projections of Net Federal Subsidies for Health Insurance / Nongroup Coverage and the Basic Health Program / Other Federal Spending Associated With Health Benefits / n.a.,fiscal_year,2026,2026,2026,31,6
Health Insurance,n.a.,2027,51.0,Billions of dollars,51298-2023-09-healthinsurance.xlsx,Table 2,false,51298,Table 2. CBO and JCT's Projections of Net Federal Subsidies for Health Insurance / Nongroup Coverage and the Basic Health Program / Other Federal Spending Associated With Health Benefits / n.a.,fiscal_year,2027,2027,2027,31,7
Health Insurance,n.a.,2028,55.0,Billions of dollars,51298-2023-09-healthinsurance.xlsx,Table 2,false,51298,Table 2. CBO and JCT's Projections of Net Federal Subsidies for Health Insurance / Nongroup Coverage and the Basic Health Program / Other Federal Spending Associated With Health Benefits / n.a.,fiscal_year,2028,2028,2028,31,8
Health Insurance,n.a.,2029,58.0,Billions of dollars,51298-2023-09-healthinsurance.xlsx,Table 2,false,51298,Table 2. CBO and JCT's Projections of Net Federal Subsidies for Health Insurance / Nongroup Coverage and the Basic Health Program / Other Federal Spending Associated With Health Benefits / n.a.,fiscal_year,2029,2029,2029,31,9
Health Insurance,n.a.,2030,63.0,Billions of dollars,51298-2023-09-healthinsurance.xlsx,Table 2,false,51298,Table 2. CBO and JCT's Projections of Net Federal Subsidies for Health Insurance / Nongroup Coverage and the Basic Health Program / Other Federal Spending Associated With Health Benefits / n.a.,fiscal_year,2030,2030,2030,31,10
Health Insurance,n.a.,2031,67.0,Billions of dollars,51298-2023-09-healthinsurance.xlsx,Table 2,false,51298,Table 2. CBO and JCT's Projections of Net Federal Subsidies for Health Insurance / Nongroup Coverage and the Basic Health Program / Other Federal Spending Associated With Health Benefits / n.a.,fiscal_year,2031,2031,2031,31,11
Health Insurance,n.a.,2032,72.0,Billions of dollars,51298-2023-09-healthinsurance.xlsx,Table 2,false,51298,Table 2. CBO and JCT's Projections of Net Federal Subsidies for Health Insurance / Nongroup Coverage and the Basic Health Program / Other Federal Spending Associated With Health Benefits / n.a.,fiscal_year,2032,2032,2032,31,12
Health Insurance,n.a.,2033,78.0,Billions of dollars,51298-2023-09-healthinsurance.xlsx,Table 2,false,51298,Table 2. CBO and JCT's Projections of Net Federal Subsidies for Health Insurance / Nongroup Coverage and the Basic Health Program / Other Federal Spending Associated With Health Benefits / n.a.,fiscal_year,2033,2033,2033,31,13
Health Insurance,n.a.,2023,1844.0,Billions of dollars,51298-2023-09-healthinsurance.xlsx,Table 2,false,51298,Table 2. CBO and JCT's Projections of Net Federal Subsidies for Health Insurance / Nongroup Coverage and the Basic Health Program / Net Subsidies / n.a.,fiscal_year,2023,2023,2023,32,3
Health Insurance,n.a.,2024,1878.0,Billions of dollars,51298-2023-09-healthinsurance.xlsx,Table 2,false,51298,Table 2. CBO and JCT's Projections of Net Federal Subsidies for Health Insurance / Nongroup Coverage and the Basic Health Program / Net Subsidies / n.a.,fiscal_year,2024,2024,2024,32,4
Health Insurance,n.a.,2025,1957.0,Billions of dollars,51298-2023-09-healthinsurance.xlsx,Table 2,false,51298,Table 2. CBO and JCT's Projections of Net Federal Subsidies for Health Insurance / Nongroup Coverage and the Basic Health Program / Net Subsidies / n.a.,fiscal_year,2025,2025,2025,32,5
Health Insurance,n.a.,2026,2104.0,Billions of dollars,51298-2023-09-healthinsurance.xlsx,Table 2,false,51298,Table 2. CBO and JCT's Projections of Net Federal Subsidies for Health Insurance / Nongroup Coverage and the Basic Health Program / Net Subsidies / n.a.,fiscal_year,2026,2026,2026,32,6
Health Insurance,n.a.,2027,2252.0,Billions of dollars,51298-2023-09-healthinsurance.xlsx,Table 2,false,51298,Table 2. CBO and JCT's Projections of Net Federal Subsidies for Health Insurance / Nongroup Coverage and the Basic Health Program / Net Subsidies / n.a.,fiscal_year,2027,2027,2027,32,7
Health Insurance,n.a.,2028,2390.0,Billions of dollars,51298-2023-09-healthinsurance.xlsx,Table 2,false,51298,Table 2. CBO and JCT's Projections of Net Federal Subsidies for Health Insurance / Nongroup Coverage and the Basic Health Program / Net Subsidies / n.a.,fiscal_year,2028,2028,2028,32,8
Health Insurance,n.a.,2029,2537.0,Billions of dollars,51298-2023-09-healthinsurance.xlsx,Table 2,false,51298,Table 2. CBO and JCT's Projections of Net Federal Subsidies for Health Insurance / Nongroup Coverage and the Basic Health Program / Net Subsidies / n.a.,fiscal_year,2029,2029,2029,32,9
Health Insurance,n.a.,2030,2694.0,Billions of dollars,51298-2023-09-healthinsurance.xlsx,Table 2,false,51298,Table 2. CBO and JCT's Projections of Net Federal Subsidies for Health Insurance / Nongroup Coverage and the Basic Health Program / Net Subsidies / n.a.,fiscal_year,2030,2030,2030,32,10
Health Insurance,n.a.,2031,2864.0,Billions of dollars,51298-2023-09-healthinsurance.xlsx,Table 2,false,51298,Table 2. CBO and JCT's Projections of Net Federal Subsidies for Health Insurance / Nongroup Coverage and the Basic Health Program / Net Subsidies / n.a.,fiscal_year,2031,2031,2031,32,11
Health Insurance,n.a.,2032,3048.0,Billions of dollars,51298-2023-09-healthinsurance.xlsx,Table 2,false,51298,Table 2. CBO and JCT's Projections of Net Federal Subsidies for Health Insurance / Nongroup Coverage and the Basic Health Program / Net Subsidies / n.a.,fiscal_year,2032,2032,2032,32,12
Health Insurance,n.a.,2033,3257.0,Billions of dollars,51298-2023-09-healthinsurance.xlsx,Table 2,false,51298,Table 2. CBO and JCT's Projections of Net Federal Subsidies for Health Insurance / Nongroup Coverage and the Basic Health Program / Net Subsidies / n.a.,fiscal_year,2033,2033,2033,32,13
Health Insurance,n.a.,2023,7.03,Billions of dollars,51298-2023-09-healthinsurance.xlsx,Table 2,false,51298,Table 2. CBO and JCT's Projections of Net Federal Subsidies for Health Insurance / Memorandum: / Net subsidies as a percentage of GDP / n.a.,fiscal_year,2023,2023,2023,34,3
Health Insurance,n.a.,2024,6.887,Billions of dollars,51298-2023-09-healthinsurance.xlsx,Table 2,false,51298,Table 2. CBO and JCT's Projections of Net Federal Subsidies for Health Insurance / Memorandum: / Net subsidies as a percentage of GDP / n.a.,fiscal_year,2024,2024,2024,34,4
Health Insurance,n.a.,2025,6.841,Billions of dollars,51298-2023-09-healthinsurance.xlsx,Table 2,false,51298,Table 2. CBO and JCT's Projections of Net Federal Subsidies for Health Insurance / Memorandum: / Net subsidies as a percentage of GDP / n.a.,fiscal_year,2025,2025,2025,34,5
Health Insurance,n.a.,2026,7.03,Billions of dollars,51298-2023-09-healthinsurance.xlsx,Table 2,false,51298,Table 2. CBO and JCT's Projections of Net Federal Subsidies for Health Insurance / Memorandum: / Net subsidies as a percentage of GDP / n.a.,fiscal_year,2026,2026,2026,34,6
Health Insurance,n.a.,2027,7.206,Billions of dollars,51298-2023-09-healthinsurance.xlsx,Table 2,false,51298,Table 2. CBO and JCT's Projections of Net Federal Subsidies for Health Insurance / Memorandum: / Net subsidies as a percentage of GDP / n.a.,fiscal_year,2027,2027,2027,34,7
Health Insurance,n.a.,2028,7.349,Billions of dollars,51298-2023-09-healthinsurance.xlsx,Table 2,false,51298,Table 2. CBO and JCT's Projections of Net Federal Subsidies for Health Insurance / Memorandum: / Net subsidies as a percentage of GDP / n.a.,fiscal_year,2028,2028,2028,34,8
Health Insurance,n.a.,2029,7.502,Billions of dollars,51298-2023-09-healthinsurance.xlsx,Table 2,false,51298,Table 2. CBO and JCT's Projections of Net Federal Subsidies for Health Insurance / Memorandum: / Net subsidies as a percentage of GDP / n.a.,fiscal_year,2029,2029,2029,34,9
Health Insurance,n.a.,2030,7.667,Billions of dollars,51298-2023-09-healthinsurance.xlsx,Table 2,false,51298,Table 2. CBO and JCT's Projections of Net Federal Subsidies for Health Insurance / Memorandum: / Net subsidies as a percentage of GDP / n.a.,fiscal_year,2030,2030,2030,34,10
Health Insurance,n.a.,2031,7.848,Billions of dollars,51298-2023-09-healthinsurance.xlsx,Table 2,false,51298,Table 2. CBO and JCT's Projections of Net Federal Subsidies for Health Insurance / Memorandum: / Net subsidies as a percentage of GDP / n.a.,fiscal_year,2031,2031,2031,34,11
Health Insurance,n.a.,2032,8.048,Billions of dollars,51298-2023-09-healthinsurance.xlsx,Table 2,false,51298,Table 2. CBO and JCT's Projections of Net Federal Subsidies for Health Insurance / Memorandum: / Net subsidies as a percentage of GDP / n.a.,fiscal_year,2032,2032,2032,34,12
Health Insurance,n.a.,2033,8.29,Billions of dollars,51298-2023-09-healthinsurance.xlsx,Table 2,false,51298,Table 2. CBO and JCT's Projections of Net Federal Subsidies for Health Insurance / Memorandum: / Net subsidies as a percentage of GDP / n.a.,fiscal_year,2033,2033,2033,34,13
