program,category,fiscal_year,value,unit,source_file,source_sheet,is_total,program_id,category_path,period_type,period_start_year,period_end_year,period_label,source_row,source_column
Health Insurance,Total Population,,349.4,Millions of people,51298-2026-02-healthinsurance.xlsx,healthinsuranceT1_02-2026,true,51298,"CBO’s Projections of Health Insurance Coverage, by Source / PARTICIPATION INFORMATION / Total Population",calendar_year,2026,2026,2026,13,8
Health Insurance,Total Population,,350.3,Millions of people,51298-2026-02-healthinsurance.xlsx,healthinsuranceT1_02-2026,true,51298,"CBO’s Projections of Health Insurance Coverage, by Source / PARTICIPATION INFORMATION / Total Population",calendar_year,2027,2027,2027,13,9
Health Insurance,Total Population,,351.2,Millions of people,51298-2026-02-healthinsurance.xlsx,healthinsuranceT1_02-2026,true,51298,"CBO’s Projections of Health Insurance Coverage, by Source / PARTICIPATION INFORMATION / Total Population",calendar_year,2028,2028,2028,13,10
Health Insurance,Total Population,,352.2,Millions of people,51298-2026-02-healthinsurance.xlsx,healthinsuranceT1_02-2026,true,51298,"CBO’s Projections of Health Insurance Coverage, by Source / PARTICIPATION INFORMATION / Total Population",calendar_year,2029,2029,2029,13,11
Health Insurance,Total Population,,353.3,Millions of people,51298-2026-02-healthinsurance.xlsx,healthinsuranceT1_02-2026,true,51298,"CBO’s Projections of Health Insurance Coverage, by Source / PARTICIPATION INFORMATION / Total Population",calendar_year,2030,2030,2030,13,12
Health Insurance,Total Population,,354.3,Millions of people,51298-2026-02-healthinsurance.xlsx,healthinsuranceT1_02-2026,true,51298,"CBO’s Projections of Health Insurance Coverage, by Source / PARTICIPATION INFORMATION / Total Population",calendar_year,2031,2031,2031,13,13
Health Insurance,Total Population,,355.2,Millions of people,51298-2026-02-healthinsurance.xlsx,healthinsuranceT1_02-2026,true,51298,"CBO’s Projections of Health Insurance Coverage, by Source / PARTICIPATION INFORMATION / Total Population",calendar_year,2032,2032,2032,13,14
Health Insurance,Total Population,,356.1,Millions of people,51298-2026-02-healthinsurance.xlsx,healthinsuranceT1_02-2026,true,51298,"CBO’s Projections of Health Insurance Coverage, by Source / PARTICIPATION INFORMATION / Total Population",calendar_year,2033,2033,2033,13,15
Health Insurance,Total Population,,356.9,Millions of people,51298-2026-02-healthinsurance.xlsx,healthinsuranceT1_02-2026,true,51298,"CBO’s Projections of Health Insurance Coverage, by Source / PARTICIPATION INFORMATION / Total Population",calendar_year,2034,2034,2034,13,16
Health Insurance,Total Population,,357.7,Millions of people,51298-2026-02-healthinsurance.xlsx,healthinsuranceT1_02-2026,true,51298,"CBO’s Projections of Health Insurance Coverage, by Source / PARTICIPATION INFORMATION / Total Population",calendar_year,2035,2035,2035,13,17
Health Insurance,Total Population,,358.5,Millions of people,51298-2026-02-healthinsurance.xlsx,healthinsuranceT1_02-2026,true,51298,"CBO’s Projections of Health Insurance Coverage, by Source / PARTICIPATION INFORMATION / Total Population",calendar_year,2036,2036,2036,13,18
Health Insurance,Insured,,319.4,Millions of people,51298-2026-02-healthinsurance.xlsx,healthinsuranceT1_02-2026,false,51298,"CBO’s Projections of Health Insurance Coverage, by Source / PARTICIPATION INFORMATION / Insured",calendar_year,2026,2026,2026,14,8
Health Insurance,Insured,,316.2,Millions of people,51298-2026-02-healthinsurance.xlsx,healthinsuranceT1_02-2026,false,51298,"CBO’s Projections of Health Insurance Coverage, by Source / PARTICIPATION INFORMATION / Insured",calendar_year,2027,2027,2027,14,9
Health Insurance,Insured,,315.9,Millions of people,51298-2026-02-healthinsurance.xlsx,healthinsuranceT1_02-2026,false,51298,"CBO’s Projections of Health Insurance Coverage, by Source / PARTICIPATION INFORMATION / Insured",calendar_year,2028,2028,2028,14,10
Health Insurance,Insured,,315.6,Millions of people,51298-2026-02-healthinsurance.xlsx,healthinsuranceT1_02-2026,false,51298,"CBO’s Projections of Health Insurance Coverage, by Source / PARTICIPATION INFORMATION / Insured",calendar_year,2029,2029,2029,14,11
Health Insurance,Insured,,316.5,Millions of people,51298-2026-02-healthinsurance.xlsx,healthinsuranceT1_02-2026,false,51298,"CBO’s Projections of Health Insurance Coverage, by Source / PARTICIPATION INFORMATION / Insured",calendar_year,2030,2030,2030,14,12
Health Insurance,Insured,,317.0,Millions of people,51298-2026-02-healthinsurance.xlsx,healthinsuranceT1_02-2026,false,51298,"CBO’s Projections of Health Insurance Coverage, by Source / PARTICIPATION INFORMATION / Insured",calendar_year,2031,2031,2031,14,13
Health Insurance,Insured,,318.0,Millions of people,51298-2026-02-healthinsurance.xlsx,healthinsuranceT1_02-2026,false,51298,"CBO’s Projections of Health Insurance Coverage, by Source / PARTICIPATION INFORMATION / Insured",calendar_year,2032,2032,2032,14,14
Health Insurance,Insured,,318.9,Millions of people,51298-2026-02-healthinsurance.xlsx,healthinsuranceT1_02-2026,false,51298,"CBO’s Projections of Health Insurance Coverage, by Source / PARTICIPATION INFORMATION / Insured",calendar_year,2033,2033,2033,14,15
Health Insurance,Insured,,319.6,Millions of people,51298-2026-02-healthinsurance.xlsx,healthinsuranceT1_02-2026,false,51298,"CBO’s Projections of Health Insurance Coverage, by Source / PARTICIPATION INFORMATION / Insured",calendar_year,2034,2034,2034,14,16
Health Insurance,Insured,,320.3,Millions of people,51298-2026-02-healthinsurance.xlsx,healthinsuranceT1_02-2026,false,51298,"CBO’s Projections of Health Insurance Coverage, by Source / PARTICIPATION INFORMATION / Insured",calendar_year,2035,2035,2035,14,17
Health Insurance,Insured,,321.0,Millions of people,51298-2026-02-healthinsurance.xlsx,healthinsuranceT1_02-2026,false,51298,"CBO’s Projections of Health Insurance Coverage, by Source / PARTICIPATION INFORMATION / Insured",calendar_year,2036,2036,2036,14,18
Health Insurance,Uninsuredb,,30.0,Millions of people,51298-2026-02-healthinsurance.xlsx,healthinsuranceT1_02-2026,false,51298,"CBO’s Projections of Health Insurance Coverage, by Source / PARTICIPATION INFORMATION / Uninsuredb",calendar_year,2026,2026,2026,15,8
Health Insurance,Uninsuredb,,34.1,Millions of people,51298-2026-02-healthinsurance.xlsx,healthinsuranceT1_02-2026,false,51298,"CBO’s Projections of Health Insurance Coverage, by Source / PARTICIPATION INFORMATION / Uninsuredb",calendar_year,2027,2027,2027,15,9
Health Insurance,Uninsuredb,,35.3,Millions of people,51298-2026-02-healthinsurance.xlsx,healthinsuranceT1_02-2026,false,51298,"CBO’s Projections of Health Insurance Coverage, by Source / PARTICIPATION INFORMATION / Uninsuredb",calendar_year,2028,2028,2028,15,10
Health Insurance,Uninsuredb,,36.6,Millions of people,51298-2026-02-healthinsurance.xlsx,healthinsuranceT1_02-2026,false,51298,"CBO’s Projections of Health Insurance Coverage, by Source / PARTICIPATION INFORMATION / Uninsuredb",calendar_year,2029,2029,2029,15,11
Health Insurance,Uninsuredb,,36.8,Millions of people,51298-2026-02-healthinsurance.xlsx,healthinsuranceT1_02-2026,false,51298,"CBO’s Projections of Health Insurance Coverage, by Source / PARTICIPATION INFORMATION / Uninsuredb",calendar_year,2030,2030,2030,15,12
Health Insurance,Uninsuredb,,37.2,Millions of people,51298-2026-02-healthinsurance.xlsx,healthinsuranceT1_02-2026,false,51298,"CBO’s Projections of Health Insurance Coverage, by Source / PARTICIPATION INFORMATION / Uninsuredb",calendar_year,2031,2031,2031,15,13
Health Insurance,Uninsuredb,,37.2,Millions of people,51298-2026-02-healthinsurance.xlsx,healthinsuranceT1_02-2026,false,51298,"CBO’s Projections of Health Insurance Coverage, by Source / PARTICIPATION INFORMATION / Uninsuredb",calendar_year,2032,2032,2032,15,14
Health Insurance,Uninsuredb,,37.2,Millions of people,51298-2026-02-healthinsurance.xlsx,healthinsuranceT1_02-2026,false,51298,"CBO’s Projections of Health Insurance Coverage, by Source / PARTICIPATION INFORMATION / Uninsuredb",calendar_year,2033,2033,2033,15,15
Health Insurance,Uninsuredb,,37.3,Millions of people,51298-2026-02-healthinsurance.xlsx,healthinsuranceT1_02-2026,false,51298,"CBO’s Projections of Health Insurance Coverage, by Source / PARTICIPATION INFORMATION / Uninsuredb",calendar_year,2034,2034,2034,15,16
Health Insurance,Uninsuredb,,37.4,Millions of people,51298-2026-02-healthinsurance.xlsx,healthinsuranceT1_02-2026,false,51298,"CBO’s Projections of Health Insurance Coverage, by Source / PARTICIPATION INFORMATION / Uninsuredb",calendar_year,2035,2035,2035,15,17
Health Insurance,Uninsuredb,,37.4,Millions of people,51298-2026-02-healthinsurance.xlsx,healthinsuranceT1_02-2026,false,51298,"CBO’s Projections of Health Insurance Coverage, by Source / PARTICIPATION INFORMATION / Uninsuredb",calendar_year,2036,2036,2036,15,18
Health Insurance,Employment-Based Coveragec,,166.5,Millions of people,51298-2026-02-healthinsurance.xlsx,healthinsuranceT1_02-2026,false,51298,"CBO’s Projections of Health Insurance Coverage, by Source / PARTICIPATION INFORMATION / Employment-Based Coveragec",calendar_year,2026,2026,2026,17,8
Health Insurance,Employment-Based Coveragec,,167.2,Millions of people,51298-2026-02-healthinsurance.xlsx,healthinsuranceT1_02-2026,false,51298,"CBO’s Projections of Health Insurance Coverage, by Source / PARTICIPATION INFORMATION / Employment-Based Coveragec",calendar_year,2027,2027,2027,17,9
Health Insurance,Employment-Based Coveragec,,168.1,Millions of people,51298-2026-02-healthinsurance.xlsx,healthinsuranceT1_02-2026,false,51298,"CBO’s Projections of Health Insurance Coverage, by Source / PARTICIPATION INFORMATION / Employment-Based Coveragec",calendar_year,2028,2028,2028,17,10
Health Insurance,Employment-Based Coveragec,,168.4,Millions of people,51298-2026-02-healthinsurance.xlsx,healthinsuranceT1_02-2026,false,51298,"CBO’s Projections of Health Insurance Coverage, by Source / PARTICIPATION INFORMATION / Employment-Based Coveragec",calendar_year,2029,2029,2029,17,11
Health Insurance,Employment-Based Coveragec,,168.9,Millions of people,51298-2026-02-healthinsurance.xlsx,healthinsuranceT1_02-2026,false,51298,"CBO’s Projections of Health Insurance Coverage, by Source / PARTICIPATION INFORMATION / Employment-Based Coveragec",calendar_year,2030,2030,2030,17,12
Health Insurance,Employment-Based Coveragec,,169.2,Millions of people,51298-2026-02-healthinsurance.xlsx,healthinsuranceT1_02-2026,false,51298,"CBO’s Projections of Health Insurance Coverage, by Source / PARTICIPATION INFORMATION / Employment-Based Coveragec",calendar_year,2031,2031,2031,17,13
Health Insurance,Employment-Based Coveragec,,169.5,Millions of people,51298-2026-02-healthinsurance.xlsx,healthinsuranceT1_02-2026,false,51298,"CBO’s Projections of Health Insurance Coverage, by Source / PARTICIPATION INFORMATION / Employment-Based Coveragec",calendar_year,2032,2032,2032,17,14
Health Insurance,Employment-Based Coveragec,,169.8,Millions of people,51298-2026-02-healthinsurance.xlsx,healthinsuranceT1_02-2026,false,51298,"CBO’s Projections of Health Insurance Coverage, by Source / PARTICIPATION INFORMATION / Employment-Based Coveragec",calendar_year,2033,2033,2033,17,15
Health Insurance,Employment-Based Coveragec,,170.1,Millions of people,51298-2026-02-healthinsurance.xlsx,healthinsuranceT1_02-2026,false,51298,"CBO’s Projections of Health Insurance Coverage, by Source / PARTICIPATION INFORMATION / Employment-Based Coveragec",calendar_year,2034,2034,2034,17,16
Health Insurance,Employment-Based Coveragec,,170.5,Millions of people,51298-2026-02-healthinsurance.xlsx,healthinsuranceT1_02-2026,false,51298,"CBO’s Projections of Health Insurance Coverage, by Source / PARTICIPATION INFORMATION / Employment-Based Coveragec",calendar_year,2035,2035,2035,17,17
Health Insurance,Employment-Based Coveragec,,170.7,Millions of people,51298-2026-02-healthinsurance.xlsx,healthinsuranceT1_02-2026,false,51298,"CBO’s Projections of Health Insurance Coverage, by Source / PARTICIPATION INFORMATION / Employment-Based Coveragec",calendar_year,2036,2036,2036,17,18
Health Insurance,People age 65 or older in Medicaid,,6.2,Millions of people,51298-2026-02-healthinsurance.xlsx,healthinsuranceT1_02-2026,false,51298,"CBO’s Projections of Health Insurance Coverage, by Source / Medicaid and CHIPd / People age 65 or older in Medicaid",calendar_year,2026,2026,2026,20,8
Health Insurance,People age 65 or older in Medicaid,,6.3,Millions of people,51298-2026-02-healthinsurance.xlsx,healthinsuranceT1_02-2026,false,51298,"CBO’s Projections of Health Insurance Coverage, by Source / Medicaid and CHIPd / People age 65 or older in Medicaid",calendar_year,2027,2027,2027,20,9
Health Insurance,People age 65 or older in Medicaid,,6.4,Millions of people,51298-2026-02-healthinsurance.xlsx,healthinsuranceT1_02-2026,false,51298,"CBO’s Projections of Health Insurance Coverage, by Source / Medicaid and CHIPd / People age 65 or older in Medicaid",calendar_year,2028,2028,2028,20,10
Health Insurance,People age 65 or older in Medicaid,,6.5,Millions of people,51298-2026-02-healthinsurance.xlsx,healthinsuranceT1_02-2026,false,51298,"CBO’s Projections of Health Insurance Coverage, by Source / Medicaid and CHIPd / People age 65 or older in Medicaid",calendar_year,2029,2029,2029,20,11
Health Insurance,People age 65 or older in Medicaid,,6.5,Millions of people,51298-2026-02-healthinsurance.xlsx,healthinsuranceT1_02-2026,false,51298,"CBO’s Projections of Health Insurance Coverage, by Source / Medicaid and CHIPd / People age 65 or older in Medicaid",calendar_year,2030,2030,2030,20,12
Health Insurance,People age 65 or older in Medicaid,,6.6,Millions of people,51298-2026-02-healthinsurance.xlsx,healthinsuranceT1_02-2026,false,51298,"CBO’s Projections of Health Insurance Coverage, by Source / Medicaid and CHIPd / People age 65 or older in Medicaid",calendar_year,2031,2031,2031,20,13
Health Insurance,People age 65 or older in Medicaid,,6.6,Millions of people,51298-2026-02-healthinsurance.xlsx,healthinsuranceT1_02-2026,false,51298,"CBO’s Projections of Health Insurance Coverage, by Source / Medicaid and CHIPd / People age 65 or older in Medicaid",calendar_year,2032,2032,2032,20,14
Health Insurance,People age 65 or older in Medicaid,,6.7,Millions of people,51298-2026-02-healthinsurance.xlsx,healthinsuranceT1_02-2026,false,51298,"CBO’s Projections of Health Insurance Coverage, by Source / Medicaid and CHIPd / People age 65 or older in Medicaid",calendar_year,2033,2033,2033,20,15
Health Insurance,People age 65 or older in Medicaid,,6.7,Millions of people,51298-2026-02-healthinsurance.xlsx,healthinsuranceT1_02-2026,false,51298,"CBO’s Projections of Health Insurance Coverage, by Source / Medicaid and CHIPd / People age 65 or older in Medicaid",calendar_year,2034,2034,2034,20,16
Health Insurance,People age 65 or older in Medicaid,,6.8,Millions of people,51298-2026-02-healthinsurance.xlsx,healthinsuranceT1_02-2026,false,51298,"CBO’s Projections of Health Insurance Coverage, by Source / Medicaid and CHIPd / People age 65 or older in Medicaid",calendar_year,2035,2035,2035,20,17
Health Insurance,People age 65 or older in Medicaid,,6.9,Millions of people,51298-2026-02-healthinsurance.xlsx,healthinsuranceT1_02-2026,false,51298,"CBO’s Projections of Health Insurance Coverage, by Source / Medicaid and CHIPd / People age 65 or older in Medicaid",calendar_year,2036,2036,2036,20,18
Health Insurance,Blind and disabled people in Medicaid,,7.6,Millions of people,51298-2026-02-healthinsurance.xlsx,healthinsuranceT1_02-2026,false,51298,"CBO’s Projections of Health Insurance Coverage, by Source / Medicaid and CHIPd / Blind and disabled people in Medicaid",calendar_year,2026,2026,2026,21,8
Health Insurance,Blind and disabled people in Medicaid,,7.7,Millions of people,51298-2026-02-healthinsurance.xlsx,healthinsuranceT1_02-2026,false,51298,"CBO’s Projections of Health Insurance Coverage, by Source / Medicaid and CHIPd / Blind and disabled people in Medicaid",calendar_year,2027,2027,2027,21,9
Health Insurance,Blind and disabled people in Medicaid,,7.8,Millions of people,51298-2026-02-healthinsurance.xlsx,healthinsuranceT1_02-2026,false,51298,"CBO’s Projections of Health Insurance Coverage, by Source / Medicaid and CHIPd / Blind and disabled people in Medicaid",calendar_year,2028,2028,2028,21,10
Health Insurance,Blind and disabled people in Medicaid,,7.9,Millions of people,51298-2026-02-healthinsurance.xlsx,healthinsuranceT1_02-2026,false,51298,"CBO’s Projections of Health Insurance Coverage, by Source / Medicaid and CHIPd / Blind and disabled people in Medicaid",calendar_year,2029,2029,2029,21,11
Health Insurance,Blind and disabled people in Medicaid,,7.9,Millions of people,51298-2026-02-healthinsurance.xlsx,healthinsuranceT1_02-2026,false,51298,"CBO’s Projections of Health Insurance Coverage, by Source / Medicaid and CHIPd / Blind and disabled people in Medicaid",calendar_year,2030,2030,2030,21,12
Health Insurance,Blind and disabled people in Medicaid,,8.0,Millions of people,51298-2026-02-healthinsurance.xlsx,healthinsuranceT1_02-2026,false,51298,"CBO’s Projections of Health Insurance Coverage, by Source / Medicaid and CHIPd / Blind and disabled people in Medicaid",calendar_year,2031,2031,2031,21,13
Health Insurance,Blind and disabled people in Medicaid,,8.1,Millions of people,51298-2026-02-healthinsurance.xlsx,healthinsuranceT1_02-2026,false,51298,"CBO’s Projections of Health Insurance Coverage, by Source / Medicaid and CHIPd / Blind and disabled people in Medicaid",calendar_year,2032,2032,2032,21,14
Health Insurance,Blind and disabled people in Medicaid,,8.1,Millions of people,51298-2026-02-healthinsurance.xlsx,healthinsuranceT1_02-2026,false,51298,"CBO’s Projections of Health Insurance Coverage, by Source / Medicaid and CHIPd / Blind and disabled people in Medicaid",calendar_year,2033,2033,2033,21,15
Health Insurance,Blind and disabled people in Medicaid,,8.2,Millions of people,51298-2026-02-healthinsurance.xlsx,healthinsuranceT1_02-2026,false,51298,"CBO’s Projections of Health Insurance Coverage, by Source / Medicaid and CHIPd / Blind and disabled people in Medicaid",calendar_year,2034,2034,2034,21,16
Health Insurance,Blind and disabled people in Medicaid,,8.3,Millions of people,51298-2026-02-healthinsurance.xlsx,healthinsuranceT1_02-2026,false,51298,"CBO’s Projections of Health Insurance Coverage, by Source / Medicaid and CHIPd / Blind and disabled people in Medicaid",calendar_year,2035,2035,2035,21,17
Health Insurance,Blind and disabled people in Medicaid,,8.3,Millions of people,51298-2026-02-healthinsurance.xlsx,healthinsuranceT1_02-2026,false,51298,"CBO’s Projections of Health Insurance Coverage, by Source / Medicaid and CHIPd / Blind and disabled people in Medicaid",calendar_year,2036,2036,2036,21,18
Health Insurance,Children in Medicaid,,29.9,Millions of people,51298-2026-02-healthinsurance.xlsx,healthinsuranceT1_02-2026,false,51298,"CBO’s Projections of Health Insurance Coverage, by Source / Medicaid and CHIPd / Children in Medicaid",calendar_year,2026,2026,2026,22,8
Health Insurance,Children in Medicaid,,29.3,Millions of people,51298-2026-02-healthinsurance.xlsx,healthinsuranceT1_02-2026,false,51298,"CBO’s Projections of Health Insurance Coverage, by Source / Medicaid and CHIPd / Children in Medicaid",calendar_year,2027,2027,2027,22,9
Health Insurance,Children in Medicaid,,28.8,Millions of people,51298-2026-02-healthinsurance.xlsx,healthinsuranceT1_02-2026,false,51298,"CBO’s Projections of Health Insurance Coverage, by Source / Medicaid and CHIPd / Children in Medicaid",calendar_year,2028,2028,2028,22,10
Health Insurance,Children in Medicaid,,28.6,Millions of people,51298-2026-02-healthinsurance.xlsx,healthinsuranceT1_02-2026,false,51298,"CBO’s Projections of Health Insurance Coverage, by Source / Medicaid and CHIPd / Children in Medicaid",calendar_year,2029,2029,2029,22,11
Health Insurance,Children in Medicaid,,29.1,Millions of people,51298-2026-02-healthinsurance.xlsx,healthinsuranceT1_02-2026,false,51298,"CBO’s Projections of Health Insurance Coverage, by Source / Medicaid and CHIPd / Children in Medicaid",calendar_year,2030,2030,2030,22,12
Health Insurance,Children in Medicaid,,29.8,Millions of people,51298-2026-02-healthinsurance.xlsx,healthinsuranceT1_02-2026,false,51298,"CBO’s Projections of Health Insurance Coverage, by Source / Medicaid and CHIPd / Children in Medicaid",calendar_year,2031,2031,2031,22,13
Health Insurance,Children in Medicaid,,29.6,Millions of people,51298-2026-02-healthinsurance.xlsx,healthinsuranceT1_02-2026,false,51298,"CBO’s Projections of Health Insurance Coverage, by Source / Medicaid and CHIPd / Children in Medicaid",calendar_year,2032,2032,2032,22,14
Health Insurance,Children in Medicaid,,29.3,Millions of people,51298-2026-02-healthinsurance.xlsx,healthinsuranceT1_02-2026,false,51298,"CBO’s Projections of Health Insurance Coverage, by Source / Medicaid and CHIPd / Children in Medicaid",calendar_year,2033,2033,2033,22,15
Health Insurance,Children in Medicaid,,28.9,Millions of people,51298-2026-02-healthinsurance.xlsx,healthinsuranceT1_02-2026,false,51298,"CBO’s Projections of Health Insurance Coverage, by Source / Medicaid and CHIPd / Children in Medicaid",calendar_year,2034,2034,2034,22,16
Health Insurance,Children in Medicaid,,28.6,Millions of people,51298-2026-02-healthinsurance.xlsx,healthinsuranceT1_02-2026,false,51298,"CBO’s Projections of Health Insurance Coverage, by Source / Medicaid and CHIPd / Children in Medicaid",calendar_year,2035,2035,2035,22,17
Health Insurance,Children in Medicaid,,28.3,Millions of people,51298-2026-02-healthinsurance.xlsx,healthinsuranceT1_02-2026,false,51298,"CBO’s Projections of Health Insurance Coverage, by Source / Medicaid and CHIPd / Children in Medicaid",calendar_year,2036,2036,2036,22,18
Health Insurance,Adults made eligible for Medicaid by the ACA,,15.3,Millions of people,51298-2026-02-healthinsurance.xlsx,healthinsuranceT1_02-2026,false,51298,"CBO’s Projections of Health Insurance Coverage, by Source / Medicaid and CHIPd / Adults made eligible for Medicaid by the ACA",calendar_year,2026,2026,2026,23,8
Health Insurance,Adults made eligible for Medicaid by the ACA,,13.8,Millions of people,51298-2026-02-healthinsurance.xlsx,healthinsuranceT1_02-2026,false,51298,"CBO’s Projections of Health Insurance Coverage, by Source / Medicaid and CHIPd / Adults made eligible for Medicaid by the ACA",calendar_year,2027,2027,2027,23,9
Health Insurance,Adults made eligible for Medicaid by the ACA,,12.6,Millions of people,51298-2026-02-healthinsurance.xlsx,healthinsuranceT1_02-2026,false,51298,"CBO’s Projections of Health Insurance Coverage, by Source / Medicaid and CHIPd / Adults made eligible for Medicaid by the ACA",calendar_year,2028,2028,2028,23,10
Health Insurance,Adults made eligible for Medicaid by the ACA,,11.1,Millions of people,51298-2026-02-healthinsurance.xlsx,healthinsuranceT1_02-2026,false,51298,"CBO’s Projections of Health Insurance Coverage, by Source / Medicaid and CHIPd / Adults made eligible for Medicaid by the ACA",calendar_year,2029,2029,2029,23,11
Health Insurance,Adults made eligible for Medicaid by the ACA,,10.5,Millions of people,51298-2026-02-healthinsurance.xlsx,healthinsuranceT1_02-2026,false,51298,"CBO’s Projections of Health Insurance Coverage, by Source / Medicaid and CHIPd / Adults made eligible for Medicaid by the ACA",calendar_year,2030,2030,2030,23,12
Health Insurance,Adults made eligible for Medicaid by the ACA,,10.1,Millions of people,51298-2026-02-healthinsurance.xlsx,healthinsuranceT1_02-2026,false,51298,"CBO’s Projections of Health Insurance Coverage, by Source / Medicaid and CHIPd / Adults made eligible for Medicaid by the ACA",calendar_year,2031,2031,2031,23,13
Health Insurance,Adults made eligible for Medicaid by the ACA,,9.9,Millions of people,51298-2026-02-healthinsurance.xlsx,healthinsuranceT1_02-2026,false,51298,"CBO’s Projections of Health Insurance Coverage, by Source / Medicaid and CHIPd / Adults made eligible for Medicaid by the ACA",calendar_year,2032,2032,2032,23,14
Health Insurance,Adults made eligible for Medicaid by the ACA,,9.8,Millions of people,51298-2026-02-healthinsurance.xlsx,healthinsuranceT1_02-2026,false,51298,"CBO’s Projections of Health Insurance Coverage, by Source / Medicaid and CHIPd / Adults made eligible for Medicaid by the ACA",calendar_year,2033,2033,2033,23,15
Health Insurance,Adults made eligible for Medicaid by the ACA,,9.7,Millions of people,51298-2026-02-healthinsurance.xlsx,healthinsuranceT1_02-2026,false,51298,"CBO’s Projections of Health Insurance Coverage, by Source / Medicaid and CHIPd / Adults made eligible for Medicaid by the ACA",calendar_year,2034,2034,2034,23,16
Health Insurance,Adults made eligible for Medicaid by the ACA,,9.6,Millions of people,51298-2026-02-healthinsurance.xlsx,healthinsuranceT1_02-2026,false,51298,"CBO’s Projections of Health Insurance Coverage, by Source / Medicaid and CHIPd / Adults made eligible for Medicaid by the ACA",calendar_year,2035,2035,2035,23,17
Health Insurance,Adults made eligible for Medicaid by the ACA,,9.4,Millions of people,51298-2026-02-healthinsurance.xlsx,healthinsuranceT1_02-2026,false,51298,"CBO’s Projections of Health Insurance Coverage, by Source / Medicaid and CHIPd / Adults made eligible for Medicaid by the ACA",calendar_year,2036,2036,2036,23,18
Health Insurance,Adults otherwise eligible for Medicaid,,14.3,Millions of people,51298-2026-02-healthinsurance.xlsx,healthinsuranceT1_02-2026,false,51298,"CBO’s Projections of Health Insurance Coverage, by Source / Medicaid and CHIPd / Adults otherwise eligible for Medicaid",calendar_year,2026,2026,2026,24,8
Health Insurance,Adults otherwise eligible for Medicaid,,14.0,Millions of people,51298-2026-02-healthinsurance.xlsx,healthinsuranceT1_02-2026,false,51298,"CBO’s Projections of Health Insurance Coverage, by Source / Medicaid and CHIPd / Adults otherwise eligible for Medicaid",calendar_year,2027,2027,2027,24,9
Health Insurance,Adults otherwise eligible for Medicaid,,13.7,Millions of people,51298-2026-02-healthinsurance.xlsx,healthinsuranceT1_02-2026,false,51298,"CBO’s Projections of Health Insurance Coverage, by Source / Medicaid and CHIPd / Adults otherwise eligible for Medicaid",calendar_year,2028,2028,2028,24,10
Health Insurance,Adults otherwise eligible for Medicaid,,13.3,Millions of people,51298-2026-02-healthinsurance.xlsx,healthinsuranceT1_02-2026,false,51298,"CBO’s Projections of Health Insurance Coverage, by Source / Medicaid and CHIPd / Adults otherwise eligible for Medicaid",calendar_year,2029,2029,2029,24,11
Health Insurance,Adults otherwise eligible for Medicaid,,13.1,Millions of people,51298-2026-02-healthinsurance.xlsx,healthinsuranceT1_02-2026,false,51298,"CBO’s Projections of Health Insurance Coverage, by Source / Medicaid and CHIPd / Adults otherwise eligible for Medicaid",calendar_year,2030,2030,2030,24,12
Health Insurance,Adults otherwise eligible for Medicaid,,13.0,Millions of people,51298-2026-02-healthinsurance.xlsx,healthinsuranceT1_02-2026,false,51298,"CBO’s Projections of Health Insurance Coverage, by Source / Medicaid and CHIPd / Adults otherwise eligible for Medicaid",calendar_year,2031,2031,2031,24,13
Health Insurance,Adults otherwise eligible for Medicaid,,13.0,Millions of people,51298-2026-02-healthinsurance.xlsx,healthinsuranceT1_02-2026,false,51298,"CBO’s Projections of Health Insurance Coverage, by Source / Medicaid and CHIPd / Adults otherwise eligible for Medicaid",calendar_year,2032,2032,2032,24,14
Health Insurance,Adults otherwise eligible for Medicaid,,13.0,Millions of people,51298-2026-02-healthinsurance.xlsx,healthinsuranceT1_02-2026,false,51298,"CBO’s Projections of Health Insurance Coverage, by Source / Medicaid and CHIPd / Adults otherwise eligible for Medicaid",calendar_year,2033,2033,2033,24,15
Health Insurance,Adults otherwise eligible for Medicaid,,13.0,Millions of people,51298-2026-02-healthinsurance.xlsx,healthinsuranceT1_02-2026,false,51298,"CBO’s Projections of Health Insurance Coverage, by Source / Medicaid and CHIPd / Adults otherwise eligible for Medicaid",calendar_year,2034,2034,2034,24,16
Health Insurance,Adults otherwise eligible for Medicaid,,12.9,Millions of people,51298-2026-02-healthinsurance.xlsx,healthinsuranceT1_02-2026,false,51298,"CBO’s Projections of Health Insurance Coverage, by Source / Medicaid and CHIPd / Adults otherwise eligible for Medicaid",calendar_year,2035,2035,2035,24,17
Health Insurance,Adults otherwise eligible for Medicaid,,12.9,Millions of people,51298-2026-02-healthinsurance.xlsx,healthinsuranceT1_02-2026,false,51298,"CBO’s Projections of Health Insurance Coverage, by Source / Medicaid and CHIPd / Adults otherwise eligible for Medicaid",calendar_year,2036,2036,2036,24,18
Health Insurance,CHIP,,7.3,Millions of people,51298-2026-02-healthinsurance.xlsx,healthinsuranceT1_02-2026,false,51298,"CBO’s Projections of Health Insurance Coverage, by Source / Medicaid and CHIPd / CHIP",calendar_year,2026,2026,2026,25,8
Health Insurance,CHIP,,7.2,Millions of people,51298-2026-02-healthinsurance.xlsx,healthinsuranceT1_02-2026,false,51298,"CBO’s Projections of Health Insurance Coverage, by Source / Medicaid and CHIPd / CHIP",calendar_year,2027,2027,2027,25,9
Health Insurance,CHIP,,7.1,Millions of people,51298-2026-02-healthinsurance.xlsx,healthinsuranceT1_02-2026,false,51298,"CBO’s Projections of Health Insurance Coverage, by Source / Medicaid and CHIPd / CHIP",calendar_year,2028,2028,2028,25,10
Health Insurance,CHIP,,6.8,Millions of people,51298-2026-02-healthinsurance.xlsx,healthinsuranceT1_02-2026,false,51298,"CBO’s Projections of Health Insurance Coverage, by Source / Medicaid and CHIPd / CHIP",calendar_year,2029,2029,2029,25,11
Health Insurance,CHIP,,5.5,Millions of people,51298-2026-02-healthinsurance.xlsx,healthinsuranceT1_02-2026,false,51298,"CBO’s Projections of Health Insurance Coverage, by Source / Medicaid and CHIPd / CHIP",calendar_year,2030,2030,2030,25,12
Health Insurance,CHIP,,3.6,Millions of people,51298-2026-02-healthinsurance.xlsx,healthinsuranceT1_02-2026,false,51298,"CBO’s Projections of Health Insurance Coverage, by Source / Medicaid and CHIPd / CHIP",calendar_year,2031,2031,2031,25,13
Health Insurance,CHIP,,3.5,Millions of people,51298-2026-02-healthinsurance.xlsx,healthinsuranceT1_02-2026,false,51298,"CBO’s Projections of Health Insurance Coverage, by Source / Medicaid and CHIPd / CHIP",calendar_year,2032,2032,2032,25,14
Health Insurance,CHIP,,3.4,Millions of people,51298-2026-02-healthinsurance.xlsx,healthinsuranceT1_02-2026,false,51298,"CBO’s Projections of Health Insurance Coverage, by Source / Medicaid and CHIPd / CHIP",calendar_year,2033,2033,2033,25,15
Health Insurance,CHIP,,3.3,Millions of people,51298-2026-02-healthinsurance.xlsx,healthinsuranceT1_02-2026,false,51298,"CBO’s Projections of Health Insurance Coverage, by Source / Medicaid and CHIPd / CHIP",calendar_year,2034,2034,2034,25,16
Health Insurance,CHIP,,3.2,Millions of people,51298-2026-02-healthinsurance.xlsx,healthinsuranceT1_02-2026,false,51298,"CBO’s Projections of Health Insurance Coverage, by Source / Medicaid and CHIPd / CHIP",calendar_year,2035,2035,2035,25,17
Health Insurance,CHIP,,3.1,Millions of people,51298-2026-02-healthinsurance.xlsx,healthinsuranceT1_02-2026,false,51298,"CBO’s Projections of Health Insurance Coverage, by Source / Medicaid and CHIPd / CHIP",calendar_year,2036,2036,2036,25,18
Health Insurance,"Subtotal, Medicaid and CHIP",,80.5,Millions of people,51298-2026-02-healthinsurance.xlsx,healthinsuranceT1_02-2026,true,51298,"CBO’s Projections of Health Insurance Coverage, by Source / Medicaid and CHIPd / Subtotal, Medicaid and CHIP",calendar_year,2026,2026,2026,26,8
Health Insurance,"Subtotal, Medicaid and CHIP",,78.4,Millions of people,51298-2026-02-healthinsurance.xlsx,healthinsuranceT1_02-2026,true,51298,"CBO’s Projections of Health Insurance Coverage, by Source / Medicaid and CHIPd / Subtotal, Medicaid and CHIP",calendar_year,2027,2027,2027,26,9
Health Insurance,"Subtotal, Medicaid and CHIP",,76.5,Millions of people,51298-2026-02-healthinsurance.xlsx,healthinsuranceT1_02-2026,true,51298,"CBO’s Projections of Health Insurance Coverage, by Source / Medicaid and CHIPd / Subtotal, Medicaid and CHIP",calendar_year,2028,2028,2028,26,10
Health Insurance,"Subtotal, Medicaid and CHIP",,74.3,Millions of people,51298-2026-02-healthinsurance.xlsx,healthinsuranceT1_02-2026,true,51298,"CBO’s Projections of Health Insurance Coverage, by Source / Medicaid and CHIPd / Subtotal, Medicaid and CHIP",calendar_year,2029,2029,2029,26,11
Health Insurance,"Subtotal, Medicaid and CHIP",,72.7,Millions of people,51298-2026-02-healthinsurance.xlsx,healthinsuranceT1_02-2026,true,51298,"CBO’s Projections of Health Insurance Coverage, by Source / Medicaid and CHIPd / Subtotal, Medicaid and CHIP",calendar_year,2030,2030,2030,26,12
Health Insurance,"Subtotal, Medicaid and CHIP",,71.1,Millions of people,51298-2026-02-healthinsurance.xlsx,healthinsuranceT1_02-2026,true,51298,"CBO’s Projections of Health Insurance Coverage, by Source / Medicaid and CHIPd / Subtotal, Medicaid and CHIP",calendar_year,2031,2031,2031,26,13
Health Insurance,"Subtotal, Medicaid and CHIP",,70.7,Millions of people,51298-2026-02-healthinsurance.xlsx,healthinsuranceT1_02-2026,true,51298,"CBO’s Projections of Health Insurance Coverage, by Source / Medicaid and CHIPd / Subtotal, Medicaid and CHIP",calendar_year,2032,2032,2032,26,14
Health Insurance,"Subtotal, Medicaid and CHIP",,70.4,Millions of people,51298-2026-02-healthinsurance.xlsx,healthinsuranceT1_02-2026,true,51298,"CBO’s Projections of Health Insurance Coverage, by Source / Medicaid and CHIPd / Subtotal, Medicaid and CHIP",calendar_year,2033,2033,2033,26,15
Health Insurance,"Subtotal, Medicaid and CHIP",,69.9,Millions of people,51298-2026-02-healthinsurance.xlsx,healthinsuranceT1_02-2026,true,51298,"CBO’s Projections of Health Insurance Coverage, by Source / Medicaid and CHIPd / Subtotal, Medicaid and CHIP",calendar_year,2034,2034,2034,26,16
Health Insurance,"Subtotal, Medicaid and CHIP",,69.4,Millions of people,51298-2026-02-healthinsurance.xlsx,healthinsuranceT1_02-2026,true,51298,"CBO’s Projections of Health Insurance Coverage, by Source / Medicaid and CHIPd / Subtotal, Medicaid and CHIP",calendar_year,2035,2035,2035,26,17
Health Insurance,"Subtotal, Medicaid and CHIP",,69.0,Millions of people,51298-2026-02-healthinsurance.xlsx,healthinsuranceT1_02-2026,true,51298,"CBO’s Projections of Health Insurance Coverage, by Source / Medicaid and CHIPd / Subtotal, Medicaid and CHIP",calendar_year,2036,2036,2036,26,18
Health Insurance,Medicaree,,64.2,Millions of people,51298-2026-02-healthinsurance.xlsx,healthinsuranceT1_02-2026,false,51298,"CBO’s Projections of Health Insurance Coverage, by Source / Medicaid and CHIPd / Medicaree",calendar_year,2026,2026,2026,28,8
Health Insurance,Medicaree,,65.6,Millions of people,51298-2026-02-healthinsurance.xlsx,healthinsuranceT1_02-2026,false,51298,"CBO’s Projections of Health Insurance Coverage, by Source / Medicaid and CHIPd / Medicaree",calendar_year,2027,2027,2027,28,9
Health Insurance,Medicaree,,67.0,Millions of people,51298-2026-02-healthinsurance.xlsx,healthinsuranceT1_02-2026,false,51298,"CBO’s Projections of Health Insurance Coverage, by Source / Medicaid and CHIPd / Medicaree",calendar_year,2028,2028,2028,28,10
Health Insurance,Medicaree,,68.3,Millions of people,51298-2026-02-healthinsurance.xlsx,healthinsuranceT1_02-2026,false,51298,"CBO’s Projections of Health Insurance Coverage, by Source / Medicaid and CHIPd / Medicaree",calendar_year,2029,2029,2029,28,11
Health Insurance,Medicaree,,69.3,Millions of people,51298-2026-02-healthinsurance.xlsx,healthinsuranceT1_02-2026,false,51298,"CBO’s Projections of Health Insurance Coverage, by Source / Medicaid and CHIPd / Medicaree",calendar_year,2030,2030,2030,28,12
Health Insurance,Medicaree,,70.1,Millions of people,51298-2026-02-healthinsurance.xlsx,healthinsuranceT1_02-2026,false,51298,"CBO’s Projections of Health Insurance Coverage, by Source / Medicaid and CHIPd / Medicaree",calendar_year,2031,2031,2031,28,13
Health Insurance,Medicaree,,70.8,Millions of people,51298-2026-02-healthinsurance.xlsx,healthinsuranceT1_02-2026,false,51298,"CBO’s Projections of Health Insurance Coverage, by Source / Medicaid and CHIPd / Medicaree",calendar_year,2032,2032,2032,28,14
Health Insurance,Medicaree,,71.5,Millions of people,51298-2026-02-healthinsurance.xlsx,healthinsuranceT1_02-2026,false,51298,"CBO’s Projections of Health Insurance Coverage, by Source / Medicaid and CHIPd / Medicaree",calendar_year,2033,2033,2033,28,15
Health Insurance,Medicaree,,72.3,Millions of people,51298-2026-02-healthinsurance.xlsx,healthinsuranceT1_02-2026,false,51298,"CBO’s Projections of Health Insurance Coverage, by Source / Medicaid and CHIPd / Medicaree",calendar_year,2034,2034,2034,28,16
Health Insurance,Medicaree,,73.0,Millions of people,51298-2026-02-healthinsurance.xlsx,healthinsuranceT1_02-2026,false,51298,"CBO’s Projections of Health Insurance Coverage, by Source / Medicaid and CHIPd / Medicaree",calendar_year,2035,2035,2035,28,17
Health Insurance,Medicaree,,73.6,Millions of people,51298-2026-02-healthinsurance.xlsx,healthinsuranceT1_02-2026,false,51298,"CBO’s Projections of Health Insurance Coverage, by Source / Medicaid and CHIPd / Medicaree",calendar_year,2036,2036,2036,28,18
Health Insurance,Subsidized,,13.4,Millions of people,51298-2026-02-healthinsurance.xlsx,healthinsuranceT1_02-2026,false,51298,"CBO’s Projections of Health Insurance Coverage, by Source / Nongroup Coveragef / Purchased through ACA marketplaces / Subsidized",calendar_year,2026,2026,2026,32,8
Health Insurance,Subsidized,,10.3,Millions of people,51298-2026-02-healthinsurance.xlsx,healthinsuranceT1_02-2026,false,51298,"CBO’s Projections of Health Insurance Coverage, by Source / Nongroup Coveragef / Purchased through ACA marketplaces / Subsidized",calendar_year,2027,2027,2027,32,9
Health Insurance,Subsidized,,9.7,Millions of people,51298-2026-02-healthinsurance.xlsx,healthinsuranceT1_02-2026,false,51298,"CBO’s Projections of Health Insurance Coverage, by Source / Nongroup Coveragef / Purchased through ACA marketplaces / Subsidized",calendar_year,2028,2028,2028,32,10
Health Insurance,Subsidized,,10.0,Millions of people,51298-2026-02-healthinsurance.xlsx,healthinsuranceT1_02-2026,false,51298,"CBO’s Projections of Health Insurance Coverage, by Source / Nongroup Coveragef / Purchased through ACA marketplaces / Subsidized",calendar_year,2029,2029,2029,32,11
Health Insurance,Subsidized,,10.3,Millions of people,51298-2026-02-healthinsurance.xlsx,healthinsuranceT1_02-2026,false,51298,"CBO’s Projections of Health Insurance Coverage, by Source / Nongroup Coveragef / Purchased through ACA marketplaces / Subsidized",calendar_year,2030,2030,2030,32,12
Health Insurance,Subsidized,,11.1,Millions of people,51298-2026-02-healthinsurance.xlsx,healthinsuranceT1_02-2026,false,51298,"CBO’s Projections of Health Insurance Coverage, by Source / Nongroup Coveragef / Purchased through ACA marketplaces / Subsidized",calendar_year,2031,2031,2031,32,13
Health Insurance,Subsidized,,11.4,Millions of people,51298-2026-02-healthinsurance.xlsx,healthinsuranceT1_02-2026,false,51298,"CBO’s Projections of Health Insurance Coverage, by Source / Nongroup Coveragef / Purchased through ACA marketplaces / Subsidized",calendar_year,2032,2032,2032,32,14
Health Insurance,Subsidized,,11.3,Millions of people,51298-2026-02-healthinsurance.xlsx,healthinsuranceT1_02-2026,false,51298,"CBO’s Projections of Health Insurance Coverage, by Source / Nongroup Coveragef / Purchased through ACA marketplaces / Subsidized",calendar_year,2033,2033,2033,32,15
Health Insurance,Subsidized,,11.5,Millions of people,51298-2026-02-healthinsurance.xlsx,healthinsuranceT1_02-2026,false,51298,"CBO’s Projections of Health Insurance Coverage, by Source / Nongroup Coveragef / Purchased through ACA marketplaces / Subsidized",calendar_year,2034,2034,2034,32,16
Health Insurance,Subsidized,,11.6,Millions of people,51298-2026-02-healthinsurance.xlsx,healthinsuranceT1_02-2026,false,51298,"CBO’s Projections of Health Insurance Coverage, by Source / Nongroup Coveragef / Purchased through ACA marketplaces / Subsidized",calendar_year,2035,2035,2035,32,17
Health Insurance,Subsidized,,11.7,Millions of people,51298-2026-02-healthinsurance.xlsx,healthinsuranceT1_02-2026,false,51298,"CBO’s Projections of Health Insurance Coverage, by Source / Nongroup Coveragef / Purchased through ACA marketplaces / Subsidized",calendar_year,2036,2036,2036,32,18
Health Insurance,Unsubsidized,,3.5,Millions of people,51298-2026-02-healthinsurance.xlsx,healthinsuranceT1_02-2026,false,51298,"CBO’s Projections of Health Insurance Coverage, by Source / Nongroup Coveragef / Purchased through ACA marketplaces / Unsubsidized",calendar_year,2026,2026,2026,33,8
Health Insurance,Unsubsidized,,2.8,Millions of people,51298-2026-02-healthinsurance.xlsx,healthinsuranceT1_02-2026,false,51298,"CBO’s Projections of Health Insurance Coverage, by Source / Nongroup Coveragef / Purchased through ACA marketplaces / Unsubsidized",calendar_year,2027,2027,2027,33,9
Health Insurance,Unsubsidized,,2.7,Millions of people,51298-2026-02-healthinsurance.xlsx,healthinsuranceT1_02-2026,false,51298,"CBO’s Projections of Health Insurance Coverage, by Source / Nongroup Coveragef / Purchased through ACA marketplaces / Unsubsidized",calendar_year,2028,2028,2028,33,10
Health Insurance,Unsubsidized,,2.8,Millions of people,51298-2026-02-healthinsurance.xlsx,healthinsuranceT1_02-2026,false,51298,"CBO’s Projections of Health Insurance Coverage, by Source / Nongroup Coveragef / Purchased through ACA marketplaces / Unsubsidized",calendar_year,2029,2029,2029,33,11
Health Insurance,Unsubsidized,,2.9,Millions of people,51298-2026-02-healthinsurance.xlsx,healthinsuranceT1_02-2026,false,51298,"CBO’s Projections of Health Insurance Coverage, by Source / Nongroup Coveragef / Purchased through ACA marketplaces / Unsubsidized",calendar_year,2030,2030,2030,33,12
Health Insurance,Unsubsidized,,3.0,Millions of people,51298-2026-02-healthinsurance.xlsx,healthinsuranceT1_02-2026,false,51298,"CBO’s Projections of Health Insurance Coverage, by Source / Nongroup Coveragef / Purchased through ACA marketplaces / Unsubsidized",calendar_year,2031,2031,2031,33,13
Health Insurance,Unsubsidized,,3.0,Millions of people,51298-2026-02-healthinsurance.xlsx,healthinsuranceT1_02-2026,false,51298,"CBO’s Projections of Health Insurance Coverage, by Source / Nongroup Coveragef / Purchased through ACA marketplaces / Unsubsidized",calendar_year,2032,2032,2032,33,14
Health Insurance,Unsubsidized,,3.2,Millions of people,51298-2026-02-healthinsurance.xlsx,healthinsuranceT1_02-2026,false,51298,"CBO’s Projections of Health Insurance Coverage, by Source / Nongroup Coveragef / Purchased through ACA marketplaces / Unsubsidized",calendar_year,2033,2033,2033,33,15
Health Insurance,Unsubsidized,,3.1,Millions of people,51298-2026-02-healthinsurance.xlsx,healthinsuranceT1_02-2026,false,51298,"CBO’s Projections of Health Insurance Coverage, by Source / Nongroup Coveragef / Purchased through ACA marketplaces / Unsubsidized",calendar_year,2034,2034,2034,33,16
Health Insurance,Unsubsidized,,3.2,Millions of people,51298-2026-02-healthinsurance.xlsx,healthinsuranceT1_02-2026,false,51298,"CBO’s Projections of Health Insurance Coverage, by Source / Nongroup Coveragef / Purchased through ACA marketplaces / Unsubsidized",calendar_year,2035,2035,2035,33,17
Health Insurance,Unsubsidized,,3.2,Millions of people,51298-2026-02-healthinsurance.xlsx,healthinsuranceT1_02-2026,false,51298,"CBO’s Projections of Health Insurance Coverage, by Source / Nongroup Coveragef / Purchased through ACA marketplaces / Unsubsidized",calendar_year,2036,2036,2036,33,18
Health Insurance,"Subtotal, Purchased Through ACA Marketplaces",,16.9,Millions of people,51298-2026-02-healthinsurance.xlsx,healthinsuranceT1_02-2026,true,51298,"CBO’s Projections of Health Insurance Coverage, by Source / Nongroup Coveragef / Purchased through ACA marketplaces / Subtotal, Purchased Through ACA Marketplaces",calendar_year,2026,2026,2026,34,8
Health Insurance,"Subtotal, Purchased Through ACA Marketplaces",,13.1,Millions of people,51298-2026-02-healthinsurance.xlsx,healthinsuranceT1_02-2026,true,51298,"CBO’s Projections of Health Insurance Coverage, by Source / Nongroup Coveragef / Purchased through ACA marketplaces / Subtotal, Purchased Through ACA Marketplaces",calendar_year,2027,2027,2027,34,9
Health Insurance,"Subtotal, Purchased Through ACA Marketplaces",,12.5,Millions of people,51298-2026-02-healthinsurance.xlsx,healthinsuranceT1_02-2026,true,51298,"CBO’s Projections of Health Insurance Coverage, by Source / Nongroup Coveragef / Purchased through ACA marketplaces / Subtotal, Purchased Through ACA Marketplaces",calendar_year,2028,2028,2028,34,10
Health Insurance,"Subtotal, Purchased Through ACA Marketplaces",,12.8,Millions of people,51298-2026-02-healthinsurance.xlsx,healthinsuranceT1_02-2026,true,51298,"CBO’s Projections of Health Insurance Coverage, by Source / Nongroup Coveragef / Purchased through ACA marketplaces / Subtotal, Purchased Through ACA Marketplaces",calendar_year,2029,2029,2029,34,11
Health Insurance,"Subtotal, Purchased Through ACA Marketplaces",,13.3,Millions of people,51298-2026-02-healthinsurance.xlsx,healthinsuranceT1_02-2026,true,51298,"CBO’s Projections of Health Insurance Coverage, by Source / Nongroup Coveragef / Purchased through ACA marketplaces / Subtotal, Purchased Through ACA Marketplaces",calendar_year,2030,2030,2030,34,12
Health Insurance,"Subtotal, Purchased Through ACA Marketplaces",,14.1,Millions of people,51298-2026-02-healthinsurance.xlsx,healthinsuranceT1_02-2026,true,51298,"CBO’s Projections of Health Insurance Coverage, by Source / Nongroup Coveragef / Purchased through ACA marketplaces / Subtotal, Purchased Through ACA Marketplaces",calendar_year,2031,2031,2031,34,13
Health Insurance,"Subtotal, Purchased Through ACA Marketplaces",,14.4,Millions of people,51298-2026-02-healthinsurance.xlsx,healthinsuranceT1_02-2026,true,51298,"CBO’s Projections of Health Insurance Coverage, by Source / Nongroup Coveragef / Purchased through ACA marketplaces / Subtotal, Purchased Through ACA Marketplaces",calendar_year,2032,2032,2032,34,14
Health Insurance,"Subtotal, Purchased Through ACA Marketplaces",,14.5,Millions of people,51298-2026-02-healthinsurance.xlsx,healthinsuranceT1_02-2026,true,51298,"CBO’s Projections of Health Insurance Coverage, by Source / Nongroup Coveragef / Purchased through ACA marketplaces / Subtotal, Purchased Through ACA Marketplaces",calendar_year,2033,2033,2033,34,15
Health Insurance,"Subtotal, Purchased Through ACA Marketplaces",,14.6,Millions of people,51298-2026-02-healthinsurance.xlsx,healthinsuranceT1_02-2026,true,51298,"CBO’s Projections of Health Insurance Coverage, by Source / Nongroup Coveragef / Purchased through ACA marketplaces / Subtotal, Purchased Through ACA Marketplaces",calendar_year,2034,2034,2034,34,16
Health Insurance,"Subtotal, Purchased Through ACA Marketplaces",,14.8,Millions of people,51298-2026-02-healthinsurance.xlsx,healthinsuranceT1_02-2026,true,51298,"CBO’s Projections of Health Insurance Coverage, by Source / Nongroup Coveragef / Purchased through ACA marketplaces / Subtotal, Purchased Through ACA Marketplaces",calendar_year,2035,2035,2035,34,17
Health Insurance,"Subtotal, Purchased Through ACA Marketplaces",,14.9,Millions of people,51298-2026-02-healthinsurance.xlsx,healthinsuranceT1_02-2026,true,51298,"CBO’s Projections of Health Insurance Coverage, by Source / Nongroup Coveragef / Purchased through ACA marketplaces / Subtotal, Purchased Through ACA Marketplaces",calendar_year,2036,2036,2036,34,18
Health Insurance,Purchased outside ACA marketplaces,,3.1,Millions of people,51298-2026-02-healthinsurance.xlsx,healthinsuranceT1_02-2026,false,51298,"CBO’s Projections of Health Insurance Coverage, by Source / Nongroup Coveragef / Purchased through ACA marketplaces / Purchased outside ACA marketplaces",calendar_year,2026,2026,2026,35,8
Health Insurance,Purchased outside ACA marketplaces,,3.8,Millions of people,51298-2026-02-healthinsurance.xlsx,healthinsuranceT1_02-2026,false,51298,"CBO’s Projections of Health Insurance Coverage, by Source / Nongroup Coveragef / Purchased through ACA marketplaces / Purchased outside ACA marketplaces",calendar_year,2027,2027,2027,35,9
Health Insurance,Purchased outside ACA marketplaces,,4.0,Millions of people,51298-2026-02-healthinsurance.xlsx,healthinsuranceT1_02-2026,false,51298,"CBO’s Projections of Health Insurance Coverage, by Source / Nongroup Coveragef / Purchased through ACA marketplaces / Purchased outside ACA marketplaces",calendar_year,2028,2028,2028,35,10
Health Insurance,Purchased outside ACA marketplaces,,4.1,Millions of people,51298-2026-02-healthinsurance.xlsx,healthinsuranceT1_02-2026,false,51298,"CBO’s Projections of Health Insurance Coverage, by Source / Nongroup Coveragef / Purchased through ACA marketplaces / Purchased outside ACA marketplaces",calendar_year,2029,2029,2029,35,11
Health Insurance,Purchased outside ACA marketplaces,,4.2,Millions of people,51298-2026-02-healthinsurance.xlsx,healthinsuranceT1_02-2026,false,51298,"CBO’s Projections of Health Insurance Coverage, by Source / Nongroup Coveragef / Purchased through ACA marketplaces / Purchased outside ACA marketplaces",calendar_year,2030,2030,2030,35,12
Health Insurance,Purchased outside ACA marketplaces,,4.3,Millions of people,51298-2026-02-healthinsurance.xlsx,healthinsuranceT1_02-2026,false,51298,"CBO’s Projections of Health Insurance Coverage, by Source / Nongroup Coveragef / Purchased through ACA marketplaces / Purchased outside ACA marketplaces",calendar_year,2031,2031,2031,35,13
Health Insurance,Purchased outside ACA marketplaces,,4.3,Millions of people,51298-2026-02-healthinsurance.xlsx,healthinsuranceT1_02-2026,false,51298,"CBO’s Projections of Health Insurance Coverage, by Source / Nongroup Coveragef / Purchased through ACA marketplaces / Purchased outside ACA marketplaces",calendar_year,2032,2032,2032,35,14
Health Insurance,Purchased outside ACA marketplaces,,4.5,Millions of people,51298-2026-02-healthinsurance.xlsx,healthinsuranceT1_02-2026,false,51298,"CBO’s Projections of Health Insurance Coverage, by Source / Nongroup Coveragef / Purchased through ACA marketplaces / Purchased outside ACA marketplaces",calendar_year,2033,2033,2033,35,15
Health Insurance,Purchased outside ACA marketplaces,,4.4,Millions of people,51298-2026-02-healthinsurance.xlsx,healthinsuranceT1_02-2026,false,51298,"CBO’s Projections of Health Insurance Coverage, by Source / Nongroup Coveragef / Purchased through ACA marketplaces / Purchased outside ACA marketplaces",calendar_year,2034,2034,2034,35,16
Health Insurance,Purchased outside ACA marketplaces,,4.5,Millions of people,51298-2026-02-healthinsurance.xlsx,healthinsuranceT1_02-2026,false,51298,"CBO’s Projections of Health Insurance Coverage, by Source / Nongroup Coveragef / Purchased through ACA marketplaces / Purchased outside ACA marketplaces",calendar_year,2035,2035,2035,35,17
Health Insurance,Purchased outside ACA marketplaces,,4.6,Millions of people,51298-2026-02-healthinsurance.xlsx,healthinsuranceT1_02-2026,false,51298,"CBO’s Projections of Health Insurance Coverage, by Source / Nongroup Coveragef / Purchased through ACA marketplaces / Purchased outside ACA marketplaces",calendar_year,2036,2036,2036,35,18
Health Insurance,"Subtotal, Nongroup Coverage",,20.0,Millions of people,51298-2026-02-healthinsurance.xlsx,healthinsuranceT1_02-2026,true,51298,"CBO’s Projections of Health Insurance Coverage, by Source / Nongroup Coveragef / Purchased through ACA marketplaces / Subtotal, Nongroup Coverage",calendar_year,2026,2026,2026,36,8
Health Insurance,"Subtotal, Nongroup Coverage",,16.9,Millions of people,51298-2026-02-healthinsurance.xlsx,healthinsuranceT1_02-2026,true,51298,"CBO’s Projections of Health Insurance Coverage, by Source / Nongroup Coveragef / Purchased through ACA marketplaces / Subtotal, Nongroup Coverage",calendar_year,2027,2027,2027,36,9
Health Insurance,"Subtotal, Nongroup Coverage",,16.4,Millions of people,51298-2026-02-healthinsurance.xlsx,healthinsuranceT1_02-2026,true,51298,"CBO’s Projections of Health Insurance Coverage, by Source / Nongroup Coveragef / Purchased through ACA marketplaces / Subtotal, Nongroup Coverage",calendar_year,2028,2028,2028,36,10
Health Insurance,"Subtotal, Nongroup Coverage",,16.9,Millions of people,51298-2026-02-healthinsurance.xlsx,healthinsuranceT1_02-2026,true,51298,"CBO’s Projections of Health Insurance Coverage, by Source / Nongroup Coveragef / Purchased through ACA marketplaces / Subtotal, Nongroup Coverage",calendar_year,2029,2029,2029,36,11
Health Insurance,"Subtotal, Nongroup Coverage",,17.5,Millions of people,51298-2026-02-healthinsurance.xlsx,healthinsuranceT1_02-2026,true,51298,"CBO’s Projections of Health Insurance Coverage, by Source / Nongroup Coveragef / Purchased through ACA marketplaces / Subtotal, Nongroup Coverage",calendar_year,2030,2030,2030,36,12
Health Insurance,"Subtotal, Nongroup Coverage",,18.4,Millions of people,51298-2026-02-healthinsurance.xlsx,healthinsuranceT1_02-2026,true,51298,"CBO’s Projections of Health Insurance Coverage, by Source / Nongroup Coveragef / Purchased through ACA marketplaces / Subtotal, Nongroup Coverage",calendar_year,2031,2031,2031,36,13
Health Insurance,"Subtotal, Nongroup Coverage",,18.7,Millions of people,51298-2026-02-healthinsurance.xlsx,healthinsuranceT1_02-2026,true,51298,"CBO’s Projections of Health Insurance Coverage, by Source / Nongroup Coveragef / Purchased through ACA marketplaces / Subtotal, Nongroup Coverage",calendar_year,2032,2032,2032,36,14
Health Insurance,"Subtotal, Nongroup Coverage",,19.0,Millions of people,51298-2026-02-healthinsurance.xlsx,healthinsuranceT1_02-2026,true,51298,"CBO’s Projections of Health Insurance Coverage, by Source / Nongroup Coveragef / Purchased through ACA marketplaces / Subtotal, Nongroup Coverage",calendar_year,2033,2033,2033,36,15
Health Insurance,"Subtotal, Nongroup Coverage",,19.1,Millions of people,51298-2026-02-healthinsurance.xlsx,healthinsuranceT1_02-2026,true,51298,"CBO’s Projections of Health Insurance Coverage, by Source / Nongroup Coveragef / Purchased through ACA marketplaces / Subtotal, Nongroup Coverage",calendar_year,2034,2034,2034,36,16
Health Insurance,"Subtotal, Nongroup Coverage",,19.3,Millions of people,51298-2026-02-healthinsurance.xlsx,healthinsuranceT1_02-2026,true,51298,"CBO’s Projections of Health Insurance Coverage, by Source / Nongroup Coveragef / Purchased through ACA marketplaces / Subtotal, Nongroup Coverage",calendar_year,2035,2035,2035,36,17
Health Insurance,"Subtotal, Nongroup Coverage",,19.5,Millions of people,51298-2026-02-healthinsurance.xlsx,healthinsuranceT1_02-2026,true,51298,"CBO’s Projections of Health Insurance Coverage, by Source / Nongroup Coveragef / Purchased through ACA marketplaces / Subtotal, Nongroup Coverage",calendar_year,2036,2036,2036,36,18
Health Insurance,Basic Health Programg,,1.0,Millions of people,51298-2026-02-healthinsurance.xlsx,healthinsuranceT1_02-2026,false,51298,"CBO’s Projections of Health Insurance Coverage, by Source / Nongroup Coveragef / Basic Health Programg",calendar_year,2026,2026,2026,38,8
Health Insurance,Basic Health Programg,,1.0,Millions of people,51298-2026-02-healthinsurance.xlsx,healthinsuranceT1_02-2026,false,51298,"CBO’s Projections of Health Insurance Coverage, by Source / Nongroup Coveragef / Basic Health Programg",calendar_year,2027,2027,2027,38,9
Health Insurance,Basic Health Programg,,1.0,Millions of people,51298-2026-02-healthinsurance.xlsx,healthinsuranceT1_02-2026,false,51298,"CBO’s Projections of Health Insurance Coverage, by Source / Nongroup Coveragef / Basic Health Programg",calendar_year,2028,2028,2028,38,10
Health Insurance,Basic Health Programg,,1.0,Millions of people,51298-2026-02-healthinsurance.xlsx,healthinsuranceT1_02-2026,false,51298,"CBO’s Projections of Health Insurance Coverage, by Source / Nongroup Coveragef / Basic Health Programg",calendar_year,2029,2029,2029,38,11
Health Insurance,Basic Health Programg,,1.0,Millions of people,51298-2026-02-healthinsurance.xlsx,healthinsuranceT1_02-2026,false,51298,"CBO’s Projections of Health Insurance Coverage, by Source / Nongroup Coveragef / Basic Health Programg",calendar_year,2030,2030,2030,38,12
Health Insurance,Basic Health Programg,,1.0,Millions of people,51298-2026-02-healthinsurance.xlsx,healthinsuranceT1_02-2026,false,51298,"CBO’s Projections of Health Insurance Coverage, by Source / Nongroup Coveragef / Basic Health Programg",calendar_year,2031,2031,2031,38,13
Health Insurance,Basic Health Programg,,1.0,Millions of people,51298-2026-02-healthinsurance.xlsx,healthinsuranceT1_02-2026,false,51298,"CBO’s Projections of Health Insurance Coverage, by Source / Nongroup Coveragef / Basic Health Programg",calendar_year,2032,2032,2032,38,14
Health Insurance,Basic Health Programg,,1.0,Millions of people,51298-2026-02-healthinsurance.xlsx,healthinsuranceT1_02-2026,false,51298,"CBO’s Projections of Health Insurance Coverage, by Source / Nongroup Coveragef / Basic Health Programg",calendar_year,2033,2033,2033,38,15
Health Insurance,Basic Health Programg,,1.0,Millions of people,51298-2026-02-healthinsurance.xlsx,healthinsuranceT1_02-2026,false,51298,"CBO’s Projections of Health Insurance Coverage, by Source / Nongroup Coveragef / Basic Health Programg",calendar_year,2034,2034,2034,38,16
Health Insurance,Basic Health Programg,,1.0,Millions of people,51298-2026-02-healthinsurance.xlsx,healthinsuranceT1_02-2026,false,51298,"CBO’s Projections of Health Insurance Coverage, by Source / Nongroup Coveragef / Basic Health Programg",calendar_year,2035,2035,2035,38,17
Health Insurance,Basic Health Programg,,1.0,Millions of people,51298-2026-02-healthinsurance.xlsx,healthinsuranceT1_02-2026,false,51298,"CBO’s Projections of Health Insurance Coverage, by Source / Nongroup Coveragef / Basic Health Programg",calendar_year,2036,2036,2036,38,18
Health Insurance,Other Coverageh,,8.0,Millions of people,51298-2026-02-healthinsurance.xlsx,healthinsuranceT1_02-2026,false,51298,"CBO’s Projections of Health Insurance Coverage, by Source / Nongroup Coveragef / Other Coverageh",calendar_year,2026,2026,2026,40,8
Health Insurance,Other Coverageh,,7.4,Millions of people,51298-2026-02-healthinsurance.xlsx,healthinsuranceT1_02-2026,false,51298,"CBO’s Projections of Health Insurance Coverage, by Source / Nongroup Coveragef / Other Coverageh",calendar_year,2027,2027,2027,40,9
Health Insurance,Other Coverageh,,7.0,Millions of people,51298-2026-02-healthinsurance.xlsx,healthinsuranceT1_02-2026,false,51298,"CBO’s Projections of Health Insurance Coverage, by Source / Nongroup Coveragef / Other Coverageh",calendar_year,2028,2028,2028,40,10
Health Insurance,Other Coverageh,,6.9,Millions of people,51298-2026-02-healthinsurance.xlsx,healthinsuranceT1_02-2026,false,51298,"CBO’s Projections of Health Insurance Coverage, by Source / Nongroup Coveragef / Other Coverageh",calendar_year,2029,2029,2029,40,11
Health Insurance,Other Coverageh,,6.8,Millions of people,51298-2026-02-healthinsurance.xlsx,healthinsuranceT1_02-2026,false,51298,"CBO’s Projections of Health Insurance Coverage, by Source / Nongroup Coveragef / Other Coverageh",calendar_year,2030,2030,2030,40,12
Health Insurance,Other Coverageh,,6.8,Millions of people,51298-2026-02-healthinsurance.xlsx,healthinsuranceT1_02-2026,false,51298,"CBO’s Projections of Health Insurance Coverage, by Source / Nongroup Coveragef / Other Coverageh",calendar_year,2031,2031,2031,40,13
Health Insurance,Other Coverageh,,6.8,Millions of people,51298-2026-02-healthinsurance.xlsx,healthinsuranceT1_02-2026,false,51298,"CBO’s Projections of Health Insurance Coverage, by Source / Nongroup Coveragef / Other Coverageh",calendar_year,2032,2032,2032,40,14
Health Insurance,Other Coverageh,,6.8,Millions of people,51298-2026-02-healthinsurance.xlsx,healthinsuranceT1_02-2026,false,51298,"CBO’s Projections of Health Insurance Coverage, by Source / Nongroup Coveragef / Other Coverageh",calendar_year,2033,2033,2033,40,15
Health Insurance,Other Coverageh,,6.8,Millions of people,51298-2026-02-healthinsurance.xlsx,healthinsuranceT1_02-2026,false,51298,"CBO’s Projections of Health Insurance Coverage, by Source / Nongroup Coveragef / Other Coverageh",calendar_year,2034,2034,2034,40,16
Health Insurance,Other Coverageh,,6.8,Millions of people,51298-2026-02-healthinsurance.xlsx,healthinsuranceT1_02-2026,false,51298,"CBO’s Projections of Health Insurance Coverage, by Source / Nongroup Coveragef / Other Coverageh",calendar_year,2035,2035,2035,40,17
Health Insurance,Other Coverageh,,6.8,Millions of people,51298-2026-02-healthinsurance.xlsx,healthinsuranceT1_02-2026,false,51298,"CBO’s Projections of Health Insurance Coverage, by Source / Nongroup Coveragef / Other Coverageh",calendar_year,2036,2036,2036,40,18
Health Insurance,People With Multiple Sources of Coveragei,,20.8,Millions of people,51298-2026-02-healthinsurance.xlsx,healthinsuranceT1_02-2026,false,51298,"CBO’s Projections of Health Insurance Coverage, by Source / Memorandum: / People With Multiple Sources of Coveragei",calendar_year,2026,2026,2026,44,8
Health Insurance,People With Multiple Sources of Coveragei,,20.2,Millions of people,51298-2026-02-healthinsurance.xlsx,healthinsuranceT1_02-2026,false,51298,"CBO’s Projections of Health Insurance Coverage, by Source / Memorandum: / People With Multiple Sources of Coveragei",calendar_year,2027,2027,2027,44,9
Health Insurance,People With Multiple Sources of Coveragei,,20.1,Millions of people,51298-2026-02-healthinsurance.xlsx,healthinsuranceT1_02-2026,false,51298,"CBO’s Projections of Health Insurance Coverage, by Source / Memorandum: / People With Multiple Sources of Coveragei",calendar_year,2028,2028,2028,44,10
Health Insurance,People With Multiple Sources of Coveragei,,20.2,Millions of people,51298-2026-02-healthinsurance.xlsx,healthinsuranceT1_02-2026,false,51298,"CBO’s Projections of Health Insurance Coverage, by Source / Memorandum: / People With Multiple Sources of Coveragei",calendar_year,2029,2029,2029,44,11
Health Insurance,People With Multiple Sources of Coveragei,,19.8,Millions of people,51298-2026-02-healthinsurance.xlsx,healthinsuranceT1_02-2026,false,51298,"CBO’s Projections of Health Insurance Coverage, by Source / Memorandum: / People With Multiple Sources of Coveragei",calendar_year,2030,2030,2030,44,12
Health Insurance,People With Multiple Sources of Coveragei,,19.6,Millions of people,51298-2026-02-healthinsurance.xlsx,healthinsuranceT1_02-2026,false,51298,"CBO’s Projections of Health Insurance Coverage, by Source / Memorandum: / People With Multiple Sources of Coveragei",calendar_year,2031,2031,2031,44,13
Health Insurance,People With Multiple Sources of Coveragei,,19.6,Millions of people,51298-2026-02-healthinsurance.xlsx,healthinsuranceT1_02-2026,false,51298,"CBO’s Projections of Health Insurance Coverage, by Source / Memorandum: / People With Multiple Sources of Coveragei",calendar_year,2032,2032,2032,44,14
Health Insurance,People With Multiple Sources of Coveragei,,19.6,Millions of people,51298-2026-02-healthinsurance.xlsx,healthinsuranceT1_02-2026,false,51298,"CBO’s Projections of Health Insurance Coverage, by Source / Memorandum: / People With Multiple Sources of Coveragei",calendar_year,2033,2033,2033,44,15
Health Insurance,People With Multiple Sources of Coveragei,,19.6,Millions of people,51298-2026-02-healthinsurance.xlsx,healthinsuranceT1_02-2026,false,51298,"CBO’s Projections of Health Insurance Coverage, by Source / Memorandum: / People With Multiple Sources of Coveragei",calendar_year,2034,2034,2034,44,16
Health Insurance,People With Multiple Sources of Coveragei,,19.6,Millions of people,51298-2026-02-healthinsurance.xlsx,healthinsuranceT1_02-2026,false,51298,"CBO’s Projections of Health Insurance Coverage, by Source / Memorandum: / People With Multiple Sources of Coveragei",calendar_year,2035,2035,2035,44,17
Health Insurance,People With Multiple Sources of Coveragei,,19.6,Millions of people,51298-2026-02-healthinsurance.xlsx,healthinsuranceT1_02-2026,false,51298,"CBO’s Projections of Health Insurance Coverage, by Source / Memorandum: / People With Multiple Sources of Coveragei",calendar_year,2036,2036,2036,44,18
Health Insurance,Uninsured People With Medicare Part A or Part B Only,,0.7,Millions of people,51298-2026-02-healthinsurance.xlsx,healthinsuranceT1_02-2026,false,51298,"CBO’s Projections of Health Insurance Coverage, by Source / Memorandum: / Uninsured People With Medicare Part A or Part B Only",calendar_year,2026,2026,2026,45,8
Health Insurance,Uninsured People With Medicare Part A or Part B Only,,0.7,Millions of people,51298-2026-02-healthinsurance.xlsx,healthinsuranceT1_02-2026,false,51298,"CBO’s Projections of Health Insurance Coverage, by Source / Memorandum: / Uninsured People With Medicare Part A or Part B Only",calendar_year,2027,2027,2027,45,9
Health Insurance,Uninsured People With Medicare Part A or Part B Only,,0.7,Millions of people,51298-2026-02-healthinsurance.xlsx,healthinsuranceT1_02-2026,false,51298,"CBO’s Projections of Health Insurance Coverage, by Source / Memorandum: / Uninsured People With Medicare Part A or Part B Only",calendar_year,2028,2028,2028,45,10
Health Insurance,Uninsured People With Medicare Part A or Part B Only,,0.7,Millions of people,51298-2026-02-healthinsurance.xlsx,healthinsuranceT1_02-2026,false,51298,"CBO’s Projections of Health Insurance Coverage, by Source / Memorandum: / Uninsured People With Medicare Part A or Part B Only",calendar_year,2029,2029,2029,45,11
Health Insurance,Uninsured People With Medicare Part A or Part B Only,,0.8,Millions of people,51298-2026-02-healthinsurance.xlsx,healthinsuranceT1_02-2026,false,51298,"CBO’s Projections of Health Insurance Coverage, by Source / Memorandum: / Uninsured People With Medicare Part A or Part B Only",calendar_year,2030,2030,2030,45,12
Health Insurance,Uninsured People With Medicare Part A or Part B Only,,0.8,Millions of people,51298-2026-02-healthinsurance.xlsx,healthinsuranceT1_02-2026,false,51298,"CBO’s Projections of Health Insurance Coverage, by Source / Memorandum: / Uninsured People With Medicare Part A or Part B Only",calendar_year,2031,2031,2031,45,13
Health Insurance,Uninsured People With Medicare Part A or Part B Only,,0.8,Millions of people,51298-2026-02-healthinsurance.xlsx,healthinsuranceT1_02-2026,false,51298,"CBO’s Projections of Health Insurance Coverage, by Source / Memorandum: / Uninsured People With Medicare Part A or Part B Only",calendar_year,2032,2032,2032,45,14
Health Insurance,Uninsured People With Medicare Part A or Part B Only,,0.8,Millions of people,51298-2026-02-healthinsurance.xlsx,healthinsuranceT1_02-2026,false,51298,"CBO’s Projections of Health Insurance Coverage, by Source / Memorandum: / Uninsured People With Medicare Part A or Part B Only",calendar_year,2033,2033,2033,45,15
Health Insurance,Uninsured People With Medicare Part A or Part B Only,,0.8,Millions of people,51298-2026-02-healthinsurance.xlsx,healthinsuranceT1_02-2026,false,51298,"CBO’s Projections of Health Insurance Coverage, by Source / Memorandum: / Uninsured People With Medicare Part A or Part B Only",calendar_year,2034,2034,2034,45,16
Health Insurance,Uninsured People With Medicare Part A or Part B Only,,0.8,Millions of people,51298-2026-02-healthinsurance.xlsx,healthinsuranceT1_02-2026,false,51298,"CBO’s Projections of Health Insurance Coverage, by Source / Memorandum: / Uninsured People With Medicare Part A or Part B Only",calendar_year,2035,2035,2035,45,17
Health Insurance,Uninsured People With Medicare Part A or Part B Only,,0.8,Millions of people,51298-2026-02-healthinsurance.xlsx,healthinsuranceT1_02-2026,false,51298,"CBO’s Projections of Health Insurance Coverage, by Source / Memorandum: / Uninsured People With Medicare Part A or Part B Only",calendar_year,2036,2036,2036,45,18
Health Insurance,Share of the Population That Is Uninsured (Percent),,8.6,Percent,51298-2026-02-healthinsurance.xlsx,healthinsuranceT1_02-2026,false,51298,"CBO’s Projections of Health Insurance Coverage, by Source / Memorandum: / Share of the Population That Is Uninsured (Percent)",calendar_year,2026,2026,2026,46,8
Health Insurance,Share of the Population That Is Uninsured (Percent),,9.7,Percent,51298-2026-02-healthinsurance.xlsx,healthinsuranceT1_02-2026,false,51298,"CBO’s Projections of Health Insurance Coverage, by Source / Memorandum: / Share of the Population That Is Uninsured (Percent)",calendar_year,2027,2027,2027,46,9
Health Insurance,Share of the Population That Is Uninsured (Percent),,10.1,Percent,51298-2026-02-healthinsurance.xlsx,healthinsuranceT1_02-2026,false,51298,"CBO’s Projections of Health Insurance Coverage, by Source / Memorandum: / Share of the Population That Is Uninsured (Percent)",calendar_year,2028,2028,2028,46,10
Health Insurance,Share of the Population That Is Uninsured (Percent),,10.4,Percent,51298-2026-02-healthinsurance.xlsx,healthinsuranceT1_02-2026,false,51298,"CBO’s Projections of Health Insurance Coverage, by Source / Memorandum: / Share of the Population That Is Uninsured (Percent)",calendar_year,2029,2029,2029,46,11
Health Insurance,Share of the Population That Is Uninsured (Percent),,10.4,Percent,51298-2026-02-healthinsurance.xlsx,healthinsuranceT1_02-2026,false,51298,"CBO’s Projections of Health Insurance Coverage, by Source / Memorandum: / Share of the Population That Is Uninsured (Percent)",calendar_year,2030,2030,2030,46,12
Health Insurance,Share of the Population That Is Uninsured (Percent),,10.5,Percent,51298-2026-02-healthinsurance.xlsx,healthinsuranceT1_02-2026,false,51298,"CBO’s Projections of Health Insurance Coverage, by Source / Memorandum: / Share of the Population That Is Uninsured (Percent)",calendar_year,2031,2031,2031,46,13
Health Insurance,Share of the Population That Is Uninsured (Percent),,10.5,Percent,51298-2026-02-healthinsurance.xlsx,healthinsuranceT1_02-2026,false,51298,"CBO’s Projections of Health Insurance Coverage, by Source / Memorandum: / Share of the Population That Is Uninsured (Percent)",calendar_year,2032,2032,2032,46,14
Health Insurance,Share of the Population That Is Uninsured (Percent),,10.4,Percent,51298-2026-02-healthinsurance.xlsx,healthinsuranceT1_02-2026,false,51298,"CBO’s Projections of Health Insurance Coverage, by Source / Memorandum: / Share of the Population That Is Uninsured (Percent)",calendar_year,2033,2033,2033,46,15
Health Insurance,Share of the Population That Is Uninsured (Percent),,10.5,Percent,51298-2026-02-healthinsurance.xlsx,healthinsuranceT1_02-2026,false,51298,"CBO’s Projections of Health Insurance Coverage, by Source / Memorandum: / Share of the Population That Is Uninsured (Percent)",calendar_year,2034,2034,2034,46,16
Health Insurance,Share of the Population That Is Uninsured (Percent),,10.5,Percent,51298-2026-02-healthinsurance.xlsx,healthinsuranceT1_02-2026,false,51298,"CBO’s Projections of Health Insurance Coverage, by Source / Memorandum: / Share of the Population That Is Uninsured (Percent)",calendar_year,2035,2035,2035,46,17
Health Insurance,Share of the Population That Is Uninsured (Percent),,10.4,Percent,51298-2026-02-healthinsurance.xlsx,healthinsuranceT1_02-2026,false,51298,"CBO’s Projections of Health Insurance Coverage, by Source / Memorandum: / Share of the Population That Is Uninsured (Percent)",calendar_year,2036,2036,2036,46,18
Health Insurance,n.a.,2026,471.0,Billions of dollars,51298-2026-02-healthinsurance.xlsx,healthinsuranceT2_02-2026,false,51298,"CBO and JCT's Projections of Net Federal Subsidies for Health Insurance / Employment-Based Coveragea / Tax exclusion for employment-based coverageb, c / n.a.",fiscal_year,2026,2026,2026,14,7
Health Insurance,n.a.,2027,508.0,Billions of dollars,51298-2026-02-healthinsurance.xlsx,healthinsuranceT2_02-2026,false,51298,"CBO and JCT's Projections of Net Federal Subsidies for Health Insurance / Employment-Based Coveragea / Tax exclusion for employment-based coverageb, c / n.a.",fiscal_year,2027,2027,2027,14,8
Health Insurance,n.a.,2028,540.0,Billions of dollars,51298-2026-02-healthinsurance.xlsx,healthinsuranceT2_02-2026,false,51298,"CBO and JCT's Projections of Net Federal Subsidies for Health Insurance / Employment-Based Coveragea / Tax exclusion for employment-based coverageb, c / n.a.",fiscal_year,2028,2028,2028,14,9
Health Insurance,n.a.,2029,572.0,Billions of dollars,51298-2026-02-healthinsurance.xlsx,healthinsuranceT2_02-2026,false,51298,"CBO and JCT's Projections of Net Federal Subsidies for Health Insurance / Employment-Based Coveragea / Tax exclusion for employment-based coverageb, c / n.a.",fiscal_year,2029,2029,2029,14,10
Health Insurance,n.a.,2030,603.0,Billions of dollars,51298-2026-02-healthinsurance.xlsx,healthinsuranceT2_02-2026,false,51298,"CBO and JCT's Projections of Net Federal Subsidies for Health Insurance / Employment-Based Coveragea / Tax exclusion for employment-based coverageb, c / n.a.",fiscal_year,2030,2030,2030,14,11
Health Insurance,n.a.,2031,636.0,Billions of dollars,51298-2026-02-healthinsurance.xlsx,healthinsuranceT2_02-2026,false,51298,"CBO and JCT's Projections of Net Federal Subsidies for Health Insurance / Employment-Based Coveragea / Tax exclusion for employment-based coverageb, c / n.a.",fiscal_year,2031,2031,2031,14,12
Health Insurance,n.a.,2032,670.0,Billions of dollars,51298-2026-02-healthinsurance.xlsx,healthinsuranceT2_02-2026,false,51298,"CBO and JCT's Projections of Net Federal Subsidies for Health Insurance / Employment-Based Coveragea / Tax exclusion for employment-based coverageb, c / n.a.",fiscal_year,2032,2032,2032,14,13
Health Insurance,n.a.,2033,705.0,Billions of dollars,51298-2026-02-healthinsurance.xlsx,healthinsuranceT2_02-2026,false,51298,"CBO and JCT's Projections of Net Federal Subsidies for Health Insurance / Employment-Based Coveragea / Tax exclusion for employment-based coverageb, c / n.a.",fiscal_year,2033,2033,2033,14,14
Health Insurance,n.a.,2034,743.0,Billions of dollars,51298-2026-02-healthinsurance.xlsx,healthinsuranceT2_02-2026,false,51298,"CBO and JCT's Projections of Net Federal Subsidies for Health Insurance / Employment-Based Coveragea / Tax exclusion for employment-based coverageb, c / n.a.",fiscal_year,2034,2034,2034,14,15
Health Insurance,n.a.,2035,784.0,Billions of dollars,51298-2026-02-healthinsurance.xlsx,healthinsuranceT2_02-2026,false,51298,"CBO and JCT's Projections of Net Federal Subsidies for Health Insurance / Employment-Based Coveragea / Tax exclusion for employment-based coverageb, c / n.a.",fiscal_year,2035,2035,2035,14,16
Health Insurance,n.a.,2036,827.0,Billions of dollars,51298-2026-02-healthinsurance.xlsx,healthinsuranceT2_02-2026,false,51298,"CBO and JCT's Projections of Net Federal Subsidies for Health Insurance / Employment-Based Coveragea / Tax exclusion for employment-based coverageb, c / n.a.",fiscal_year,2036,2036,2036,14,17
Health Insurance,n.a.,,6587.0,Billions of dollars,51298-2026-02-healthinsurance.xlsx,healthinsuranceT2_02-2026,false,51298,"CBO and JCT's Projections of Net Federal Subsidies for Health Insurance / Employment-Based Coveragea / Tax exclusion for employment-based coverageb, c / n.a.",cumulative_fiscal_years,2027,2036,2027-2036,14,18
Health Insurance,n.a.,2026,7.0,Billions of dollars,51298-2026-02-healthinsurance.xlsx,healthinsuranceT2_02-2026,false,51298,CBO and JCT's Projections of Net Federal Subsidies for Health Insurance / Employment-Based Coveragea / Income tax deduction for self-employment health insurance / n.a.,fiscal_year,2026,2026,2026,15,7
Health Insurance,n.a.,2027,8.0,Billions of dollars,51298-2026-02-healthinsurance.xlsx,healthinsuranceT2_02-2026,false,51298,CBO and JCT's Projections of Net Federal Subsidies for Health Insurance / Employment-Based Coveragea / Income tax deduction for self-employment health insurance / n.a.,fiscal_year,2027,2027,2027,15,8
Health Insurance,n.a.,2028,8.0,Billions of dollars,51298-2026-02-healthinsurance.xlsx,healthinsuranceT2_02-2026,false,51298,CBO and JCT's Projections of Net Federal Subsidies for Health Insurance / Employment-Based Coveragea / Income tax deduction for self-employment health insurance / n.a.,fiscal_year,2028,2028,2028,15,9
Health Insurance,n.a.,2029,9.0,Billions of dollars,51298-2026-02-healthinsurance.xlsx,healthinsuranceT2_02-2026,false,51298,CBO and JCT's Projections of Net Federal Subsidies for Health Insurance / Employment-Based Coveragea / Income tax deduction for self-employment health insurance / n.a.,fiscal_year,2029,2029,2029,15,10
Health Insurance,n.a.,2030,9.0,Billions of dollars,51298-2026-02-healthinsurance.xlsx,healthinsuranceT2_02-2026,false,51298,CBO and JCT's Projections of Net Federal Subsidies for Health Insurance / Employment-Based Coveragea / Income tax deduction for self-employment health insurance / n.a.,fiscal_year,2030,2030,2030,15,11
Health Insurance,n.a.,2031,10.0,Billions of dollars,51298-2026-02-healthinsurance.xlsx,healthinsuranceT2_02-2026,false,51298,CBO and JCT's Projections of Net Federal Subsidies for Health Insurance / Employment-Based Coveragea / Income tax deduction for self-employment health insurance / n.a.,fiscal_year,2031,2031,2031,15,12
Health Insurance,n.a.,2032,10.0,Billions of dollars,51298-2026-02-healthinsurance.xlsx,healthinsuranceT2_02-2026,false,51298,CBO and JCT's Projections of Net Federal Subsidies for Health Insurance / Employment-Based Coveragea / Income tax deduction for self-employment health insurance / n.a.,fiscal_year,2032,2032,2032,15,13
Health Insurance,n.a.,2033,11.0,Billions of dollars,51298-2026-02-healthinsurance.xlsx,healthinsuranceT2_02-2026,false,51298,CBO and JCT's Projections of Net Federal Subsidies for Health Insurance / Employment-Based Coveragea / Income tax deduction for self-employment health insurance / n.a.,fiscal_year,2033,2033,2033,15,14
Health Insurance,n.a.,2034,12.0,Billions of dollars,51298-2026-02-healthinsurance.xlsx,healthinsuranceT2_02-2026,false,51298,CBO and JCT's Projections of Net Federal Subsidies for Health Insurance / Employment-Based Coveragea / Income tax deduction for self-employment health insurance / n.a.,fiscal_year,2034,2034,2034,15,15
Health Insurance,n.a.,2035,12.0,Billions of dollars,51298-2026-02-healthinsurance.xlsx,healthinsuranceT2_02-2026,false,51298,CBO and JCT's Projections of Net Federal Subsidies for Health Insurance / Employment-Based Coveragea / Income tax deduction for self-employment health insurance / n.a.,fiscal_year,2035,2035,2035,15,16
Health Insurance,n.a.,2036,13.0,Billions of dollars,51298-2026-02-healthinsurance.xlsx,healthinsuranceT2_02-2026,false,51298,CBO and JCT's Projections of Net Federal Subsidies for Health Insurance / Employment-Based Coveragea / Income tax deduction for self-employment health insurance / n.a.,fiscal_year,2036,2036,2036,15,17
Health Insurance,n.a.,,103.0,Billions of dollars,51298-2026-02-healthinsurance.xlsx,healthinsuranceT2_02-2026,false,51298,CBO and JCT's Projections of Net Federal Subsidies for Health Insurance / Employment-Based Coveragea / Income tax deduction for self-employment health insurance / n.a.,cumulative_fiscal_years,2027,2036,2027-2036,15,18
Health Insurance,n.a.,,-3.0,Billions of dollars,51298-2026-02-healthinsurance.xlsx,healthinsuranceT2_02-2026,false,51298,CBO and JCT's Projections of Net Federal Subsidies for Health Insurance / Employment-Based Coveragea / Small business health insurance tax creditc / n.a. / Gross collections of penalty payments by employersd,cumulative_fiscal_years,2027,2036,2027-2036,17,18
Health Insurance,n.a.,2026,478.0,Billions of dollars,51298-2026-02-healthinsurance.xlsx,healthinsuranceT2_02-2026,true,51298,"CBO and JCT's Projections of Net Federal Subsidies for Health Insurance / Employment-Based Coveragea / Small business health insurance tax creditc / n.a. / Gross collections of penalty payments by employersd / Subtotal, Employment-Based Coverage",fiscal_year,2026,2026,2026,18,7
Health Insurance,n.a.,2027,515.0,Billions of dollars,51298-2026-02-healthinsurance.xlsx,healthinsuranceT2_02-2026,true,51298,"CBO and JCT's Projections of Net Federal Subsidies for Health Insurance / Employment-Based Coveragea / Small business health insurance tax creditc / n.a. / Gross collections of penalty payments by employersd / Subtotal, Employment-Based Coverage",fiscal_year,2027,2027,2027,18,8
Health Insurance,n.a.,2028,548.0,Billions of dollars,51298-2026-02-healthinsurance.xlsx,healthinsuranceT2_02-2026,true,51298,"CBO and JCT's Projections of Net Federal Subsidies for Health Insurance / Employment-Based Coveragea / Small business health insurance tax creditc / n.a. / Gross collections of penalty payments by employersd / Subtotal, Employment-Based Coverage",fiscal_year,2028,2028,2028,18,9
Health Insurance,n.a.,2029,580.0,Billions of dollars,51298-2026-02-healthinsurance.xlsx,healthinsuranceT2_02-2026,true,51298,"CBO and JCT's Projections of Net Federal Subsidies for Health Insurance / Employment-Based Coveragea / Small business health insurance tax creditc / n.a. / Gross collections of penalty payments by employersd / Subtotal, Employment-Based Coverage",fiscal_year,2029,2029,2029,18,10
Health Insurance,n.a.,2030,612.0,Billions of dollars,51298-2026-02-healthinsurance.xlsx,healthinsuranceT2_02-2026,true,51298,"CBO and JCT's Projections of Net Federal Subsidies for Health Insurance / Employment-Based Coveragea / Small business health insurance tax creditc / n.a. / Gross collections of penalty payments by employersd / Subtotal, Employment-Based Coverage",fiscal_year,2030,2030,2030,18,11
Health Insurance,n.a.,2031,645.0,Billions of dollars,51298-2026-02-healthinsurance.xlsx,healthinsuranceT2_02-2026,true,51298,"CBO and JCT's Projections of Net Federal Subsidies for Health Insurance / Employment-Based Coveragea / Small business health insurance tax creditc / n.a. / Gross collections of penalty payments by employersd / Subtotal, Employment-Based Coverage",fiscal_year,2031,2031,2031,18,12
Health Insurance,n.a.,2032,680.0,Billions of dollars,51298-2026-02-healthinsurance.xlsx,healthinsuranceT2_02-2026,true,51298,"CBO and JCT's Projections of Net Federal Subsidies for Health Insurance / Employment-Based Coveragea / Small business health insurance tax creditc / n.a. / Gross collections of penalty payments by employersd / Subtotal, Employment-Based Coverage",fiscal_year,2032,2032,2032,18,13
Health Insurance,n.a.,2033,716.0,Billions of dollars,51298-2026-02-healthinsurance.xlsx,healthinsuranceT2_02-2026,true,51298,"CBO and JCT's Projections of Net Federal Subsidies for Health Insurance / Employment-Based Coveragea / Small business health insurance tax creditc / n.a. / Gross collections of penalty payments by employersd / Subtotal, Employment-Based Coverage",fiscal_year,2033,2033,2033,18,14
Health Insurance,n.a.,2034,755.0,Billions of dollars,51298-2026-02-healthinsurance.xlsx,healthinsuranceT2_02-2026,true,51298,"CBO and JCT's Projections of Net Federal Subsidies for Health Insurance / Employment-Based Coveragea / Small business health insurance tax creditc / n.a. / Gross collections of penalty payments by employersd / Subtotal, Employment-Based Coverage",fiscal_year,2034,2034,2034,18,15
Health Insurance,n.a.,2035,796.0,Billions of dollars,51298-2026-02-healthinsurance.xlsx,healthinsuranceT2_02-2026,true,51298,"CBO and JCT's Projections of Net Federal Subsidies for Health Insurance / Employment-Based Coveragea / Small business health insurance tax creditc / n.a. / Gross collections of penalty payments by employersd / Subtotal, Employment-Based Coverage",fiscal_year,2035,2035,2035,18,16
Health Insurance,n.a.,2036,840.0,Billions of dollars,51298-2026-02-healthinsurance.xlsx,healthinsuranceT2_02-2026,true,51298,"CBO and JCT's Projections of Net Federal Subsidies for Health Insurance / Employment-Based Coveragea / Small business health insurance tax creditc / n.a. / Gross collections of penalty payments by employersd / Subtotal, Employment-Based Coverage",fiscal_year,2036,2036,2036,18,17
Health Insurance,n.a.,,6687.0,Billions of dollars,51298-2026-02-healthinsurance.xlsx,healthinsuranceT2_02-2026,true,51298,"CBO and JCT's Projections of Net Federal Subsidies for Health Insurance / Employment-Based Coveragea / Small business health insurance tax creditc / n.a. / Gross collections of penalty payments by employersd / Subtotal, Employment-Based Coverage",cumulative_fiscal_years,2027,2036,2027-2036,18,18
Health Insurance,People age 65 or older in Medicaid,2026,131.0,Billions of dollars,51298-2026-02-healthinsurance.xlsx,healthinsuranceT2_02-2026,false,51298,CBO and JCT's Projections of Net Federal Subsidies for Health Insurance / Medicaid and CHIPe / People age 65 or older in Medicaid,fiscal_year,2026,2026,2026,21,7
Health Insurance,People age 65 or older in Medicaid,2027,139.0,Billions of dollars,51298-2026-02-healthinsurance.xlsx,healthinsuranceT2_02-2026,false,51298,CBO and JCT's Projections of Net Federal Subsidies for Health Insurance / Medicaid and CHIPe / People age 65 or older in Medicaid,fiscal_year,2027,2027,2027,21,8
Health Insurance,People age 65 or older in Medicaid,2028,146.0,Billions of dollars,51298-2026-02-healthinsurance.xlsx,healthinsuranceT2_02-2026,false,51298,CBO and JCT's Projections of Net Federal Subsidies for Health Insurance / Medicaid and CHIPe / People age 65 or older in Medicaid,fiscal_year,2028,2028,2028,21,9
Health Insurance,People age 65 or older in Medicaid,2029,152.0,Billions of dollars,51298-2026-02-healthinsurance.xlsx,healthinsuranceT2_02-2026,false,51298,CBO and JCT's Projections of Net Federal Subsidies for Health Insurance / Medicaid and CHIPe / People age 65 or older in Medicaid,fiscal_year,2029,2029,2029,21,10
Health Insurance,People age 65 or older in Medicaid,2030,158.0,Billions of dollars,51298-2026-02-healthinsurance.xlsx,healthinsuranceT2_02-2026,false,51298,CBO and JCT's Projections of Net Federal Subsidies for Health Insurance / Medicaid and CHIPe / People age 65 or older in Medicaid,fiscal_year,2030,2030,2030,21,11
Health Insurance,People age 65 or older in Medicaid,2031,164.0,Billions of dollars,51298-2026-02-healthinsurance.xlsx,healthinsuranceT2_02-2026,false,51298,CBO and JCT's Projections of Net Federal Subsidies for Health Insurance / Medicaid and CHIPe / People age 65 or older in Medicaid,fiscal_year,2031,2031,2031,21,12
Health Insurance,People age 65 or older in Medicaid,2032,171.0,Billions of dollars,51298-2026-02-healthinsurance.xlsx,healthinsuranceT2_02-2026,false,51298,CBO and JCT's Projections of Net Federal Subsidies for Health Insurance / Medicaid and CHIPe / People age 65 or older in Medicaid,fiscal_year,2032,2032,2032,21,13
Health Insurance,People age 65 or older in Medicaid,2033,178.0,Billions of dollars,51298-2026-02-healthinsurance.xlsx,healthinsuranceT2_02-2026,false,51298,CBO and JCT's Projections of Net Federal Subsidies for Health Insurance / Medicaid and CHIPe / People age 65 or older in Medicaid,fiscal_year,2033,2033,2033,21,14
Health Insurance,People age 65 or older in Medicaid,2034,186.0,Billions of dollars,51298-2026-02-healthinsurance.xlsx,healthinsuranceT2_02-2026,false,51298,CBO and JCT's Projections of Net Federal Subsidies for Health Insurance / Medicaid and CHIPe / People age 65 or older in Medicaid,fiscal_year,2034,2034,2034,21,15
Health Insurance,People age 65 or older in Medicaid,2035,194.0,Billions of dollars,51298-2026-02-healthinsurance.xlsx,healthinsuranceT2_02-2026,false,51298,CBO and JCT's Projections of Net Federal Subsidies for Health Insurance / Medicaid and CHIPe / People age 65 or older in Medicaid,fiscal_year,2035,2035,2035,21,16
Health Insurance,People age 65 or older in Medicaid,2036,202.0,Billions of dollars,51298-2026-02-healthinsurance.xlsx,healthinsuranceT2_02-2026,false,51298,CBO and JCT's Projections of Net Federal Subsidies for Health Insurance / Medicaid and CHIPe / People age 65 or older in Medicaid,fiscal_year,2036,2036,2036,21,17
Health Insurance,People age 65 or older in Medicaid,,1690.0,Billions of dollars,51298-2026-02-healthinsurance.xlsx,healthinsuranceT2_02-2026,false,51298,CBO and JCT's Projections of Net Federal Subsidies for Health Insurance / Medicaid and CHIPe / People age 65 or older in Medicaid,cumulative_fiscal_years,2027,2036,2027-2036,21,18
Health Insurance,Blind and disabled people in Medicaid,2026,197.0,Billions of dollars,51298-2026-02-healthinsurance.xlsx,healthinsuranceT2_02-2026,false,51298,CBO and JCT's Projections of Net Federal Subsidies for Health Insurance / Medicaid and CHIPe / Blind and disabled people in Medicaid,fiscal_year,2026,2026,2026,22,7
Health Insurance,Blind and disabled people in Medicaid,2027,206.0,Billions of dollars,51298-2026-02-healthinsurance.xlsx,healthinsuranceT2_02-2026,false,51298,CBO and JCT's Projections of Net Federal Subsidies for Health Insurance / Medicaid and CHIPe / Blind and disabled people in Medicaid,fiscal_year,2027,2027,2027,22,8
Health Insurance,Blind and disabled people in Medicaid,2028,215.0,Billions of dollars,51298-2026-02-healthinsurance.xlsx,healthinsuranceT2_02-2026,false,51298,CBO and JCT's Projections of Net Federal Subsidies for Health Insurance / Medicaid and CHIPe / Blind and disabled people in Medicaid,fiscal_year,2028,2028,2028,22,9
Health Insurance,Blind and disabled people in Medicaid,2029,223.0,Billions of dollars,51298-2026-02-healthinsurance.xlsx,healthinsuranceT2_02-2026,false,51298,CBO and JCT's Projections of Net Federal Subsidies for Health Insurance / Medicaid and CHIPe / Blind and disabled people in Medicaid,fiscal_year,2029,2029,2029,22,10
Health Insurance,Blind and disabled people in Medicaid,2030,233.0,Billions of dollars,51298-2026-02-healthinsurance.xlsx,healthinsuranceT2_02-2026,false,51298,CBO and JCT's Projections of Net Federal Subsidies for Health Insurance / Medicaid and CHIPe / Blind and disabled people in Medicaid,fiscal_year,2030,2030,2030,22,11
Health Insurance,Blind and disabled people in Medicaid,2031,242.0,Billions of dollars,51298-2026-02-healthinsurance.xlsx,healthinsuranceT2_02-2026,false,51298,CBO and JCT's Projections of Net Federal Subsidies for Health Insurance / Medicaid and CHIPe / Blind and disabled people in Medicaid,fiscal_year,2031,2031,2031,22,12
Health Insurance,Blind and disabled people in Medicaid,2032,253.0,Billions of dollars,51298-2026-02-healthinsurance.xlsx,healthinsuranceT2_02-2026,false,51298,CBO and JCT's Projections of Net Federal Subsidies for Health Insurance / Medicaid and CHIPe / Blind and disabled people in Medicaid,fiscal_year,2032,2032,2032,22,13
Health Insurance,Blind and disabled people in Medicaid,2033,265.0,Billions of dollars,51298-2026-02-healthinsurance.xlsx,healthinsuranceT2_02-2026,false,51298,CBO and JCT's Projections of Net Federal Subsidies for Health Insurance / Medicaid and CHIPe / Blind and disabled people in Medicaid,fiscal_year,2033,2033,2033,22,14
Health Insurance,Blind and disabled people in Medicaid,2034,278.0,Billions of dollars,51298-2026-02-healthinsurance.xlsx,healthinsuranceT2_02-2026,false,51298,CBO and JCT's Projections of Net Federal Subsidies for Health Insurance / Medicaid and CHIPe / Blind and disabled people in Medicaid,fiscal_year,2034,2034,2034,22,15
Health Insurance,Blind and disabled people in Medicaid,2035,290.0,Billions of dollars,51298-2026-02-healthinsurance.xlsx,healthinsuranceT2_02-2026,false,51298,CBO and JCT's Projections of Net Federal Subsidies for Health Insurance / Medicaid and CHIPe / Blind and disabled people in Medicaid,fiscal_year,2035,2035,2035,22,16
Health Insurance,Blind and disabled people in Medicaid,2036,303.0,Billions of dollars,51298-2026-02-healthinsurance.xlsx,healthinsuranceT2_02-2026,false,51298,CBO and JCT's Projections of Net Federal Subsidies for Health Insurance / Medicaid and CHIPe / Blind and disabled people in Medicaid,fiscal_year,2036,2036,2036,22,17
Health Insurance,Blind and disabled people in Medicaid,,2510.0,Billions of dollars,51298-2026-02-healthinsurance.xlsx,healthinsuranceT2_02-2026,false,51298,CBO and JCT's Projections of Net Federal Subsidies for Health Insurance / Medicaid and CHIPe / Blind and disabled people in Medicaid,cumulative_fiscal_years,2027,2036,2027-2036,22,18
Health Insurance,Children in Medicaid,2026,88.0,Billions of dollars,51298-2026-02-healthinsurance.xlsx,healthinsuranceT2_02-2026,false,51298,CBO and JCT's Projections of Net Federal Subsidies for Health Insurance / Medicaid and CHIPe / Children in Medicaid,fiscal_year,2026,2026,2026,23,7
Health Insurance,Children in Medicaid,2027,91.0,Billions of dollars,51298-2026-02-healthinsurance.xlsx,healthinsuranceT2_02-2026,false,51298,CBO and JCT's Projections of Net Federal Subsidies for Health Insurance / Medicaid and CHIPe / Children in Medicaid,fiscal_year,2027,2027,2027,23,8
Health Insurance,Children in Medicaid,2028,93.0,Billions of dollars,51298-2026-02-healthinsurance.xlsx,healthinsuranceT2_02-2026,false,51298,CBO and JCT's Projections of Net Federal Subsidies for Health Insurance / Medicaid and CHIPe / Children in Medicaid,fiscal_year,2028,2028,2028,23,9
Health Insurance,Children in Medicaid,2029,95.0,Billions of dollars,51298-2026-02-healthinsurance.xlsx,healthinsuranceT2_02-2026,false,51298,CBO and JCT's Projections of Net Federal Subsidies for Health Insurance / Medicaid and CHIPe / Children in Medicaid,fiscal_year,2029,2029,2029,23,10
Health Insurance,Children in Medicaid,2030,99.0,Billions of dollars,51298-2026-02-healthinsurance.xlsx,healthinsuranceT2_02-2026,false,51298,CBO and JCT's Projections of Net Federal Subsidies for Health Insurance / Medicaid and CHIPe / Children in Medicaid,fiscal_year,2030,2030,2030,23,11
Health Insurance,Children in Medicaid,2031,105.0,Billions of dollars,51298-2026-02-healthinsurance.xlsx,healthinsuranceT2_02-2026,false,51298,CBO and JCT's Projections of Net Federal Subsidies for Health Insurance / Medicaid and CHIPe / Children in Medicaid,fiscal_year,2031,2031,2031,23,12
Health Insurance,Children in Medicaid,2032,109.0,Billions of dollars,51298-2026-02-healthinsurance.xlsx,healthinsuranceT2_02-2026,false,51298,CBO and JCT's Projections of Net Federal Subsidies for Health Insurance / Medicaid and CHIPe / Children in Medicaid,fiscal_year,2032,2032,2032,23,13
Health Insurance,Children in Medicaid,2033,113.0,Billions of dollars,51298-2026-02-healthinsurance.xlsx,healthinsuranceT2_02-2026,false,51298,CBO and JCT's Projections of Net Federal Subsidies for Health Insurance / Medicaid and CHIPe / Children in Medicaid,fiscal_year,2033,2033,2033,23,14
Health Insurance,Children in Medicaid,2034,116.0,Billions of dollars,51298-2026-02-healthinsurance.xlsx,healthinsuranceT2_02-2026,false,51298,CBO and JCT's Projections of Net Federal Subsidies for Health Insurance / Medicaid and CHIPe / Children in Medicaid,fiscal_year,2034,2034,2034,23,15
Health Insurance,Children in Medicaid,2035,119.0,Billions of dollars,51298-2026-02-healthinsurance.xlsx,healthinsuranceT2_02-2026,false,51298,CBO and JCT's Projections of Net Federal Subsidies for Health Insurance / Medicaid and CHIPe / Children in Medicaid,fiscal_year,2035,2035,2035,23,16
Health Insurance,Children in Medicaid,2036,124.0,Billions of dollars,51298-2026-02-healthinsurance.xlsx,healthinsuranceT2_02-2026,false,51298,CBO and JCT's Projections of Net Federal Subsidies for Health Insurance / Medicaid and CHIPe / Children in Medicaid,fiscal_year,2036,2036,2036,23,17
Health Insurance,Children in Medicaid,,1064.0,Billions of dollars,51298-2026-02-healthinsurance.xlsx,healthinsuranceT2_02-2026,false,51298,CBO and JCT's Projections of Net Federal Subsidies for Health Insurance / Medicaid and CHIPe / Children in Medicaid,cumulative_fiscal_years,2027,2036,2027-2036,23,18
Health Insurance,Adults made eligible for Medicaid by the ACA,2026,153.0,Billions of dollars,51298-2026-02-healthinsurance.xlsx,healthinsuranceT2_02-2026,false,51298,CBO and JCT's Projections of Net Federal Subsidies for Health Insurance / Medicaid and CHIPe / Adults made eligible for Medicaid by the ACA,fiscal_year,2026,2026,2026,24,7
Health Insurance,Adults made eligible for Medicaid by the ACA,2027,148.0,Billions of dollars,51298-2026-02-healthinsurance.xlsx,healthinsuranceT2_02-2026,false,51298,CBO and JCT's Projections of Net Federal Subsidies for Health Insurance / Medicaid and CHIPe / Adults made eligible for Medicaid by the ACA,fiscal_year,2027,2027,2027,24,8
Health Insurance,Adults made eligible for Medicaid by the ACA,2028,145.0,Billions of dollars,51298-2026-02-healthinsurance.xlsx,healthinsuranceT2_02-2026,false,51298,CBO and JCT's Projections of Net Federal Subsidies for Health Insurance / Medicaid and CHIPe / Adults made eligible for Medicaid by the ACA,fiscal_year,2028,2028,2028,24,9
Health Insurance,Adults made eligible for Medicaid by the ACA,2029,134.0,Billions of dollars,51298-2026-02-healthinsurance.xlsx,healthinsuranceT2_02-2026,false,51298,CBO and JCT's Projections of Net Federal Subsidies for Health Insurance / Medicaid and CHIPe / Adults made eligible for Medicaid by the ACA,fiscal_year,2029,2029,2029,24,10
Health Insurance,Adults made eligible for Medicaid by the ACA,2030,132.0,Billions of dollars,51298-2026-02-healthinsurance.xlsx,healthinsuranceT2_02-2026,false,51298,CBO and JCT's Projections of Net Federal Subsidies for Health Insurance / Medicaid and CHIPe / Adults made eligible for Medicaid by the ACA,fiscal_year,2030,2030,2030,24,11
Health Insurance,Adults made eligible for Medicaid by the ACA,2031,131.0,Billions of dollars,51298-2026-02-healthinsurance.xlsx,healthinsuranceT2_02-2026,false,51298,CBO and JCT's Projections of Net Federal Subsidies for Health Insurance / Medicaid and CHIPe / Adults made eligible for Medicaid by the ACA,fiscal_year,2031,2031,2031,24,12
Health Insurance,Adults made eligible for Medicaid by the ACA,2032,132.0,Billions of dollars,51298-2026-02-healthinsurance.xlsx,healthinsuranceT2_02-2026,false,51298,CBO and JCT's Projections of Net Federal Subsidies for Health Insurance / Medicaid and CHIPe / Adults made eligible for Medicaid by the ACA,fiscal_year,2032,2032,2032,24,13
Health Insurance,Adults made eligible for Medicaid by the ACA,2033,137.0,Billions of dollars,51298-2026-02-healthinsurance.xlsx,healthinsuranceT2_02-2026,false,51298,CBO and JCT's Projections of Net Federal Subsidies for Health Insurance / Medicaid and CHIPe / Adults made eligible for Medicaid by the ACA,fiscal_year,2033,2033,2033,24,14
Health Insurance,Adults made eligible for Medicaid by the ACA,2034,141.0,Billions of dollars,51298-2026-02-healthinsurance.xlsx,healthinsuranceT2_02-2026,false,51298,CBO and JCT's Projections of Net Federal Subsidies for Health Insurance / Medicaid and CHIPe / Adults made eligible for Medicaid by the ACA,fiscal_year,2034,2034,2034,24,15
Health Insurance,Adults made eligible for Medicaid by the ACA,2035,145.0,Billions of dollars,51298-2026-02-healthinsurance.xlsx,healthinsuranceT2_02-2026,false,51298,CBO and JCT's Projections of Net Federal Subsidies for Health Insurance / Medicaid and CHIPe / Adults made eligible for Medicaid by the ACA,fiscal_year,2035,2035,2035,24,16
Health Insurance,Adults made eligible for Medicaid by the ACA,2036,150.0,Billions of dollars,51298-2026-02-healthinsurance.xlsx,healthinsuranceT2_02-2026,false,51298,CBO and JCT's Projections of Net Federal Subsidies for Health Insurance / Medicaid and CHIPe / Adults made eligible for Medicaid by the ACA,fiscal_year,2036,2036,2036,24,17
Health Insurance,Adults made eligible for Medicaid by the ACA,,1396.0,Billions of dollars,51298-2026-02-healthinsurance.xlsx,healthinsuranceT2_02-2026,false,51298,CBO and JCT's Projections of Net Federal Subsidies for Health Insurance / Medicaid and CHIPe / Adults made eligible for Medicaid by the ACA,cumulative_fiscal_years,2027,2036,2027-2036,24,18
Health Insurance,Adults otherwise eligible for Medicaid,2026,73.0,Billions of dollars,51298-2026-02-healthinsurance.xlsx,healthinsuranceT2_02-2026,false,51298,CBO and JCT's Projections of Net Federal Subsidies for Health Insurance / Medicaid and CHIPe / Adults otherwise eligible for Medicaid,fiscal_year,2026,2026,2026,25,7
Health Insurance,Adults otherwise eligible for Medicaid,2027,75.0,Billions of dollars,51298-2026-02-healthinsurance.xlsx,healthinsuranceT2_02-2026,false,51298,CBO and JCT's Projections of Net Federal Subsidies for Health Insurance / Medicaid and CHIPe / Adults otherwise eligible for Medicaid,fiscal_year,2027,2027,2027,25,8
Health Insurance,Adults otherwise eligible for Medicaid,2028,76.0,Billions of dollars,51298-2026-02-healthinsurance.xlsx,healthinsuranceT2_02-2026,false,51298,CBO and JCT's Projections of Net Federal Subsidies for Health Insurance / Medicaid and CHIPe / Adults otherwise eligible for Medicaid,fiscal_year,2028,2028,2028,25,9
Health Insurance,Adults otherwise eligible for Medicaid,2029,75.0,Billions of dollars,51298-2026-02-healthinsurance.xlsx,healthinsuranceT2_02-2026,false,51298,CBO and JCT's Projections of Net Federal Subsidies for Health Insurance / Medicaid and CHIPe / Adults otherwise eligible for Medicaid,fiscal_year,2029,2029,2029,25,10
Health Insurance,Adults otherwise eligible for Medicaid,2030,77.0,Billions of dollars,51298-2026-02-healthinsurance.xlsx,healthinsuranceT2_02-2026,false,51298,CBO and JCT's Projections of Net Federal Subsidies for Health Insurance / Medicaid and CHIPe / Adults otherwise eligible for Medicaid,fiscal_year,2030,2030,2030,25,11
Health Insurance,Adults otherwise eligible for Medicaid,2031,79.0,Billions of dollars,51298-2026-02-healthinsurance.xlsx,healthinsuranceT2_02-2026,false,51298,CBO and JCT's Projections of Net Federal Subsidies for Health Insurance / Medicaid and CHIPe / Adults otherwise eligible for Medicaid,fiscal_year,2031,2031,2031,25,12
Health Insurance,Adults otherwise eligible for Medicaid,2032,83.0,Billions of dollars,51298-2026-02-healthinsurance.xlsx,healthinsuranceT2_02-2026,false,51298,CBO and JCT's Projections of Net Federal Subsidies for Health Insurance / Medicaid and CHIPe / Adults otherwise eligible for Medicaid,fiscal_year,2032,2032,2032,25,13
Health Insurance,Adults otherwise eligible for Medicaid,2033,86.0,Billions of dollars,51298-2026-02-healthinsurance.xlsx,healthinsuranceT2_02-2026,false,51298,CBO and JCT's Projections of Net Federal Subsidies for Health Insurance / Medicaid and CHIPe / Adults otherwise eligible for Medicaid,fiscal_year,2033,2033,2033,25,14
Health Insurance,Adults otherwise eligible for Medicaid,2034,90.0,Billions of dollars,51298-2026-02-healthinsurance.xlsx,healthinsuranceT2_02-2026,false,51298,CBO and JCT's Projections of Net Federal Subsidies for Health Insurance / Medicaid and CHIPe / Adults otherwise eligible for Medicaid,fiscal_year,2034,2034,2034,25,15
Health Insurance,Adults otherwise eligible for Medicaid,2035,94.0,Billions of dollars,51298-2026-02-healthinsurance.xlsx,healthinsuranceT2_02-2026,false,51298,CBO and JCT's Projections of Net Federal Subsidies for Health Insurance / Medicaid and CHIPe / Adults otherwise eligible for Medicaid,fiscal_year,2035,2035,2035,25,16
Health Insurance,Adults otherwise eligible for Medicaid,2036,98.0,Billions of dollars,51298-2026-02-healthinsurance.xlsx,healthinsuranceT2_02-2026,false,51298,CBO and JCT's Projections of Net Federal Subsidies for Health Insurance / Medicaid and CHIPe / Adults otherwise eligible for Medicaid,fiscal_year,2036,2036,2036,25,17
Health Insurance,Adults otherwise eligible for Medicaid,,834.0,Billions of dollars,51298-2026-02-healthinsurance.xlsx,healthinsuranceT2_02-2026,false,51298,CBO and JCT's Projections of Net Federal Subsidies for Health Insurance / Medicaid and CHIPe / Adults otherwise eligible for Medicaid,cumulative_fiscal_years,2027,2036,2027-2036,25,18
Health Insurance,CHIP,2026,25.0,Billions of dollars,51298-2026-02-healthinsurance.xlsx,healthinsuranceT2_02-2026,false,51298,CBO and JCT's Projections of Net Federal Subsidies for Health Insurance / Medicaid and CHIPe / CHIP,fiscal_year,2026,2026,2026,26,7
Health Insurance,CHIP,2027,26.0,Billions of dollars,51298-2026-02-healthinsurance.xlsx,healthinsuranceT2_02-2026,false,51298,CBO and JCT's Projections of Net Federal Subsidies for Health Insurance / Medicaid and CHIPe / CHIP,fiscal_year,2027,2027,2027,26,8
Health Insurance,CHIP,2028,27.0,Billions of dollars,51298-2026-02-healthinsurance.xlsx,healthinsuranceT2_02-2026,false,51298,CBO and JCT's Projections of Net Federal Subsidies for Health Insurance / Medicaid and CHIPe / CHIP,fiscal_year,2028,2028,2028,26,9
Health Insurance,CHIP,2029,28.0,Billions of dollars,51298-2026-02-healthinsurance.xlsx,healthinsuranceT2_02-2026,false,51298,CBO and JCT's Projections of Net Federal Subsidies for Health Insurance / Medicaid and CHIPe / CHIP,fiscal_year,2029,2029,2029,26,10
Health Insurance,CHIP,2030,24.0,Billions of dollars,51298-2026-02-healthinsurance.xlsx,healthinsuranceT2_02-2026,false,51298,CBO and JCT's Projections of Net Federal Subsidies for Health Insurance / Medicaid and CHIPe / CHIP,fiscal_year,2030,2030,2030,26,11
Health Insurance,CHIP,2031,15.0,Billions of dollars,51298-2026-02-healthinsurance.xlsx,healthinsuranceT2_02-2026,false,51298,CBO and JCT's Projections of Net Federal Subsidies for Health Insurance / Medicaid and CHIPe / CHIP,fiscal_year,2031,2031,2031,26,12
Health Insurance,CHIP,2032,15.0,Billions of dollars,51298-2026-02-healthinsurance.xlsx,healthinsuranceT2_02-2026,false,51298,CBO and JCT's Projections of Net Federal Subsidies for Health Insurance / Medicaid and CHIPe / CHIP,fiscal_year,2032,2032,2032,26,13
Health Insurance,CHIP,2033,15.0,Billions of dollars,51298-2026-02-healthinsurance.xlsx,healthinsuranceT2_02-2026,false,51298,CBO and JCT's Projections of Net Federal Subsidies for Health Insurance / Medicaid and CHIPe / CHIP,fiscal_year,2033,2033,2033,26,14
Health Insurance,CHIP,2034,15.0,Billions of dollars,51298-2026-02-healthinsurance.xlsx,healthinsuranceT2_02-2026,false,51298,CBO and JCT's Projections of Net Federal Subsidies for Health Insurance / Medicaid and CHIPe / CHIP,fiscal_year,2034,2034,2034,26,15
Health Insurance,CHIP,2035,15.0,Billions of dollars,51298-2026-02-healthinsurance.xlsx,healthinsuranceT2_02-2026,false,51298,CBO and JCT's Projections of Net Federal Subsidies for Health Insurance / Medicaid and CHIPe / CHIP,fiscal_year,2035,2035,2035,26,16
Health Insurance,CHIP,2036,15.0,Billions of dollars,51298-2026-02-healthinsurance.xlsx,healthinsuranceT2_02-2026,false,51298,CBO and JCT's Projections of Net Federal Subsidies for Health Insurance / Medicaid and CHIPe / CHIP,fiscal_year,2036,2036,2036,26,17
Health Insurance,CHIP,,198.0,Billions of dollars,51298-2026-02-healthinsurance.xlsx,healthinsuranceT2_02-2026,false,51298,CBO and JCT's Projections of Net Federal Subsidies for Health Insurance / Medicaid and CHIPe / CHIP,cumulative_fiscal_years,2027,2036,2027-2036,26,18
Health Insurance,"Subtotal, Medicaid and CHIP",2026,668.0,Billions of dollars,51298-2026-02-healthinsurance.xlsx,healthinsuranceT2_02-2026,true,51298,"CBO and JCT's Projections of Net Federal Subsidies for Health Insurance / Medicaid and CHIPe / Subtotal, Medicaid and CHIP",fiscal_year,2026,2026,2026,27,7
Health Insurance,"Subtotal, Medicaid and CHIP",2027,685.0,Billions of dollars,51298-2026-02-healthinsurance.xlsx,healthinsuranceT2_02-2026,true,51298,"CBO and JCT's Projections of Net Federal Subsidies for Health Insurance / Medicaid and CHIPe / Subtotal, Medicaid and CHIP",fiscal_year,2027,2027,2027,27,8
Health Insurance,"Subtotal, Medicaid and CHIP",2028,702.0,Billions of dollars,51298-2026-02-healthinsurance.xlsx,healthinsuranceT2_02-2026,true,51298,"CBO and JCT's Projections of Net Federal Subsidies for Health Insurance / Medicaid and CHIPe / Subtotal, Medicaid and CHIP",fiscal_year,2028,2028,2028,27,9
Health Insurance,"Subtotal, Medicaid and CHIP",2029,708.0,Billions of dollars,51298-2026-02-healthinsurance.xlsx,healthinsuranceT2_02-2026,true,51298,"CBO and JCT's Projections of Net Federal Subsidies for Health Insurance / Medicaid and CHIPe / Subtotal, Medicaid and CHIP",fiscal_year,2029,2029,2029,27,10
Health Insurance,"Subtotal, Medicaid and CHIP",2030,723.0,Billions of dollars,51298-2026-02-healthinsurance.xlsx,healthinsuranceT2_02-2026,true,51298,"CBO and JCT's Projections of Net Federal Subsidies for Health Insurance / Medicaid and CHIPe / Subtotal, Medicaid and CHIP",fiscal_year,2030,2030,2030,27,11
Health Insurance,"Subtotal, Medicaid and CHIP",2031,737.0,Billions of dollars,51298-2026-02-healthinsurance.xlsx,healthinsuranceT2_02-2026,true,51298,"CBO and JCT's Projections of Net Federal Subsidies for Health Insurance / Medicaid and CHIPe / Subtotal, Medicaid and CHIP",fiscal_year,2031,2031,2031,27,12
Health Insurance,"Subtotal, Medicaid and CHIP",2032,763.0,Billions of dollars,51298-2026-02-healthinsurance.xlsx,healthinsuranceT2_02-2026,true,51298,"CBO and JCT's Projections of Net Federal Subsidies for Health Insurance / Medicaid and CHIPe / Subtotal, Medicaid and CHIP",fiscal_year,2032,2032,2032,27,13
Health Insurance,"Subtotal, Medicaid and CHIP",2033,796.0,Billions of dollars,51298-2026-02-healthinsurance.xlsx,healthinsuranceT2_02-2026,true,51298,"CBO and JCT's Projections of Net Federal Subsidies for Health Insurance / Medicaid and CHIPe / Subtotal, Medicaid and CHIP",fiscal_year,2033,2033,2033,27,14
Health Insurance,"Subtotal, Medicaid and CHIP",2034,826.0,Billions of dollars,51298-2026-02-healthinsurance.xlsx,healthinsuranceT2_02-2026,true,51298,"CBO and JCT's Projections of Net Federal Subsidies for Health Insurance / Medicaid and CHIPe / Subtotal, Medicaid and CHIP",fiscal_year,2034,2034,2034,27,15
Health Insurance,"Subtotal, Medicaid and CHIP",2035,858.0,Billions of dollars,51298-2026-02-healthinsurance.xlsx,healthinsuranceT2_02-2026,true,51298,"CBO and JCT's Projections of Net Federal Subsidies for Health Insurance / Medicaid and CHIPe / Subtotal, Medicaid and CHIP",fiscal_year,2035,2035,2035,27,16
Health Insurance,"Subtotal, Medicaid and CHIP",2036,892.0,Billions of dollars,51298-2026-02-healthinsurance.xlsx,healthinsuranceT2_02-2026,true,51298,"CBO and JCT's Projections of Net Federal Subsidies for Health Insurance / Medicaid and CHIPe / Subtotal, Medicaid and CHIP",fiscal_year,2036,2036,2036,27,17
Health Insurance,"Subtotal, Medicaid and CHIP",,7691.0,Billions of dollars,51298-2026-02-healthinsurance.xlsx,healthinsuranceT2_02-2026,true,51298,"CBO and JCT's Projections of Net Federal Subsidies for Health Insurance / Medicaid and CHIPe / Subtotal, Medicaid and CHIP",cumulative_fiscal_years,2027,2036,2027-2036,27,18
Health Insurance,Medicaref,2026,1051.0,Billions of dollars,51298-2026-02-healthinsurance.xlsx,healthinsuranceT2_02-2026,false,51298,CBO and JCT's Projections of Net Federal Subsidies for Health Insurance / Medicaid and CHIPe / Medicaref,fiscal_year,2026,2026,2026,29,7
Health Insurance,Medicaref,2027,1128.0,Billions of dollars,51298-2026-02-healthinsurance.xlsx,healthinsuranceT2_02-2026,false,51298,CBO and JCT's Projections of Net Federal Subsidies for Health Insurance / Medicaid and CHIPe / Medicaref,fiscal_year,2027,2027,2027,29,8
Health Insurance,Medicaref,2028,1190.0,Billions of dollars,51298-2026-02-healthinsurance.xlsx,healthinsuranceT2_02-2026,false,51298,CBO and JCT's Projections of Net Federal Subsidies for Health Insurance / Medicaid and CHIPe / Medicaref,fiscal_year,2028,2028,2028,29,9
Health Insurance,Medicaref,2029,1272.0,Billions of dollars,51298-2026-02-healthinsurance.xlsx,healthinsuranceT2_02-2026,false,51298,CBO and JCT's Projections of Net Federal Subsidies for Health Insurance / Medicaid and CHIPe / Medicaref,fiscal_year,2029,2029,2029,29,10
Health Insurance,Medicaref,2030,1342.0,Billions of dollars,51298-2026-02-healthinsurance.xlsx,healthinsuranceT2_02-2026,false,51298,CBO and JCT's Projections of Net Federal Subsidies for Health Insurance / Medicaid and CHIPe / Medicaref,fiscal_year,2030,2030,2030,29,11
Health Insurance,Medicaref,2031,1422.0,Billions of dollars,51298-2026-02-healthinsurance.xlsx,healthinsuranceT2_02-2026,false,51298,CBO and JCT's Projections of Net Federal Subsidies for Health Insurance / Medicaid and CHIPe / Medicaref,fiscal_year,2031,2031,2031,29,12
Health Insurance,Medicaref,2032,1511.0,Billions of dollars,51298-2026-02-healthinsurance.xlsx,healthinsuranceT2_02-2026,false,51298,CBO and JCT's Projections of Net Federal Subsidies for Health Insurance / Medicaid and CHIPe / Medicaref,fiscal_year,2032,2032,2032,29,13
Health Insurance,Medicaref,2033,1622.0,Billions of dollars,51298-2026-02-healthinsurance.xlsx,healthinsuranceT2_02-2026,false,51298,CBO and JCT's Projections of Net Federal Subsidies for Health Insurance / Medicaid and CHIPe / Medicaref,fiscal_year,2033,2033,2033,29,14
Health Insurance,Medicaref,2034,1735.0,Billions of dollars,51298-2026-02-healthinsurance.xlsx,healthinsuranceT2_02-2026,false,51298,CBO and JCT's Projections of Net Federal Subsidies for Health Insurance / Medicaid and CHIPe / Medicaref,fiscal_year,2034,2034,2034,29,15
Health Insurance,Medicaref,2035,1841.0,Billions of dollars,51298-2026-02-healthinsurance.xlsx,healthinsuranceT2_02-2026,false,51298,CBO and JCT's Projections of Net Federal Subsidies for Health Insurance / Medicaid and CHIPe / Medicaref,fiscal_year,2035,2035,2035,29,16
Health Insurance,Medicaref,2036,1952.0,Billions of dollars,51298-2026-02-healthinsurance.xlsx,healthinsuranceT2_02-2026,false,51298,CBO and JCT's Projections of Net Federal Subsidies for Health Insurance / Medicaid and CHIPe / Medicaref,fiscal_year,2036,2036,2036,29,17
Health Insurance,Medicaref,,15015.0,Billions of dollars,51298-2026-02-healthinsurance.xlsx,healthinsuranceT2_02-2026,false,51298,CBO and JCT's Projections of Net Federal Subsidies for Health Insurance / Medicaid and CHIPe / Medicaref,cumulative_fiscal_years,2027,2036,2027-2036,29,18
Health Insurance,Outlays for the premium tax credita,2026,88.0,Billions of dollars,51298-2026-02-healthinsurance.xlsx,healthinsuranceT2_02-2026,false,51298,CBO and JCT's Projections of Net Federal Subsidies for Health Insurance / Premium Tax Credit and Related Spending / Outlays for the premium tax credita,fiscal_year,2026,2026,2026,32,7
Health Insurance,Outlays for the premium tax credita,2027,69.0,Billions of dollars,51298-2026-02-healthinsurance.xlsx,healthinsuranceT2_02-2026,false,51298,CBO and JCT's Projections of Net Federal Subsidies for Health Insurance / Premium Tax Credit and Related Spending / Outlays for the premium tax credita,fiscal_year,2027,2027,2027,32,8
Health Insurance,Outlays for the premium tax credita,2028,66.0,Billions of dollars,51298-2026-02-healthinsurance.xlsx,healthinsuranceT2_02-2026,false,51298,CBO and JCT's Projections of Net Federal Subsidies for Health Insurance / Premium Tax Credit and Related Spending / Outlays for the premium tax credita,fiscal_year,2028,2028,2028,32,9
Health Insurance,Outlays for the premium tax credita,2029,70.0,Billions of dollars,51298-2026-02-healthinsurance.xlsx,healthinsuranceT2_02-2026,false,51298,CBO and JCT's Projections of Net Federal Subsidies for Health Insurance / Premium Tax Credit and Related Spending / Outlays for the premium tax credita,fiscal_year,2029,2029,2029,32,10
Health Insurance,Outlays for the premium tax credita,2030,77.0,Billions of dollars,51298-2026-02-healthinsurance.xlsx,healthinsuranceT2_02-2026,false,51298,CBO and JCT's Projections of Net Federal Subsidies for Health Insurance / Premium Tax Credit and Related Spending / Outlays for the premium tax credita,fiscal_year,2030,2030,2030,32,11
Health Insurance,Outlays for the premium tax credita,2031,86.0,Billions of dollars,51298-2026-02-healthinsurance.xlsx,healthinsuranceT2_02-2026,false,51298,CBO and JCT's Projections of Net Federal Subsidies for Health Insurance / Premium Tax Credit and Related Spending / Outlays for the premium tax credita,fiscal_year,2031,2031,2031,32,12
Health Insurance,Outlays for the premium tax credita,2032,92.0,Billions of dollars,51298-2026-02-healthinsurance.xlsx,healthinsuranceT2_02-2026,false,51298,CBO and JCT's Projections of Net Federal Subsidies for Health Insurance / Premium Tax Credit and Related Spending / Outlays for the premium tax credita,fiscal_year,2032,2032,2032,32,13
Health Insurance,Outlays for the premium tax credita,2033,95.0,Billions of dollars,51298-2026-02-healthinsurance.xlsx,healthinsuranceT2_02-2026,false,51298,CBO and JCT's Projections of Net Federal Subsidies for Health Insurance / Premium Tax Credit and Related Spending / Outlays for the premium tax credita,fiscal_year,2033,2033,2033,32,14
Health Insurance,Outlays for the premium tax credita,2034,101.0,Billions of dollars,51298-2026-02-healthinsurance.xlsx,healthinsuranceT2_02-2026,false,51298,CBO and JCT's Projections of Net Federal Subsidies for Health Insurance / Premium Tax Credit and Related Spending / Outlays for the premium tax credita,fiscal_year,2034,2034,2034,32,15
Health Insurance,Outlays for the premium tax credita,2035,108.0,Billions of dollars,51298-2026-02-healthinsurance.xlsx,healthinsuranceT2_02-2026,false,51298,CBO and JCT's Projections of Net Federal Subsidies for Health Insurance / Premium Tax Credit and Related Spending / Outlays for the premium tax credita,fiscal_year,2035,2035,2035,32,16
Health Insurance,Outlays for the premium tax credita,2036,116.0,Billions of dollars,51298-2026-02-healthinsurance.xlsx,healthinsuranceT2_02-2026,false,51298,CBO and JCT's Projections of Net Federal Subsidies for Health Insurance / Premium Tax Credit and Related Spending / Outlays for the premium tax credita,fiscal_year,2036,2036,2036,32,17
Health Insurance,Outlays for the premium tax credita,,878.0,Billions of dollars,51298-2026-02-healthinsurance.xlsx,healthinsuranceT2_02-2026,false,51298,CBO and JCT's Projections of Net Federal Subsidies for Health Insurance / Premium Tax Credit and Related Spending / Outlays for the premium tax credita,cumulative_fiscal_years,2027,2036,2027-2036,32,18
Health Insurance,n.a.,2026,17.0,Billions of dollars,51298-2026-02-healthinsurance.xlsx,healthinsuranceT2_02-2026,false,51298,CBO and JCT's Projections of Net Federal Subsidies for Health Insurance / Premium Tax Credit and Related Spending / Revenue reductions from the premium tax credita / n.a.,fiscal_year,2026,2026,2026,33,7
Health Insurance,n.a.,2027,9.0,Billions of dollars,51298-2026-02-healthinsurance.xlsx,healthinsuranceT2_02-2026,false,51298,CBO and JCT's Projections of Net Federal Subsidies for Health Insurance / Premium Tax Credit and Related Spending / Revenue reductions from the premium tax credita / n.a.,fiscal_year,2027,2027,2027,33,8
Health Insurance,n.a.,2028,8.0,Billions of dollars,51298-2026-02-healthinsurance.xlsx,healthinsuranceT2_02-2026,false,51298,CBO and JCT's Projections of Net Federal Subsidies for Health Insurance / Premium Tax Credit and Related Spending / Revenue reductions from the premium tax credita / n.a.,fiscal_year,2028,2028,2028,33,9
Health Insurance,n.a.,2029,8.0,Billions of dollars,51298-2026-02-healthinsurance.xlsx,healthinsuranceT2_02-2026,false,51298,CBO and JCT's Projections of Net Federal Subsidies for Health Insurance / Premium Tax Credit and Related Spending / Revenue reductions from the premium tax credita / n.a.,fiscal_year,2029,2029,2029,33,10
Health Insurance,n.a.,2030,9.0,Billions of dollars,51298-2026-02-healthinsurance.xlsx,healthinsuranceT2_02-2026,false,51298,CBO and JCT's Projections of Net Federal Subsidies for Health Insurance / Premium Tax Credit and Related Spending / Revenue reductions from the premium tax credita / n.a.,fiscal_year,2030,2030,2030,33,11
Health Insurance,n.a.,2031,10.0,Billions of dollars,51298-2026-02-healthinsurance.xlsx,healthinsuranceT2_02-2026,false,51298,CBO and JCT's Projections of Net Federal Subsidies for Health Insurance / Premium Tax Credit and Related Spending / Revenue reductions from the premium tax credita / n.a.,fiscal_year,2031,2031,2031,33,12
Health Insurance,n.a.,2032,11.0,Billions of dollars,51298-2026-02-healthinsurance.xlsx,healthinsuranceT2_02-2026,false,51298,CBO and JCT's Projections of Net Federal Subsidies for Health Insurance / Premium Tax Credit and Related Spending / Revenue reductions from the premium tax credita / n.a.,fiscal_year,2032,2032,2032,33,13
Health Insurance,n.a.,2033,11.0,Billions of dollars,51298-2026-02-healthinsurance.xlsx,healthinsuranceT2_02-2026,false,51298,CBO and JCT's Projections of Net Federal Subsidies for Health Insurance / Premium Tax Credit and Related Spending / Revenue reductions from the premium tax credita / n.a.,fiscal_year,2033,2033,2033,33,14
Health Insurance,n.a.,2034,12.0,Billions of dollars,51298-2026-02-healthinsurance.xlsx,healthinsuranceT2_02-2026,false,51298,CBO and JCT's Projections of Net Federal Subsidies for Health Insurance / Premium Tax Credit and Related Spending / Revenue reductions from the premium tax credita / n.a.,fiscal_year,2034,2034,2034,33,15
Health Insurance,n.a.,2035,12.0,Billions of dollars,51298-2026-02-healthinsurance.xlsx,healthinsuranceT2_02-2026,false,51298,CBO and JCT's Projections of Net Federal Subsidies for Health Insurance / Premium Tax Credit and Related Spending / Revenue reductions from the premium tax credita / n.a.,fiscal_year,2035,2035,2035,33,16
Health Insurance,n.a.,2036,12.0,Billions of dollars,51298-2026-02-healthinsurance.xlsx,healthinsuranceT2_02-2026,false,51298,CBO and JCT's Projections of Net Federal Subsidies for Health Insurance / Premium Tax Credit and Related Spending / Revenue reductions from the premium tax credita / n.a.,fiscal_year,2036,2036,2036,33,17
Health Insurance,n.a.,,103.0,Billions of dollars,51298-2026-02-healthinsurance.xlsx,healthinsuranceT2_02-2026,false,51298,CBO and JCT's Projections of Net Federal Subsidies for Health Insurance / Premium Tax Credit and Related Spending / Revenue reductions from the premium tax credita / n.a.,cumulative_fiscal_years,2027,2036,2027-2036,33,18
Health Insurance,Basic Health Programg,2026,12.0,Billions of dollars,51298-2026-02-healthinsurance.xlsx,healthinsuranceT2_02-2026,false,51298,CBO and JCT's Projections of Net Federal Subsidies for Health Insurance / Premium Tax Credit and Related Spending / Outlays for ACA section 1332 waivers and the / Basic Health Programg,fiscal_year,2026,2026,2026,35,7
Health Insurance,Basic Health Programg,2027,11.0,Billions of dollars,51298-2026-02-healthinsurance.xlsx,healthinsuranceT2_02-2026,false,51298,CBO and JCT's Projections of Net Federal Subsidies for Health Insurance / Premium Tax Credit and Related Spending / Outlays for ACA section 1332 waivers and the / Basic Health Programg,fiscal_year,2027,2027,2027,35,8
Health Insurance,Basic Health Programg,2028,11.0,Billions of dollars,51298-2026-02-healthinsurance.xlsx,healthinsuranceT2_02-2026,false,51298,CBO and JCT's Projections of Net Federal Subsidies for Health Insurance / Premium Tax Credit and Related Spending / Outlays for ACA section 1332 waivers and the / Basic Health Programg,fiscal_year,2028,2028,2028,35,9
Health Insurance,Basic Health Programg,2029,11.0,Billions of dollars,51298-2026-02-healthinsurance.xlsx,healthinsuranceT2_02-2026,false,51298,CBO and JCT's Projections of Net Federal Subsidies for Health Insurance / Premium Tax Credit and Related Spending / Outlays for ACA section 1332 waivers and the / Basic Health Programg,fiscal_year,2029,2029,2029,35,10
Health Insurance,Basic Health Programg,2030,12.0,Billions of dollars,51298-2026-02-healthinsurance.xlsx,healthinsuranceT2_02-2026,false,51298,CBO and JCT's Projections of Net Federal Subsidies for Health Insurance / Premium Tax Credit and Related Spending / Outlays for ACA section 1332 waivers and the / Basic Health Programg,fiscal_year,2030,2030,2030,35,11
Health Insurance,Basic Health Programg,2031,12.0,Billions of dollars,51298-2026-02-healthinsurance.xlsx,healthinsuranceT2_02-2026,false,51298,CBO and JCT's Projections of Net Federal Subsidies for Health Insurance / Premium Tax Credit and Related Spending / Outlays for ACA section 1332 waivers and the / Basic Health Programg,fiscal_year,2031,2031,2031,35,12
Health Insurance,Basic Health Programg,2032,13.0,Billions of dollars,51298-2026-02-healthinsurance.xlsx,healthinsuranceT2_02-2026,false,51298,CBO and JCT's Projections of Net Federal Subsidies for Health Insurance / Premium Tax Credit and Related Spending / Outlays for ACA section 1332 waivers and the / Basic Health Programg,fiscal_year,2032,2032,2032,35,13
Health Insurance,Basic Health Programg,2033,14.0,Billions of dollars,51298-2026-02-healthinsurance.xlsx,healthinsuranceT2_02-2026,false,51298,CBO and JCT's Projections of Net Federal Subsidies for Health Insurance / Premium Tax Credit and Related Spending / Outlays for ACA section 1332 waivers and the / Basic Health Programg,fiscal_year,2033,2033,2033,35,14
Health Insurance,Basic Health Programg,2034,15.0,Billions of dollars,51298-2026-02-healthinsurance.xlsx,healthinsuranceT2_02-2026,false,51298,CBO and JCT's Projections of Net Federal Subsidies for Health Insurance / Premium Tax Credit and Related Spending / Outlays for ACA section 1332 waivers and the / Basic Health Programg,fiscal_year,2034,2034,2034,35,15
Health Insurance,Basic Health Programg,2035,15.0,Billions of dollars,51298-2026-02-healthinsurance.xlsx,healthinsuranceT2_02-2026,false,51298,CBO and JCT's Projections of Net Federal Subsidies for Health Insurance / Premium Tax Credit and Related Spending / Outlays for ACA section 1332 waivers and the / Basic Health Programg,fiscal_year,2035,2035,2035,35,16
Health Insurance,Basic Health Programg,2036,16.0,Billions of dollars,51298-2026-02-healthinsurance.xlsx,healthinsuranceT2_02-2026,false,51298,CBO and JCT's Projections of Net Federal Subsidies for Health Insurance / Premium Tax Credit and Related Spending / Outlays for ACA section 1332 waivers and the / Basic Health Programg,fiscal_year,2036,2036,2036,35,17
Health Insurance,Basic Health Programg,,131.0,Billions of dollars,51298-2026-02-healthinsurance.xlsx,healthinsuranceT2_02-2026,false,51298,CBO and JCT's Projections of Net Federal Subsidies for Health Insurance / Premium Tax Credit and Related Spending / Outlays for ACA section 1332 waivers and the / Basic Health Programg,cumulative_fiscal_years,2027,2036,2027-2036,35,18
Health Insurance,Collections for risk adjustmenth,2026,-13.0,Billions of dollars,51298-2026-02-healthinsurance.xlsx,healthinsuranceT2_02-2026,false,51298,CBO and JCT's Projections of Net Federal Subsidies for Health Insurance / Premium Tax Credit and Related Spending / Outlays for ACA section 1332 waivers and the / Collections for risk adjustmenth,fiscal_year,2026,2026,2026,36,7
Health Insurance,Collections for risk adjustmenth,2027,-12.0,Billions of dollars,51298-2026-02-healthinsurance.xlsx,healthinsuranceT2_02-2026,false,51298,CBO and JCT's Projections of Net Federal Subsidies for Health Insurance / Premium Tax Credit and Related Spending / Outlays for ACA section 1332 waivers and the / Collections for risk adjustmenth,fiscal_year,2027,2027,2027,36,8
Health Insurance,Collections for risk adjustmenth,2028,-11.0,Billions of dollars,51298-2026-02-healthinsurance.xlsx,healthinsuranceT2_02-2026,false,51298,CBO and JCT's Projections of Net Federal Subsidies for Health Insurance / Premium Tax Credit and Related Spending / Outlays for ACA section 1332 waivers and the / Collections for risk adjustmenth,fiscal_year,2028,2028,2028,36,9
Health Insurance,Collections for risk adjustmenth,2029,-12.0,Billions of dollars,51298-2026-02-healthinsurance.xlsx,healthinsuranceT2_02-2026,false,51298,CBO and JCT's Projections of Net Federal Subsidies for Health Insurance / Premium Tax Credit and Related Spending / Outlays for ACA section 1332 waivers and the / Collections for risk adjustmenth,fiscal_year,2029,2029,2029,36,10
Health Insurance,Collections for risk adjustmenth,2030,-12.0,Billions of dollars,51298-2026-02-healthinsurance.xlsx,healthinsuranceT2_02-2026,false,51298,CBO and JCT's Projections of Net Federal Subsidies for Health Insurance / Premium Tax Credit and Related Spending / Outlays for ACA section 1332 waivers and the / Collections for risk adjustmenth,fiscal_year,2030,2030,2030,36,11
Health Insurance,Collections for risk adjustmenth,2031,-14.0,Billions of dollars,51298-2026-02-healthinsurance.xlsx,healthinsuranceT2_02-2026,false,51298,CBO and JCT's Projections of Net Federal Subsidies for Health Insurance / Premium Tax Credit and Related Spending / Outlays for ACA section 1332 waivers and the / Collections for risk adjustmenth,fiscal_year,2031,2031,2031,36,12
Health Insurance,Collections for risk adjustmenth,2032,-15.0,Billions of dollars,51298-2026-02-healthinsurance.xlsx,healthinsuranceT2_02-2026,false,51298,CBO and JCT's Projections of Net Federal Subsidies for Health Insurance / Premium Tax Credit and Related Spending / Outlays for ACA section 1332 waivers and the / Collections for risk adjustmenth,fiscal_year,2032,2032,2032,36,13
Health Insurance,Collections for risk adjustmenth,2033,-16.0,Billions of dollars,51298-2026-02-healthinsurance.xlsx,healthinsuranceT2_02-2026,false,51298,CBO and JCT's Projections of Net Federal Subsidies for Health Insurance / Premium Tax Credit and Related Spending / Outlays for ACA section 1332 waivers and the / Collections for risk adjustmenth,fiscal_year,2033,2033,2033,36,14
Health Insurance,Collections for risk adjustmenth,2034,-16.0,Billions of dollars,51298-2026-02-healthinsurance.xlsx,healthinsuranceT2_02-2026,false,51298,CBO and JCT's Projections of Net Federal Subsidies for Health Insurance / Premium Tax Credit and Related Spending / Outlays for ACA section 1332 waivers and the / Collections for risk adjustmenth,fiscal_year,2034,2034,2034,36,15
Health Insurance,Collections for risk adjustmenth,2035,-17.0,Billions of dollars,51298-2026-02-healthinsurance.xlsx,healthinsuranceT2_02-2026,false,51298,CBO and JCT's Projections of Net Federal Subsidies for Health Insurance / Premium Tax Credit and Related Spending / Outlays for ACA section 1332 waivers and the / Collections for risk adjustmenth,fiscal_year,2035,2035,2035,36,16
Health Insurance,Collections for risk adjustmenth,2036,-18.0,Billions of dollars,51298-2026-02-healthinsurance.xlsx,healthinsuranceT2_02-2026,false,51298,CBO and JCT's Projections of Net Federal Subsidies for Health Insurance / Premium Tax Credit and Related Spending / Outlays for ACA section 1332 waivers and the / Collections for risk adjustmenth,fiscal_year,2036,2036,2036,36,17
Health Insurance,Collections for risk adjustmenth,,-144.0,Billions of dollars,51298-2026-02-healthinsurance.xlsx,healthinsuranceT2_02-2026,false,51298,CBO and JCT's Projections of Net Federal Subsidies for Health Insurance / Premium Tax Credit and Related Spending / Outlays for ACA section 1332 waivers and the / Collections for risk adjustmenth,cumulative_fiscal_years,2027,2036,2027-2036,36,18
Health Insurance,Payments for risk adjustmenth,2026,12.0,Billions of dollars,51298-2026-02-healthinsurance.xlsx,healthinsuranceT2_02-2026,false,51298,CBO and JCT's Projections of Net Federal Subsidies for Health Insurance / Premium Tax Credit and Related Spending / Outlays for ACA section 1332 waivers and the / Payments for risk adjustmenth,fiscal_year,2026,2026,2026,37,7
Health Insurance,Payments for risk adjustmenth,2027,13.0,Billions of dollars,51298-2026-02-healthinsurance.xlsx,healthinsuranceT2_02-2026,false,51298,CBO and JCT's Projections of Net Federal Subsidies for Health Insurance / Premium Tax Credit and Related Spending / Outlays for ACA section 1332 waivers and the / Payments for risk adjustmenth,fiscal_year,2027,2027,2027,37,8
Health Insurance,Payments for risk adjustmenth,2028,12.0,Billions of dollars,51298-2026-02-healthinsurance.xlsx,healthinsuranceT2_02-2026,false,51298,CBO and JCT's Projections of Net Federal Subsidies for Health Insurance / Premium Tax Credit and Related Spending / Outlays for ACA section 1332 waivers and the / Payments for risk adjustmenth,fiscal_year,2028,2028,2028,37,9
Health Insurance,Payments for risk adjustmenth,2029,11.0,Billions of dollars,51298-2026-02-healthinsurance.xlsx,healthinsuranceT2_02-2026,false,51298,CBO and JCT's Projections of Net Federal Subsidies for Health Insurance / Premium Tax Credit and Related Spending / Outlays for ACA section 1332 waivers and the / Payments for risk adjustmenth,fiscal_year,2029,2029,2029,37,10
Health Insurance,Payments for risk adjustmenth,2030,12.0,Billions of dollars,51298-2026-02-healthinsurance.xlsx,healthinsuranceT2_02-2026,false,51298,CBO and JCT's Projections of Net Federal Subsidies for Health Insurance / Premium Tax Credit and Related Spending / Outlays for ACA section 1332 waivers and the / Payments for risk adjustmenth,fiscal_year,2030,2030,2030,37,11
Health Insurance,Payments for risk adjustmenth,2031,13.0,Billions of dollars,51298-2026-02-healthinsurance.xlsx,healthinsuranceT2_02-2026,false,51298,CBO and JCT's Projections of Net Federal Subsidies for Health Insurance / Premium Tax Credit and Related Spending / Outlays for ACA section 1332 waivers and the / Payments for risk adjustmenth,fiscal_year,2031,2031,2031,37,12
Health Insurance,Payments for risk adjustmenth,2032,15.0,Billions of dollars,51298-2026-02-healthinsurance.xlsx,healthinsuranceT2_02-2026,false,51298,CBO and JCT's Projections of Net Federal Subsidies for Health Insurance / Premium Tax Credit and Related Spending / Outlays for ACA section 1332 waivers and the / Payments for risk adjustmenth,fiscal_year,2032,2032,2032,37,13
Health Insurance,Payments for risk adjustmenth,2033,16.0,Billions of dollars,51298-2026-02-healthinsurance.xlsx,healthinsuranceT2_02-2026,false,51298,CBO and JCT's Projections of Net Federal Subsidies for Health Insurance / Premium Tax Credit and Related Spending / Outlays for ACA section 1332 waivers and the / Payments for risk adjustmenth,fiscal_year,2033,2033,2033,37,14
Health Insurance,Payments for risk adjustmenth,2034,16.0,Billions of dollars,51298-2026-02-healthinsurance.xlsx,healthinsuranceT2_02-2026,false,51298,CBO and JCT's Projections of Net Federal Subsidies for Health Insurance / Premium Tax Credit and Related Spending / Outlays for ACA section 1332 waivers and the / Payments for risk adjustmenth,fiscal_year,2034,2034,2034,37,15
Health Insurance,Payments for risk adjustmenth,2035,17.0,Billions of dollars,51298-2026-02-healthinsurance.xlsx,healthinsuranceT2_02-2026,false,51298,CBO and JCT's Projections of Net Federal Subsidies for Health Insurance / Premium Tax Credit and Related Spending / Outlays for ACA section 1332 waivers and the / Payments for risk adjustmenth,fiscal_year,2035,2035,2035,37,16
Health Insurance,Payments for risk adjustmenth,2036,18.0,Billions of dollars,51298-2026-02-healthinsurance.xlsx,healthinsuranceT2_02-2026,false,51298,CBO and JCT's Projections of Net Federal Subsidies for Health Insurance / Premium Tax Credit and Related Spending / Outlays for ACA section 1332 waivers and the / Payments for risk adjustmenth,fiscal_year,2036,2036,2036,37,17
Health Insurance,Payments for risk adjustmenth,,142.0,Billions of dollars,51298-2026-02-healthinsurance.xlsx,healthinsuranceT2_02-2026,false,51298,CBO and JCT's Projections of Net Federal Subsidies for Health Insurance / Premium Tax Credit and Related Spending / Outlays for ACA section 1332 waivers and the / Payments for risk adjustmenth,cumulative_fiscal_years,2027,2036,2027-2036,37,18
Health Insurance,n.a.,2026,117.0,Billions of dollars,51298-2026-02-healthinsurance.xlsx,healthinsuranceT2_02-2026,true,51298,"CBO and JCT's Projections of Net Federal Subsidies for Health Insurance / Premium Tax Credit and Related Spending / Outlays for ACA section 1332 waivers and the / Subtotal, Premium Tax Credit and Related Spending / n.a.",fiscal_year,2026,2026,2026,38,7
Health Insurance,n.a.,2027,90.0,Billions of dollars,51298-2026-02-healthinsurance.xlsx,healthinsuranceT2_02-2026,true,51298,"CBO and JCT's Projections of Net Federal Subsidies for Health Insurance / Premium Tax Credit and Related Spending / Outlays for ACA section 1332 waivers and the / Subtotal, Premium Tax Credit and Related Spending / n.a.",fiscal_year,2027,2027,2027,38,8
Health Insurance,n.a.,2028,85.0,Billions of dollars,51298-2026-02-healthinsurance.xlsx,healthinsuranceT2_02-2026,true,51298,"CBO and JCT's Projections of Net Federal Subsidies for Health Insurance / Premium Tax Credit and Related Spending / Outlays for ACA section 1332 waivers and the / Subtotal, Premium Tax Credit and Related Spending / n.a.",fiscal_year,2028,2028,2028,38,9
Health Insurance,n.a.,2029,89.0,Billions of dollars,51298-2026-02-healthinsurance.xlsx,healthinsuranceT2_02-2026,true,51298,"CBO and JCT's Projections of Net Federal Subsidies for Health Insurance / Premium Tax Credit and Related Spending / Outlays for ACA section 1332 waivers and the / Subtotal, Premium Tax Credit and Related Spending / n.a.",fiscal_year,2029,2029,2029,38,10
Health Insurance,n.a.,2030,97.0,Billions of dollars,51298-2026-02-healthinsurance.xlsx,healthinsuranceT2_02-2026,true,51298,"CBO and JCT's Projections of Net Federal Subsidies for Health Insurance / Premium Tax Credit and Related Spending / Outlays for ACA section 1332 waivers and the / Subtotal, Premium Tax Credit and Related Spending / n.a.",fiscal_year,2030,2030,2030,38,11
Health Insurance,n.a.,2031,108.0,Billions of dollars,51298-2026-02-healthinsurance.xlsx,healthinsuranceT2_02-2026,true,51298,"CBO and JCT's Projections of Net Federal Subsidies for Health Insurance / Premium Tax Credit and Related Spending / Outlays for ACA section 1332 waivers and the / Subtotal, Premium Tax Credit and Related Spending / n.a.",fiscal_year,2031,2031,2031,38,12
Health Insurance,n.a.,2032,116.0,Billions of dollars,51298-2026-02-healthinsurance.xlsx,healthinsuranceT2_02-2026,true,51298,"CBO and JCT's Projections of Net Federal Subsidies for Health Insurance / Premium Tax Credit and Related Spending / Outlays for ACA section 1332 waivers and the / Subtotal, Premium Tax Credit and Related Spending / n.a.",fiscal_year,2032,2032,2032,38,13
Health Insurance,n.a.,2033,120.0,Billions of dollars,51298-2026-02-healthinsurance.xlsx,healthinsuranceT2_02-2026,true,51298,"CBO and JCT's Projections of Net Federal Subsidies for Health Insurance / Premium Tax Credit and Related Spending / Outlays for ACA section 1332 waivers and the / Subtotal, Premium Tax Credit and Related Spending / n.a.",fiscal_year,2033,2033,2033,38,14
Health Insurance,n.a.,2034,127.0,Billions of dollars,51298-2026-02-healthinsurance.xlsx,healthinsuranceT2_02-2026,true,51298,"CBO and JCT's Projections of Net Federal Subsidies for Health Insurance / Premium Tax Credit and Related Spending / Outlays for ACA section 1332 waivers and the / Subtotal, Premium Tax Credit and Related Spending / n.a.",fiscal_year,2034,2034,2034,38,15
Health Insurance,n.a.,2035,135.0,Billions of dollars,51298-2026-02-healthinsurance.xlsx,healthinsuranceT2_02-2026,true,51298,"CBO and JCT's Projections of Net Federal Subsidies for Health Insurance / Premium Tax Credit and Related Spending / Outlays for ACA section 1332 waivers and the / Subtotal, Premium Tax Credit and Related Spending / n.a.",fiscal_year,2035,2035,2035,38,16
Health Insurance,n.a.,2036,144.0,Billions of dollars,51298-2026-02-healthinsurance.xlsx,healthinsuranceT2_02-2026,true,51298,"CBO and JCT's Projections of Net Federal Subsidies for Health Insurance / Premium Tax Credit and Related Spending / Outlays for ACA section 1332 waivers and the / Subtotal, Premium Tax Credit and Related Spending / n.a.",fiscal_year,2036,2036,2036,38,17
Health Insurance,n.a.,,1110.0,Billions of dollars,51298-2026-02-healthinsurance.xlsx,healthinsuranceT2_02-2026,true,51298,"CBO and JCT's Projections of Net Federal Subsidies for Health Insurance / Premium Tax Credit and Related Spending / Outlays for ACA section 1332 waivers and the / Subtotal, Premium Tax Credit and Related Spending / n.a.",cumulative_fiscal_years,2027,2036,2027-2036,38,18
Health Insurance,n.a.,2026,51.0,Billions of dollars,51298-2026-02-healthinsurance.xlsx,healthinsuranceT2_02-2026,false,51298,CBO and JCT's Projections of Net Federal Subsidies for Health Insurance / Other Federal Subsidies Associated With / Supplemental or Partial Benefitsi / n.a.,fiscal_year,2026,2026,2026,41,7
Health Insurance,n.a.,2027,54.0,Billions of dollars,51298-2026-02-healthinsurance.xlsx,healthinsuranceT2_02-2026,false,51298,CBO and JCT's Projections of Net Federal Subsidies for Health Insurance / Other Federal Subsidies Associated With / Supplemental or Partial Benefitsi / n.a.,fiscal_year,2027,2027,2027,41,8
Health Insurance,n.a.,2028,56.0,Billions of dollars,51298-2026-02-healthinsurance.xlsx,healthinsuranceT2_02-2026,false,51298,CBO and JCT's Projections of Net Federal Subsidies for Health Insurance / Other Federal Subsidies Associated With / Supplemental or Partial Benefitsi / n.a.,fiscal_year,2028,2028,2028,41,9
Health Insurance,n.a.,2029,59.0,Billions of dollars,51298-2026-02-healthinsurance.xlsx,healthinsuranceT2_02-2026,false,51298,CBO and JCT's Projections of Net Federal Subsidies for Health Insurance / Other Federal Subsidies Associated With / Supplemental or Partial Benefitsi / n.a.,fiscal_year,2029,2029,2029,41,10
Health Insurance,n.a.,2030,62.0,Billions of dollars,51298-2026-02-healthinsurance.xlsx,healthinsuranceT2_02-2026,false,51298,CBO and JCT's Projections of Net Federal Subsidies for Health Insurance / Other Federal Subsidies Associated With / Supplemental or Partial Benefitsi / n.a.,fiscal_year,2030,2030,2030,41,11
Health Insurance,n.a.,2031,65.0,Billions of dollars,51298-2026-02-healthinsurance.xlsx,healthinsuranceT2_02-2026,false,51298,CBO and JCT's Projections of Net Federal Subsidies for Health Insurance / Other Federal Subsidies Associated With / Supplemental or Partial Benefitsi / n.a.,fiscal_year,2031,2031,2031,41,12
Health Insurance,n.a.,2032,69.0,Billions of dollars,51298-2026-02-healthinsurance.xlsx,healthinsuranceT2_02-2026,false,51298,CBO and JCT's Projections of Net Federal Subsidies for Health Insurance / Other Federal Subsidies Associated With / Supplemental or Partial Benefitsi / n.a.,fiscal_year,2032,2032,2032,41,13
Health Insurance,n.a.,2033,73.0,Billions of dollars,51298-2026-02-healthinsurance.xlsx,healthinsuranceT2_02-2026,false,51298,CBO and JCT's Projections of Net Federal Subsidies for Health Insurance / Other Federal Subsidies Associated With / Supplemental or Partial Benefitsi / n.a.,fiscal_year,2033,2033,2033,41,14
Health Insurance,n.a.,2034,77.0,Billions of dollars,51298-2026-02-healthinsurance.xlsx,healthinsuranceT2_02-2026,false,51298,CBO and JCT's Projections of Net Federal Subsidies for Health Insurance / Other Federal Subsidies Associated With / Supplemental or Partial Benefitsi / n.a.,fiscal_year,2034,2034,2034,41,15
Health Insurance,n.a.,2035,81.0,Billions of dollars,51298-2026-02-healthinsurance.xlsx,healthinsuranceT2_02-2026,false,51298,CBO and JCT's Projections of Net Federal Subsidies for Health Insurance / Other Federal Subsidies Associated With / Supplemental or Partial Benefitsi / n.a.,fiscal_year,2035,2035,2035,41,16
Health Insurance,n.a.,2036,86.0,Billions of dollars,51298-2026-02-healthinsurance.xlsx,healthinsuranceT2_02-2026,false,51298,CBO and JCT's Projections of Net Federal Subsidies for Health Insurance / Other Federal Subsidies Associated With / Supplemental or Partial Benefitsi / n.a.,fiscal_year,2036,2036,2036,41,17
Health Insurance,n.a.,,682.0,Billions of dollars,51298-2026-02-healthinsurance.xlsx,healthinsuranceT2_02-2026,false,51298,CBO and JCT's Projections of Net Federal Subsidies for Health Insurance / Other Federal Subsidies Associated With / Supplemental or Partial Benefitsi / n.a.,cumulative_fiscal_years,2027,2036,2027-2036,41,18
Health Insurance,n.a.,2026,2365.0,Billions of dollars,51298-2026-02-healthinsurance.xlsx,healthinsuranceT2_02-2026,false,51298,CBO and JCT's Projections of Net Federal Subsidies for Health Insurance / Other Federal Subsidies Associated With / Net Subsidies / n.a.,fiscal_year,2026,2026,2026,43,7
Health Insurance,n.a.,2027,2471.0,Billions of dollars,51298-2026-02-healthinsurance.xlsx,healthinsuranceT2_02-2026,false,51298,CBO and JCT's Projections of Net Federal Subsidies for Health Insurance / Other Federal Subsidies Associated With / Net Subsidies / n.a.,fiscal_year,2027,2027,2027,43,8
Health Insurance,n.a.,2028,2581.0,Billions of dollars,51298-2026-02-healthinsurance.xlsx,healthinsuranceT2_02-2026,false,51298,CBO and JCT's Projections of Net Federal Subsidies for Health Insurance / Other Federal Subsidies Associated With / Net Subsidies / n.a.,fiscal_year,2028,2028,2028,43,9
Health Insurance,n.a.,2029,2708.0,Billions of dollars,51298-2026-02-healthinsurance.xlsx,healthinsuranceT2_02-2026,false,51298,CBO and JCT's Projections of Net Federal Subsidies for Health Insurance / Other Federal Subsidies Associated With / Net Subsidies / n.a.,fiscal_year,2029,2029,2029,43,10
Health Insurance,n.a.,2030,2837.0,Billions of dollars,51298-2026-02-healthinsurance.xlsx,healthinsuranceT2_02-2026,false,51298,CBO and JCT's Projections of Net Federal Subsidies for Health Insurance / Other Federal Subsidies Associated With / Net Subsidies / n.a.,fiscal_year,2030,2030,2030,43,11
Health Insurance,n.a.,2031,2978.0,Billions of dollars,51298-2026-02-healthinsurance.xlsx,healthinsuranceT2_02-2026,false,51298,CBO and JCT's Projections of Net Federal Subsidies for Health Insurance / Other Federal Subsidies Associated With / Net Subsidies / n.a.,fiscal_year,2031,2031,2031,43,12
Health Insurance,n.a.,2032,3139.0,Billions of dollars,51298-2026-02-healthinsurance.xlsx,healthinsuranceT2_02-2026,false,51298,CBO and JCT's Projections of Net Federal Subsidies for Health Insurance / Other Federal Subsidies Associated With / Net Subsidies / n.a.,fiscal_year,2032,2032,2032,43,13
Health Insurance,n.a.,2033,3328.0,Billions of dollars,51298-2026-02-healthinsurance.xlsx,healthinsuranceT2_02-2026,false,51298,CBO and JCT's Projections of Net Federal Subsidies for Health Insurance / Other Federal Subsidies Associated With / Net Subsidies / n.a.,fiscal_year,2033,2033,2033,43,14
Health Insurance,n.a.,2034,3520.0,Billions of dollars,51298-2026-02-healthinsurance.xlsx,healthinsuranceT2_02-2026,false,51298,CBO and JCT's Projections of Net Federal Subsidies for Health Insurance / Other Federal Subsidies Associated With / Net Subsidies / n.a.,fiscal_year,2034,2034,2034,43,15
Health Insurance,n.a.,2035,3711.0,Billions of dollars,51298-2026-02-healthinsurance.xlsx,healthinsuranceT2_02-2026,false,51298,CBO and JCT's Projections of Net Federal Subsidies for Health Insurance / Other Federal Subsidies Associated With / Net Subsidies / n.a.,fiscal_year,2035,2035,2035,43,16
Health Insurance,n.a.,2036,3913.0,Billions of dollars,51298-2026-02-healthinsurance.xlsx,healthinsuranceT2_02-2026,false,51298,CBO and JCT's Projections of Net Federal Subsidies for Health Insurance / Other Federal Subsidies Associated With / Net Subsidies / n.a.,fiscal_year,2036,2036,2036,43,17
Health Insurance,n.a.,,31185.0,Billions of dollars,51298-2026-02-healthinsurance.xlsx,healthinsuranceT2_02-2026,false,51298,CBO and JCT's Projections of Net Federal Subsidies for Health Insurance / Other Federal Subsidies Associated With / Net Subsidies / n.a.,cumulative_fiscal_years,2027,2036,2027-2036,43,18
Health Insurance,n.a.,2026,7.4,Billions of dollars,51298-2026-02-healthinsurance.xlsx,healthinsuranceT2_02-2026,false,51298,CBO and JCT's Projections of Net Federal Subsidies for Health Insurance / Memorandum: / Net Subsidies as a Percentage of Gross Domestic Product / n.a.,fiscal_year,2026,2026,2026,47,7
Health Insurance,n.a.,2027,7.4,Billions of dollars,51298-2026-02-healthinsurance.xlsx,healthinsuranceT2_02-2026,false,51298,CBO and JCT's Projections of Net Federal Subsidies for Health Insurance / Memorandum: / Net Subsidies as a Percentage of Gross Domestic Product / n.a.,fiscal_year,2027,2027,2027,47,8
Health Insurance,n.a.,2028,7.4,Billions of dollars,51298-2026-02-healthinsurance.xlsx,healthinsuranceT2_02-2026,false,51298,CBO and JCT's Projections of Net Federal Subsidies for Health Insurance / Memorandum: / Net Subsidies as a Percentage of Gross Domestic Product / n.a.,fiscal_year,2028,2028,2028,47,9
Health Insurance,n.a.,2029,7.5,Billions of dollars,51298-2026-02-healthinsurance.xlsx,healthinsuranceT2_02-2026,false,51298,CBO and JCT's Projections of Net Federal Subsidies for Health Insurance / Memorandum: / Net Subsidies as a Percentage of Gross Domestic Product / n.a.,fiscal_year,2029,2029,2029,47,10
Health Insurance,n.a.,2030,7.6,Billions of dollars,51298-2026-02-healthinsurance.xlsx,healthinsuranceT2_02-2026,false,51298,CBO and JCT's Projections of Net Federal Subsidies for Health Insurance / Memorandum: / Net Subsidies as a Percentage of Gross Domestic Product / n.a.,fiscal_year,2030,2030,2030,47,11
Health Insurance,n.a.,2031,7.7,Billions of dollars,51298-2026-02-healthinsurance.xlsx,healthinsuranceT2_02-2026,false,51298,CBO and JCT's Projections of Net Federal Subsidies for Health Insurance / Memorandum: / Net Subsidies as a Percentage of Gross Domestic Product / n.a.,fiscal_year,2031,2031,2031,47,12
Health Insurance,n.a.,2032,7.8,Billions of dollars,51298-2026-02-healthinsurance.xlsx,healthinsuranceT2_02-2026,false,51298,CBO and JCT's Projections of Net Federal Subsidies for Health Insurance / Memorandum: / Net Subsidies as a Percentage of Gross Domestic Product / n.a.,fiscal_year,2032,2032,2032,47,13
Health Insurance,n.a.,2033,8.0,Billions of dollars,51298-2026-02-healthinsurance.xlsx,healthinsuranceT2_02-2026,false,51298,CBO and JCT's Projections of Net Federal Subsidies for Health Insurance / Memorandum: / Net Subsidies as a Percentage of Gross Domestic Product / n.a.,fiscal_year,2033,2033,2033,47,14
Health Insurance,n.a.,2034,8.1,Billions of dollars,51298-2026-02-healthinsurance.xlsx,healthinsuranceT2_02-2026,false,51298,CBO and JCT's Projections of Net Federal Subsidies for Health Insurance / Memorandum: / Net Subsidies as a Percentage of Gross Domestic Product / n.a.,fiscal_year,2034,2034,2034,47,15
Health Insurance,n.a.,2035,8.2,Billions of dollars,51298-2026-02-healthinsurance.xlsx,healthinsuranceT2_02-2026,false,51298,CBO and JCT's Projections of Net Federal Subsidies for Health Insurance / Memorandum: / Net Subsidies as a Percentage of Gross Domestic Product / n.a.,fiscal_year,2035,2035,2035,47,16
Health Insurance,n.a.,2036,8.4,Billions of dollars,51298-2026-02-healthinsurance.xlsx,healthinsuranceT2_02-2026,false,51298,CBO and JCT's Projections of Net Federal Subsidies for Health Insurance / Memorandum: / Net Subsidies as a Percentage of Gross Domestic Product / n.a.,fiscal_year,2036,2036,2036,47,17
