program,category,fiscal_year,value,unit,source_file,source_sheet,is_total,program_id,category_path,period_type,period_start_year,period_end_year,period_label,source_row,source_column
Health Insurance,Total population,2023,338.4,Millions of people,51298-2024-06-healthinsurance.xlsx,Table 1,true,51298,"Table 1. CBO’s June 2024 Projections of Health Insurance Coverage, by Source / Total population",fiscal_year,2023,2023,2023,9,2
Health Insurance,Total population,2024,342.3,Millions of people,51298-2024-06-healthinsurance.xlsx,Table 1,true,51298,"Table 1. CBO’s June 2024 Projections of Health Insurance Coverage, by Source / Total population",fiscal_year,2024,2024,2024,9,3
Health Insurance,Total population,2025,346.2,Millions of people,51298-2024-06-healthinsurance.xlsx,Table 1,true,51298,"Table 1. CBO’s June 2024 Projections of Health Insurance Coverage, by Source / Total population",fiscal_year,2025,2025,2025,9,4
Health Insurance,Total population,2026,349.5,Millions of people,51298-2024-06-healthinsurance.xlsx,Table 1,true,51298,"Table 1. CBO’s June 2024 Projections of Health Insurance Coverage, by Source / Total population",fiscal_year,2026,2026,2026,9,5
Health Insurance,Total population,2027,351.9,Millions of people,51298-2024-06-healthinsurance.xlsx,Table 1,true,51298,"Table 1. CBO’s June 2024 Projections of Health Insurance Coverage, by Source / Total population",fiscal_year,2027,2027,2027,9,6
Health Insurance,Total population,2028,353.7,Millions of people,51298-2024-06-healthinsurance.xlsx,Table 1,true,51298,"Table 1. CBO’s June 2024 Projections of Health Insurance Coverage, by Source / Total population",fiscal_year,2028,2028,2028,9,7
Health Insurance,Total population,2029,355.4,Millions of people,51298-2024-06-healthinsurance.xlsx,Table 1,true,51298,"Table 1. CBO’s June 2024 Projections of Health Insurance Coverage, by Source / Total population",fiscal_year,2029,2029,2029,9,8
Health Insurance,Total population,2030,357.1,Millions of people,51298-2024-06-healthinsurance.xlsx,Table 1,true,51298,"Table 1. CBO’s June 2024 Projections of Health Insurance Coverage, by Source / Total population",fiscal_year,2030,2030,2030,9,9
Health Insurance,Total population,2031,358.7,Millions of people,51298-2024-06-healthinsurance.xlsx,Table 1,true,51298,"Table 1. CBO’s June 2024 Projections of Health Insurance Coverage, by Source / Total population",fiscal_year,2031,2031,2031,9,10
Health Insurance,Total population,2032,360.3,Millions of people,51298-2024-06-healthinsurance.xlsx,Table 1,true,51298,"Table 1. CBO’s June 2024 Projections of Health Insurance Coverage, by Source / Total population",fiscal_year,2032,2032,2032,9,11
Health Insurance,Total population,2033,361.8,Millions of people,51298-2024-06-healthinsurance.xlsx,Table 1,true,51298,"Table 1. CBO’s June 2024 Projections of Health Insurance Coverage, by Source / Total population",fiscal_year,2033,2033,2033,9,12
Health Insurance,Total population,2034,363.3,Millions of people,51298-2024-06-healthinsurance.xlsx,Table 1,true,51298,"Table 1. CBO’s June 2024 Projections of Health Insurance Coverage, by Source / Total population",fiscal_year,2034,2034,2034,9,13
Health Insurance,Insured people,2023,314.1,Millions of people,51298-2024-06-healthinsurance.xlsx,Table 1,false,51298,"Table 1. CBO’s June 2024 Projections of Health Insurance Coverage, by Source / Insured people",fiscal_year,2023,2023,2023,10,2
Health Insurance,Insured people,2024,315.9,Millions of people,51298-2024-06-healthinsurance.xlsx,Table 1,false,51298,"Table 1. CBO’s June 2024 Projections of Health Insurance Coverage, by Source / Insured people",fiscal_year,2024,2024,2024,10,3
Health Insurance,Insured people,2025,318.9,Millions of people,51298-2024-06-healthinsurance.xlsx,Table 1,false,51298,"Table 1. CBO’s June 2024 Projections of Health Insurance Coverage, by Source / Insured people",fiscal_year,2025,2025,2025,10,4
Health Insurance,Insured people,2026,319.1,Millions of people,51298-2024-06-healthinsurance.xlsx,Table 1,false,51298,"Table 1. CBO’s June 2024 Projections of Health Insurance Coverage, by Source / Insured people",fiscal_year,2026,2026,2026,10,5
Health Insurance,Insured people,2027,319.9,Millions of people,51298-2024-06-healthinsurance.xlsx,Table 1,false,51298,"Table 1. CBO’s June 2024 Projections of Health Insurance Coverage, by Source / Insured people",fiscal_year,2027,2027,2027,10,6
Health Insurance,Insured people,2028,321.3,Millions of people,51298-2024-06-healthinsurance.xlsx,Table 1,false,51298,"Table 1. CBO’s June 2024 Projections of Health Insurance Coverage, by Source / Insured people",fiscal_year,2028,2028,2028,10,7
Health Insurance,Insured people,2029,322.9,Millions of people,51298-2024-06-healthinsurance.xlsx,Table 1,false,51298,"Table 1. CBO’s June 2024 Projections of Health Insurance Coverage, by Source / Insured people",fiscal_year,2029,2029,2029,10,8
Health Insurance,Insured people,2030,324.7,Millions of people,51298-2024-06-healthinsurance.xlsx,Table 1,false,51298,"Table 1. CBO’s June 2024 Projections of Health Insurance Coverage, by Source / Insured people",fiscal_year,2030,2030,2030,10,9
Health Insurance,Insured people,2031,326.5,Millions of people,51298-2024-06-healthinsurance.xlsx,Table 1,false,51298,"Table 1. CBO’s June 2024 Projections of Health Insurance Coverage, by Source / Insured people",fiscal_year,2031,2031,2031,10,10
Health Insurance,Insured people,2032,328.0,Millions of people,51298-2024-06-healthinsurance.xlsx,Table 1,false,51298,"Table 1. CBO’s June 2024 Projections of Health Insurance Coverage, by Source / Insured people",fiscal_year,2032,2032,2032,10,11
Health Insurance,Insured people,2033,329.7,Millions of people,51298-2024-06-healthinsurance.xlsx,Table 1,false,51298,"Table 1. CBO’s June 2024 Projections of Health Insurance Coverage, by Source / Insured people",fiscal_year,2033,2033,2033,10,12
Health Insurance,Insured people,2034,330.9,Millions of people,51298-2024-06-healthinsurance.xlsx,Table 1,false,51298,"Table 1. CBO’s June 2024 Projections of Health Insurance Coverage, by Source / Insured people",fiscal_year,2034,2034,2034,10,13
Health Insurance,Uninsured people,2023,24.3,Millions of people,51298-2024-06-healthinsurance.xlsx,Table 1,false,51298,"Table 1. CBO’s June 2024 Projections of Health Insurance Coverage, by Source / Uninsured people",fiscal_year,2023,2023,2023,11,2
Health Insurance,Uninsured people,2024,26.4,Millions of people,51298-2024-06-healthinsurance.xlsx,Table 1,false,51298,"Table 1. CBO’s June 2024 Projections of Health Insurance Coverage, by Source / Uninsured people",fiscal_year,2024,2024,2024,11,3
Health Insurance,Uninsured people,2025,27.3,Millions of people,51298-2024-06-healthinsurance.xlsx,Table 1,false,51298,"Table 1. CBO’s June 2024 Projections of Health Insurance Coverage, by Source / Uninsured people",fiscal_year,2025,2025,2025,11,4
Health Insurance,Uninsured people,2026,30.3,Millions of people,51298-2024-06-healthinsurance.xlsx,Table 1,false,51298,"Table 1. CBO’s June 2024 Projections of Health Insurance Coverage, by Source / Uninsured people",fiscal_year,2026,2026,2026,11,5
Health Insurance,Uninsured people,2027,32.1,Millions of people,51298-2024-06-healthinsurance.xlsx,Table 1,false,51298,"Table 1. CBO’s June 2024 Projections of Health Insurance Coverage, by Source / Uninsured people",fiscal_year,2027,2027,2027,11,6
Health Insurance,Uninsured people,2028,32.4,Millions of people,51298-2024-06-healthinsurance.xlsx,Table 1,false,51298,"Table 1. CBO’s June 2024 Projections of Health Insurance Coverage, by Source / Uninsured people",fiscal_year,2028,2028,2028,11,7
Health Insurance,Uninsured people,2029,32.5,Millions of people,51298-2024-06-healthinsurance.xlsx,Table 1,false,51298,"Table 1. CBO’s June 2024 Projections of Health Insurance Coverage, by Source / Uninsured people",fiscal_year,2029,2029,2029,11,8
Health Insurance,Uninsured people,2030,32.3,Millions of people,51298-2024-06-healthinsurance.xlsx,Table 1,false,51298,"Table 1. CBO’s June 2024 Projections of Health Insurance Coverage, by Source / Uninsured people",fiscal_year,2030,2030,2030,11,9
Health Insurance,Uninsured people,2031,32.1,Millions of people,51298-2024-06-healthinsurance.xlsx,Table 1,false,51298,"Table 1. CBO’s June 2024 Projections of Health Insurance Coverage, by Source / Uninsured people",fiscal_year,2031,2031,2031,11,10
Health Insurance,Uninsured people,2032,32.3,Millions of people,51298-2024-06-healthinsurance.xlsx,Table 1,false,51298,"Table 1. CBO’s June 2024 Projections of Health Insurance Coverage, by Source / Uninsured people",fiscal_year,2032,2032,2032,11,11
Health Insurance,Uninsured people,2033,32.2,Millions of people,51298-2024-06-healthinsurance.xlsx,Table 1,false,51298,"Table 1. CBO’s June 2024 Projections of Health Insurance Coverage, by Source / Uninsured people",fiscal_year,2033,2033,2033,11,12
Health Insurance,Uninsured people,2034,32.4,Millions of people,51298-2024-06-healthinsurance.xlsx,Table 1,false,51298,"Table 1. CBO’s June 2024 Projections of Health Insurance Coverage, by Source / Uninsured people",fiscal_year,2034,2034,2034,11,13
Health Insurance,Employment-based coverage,2023,164.2,Millions of people,51298-2024-06-healthinsurance.xlsx,Table 1,false,51298,"Table 1. CBO’s June 2024 Projections of Health Insurance Coverage, by Source / Employment-based coverage",fiscal_year,2023,2023,2023,12,2
Health Insurance,Employment-based coverage,2024,164.1,Millions of people,51298-2024-06-healthinsurance.xlsx,Table 1,false,51298,"Table 1. CBO’s June 2024 Projections of Health Insurance Coverage, by Source / Employment-based coverage",fiscal_year,2024,2024,2024,12,3
Health Insurance,Employment-based coverage,2025,164.1,Millions of people,51298-2024-06-healthinsurance.xlsx,Table 1,false,51298,"Table 1. CBO’s June 2024 Projections of Health Insurance Coverage, by Source / Employment-based coverage",fiscal_year,2025,2025,2025,12,4
Health Insurance,Employment-based coverage,2026,165.5,Millions of people,51298-2024-06-healthinsurance.xlsx,Table 1,false,51298,"Table 1. CBO’s June 2024 Projections of Health Insurance Coverage, by Source / Employment-based coverage",fiscal_year,2026,2026,2026,12,5
Health Insurance,Employment-based coverage,2027,167.1,Millions of people,51298-2024-06-healthinsurance.xlsx,Table 1,false,51298,"Table 1. CBO’s June 2024 Projections of Health Insurance Coverage, by Source / Employment-based coverage",fiscal_year,2027,2027,2027,12,6
Health Insurance,Employment-based coverage,2028,167.6,Millions of people,51298-2024-06-healthinsurance.xlsx,Table 1,false,51298,"Table 1. CBO’s June 2024 Projections of Health Insurance Coverage, by Source / Employment-based coverage",fiscal_year,2028,2028,2028,12,7
Health Insurance,Employment-based coverage,2029,168.0,Millions of people,51298-2024-06-healthinsurance.xlsx,Table 1,false,51298,"Table 1. CBO’s June 2024 Projections of Health Insurance Coverage, by Source / Employment-based coverage",fiscal_year,2029,2029,2029,12,8
Health Insurance,Employment-based coverage,2030,168.5,Millions of people,51298-2024-06-healthinsurance.xlsx,Table 1,false,51298,"Table 1. CBO’s June 2024 Projections of Health Insurance Coverage, by Source / Employment-based coverage",fiscal_year,2030,2030,2030,12,9
Health Insurance,Employment-based coverage,2031,169.0,Millions of people,51298-2024-06-healthinsurance.xlsx,Table 1,false,51298,"Table 1. CBO’s June 2024 Projections of Health Insurance Coverage, by Source / Employment-based coverage",fiscal_year,2031,2031,2031,12,10
Health Insurance,Employment-based coverage,2032,169.4,Millions of people,51298-2024-06-healthinsurance.xlsx,Table 1,false,51298,"Table 1. CBO’s June 2024 Projections of Health Insurance Coverage, by Source / Employment-based coverage",fiscal_year,2032,2032,2032,12,11
Health Insurance,Employment-based coverage,2033,170.0,Millions of people,51298-2024-06-healthinsurance.xlsx,Table 1,false,51298,"Table 1. CBO’s June 2024 Projections of Health Insurance Coverage, by Source / Employment-based coverage",fiscal_year,2033,2033,2033,12,12
Health Insurance,Employment-based coverage,2034,170.3,Millions of people,51298-2024-06-healthinsurance.xlsx,Table 1,false,51298,"Table 1. CBO’s June 2024 Projections of Health Insurance Coverage, by Source / Employment-based coverage",fiscal_year,2034,2034,2034,12,13
Health Insurance,People age 65 or older in Medicaid,2023,6.0,Millions of people,51298-2024-06-healthinsurance.xlsx,Table 1,false,51298,"Table 1. CBO’s June 2024 Projections of Health Insurance Coverage, by Source / Medicaid and CHIP / People age 65 or older in Medicaid",fiscal_year,2023,2023,2023,14,2
Health Insurance,People age 65 or older in Medicaid,2024,5.6,Millions of people,51298-2024-06-healthinsurance.xlsx,Table 1,false,51298,"Table 1. CBO’s June 2024 Projections of Health Insurance Coverage, by Source / Medicaid and CHIP / People age 65 or older in Medicaid",fiscal_year,2024,2024,2024,14,3
Health Insurance,People age 65 or older in Medicaid,2025,5.6,Millions of people,51298-2024-06-healthinsurance.xlsx,Table 1,false,51298,"Table 1. CBO’s June 2024 Projections of Health Insurance Coverage, by Source / Medicaid and CHIP / People age 65 or older in Medicaid",fiscal_year,2025,2025,2025,14,4
Health Insurance,People age 65 or older in Medicaid,2026,5.8,Millions of people,51298-2024-06-healthinsurance.xlsx,Table 1,false,51298,"Table 1. CBO’s June 2024 Projections of Health Insurance Coverage, by Source / Medicaid and CHIP / People age 65 or older in Medicaid",fiscal_year,2026,2026,2026,14,5
Health Insurance,People age 65 or older in Medicaid,2027,6.1,Millions of people,51298-2024-06-healthinsurance.xlsx,Table 1,false,51298,"Table 1. CBO’s June 2024 Projections of Health Insurance Coverage, by Source / Medicaid and CHIP / People age 65 or older in Medicaid",fiscal_year,2027,2027,2027,14,6
Health Insurance,People age 65 or older in Medicaid,2028,6.2,Millions of people,51298-2024-06-healthinsurance.xlsx,Table 1,false,51298,"Table 1. CBO’s June 2024 Projections of Health Insurance Coverage, by Source / Medicaid and CHIP / People age 65 or older in Medicaid",fiscal_year,2028,2028,2028,14,7
Health Insurance,People age 65 or older in Medicaid,2029,6.3,Millions of people,51298-2024-06-healthinsurance.xlsx,Table 1,false,51298,"Table 1. CBO’s June 2024 Projections of Health Insurance Coverage, by Source / Medicaid and CHIP / People age 65 or older in Medicaid",fiscal_year,2029,2029,2029,14,8
Health Insurance,People age 65 or older in Medicaid,2030,6.4,Millions of people,51298-2024-06-healthinsurance.xlsx,Table 1,false,51298,"Table 1. CBO’s June 2024 Projections of Health Insurance Coverage, by Source / Medicaid and CHIP / People age 65 or older in Medicaid",fiscal_year,2030,2030,2030,14,9
Health Insurance,People age 65 or older in Medicaid,2031,6.5,Millions of people,51298-2024-06-healthinsurance.xlsx,Table 1,false,51298,"Table 1. CBO’s June 2024 Projections of Health Insurance Coverage, by Source / Medicaid and CHIP / People age 65 or older in Medicaid",fiscal_year,2031,2031,2031,14,10
Health Insurance,People age 65 or older in Medicaid,2032,6.5,Millions of people,51298-2024-06-healthinsurance.xlsx,Table 1,false,51298,"Table 1. CBO’s June 2024 Projections of Health Insurance Coverage, by Source / Medicaid and CHIP / People age 65 or older in Medicaid",fiscal_year,2032,2032,2032,14,11
Health Insurance,People age 65 or older in Medicaid,2033,6.6,Millions of people,51298-2024-06-healthinsurance.xlsx,Table 1,false,51298,"Table 1. CBO’s June 2024 Projections of Health Insurance Coverage, by Source / Medicaid and CHIP / People age 65 or older in Medicaid",fiscal_year,2033,2033,2033,14,12
Health Insurance,People age 65 or older in Medicaid,2034,6.7,Millions of people,51298-2024-06-healthinsurance.xlsx,Table 1,false,51298,"Table 1. CBO’s June 2024 Projections of Health Insurance Coverage, by Source / Medicaid and CHIP / People age 65 or older in Medicaid",fiscal_year,2034,2034,2034,14,13
Health Insurance,Blind and disabled people in Medicaid,2023,8.1,Millions of people,51298-2024-06-healthinsurance.xlsx,Table 1,false,51298,"Table 1. CBO’s June 2024 Projections of Health Insurance Coverage, by Source / Medicaid and CHIP / Blind and disabled people in Medicaid",fiscal_year,2023,2023,2023,15,2
Health Insurance,Blind and disabled people in Medicaid,2024,7.8,Millions of people,51298-2024-06-healthinsurance.xlsx,Table 1,false,51298,"Table 1. CBO’s June 2024 Projections of Health Insurance Coverage, by Source / Medicaid and CHIP / Blind and disabled people in Medicaid",fiscal_year,2024,2024,2024,15,3
Health Insurance,Blind and disabled people in Medicaid,2025,7.7,Millions of people,51298-2024-06-healthinsurance.xlsx,Table 1,false,51298,"Table 1. CBO’s June 2024 Projections of Health Insurance Coverage, by Source / Medicaid and CHIP / Blind and disabled people in Medicaid",fiscal_year,2025,2025,2025,15,4
Health Insurance,Blind and disabled people in Medicaid,2026,7.8,Millions of people,51298-2024-06-healthinsurance.xlsx,Table 1,false,51298,"Table 1. CBO’s June 2024 Projections of Health Insurance Coverage, by Source / Medicaid and CHIP / Blind and disabled people in Medicaid",fiscal_year,2026,2026,2026,15,5
Health Insurance,Blind and disabled people in Medicaid,2027,8.0,Millions of people,51298-2024-06-healthinsurance.xlsx,Table 1,false,51298,"Table 1. CBO’s June 2024 Projections of Health Insurance Coverage, by Source / Medicaid and CHIP / Blind and disabled people in Medicaid",fiscal_year,2027,2027,2027,15,6
Health Insurance,Blind and disabled people in Medicaid,2028,8.1,Millions of people,51298-2024-06-healthinsurance.xlsx,Table 1,false,51298,"Table 1. CBO’s June 2024 Projections of Health Insurance Coverage, by Source / Medicaid and CHIP / Blind and disabled people in Medicaid",fiscal_year,2028,2028,2028,15,7
Health Insurance,Blind and disabled people in Medicaid,2029,8.2,Millions of people,51298-2024-06-healthinsurance.xlsx,Table 1,false,51298,"Table 1. CBO’s June 2024 Projections of Health Insurance Coverage, by Source / Medicaid and CHIP / Blind and disabled people in Medicaid",fiscal_year,2029,2029,2029,15,8
Health Insurance,Blind and disabled people in Medicaid,2030,8.2,Millions of people,51298-2024-06-healthinsurance.xlsx,Table 1,false,51298,"Table 1. CBO’s June 2024 Projections of Health Insurance Coverage, by Source / Medicaid and CHIP / Blind and disabled people in Medicaid",fiscal_year,2030,2030,2030,15,9
Health Insurance,Blind and disabled people in Medicaid,2031,8.3,Millions of people,51298-2024-06-healthinsurance.xlsx,Table 1,false,51298,"Table 1. CBO’s June 2024 Projections of Health Insurance Coverage, by Source / Medicaid and CHIP / Blind and disabled people in Medicaid",fiscal_year,2031,2031,2031,15,10
Health Insurance,Blind and disabled people in Medicaid,2032,8.3,Millions of people,51298-2024-06-healthinsurance.xlsx,Table 1,false,51298,"Table 1. CBO’s June 2024 Projections of Health Insurance Coverage, by Source / Medicaid and CHIP / Blind and disabled people in Medicaid",fiscal_year,2032,2032,2032,15,11
Health Insurance,Blind and disabled people in Medicaid,2033,8.4,Millions of people,51298-2024-06-healthinsurance.xlsx,Table 1,false,51298,"Table 1. CBO’s June 2024 Projections of Health Insurance Coverage, by Source / Medicaid and CHIP / Blind and disabled people in Medicaid",fiscal_year,2033,2033,2033,15,12
Health Insurance,Blind and disabled people in Medicaid,2034,8.4,Millions of people,51298-2024-06-healthinsurance.xlsx,Table 1,false,51298,"Table 1. CBO’s June 2024 Projections of Health Insurance Coverage, by Source / Medicaid and CHIP / Blind and disabled people in Medicaid",fiscal_year,2034,2034,2034,15,13
Health Insurance,Children in Medicaid,2023,34.7,Millions of people,51298-2024-06-healthinsurance.xlsx,Table 1,false,51298,"Table 1. CBO’s June 2024 Projections of Health Insurance Coverage, by Source / Medicaid and CHIP / Children in Medicaid",fiscal_year,2023,2023,2023,16,2
Health Insurance,Children in Medicaid,2024,30.5,Millions of people,51298-2024-06-healthinsurance.xlsx,Table 1,false,51298,"Table 1. CBO’s June 2024 Projections of Health Insurance Coverage, by Source / Medicaid and CHIP / Children in Medicaid",fiscal_year,2024,2024,2024,16,3
Health Insurance,Children in Medicaid,2025,30.1,Millions of people,51298-2024-06-healthinsurance.xlsx,Table 1,false,51298,"Table 1. CBO’s June 2024 Projections of Health Insurance Coverage, by Source / Medicaid and CHIP / Children in Medicaid",fiscal_year,2025,2025,2025,16,4
Health Insurance,Children in Medicaid,2026,30.0,Millions of people,51298-2024-06-healthinsurance.xlsx,Table 1,false,51298,"Table 1. CBO’s June 2024 Projections of Health Insurance Coverage, by Source / Medicaid and CHIP / Children in Medicaid",fiscal_year,2026,2026,2026,16,5
Health Insurance,Children in Medicaid,2027,29.9,Millions of people,51298-2024-06-healthinsurance.xlsx,Table 1,false,51298,"Table 1. CBO’s June 2024 Projections of Health Insurance Coverage, by Source / Medicaid and CHIP / Children in Medicaid",fiscal_year,2027,2027,2027,16,6
Health Insurance,Children in Medicaid,2028,29.8,Millions of people,51298-2024-06-healthinsurance.xlsx,Table 1,false,51298,"Table 1. CBO’s June 2024 Projections of Health Insurance Coverage, by Source / Medicaid and CHIP / Children in Medicaid",fiscal_year,2028,2028,2028,16,7
Health Insurance,Children in Medicaid,2029,29.7,Millions of people,51298-2024-06-healthinsurance.xlsx,Table 1,false,51298,"Table 1. CBO’s June 2024 Projections of Health Insurance Coverage, by Source / Medicaid and CHIP / Children in Medicaid",fiscal_year,2029,2029,2029,16,8
Health Insurance,Children in Medicaid,2030,29.6,Millions of people,51298-2024-06-healthinsurance.xlsx,Table 1,false,51298,"Table 1. CBO’s June 2024 Projections of Health Insurance Coverage, by Source / Medicaid and CHIP / Children in Medicaid",fiscal_year,2030,2030,2030,16,9
Health Insurance,Children in Medicaid,2031,29.6,Millions of people,51298-2024-06-healthinsurance.xlsx,Table 1,false,51298,"Table 1. CBO’s June 2024 Projections of Health Insurance Coverage, by Source / Medicaid and CHIP / Children in Medicaid",fiscal_year,2031,2031,2031,16,10
Health Insurance,Children in Medicaid,2032,30.0,Millions of people,51298-2024-06-healthinsurance.xlsx,Table 1,false,51298,"Table 1. CBO’s June 2024 Projections of Health Insurance Coverage, by Source / Medicaid and CHIP / Children in Medicaid",fiscal_year,2032,2032,2032,16,11
Health Insurance,Children in Medicaid,2033,31.0,Millions of people,51298-2024-06-healthinsurance.xlsx,Table 1,false,51298,"Table 1. CBO’s June 2024 Projections of Health Insurance Coverage, by Source / Medicaid and CHIP / Children in Medicaid",fiscal_year,2033,2033,2033,16,12
Health Insurance,Children in Medicaid,2034,31.1,Millions of people,51298-2024-06-healthinsurance.xlsx,Table 1,false,51298,"Table 1. CBO’s June 2024 Projections of Health Insurance Coverage, by Source / Medicaid and CHIP / Children in Medicaid",fiscal_year,2034,2034,2034,16,13
Health Insurance,Adults made eligible for Medicaid by the ACA,2023,17.7,Millions of people,51298-2024-06-healthinsurance.xlsx,Table 1,false,51298,"Table 1. CBO’s June 2024 Projections of Health Insurance Coverage, by Source / Medicaid and CHIP / Adults made eligible for Medicaid by the ACA",fiscal_year,2023,2023,2023,17,2
Health Insurance,Adults made eligible for Medicaid by the ACA,2024,13.3,Millions of people,51298-2024-06-healthinsurance.xlsx,Table 1,false,51298,"Table 1. CBO’s June 2024 Projections of Health Insurance Coverage, by Source / Medicaid and CHIP / Adults made eligible for Medicaid by the ACA",fiscal_year,2024,2024,2024,17,3
Health Insurance,Adults made eligible for Medicaid by the ACA,2025,12.9,Millions of people,51298-2024-06-healthinsurance.xlsx,Table 1,false,51298,"Table 1. CBO’s June 2024 Projections of Health Insurance Coverage, by Source / Medicaid and CHIP / Adults made eligible for Medicaid by the ACA",fiscal_year,2025,2025,2025,17,4
Health Insurance,Adults made eligible for Medicaid by the ACA,2026,13.1,Millions of people,51298-2024-06-healthinsurance.xlsx,Table 1,false,51298,"Table 1. CBO’s June 2024 Projections of Health Insurance Coverage, by Source / Medicaid and CHIP / Adults made eligible for Medicaid by the ACA",fiscal_year,2026,2026,2026,17,5
Health Insurance,Adults made eligible for Medicaid by the ACA,2027,13.2,Millions of people,51298-2024-06-healthinsurance.xlsx,Table 1,false,51298,"Table 1. CBO’s June 2024 Projections of Health Insurance Coverage, by Source / Medicaid and CHIP / Adults made eligible for Medicaid by the ACA",fiscal_year,2027,2027,2027,17,6
Health Insurance,Adults made eligible for Medicaid by the ACA,2028,13.3,Millions of people,51298-2024-06-healthinsurance.xlsx,Table 1,false,51298,"Table 1. CBO’s June 2024 Projections of Health Insurance Coverage, by Source / Medicaid and CHIP / Adults made eligible for Medicaid by the ACA",fiscal_year,2028,2028,2028,17,7
Health Insurance,Adults made eligible for Medicaid by the ACA,2029,13.4,Millions of people,51298-2024-06-healthinsurance.xlsx,Table 1,false,51298,"Table 1. CBO’s June 2024 Projections of Health Insurance Coverage, by Source / Medicaid and CHIP / Adults made eligible for Medicaid by the ACA",fiscal_year,2029,2029,2029,17,8
Health Insurance,Adults made eligible for Medicaid by the ACA,2030,13.5,Millions of people,51298-2024-06-healthinsurance.xlsx,Table 1,false,51298,"Table 1. CBO’s June 2024 Projections of Health Insurance Coverage, by Source / Medicaid and CHIP / Adults made eligible for Medicaid by the ACA",fiscal_year,2030,2030,2030,17,9
Health Insurance,Adults made eligible for Medicaid by the ACA,2031,13.7,Millions of people,51298-2024-06-healthinsurance.xlsx,Table 1,false,51298,"Table 1. CBO’s June 2024 Projections of Health Insurance Coverage, by Source / Medicaid and CHIP / Adults made eligible for Medicaid by the ACA",fiscal_year,2031,2031,2031,17,10
Health Insurance,Adults made eligible for Medicaid by the ACA,2032,13.8,Millions of people,51298-2024-06-healthinsurance.xlsx,Table 1,false,51298,"Table 1. CBO’s June 2024 Projections of Health Insurance Coverage, by Source / Medicaid and CHIP / Adults made eligible for Medicaid by the ACA",fiscal_year,2032,2032,2032,17,11
Health Insurance,Adults made eligible for Medicaid by the ACA,2033,13.9,Millions of people,51298-2024-06-healthinsurance.xlsx,Table 1,false,51298,"Table 1. CBO’s June 2024 Projections of Health Insurance Coverage, by Source / Medicaid and CHIP / Adults made eligible for Medicaid by the ACA",fiscal_year,2033,2033,2033,17,12
Health Insurance,Adults made eligible for Medicaid by the ACA,2034,14.0,Millions of people,51298-2024-06-healthinsurance.xlsx,Table 1,false,51298,"Table 1. CBO’s June 2024 Projections of Health Insurance Coverage, by Source / Medicaid and CHIP / Adults made eligible for Medicaid by the ACA",fiscal_year,2034,2034,2034,17,13
Health Insurance,Adults otherwise eligible for Medicaid,2023,18.4,Millions of people,51298-2024-06-healthinsurance.xlsx,Table 1,false,51298,"Table 1. CBO’s June 2024 Projections of Health Insurance Coverage, by Source / Medicaid and CHIP / Adults otherwise eligible for Medicaid",fiscal_year,2023,2023,2023,18,2
Health Insurance,Adults otherwise eligible for Medicaid,2024,14.5,Millions of people,51298-2024-06-healthinsurance.xlsx,Table 1,false,51298,"Table 1. CBO’s June 2024 Projections of Health Insurance Coverage, by Source / Medicaid and CHIP / Adults otherwise eligible for Medicaid",fiscal_year,2024,2024,2024,18,3
Health Insurance,Adults otherwise eligible for Medicaid,2025,14.1,Millions of people,51298-2024-06-healthinsurance.xlsx,Table 1,false,51298,"Table 1. CBO’s June 2024 Projections of Health Insurance Coverage, by Source / Medicaid and CHIP / Adults otherwise eligible for Medicaid",fiscal_year,2025,2025,2025,18,4
Health Insurance,Adults otherwise eligible for Medicaid,2026,14.2,Millions of people,51298-2024-06-healthinsurance.xlsx,Table 1,false,51298,"Table 1. CBO’s June 2024 Projections of Health Insurance Coverage, by Source / Medicaid and CHIP / Adults otherwise eligible for Medicaid",fiscal_year,2026,2026,2026,18,5
Health Insurance,Adults otherwise eligible for Medicaid,2027,14.3,Millions of people,51298-2024-06-healthinsurance.xlsx,Table 1,false,51298,"Table 1. CBO’s June 2024 Projections of Health Insurance Coverage, by Source / Medicaid and CHIP / Adults otherwise eligible for Medicaid",fiscal_year,2027,2027,2027,18,6
Health Insurance,Adults otherwise eligible for Medicaid,2028,14.3,Millions of people,51298-2024-06-healthinsurance.xlsx,Table 1,false,51298,"Table 1. CBO’s June 2024 Projections of Health Insurance Coverage, by Source / Medicaid and CHIP / Adults otherwise eligible for Medicaid",fiscal_year,2028,2028,2028,18,7
Health Insurance,Adults otherwise eligible for Medicaid,2029,14.3,Millions of people,51298-2024-06-healthinsurance.xlsx,Table 1,false,51298,"Table 1. CBO’s June 2024 Projections of Health Insurance Coverage, by Source / Medicaid and CHIP / Adults otherwise eligible for Medicaid",fiscal_year,2029,2029,2029,18,8
Health Insurance,Adults otherwise eligible for Medicaid,2030,14.4,Millions of people,51298-2024-06-healthinsurance.xlsx,Table 1,false,51298,"Table 1. CBO’s June 2024 Projections of Health Insurance Coverage, by Source / Medicaid and CHIP / Adults otherwise eligible for Medicaid",fiscal_year,2030,2030,2030,18,9
Health Insurance,Adults otherwise eligible for Medicaid,2031,14.4,Millions of people,51298-2024-06-healthinsurance.xlsx,Table 1,false,51298,"Table 1. CBO’s June 2024 Projections of Health Insurance Coverage, by Source / Medicaid and CHIP / Adults otherwise eligible for Medicaid",fiscal_year,2031,2031,2031,18,10
Health Insurance,Adults otherwise eligible for Medicaid,2032,14.5,Millions of people,51298-2024-06-healthinsurance.xlsx,Table 1,false,51298,"Table 1. CBO’s June 2024 Projections of Health Insurance Coverage, by Source / Medicaid and CHIP / Adults otherwise eligible for Medicaid",fiscal_year,2032,2032,2032,18,11
Health Insurance,Adults otherwise eligible for Medicaid,2033,14.5,Millions of people,51298-2024-06-healthinsurance.xlsx,Table 1,false,51298,"Table 1. CBO’s June 2024 Projections of Health Insurance Coverage, by Source / Medicaid and CHIP / Adults otherwise eligible for Medicaid",fiscal_year,2033,2033,2033,18,12
Health Insurance,Adults otherwise eligible for Medicaid,2034,14.5,Millions of people,51298-2024-06-healthinsurance.xlsx,Table 1,false,51298,"Table 1. CBO’s June 2024 Projections of Health Insurance Coverage, by Source / Medicaid and CHIP / Adults otherwise eligible for Medicaid",fiscal_year,2034,2034,2034,18,13
Health Insurance,CHIP,2023,7.1,Millions of people,51298-2024-06-healthinsurance.xlsx,Table 1,false,51298,"Table 1. CBO’s June 2024 Projections of Health Insurance Coverage, by Source / Medicaid and CHIP / CHIP",fiscal_year,2023,2023,2023,19,2
Health Insurance,CHIP,2024,7.1,Millions of people,51298-2024-06-healthinsurance.xlsx,Table 1,false,51298,"Table 1. CBO’s June 2024 Projections of Health Insurance Coverage, by Source / Medicaid and CHIP / CHIP",fiscal_year,2024,2024,2024,19,3
Health Insurance,CHIP,2025,7.1,Millions of people,51298-2024-06-healthinsurance.xlsx,Table 1,false,51298,"Table 1. CBO’s June 2024 Projections of Health Insurance Coverage, by Source / Medicaid and CHIP / CHIP",fiscal_year,2025,2025,2025,19,4
Health Insurance,CHIP,2026,7.1,Millions of people,51298-2024-06-healthinsurance.xlsx,Table 1,false,51298,"Table 1. CBO’s June 2024 Projections of Health Insurance Coverage, by Source / Medicaid and CHIP / CHIP",fiscal_year,2026,2026,2026,19,5
Health Insurance,CHIP,2027,7.1,Millions of people,51298-2024-06-healthinsurance.xlsx,Table 1,false,51298,"Table 1. CBO’s June 2024 Projections of Health Insurance Coverage, by Source / Medicaid and CHIP / CHIP",fiscal_year,2027,2027,2027,19,6
Health Insurance,CHIP,2028,7.1,Millions of people,51298-2024-06-healthinsurance.xlsx,Table 1,false,51298,"Table 1. CBO’s June 2024 Projections of Health Insurance Coverage, by Source / Medicaid and CHIP / CHIP",fiscal_year,2028,2028,2028,19,7
Health Insurance,CHIP,2029,7.1,Millions of people,51298-2024-06-healthinsurance.xlsx,Table 1,false,51298,"Table 1. CBO’s June 2024 Projections of Health Insurance Coverage, by Source / Medicaid and CHIP / CHIP",fiscal_year,2029,2029,2029,19,8
Health Insurance,CHIP,2030,7.1,Millions of people,51298-2024-06-healthinsurance.xlsx,Table 1,false,51298,"Table 1. CBO’s June 2024 Projections of Health Insurance Coverage, by Source / Medicaid and CHIP / CHIP",fiscal_year,2030,2030,2030,19,9
Health Insurance,CHIP,2031,7.1,Millions of people,51298-2024-06-healthinsurance.xlsx,Table 1,false,51298,"Table 1. CBO’s June 2024 Projections of Health Insurance Coverage, by Source / Medicaid and CHIP / CHIP",fiscal_year,2031,2031,2031,19,10
Health Insurance,CHIP,2032,6.3,Millions of people,51298-2024-06-healthinsurance.xlsx,Table 1,false,51298,"Table 1. CBO’s June 2024 Projections of Health Insurance Coverage, by Source / Medicaid and CHIP / CHIP",fiscal_year,2032,2032,2032,19,11
Health Insurance,CHIP,2033,4.6,Millions of people,51298-2024-06-healthinsurance.xlsx,Table 1,false,51298,"Table 1. CBO’s June 2024 Projections of Health Insurance Coverage, by Source / Medicaid and CHIP / CHIP",fiscal_year,2033,2033,2033,19,12
Health Insurance,CHIP,2034,4.4,Millions of people,51298-2024-06-healthinsurance.xlsx,Table 1,false,51298,"Table 1. CBO’s June 2024 Projections of Health Insurance Coverage, by Source / Medicaid and CHIP / CHIP",fiscal_year,2034,2034,2034,19,13
Health Insurance,Subtotal,2023,92.0,Millions of people,51298-2024-06-healthinsurance.xlsx,Table 1,true,51298,"Table 1. CBO’s June 2024 Projections of Health Insurance Coverage, by Source / Medicaid and CHIP / Subtotal",fiscal_year,2023,2023,2023,20,2
Health Insurance,Subtotal,2024,78.7,Millions of people,51298-2024-06-healthinsurance.xlsx,Table 1,true,51298,"Table 1. CBO’s June 2024 Projections of Health Insurance Coverage, by Source / Medicaid and CHIP / Subtotal",fiscal_year,2024,2024,2024,20,3
Health Insurance,Subtotal,2025,77.6,Millions of people,51298-2024-06-healthinsurance.xlsx,Table 1,true,51298,"Table 1. CBO’s June 2024 Projections of Health Insurance Coverage, by Source / Medicaid and CHIP / Subtotal",fiscal_year,2025,2025,2025,20,4
Health Insurance,Subtotal,2026,78.2,Millions of people,51298-2024-06-healthinsurance.xlsx,Table 1,true,51298,"Table 1. CBO’s June 2024 Projections of Health Insurance Coverage, by Source / Medicaid and CHIP / Subtotal",fiscal_year,2026,2026,2026,20,5
Health Insurance,Subtotal,2027,78.6,Millions of people,51298-2024-06-healthinsurance.xlsx,Table 1,true,51298,"Table 1. CBO’s June 2024 Projections of Health Insurance Coverage, by Source / Medicaid and CHIP / Subtotal",fiscal_year,2027,2027,2027,20,6
Health Insurance,Subtotal,2028,78.8,Millions of people,51298-2024-06-healthinsurance.xlsx,Table 1,true,51298,"Table 1. CBO’s June 2024 Projections of Health Insurance Coverage, by Source / Medicaid and CHIP / Subtotal",fiscal_year,2028,2028,2028,20,7
Health Insurance,Subtotal,2029,79.0,Millions of people,51298-2024-06-healthinsurance.xlsx,Table 1,true,51298,"Table 1. CBO’s June 2024 Projections of Health Insurance Coverage, by Source / Medicaid and CHIP / Subtotal",fiscal_year,2029,2029,2029,20,8
Health Insurance,Subtotal,2030,79.3,Millions of people,51298-2024-06-healthinsurance.xlsx,Table 1,true,51298,"Table 1. CBO’s June 2024 Projections of Health Insurance Coverage, by Source / Medicaid and CHIP / Subtotal",fiscal_year,2030,2030,2030,20,9
Health Insurance,Subtotal,2031,79.5,Millions of people,51298-2024-06-healthinsurance.xlsx,Table 1,true,51298,"Table 1. CBO’s June 2024 Projections of Health Insurance Coverage, by Source / Medicaid and CHIP / Subtotal",fiscal_year,2031,2031,2031,20,10
Health Insurance,Subtotal,2032,79.4,Millions of people,51298-2024-06-healthinsurance.xlsx,Table 1,true,51298,"Table 1. CBO’s June 2024 Projections of Health Insurance Coverage, by Source / Medicaid and CHIP / Subtotal",fiscal_year,2032,2032,2032,20,11
Health Insurance,Subtotal,2033,79.0,Millions of people,51298-2024-06-healthinsurance.xlsx,Table 1,true,51298,"Table 1. CBO’s June 2024 Projections of Health Insurance Coverage, by Source / Medicaid and CHIP / Subtotal",fiscal_year,2033,2033,2033,20,12
Health Insurance,Subtotal,2034,79.2,Millions of people,51298-2024-06-healthinsurance.xlsx,Table 1,true,51298,"Table 1. CBO’s June 2024 Projections of Health Insurance Coverage, by Source / Medicaid and CHIP / Subtotal",fiscal_year,2034,2034,2034,20,13
Health Insurance,Medicare,2023,60.1,Millions of people,51298-2024-06-healthinsurance.xlsx,Table 1,false,51298,"Table 1. CBO’s June 2024 Projections of Health Insurance Coverage, by Source / Medicaid and CHIP / Medicare",fiscal_year,2023,2023,2023,21,2
Health Insurance,Medicare,2024,61.4,Millions of people,51298-2024-06-healthinsurance.xlsx,Table 1,false,51298,"Table 1. CBO’s June 2024 Projections of Health Insurance Coverage, by Source / Medicaid and CHIP / Medicare",fiscal_year,2024,2024,2024,21,3
Health Insurance,Medicare,2025,62.9,Millions of people,51298-2024-06-healthinsurance.xlsx,Table 1,false,51298,"Table 1. CBO’s June 2024 Projections of Health Insurance Coverage, by Source / Medicaid and CHIP / Medicare",fiscal_year,2025,2025,2025,21,4
Health Insurance,Medicare,2026,64.4,Millions of people,51298-2024-06-healthinsurance.xlsx,Table 1,false,51298,"Table 1. CBO’s June 2024 Projections of Health Insurance Coverage, by Source / Medicaid and CHIP / Medicare",fiscal_year,2026,2026,2026,21,5
Health Insurance,Medicare,2027,66.0,Millions of people,51298-2024-06-healthinsurance.xlsx,Table 1,false,51298,"Table 1. CBO’s June 2024 Projections of Health Insurance Coverage, by Source / Medicaid and CHIP / Medicare",fiscal_year,2027,2027,2027,21,6
Health Insurance,Medicare,2028,67.4,Millions of people,51298-2024-06-healthinsurance.xlsx,Table 1,false,51298,"Table 1. CBO’s June 2024 Projections of Health Insurance Coverage, by Source / Medicaid and CHIP / Medicare",fiscal_year,2028,2028,2028,21,7
Health Insurance,Medicare,2029,68.8,Millions of people,51298-2024-06-healthinsurance.xlsx,Table 1,false,51298,"Table 1. CBO’s June 2024 Projections of Health Insurance Coverage, by Source / Medicaid and CHIP / Medicare",fiscal_year,2029,2029,2029,21,8
Health Insurance,Medicare,2030,70.0,Millions of people,51298-2024-06-healthinsurance.xlsx,Table 1,false,51298,"Table 1. CBO’s June 2024 Projections of Health Insurance Coverage, by Source / Medicaid and CHIP / Medicare",fiscal_year,2030,2030,2030,21,9
Health Insurance,Medicare,2031,71.1,Millions of people,51298-2024-06-healthinsurance.xlsx,Table 1,false,51298,"Table 1. CBO’s June 2024 Projections of Health Insurance Coverage, by Source / Medicaid and CHIP / Medicare",fiscal_year,2031,2031,2031,21,10
Health Insurance,Medicare,2032,72.1,Millions of people,51298-2024-06-healthinsurance.xlsx,Table 1,false,51298,"Table 1. CBO’s June 2024 Projections of Health Insurance Coverage, by Source / Medicaid and CHIP / Medicare",fiscal_year,2032,2032,2032,21,11
Health Insurance,Medicare,2033,73.0,Millions of people,51298-2024-06-healthinsurance.xlsx,Table 1,false,51298,"Table 1. CBO’s June 2024 Projections of Health Insurance Coverage, by Source / Medicaid and CHIP / Medicare",fiscal_year,2033,2033,2033,21,12
Health Insurance,Medicare,2034,73.9,Millions of people,51298-2024-06-healthinsurance.xlsx,Table 1,false,51298,"Table 1. CBO’s June 2024 Projections of Health Insurance Coverage, by Source / Medicaid and CHIP / Medicare",fiscal_year,2034,2034,2034,21,13
Health Insurance,Subsidized,2023,14.7,Millions of people,51298-2024-06-healthinsurance.xlsx,Table 1,false,51298,"Table 1. CBO’s June 2024 Projections of Health Insurance Coverage, by Source / Purchased through marketplaces / Subsidized",fiscal_year,2023,2023,2023,24,2
Health Insurance,Subsidized,2024,20.1,Millions of people,51298-2024-06-healthinsurance.xlsx,Table 1,false,51298,"Table 1. CBO’s June 2024 Projections of Health Insurance Coverage, by Source / Purchased through marketplaces / Subsidized",fiscal_year,2024,2024,2024,24,3
Health Insurance,Subsidized,2025,21.3,Millions of people,51298-2024-06-healthinsurance.xlsx,Table 1,false,51298,"Table 1. CBO’s June 2024 Projections of Health Insurance Coverage, by Source / Purchased through marketplaces / Subsidized",fiscal_year,2025,2025,2025,24,4
Health Insurance,Subsidized,2026,15.7,Millions of people,51298-2024-06-healthinsurance.xlsx,Table 1,false,51298,"Table 1. CBO’s June 2024 Projections of Health Insurance Coverage, by Source / Purchased through marketplaces / Subsidized",fiscal_year,2026,2026,2026,24,5
Health Insurance,Subsidized,2027,14.1,Millions of people,51298-2024-06-healthinsurance.xlsx,Table 1,false,51298,"Table 1. CBO’s June 2024 Projections of Health Insurance Coverage, by Source / Purchased through marketplaces / Subsidized",fiscal_year,2027,2027,2027,24,6
Health Insurance,Subsidized,2028,13.8,Millions of people,51298-2024-06-healthinsurance.xlsx,Table 1,false,51298,"Table 1. CBO’s June 2024 Projections of Health Insurance Coverage, by Source / Purchased through marketplaces / Subsidized",fiscal_year,2028,2028,2028,24,7
Health Insurance,Subsidized,2029,13.7,Millions of people,51298-2024-06-healthinsurance.xlsx,Table 1,false,51298,"Table 1. CBO’s June 2024 Projections of Health Insurance Coverage, by Source / Purchased through marketplaces / Subsidized",fiscal_year,2029,2029,2029,24,8
Health Insurance,Subsidized,2030,13.4,Millions of people,51298-2024-06-healthinsurance.xlsx,Table 1,false,51298,"Table 1. CBO’s June 2024 Projections of Health Insurance Coverage, by Source / Purchased through marketplaces / Subsidized",fiscal_year,2030,2030,2030,24,9
Health Insurance,Subsidized,2031,13.4,Millions of people,51298-2024-06-healthinsurance.xlsx,Table 1,false,51298,"Table 1. CBO’s June 2024 Projections of Health Insurance Coverage, by Source / Purchased through marketplaces / Subsidized",fiscal_year,2031,2031,2031,24,10
Health Insurance,Subsidized,2032,13.4,Millions of people,51298-2024-06-healthinsurance.xlsx,Table 1,false,51298,"Table 1. CBO’s June 2024 Projections of Health Insurance Coverage, by Source / Purchased through marketplaces / Subsidized",fiscal_year,2032,2032,2032,24,11
Health Insurance,Subsidized,2033,13.8,Millions of people,51298-2024-06-healthinsurance.xlsx,Table 1,false,51298,"Table 1. CBO’s June 2024 Projections of Health Insurance Coverage, by Source / Purchased through marketplaces / Subsidized",fiscal_year,2033,2033,2033,24,12
Health Insurance,Subsidized,2034,13.9,Millions of people,51298-2024-06-healthinsurance.xlsx,Table 1,false,51298,"Table 1. CBO’s June 2024 Projections of Health Insurance Coverage, by Source / Purchased through marketplaces / Subsidized",fiscal_year,2034,2034,2034,24,13
Health Insurance,Unsubsidized,2023,1.5,Millions of people,51298-2024-06-healthinsurance.xlsx,Table 1,false,51298,"Table 1. CBO’s June 2024 Projections of Health Insurance Coverage, by Source / Purchased through marketplaces / Unsubsidized",fiscal_year,2023,2023,2023,25,2
Health Insurance,Unsubsidized,2024,1.6,Millions of people,51298-2024-06-healthinsurance.xlsx,Table 1,false,51298,"Table 1. CBO’s June 2024 Projections of Health Insurance Coverage, by Source / Purchased through marketplaces / Unsubsidized",fiscal_year,2024,2024,2024,25,3
Health Insurance,Unsubsidized,2025,1.5,Millions of people,51298-2024-06-healthinsurance.xlsx,Table 1,false,51298,"Table 1. CBO’s June 2024 Projections of Health Insurance Coverage, by Source / Purchased through marketplaces / Unsubsidized",fiscal_year,2025,2025,2025,25,4
Health Insurance,Unsubsidized,2026,3.2,Millions of people,51298-2024-06-healthinsurance.xlsx,Table 1,false,51298,"Table 1. CBO’s June 2024 Projections of Health Insurance Coverage, by Source / Purchased through marketplaces / Unsubsidized",fiscal_year,2026,2026,2026,25,5
Health Insurance,Unsubsidized,2027,2.0,Millions of people,51298-2024-06-healthinsurance.xlsx,Table 1,false,51298,"Table 1. CBO’s June 2024 Projections of Health Insurance Coverage, by Source / Purchased through marketplaces / Unsubsidized",fiscal_year,2027,2027,2027,25,6
Health Insurance,Unsubsidized,2028,2.0,Millions of people,51298-2024-06-healthinsurance.xlsx,Table 1,false,51298,"Table 1. CBO’s June 2024 Projections of Health Insurance Coverage, by Source / Purchased through marketplaces / Unsubsidized",fiscal_year,2028,2028,2028,25,7
Health Insurance,Unsubsidized,2029,2.0,Millions of people,51298-2024-06-healthinsurance.xlsx,Table 1,false,51298,"Table 1. CBO’s June 2024 Projections of Health Insurance Coverage, by Source / Purchased through marketplaces / Unsubsidized",fiscal_year,2029,2029,2029,25,8
Health Insurance,Unsubsidized,2030,2.0,Millions of people,51298-2024-06-healthinsurance.xlsx,Table 1,false,51298,"Table 1. CBO’s June 2024 Projections of Health Insurance Coverage, by Source / Purchased through marketplaces / Unsubsidized",fiscal_year,2030,2030,2030,25,9
Health Insurance,Unsubsidized,2031,2.0,Millions of people,51298-2024-06-healthinsurance.xlsx,Table 1,false,51298,"Table 1. CBO’s June 2024 Projections of Health Insurance Coverage, by Source / Purchased through marketplaces / Unsubsidized",fiscal_year,2031,2031,2031,25,10
Health Insurance,Unsubsidized,2032,2.0,Millions of people,51298-2024-06-healthinsurance.xlsx,Table 1,false,51298,"Table 1. CBO’s June 2024 Projections of Health Insurance Coverage, by Source / Purchased through marketplaces / Unsubsidized",fiscal_year,2032,2032,2032,25,11
Health Insurance,Unsubsidized,2033,2.1,Millions of people,51298-2024-06-healthinsurance.xlsx,Table 1,false,51298,"Table 1. CBO’s June 2024 Projections of Health Insurance Coverage, by Source / Purchased through marketplaces / Unsubsidized",fiscal_year,2033,2033,2033,25,12
Health Insurance,Unsubsidized,2034,2.1,Millions of people,51298-2024-06-healthinsurance.xlsx,Table 1,false,51298,"Table 1. CBO’s June 2024 Projections of Health Insurance Coverage, by Source / Purchased through marketplaces / Unsubsidized",fiscal_year,2034,2034,2034,25,13
Health Insurance,"Subtotal, purchased through marketplaces",2023,16.2,Millions of people,51298-2024-06-healthinsurance.xlsx,Table 1,true,51298,"Table 1. CBO’s June 2024 Projections of Health Insurance Coverage, by Source / Purchased through marketplaces / Subtotal, purchased through marketplaces",fiscal_year,2023,2023,2023,26,2
Health Insurance,"Subtotal, purchased through marketplaces",2024,21.6,Millions of people,51298-2024-06-healthinsurance.xlsx,Table 1,true,51298,"Table 1. CBO’s June 2024 Projections of Health Insurance Coverage, by Source / Purchased through marketplaces / Subtotal, purchased through marketplaces",fiscal_year,2024,2024,2024,26,3
Health Insurance,"Subtotal, purchased through marketplaces",2025,22.8,Millions of people,51298-2024-06-healthinsurance.xlsx,Table 1,true,51298,"Table 1. CBO’s June 2024 Projections of Health Insurance Coverage, by Source / Purchased through marketplaces / Subtotal, purchased through marketplaces",fiscal_year,2025,2025,2025,26,4
Health Insurance,"Subtotal, purchased through marketplaces",2026,18.9,Millions of people,51298-2024-06-healthinsurance.xlsx,Table 1,true,51298,"Table 1. CBO’s June 2024 Projections of Health Insurance Coverage, by Source / Purchased through marketplaces / Subtotal, purchased through marketplaces",fiscal_year,2026,2026,2026,26,5
Health Insurance,"Subtotal, purchased through marketplaces",2027,16.0,Millions of people,51298-2024-06-healthinsurance.xlsx,Table 1,true,51298,"Table 1. CBO’s June 2024 Projections of Health Insurance Coverage, by Source / Purchased through marketplaces / Subtotal, purchased through marketplaces",fiscal_year,2027,2027,2027,26,6
Health Insurance,"Subtotal, purchased through marketplaces",2028,15.8,Millions of people,51298-2024-06-healthinsurance.xlsx,Table 1,true,51298,"Table 1. CBO’s June 2024 Projections of Health Insurance Coverage, by Source / Purchased through marketplaces / Subtotal, purchased through marketplaces",fiscal_year,2028,2028,2028,26,7
Health Insurance,"Subtotal, purchased through marketplaces",2029,15.7,Millions of people,51298-2024-06-healthinsurance.xlsx,Table 1,true,51298,"Table 1. CBO’s June 2024 Projections of Health Insurance Coverage, by Source / Purchased through marketplaces / Subtotal, purchased through marketplaces",fiscal_year,2029,2029,2029,26,8
Health Insurance,"Subtotal, purchased through marketplaces",2030,15.4,Millions of people,51298-2024-06-healthinsurance.xlsx,Table 1,true,51298,"Table 1. CBO’s June 2024 Projections of Health Insurance Coverage, by Source / Purchased through marketplaces / Subtotal, purchased through marketplaces",fiscal_year,2030,2030,2030,26,9
Health Insurance,"Subtotal, purchased through marketplaces",2031,15.4,Millions of people,51298-2024-06-healthinsurance.xlsx,Table 1,true,51298,"Table 1. CBO’s June 2024 Projections of Health Insurance Coverage, by Source / Purchased through marketplaces / Subtotal, purchased through marketplaces",fiscal_year,2031,2031,2031,26,10
Health Insurance,"Subtotal, purchased through marketplaces",2032,15.4,Millions of people,51298-2024-06-healthinsurance.xlsx,Table 1,true,51298,"Table 1. CBO’s June 2024 Projections of Health Insurance Coverage, by Source / Purchased through marketplaces / Subtotal, purchased through marketplaces",fiscal_year,2032,2032,2032,26,11
Health Insurance,"Subtotal, purchased through marketplaces",2033,15.9,Millions of people,51298-2024-06-healthinsurance.xlsx,Table 1,true,51298,"Table 1. CBO’s June 2024 Projections of Health Insurance Coverage, by Source / Purchased through marketplaces / Subtotal, purchased through marketplaces",fiscal_year,2033,2033,2033,26,12
Health Insurance,"Subtotal, purchased through marketplaces",2034,16.0,Millions of people,51298-2024-06-healthinsurance.xlsx,Table 1,true,51298,"Table 1. CBO’s June 2024 Projections of Health Insurance Coverage, by Source / Purchased through marketplaces / Subtotal, purchased through marketplaces",fiscal_year,2034,2034,2034,26,13
Health Insurance,Purchased outside marketplaces,2023,2.9,Millions of people,51298-2024-06-healthinsurance.xlsx,Table 1,false,51298,"Table 1. CBO’s June 2024 Projections of Health Insurance Coverage, by Source / Purchased through marketplaces / Purchased outside marketplaces",fiscal_year,2023,2023,2023,27,2
Health Insurance,Purchased outside marketplaces,2024,3.1,Millions of people,51298-2024-06-healthinsurance.xlsx,Table 1,false,51298,"Table 1. CBO’s June 2024 Projections of Health Insurance Coverage, by Source / Purchased through marketplaces / Purchased outside marketplaces",fiscal_year,2024,2024,2024,27,3
Health Insurance,Purchased outside marketplaces,2025,3.2,Millions of people,51298-2024-06-healthinsurance.xlsx,Table 1,false,51298,"Table 1. CBO’s June 2024 Projections of Health Insurance Coverage, by Source / Purchased through marketplaces / Purchased outside marketplaces",fiscal_year,2025,2025,2025,27,4
Health Insurance,Purchased outside marketplaces,2026,3.7,Millions of people,51298-2024-06-healthinsurance.xlsx,Table 1,false,51298,"Table 1. CBO’s June 2024 Projections of Health Insurance Coverage, by Source / Purchased through marketplaces / Purchased outside marketplaces",fiscal_year,2026,2026,2026,27,5
Health Insurance,Purchased outside marketplaces,2027,3.9,Millions of people,51298-2024-06-healthinsurance.xlsx,Table 1,false,51298,"Table 1. CBO’s June 2024 Projections of Health Insurance Coverage, by Source / Purchased through marketplaces / Purchased outside marketplaces",fiscal_year,2027,2027,2027,27,6
Health Insurance,Purchased outside marketplaces,2028,4.0,Millions of people,51298-2024-06-healthinsurance.xlsx,Table 1,false,51298,"Table 1. CBO’s June 2024 Projections of Health Insurance Coverage, by Source / Purchased through marketplaces / Purchased outside marketplaces",fiscal_year,2028,2028,2028,27,7
Health Insurance,Purchased outside marketplaces,2029,4.0,Millions of people,51298-2024-06-healthinsurance.xlsx,Table 1,false,51298,"Table 1. CBO’s June 2024 Projections of Health Insurance Coverage, by Source / Purchased through marketplaces / Purchased outside marketplaces",fiscal_year,2029,2029,2029,27,8
Health Insurance,Purchased outside marketplaces,2030,4.2,Millions of people,51298-2024-06-healthinsurance.xlsx,Table 1,false,51298,"Table 1. CBO’s June 2024 Projections of Health Insurance Coverage, by Source / Purchased through marketplaces / Purchased outside marketplaces",fiscal_year,2030,2030,2030,27,9
Health Insurance,Purchased outside marketplaces,2031,4.2,Millions of people,51298-2024-06-healthinsurance.xlsx,Table 1,false,51298,"Table 1. CBO’s June 2024 Projections of Health Insurance Coverage, by Source / Purchased through marketplaces / Purchased outside marketplaces",fiscal_year,2031,2031,2031,27,10
Health Insurance,Purchased outside marketplaces,2032,4.3,Millions of people,51298-2024-06-healthinsurance.xlsx,Table 1,false,51298,"Table 1. CBO’s June 2024 Projections of Health Insurance Coverage, by Source / Purchased through marketplaces / Purchased outside marketplaces",fiscal_year,2032,2032,2032,27,11
Health Insurance,Purchased outside marketplaces,2033,4.3,Millions of people,51298-2024-06-healthinsurance.xlsx,Table 1,false,51298,"Table 1. CBO’s June 2024 Projections of Health Insurance Coverage, by Source / Purchased through marketplaces / Purchased outside marketplaces",fiscal_year,2033,2033,2033,27,12
Health Insurance,Purchased outside marketplaces,2034,4.3,Millions of people,51298-2024-06-healthinsurance.xlsx,Table 1,false,51298,"Table 1. CBO’s June 2024 Projections of Health Insurance Coverage, by Source / Purchased through marketplaces / Purchased outside marketplaces",fiscal_year,2034,2034,2034,27,13
Health Insurance,"Subtotal, nongroup coverage",2023,19.1,Millions of people,51298-2024-06-healthinsurance.xlsx,Table 1,true,51298,"Table 1. CBO’s June 2024 Projections of Health Insurance Coverage, by Source / Purchased through marketplaces / Subtotal, nongroup coverage",fiscal_year,2023,2023,2023,28,2
Health Insurance,"Subtotal, nongroup coverage",2024,24.7,Millions of people,51298-2024-06-healthinsurance.xlsx,Table 1,true,51298,"Table 1. CBO’s June 2024 Projections of Health Insurance Coverage, by Source / Purchased through marketplaces / Subtotal, nongroup coverage",fiscal_year,2024,2024,2024,28,3
Health Insurance,"Subtotal, nongroup coverage",2025,26.0,Millions of people,51298-2024-06-healthinsurance.xlsx,Table 1,true,51298,"Table 1. CBO’s June 2024 Projections of Health Insurance Coverage, by Source / Purchased through marketplaces / Subtotal, nongroup coverage",fiscal_year,2025,2025,2025,28,4
Health Insurance,"Subtotal, nongroup coverage",2026,22.5,Millions of people,51298-2024-06-healthinsurance.xlsx,Table 1,true,51298,"Table 1. CBO’s June 2024 Projections of Health Insurance Coverage, by Source / Purchased through marketplaces / Subtotal, nongroup coverage",fiscal_year,2026,2026,2026,28,5
Health Insurance,"Subtotal, nongroup coverage",2027,20.0,Millions of people,51298-2024-06-healthinsurance.xlsx,Table 1,true,51298,"Table 1. CBO’s June 2024 Projections of Health Insurance Coverage, by Source / Purchased through marketplaces / Subtotal, nongroup coverage",fiscal_year,2027,2027,2027,28,6
Health Insurance,"Subtotal, nongroup coverage",2028,19.7,Millions of people,51298-2024-06-healthinsurance.xlsx,Table 1,true,51298,"Table 1. CBO’s June 2024 Projections of Health Insurance Coverage, by Source / Purchased through marketplaces / Subtotal, nongroup coverage",fiscal_year,2028,2028,2028,28,7
Health Insurance,"Subtotal, nongroup coverage",2029,19.7,Millions of people,51298-2024-06-healthinsurance.xlsx,Table 1,true,51298,"Table 1. CBO’s June 2024 Projections of Health Insurance Coverage, by Source / Purchased through marketplaces / Subtotal, nongroup coverage",fiscal_year,2029,2029,2029,28,8
Health Insurance,"Subtotal, nongroup coverage",2030,19.7,Millions of people,51298-2024-06-healthinsurance.xlsx,Table 1,true,51298,"Table 1. CBO’s June 2024 Projections of Health Insurance Coverage, by Source / Purchased through marketplaces / Subtotal, nongroup coverage",fiscal_year,2030,2030,2030,28,9
Health Insurance,"Subtotal, nongroup coverage",2031,19.6,Millions of people,51298-2024-06-healthinsurance.xlsx,Table 1,true,51298,"Table 1. CBO’s June 2024 Projections of Health Insurance Coverage, by Source / Purchased through marketplaces / Subtotal, nongroup coverage",fiscal_year,2031,2031,2031,28,10
Health Insurance,"Subtotal, nongroup coverage",2032,19.7,Millions of people,51298-2024-06-healthinsurance.xlsx,Table 1,true,51298,"Table 1. CBO’s June 2024 Projections of Health Insurance Coverage, by Source / Purchased through marketplaces / Subtotal, nongroup coverage",fiscal_year,2032,2032,2032,28,11
Health Insurance,"Subtotal, nongroup coverage",2033,20.2,Millions of people,51298-2024-06-healthinsurance.xlsx,Table 1,true,51298,"Table 1. CBO’s June 2024 Projections of Health Insurance Coverage, by Source / Purchased through marketplaces / Subtotal, nongroup coverage",fiscal_year,2033,2033,2033,28,12
Health Insurance,"Subtotal, nongroup coverage",2034,20.3,Millions of people,51298-2024-06-healthinsurance.xlsx,Table 1,true,51298,"Table 1. CBO’s June 2024 Projections of Health Insurance Coverage, by Source / Purchased through marketplaces / Subtotal, nongroup coverage",fiscal_year,2034,2034,2034,28,13
Health Insurance,Basic Health Program,2023,1.3,Millions of people,51298-2024-06-healthinsurance.xlsx,Table 1,false,51298,"Table 1. CBO’s June 2024 Projections of Health Insurance Coverage, by Source / Purchased through marketplaces / Basic Health Program",fiscal_year,2023,2023,2023,29,2
Health Insurance,Basic Health Program,2024,1.3,Millions of people,51298-2024-06-healthinsurance.xlsx,Table 1,false,51298,"Table 1. CBO’s June 2024 Projections of Health Insurance Coverage, by Source / Purchased through marketplaces / Basic Health Program",fiscal_year,2024,2024,2024,29,3
Health Insurance,Basic Health Program,2025,1.4,Millions of people,51298-2024-06-healthinsurance.xlsx,Table 1,false,51298,"Table 1. CBO’s June 2024 Projections of Health Insurance Coverage, by Source / Purchased through marketplaces / Basic Health Program",fiscal_year,2025,2025,2025,29,4
Health Insurance,Basic Health Program,2026,1.4,Millions of people,51298-2024-06-healthinsurance.xlsx,Table 1,false,51298,"Table 1. CBO’s June 2024 Projections of Health Insurance Coverage, by Source / Purchased through marketplaces / Basic Health Program",fiscal_year,2026,2026,2026,29,5
Health Insurance,Basic Health Program,2027,1.4,Millions of people,51298-2024-06-healthinsurance.xlsx,Table 1,false,51298,"Table 1. CBO’s June 2024 Projections of Health Insurance Coverage, by Source / Purchased through marketplaces / Basic Health Program",fiscal_year,2027,2027,2027,29,6
Health Insurance,Basic Health Program,2028,1.4,Millions of people,51298-2024-06-healthinsurance.xlsx,Table 1,false,51298,"Table 1. CBO’s June 2024 Projections of Health Insurance Coverage, by Source / Purchased through marketplaces / Basic Health Program",fiscal_year,2028,2028,2028,29,7
Health Insurance,Basic Health Program,2029,1.4,Millions of people,51298-2024-06-healthinsurance.xlsx,Table 1,false,51298,"Table 1. CBO’s June 2024 Projections of Health Insurance Coverage, by Source / Purchased through marketplaces / Basic Health Program",fiscal_year,2029,2029,2029,29,8
Health Insurance,Basic Health Program,2030,1.4,Millions of people,51298-2024-06-healthinsurance.xlsx,Table 1,false,51298,"Table 1. CBO’s June 2024 Projections of Health Insurance Coverage, by Source / Purchased through marketplaces / Basic Health Program",fiscal_year,2030,2030,2030,29,9
Health Insurance,Basic Health Program,2031,1.5,Millions of people,51298-2024-06-healthinsurance.xlsx,Table 1,false,51298,"Table 1. CBO’s June 2024 Projections of Health Insurance Coverage, by Source / Purchased through marketplaces / Basic Health Program",fiscal_year,2031,2031,2031,29,10
Health Insurance,Basic Health Program,2032,1.5,Millions of people,51298-2024-06-healthinsurance.xlsx,Table 1,false,51298,"Table 1. CBO’s June 2024 Projections of Health Insurance Coverage, by Source / Purchased through marketplaces / Basic Health Program",fiscal_year,2032,2032,2032,29,11
Health Insurance,Basic Health Program,2033,1.5,Millions of people,51298-2024-06-healthinsurance.xlsx,Table 1,false,51298,"Table 1. CBO’s June 2024 Projections of Health Insurance Coverage, by Source / Purchased through marketplaces / Basic Health Program",fiscal_year,2033,2033,2033,29,12
Health Insurance,Basic Health Program,2034,1.5,Millions of people,51298-2024-06-healthinsurance.xlsx,Table 1,false,51298,"Table 1. CBO’s June 2024 Projections of Health Insurance Coverage, by Source / Purchased through marketplaces / Basic Health Program",fiscal_year,2034,2034,2034,29,13
Health Insurance,Other coverage,2023,6.1,Millions of people,51298-2024-06-healthinsurance.xlsx,Table 1,false,51298,"Table 1. CBO’s June 2024 Projections of Health Insurance Coverage, by Source / Purchased through marketplaces / Other coverage",fiscal_year,2023,2023,2023,30,2
Health Insurance,Other coverage,2024,6.4,Millions of people,51298-2024-06-healthinsurance.xlsx,Table 1,false,51298,"Table 1. CBO’s June 2024 Projections of Health Insurance Coverage, by Source / Purchased through marketplaces / Other coverage",fiscal_year,2024,2024,2024,30,3
Health Insurance,Other coverage,2025,7.0,Millions of people,51298-2024-06-healthinsurance.xlsx,Table 1,false,51298,"Table 1. CBO’s June 2024 Projections of Health Insurance Coverage, by Source / Purchased through marketplaces / Other coverage",fiscal_year,2025,2025,2025,30,4
Health Insurance,Other coverage,2026,7.3,Millions of people,51298-2024-06-healthinsurance.xlsx,Table 1,false,51298,"Table 1. CBO’s June 2024 Projections of Health Insurance Coverage, by Source / Purchased through marketplaces / Other coverage",fiscal_year,2026,2026,2026,30,5
Health Insurance,Other coverage,2027,7.3,Millions of people,51298-2024-06-healthinsurance.xlsx,Table 1,false,51298,"Table 1. CBO’s June 2024 Projections of Health Insurance Coverage, by Source / Purchased through marketplaces / Other coverage",fiscal_year,2027,2027,2027,30,6
Health Insurance,Other coverage,2028,7.1,Millions of people,51298-2024-06-healthinsurance.xlsx,Table 1,false,51298,"Table 1. CBO’s June 2024 Projections of Health Insurance Coverage, by Source / Purchased through marketplaces / Other coverage",fiscal_year,2028,2028,2028,30,7
Health Insurance,Other coverage,2029,7.0,Millions of people,51298-2024-06-healthinsurance.xlsx,Table 1,false,51298,"Table 1. CBO’s June 2024 Projections of Health Insurance Coverage, by Source / Purchased through marketplaces / Other coverage",fiscal_year,2029,2029,2029,30,8
Health Insurance,Other coverage,2030,7.1,Millions of people,51298-2024-06-healthinsurance.xlsx,Table 1,false,51298,"Table 1. CBO’s June 2024 Projections of Health Insurance Coverage, by Source / Purchased through marketplaces / Other coverage",fiscal_year,2030,2030,2030,30,9
Health Insurance,Other coverage,2031,7.1,Millions of people,51298-2024-06-healthinsurance.xlsx,Table 1,false,51298,"Table 1. CBO’s June 2024 Projections of Health Insurance Coverage, by Source / Purchased through marketplaces / Other coverage",fiscal_year,2031,2031,2031,30,10
Health Insurance,Other coverage,2032,7.1,Millions of people,51298-2024-06-healthinsurance.xlsx,Table 1,false,51298,"Table 1. CBO’s June 2024 Projections of Health Insurance Coverage, by Source / Purchased through marketplaces / Other coverage",fiscal_year,2032,2032,2032,30,11
Health Insurance,Other coverage,2033,7.1,Millions of people,51298-2024-06-healthinsurance.xlsx,Table 1,false,51298,"Table 1. CBO’s June 2024 Projections of Health Insurance Coverage, by Source / Purchased through marketplaces / Other coverage",fiscal_year,2033,2033,2033,30,12
Health Insurance,Other coverage,2034,7.2,Millions of people,51298-2024-06-healthinsurance.xlsx,Table 1,false,51298,"Table 1. CBO’s June 2024 Projections of Health Insurance Coverage, by Source / Purchased through marketplaces / Other coverage",fiscal_year,2034,2034,2034,30,13
Health Insurance,People with multiple sources of coverage,2023,28.7,Millions of people,51298-2024-06-healthinsurance.xlsx,Table 1,false,51298,"Table 1. CBO’s June 2024 Projections of Health Insurance Coverage, by Source / Memorandum: / People with multiple sources of coverage",fiscal_year,2023,2023,2023,32,2
Health Insurance,People with multiple sources of coverage,2024,20.8,Millions of people,51298-2024-06-healthinsurance.xlsx,Table 1,false,51298,"Table 1. CBO’s June 2024 Projections of Health Insurance Coverage, by Source / Memorandum: / People with multiple sources of coverage",fiscal_year,2024,2024,2024,32,3
Health Insurance,People with multiple sources of coverage,2025,20.1,Millions of people,51298-2024-06-healthinsurance.xlsx,Table 1,false,51298,"Table 1. CBO’s June 2024 Projections of Health Insurance Coverage, by Source / Memorandum: / People with multiple sources of coverage",fiscal_year,2025,2025,2025,32,4
Health Insurance,People with multiple sources of coverage,2026,20.3,Millions of people,51298-2024-06-healthinsurance.xlsx,Table 1,false,51298,"Table 1. CBO’s June 2024 Projections of Health Insurance Coverage, by Source / Memorandum: / People with multiple sources of coverage",fiscal_year,2026,2026,2026,32,5
Health Insurance,People with multiple sources of coverage,2027,20.6,Millions of people,51298-2024-06-healthinsurance.xlsx,Table 1,false,51298,"Table 1. CBO’s June 2024 Projections of Health Insurance Coverage, by Source / Memorandum: / People with multiple sources of coverage",fiscal_year,2027,2027,2027,32,6
Health Insurance,People with multiple sources of coverage,2028,20.9,Millions of people,51298-2024-06-healthinsurance.xlsx,Table 1,false,51298,"Table 1. CBO’s June 2024 Projections of Health Insurance Coverage, by Source / Memorandum: / People with multiple sources of coverage",fiscal_year,2028,2028,2028,32,7
Health Insurance,People with multiple sources of coverage,2029,21.1,Millions of people,51298-2024-06-healthinsurance.xlsx,Table 1,false,51298,"Table 1. CBO’s June 2024 Projections of Health Insurance Coverage, by Source / Memorandum: / People with multiple sources of coverage",fiscal_year,2029,2029,2029,32,8
Health Insurance,People with multiple sources of coverage,2030,21.2,Millions of people,51298-2024-06-healthinsurance.xlsx,Table 1,false,51298,"Table 1. CBO’s June 2024 Projections of Health Insurance Coverage, by Source / Memorandum: / People with multiple sources of coverage",fiscal_year,2030,2030,2030,32,9
Health Insurance,People with multiple sources of coverage,2031,21.2,Millions of people,51298-2024-06-healthinsurance.xlsx,Table 1,false,51298,"Table 1. CBO’s June 2024 Projections of Health Insurance Coverage, by Source / Memorandum: / People with multiple sources of coverage",fiscal_year,2031,2031,2031,32,10
Health Insurance,People with multiple sources of coverage,2032,21.2,Millions of people,51298-2024-06-healthinsurance.xlsx,Table 1,false,51298,"Table 1. CBO’s June 2024 Projections of Health Insurance Coverage, by Source / Memorandum: / People with multiple sources of coverage",fiscal_year,2032,2032,2032,32,11
Health Insurance,People with multiple sources of coverage,2033,21.1,Millions of people,51298-2024-06-healthinsurance.xlsx,Table 1,false,51298,"Table 1. CBO’s June 2024 Projections of Health Insurance Coverage, by Source / Memorandum: / People with multiple sources of coverage",fiscal_year,2033,2033,2033,32,12
Health Insurance,People with multiple sources of coverage,2034,21.4,Millions of people,51298-2024-06-healthinsurance.xlsx,Table 1,false,51298,"Table 1. CBO’s June 2024 Projections of Health Insurance Coverage, by Source / Memorandum: / People with multiple sources of coverage",fiscal_year,2034,2034,2034,32,13
Health Insurance,Uninsured people with Medicare Part A or Part B only,2023,0.6,Millions of people,51298-2024-06-healthinsurance.xlsx,Table 1,false,51298,"Table 1. CBO’s June 2024 Projections of Health Insurance Coverage, by Source / Memorandum: / Uninsured people with Medicare Part A or Part B only",fiscal_year,2023,2023,2023,33,2
Health Insurance,Uninsured people with Medicare Part A or Part B only,2024,0.6,Millions of people,51298-2024-06-healthinsurance.xlsx,Table 1,false,51298,"Table 1. CBO’s June 2024 Projections of Health Insurance Coverage, by Source / Memorandum: / Uninsured people with Medicare Part A or Part B only",fiscal_year,2024,2024,2024,33,3
Health Insurance,Uninsured people with Medicare Part A or Part B only,2025,0.6,Millions of people,51298-2024-06-healthinsurance.xlsx,Table 1,false,51298,"Table 1. CBO’s June 2024 Projections of Health Insurance Coverage, by Source / Memorandum: / Uninsured people with Medicare Part A or Part B only",fiscal_year,2025,2025,2025,33,4
Health Insurance,Uninsured people with Medicare Part A or Part B only,2026,0.7,Millions of people,51298-2024-06-healthinsurance.xlsx,Table 1,false,51298,"Table 1. CBO’s June 2024 Projections of Health Insurance Coverage, by Source / Memorandum: / Uninsured people with Medicare Part A or Part B only",fiscal_year,2026,2026,2026,33,5
Health Insurance,Uninsured people with Medicare Part A or Part B only,2027,0.7,Millions of people,51298-2024-06-healthinsurance.xlsx,Table 1,false,51298,"Table 1. CBO’s June 2024 Projections of Health Insurance Coverage, by Source / Memorandum: / Uninsured people with Medicare Part A or Part B only",fiscal_year,2027,2027,2027,33,6
Health Insurance,Uninsured people with Medicare Part A or Part B only,2028,0.7,Millions of people,51298-2024-06-healthinsurance.xlsx,Table 1,false,51298,"Table 1. CBO’s June 2024 Projections of Health Insurance Coverage, by Source / Memorandum: / Uninsured people with Medicare Part A or Part B only",fiscal_year,2028,2028,2028,33,7
Health Insurance,Uninsured people with Medicare Part A or Part B only,2029,0.7,Millions of people,51298-2024-06-healthinsurance.xlsx,Table 1,false,51298,"Table 1. CBO’s June 2024 Projections of Health Insurance Coverage, by Source / Memorandum: / Uninsured people with Medicare Part A or Part B only",fiscal_year,2029,2029,2029,33,8
Health Insurance,Uninsured people with Medicare Part A or Part B only,2030,0.7,Millions of people,51298-2024-06-healthinsurance.xlsx,Table 1,false,51298,"Table 1. CBO’s June 2024 Projections of Health Insurance Coverage, by Source / Memorandum: / Uninsured people with Medicare Part A or Part B only",fiscal_year,2030,2030,2030,33,9
Health Insurance,Uninsured people with Medicare Part A or Part B only,2031,0.7,Millions of people,51298-2024-06-healthinsurance.xlsx,Table 1,false,51298,"Table 1. CBO’s June 2024 Projections of Health Insurance Coverage, by Source / Memorandum: / Uninsured people with Medicare Part A or Part B only",fiscal_year,2031,2031,2031,33,10
Health Insurance,Uninsured people with Medicare Part A or Part B only,2032,0.8,Millions of people,51298-2024-06-healthinsurance.xlsx,Table 1,false,51298,"Table 1. CBO’s June 2024 Projections of Health Insurance Coverage, by Source / Memorandum: / Uninsured people with Medicare Part A or Part B only",fiscal_year,2032,2032,2032,33,11
Health Insurance,Uninsured people with Medicare Part A or Part B only,2033,0.8,Millions of people,51298-2024-06-healthinsurance.xlsx,Table 1,false,51298,"Table 1. CBO’s June 2024 Projections of Health Insurance Coverage, by Source / Memorandum: / Uninsured people with Medicare Part A or Part B only",fiscal_year,2033,2033,2033,33,12
Health Insurance,Uninsured people with Medicare Part A or Part B only,2034,0.8,Millions of people,51298-2024-06-healthinsurance.xlsx,Table 1,false,51298,"Table 1. CBO’s June 2024 Projections of Health Insurance Coverage, by Source / Memorandum: / Uninsured people with Medicare Part A or Part B only",fiscal_year,2034,2034,2034,33,13
Health Insurance,Share of the population that is uninsured (percent),2023,7.2,Percent,51298-2024-06-healthinsurance.xlsx,Table 1,false,51298,"Table 1. CBO’s June 2024 Projections of Health Insurance Coverage, by Source / Memorandum: / Share of the population that is uninsured (percent)",fiscal_year,2023,2023,2023,34,2
Health Insurance,Share of the population that is uninsured (percent),2024,7.7,Percent,51298-2024-06-healthinsurance.xlsx,Table 1,false,51298,"Table 1. CBO’s June 2024 Projections of Health Insurance Coverage, by Source / Memorandum: / Share of the population that is uninsured (percent)",fiscal_year,2024,2024,2024,34,3
Health Insurance,Share of the population that is uninsured (percent),2025,7.9,Percent,51298-2024-06-healthinsurance.xlsx,Table 1,false,51298,"Table 1. CBO’s June 2024 Projections of Health Insurance Coverage, by Source / Memorandum: / Share of the population that is uninsured (percent)",fiscal_year,2025,2025,2025,34,4
Health Insurance,Share of the population that is uninsured (percent),2026,8.7,Percent,51298-2024-06-healthinsurance.xlsx,Table 1,false,51298,"Table 1. CBO’s June 2024 Projections of Health Insurance Coverage, by Source / Memorandum: / Share of the population that is uninsured (percent)",fiscal_year,2026,2026,2026,34,5
Health Insurance,Share of the population that is uninsured (percent),2027,9.1,Percent,51298-2024-06-healthinsurance.xlsx,Table 1,false,51298,"Table 1. CBO’s June 2024 Projections of Health Insurance Coverage, by Source / Memorandum: / Share of the population that is uninsured (percent)",fiscal_year,2027,2027,2027,34,6
Health Insurance,Share of the population that is uninsured (percent),2028,9.2,Percent,51298-2024-06-healthinsurance.xlsx,Table 1,false,51298,"Table 1. CBO’s June 2024 Projections of Health Insurance Coverage, by Source / Memorandum: / Share of the population that is uninsured (percent)",fiscal_year,2028,2028,2028,34,7
Health Insurance,Share of the population that is uninsured (percent),2029,9.1,Percent,51298-2024-06-healthinsurance.xlsx,Table 1,false,51298,"Table 1. CBO’s June 2024 Projections of Health Insurance Coverage, by Source / Memorandum: / Share of the population that is uninsured (percent)",fiscal_year,2029,2029,2029,34,8
Health Insurance,Share of the population that is uninsured (percent),2030,9.0,Percent,51298-2024-06-healthinsurance.xlsx,Table 1,false,51298,"Table 1. CBO’s June 2024 Projections of Health Insurance Coverage, by Source / Memorandum: / Share of the population that is uninsured (percent)",fiscal_year,2030,2030,2030,34,9
Health Insurance,Share of the population that is uninsured (percent),2031,9.0,Percent,51298-2024-06-healthinsurance.xlsx,Table 1,false,51298,"Table 1. CBO’s June 2024 Projections of Health Insurance Coverage, by Source / Memorandum: / Share of the population that is uninsured (percent)",fiscal_year,2031,2031,2031,34,10
Health Insurance,Share of the population that is uninsured (percent),2032,9.0,Percent,51298-2024-06-healthinsurance.xlsx,Table 1,false,51298,"Table 1. CBO’s June 2024 Projections of Health Insurance Coverage, by Source / Memorandum: / Share of the population that is uninsured (percent)",fiscal_year,2032,2032,2032,34,11
Health Insurance,Share of the population that is uninsured (percent),2033,8.9,Percent,51298-2024-06-healthinsurance.xlsx,Table 1,false,51298,"Table 1. CBO’s June 2024 Projections of Health Insurance Coverage, by Source / Memorandum: / Share of the population that is uninsured (percent)",fiscal_year,2033,2033,2033,34,12
Health Insurance,Share of the population that is uninsured (percent),2034,8.9,Percent,51298-2024-06-healthinsurance.xlsx,Table 1,false,51298,"Table 1. CBO’s June 2024 Projections of Health Insurance Coverage, by Source / Memorandum: / Share of the population that is uninsured (percent)",fiscal_year,2034,2034,2034,34,13
Health Insurance,Tax exclusion for employment-based coverage,2024,384.0,Billions of dollars,51298-2024-06-healthinsurance.xlsx,Table 2,false,51298,Table 2. CBO and JCT’s June 2024 Projections of Net Federal Subsidies for Health Insurance / Employment-based coverage / Tax exclusion for employment-based coverage,fiscal_year,2024,2024,2024,10,3
Health Insurance,Tax exclusion for employment-based coverage,2025,414.0,Billions of dollars,51298-2024-06-healthinsurance.xlsx,Table 2,false,51298,Table 2. CBO and JCT’s June 2024 Projections of Net Federal Subsidies for Health Insurance / Employment-based coverage / Tax exclusion for employment-based coverage,fiscal_year,2025,2025,2025,10,4
Health Insurance,Tax exclusion for employment-based coverage,2026,477.0,Billions of dollars,51298-2024-06-healthinsurance.xlsx,Table 2,false,51298,Table 2. CBO and JCT’s June 2024 Projections of Net Federal Subsidies for Health Insurance / Employment-based coverage / Tax exclusion for employment-based coverage,fiscal_year,2026,2026,2026,10,5
Health Insurance,Tax exclusion for employment-based coverage,2027,518.0,Billions of dollars,51298-2024-06-healthinsurance.xlsx,Table 2,false,51298,Table 2. CBO and JCT’s June 2024 Projections of Net Federal Subsidies for Health Insurance / Employment-based coverage / Tax exclusion for employment-based coverage,fiscal_year,2027,2027,2027,10,6
Health Insurance,Tax exclusion for employment-based coverage,2028,542.0,Billions of dollars,51298-2024-06-healthinsurance.xlsx,Table 2,false,51298,Table 2. CBO and JCT’s June 2024 Projections of Net Federal Subsidies for Health Insurance / Employment-based coverage / Tax exclusion for employment-based coverage,fiscal_year,2028,2028,2028,10,7
Health Insurance,Tax exclusion for employment-based coverage,2029,567.0,Billions of dollars,51298-2024-06-healthinsurance.xlsx,Table 2,false,51298,Table 2. CBO and JCT’s June 2024 Projections of Net Federal Subsidies for Health Insurance / Employment-based coverage / Tax exclusion for employment-based coverage,fiscal_year,2029,2029,2029,10,8
Health Insurance,Tax exclusion for employment-based coverage,2030,594.0,Billions of dollars,51298-2024-06-healthinsurance.xlsx,Table 2,false,51298,Table 2. CBO and JCT’s June 2024 Projections of Net Federal Subsidies for Health Insurance / Employment-based coverage / Tax exclusion for employment-based coverage,fiscal_year,2030,2030,2030,10,9
Health Insurance,Tax exclusion for employment-based coverage,2031,623.0,Billions of dollars,51298-2024-06-healthinsurance.xlsx,Table 2,false,51298,Table 2. CBO and JCT’s June 2024 Projections of Net Federal Subsidies for Health Insurance / Employment-based coverage / Tax exclusion for employment-based coverage,fiscal_year,2031,2031,2031,10,10
Health Insurance,Tax exclusion for employment-based coverage,2032,653.0,Billions of dollars,51298-2024-06-healthinsurance.xlsx,Table 2,false,51298,Table 2. CBO and JCT’s June 2024 Projections of Net Federal Subsidies for Health Insurance / Employment-based coverage / Tax exclusion for employment-based coverage,fiscal_year,2032,2032,2032,10,11
Health Insurance,Tax exclusion for employment-based coverage,2033,683.0,Billions of dollars,51298-2024-06-healthinsurance.xlsx,Table 2,false,51298,Table 2. CBO and JCT’s June 2024 Projections of Net Federal Subsidies for Health Insurance / Employment-based coverage / Tax exclusion for employment-based coverage,fiscal_year,2033,2033,2033,10,12
Health Insurance,Tax exclusion for employment-based coverage,2034,714.0,Billions of dollars,51298-2024-06-healthinsurance.xlsx,Table 2,false,51298,Table 2. CBO and JCT’s June 2024 Projections of Net Federal Subsidies for Health Insurance / Employment-based coverage / Tax exclusion for employment-based coverage,fiscal_year,2034,2034,2034,10,13
Health Insurance,Income tax deduction for self-employment health insurance,2024,5.0,Billions of dollars,51298-2024-06-healthinsurance.xlsx,Table 2,false,51298,Table 2. CBO and JCT’s June 2024 Projections of Net Federal Subsidies for Health Insurance / Employment-based coverage / Income tax deduction for self-employment health insurance,fiscal_year,2024,2024,2024,11,3
Health Insurance,Income tax deduction for self-employment health insurance,2025,6.0,Billions of dollars,51298-2024-06-healthinsurance.xlsx,Table 2,false,51298,Table 2. CBO and JCT’s June 2024 Projections of Net Federal Subsidies for Health Insurance / Employment-based coverage / Income tax deduction for self-employment health insurance,fiscal_year,2025,2025,2025,11,4
Health Insurance,Income tax deduction for self-employment health insurance,2026,8.0,Billions of dollars,51298-2024-06-healthinsurance.xlsx,Table 2,false,51298,Table 2. CBO and JCT’s June 2024 Projections of Net Federal Subsidies for Health Insurance / Employment-based coverage / Income tax deduction for self-employment health insurance,fiscal_year,2026,2026,2026,11,5
Health Insurance,Income tax deduction for self-employment health insurance,2027,9.0,Billions of dollars,51298-2024-06-healthinsurance.xlsx,Table 2,false,51298,Table 2. CBO and JCT’s June 2024 Projections of Net Federal Subsidies for Health Insurance / Employment-based coverage / Income tax deduction for self-employment health insurance,fiscal_year,2027,2027,2027,11,6
Health Insurance,Income tax deduction for self-employment health insurance,2028,9.0,Billions of dollars,51298-2024-06-healthinsurance.xlsx,Table 2,false,51298,Table 2. CBO and JCT’s June 2024 Projections of Net Federal Subsidies for Health Insurance / Employment-based coverage / Income tax deduction for self-employment health insurance,fiscal_year,2028,2028,2028,11,7
Health Insurance,Income tax deduction for self-employment health insurance,2029,10.0,Billions of dollars,51298-2024-06-healthinsurance.xlsx,Table 2,false,51298,Table 2. CBO and JCT’s June 2024 Projections of Net Federal Subsidies for Health Insurance / Employment-based coverage / Income tax deduction for self-employment health insurance,fiscal_year,2029,2029,2029,11,8
Health Insurance,Income tax deduction for self-employment health insurance,2030,10.0,Billions of dollars,51298-2024-06-healthinsurance.xlsx,Table 2,false,51298,Table 2. CBO and JCT’s June 2024 Projections of Net Federal Subsidies for Health Insurance / Employment-based coverage / Income tax deduction for self-employment health insurance,fiscal_year,2030,2030,2030,11,9
Health Insurance,Income tax deduction for self-employment health insurance,2031,11.0,Billions of dollars,51298-2024-06-healthinsurance.xlsx,Table 2,false,51298,Table 2. CBO and JCT’s June 2024 Projections of Net Federal Subsidies for Health Insurance / Employment-based coverage / Income tax deduction for self-employment health insurance,fiscal_year,2031,2031,2031,11,10
Health Insurance,Income tax deduction for self-employment health insurance,2032,11.0,Billions of dollars,51298-2024-06-healthinsurance.xlsx,Table 2,false,51298,Table 2. CBO and JCT’s June 2024 Projections of Net Federal Subsidies for Health Insurance / Employment-based coverage / Income tax deduction for self-employment health insurance,fiscal_year,2032,2032,2032,11,11
Health Insurance,Income tax deduction for self-employment health insurance,2033,12.0,Billions of dollars,51298-2024-06-healthinsurance.xlsx,Table 2,false,51298,Table 2. CBO and JCT’s June 2024 Projections of Net Federal Subsidies for Health Insurance / Employment-based coverage / Income tax deduction for self-employment health insurance,fiscal_year,2033,2033,2033,11,12
Health Insurance,Income tax deduction for self-employment health insurance,2034,12.0,Billions of dollars,51298-2024-06-healthinsurance.xlsx,Table 2,false,51298,Table 2. CBO and JCT’s June 2024 Projections of Net Federal Subsidies for Health Insurance / Employment-based coverage / Income tax deduction for self-employment health insurance,fiscal_year,2034,2034,2034,11,13
Health Insurance,Gross collections of penalty payments by employers,2024,-1.0,Billions of dollars,51298-2024-06-healthinsurance.xlsx,Table 2,false,51298,Table 2. CBO and JCT’s June 2024 Projections of Net Federal Subsidies for Health Insurance / Small-employer tax credits / Gross collections of penalty payments by employers,fiscal_year,2024,2024,2024,13,3
Health Insurance,Gross collections of penalty payments by employers,2025,-1.0,Billions of dollars,51298-2024-06-healthinsurance.xlsx,Table 2,false,51298,Table 2. CBO and JCT’s June 2024 Projections of Net Federal Subsidies for Health Insurance / Small-employer tax credits / Gross collections of penalty payments by employers,fiscal_year,2025,2025,2025,13,4
Health Insurance,Gross collections of penalty payments by employers,2026,-1.0,Billions of dollars,51298-2024-06-healthinsurance.xlsx,Table 2,false,51298,Table 2. CBO and JCT’s June 2024 Projections of Net Federal Subsidies for Health Insurance / Small-employer tax credits / Gross collections of penalty payments by employers,fiscal_year,2026,2026,2026,13,5
Health Insurance,Gross collections of penalty payments by employers,2027,-1.0,Billions of dollars,51298-2024-06-healthinsurance.xlsx,Table 2,false,51298,Table 2. CBO and JCT’s June 2024 Projections of Net Federal Subsidies for Health Insurance / Small-employer tax credits / Gross collections of penalty payments by employers,fiscal_year,2027,2027,2027,13,6
Health Insurance,Gross collections of penalty payments by employers,2028,-1.0,Billions of dollars,51298-2024-06-healthinsurance.xlsx,Table 2,false,51298,Table 2. CBO and JCT’s June 2024 Projections of Net Federal Subsidies for Health Insurance / Small-employer tax credits / Gross collections of penalty payments by employers,fiscal_year,2028,2028,2028,13,7
Health Insurance,Gross collections of penalty payments by employers,2029,-1.0,Billions of dollars,51298-2024-06-healthinsurance.xlsx,Table 2,false,51298,Table 2. CBO and JCT’s June 2024 Projections of Net Federal Subsidies for Health Insurance / Small-employer tax credits / Gross collections of penalty payments by employers,fiscal_year,2029,2029,2029,13,8
Health Insurance,Gross collections of penalty payments by employers,2030,-1.0,Billions of dollars,51298-2024-06-healthinsurance.xlsx,Table 2,false,51298,Table 2. CBO and JCT’s June 2024 Projections of Net Federal Subsidies for Health Insurance / Small-employer tax credits / Gross collections of penalty payments by employers,fiscal_year,2030,2030,2030,13,9
Health Insurance,Gross collections of penalty payments by employers,2031,-1.0,Billions of dollars,51298-2024-06-healthinsurance.xlsx,Table 2,false,51298,Table 2. CBO and JCT’s June 2024 Projections of Net Federal Subsidies for Health Insurance / Small-employer tax credits / Gross collections of penalty payments by employers,fiscal_year,2031,2031,2031,13,10
Health Insurance,Gross collections of penalty payments by employers,2032,-1.0,Billions of dollars,51298-2024-06-healthinsurance.xlsx,Table 2,false,51298,Table 2. CBO and JCT’s June 2024 Projections of Net Federal Subsidies for Health Insurance / Small-employer tax credits / Gross collections of penalty payments by employers,fiscal_year,2032,2032,2032,13,11
Health Insurance,Gross collections of penalty payments by employers,2033,-1.0,Billions of dollars,51298-2024-06-healthinsurance.xlsx,Table 2,false,51298,Table 2. CBO and JCT’s June 2024 Projections of Net Federal Subsidies for Health Insurance / Small-employer tax credits / Gross collections of penalty payments by employers,fiscal_year,2033,2033,2033,13,12
Health Insurance,Gross collections of penalty payments by employers,2034,-1.0,Billions of dollars,51298-2024-06-healthinsurance.xlsx,Table 2,false,51298,Table 2. CBO and JCT’s June 2024 Projections of Net Federal Subsidies for Health Insurance / Small-employer tax credits / Gross collections of penalty payments by employers,fiscal_year,2034,2034,2034,13,13
Health Insurance,Subtotal,2024,389.0,Billions of dollars,51298-2024-06-healthinsurance.xlsx,Table 2,true,51298,Table 2. CBO and JCT’s June 2024 Projections of Net Federal Subsidies for Health Insurance / Small-employer tax credits / Subtotal,fiscal_year,2024,2024,2024,14,3
Health Insurance,Subtotal,2025,419.0,Billions of dollars,51298-2024-06-healthinsurance.xlsx,Table 2,true,51298,Table 2. CBO and JCT’s June 2024 Projections of Net Federal Subsidies for Health Insurance / Small-employer tax credits / Subtotal,fiscal_year,2025,2025,2025,14,4
Health Insurance,Subtotal,2026,484.0,Billions of dollars,51298-2024-06-healthinsurance.xlsx,Table 2,true,51298,Table 2. CBO and JCT’s June 2024 Projections of Net Federal Subsidies for Health Insurance / Small-employer tax credits / Subtotal,fiscal_year,2026,2026,2026,14,5
Health Insurance,Subtotal,2027,525.0,Billions of dollars,51298-2024-06-healthinsurance.xlsx,Table 2,true,51298,Table 2. CBO and JCT’s June 2024 Projections of Net Federal Subsidies for Health Insurance / Small-employer tax credits / Subtotal,fiscal_year,2027,2027,2027,14,6
Health Insurance,Subtotal,2028,550.0,Billions of dollars,51298-2024-06-healthinsurance.xlsx,Table 2,true,51298,Table 2. CBO and JCT’s June 2024 Projections of Net Federal Subsidies for Health Insurance / Small-employer tax credits / Subtotal,fiscal_year,2028,2028,2028,14,7
Health Insurance,Subtotal,2029,575.0,Billions of dollars,51298-2024-06-healthinsurance.xlsx,Table 2,true,51298,Table 2. CBO and JCT’s June 2024 Projections of Net Federal Subsidies for Health Insurance / Small-employer tax credits / Subtotal,fiscal_year,2029,2029,2029,14,8
Health Insurance,Subtotal,2030,603.0,Billions of dollars,51298-2024-06-healthinsurance.xlsx,Table 2,true,51298,Table 2. CBO and JCT’s June 2024 Projections of Net Federal Subsidies for Health Insurance / Small-employer tax credits / Subtotal,fiscal_year,2030,2030,2030,14,9
Health Insurance,Subtotal,2031,633.0,Billions of dollars,51298-2024-06-healthinsurance.xlsx,Table 2,true,51298,Table 2. CBO and JCT’s June 2024 Projections of Net Federal Subsidies for Health Insurance / Small-employer tax credits / Subtotal,fiscal_year,2031,2031,2031,14,10
Health Insurance,Subtotal,2032,663.0,Billions of dollars,51298-2024-06-healthinsurance.xlsx,Table 2,true,51298,Table 2. CBO and JCT’s June 2024 Projections of Net Federal Subsidies for Health Insurance / Small-employer tax credits / Subtotal,fiscal_year,2032,2032,2032,14,11
Health Insurance,Subtotal,2033,694.0,Billions of dollars,51298-2024-06-healthinsurance.xlsx,Table 2,true,51298,Table 2. CBO and JCT’s June 2024 Projections of Net Federal Subsidies for Health Insurance / Small-employer tax credits / Subtotal,fiscal_year,2033,2033,2033,14,12
Health Insurance,Subtotal,2034,725.0,Billions of dollars,51298-2024-06-healthinsurance.xlsx,Table 2,true,51298,Table 2. CBO and JCT’s June 2024 Projections of Net Federal Subsidies for Health Insurance / Small-employer tax credits / Subtotal,fiscal_year,2034,2034,2034,14,13
Health Insurance,People age 65 or older in Medicaid,2023,111.0,Billions of dollars,51298-2024-06-healthinsurance.xlsx,Table 2,false,51298,Table 2. CBO and JCT’s June 2024 Projections of Net Federal Subsidies for Health Insurance / Medicaid and CHIP / People age 65 or older in Medicaid,fiscal_year,2023,2023,2023,16,2
Health Insurance,People age 65 or older in Medicaid,2024,118.0,Billions of dollars,51298-2024-06-healthinsurance.xlsx,Table 2,false,51298,Table 2. CBO and JCT’s June 2024 Projections of Net Federal Subsidies for Health Insurance / Medicaid and CHIP / People age 65 or older in Medicaid,fiscal_year,2024,2024,2024,16,3
Health Insurance,People age 65 or older in Medicaid,2025,120.0,Billions of dollars,51298-2024-06-healthinsurance.xlsx,Table 2,false,51298,Table 2. CBO and JCT’s June 2024 Projections of Net Federal Subsidies for Health Insurance / Medicaid and CHIP / People age 65 or older in Medicaid,fiscal_year,2025,2025,2025,16,4
Health Insurance,People age 65 or older in Medicaid,2026,124.0,Billions of dollars,51298-2024-06-healthinsurance.xlsx,Table 2,false,51298,Table 2. CBO and JCT’s June 2024 Projections of Net Federal Subsidies for Health Insurance / Medicaid and CHIP / People age 65 or older in Medicaid,fiscal_year,2026,2026,2026,16,5
Health Insurance,People age 65 or older in Medicaid,2027,131.0,Billions of dollars,51298-2024-06-healthinsurance.xlsx,Table 2,false,51298,Table 2. CBO and JCT’s June 2024 Projections of Net Federal Subsidies for Health Insurance / Medicaid and CHIP / People age 65 or older in Medicaid,fiscal_year,2027,2027,2027,16,6
Health Insurance,People age 65 or older in Medicaid,2028,140.0,Billions of dollars,51298-2024-06-healthinsurance.xlsx,Table 2,false,51298,Table 2. CBO and JCT’s June 2024 Projections of Net Federal Subsidies for Health Insurance / Medicaid and CHIP / People age 65 or older in Medicaid,fiscal_year,2028,2028,2028,16,7
Health Insurance,People age 65 or older in Medicaid,2029,148.0,Billions of dollars,51298-2024-06-healthinsurance.xlsx,Table 2,false,51298,Table 2. CBO and JCT’s June 2024 Projections of Net Federal Subsidies for Health Insurance / Medicaid and CHIP / People age 65 or older in Medicaid,fiscal_year,2029,2029,2029,16,8
Health Insurance,People age 65 or older in Medicaid,2030,156.0,Billions of dollars,51298-2024-06-healthinsurance.xlsx,Table 2,false,51298,Table 2. CBO and JCT’s June 2024 Projections of Net Federal Subsidies for Health Insurance / Medicaid and CHIP / People age 65 or older in Medicaid,fiscal_year,2030,2030,2030,16,9
Health Insurance,People age 65 or older in Medicaid,2031,163.0,Billions of dollars,51298-2024-06-healthinsurance.xlsx,Table 2,false,51298,Table 2. CBO and JCT’s June 2024 Projections of Net Federal Subsidies for Health Insurance / Medicaid and CHIP / People age 65 or older in Medicaid,fiscal_year,2031,2031,2031,16,10
Health Insurance,People age 65 or older in Medicaid,2032,170.0,Billions of dollars,51298-2024-06-healthinsurance.xlsx,Table 2,false,51298,Table 2. CBO and JCT’s June 2024 Projections of Net Federal Subsidies for Health Insurance / Medicaid and CHIP / People age 65 or older in Medicaid,fiscal_year,2032,2032,2032,16,11
Health Insurance,People age 65 or older in Medicaid,2033,178.0,Billions of dollars,51298-2024-06-healthinsurance.xlsx,Table 2,false,51298,Table 2. CBO and JCT’s June 2024 Projections of Net Federal Subsidies for Health Insurance / Medicaid and CHIP / People age 65 or older in Medicaid,fiscal_year,2033,2033,2033,16,12
Health Insurance,People age 65 or older in Medicaid,2034,186.0,Billions of dollars,51298-2024-06-healthinsurance.xlsx,Table 2,false,51298,Table 2. CBO and JCT’s June 2024 Projections of Net Federal Subsidies for Health Insurance / Medicaid and CHIP / People age 65 or older in Medicaid,fiscal_year,2034,2034,2034,16,13
Health Insurance,Blind and disabled people in Medicaid,2023,177.0,Billions of dollars,51298-2024-06-healthinsurance.xlsx,Table 2,false,51298,Table 2. CBO and JCT’s June 2024 Projections of Net Federal Subsidies for Health Insurance / Medicaid and CHIP / Blind and disabled people in Medicaid,fiscal_year,2023,2023,2023,17,2
Health Insurance,Blind and disabled people in Medicaid,2024,191.0,Billions of dollars,51298-2024-06-healthinsurance.xlsx,Table 2,false,51298,Table 2. CBO and JCT’s June 2024 Projections of Net Federal Subsidies for Health Insurance / Medicaid and CHIP / Blind and disabled people in Medicaid,fiscal_year,2024,2024,2024,17,3
Health Insurance,Blind and disabled people in Medicaid,2025,192.0,Billions of dollars,51298-2024-06-healthinsurance.xlsx,Table 2,false,51298,Table 2. CBO and JCT’s June 2024 Projections of Net Federal Subsidies for Health Insurance / Medicaid and CHIP / Blind and disabled people in Medicaid,fiscal_year,2025,2025,2025,17,4
Health Insurance,Blind and disabled people in Medicaid,2026,193.0,Billions of dollars,51298-2024-06-healthinsurance.xlsx,Table 2,false,51298,Table 2. CBO and JCT’s June 2024 Projections of Net Federal Subsidies for Health Insurance / Medicaid and CHIP / Blind and disabled people in Medicaid,fiscal_year,2026,2026,2026,17,5
Health Insurance,Blind and disabled people in Medicaid,2027,201.0,Billions of dollars,51298-2024-06-healthinsurance.xlsx,Table 2,false,51298,Table 2. CBO and JCT’s June 2024 Projections of Net Federal Subsidies for Health Insurance / Medicaid and CHIP / Blind and disabled people in Medicaid,fiscal_year,2027,2027,2027,17,6
Health Insurance,Blind and disabled people in Medicaid,2028,211.0,Billions of dollars,51298-2024-06-healthinsurance.xlsx,Table 2,false,51298,Table 2. CBO and JCT’s June 2024 Projections of Net Federal Subsidies for Health Insurance / Medicaid and CHIP / Blind and disabled people in Medicaid,fiscal_year,2028,2028,2028,17,7
Health Insurance,Blind and disabled people in Medicaid,2029,222.0,Billions of dollars,51298-2024-06-healthinsurance.xlsx,Table 2,false,51298,Table 2. CBO and JCT’s June 2024 Projections of Net Federal Subsidies for Health Insurance / Medicaid and CHIP / Blind and disabled people in Medicaid,fiscal_year,2029,2029,2029,17,8
Health Insurance,Blind and disabled people in Medicaid,2030,232.0,Billions of dollars,51298-2024-06-healthinsurance.xlsx,Table 2,false,51298,Table 2. CBO and JCT’s June 2024 Projections of Net Federal Subsidies for Health Insurance / Medicaid and CHIP / Blind and disabled people in Medicaid,fiscal_year,2030,2030,2030,17,9
Health Insurance,Blind and disabled people in Medicaid,2031,243.0,Billions of dollars,51298-2024-06-healthinsurance.xlsx,Table 2,false,51298,Table 2. CBO and JCT’s June 2024 Projections of Net Federal Subsidies for Health Insurance / Medicaid and CHIP / Blind and disabled people in Medicaid,fiscal_year,2031,2031,2031,17,10
Health Insurance,Blind and disabled people in Medicaid,2032,255.0,Billions of dollars,51298-2024-06-healthinsurance.xlsx,Table 2,false,51298,Table 2. CBO and JCT’s June 2024 Projections of Net Federal Subsidies for Health Insurance / Medicaid and CHIP / Blind and disabled people in Medicaid,fiscal_year,2032,2032,2032,17,11
Health Insurance,Blind and disabled people in Medicaid,2033,268.0,Billions of dollars,51298-2024-06-healthinsurance.xlsx,Table 2,false,51298,Table 2. CBO and JCT’s June 2024 Projections of Net Federal Subsidies for Health Insurance / Medicaid and CHIP / Blind and disabled people in Medicaid,fiscal_year,2033,2033,2033,17,12
Health Insurance,Blind and disabled people in Medicaid,2034,281.0,Billions of dollars,51298-2024-06-healthinsurance.xlsx,Table 2,false,51298,Table 2. CBO and JCT’s June 2024 Projections of Net Federal Subsidies for Health Insurance / Medicaid and CHIP / Blind and disabled people in Medicaid,fiscal_year,2034,2034,2034,17,13
Health Insurance,Children in Medicaid,2023,73.0,Billions of dollars,51298-2024-06-healthinsurance.xlsx,Table 2,false,51298,Table 2. CBO and JCT’s June 2024 Projections of Net Federal Subsidies for Health Insurance / Medicaid and CHIP / Children in Medicaid,fiscal_year,2023,2023,2023,18,2
Health Insurance,Children in Medicaid,2024,70.0,Billions of dollars,51298-2024-06-healthinsurance.xlsx,Table 2,false,51298,Table 2. CBO and JCT’s June 2024 Projections of Net Federal Subsidies for Health Insurance / Medicaid and CHIP / Children in Medicaid,fiscal_year,2024,2024,2024,18,3
Health Insurance,Children in Medicaid,2025,70.0,Billions of dollars,51298-2024-06-healthinsurance.xlsx,Table 2,false,51298,Table 2. CBO and JCT’s June 2024 Projections of Net Federal Subsidies for Health Insurance / Medicaid and CHIP / Children in Medicaid,fiscal_year,2025,2025,2025,18,4
Health Insurance,Children in Medicaid,2026,71.0,Billions of dollars,51298-2024-06-healthinsurance.xlsx,Table 2,false,51298,Table 2. CBO and JCT’s June 2024 Projections of Net Federal Subsidies for Health Insurance / Medicaid and CHIP / Children in Medicaid,fiscal_year,2026,2026,2026,18,5
Health Insurance,Children in Medicaid,2027,73.0,Billions of dollars,51298-2024-06-healthinsurance.xlsx,Table 2,false,51298,Table 2. CBO and JCT’s June 2024 Projections of Net Federal Subsidies for Health Insurance / Medicaid and CHIP / Children in Medicaid,fiscal_year,2027,2027,2027,18,6
Health Insurance,Children in Medicaid,2028,76.0,Billions of dollars,51298-2024-06-healthinsurance.xlsx,Table 2,false,51298,Table 2. CBO and JCT’s June 2024 Projections of Net Federal Subsidies for Health Insurance / Medicaid and CHIP / Children in Medicaid,fiscal_year,2028,2028,2028,18,7
Health Insurance,Children in Medicaid,2029,80.0,Billions of dollars,51298-2024-06-healthinsurance.xlsx,Table 2,false,51298,Table 2. CBO and JCT’s June 2024 Projections of Net Federal Subsidies for Health Insurance / Medicaid and CHIP / Children in Medicaid,fiscal_year,2029,2029,2029,18,8
Health Insurance,Children in Medicaid,2030,84.0,Billions of dollars,51298-2024-06-healthinsurance.xlsx,Table 2,false,51298,Table 2. CBO and JCT’s June 2024 Projections of Net Federal Subsidies for Health Insurance / Medicaid and CHIP / Children in Medicaid,fiscal_year,2030,2030,2030,18,9
Health Insurance,Children in Medicaid,2031,88.0,Billions of dollars,51298-2024-06-healthinsurance.xlsx,Table 2,false,51298,Table 2. CBO and JCT’s June 2024 Projections of Net Federal Subsidies for Health Insurance / Medicaid and CHIP / Children in Medicaid,fiscal_year,2031,2031,2031,18,10
Health Insurance,Children in Medicaid,2032,92.0,Billions of dollars,51298-2024-06-healthinsurance.xlsx,Table 2,false,51298,Table 2. CBO and JCT’s June 2024 Projections of Net Federal Subsidies for Health Insurance / Medicaid and CHIP / Children in Medicaid,fiscal_year,2032,2032,2032,18,11
Health Insurance,Children in Medicaid,2033,101.0,Billions of dollars,51298-2024-06-healthinsurance.xlsx,Table 2,false,51298,Table 2. CBO and JCT’s June 2024 Projections of Net Federal Subsidies for Health Insurance / Medicaid and CHIP / Children in Medicaid,fiscal_year,2033,2033,2033,18,12
Health Insurance,Children in Medicaid,2034,106.0,Billions of dollars,51298-2024-06-healthinsurance.xlsx,Table 2,false,51298,Table 2. CBO and JCT’s June 2024 Projections of Net Federal Subsidies for Health Insurance / Medicaid and CHIP / Children in Medicaid,fiscal_year,2034,2034,2034,18,13
Health Insurance,Adults made eligible for Medicaid by the ACA,2023,130.0,Billions of dollars,51298-2024-06-healthinsurance.xlsx,Table 2,false,51298,Table 2. CBO and JCT’s June 2024 Projections of Net Federal Subsidies for Health Insurance / Medicaid and CHIP / Adults made eligible for Medicaid by the ACA,fiscal_year,2023,2023,2023,19,2
Health Insurance,Adults made eligible for Medicaid by the ACA,2024,114.0,Billions of dollars,51298-2024-06-healthinsurance.xlsx,Table 2,false,51298,Table 2. CBO and JCT’s June 2024 Projections of Net Federal Subsidies for Health Insurance / Medicaid and CHIP / Adults made eligible for Medicaid by the ACA,fiscal_year,2024,2024,2024,19,3
Health Insurance,Adults made eligible for Medicaid by the ACA,2025,110.0,Billions of dollars,51298-2024-06-healthinsurance.xlsx,Table 2,false,51298,Table 2. CBO and JCT’s June 2024 Projections of Net Federal Subsidies for Health Insurance / Medicaid and CHIP / Adults made eligible for Medicaid by the ACA,fiscal_year,2025,2025,2025,19,4
Health Insurance,Adults made eligible for Medicaid by the ACA,2026,113.0,Billions of dollars,51298-2024-06-healthinsurance.xlsx,Table 2,false,51298,Table 2. CBO and JCT’s June 2024 Projections of Net Federal Subsidies for Health Insurance / Medicaid and CHIP / Adults made eligible for Medicaid by the ACA,fiscal_year,2026,2026,2026,19,5
Health Insurance,Adults made eligible for Medicaid by the ACA,2027,119.0,Billions of dollars,51298-2024-06-healthinsurance.xlsx,Table 2,false,51298,Table 2. CBO and JCT’s June 2024 Projections of Net Federal Subsidies for Health Insurance / Medicaid and CHIP / Adults made eligible for Medicaid by the ACA,fiscal_year,2027,2027,2027,19,6
Health Insurance,Adults made eligible for Medicaid by the ACA,2028,127.0,Billions of dollars,51298-2024-06-healthinsurance.xlsx,Table 2,false,51298,Table 2. CBO and JCT’s June 2024 Projections of Net Federal Subsidies for Health Insurance / Medicaid and CHIP / Adults made eligible for Medicaid by the ACA,fiscal_year,2028,2028,2028,19,7
Health Insurance,Adults made eligible for Medicaid by the ACA,2029,136.0,Billions of dollars,51298-2024-06-healthinsurance.xlsx,Table 2,false,51298,Table 2. CBO and JCT’s June 2024 Projections of Net Federal Subsidies for Health Insurance / Medicaid and CHIP / Adults made eligible for Medicaid by the ACA,fiscal_year,2029,2029,2029,19,8
Health Insurance,Adults made eligible for Medicaid by the ACA,2030,145.0,Billions of dollars,51298-2024-06-healthinsurance.xlsx,Table 2,false,51298,Table 2. CBO and JCT’s June 2024 Projections of Net Federal Subsidies for Health Insurance / Medicaid and CHIP / Adults made eligible for Medicaid by the ACA,fiscal_year,2030,2030,2030,19,9
Health Insurance,Adults made eligible for Medicaid by the ACA,2031,155.0,Billions of dollars,51298-2024-06-healthinsurance.xlsx,Table 2,false,51298,Table 2. CBO and JCT’s June 2024 Projections of Net Federal Subsidies for Health Insurance / Medicaid and CHIP / Adults made eligible for Medicaid by the ACA,fiscal_year,2031,2031,2031,19,10
Health Insurance,Adults made eligible for Medicaid by the ACA,2032,165.0,Billions of dollars,51298-2024-06-healthinsurance.xlsx,Table 2,false,51298,Table 2. CBO and JCT’s June 2024 Projections of Net Federal Subsidies for Health Insurance / Medicaid and CHIP / Adults made eligible for Medicaid by the ACA,fiscal_year,2032,2032,2032,19,11
Health Insurance,Adults made eligible for Medicaid by the ACA,2033,176.0,Billions of dollars,51298-2024-06-healthinsurance.xlsx,Table 2,false,51298,Table 2. CBO and JCT’s June 2024 Projections of Net Federal Subsidies for Health Insurance / Medicaid and CHIP / Adults made eligible for Medicaid by the ACA,fiscal_year,2033,2033,2033,19,12
Health Insurance,Adults made eligible for Medicaid by the ACA,2034,187.0,Billions of dollars,51298-2024-06-healthinsurance.xlsx,Table 2,false,51298,Table 2. CBO and JCT’s June 2024 Projections of Net Federal Subsidies for Health Insurance / Medicaid and CHIP / Adults made eligible for Medicaid by the ACA,fiscal_year,2034,2034,2034,19,13
Health Insurance,Adults otherwise eligible for Medicaid,2023,62.0,Billions of dollars,51298-2024-06-healthinsurance.xlsx,Table 2,false,51298,Table 2. CBO and JCT’s June 2024 Projections of Net Federal Subsidies for Health Insurance / Medicaid and CHIP / Adults otherwise eligible for Medicaid,fiscal_year,2023,2023,2023,20,2
Health Insurance,Adults otherwise eligible for Medicaid,2024,56.0,Billions of dollars,51298-2024-06-healthinsurance.xlsx,Table 2,false,51298,Table 2. CBO and JCT’s June 2024 Projections of Net Federal Subsidies for Health Insurance / Medicaid and CHIP / Adults otherwise eligible for Medicaid,fiscal_year,2024,2024,2024,20,3
Health Insurance,Adults otherwise eligible for Medicaid,2025,53.0,Billions of dollars,51298-2024-06-healthinsurance.xlsx,Table 2,false,51298,Table 2. CBO and JCT’s June 2024 Projections of Net Federal Subsidies for Health Insurance / Medicaid and CHIP / Adults otherwise eligible for Medicaid,fiscal_year,2025,2025,2025,20,4
Health Insurance,Adults otherwise eligible for Medicaid,2026,54.0,Billions of dollars,51298-2024-06-healthinsurance.xlsx,Table 2,false,51298,Table 2. CBO and JCT’s June 2024 Projections of Net Federal Subsidies for Health Insurance / Medicaid and CHIP / Adults otherwise eligible for Medicaid,fiscal_year,2026,2026,2026,20,5
Health Insurance,Adults otherwise eligible for Medicaid,2027,56.0,Billions of dollars,51298-2024-06-healthinsurance.xlsx,Table 2,false,51298,Table 2. CBO and JCT’s June 2024 Projections of Net Federal Subsidies for Health Insurance / Medicaid and CHIP / Adults otherwise eligible for Medicaid,fiscal_year,2027,2027,2027,20,6
Health Insurance,Adults otherwise eligible for Medicaid,2028,59.0,Billions of dollars,51298-2024-06-healthinsurance.xlsx,Table 2,false,51298,Table 2. CBO and JCT’s June 2024 Projections of Net Federal Subsidies for Health Insurance / Medicaid and CHIP / Adults otherwise eligible for Medicaid,fiscal_year,2028,2028,2028,20,7
Health Insurance,Adults otherwise eligible for Medicaid,2029,62.0,Billions of dollars,51298-2024-06-healthinsurance.xlsx,Table 2,false,51298,Table 2. CBO and JCT’s June 2024 Projections of Net Federal Subsidies for Health Insurance / Medicaid and CHIP / Adults otherwise eligible for Medicaid,fiscal_year,2029,2029,2029,20,8
Health Insurance,Adults otherwise eligible for Medicaid,2030,66.0,Billions of dollars,51298-2024-06-healthinsurance.xlsx,Table 2,false,51298,Table 2. CBO and JCT’s June 2024 Projections of Net Federal Subsidies for Health Insurance / Medicaid and CHIP / Adults otherwise eligible for Medicaid,fiscal_year,2030,2030,2030,20,9
Health Insurance,Adults otherwise eligible for Medicaid,2031,69.0,Billions of dollars,51298-2024-06-healthinsurance.xlsx,Table 2,false,51298,Table 2. CBO and JCT’s June 2024 Projections of Net Federal Subsidies for Health Insurance / Medicaid and CHIP / Adults otherwise eligible for Medicaid,fiscal_year,2031,2031,2031,20,10
Health Insurance,Adults otherwise eligible for Medicaid,2032,73.0,Billions of dollars,51298-2024-06-healthinsurance.xlsx,Table 2,false,51298,Table 2. CBO and JCT’s June 2024 Projections of Net Federal Subsidies for Health Insurance / Medicaid and CHIP / Adults otherwise eligible for Medicaid,fiscal_year,2032,2032,2032,20,11
Health Insurance,Adults otherwise eligible for Medicaid,2033,77.0,Billions of dollars,51298-2024-06-healthinsurance.xlsx,Table 2,false,51298,Table 2. CBO and JCT’s June 2024 Projections of Net Federal Subsidies for Health Insurance / Medicaid and CHIP / Adults otherwise eligible for Medicaid,fiscal_year,2033,2033,2033,20,12
Health Insurance,Adults otherwise eligible for Medicaid,2034,82.0,Billions of dollars,51298-2024-06-healthinsurance.xlsx,Table 2,false,51298,Table 2. CBO and JCT’s June 2024 Projections of Net Federal Subsidies for Health Insurance / Medicaid and CHIP / Adults otherwise eligible for Medicaid,fiscal_year,2034,2034,2034,20,13
Health Insurance,CHIP,2023,18.0,Billions of dollars,51298-2024-06-healthinsurance.xlsx,Table 2,false,51298,Table 2. CBO and JCT’s June 2024 Projections of Net Federal Subsidies for Health Insurance / Medicaid and CHIP / CHIP,fiscal_year,2023,2023,2023,21,2
Health Insurance,CHIP,2024,19.0,Billions of dollars,51298-2024-06-healthinsurance.xlsx,Table 2,false,51298,Table 2. CBO and JCT’s June 2024 Projections of Net Federal Subsidies for Health Insurance / Medicaid and CHIP / CHIP,fiscal_year,2024,2024,2024,21,3
Health Insurance,CHIP,2025,19.0,Billions of dollars,51298-2024-06-healthinsurance.xlsx,Table 2,false,51298,Table 2. CBO and JCT’s June 2024 Projections of Net Federal Subsidies for Health Insurance / Medicaid and CHIP / CHIP,fiscal_year,2025,2025,2025,21,4
Health Insurance,CHIP,2026,19.0,Billions of dollars,51298-2024-06-healthinsurance.xlsx,Table 2,false,51298,Table 2. CBO and JCT’s June 2024 Projections of Net Federal Subsidies for Health Insurance / Medicaid and CHIP / CHIP,fiscal_year,2026,2026,2026,21,5
Health Insurance,CHIP,2027,20.0,Billions of dollars,51298-2024-06-healthinsurance.xlsx,Table 2,false,51298,Table 2. CBO and JCT’s June 2024 Projections of Net Federal Subsidies for Health Insurance / Medicaid and CHIP / CHIP,fiscal_year,2027,2027,2027,21,6
Health Insurance,CHIP,2028,20.0,Billions of dollars,51298-2024-06-healthinsurance.xlsx,Table 2,false,51298,Table 2. CBO and JCT’s June 2024 Projections of Net Federal Subsidies for Health Insurance / Medicaid and CHIP / CHIP,fiscal_year,2028,2028,2028,21,7
Health Insurance,CHIP,2029,21.0,Billions of dollars,51298-2024-06-healthinsurance.xlsx,Table 2,false,51298,Table 2. CBO and JCT’s June 2024 Projections of Net Federal Subsidies for Health Insurance / Medicaid and CHIP / CHIP,fiscal_year,2029,2029,2029,21,8
Health Insurance,CHIP,2030,21.0,Billions of dollars,51298-2024-06-healthinsurance.xlsx,Table 2,false,51298,Table 2. CBO and JCT’s June 2024 Projections of Net Federal Subsidies for Health Insurance / Medicaid and CHIP / CHIP,fiscal_year,2030,2030,2030,21,9
Health Insurance,CHIP,2031,22.0,Billions of dollars,51298-2024-06-healthinsurance.xlsx,Table 2,false,51298,Table 2. CBO and JCT’s June 2024 Projections of Net Federal Subsidies for Health Insurance / Medicaid and CHIP / CHIP,fiscal_year,2031,2031,2031,21,10
Health Insurance,CHIP,2032,22.0,Billions of dollars,51298-2024-06-healthinsurance.xlsx,Table 2,false,51298,Table 2. CBO and JCT’s June 2024 Projections of Net Federal Subsidies for Health Insurance / Medicaid and CHIP / CHIP,fiscal_year,2032,2032,2032,21,11
Health Insurance,CHIP,2033,15.0,Billions of dollars,51298-2024-06-healthinsurance.xlsx,Table 2,false,51298,Table 2. CBO and JCT’s June 2024 Projections of Net Federal Subsidies for Health Insurance / Medicaid and CHIP / CHIP,fiscal_year,2033,2033,2033,21,12
Health Insurance,CHIP,2034,15.0,Billions of dollars,51298-2024-06-healthinsurance.xlsx,Table 2,false,51298,Table 2. CBO and JCT’s June 2024 Projections of Net Federal Subsidies for Health Insurance / Medicaid and CHIP / CHIP,fiscal_year,2034,2034,2034,21,13
Health Insurance,Subtotal,2023,571.0,Billions of dollars,51298-2024-06-healthinsurance.xlsx,Table 2,true,51298,Table 2. CBO and JCT’s June 2024 Projections of Net Federal Subsidies for Health Insurance / Medicaid and CHIP / Subtotal,fiscal_year,2023,2023,2023,22,2
Health Insurance,Subtotal,2024,568.0,Billions of dollars,51298-2024-06-healthinsurance.xlsx,Table 2,true,51298,Table 2. CBO and JCT’s June 2024 Projections of Net Federal Subsidies for Health Insurance / Medicaid and CHIP / Subtotal,fiscal_year,2024,2024,2024,22,3
Health Insurance,Subtotal,2025,564.0,Billions of dollars,51298-2024-06-healthinsurance.xlsx,Table 2,true,51298,Table 2. CBO and JCT’s June 2024 Projections of Net Federal Subsidies for Health Insurance / Medicaid and CHIP / Subtotal,fiscal_year,2025,2025,2025,22,4
Health Insurance,Subtotal,2026,575.0,Billions of dollars,51298-2024-06-healthinsurance.xlsx,Table 2,true,51298,Table 2. CBO and JCT’s June 2024 Projections of Net Federal Subsidies for Health Insurance / Medicaid and CHIP / Subtotal,fiscal_year,2026,2026,2026,22,5
Health Insurance,Subtotal,2027,600.0,Billions of dollars,51298-2024-06-healthinsurance.xlsx,Table 2,true,51298,Table 2. CBO and JCT’s June 2024 Projections of Net Federal Subsidies for Health Insurance / Medicaid and CHIP / Subtotal,fiscal_year,2027,2027,2027,22,6
Health Insurance,Subtotal,2028,634.0,Billions of dollars,51298-2024-06-healthinsurance.xlsx,Table 2,true,51298,Table 2. CBO and JCT’s June 2024 Projections of Net Federal Subsidies for Health Insurance / Medicaid and CHIP / Subtotal,fiscal_year,2028,2028,2028,22,7
Health Insurance,Subtotal,2029,668.0,Billions of dollars,51298-2024-06-healthinsurance.xlsx,Table 2,true,51298,Table 2. CBO and JCT’s June 2024 Projections of Net Federal Subsidies for Health Insurance / Medicaid and CHIP / Subtotal,fiscal_year,2029,2029,2029,22,8
Health Insurance,Subtotal,2030,703.0,Billions of dollars,51298-2024-06-healthinsurance.xlsx,Table 2,true,51298,Table 2. CBO and JCT’s June 2024 Projections of Net Federal Subsidies for Health Insurance / Medicaid and CHIP / Subtotal,fiscal_year,2030,2030,2030,22,9
Health Insurance,Subtotal,2031,739.0,Billions of dollars,51298-2024-06-healthinsurance.xlsx,Table 2,true,51298,Table 2. CBO and JCT’s June 2024 Projections of Net Federal Subsidies for Health Insurance / Medicaid and CHIP / Subtotal,fiscal_year,2031,2031,2031,22,10
Health Insurance,Subtotal,2032,778.0,Billions of dollars,51298-2024-06-healthinsurance.xlsx,Table 2,true,51298,Table 2. CBO and JCT’s June 2024 Projections of Net Federal Subsidies for Health Insurance / Medicaid and CHIP / Subtotal,fiscal_year,2032,2032,2032,22,11
Health Insurance,Subtotal,2033,815.0,Billions of dollars,51298-2024-06-healthinsurance.xlsx,Table 2,true,51298,Table 2. CBO and JCT’s June 2024 Projections of Net Federal Subsidies for Health Insurance / Medicaid and CHIP / Subtotal,fiscal_year,2033,2033,2033,22,12
Health Insurance,Subtotal,2034,858.0,Billions of dollars,51298-2024-06-healthinsurance.xlsx,Table 2,true,51298,Table 2. CBO and JCT’s June 2024 Projections of Net Federal Subsidies for Health Insurance / Medicaid and CHIP / Subtotal,fiscal_year,2034,2034,2034,22,13
Health Insurance,Medicare,2023,825.0,Billions of dollars,51298-2024-06-healthinsurance.xlsx,Table 2,false,51298,Table 2. CBO and JCT’s June 2024 Projections of Net Federal Subsidies for Health Insurance / Medicaid and CHIP / Medicare,fiscal_year,2023,2023,2023,23,2
Health Insurance,Medicare,2024,891.0,Billions of dollars,51298-2024-06-healthinsurance.xlsx,Table 2,false,51298,Table 2. CBO and JCT’s June 2024 Projections of Net Federal Subsidies for Health Insurance / Medicaid and CHIP / Medicare,fiscal_year,2024,2024,2024,23,3
Health Insurance,Medicare,2025,923.0,Billions of dollars,51298-2024-06-healthinsurance.xlsx,Table 2,false,51298,Table 2. CBO and JCT’s June 2024 Projections of Net Federal Subsidies for Health Insurance / Medicaid and CHIP / Medicare,fiscal_year,2025,2025,2025,23,4
Health Insurance,Medicare,2026,986.0,Billions of dollars,51298-2024-06-healthinsurance.xlsx,Table 2,false,51298,Table 2. CBO and JCT’s June 2024 Projections of Net Federal Subsidies for Health Insurance / Medicaid and CHIP / Medicare,fiscal_year,2026,2026,2026,23,5
Health Insurance,Medicare,2027,1054.0,Billions of dollars,51298-2024-06-healthinsurance.xlsx,Table 2,false,51298,Table 2. CBO and JCT’s June 2024 Projections of Net Federal Subsidies for Health Insurance / Medicaid and CHIP / Medicare,fiscal_year,2027,2027,2027,23,6
Health Insurance,Medicare,2028,1124.0,Billions of dollars,51298-2024-06-healthinsurance.xlsx,Table 2,false,51298,Table 2. CBO and JCT’s June 2024 Projections of Net Federal Subsidies for Health Insurance / Medicaid and CHIP / Medicare,fiscal_year,2028,2028,2028,23,7
Health Insurance,Medicare,2029,1201.0,Billions of dollars,51298-2024-06-healthinsurance.xlsx,Table 2,false,51298,Table 2. CBO and JCT’s June 2024 Projections of Net Federal Subsidies for Health Insurance / Medicaid and CHIP / Medicare,fiscal_year,2029,2029,2029,23,8
Health Insurance,Medicare,2030,1284.0,Billions of dollars,51298-2024-06-healthinsurance.xlsx,Table 2,false,51298,Table 2. CBO and JCT’s June 2024 Projections of Net Federal Subsidies for Health Insurance / Medicaid and CHIP / Medicare,fiscal_year,2030,2030,2030,23,9
Health Insurance,Medicare,2031,1376.0,Billions of dollars,51298-2024-06-healthinsurance.xlsx,Table 2,false,51298,Table 2. CBO and JCT’s June 2024 Projections of Net Federal Subsidies for Health Insurance / Medicaid and CHIP / Medicare,fiscal_year,2031,2031,2031,23,10
Health Insurance,Medicare,2032,1473.0,Billions of dollars,51298-2024-06-healthinsurance.xlsx,Table 2,false,51298,Table 2. CBO and JCT’s June 2024 Projections of Net Federal Subsidies for Health Insurance / Medicaid and CHIP / Medicare,fiscal_year,2032,2032,2032,23,11
Health Insurance,Medicare,2033,1595.0,Billions of dollars,51298-2024-06-healthinsurance.xlsx,Table 2,false,51298,Table 2. CBO and JCT’s June 2024 Projections of Net Federal Subsidies for Health Insurance / Medicaid and CHIP / Medicare,fiscal_year,2033,2033,2033,23,12
Health Insurance,Medicare,2034,1719.0,Billions of dollars,51298-2024-06-healthinsurance.xlsx,Table 2,false,51298,Table 2. CBO and JCT’s June 2024 Projections of Net Federal Subsidies for Health Insurance / Medicaid and CHIP / Medicare,fiscal_year,2034,2034,2034,23,13
Health Insurance,Outlays for premium tax credits,2023,70.0,Billions of dollars,51298-2024-06-healthinsurance.xlsx,Table 2,false,51298,Table 2. CBO and JCT’s June 2024 Projections of Net Federal Subsidies for Health Insurance / Premium tax credits and related spending / Outlays for premium tax credits,fiscal_year,2023,2023,2023,25,2
Health Insurance,Outlays for premium tax credits,2024,98.0,Billions of dollars,51298-2024-06-healthinsurance.xlsx,Table 2,false,51298,Table 2. CBO and JCT’s June 2024 Projections of Net Federal Subsidies for Health Insurance / Premium tax credits and related spending / Outlays for premium tax credits,fiscal_year,2024,2024,2024,25,3
Health Insurance,Outlays for premium tax credits,2025,107.0,Billions of dollars,51298-2024-06-healthinsurance.xlsx,Table 2,false,51298,Table 2. CBO and JCT’s June 2024 Projections of Net Federal Subsidies for Health Insurance / Premium tax credits and related spending / Outlays for premium tax credits,fiscal_year,2025,2025,2025,25,4
Health Insurance,Outlays for premium tax credits,2026,84.0,Billions of dollars,51298-2024-06-healthinsurance.xlsx,Table 2,false,51298,Table 2. CBO and JCT’s June 2024 Projections of Net Federal Subsidies for Health Insurance / Premium tax credits and related spending / Outlays for premium tax credits,fiscal_year,2026,2026,2026,25,5
Health Insurance,Outlays for premium tax credits,2027,86.0,Billions of dollars,51298-2024-06-healthinsurance.xlsx,Table 2,false,51298,Table 2. CBO and JCT’s June 2024 Projections of Net Federal Subsidies for Health Insurance / Premium tax credits and related spending / Outlays for premium tax credits,fiscal_year,2027,2027,2027,25,6
Health Insurance,Outlays for premium tax credits,2028,89.0,Billions of dollars,51298-2024-06-healthinsurance.xlsx,Table 2,false,51298,Table 2. CBO and JCT’s June 2024 Projections of Net Federal Subsidies for Health Insurance / Premium tax credits and related spending / Outlays for premium tax credits,fiscal_year,2028,2028,2028,25,7
Health Insurance,Outlays for premium tax credits,2029,91.0,Billions of dollars,51298-2024-06-healthinsurance.xlsx,Table 2,false,51298,Table 2. CBO and JCT’s June 2024 Projections of Net Federal Subsidies for Health Insurance / Premium tax credits and related spending / Outlays for premium tax credits,fiscal_year,2029,2029,2029,25,8
Health Insurance,Outlays for premium tax credits,2030,93.0,Billions of dollars,51298-2024-06-healthinsurance.xlsx,Table 2,false,51298,Table 2. CBO and JCT’s June 2024 Projections of Net Federal Subsidies for Health Insurance / Premium tax credits and related spending / Outlays for premium tax credits,fiscal_year,2030,2030,2030,25,9
Health Insurance,Outlays for premium tax credits,2031,97.0,Billions of dollars,51298-2024-06-healthinsurance.xlsx,Table 2,false,51298,Table 2. CBO and JCT’s June 2024 Projections of Net Federal Subsidies for Health Insurance / Premium tax credits and related spending / Outlays for premium tax credits,fiscal_year,2031,2031,2031,25,10
Health Insurance,Outlays for premium tax credits,2032,101.0,Billions of dollars,51298-2024-06-healthinsurance.xlsx,Table 2,false,51298,Table 2. CBO and JCT’s June 2024 Projections of Net Federal Subsidies for Health Insurance / Premium tax credits and related spending / Outlays for premium tax credits,fiscal_year,2032,2032,2032,25,11
Health Insurance,Outlays for premium tax credits,2033,107.0,Billions of dollars,51298-2024-06-healthinsurance.xlsx,Table 2,false,51298,Table 2. CBO and JCT’s June 2024 Projections of Net Federal Subsidies for Health Insurance / Premium tax credits and related spending / Outlays for premium tax credits,fiscal_year,2033,2033,2033,25,12
Health Insurance,Outlays for premium tax credits,2034,111.0,Billions of dollars,51298-2024-06-healthinsurance.xlsx,Table 2,false,51298,Table 2. CBO and JCT’s June 2024 Projections of Net Federal Subsidies for Health Insurance / Premium tax credits and related spending / Outlays for premium tax credits,fiscal_year,2034,2034,2034,25,13
Health Insurance,Revenue reductions from premium tax credits,2024,16.0,Billions of dollars,51298-2024-06-healthinsurance.xlsx,Table 2,false,51298,Table 2. CBO and JCT’s June 2024 Projections of Net Federal Subsidies for Health Insurance / Premium tax credits and related spending / Revenue reductions from premium tax credits,fiscal_year,2024,2024,2024,26,3
Health Insurance,Revenue reductions from premium tax credits,2025,22.0,Billions of dollars,51298-2024-06-healthinsurance.xlsx,Table 2,false,51298,Table 2. CBO and JCT’s June 2024 Projections of Net Federal Subsidies for Health Insurance / Premium tax credits and related spending / Revenue reductions from premium tax credits,fiscal_year,2025,2025,2025,26,4
Health Insurance,Revenue reductions from premium tax credits,2026,24.0,Billions of dollars,51298-2024-06-healthinsurance.xlsx,Table 2,false,51298,Table 2. CBO and JCT’s June 2024 Projections of Net Federal Subsidies for Health Insurance / Premium tax credits and related spending / Revenue reductions from premium tax credits,fiscal_year,2026,2026,2026,26,5
Health Insurance,Revenue reductions from premium tax credits,2027,15.0,Billions of dollars,51298-2024-06-healthinsurance.xlsx,Table 2,false,51298,Table 2. CBO and JCT’s June 2024 Projections of Net Federal Subsidies for Health Insurance / Premium tax credits and related spending / Revenue reductions from premium tax credits,fiscal_year,2027,2027,2027,26,6
Health Insurance,Revenue reductions from premium tax credits,2028,15.0,Billions of dollars,51298-2024-06-healthinsurance.xlsx,Table 2,false,51298,Table 2. CBO and JCT’s June 2024 Projections of Net Federal Subsidies for Health Insurance / Premium tax credits and related spending / Revenue reductions from premium tax credits,fiscal_year,2028,2028,2028,26,7
Health Insurance,Revenue reductions from premium tax credits,2029,15.0,Billions of dollars,51298-2024-06-healthinsurance.xlsx,Table 2,false,51298,Table 2. CBO and JCT’s June 2024 Projections of Net Federal Subsidies for Health Insurance / Premium tax credits and related spending / Revenue reductions from premium tax credits,fiscal_year,2029,2029,2029,26,8
Health Insurance,Revenue reductions from premium tax credits,2030,16.0,Billions of dollars,51298-2024-06-healthinsurance.xlsx,Table 2,false,51298,Table 2. CBO and JCT’s June 2024 Projections of Net Federal Subsidies for Health Insurance / Premium tax credits and related spending / Revenue reductions from premium tax credits,fiscal_year,2030,2030,2030,26,9
Health Insurance,Revenue reductions from premium tax credits,2031,16.0,Billions of dollars,51298-2024-06-healthinsurance.xlsx,Table 2,false,51298,Table 2. CBO and JCT’s June 2024 Projections of Net Federal Subsidies for Health Insurance / Premium tax credits and related spending / Revenue reductions from premium tax credits,fiscal_year,2031,2031,2031,26,10
Health Insurance,Revenue reductions from premium tax credits,2032,17.0,Billions of dollars,51298-2024-06-healthinsurance.xlsx,Table 2,false,51298,Table 2. CBO and JCT’s June 2024 Projections of Net Federal Subsidies for Health Insurance / Premium tax credits and related spending / Revenue reductions from premium tax credits,fiscal_year,2032,2032,2032,26,11
Health Insurance,Revenue reductions from premium tax credits,2033,18.0,Billions of dollars,51298-2024-06-healthinsurance.xlsx,Table 2,false,51298,Table 2. CBO and JCT’s June 2024 Projections of Net Federal Subsidies for Health Insurance / Premium tax credits and related spending / Revenue reductions from premium tax credits,fiscal_year,2033,2033,2033,26,12
Health Insurance,Revenue reductions from premium tax credits,2034,19.0,Billions of dollars,51298-2024-06-healthinsurance.xlsx,Table 2,false,51298,Table 2. CBO and JCT’s June 2024 Projections of Net Federal Subsidies for Health Insurance / Premium tax credits and related spending / Revenue reductions from premium tax credits,fiscal_year,2034,2034,2034,26,13
Health Insurance,Outlays for 1332 waivers and the Basic Health Program,2023,12.0,Billions of dollars,51298-2024-06-healthinsurance.xlsx,Table 2,false,51298,Table 2. CBO and JCT’s June 2024 Projections of Net Federal Subsidies for Health Insurance / Premium tax credits and related spending / Outlays for 1332 waivers and the Basic Health Program,fiscal_year,2023,2023,2023,27,2
Health Insurance,Outlays for 1332 waivers and the Basic Health Program,2024,16.0,Billions of dollars,51298-2024-06-healthinsurance.xlsx,Table 2,false,51298,Table 2. CBO and JCT’s June 2024 Projections of Net Federal Subsidies for Health Insurance / Premium tax credits and related spending / Outlays for 1332 waivers and the Basic Health Program,fiscal_year,2024,2024,2024,27,3
Health Insurance,Outlays for 1332 waivers and the Basic Health Program,2025,16.0,Billions of dollars,51298-2024-06-healthinsurance.xlsx,Table 2,false,51298,Table 2. CBO and JCT’s June 2024 Projections of Net Federal Subsidies for Health Insurance / Premium tax credits and related spending / Outlays for 1332 waivers and the Basic Health Program,fiscal_year,2025,2025,2025,27,4
Health Insurance,Outlays for 1332 waivers and the Basic Health Program,2026,16.0,Billions of dollars,51298-2024-06-healthinsurance.xlsx,Table 2,false,51298,Table 2. CBO and JCT’s June 2024 Projections of Net Federal Subsidies for Health Insurance / Premium tax credits and related spending / Outlays for 1332 waivers and the Basic Health Program,fiscal_year,2026,2026,2026,27,5
Health Insurance,Outlays for 1332 waivers and the Basic Health Program,2027,17.0,Billions of dollars,51298-2024-06-healthinsurance.xlsx,Table 2,false,51298,Table 2. CBO and JCT’s June 2024 Projections of Net Federal Subsidies for Health Insurance / Premium tax credits and related spending / Outlays for 1332 waivers and the Basic Health Program,fiscal_year,2027,2027,2027,27,6
Health Insurance,Outlays for 1332 waivers and the Basic Health Program,2028,18.0,Billions of dollars,51298-2024-06-healthinsurance.xlsx,Table 2,false,51298,Table 2. CBO and JCT’s June 2024 Projections of Net Federal Subsidies for Health Insurance / Premium tax credits and related spending / Outlays for 1332 waivers and the Basic Health Program,fiscal_year,2028,2028,2028,27,7
Health Insurance,Outlays for 1332 waivers and the Basic Health Program,2029,18.0,Billions of dollars,51298-2024-06-healthinsurance.xlsx,Table 2,false,51298,Table 2. CBO and JCT’s June 2024 Projections of Net Federal Subsidies for Health Insurance / Premium tax credits and related spending / Outlays for 1332 waivers and the Basic Health Program,fiscal_year,2029,2029,2029,27,8
Health Insurance,Outlays for 1332 waivers and the Basic Health Program,2030,19.0,Billions of dollars,51298-2024-06-healthinsurance.xlsx,Table 2,false,51298,Table 2. CBO and JCT’s June 2024 Projections of Net Federal Subsidies for Health Insurance / Premium tax credits and related spending / Outlays for 1332 waivers and the Basic Health Program,fiscal_year,2030,2030,2030,27,9
Health Insurance,Outlays for 1332 waivers and the Basic Health Program,2031,20.0,Billions of dollars,51298-2024-06-healthinsurance.xlsx,Table 2,false,51298,Table 2. CBO and JCT’s June 2024 Projections of Net Federal Subsidies for Health Insurance / Premium tax credits and related spending / Outlays for 1332 waivers and the Basic Health Program,fiscal_year,2031,2031,2031,27,10
Health Insurance,Outlays for 1332 waivers and the Basic Health Program,2032,21.0,Billions of dollars,51298-2024-06-healthinsurance.xlsx,Table 2,false,51298,Table 2. CBO and JCT’s June 2024 Projections of Net Federal Subsidies for Health Insurance / Premium tax credits and related spending / Outlays for 1332 waivers and the Basic Health Program,fiscal_year,2032,2032,2032,27,11
Health Insurance,Outlays for 1332 waivers and the Basic Health Program,2033,22.0,Billions of dollars,51298-2024-06-healthinsurance.xlsx,Table 2,false,51298,Table 2. CBO and JCT’s June 2024 Projections of Net Federal Subsidies for Health Insurance / Premium tax credits and related spending / Outlays for 1332 waivers and the Basic Health Program,fiscal_year,2033,2033,2033,27,12
Health Insurance,Outlays for 1332 waivers and the Basic Health Program,2034,9.0,Billions of dollars,51298-2024-06-healthinsurance.xlsx,Table 2,false,51298,Table 2. CBO and JCT’s June 2024 Projections of Net Federal Subsidies for Health Insurance / Premium tax credits and related spending / Outlays for 1332 waivers and the Basic Health Program,fiscal_year,2034,2034,2034,27,13
Health Insurance,Collections for risk adjustment,2023,-9.0,Billions of dollars,51298-2024-06-healthinsurance.xlsx,Table 2,false,51298,Table 2. CBO and JCT’s June 2024 Projections of Net Federal Subsidies for Health Insurance / Premium tax credits and related spending / Collections for risk adjustment,fiscal_year,2023,2023,2023,28,2
Health Insurance,Collections for risk adjustment,2024,-11.0,Billions of dollars,51298-2024-06-healthinsurance.xlsx,Table 2,false,51298,Table 2. CBO and JCT’s June 2024 Projections of Net Federal Subsidies for Health Insurance / Premium tax credits and related spending / Collections for risk adjustment,fiscal_year,2024,2024,2024,28,3
Health Insurance,Collections for risk adjustment,2025,-14.0,Billions of dollars,51298-2024-06-healthinsurance.xlsx,Table 2,false,51298,Table 2. CBO and JCT’s June 2024 Projections of Net Federal Subsidies for Health Insurance / Premium tax credits and related spending / Collections for risk adjustment,fiscal_year,2025,2025,2025,28,4
Health Insurance,Collections for risk adjustment,2026,-16.0,Billions of dollars,51298-2024-06-healthinsurance.xlsx,Table 2,false,51298,Table 2. CBO and JCT’s June 2024 Projections of Net Federal Subsidies for Health Insurance / Premium tax credits and related spending / Collections for risk adjustment,fiscal_year,2026,2026,2026,28,5
Health Insurance,Collections for risk adjustment,2027,-15.0,Billions of dollars,51298-2024-06-healthinsurance.xlsx,Table 2,false,51298,Table 2. CBO and JCT’s June 2024 Projections of Net Federal Subsidies for Health Insurance / Premium tax credits and related spending / Collections for risk adjustment,fiscal_year,2027,2027,2027,28,6
Health Insurance,Collections for risk adjustment,2028,-15.0,Billions of dollars,51298-2024-06-healthinsurance.xlsx,Table 2,false,51298,Table 2. CBO and JCT’s June 2024 Projections of Net Federal Subsidies for Health Insurance / Premium tax credits and related spending / Collections for risk adjustment,fiscal_year,2028,2028,2028,28,7
Health Insurance,Collections for risk adjustment,2029,-15.0,Billions of dollars,51298-2024-06-healthinsurance.xlsx,Table 2,false,51298,Table 2. CBO and JCT’s June 2024 Projections of Net Federal Subsidies for Health Insurance / Premium tax credits and related spending / Collections for risk adjustment,fiscal_year,2029,2029,2029,28,8
Health Insurance,Collections for risk adjustment,2030,-16.0,Billions of dollars,51298-2024-06-healthinsurance.xlsx,Table 2,false,51298,Table 2. CBO and JCT’s June 2024 Projections of Net Federal Subsidies for Health Insurance / Premium tax credits and related spending / Collections for risk adjustment,fiscal_year,2030,2030,2030,28,9
Health Insurance,Collections for risk adjustment,2031,-16.0,Billions of dollars,51298-2024-06-healthinsurance.xlsx,Table 2,false,51298,Table 2. CBO and JCT’s June 2024 Projections of Net Federal Subsidies for Health Insurance / Premium tax credits and related spending / Collections for risk adjustment,fiscal_year,2031,2031,2031,28,10
Health Insurance,Collections for risk adjustment,2032,-17.0,Billions of dollars,51298-2024-06-healthinsurance.xlsx,Table 2,false,51298,Table 2. CBO and JCT’s June 2024 Projections of Net Federal Subsidies for Health Insurance / Premium tax credits and related spending / Collections for risk adjustment,fiscal_year,2032,2032,2032,28,11
Health Insurance,Collections for risk adjustment,2033,-18.0,Billions of dollars,51298-2024-06-healthinsurance.xlsx,Table 2,false,51298,Table 2. CBO and JCT’s June 2024 Projections of Net Federal Subsidies for Health Insurance / Premium tax credits and related spending / Collections for risk adjustment,fiscal_year,2033,2033,2033,28,12
Health Insurance,Collections for risk adjustment,2034,-19.0,Billions of dollars,51298-2024-06-healthinsurance.xlsx,Table 2,false,51298,Table 2. CBO and JCT’s June 2024 Projections of Net Federal Subsidies for Health Insurance / Premium tax credits and related spending / Collections for risk adjustment,fiscal_year,2034,2034,2034,28,13
Health Insurance,Payments for risk adjustment,2023,8.0,Billions of dollars,51298-2024-06-healthinsurance.xlsx,Table 2,false,51298,Table 2. CBO and JCT’s June 2024 Projections of Net Federal Subsidies for Health Insurance / Premium tax credits and related spending / Payments for risk adjustment,fiscal_year,2023,2023,2023,29,2
Health Insurance,Payments for risk adjustment,2024,10.0,Billions of dollars,51298-2024-06-healthinsurance.xlsx,Table 2,false,51298,Table 2. CBO and JCT’s June 2024 Projections of Net Federal Subsidies for Health Insurance / Premium tax credits and related spending / Payments for risk adjustment,fiscal_year,2024,2024,2024,29,3
Health Insurance,Payments for risk adjustment,2025,12.0,Billions of dollars,51298-2024-06-healthinsurance.xlsx,Table 2,false,51298,Table 2. CBO and JCT’s June 2024 Projections of Net Federal Subsidies for Health Insurance / Premium tax credits and related spending / Payments for risk adjustment,fiscal_year,2025,2025,2025,29,4
Health Insurance,Payments for risk adjustment,2026,15.0,Billions of dollars,51298-2024-06-healthinsurance.xlsx,Table 2,false,51298,Table 2. CBO and JCT’s June 2024 Projections of Net Federal Subsidies for Health Insurance / Premium tax credits and related spending / Payments for risk adjustment,fiscal_year,2026,2026,2026,29,5
Health Insurance,Payments for risk adjustment,2027,16.0,Billions of dollars,51298-2024-06-healthinsurance.xlsx,Table 2,false,51298,Table 2. CBO and JCT’s June 2024 Projections of Net Federal Subsidies for Health Insurance / Premium tax credits and related spending / Payments for risk adjustment,fiscal_year,2027,2027,2027,29,6
Health Insurance,Payments for risk adjustment,2028,15.0,Billions of dollars,51298-2024-06-healthinsurance.xlsx,Table 2,false,51298,Table 2. CBO and JCT’s June 2024 Projections of Net Federal Subsidies for Health Insurance / Premium tax credits and related spending / Payments for risk adjustment,fiscal_year,2028,2028,2028,29,7
Health Insurance,Payments for risk adjustment,2029,15.0,Billions of dollars,51298-2024-06-healthinsurance.xlsx,Table 2,false,51298,Table 2. CBO and JCT’s June 2024 Projections of Net Federal Subsidies for Health Insurance / Premium tax credits and related spending / Payments for risk adjustment,fiscal_year,2029,2029,2029,29,8
Health Insurance,Payments for risk adjustment,2030,15.0,Billions of dollars,51298-2024-06-healthinsurance.xlsx,Table 2,false,51298,Table 2. CBO and JCT’s June 2024 Projections of Net Federal Subsidies for Health Insurance / Premium tax credits and related spending / Payments for risk adjustment,fiscal_year,2030,2030,2030,29,9
Health Insurance,Payments for risk adjustment,2031,16.0,Billions of dollars,51298-2024-06-healthinsurance.xlsx,Table 2,false,51298,Table 2. CBO and JCT’s June 2024 Projections of Net Federal Subsidies for Health Insurance / Premium tax credits and related spending / Payments for risk adjustment,fiscal_year,2031,2031,2031,29,10
Health Insurance,Payments for risk adjustment,2032,17.0,Billions of dollars,51298-2024-06-healthinsurance.xlsx,Table 2,false,51298,Table 2. CBO and JCT’s June 2024 Projections of Net Federal Subsidies for Health Insurance / Premium tax credits and related spending / Payments for risk adjustment,fiscal_year,2032,2032,2032,29,11
Health Insurance,Payments for risk adjustment,2033,18.0,Billions of dollars,51298-2024-06-healthinsurance.xlsx,Table 2,false,51298,Table 2. CBO and JCT’s June 2024 Projections of Net Federal Subsidies for Health Insurance / Premium tax credits and related spending / Payments for risk adjustment,fiscal_year,2033,2033,2033,29,12
Health Insurance,Payments for risk adjustment,2034,18.0,Billions of dollars,51298-2024-06-healthinsurance.xlsx,Table 2,false,51298,Table 2. CBO and JCT’s June 2024 Projections of Net Federal Subsidies for Health Insurance / Premium tax credits and related spending / Payments for risk adjustment,fiscal_year,2034,2034,2034,29,13
Health Insurance,Subtotal,2024,129.0,Billions of dollars,51298-2024-06-healthinsurance.xlsx,Table 2,true,51298,Table 2. CBO and JCT’s June 2024 Projections of Net Federal Subsidies for Health Insurance / Premium tax credits and related spending / Subtotal,fiscal_year,2024,2024,2024,30,3
Health Insurance,Subtotal,2025,143.0,Billions of dollars,51298-2024-06-healthinsurance.xlsx,Table 2,true,51298,Table 2. CBO and JCT’s June 2024 Projections of Net Federal Subsidies for Health Insurance / Premium tax credits and related spending / Subtotal,fiscal_year,2025,2025,2025,30,4
Health Insurance,Subtotal,2026,123.0,Billions of dollars,51298-2024-06-healthinsurance.xlsx,Table 2,true,51298,Table 2. CBO and JCT’s June 2024 Projections of Net Federal Subsidies for Health Insurance / Premium tax credits and related spending / Subtotal,fiscal_year,2026,2026,2026,30,5
Health Insurance,Subtotal,2027,118.0,Billions of dollars,51298-2024-06-healthinsurance.xlsx,Table 2,true,51298,Table 2. CBO and JCT’s June 2024 Projections of Net Federal Subsidies for Health Insurance / Premium tax credits and related spending / Subtotal,fiscal_year,2027,2027,2027,30,6
Health Insurance,Subtotal,2028,122.0,Billions of dollars,51298-2024-06-healthinsurance.xlsx,Table 2,true,51298,Table 2. CBO and JCT’s June 2024 Projections of Net Federal Subsidies for Health Insurance / Premium tax credits and related spending / Subtotal,fiscal_year,2028,2028,2028,30,7
Health Insurance,Subtotal,2029,125.0,Billions of dollars,51298-2024-06-healthinsurance.xlsx,Table 2,true,51298,Table 2. CBO and JCT’s June 2024 Projections of Net Federal Subsidies for Health Insurance / Premium tax credits and related spending / Subtotal,fiscal_year,2029,2029,2029,30,8
Health Insurance,Subtotal,2030,128.0,Billions of dollars,51298-2024-06-healthinsurance.xlsx,Table 2,true,51298,Table 2. CBO and JCT’s June 2024 Projections of Net Federal Subsidies for Health Insurance / Premium tax credits and related spending / Subtotal,fiscal_year,2030,2030,2030,30,9
Health Insurance,Subtotal,2031,133.0,Billions of dollars,51298-2024-06-healthinsurance.xlsx,Table 2,true,51298,Table 2. CBO and JCT’s June 2024 Projections of Net Federal Subsidies for Health Insurance / Premium tax credits and related spending / Subtotal,fiscal_year,2031,2031,2031,30,10
Health Insurance,Subtotal,2032,139.0,Billions of dollars,51298-2024-06-healthinsurance.xlsx,Table 2,true,51298,Table 2. CBO and JCT’s June 2024 Projections of Net Federal Subsidies for Health Insurance / Premium tax credits and related spending / Subtotal,fiscal_year,2032,2032,2032,30,11
Health Insurance,Subtotal,2033,147.0,Billions of dollars,51298-2024-06-healthinsurance.xlsx,Table 2,true,51298,Table 2. CBO and JCT’s June 2024 Projections of Net Federal Subsidies for Health Insurance / Premium tax credits and related spending / Subtotal,fiscal_year,2033,2033,2033,30,12
Health Insurance,Subtotal,2034,138.0,Billions of dollars,51298-2024-06-healthinsurance.xlsx,Table 2,true,51298,Table 2. CBO and JCT’s June 2024 Projections of Net Federal Subsidies for Health Insurance / Premium tax credits and related spending / Subtotal,fiscal_year,2034,2034,2034,30,13
Health Insurance,Other federal subsidies associated with supplemental or partial benefits,2024,42.0,Billions of dollars,51298-2024-06-healthinsurance.xlsx,Table 2,false,51298,Table 2. CBO and JCT’s June 2024 Projections of Net Federal Subsidies for Health Insurance / Premium tax credits and related spending / Other federal subsidies associated with supplemental or partial benefits,fiscal_year,2024,2024,2024,31,3
Health Insurance,Other federal subsidies associated with supplemental or partial benefits,2025,44.0,Billions of dollars,51298-2024-06-healthinsurance.xlsx,Table 2,false,51298,Table 2. CBO and JCT’s June 2024 Projections of Net Federal Subsidies for Health Insurance / Premium tax credits and related spending / Other federal subsidies associated with supplemental or partial benefits,fiscal_year,2025,2025,2025,31,4
Health Insurance,Other federal subsidies associated with supplemental or partial benefits,2026,48.0,Billions of dollars,51298-2024-06-healthinsurance.xlsx,Table 2,false,51298,Table 2. CBO and JCT’s June 2024 Projections of Net Federal Subsidies for Health Insurance / Premium tax credits and related spending / Other federal subsidies associated with supplemental or partial benefits,fiscal_year,2026,2026,2026,31,5
Health Insurance,Other federal subsidies associated with supplemental or partial benefits,2027,52.0,Billions of dollars,51298-2024-06-healthinsurance.xlsx,Table 2,false,51298,Table 2. CBO and JCT’s June 2024 Projections of Net Federal Subsidies for Health Insurance / Premium tax credits and related spending / Other federal subsidies associated with supplemental or partial benefits,fiscal_year,2027,2027,2027,31,6
Health Insurance,Other federal subsidies associated with supplemental or partial benefits,2028,55.0,Billions of dollars,51298-2024-06-healthinsurance.xlsx,Table 2,false,51298,Table 2. CBO and JCT’s June 2024 Projections of Net Federal Subsidies for Health Insurance / Premium tax credits and related spending / Other federal subsidies associated with supplemental or partial benefits,fiscal_year,2028,2028,2028,31,7
Health Insurance,Other federal subsidies associated with supplemental or partial benefits,2029,58.0,Billions of dollars,51298-2024-06-healthinsurance.xlsx,Table 2,false,51298,Table 2. CBO and JCT’s June 2024 Projections of Net Federal Subsidies for Health Insurance / Premium tax credits and related spending / Other federal subsidies associated with supplemental or partial benefits,fiscal_year,2029,2029,2029,31,8
Health Insurance,Other federal subsidies associated with supplemental or partial benefits,2030,62.0,Billions of dollars,51298-2024-06-healthinsurance.xlsx,Table 2,false,51298,Table 2. CBO and JCT’s June 2024 Projections of Net Federal Subsidies for Health Insurance / Premium tax credits and related spending / Other federal subsidies associated with supplemental or partial benefits,fiscal_year,2030,2030,2030,31,9
Health Insurance,Other federal subsidies associated with supplemental or partial benefits,2031,66.0,Billions of dollars,51298-2024-06-healthinsurance.xlsx,Table 2,false,51298,Table 2. CBO and JCT’s June 2024 Projections of Net Federal Subsidies for Health Insurance / Premium tax credits and related spending / Other federal subsidies associated with supplemental or partial benefits,fiscal_year,2031,2031,2031,31,10
Health Insurance,Other federal subsidies associated with supplemental or partial benefits,2032,69.0,Billions of dollars,51298-2024-06-healthinsurance.xlsx,Table 2,false,51298,Table 2. CBO and JCT’s June 2024 Projections of Net Federal Subsidies for Health Insurance / Premium tax credits and related spending / Other federal subsidies associated with supplemental or partial benefits,fiscal_year,2032,2032,2032,31,11
Health Insurance,Other federal subsidies associated with supplemental or partial benefits,2033,74.0,Billions of dollars,51298-2024-06-healthinsurance.xlsx,Table 2,false,51298,Table 2. CBO and JCT’s June 2024 Projections of Net Federal Subsidies for Health Insurance / Premium tax credits and related spending / Other federal subsidies associated with supplemental or partial benefits,fiscal_year,2033,2033,2033,31,12
Health Insurance,Other federal subsidies associated with supplemental or partial benefits,2034,78.0,Billions of dollars,51298-2024-06-healthinsurance.xlsx,Table 2,false,51298,Table 2. CBO and JCT’s June 2024 Projections of Net Federal Subsidies for Health Insurance / Premium tax credits and related spending / Other federal subsidies associated with supplemental or partial benefits,fiscal_year,2034,2034,2034,31,13
Health Insurance,Net subsidies,2024,2019.0,Billions of dollars,51298-2024-06-healthinsurance.xlsx,Table 2,false,51298,Table 2. CBO and JCT’s June 2024 Projections of Net Federal Subsidies for Health Insurance / Premium tax credits and related spending / Net subsidies,fiscal_year,2024,2024,2024,32,3
Health Insurance,Net subsidies,2025,2093.0,Billions of dollars,51298-2024-06-healthinsurance.xlsx,Table 2,false,51298,Table 2. CBO and JCT’s June 2024 Projections of Net Federal Subsidies for Health Insurance / Premium tax credits and related spending / Net subsidies,fiscal_year,2025,2025,2025,32,4
Health Insurance,Net subsidies,2026,2216.0,Billions of dollars,51298-2024-06-healthinsurance.xlsx,Table 2,false,51298,Table 2. CBO and JCT’s June 2024 Projections of Net Federal Subsidies for Health Insurance / Premium tax credits and related spending / Net subsidies,fiscal_year,2026,2026,2026,32,5
Health Insurance,Net subsidies,2027,2350.0,Billions of dollars,51298-2024-06-healthinsurance.xlsx,Table 2,false,51298,Table 2. CBO and JCT’s June 2024 Projections of Net Federal Subsidies for Health Insurance / Premium tax credits and related spending / Net subsidies,fiscal_year,2027,2027,2027,32,6
Health Insurance,Net subsidies,2028,2485.0,Billions of dollars,51298-2024-06-healthinsurance.xlsx,Table 2,false,51298,Table 2. CBO and JCT’s June 2024 Projections of Net Federal Subsidies for Health Insurance / Premium tax credits and related spending / Net subsidies,fiscal_year,2028,2028,2028,32,7
Health Insurance,Net subsidies,2029,2627.0,Billions of dollars,51298-2024-06-healthinsurance.xlsx,Table 2,false,51298,Table 2. CBO and JCT’s June 2024 Projections of Net Federal Subsidies for Health Insurance / Premium tax credits and related spending / Net subsidies,fiscal_year,2029,2029,2029,32,8
Health Insurance,Net subsidies,2030,2780.0,Billions of dollars,51298-2024-06-healthinsurance.xlsx,Table 2,false,51298,Table 2. CBO and JCT’s June 2024 Projections of Net Federal Subsidies for Health Insurance / Premium tax credits and related spending / Net subsidies,fiscal_year,2030,2030,2030,32,9
Health Insurance,Net subsidies,2031,2946.0,Billions of dollars,51298-2024-06-healthinsurance.xlsx,Table 2,false,51298,Table 2. CBO and JCT’s June 2024 Projections of Net Federal Subsidies for Health Insurance / Premium tax credits and related spending / Net subsidies,fiscal_year,2031,2031,2031,32,10
Health Insurance,Net subsidies,2032,3122.0,Billions of dollars,51298-2024-06-healthinsurance.xlsx,Table 2,false,51298,Table 2. CBO and JCT’s June 2024 Projections of Net Federal Subsidies for Health Insurance / Premium tax credits and related spending / Net subsidies,fiscal_year,2032,2032,2032,32,11
Health Insurance,Net subsidies,2033,3325.0,Billions of dollars,51298-2024-06-healthinsurance.xlsx,Table 2,false,51298,Table 2. CBO and JCT’s June 2024 Projections of Net Federal Subsidies for Health Insurance / Premium tax credits and related spending / Net subsidies,fiscal_year,2033,2033,2033,32,12
Health Insurance,Net subsidies,2034,3518.0,Billions of dollars,51298-2024-06-healthinsurance.xlsx,Table 2,false,51298,Table 2. CBO and JCT’s June 2024 Projections of Net Federal Subsidies for Health Insurance / Premium tax credits and related spending / Net subsidies,fiscal_year,2034,2034,2034,32,13
Health Insurance,Net subsidies as a percentage of GDP,2024,7.1,Billions of dollars,51298-2024-06-healthinsurance.xlsx,Table 2,false,51298,Table 2. CBO and JCT’s June 2024 Projections of Net Federal Subsidies for Health Insurance / Memorandum: / Net subsidies as a percentage of GDP,fiscal_year,2024,2024,2024,34,3
Health Insurance,Net subsidies as a percentage of GDP,2025,7.0,Billions of dollars,51298-2024-06-healthinsurance.xlsx,Table 2,false,51298,Table 2. CBO and JCT’s June 2024 Projections of Net Federal Subsidies for Health Insurance / Memorandum: / Net subsidies as a percentage of GDP,fiscal_year,2025,2025,2025,34,4
Health Insurance,Net subsidies as a percentage of GDP,2026,7.2,Billions of dollars,51298-2024-06-healthinsurance.xlsx,Table 2,false,51298,Table 2. CBO and JCT’s June 2024 Projections of Net Federal Subsidies for Health Insurance / Memorandum: / Net subsidies as a percentage of GDP,fiscal_year,2026,2026,2026,34,5
Health Insurance,Net subsidies as a percentage of GDP,2027,7.4,Billions of dollars,51298-2024-06-healthinsurance.xlsx,Table 2,false,51298,Table 2. CBO and JCT’s June 2024 Projections of Net Federal Subsidies for Health Insurance / Memorandum: / Net subsidies as a percentage of GDP,fiscal_year,2027,2027,2027,34,6
Health Insurance,Net subsidies as a percentage of GDP,2028,7.5,Billions of dollars,51298-2024-06-healthinsurance.xlsx,Table 2,false,51298,Table 2. CBO and JCT’s June 2024 Projections of Net Federal Subsidies for Health Insurance / Memorandum: / Net subsidies as a percentage of GDP,fiscal_year,2028,2028,2028,34,7
Health Insurance,Net subsidies as a percentage of GDP,2029,7.6,Billions of dollars,51298-2024-06-healthinsurance.xlsx,Table 2,false,51298,Table 2. CBO and JCT’s June 2024 Projections of Net Federal Subsidies for Health Insurance / Memorandum: / Net subsidies as a percentage of GDP,fiscal_year,2029,2029,2029,34,8
Health Insurance,Net subsidies as a percentage of GDP,2030,7.8,Billions of dollars,51298-2024-06-healthinsurance.xlsx,Table 2,false,51298,Table 2. CBO and JCT’s June 2024 Projections of Net Federal Subsidies for Health Insurance / Memorandum: / Net subsidies as a percentage of GDP,fiscal_year,2030,2030,2030,34,9
Health Insurance,Net subsidies as a percentage of GDP,2031,8.0,Billions of dollars,51298-2024-06-healthinsurance.xlsx,Table 2,false,51298,Table 2. CBO and JCT’s June 2024 Projections of Net Federal Subsidies for Health Insurance / Memorandum: / Net subsidies as a percentage of GDP,fiscal_year,2031,2031,2031,34,10
Health Insurance,Net subsidies as a percentage of GDP,2032,8.1,Billions of dollars,51298-2024-06-healthinsurance.xlsx,Table 2,false,51298,Table 2. CBO and JCT’s June 2024 Projections of Net Federal Subsidies for Health Insurance / Memorandum: / Net subsidies as a percentage of GDP,fiscal_year,2032,2032,2032,34,11
Health Insurance,Net subsidies as a percentage of GDP,2033,8.3,Billions of dollars,51298-2024-06-healthinsurance.xlsx,Table 2,false,51298,Table 2. CBO and JCT’s June 2024 Projections of Net Federal Subsidies for Health Insurance / Memorandum: / Net subsidies as a percentage of GDP,fiscal_year,2033,2033,2033,34,12
Health Insurance,Net subsidies as a percentage of GDP,2034,8.5,Billions of dollars,51298-2024-06-healthinsurance.xlsx,Table 2,false,51298,Table 2. CBO and JCT’s June 2024 Projections of Net Federal Subsidies for Health Insurance / Memorandum: / Net subsidies as a percentage of GDP,fiscal_year,2034,2034,2034,34,13
