program,category,fiscal_year,value,unit,source_file,source_sheet,is_total,program_id,category_path,period_type,period_start_year,period_end_year,period_label,source_row,source_column
Health Insurance,Total Population Under Age 65,2023,270.7,Millions of people,51298-2023-05-healthinsurance.xlsx,Table 1,true,51298,Table 1. Health Insurance Coverage for People Under Age 65 / Total Population Under Age 65,fiscal_year,2023,2023,2023,9,3
Health Insurance,Total Population Under Age 65,2024,270.90000000000003,Millions of people,51298-2023-05-healthinsurance.xlsx,Table 1,true,51298,Table 1. Health Insurance Coverage for People Under Age 65 / Total Population Under Age 65,fiscal_year,2024,2024,2024,9,4
Health Insurance,Total Population Under Age 65,2025,271.0,Millions of people,51298-2023-05-healthinsurance.xlsx,Table 1,true,51298,Table 1. Health Insurance Coverage for People Under Age 65 / Total Population Under Age 65,fiscal_year,2025,2025,2025,9,5
Health Insurance,Total Population Under Age 65,2026,270.90000000000003,Millions of people,51298-2023-05-healthinsurance.xlsx,Table 1,true,51298,Table 1. Health Insurance Coverage for People Under Age 65 / Total Population Under Age 65,fiscal_year,2026,2026,2026,9,6
Health Insurance,Total Population Under Age 65,2027,270.8,Millions of people,51298-2023-05-healthinsurance.xlsx,Table 1,true,51298,Table 1. Health Insurance Coverage for People Under Age 65 / Total Population Under Age 65,fiscal_year,2027,2027,2027,9,7
Health Insurance,Total Population Under Age 65,2028,270.90000000000003,Millions of people,51298-2023-05-healthinsurance.xlsx,Table 1,true,51298,Table 1. Health Insurance Coverage for People Under Age 65 / Total Population Under Age 65,fiscal_year,2028,2028,2028,9,8
Health Insurance,Total Population Under Age 65,2029,271.0,Millions of people,51298-2023-05-healthinsurance.xlsx,Table 1,true,51298,Table 1. Health Insurance Coverage for People Under Age 65 / Total Population Under Age 65,fiscal_year,2029,2029,2029,9,9
Health Insurance,Total Population Under Age 65,2030,271.2,Millions of people,51298-2023-05-healthinsurance.xlsx,Table 1,true,51298,Table 1. Health Insurance Coverage for People Under Age 65 / Total Population Under Age 65,fiscal_year,2030,2030,2030,9,10
Health Insurance,Total Population Under Age 65,2031,271.7,Millions of people,51298-2023-05-healthinsurance.xlsx,Table 1,true,51298,Table 1. Health Insurance Coverage for People Under Age 65 / Total Population Under Age 65,fiscal_year,2031,2031,2031,9,11
Health Insurance,Total Population Under Age 65,2032,272.2,Millions of people,51298-2023-05-healthinsurance.xlsx,Table 1,true,51298,Table 1. Health Insurance Coverage for People Under Age 65 / Total Population Under Age 65,fiscal_year,2032,2032,2032,9,12
Health Insurance,Total Population Under Age 65,2033,272.90000000000003,Millions of people,51298-2023-05-healthinsurance.xlsx,Table 1,true,51298,Table 1. Health Insurance Coverage for People Under Age 65 / Total Population Under Age 65,fiscal_year,2033,2033,2033,9,13
Health Insurance,Employment-Based Coverage,2023,155.20000000000002,Millions of people,51298-2023-05-healthinsurance.xlsx,Table 1,false,51298,Table 1. Health Insurance Coverage for People Under Age 65 / Employment-Based Coverage,fiscal_year,2023,2023,2023,10,3
Health Insurance,Employment-Based Coverage,2024,154.8,Millions of people,51298-2023-05-healthinsurance.xlsx,Table 1,false,51298,Table 1. Health Insurance Coverage for People Under Age 65 / Employment-Based Coverage,fiscal_year,2024,2024,2024,10,4
Health Insurance,Employment-Based Coverage,2025,154.8,Millions of people,51298-2023-05-healthinsurance.xlsx,Table 1,false,51298,Table 1. Health Insurance Coverage for People Under Age 65 / Employment-Based Coverage,fiscal_year,2025,2025,2025,10,5
Health Insurance,Employment-Based Coverage,2026,156.0,Millions of people,51298-2023-05-healthinsurance.xlsx,Table 1,false,51298,Table 1. Health Insurance Coverage for People Under Age 65 / Employment-Based Coverage,fiscal_year,2026,2026,2026,10,6
Health Insurance,Employment-Based Coverage,2027,157.0,Millions of people,51298-2023-05-healthinsurance.xlsx,Table 1,false,51298,Table 1. Health Insurance Coverage for People Under Age 65 / Employment-Based Coverage,fiscal_year,2027,2027,2027,10,7
Health Insurance,Employment-Based Coverage,2028,157.20000000000002,Millions of people,51298-2023-05-healthinsurance.xlsx,Table 1,false,51298,Table 1. Health Insurance Coverage for People Under Age 65 / Employment-Based Coverage,fiscal_year,2028,2028,2028,10,8
Health Insurance,Employment-Based Coverage,2029,157.3,Millions of people,51298-2023-05-healthinsurance.xlsx,Table 1,false,51298,Table 1. Health Insurance Coverage for People Under Age 65 / Employment-Based Coverage,fiscal_year,2029,2029,2029,10,9
Health Insurance,Employment-Based Coverage,2030,157.8,Millions of people,51298-2023-05-healthinsurance.xlsx,Table 1,false,51298,Table 1. Health Insurance Coverage for People Under Age 65 / Employment-Based Coverage,fiscal_year,2030,2030,2030,10,10
Health Insurance,Employment-Based Coverage,2031,158.0,Millions of people,51298-2023-05-healthinsurance.xlsx,Table 1,false,51298,Table 1. Health Insurance Coverage for People Under Age 65 / Employment-Based Coverage,fiscal_year,2031,2031,2031,10,11
Health Insurance,Employment-Based Coverage,2032,158.4,Millions of people,51298-2023-05-healthinsurance.xlsx,Table 1,false,51298,Table 1. Health Insurance Coverage for People Under Age 65 / Employment-Based Coverage,fiscal_year,2032,2032,2032,10,12
Health Insurance,Employment-Based Coverage,2033,158.9,Millions of people,51298-2023-05-healthinsurance.xlsx,Table 1,false,51298,Table 1. Health Insurance Coverage for People Under Age 65 / Employment-Based Coverage,fiscal_year,2033,2033,2033,10,13
Health Insurance,Blind and disabled people in Medicaid,2023,7.6000000000000005,Millions of people,51298-2023-05-healthinsurance.xlsx,Table 1,false,51298,Table 1. Health Insurance Coverage for People Under Age 65 / Medicaid and CHIP / Blind and disabled people in Medicaid,fiscal_year,2023,2023,2023,12,3
Health Insurance,Blind and disabled people in Medicaid,2024,7.4,Millions of people,51298-2023-05-healthinsurance.xlsx,Table 1,false,51298,Table 1. Health Insurance Coverage for People Under Age 65 / Medicaid and CHIP / Blind and disabled people in Medicaid,fiscal_year,2024,2024,2024,12,4
Health Insurance,Blind and disabled people in Medicaid,2025,7.300000000000001,Millions of people,51298-2023-05-healthinsurance.xlsx,Table 1,false,51298,Table 1. Health Insurance Coverage for People Under Age 65 / Medicaid and CHIP / Blind and disabled people in Medicaid,fiscal_year,2025,2025,2025,12,5
Health Insurance,Blind and disabled people in Medicaid,2026,7.4,Millions of people,51298-2023-05-healthinsurance.xlsx,Table 1,false,51298,Table 1. Health Insurance Coverage for People Under Age 65 / Medicaid and CHIP / Blind and disabled people in Medicaid,fiscal_year,2026,2026,2026,12,6
Health Insurance,Blind and disabled people in Medicaid,2027,7.5,Millions of people,51298-2023-05-healthinsurance.xlsx,Table 1,false,51298,Table 1. Health Insurance Coverage for People Under Age 65 / Medicaid and CHIP / Blind and disabled people in Medicaid,fiscal_year,2027,2027,2027,12,7
Health Insurance,Blind and disabled people in Medicaid,2028,7.6000000000000005,Millions of people,51298-2023-05-healthinsurance.xlsx,Table 1,false,51298,Table 1. Health Insurance Coverage for People Under Age 65 / Medicaid and CHIP / Blind and disabled people in Medicaid,fiscal_year,2028,2028,2028,12,8
Health Insurance,Blind and disabled people in Medicaid,2029,7.6000000000000005,Millions of people,51298-2023-05-healthinsurance.xlsx,Table 1,false,51298,Table 1. Health Insurance Coverage for People Under Age 65 / Medicaid and CHIP / Blind and disabled people in Medicaid,fiscal_year,2029,2029,2029,12,9
Health Insurance,Blind and disabled people in Medicaid,2030,7.6000000000000005,Millions of people,51298-2023-05-healthinsurance.xlsx,Table 1,false,51298,Table 1. Health Insurance Coverage for People Under Age 65 / Medicaid and CHIP / Blind and disabled people in Medicaid,fiscal_year,2030,2030,2030,12,10
Health Insurance,Blind and disabled people in Medicaid,2031,7.7,Millions of people,51298-2023-05-healthinsurance.xlsx,Table 1,false,51298,Table 1. Health Insurance Coverage for People Under Age 65 / Medicaid and CHIP / Blind and disabled people in Medicaid,fiscal_year,2031,2031,2031,12,11
Health Insurance,Blind and disabled people in Medicaid,2032,7.7,Millions of people,51298-2023-05-healthinsurance.xlsx,Table 1,false,51298,Table 1. Health Insurance Coverage for People Under Age 65 / Medicaid and CHIP / Blind and disabled people in Medicaid,fiscal_year,2032,2032,2032,12,12
Health Insurance,Blind and disabled people in Medicaid,2033,7.800000000000001,Millions of people,51298-2023-05-healthinsurance.xlsx,Table 1,false,51298,Table 1. Health Insurance Coverage for People Under Age 65 / Medicaid and CHIP / Blind and disabled people in Medicaid,fiscal_year,2033,2033,2033,12,13
Health Insurance,Children in Medicaid,2023,34.9,Millions of people,51298-2023-05-healthinsurance.xlsx,Table 1,false,51298,Table 1. Health Insurance Coverage for People Under Age 65 / Medicaid and CHIP / Children in Medicaid,fiscal_year,2023,2023,2023,13,3
Health Insurance,Children in Medicaid,2024,32.0,Millions of people,51298-2023-05-healthinsurance.xlsx,Table 1,false,51298,Table 1. Health Insurance Coverage for People Under Age 65 / Medicaid and CHIP / Children in Medicaid,fiscal_year,2024,2024,2024,13,4
Health Insurance,Children in Medicaid,2025,30.8,Millions of people,51298-2023-05-healthinsurance.xlsx,Table 1,false,51298,Table 1. Health Insurance Coverage for People Under Age 65 / Medicaid and CHIP / Children in Medicaid,fiscal_year,2025,2025,2025,13,5
Health Insurance,Children in Medicaid,2026,30.5,Millions of people,51298-2023-05-healthinsurance.xlsx,Table 1,false,51298,Table 1. Health Insurance Coverage for People Under Age 65 / Medicaid and CHIP / Children in Medicaid,fiscal_year,2026,2026,2026,13,6
Health Insurance,Children in Medicaid,2027,30.3,Millions of people,51298-2023-05-healthinsurance.xlsx,Table 1,false,51298,Table 1. Health Insurance Coverage for People Under Age 65 / Medicaid and CHIP / Children in Medicaid,fiscal_year,2027,2027,2027,13,7
Health Insurance,Children in Medicaid,2028,30.1,Millions of people,51298-2023-05-healthinsurance.xlsx,Table 1,false,51298,Table 1. Health Insurance Coverage for People Under Age 65 / Medicaid and CHIP / Children in Medicaid,fiscal_year,2028,2028,2028,13,8
Health Insurance,Children in Medicaid,2029,30.0,Millions of people,51298-2023-05-healthinsurance.xlsx,Table 1,false,51298,Table 1. Health Insurance Coverage for People Under Age 65 / Medicaid and CHIP / Children in Medicaid,fiscal_year,2029,2029,2029,13,9
Health Insurance,Children in Medicaid,2030,30.0,Millions of people,51298-2023-05-healthinsurance.xlsx,Table 1,false,51298,Table 1. Health Insurance Coverage for People Under Age 65 / Medicaid and CHIP / Children in Medicaid,fiscal_year,2030,2030,2030,13,10
Health Insurance,Children in Medicaid,2031,30.1,Millions of people,51298-2023-05-healthinsurance.xlsx,Table 1,false,51298,Table 1. Health Insurance Coverage for People Under Age 65 / Medicaid and CHIP / Children in Medicaid,fiscal_year,2031,2031,2031,13,11
Health Insurance,Children in Medicaid,2032,30.700000000000003,Millions of people,51298-2023-05-healthinsurance.xlsx,Table 1,false,51298,Table 1. Health Insurance Coverage for People Under Age 65 / Medicaid and CHIP / Children in Medicaid,fiscal_year,2032,2032,2032,13,12
Health Insurance,Children in Medicaid,2033,31.6,Millions of people,51298-2023-05-healthinsurance.xlsx,Table 1,false,51298,Table 1. Health Insurance Coverage for People Under Age 65 / Medicaid and CHIP / Children in Medicaid,fiscal_year,2033,2033,2033,13,13
Health Insurance,Adults made eligible for Medicaid by the ACA,2023,17.400000000000002,Millions of people,51298-2023-05-healthinsurance.xlsx,Table 1,false,51298,Table 1. Health Insurance Coverage for People Under Age 65 / Medicaid and CHIP / Adults made eligible for Medicaid by the ACA,fiscal_year,2023,2023,2023,14,3
Health Insurance,Adults made eligible for Medicaid by the ACA,2024,14.5,Millions of people,51298-2023-05-healthinsurance.xlsx,Table 1,false,51298,Table 1. Health Insurance Coverage for People Under Age 65 / Medicaid and CHIP / Adults made eligible for Medicaid by the ACA,fiscal_year,2024,2024,2024,14,4
Health Insurance,Adults made eligible for Medicaid by the ACA,2025,13.8,Millions of people,51298-2023-05-healthinsurance.xlsx,Table 1,false,51298,Table 1. Health Insurance Coverage for People Under Age 65 / Medicaid and CHIP / Adults made eligible for Medicaid by the ACA,fiscal_year,2025,2025,2025,14,5
Health Insurance,Adults made eligible for Medicaid by the ACA,2026,13.9,Millions of people,51298-2023-05-healthinsurance.xlsx,Table 1,false,51298,Table 1. Health Insurance Coverage for People Under Age 65 / Medicaid and CHIP / Adults made eligible for Medicaid by the ACA,fiscal_year,2026,2026,2026,14,6
Health Insurance,Adults made eligible for Medicaid by the ACA,2027,14.100000000000001,Millions of people,51298-2023-05-healthinsurance.xlsx,Table 1,false,51298,Table 1. Health Insurance Coverage for People Under Age 65 / Medicaid and CHIP / Adults made eligible for Medicaid by the ACA,fiscal_year,2027,2027,2027,14,7
Health Insurance,Adults made eligible for Medicaid by the ACA,2028,14.200000000000001,Millions of people,51298-2023-05-healthinsurance.xlsx,Table 1,false,51298,Table 1. Health Insurance Coverage for People Under Age 65 / Medicaid and CHIP / Adults made eligible for Medicaid by the ACA,fiscal_year,2028,2028,2028,14,8
Health Insurance,Adults made eligible for Medicaid by the ACA,2029,14.3,Millions of people,51298-2023-05-healthinsurance.xlsx,Table 1,false,51298,Table 1. Health Insurance Coverage for People Under Age 65 / Medicaid and CHIP / Adults made eligible for Medicaid by the ACA,fiscal_year,2029,2029,2029,14,9
Health Insurance,Adults made eligible for Medicaid by the ACA,2030,14.5,Millions of people,51298-2023-05-healthinsurance.xlsx,Table 1,false,51298,Table 1. Health Insurance Coverage for People Under Age 65 / Medicaid and CHIP / Adults made eligible for Medicaid by the ACA,fiscal_year,2030,2030,2030,14,10
Health Insurance,Adults made eligible for Medicaid by the ACA,2031,14.700000000000001,Millions of people,51298-2023-05-healthinsurance.xlsx,Table 1,false,51298,Table 1. Health Insurance Coverage for People Under Age 65 / Medicaid and CHIP / Adults made eligible for Medicaid by the ACA,fiscal_year,2031,2031,2031,14,11
Health Insurance,Adults made eligible for Medicaid by the ACA,2032,14.9,Millions of people,51298-2023-05-healthinsurance.xlsx,Table 1,false,51298,Table 1. Health Insurance Coverage for People Under Age 65 / Medicaid and CHIP / Adults made eligible for Medicaid by the ACA,fiscal_year,2032,2032,2032,14,12
Health Insurance,Adults made eligible for Medicaid by the ACA,2033,15.200000000000001,Millions of people,51298-2023-05-healthinsurance.xlsx,Table 1,false,51298,Table 1. Health Insurance Coverage for People Under Age 65 / Medicaid and CHIP / Adults made eligible for Medicaid by the ACA,fiscal_year,2033,2033,2033,14,13
Health Insurance,Adults otherwise eligible for Medicaid,2023,16.1,Millions of people,51298-2023-05-healthinsurance.xlsx,Table 1,false,51298,Table 1. Health Insurance Coverage for People Under Age 65 / Medicaid and CHIP / Adults otherwise eligible for Medicaid,fiscal_year,2023,2023,2023,15,3
Health Insurance,Adults otherwise eligible for Medicaid,2024,13.200000000000001,Millions of people,51298-2023-05-healthinsurance.xlsx,Table 1,false,51298,Table 1. Health Insurance Coverage for People Under Age 65 / Medicaid and CHIP / Adults otherwise eligible for Medicaid,fiscal_year,2024,2024,2024,15,4
Health Insurance,Adults otherwise eligible for Medicaid,2025,12.4,Millions of people,51298-2023-05-healthinsurance.xlsx,Table 1,false,51298,Table 1. Health Insurance Coverage for People Under Age 65 / Medicaid and CHIP / Adults otherwise eligible for Medicaid,fiscal_year,2025,2025,2025,15,5
Health Insurance,Adults otherwise eligible for Medicaid,2026,12.4,Millions of people,51298-2023-05-healthinsurance.xlsx,Table 1,false,51298,Table 1. Health Insurance Coverage for People Under Age 65 / Medicaid and CHIP / Adults otherwise eligible for Medicaid,fiscal_year,2026,2026,2026,15,6
Health Insurance,Adults otherwise eligible for Medicaid,2027,12.4,Millions of people,51298-2023-05-healthinsurance.xlsx,Table 1,false,51298,Table 1. Health Insurance Coverage for People Under Age 65 / Medicaid and CHIP / Adults otherwise eligible for Medicaid,fiscal_year,2027,2027,2027,15,7
Health Insurance,Adults otherwise eligible for Medicaid,2028,12.4,Millions of people,51298-2023-05-healthinsurance.xlsx,Table 1,false,51298,Table 1. Health Insurance Coverage for People Under Age 65 / Medicaid and CHIP / Adults otherwise eligible for Medicaid,fiscal_year,2028,2028,2028,15,8
Health Insurance,Adults otherwise eligible for Medicaid,2029,12.5,Millions of people,51298-2023-05-healthinsurance.xlsx,Table 1,false,51298,Table 1. Health Insurance Coverage for People Under Age 65 / Medicaid and CHIP / Adults otherwise eligible for Medicaid,fiscal_year,2029,2029,2029,15,9
Health Insurance,Adults otherwise eligible for Medicaid,2030,12.5,Millions of people,51298-2023-05-healthinsurance.xlsx,Table 1,false,51298,Table 1. Health Insurance Coverage for People Under Age 65 / Medicaid and CHIP / Adults otherwise eligible for Medicaid,fiscal_year,2030,2030,2030,15,10
Health Insurance,Adults otherwise eligible for Medicaid,2031,12.5,Millions of people,51298-2023-05-healthinsurance.xlsx,Table 1,false,51298,Table 1. Health Insurance Coverage for People Under Age 65 / Medicaid and CHIP / Adults otherwise eligible for Medicaid,fiscal_year,2031,2031,2031,15,11
Health Insurance,Adults otherwise eligible for Medicaid,2032,12.600000000000001,Millions of people,51298-2023-05-healthinsurance.xlsx,Table 1,false,51298,Table 1. Health Insurance Coverage for People Under Age 65 / Medicaid and CHIP / Adults otherwise eligible for Medicaid,fiscal_year,2032,2032,2032,15,12
Health Insurance,Adults otherwise eligible for Medicaid,2033,12.600000000000001,Millions of people,51298-2023-05-healthinsurance.xlsx,Table 1,false,51298,Table 1. Health Insurance Coverage for People Under Age 65 / Medicaid and CHIP / Adults otherwise eligible for Medicaid,fiscal_year,2033,2033,2033,15,13
Health Insurance,CHIP,2023,7.0,Millions of people,51298-2023-05-healthinsurance.xlsx,Table 1,false,51298,Table 1. Health Insurance Coverage for People Under Age 65 / Medicaid and CHIP / CHIP,fiscal_year,2023,2023,2023,16,3
Health Insurance,CHIP,2024,7.0,Millions of people,51298-2023-05-healthinsurance.xlsx,Table 1,false,51298,Table 1. Health Insurance Coverage for People Under Age 65 / Medicaid and CHIP / CHIP,fiscal_year,2024,2024,2024,16,4
Health Insurance,CHIP,2025,7.0,Millions of people,51298-2023-05-healthinsurance.xlsx,Table 1,false,51298,Table 1. Health Insurance Coverage for People Under Age 65 / Medicaid and CHIP / CHIP,fiscal_year,2025,2025,2025,16,5
Health Insurance,CHIP,2026,6.9,Millions of people,51298-2023-05-healthinsurance.xlsx,Table 1,false,51298,Table 1. Health Insurance Coverage for People Under Age 65 / Medicaid and CHIP / CHIP,fiscal_year,2026,2026,2026,16,6
Health Insurance,CHIP,2027,6.9,Millions of people,51298-2023-05-healthinsurance.xlsx,Table 1,false,51298,Table 1. Health Insurance Coverage for People Under Age 65 / Medicaid and CHIP / CHIP,fiscal_year,2027,2027,2027,16,7
Health Insurance,CHIP,2028,6.9,Millions of people,51298-2023-05-healthinsurance.xlsx,Table 1,false,51298,Table 1. Health Insurance Coverage for People Under Age 65 / Medicaid and CHIP / CHIP,fiscal_year,2028,2028,2028,16,8
Health Insurance,CHIP,2029,6.9,Millions of people,51298-2023-05-healthinsurance.xlsx,Table 1,false,51298,Table 1. Health Insurance Coverage for People Under Age 65 / Medicaid and CHIP / CHIP,fiscal_year,2029,2029,2029,16,9
Health Insurance,CHIP,2030,6.9,Millions of people,51298-2023-05-healthinsurance.xlsx,Table 1,false,51298,Table 1. Health Insurance Coverage for People Under Age 65 / Medicaid and CHIP / CHIP,fiscal_year,2030,2030,2030,16,10
Health Insurance,CHIP,2031,6.7,Millions of people,51298-2023-05-healthinsurance.xlsx,Table 1,false,51298,Table 1. Health Insurance Coverage for People Under Age 65 / Medicaid and CHIP / CHIP,fiscal_year,2031,2031,2031,16,11
Health Insurance,CHIP,2032,5.7,Millions of people,51298-2023-05-healthinsurance.xlsx,Table 1,false,51298,Table 1. Health Insurance Coverage for People Under Age 65 / Medicaid and CHIP / CHIP,fiscal_year,2032,2032,2032,16,12
Health Insurance,CHIP,2033,4.5,Millions of people,51298-2023-05-healthinsurance.xlsx,Table 1,false,51298,Table 1. Health Insurance Coverage for People Under Age 65 / Medicaid and CHIP / CHIP,fiscal_year,2033,2033,2033,16,13
Health Insurance,Subtotal,2023,82.9,Millions of people,51298-2023-05-healthinsurance.xlsx,Table 1,true,51298,Table 1. Health Insurance Coverage for People Under Age 65 / Medicaid and CHIP / Subtotal,fiscal_year,2023,2023,2023,17,3
Health Insurance,Subtotal,2024,74.2,Millions of people,51298-2023-05-healthinsurance.xlsx,Table 1,true,51298,Table 1. Health Insurance Coverage for People Under Age 65 / Medicaid and CHIP / Subtotal,fiscal_year,2024,2024,2024,17,4
Health Insurance,Subtotal,2025,71.3,Millions of people,51298-2023-05-healthinsurance.xlsx,Table 1,true,51298,Table 1. Health Insurance Coverage for People Under Age 65 / Medicaid and CHIP / Subtotal,fiscal_year,2025,2025,2025,17,5
Health Insurance,Subtotal,2026,71.2,Millions of people,51298-2023-05-healthinsurance.xlsx,Table 1,true,51298,Table 1. Health Insurance Coverage for People Under Age 65 / Medicaid and CHIP / Subtotal,fiscal_year,2026,2026,2026,17,6
Health Insurance,Subtotal,2027,71.2,Millions of people,51298-2023-05-healthinsurance.xlsx,Table 1,true,51298,Table 1. Health Insurance Coverage for People Under Age 65 / Medicaid and CHIP / Subtotal,fiscal_year,2027,2027,2027,17,7
Health Insurance,Subtotal,2028,71.2,Millions of people,51298-2023-05-healthinsurance.xlsx,Table 1,true,51298,Table 1. Health Insurance Coverage for People Under Age 65 / Medicaid and CHIP / Subtotal,fiscal_year,2028,2028,2028,17,8
Health Insurance,Subtotal,2029,71.3,Millions of people,51298-2023-05-healthinsurance.xlsx,Table 1,true,51298,Table 1. Health Insurance Coverage for People Under Age 65 / Medicaid and CHIP / Subtotal,fiscal_year,2029,2029,2029,17,9
Health Insurance,Subtotal,2030,71.5,Millions of people,51298-2023-05-healthinsurance.xlsx,Table 1,true,51298,Table 1. Health Insurance Coverage for People Under Age 65 / Medicaid and CHIP / Subtotal,fiscal_year,2030,2030,2030,17,10
Health Insurance,Subtotal,2031,71.60000000000001,Millions of people,51298-2023-05-healthinsurance.xlsx,Table 1,true,51298,Table 1. Health Insurance Coverage for People Under Age 65 / Medicaid and CHIP / Subtotal,fiscal_year,2031,2031,2031,17,11
Health Insurance,Subtotal,2032,71.5,Millions of people,51298-2023-05-healthinsurance.xlsx,Table 1,true,51298,Table 1. Health Insurance Coverage for People Under Age 65 / Medicaid and CHIP / Subtotal,fiscal_year,2032,2032,2032,17,12
Health Insurance,Subtotal,2033,71.60000000000001,Millions of people,51298-2023-05-healthinsurance.xlsx,Table 1,true,51298,Table 1. Health Insurance Coverage for People Under Age 65 / Medicaid and CHIP / Subtotal,fiscal_year,2033,2033,2033,17,13
Health Insurance,Subsidized,2023,14.100000000000001,Millions of people,51298-2023-05-healthinsurance.xlsx,Table 1,false,51298,Table 1. Health Insurance Coverage for People Under Age 65 / Nongroup coverage purchased through marketplaces / Subsidized,fiscal_year,2023,2023,2023,20,3
Health Insurance,Subsidized,2024,16.2,Millions of people,51298-2023-05-healthinsurance.xlsx,Table 1,false,51298,Table 1. Health Insurance Coverage for People Under Age 65 / Nongroup coverage purchased through marketplaces / Subsidized,fiscal_year,2024,2024,2024,20,4
Health Insurance,Subsidized,2025,16.8,Millions of people,51298-2023-05-healthinsurance.xlsx,Table 1,false,51298,Table 1. Health Insurance Coverage for People Under Age 65 / Nongroup coverage purchased through marketplaces / Subsidized,fiscal_year,2025,2025,2025,20,5
Health Insurance,Subsidized,2026,12.4,Millions of people,51298-2023-05-healthinsurance.xlsx,Table 1,false,51298,Table 1. Health Insurance Coverage for People Under Age 65 / Nongroup coverage purchased through marketplaces / Subsidized,fiscal_year,2026,2026,2026,20,6
Health Insurance,Subsidized,2027,11.3,Millions of people,51298-2023-05-healthinsurance.xlsx,Table 1,false,51298,Table 1. Health Insurance Coverage for People Under Age 65 / Nongroup coverage purchased through marketplaces / Subsidized,fiscal_year,2027,2027,2027,20,7
Health Insurance,Subsidized,2028,11.3,Millions of people,51298-2023-05-healthinsurance.xlsx,Table 1,false,51298,Table 1. Health Insurance Coverage for People Under Age 65 / Nongroup coverage purchased through marketplaces / Subsidized,fiscal_year,2028,2028,2028,20,8
Health Insurance,Subsidized,2029,11.200000000000001,Millions of people,51298-2023-05-healthinsurance.xlsx,Table 1,false,51298,Table 1. Health Insurance Coverage for People Under Age 65 / Nongroup coverage purchased through marketplaces / Subsidized,fiscal_year,2029,2029,2029,20,9
Health Insurance,Subsidized,2030,11.100000000000001,Millions of people,51298-2023-05-healthinsurance.xlsx,Table 1,false,51298,Table 1. Health Insurance Coverage for People Under Age 65 / Nongroup coverage purchased through marketplaces / Subsidized,fiscal_year,2030,2030,2030,20,10
Health Insurance,Subsidized,2031,11.100000000000001,Millions of people,51298-2023-05-healthinsurance.xlsx,Table 1,false,51298,Table 1. Health Insurance Coverage for People Under Age 65 / Nongroup coverage purchased through marketplaces / Subsidized,fiscal_year,2031,2031,2031,20,11
Health Insurance,Subsidized,2032,11.3,Millions of people,51298-2023-05-healthinsurance.xlsx,Table 1,false,51298,Table 1. Health Insurance Coverage for People Under Age 65 / Nongroup coverage purchased through marketplaces / Subsidized,fiscal_year,2032,2032,2032,20,12
Health Insurance,Subsidized,2033,11.5,Millions of people,51298-2023-05-healthinsurance.xlsx,Table 1,false,51298,Table 1. Health Insurance Coverage for People Under Age 65 / Nongroup coverage purchased through marketplaces / Subsidized,fiscal_year,2033,2033,2033,20,13
Health Insurance,Unsubsidized,2023,1.1,Millions of people,51298-2023-05-healthinsurance.xlsx,Table 1,false,51298,Table 1. Health Insurance Coverage for People Under Age 65 / Nongroup coverage purchased through marketplaces / Unsubsidized,fiscal_year,2023,2023,2023,21,3
Health Insurance,Unsubsidized,2024,1.1,Millions of people,51298-2023-05-healthinsurance.xlsx,Table 1,false,51298,Table 1. Health Insurance Coverage for People Under Age 65 / Nongroup coverage purchased through marketplaces / Unsubsidized,fiscal_year,2024,2024,2024,21,4
Health Insurance,Unsubsidized,2025,1.1,Millions of people,51298-2023-05-healthinsurance.xlsx,Table 1,false,51298,Table 1. Health Insurance Coverage for People Under Age 65 / Nongroup coverage purchased through marketplaces / Unsubsidized,fiscal_year,2025,2025,2025,21,5
Health Insurance,Unsubsidized,2026,2.2,Millions of people,51298-2023-05-healthinsurance.xlsx,Table 1,false,51298,Table 1. Health Insurance Coverage for People Under Age 65 / Nongroup coverage purchased through marketplaces / Unsubsidized,fiscal_year,2026,2026,2026,21,6
Health Insurance,Unsubsidized,2027,1.5,Millions of people,51298-2023-05-healthinsurance.xlsx,Table 1,false,51298,Table 1. Health Insurance Coverage for People Under Age 65 / Nongroup coverage purchased through marketplaces / Unsubsidized,fiscal_year,2027,2027,2027,21,7
Health Insurance,Unsubsidized,2028,1.5,Millions of people,51298-2023-05-healthinsurance.xlsx,Table 1,false,51298,Table 1. Health Insurance Coverage for People Under Age 65 / Nongroup coverage purchased through marketplaces / Unsubsidized,fiscal_year,2028,2028,2028,21,8
Health Insurance,Unsubsidized,2029,1.5,Millions of people,51298-2023-05-healthinsurance.xlsx,Table 1,false,51298,Table 1. Health Insurance Coverage for People Under Age 65 / Nongroup coverage purchased through marketplaces / Unsubsidized,fiscal_year,2029,2029,2029,21,9
Health Insurance,Unsubsidized,2030,1.5,Millions of people,51298-2023-05-healthinsurance.xlsx,Table 1,false,51298,Table 1. Health Insurance Coverage for People Under Age 65 / Nongroup coverage purchased through marketplaces / Unsubsidized,fiscal_year,2030,2030,2030,21,10
Health Insurance,Unsubsidized,2031,1.5,Millions of people,51298-2023-05-healthinsurance.xlsx,Table 1,false,51298,Table 1. Health Insurance Coverage for People Under Age 65 / Nongroup coverage purchased through marketplaces / Unsubsidized,fiscal_year,2031,2031,2031,21,11
Health Insurance,Unsubsidized,2032,1.5,Millions of people,51298-2023-05-healthinsurance.xlsx,Table 1,false,51298,Table 1. Health Insurance Coverage for People Under Age 65 / Nongroup coverage purchased through marketplaces / Unsubsidized,fiscal_year,2032,2032,2032,21,12
Health Insurance,Unsubsidized,2033,1.5,Millions of people,51298-2023-05-healthinsurance.xlsx,Table 1,false,51298,Table 1. Health Insurance Coverage for People Under Age 65 / Nongroup coverage purchased through marketplaces / Unsubsidized,fiscal_year,2033,2033,2033,21,13
Health Insurance,Subtotal,2023,15.100000000000001,Millions of people,51298-2023-05-healthinsurance.xlsx,Table 1,true,51298,Table 1. Health Insurance Coverage for People Under Age 65 / Nongroup coverage purchased through marketplaces / Subtotal,fiscal_year,2023,2023,2023,22,3
Health Insurance,Subtotal,2024,17.3,Millions of people,51298-2023-05-healthinsurance.xlsx,Table 1,true,51298,Table 1. Health Insurance Coverage for People Under Age 65 / Nongroup coverage purchased through marketplaces / Subtotal,fiscal_year,2024,2024,2024,22,4
Health Insurance,Subtotal,2025,17.8,Millions of people,51298-2023-05-healthinsurance.xlsx,Table 1,true,51298,Table 1. Health Insurance Coverage for People Under Age 65 / Nongroup coverage purchased through marketplaces / Subtotal,fiscal_year,2025,2025,2025,22,5
Health Insurance,Subtotal,2026,14.600000000000001,Millions of people,51298-2023-05-healthinsurance.xlsx,Table 1,true,51298,Table 1. Health Insurance Coverage for People Under Age 65 / Nongroup coverage purchased through marketplaces / Subtotal,fiscal_year,2026,2026,2026,22,6
Health Insurance,Subtotal,2027,12.8,Millions of people,51298-2023-05-healthinsurance.xlsx,Table 1,true,51298,Table 1. Health Insurance Coverage for People Under Age 65 / Nongroup coverage purchased through marketplaces / Subtotal,fiscal_year,2027,2027,2027,22,7
Health Insurance,Subtotal,2028,12.8,Millions of people,51298-2023-05-healthinsurance.xlsx,Table 1,true,51298,Table 1. Health Insurance Coverage for People Under Age 65 / Nongroup coverage purchased through marketplaces / Subtotal,fiscal_year,2028,2028,2028,22,8
Health Insurance,Subtotal,2029,12.700000000000001,Millions of people,51298-2023-05-healthinsurance.xlsx,Table 1,true,51298,Table 1. Health Insurance Coverage for People Under Age 65 / Nongroup coverage purchased through marketplaces / Subtotal,fiscal_year,2029,2029,2029,22,9
Health Insurance,Subtotal,2030,12.600000000000001,Millions of people,51298-2023-05-healthinsurance.xlsx,Table 1,true,51298,Table 1. Health Insurance Coverage for People Under Age 65 / Nongroup coverage purchased through marketplaces / Subtotal,fiscal_year,2030,2030,2030,22,10
Health Insurance,Subtotal,2031,12.600000000000001,Millions of people,51298-2023-05-healthinsurance.xlsx,Table 1,true,51298,Table 1. Health Insurance Coverage for People Under Age 65 / Nongroup coverage purchased through marketplaces / Subtotal,fiscal_year,2031,2031,2031,22,11
Health Insurance,Subtotal,2032,12.8,Millions of people,51298-2023-05-healthinsurance.xlsx,Table 1,true,51298,Table 1. Health Insurance Coverage for People Under Age 65 / Nongroup coverage purchased through marketplaces / Subtotal,fiscal_year,2032,2032,2032,22,12
Health Insurance,Subtotal,2033,13.0,Millions of people,51298-2023-05-healthinsurance.xlsx,Table 1,true,51298,Table 1. Health Insurance Coverage for People Under Age 65 / Nongroup coverage purchased through marketplaces / Subtotal,fiscal_year,2033,2033,2033,22,13
Health Insurance,Nongroup coverage purchased outside marketplaces,2023,3.4000000000000004,Millions of people,51298-2023-05-healthinsurance.xlsx,Table 1,false,51298,Table 1. Health Insurance Coverage for People Under Age 65 / Nongroup coverage purchased through marketplaces / Nongroup coverage purchased outside marketplaces,fiscal_year,2023,2023,2023,23,3
Health Insurance,Nongroup coverage purchased outside marketplaces,2024,3.7,Millions of people,51298-2023-05-healthinsurance.xlsx,Table 1,false,51298,Table 1. Health Insurance Coverage for People Under Age 65 / Nongroup coverage purchased through marketplaces / Nongroup coverage purchased outside marketplaces,fiscal_year,2024,2024,2024,23,4
Health Insurance,Nongroup coverage purchased outside marketplaces,2025,4.3,Millions of people,51298-2023-05-healthinsurance.xlsx,Table 1,false,51298,Table 1. Health Insurance Coverage for People Under Age 65 / Nongroup coverage purchased through marketplaces / Nongroup coverage purchased outside marketplaces,fiscal_year,2025,2025,2025,23,5
Health Insurance,Nongroup coverage purchased outside marketplaces,2026,5.1000000000000005,Millions of people,51298-2023-05-healthinsurance.xlsx,Table 1,false,51298,Table 1. Health Insurance Coverage for People Under Age 65 / Nongroup coverage purchased through marketplaces / Nongroup coverage purchased outside marketplaces,fiscal_year,2026,2026,2026,23,6
Health Insurance,Nongroup coverage purchased outside marketplaces,2027,5.1000000000000005,Millions of people,51298-2023-05-healthinsurance.xlsx,Table 1,false,51298,Table 1. Health Insurance Coverage for People Under Age 65 / Nongroup coverage purchased through marketplaces / Nongroup coverage purchased outside marketplaces,fiscal_year,2027,2027,2027,23,7
Health Insurance,Nongroup coverage purchased outside marketplaces,2028,5.0,Millions of people,51298-2023-05-healthinsurance.xlsx,Table 1,false,51298,Table 1. Health Insurance Coverage for People Under Age 65 / Nongroup coverage purchased through marketplaces / Nongroup coverage purchased outside marketplaces,fiscal_year,2028,2028,2028,23,8
Health Insurance,Nongroup coverage purchased outside marketplaces,2029,5.0,Millions of people,51298-2023-05-healthinsurance.xlsx,Table 1,false,51298,Table 1. Health Insurance Coverage for People Under Age 65 / Nongroup coverage purchased through marketplaces / Nongroup coverage purchased outside marketplaces,fiscal_year,2029,2029,2029,23,9
Health Insurance,Nongroup coverage purchased outside marketplaces,2030,5.0,Millions of people,51298-2023-05-healthinsurance.xlsx,Table 1,false,51298,Table 1. Health Insurance Coverage for People Under Age 65 / Nongroup coverage purchased through marketplaces / Nongroup coverage purchased outside marketplaces,fiscal_year,2030,2030,2030,23,10
Health Insurance,Nongroup coverage purchased outside marketplaces,2031,5.1000000000000005,Millions of people,51298-2023-05-healthinsurance.xlsx,Table 1,false,51298,Table 1. Health Insurance Coverage for People Under Age 65 / Nongroup coverage purchased through marketplaces / Nongroup coverage purchased outside marketplaces,fiscal_year,2031,2031,2031,23,11
Health Insurance,Nongroup coverage purchased outside marketplaces,2032,5.1000000000000005,Millions of people,51298-2023-05-healthinsurance.xlsx,Table 1,false,51298,Table 1. Health Insurance Coverage for People Under Age 65 / Nongroup coverage purchased through marketplaces / Nongroup coverage purchased outside marketplaces,fiscal_year,2032,2032,2032,23,12
Health Insurance,Nongroup coverage purchased outside marketplaces,2033,5.2,Millions of people,51298-2023-05-healthinsurance.xlsx,Table 1,false,51298,Table 1. Health Insurance Coverage for People Under Age 65 / Nongroup coverage purchased through marketplaces / Nongroup coverage purchased outside marketplaces,fiscal_year,2033,2033,2033,23,13
Health Insurance,"Subtotal, nongroup coverage",2023,18.6,Millions of people,51298-2023-05-healthinsurance.xlsx,Table 1,true,51298,"Table 1. Health Insurance Coverage for People Under Age 65 / Nongroup coverage purchased through marketplaces / Subtotal, nongroup coverage",fiscal_year,2023,2023,2023,24,3
Health Insurance,"Subtotal, nongroup coverage",2024,21.0,Millions of people,51298-2023-05-healthinsurance.xlsx,Table 1,true,51298,"Table 1. Health Insurance Coverage for People Under Age 65 / Nongroup coverage purchased through marketplaces / Subtotal, nongroup coverage",fiscal_year,2024,2024,2024,24,4
Health Insurance,"Subtotal, nongroup coverage",2025,22.1,Millions of people,51298-2023-05-healthinsurance.xlsx,Table 1,true,51298,"Table 1. Health Insurance Coverage for People Under Age 65 / Nongroup coverage purchased through marketplaces / Subtotal, nongroup coverage",fiscal_year,2025,2025,2025,24,5
Health Insurance,"Subtotal, nongroup coverage",2026,19.8,Millions of people,51298-2023-05-healthinsurance.xlsx,Table 1,true,51298,"Table 1. Health Insurance Coverage for People Under Age 65 / Nongroup coverage purchased through marketplaces / Subtotal, nongroup coverage",fiscal_year,2026,2026,2026,24,6
Health Insurance,"Subtotal, nongroup coverage",2027,17.8,Millions of people,51298-2023-05-healthinsurance.xlsx,Table 1,true,51298,"Table 1. Health Insurance Coverage for People Under Age 65 / Nongroup coverage purchased through marketplaces / Subtotal, nongroup coverage",fiscal_year,2027,2027,2027,24,7
Health Insurance,"Subtotal, nongroup coverage",2028,17.8,Millions of people,51298-2023-05-healthinsurance.xlsx,Table 1,true,51298,"Table 1. Health Insurance Coverage for People Under Age 65 / Nongroup coverage purchased through marketplaces / Subtotal, nongroup coverage",fiscal_year,2028,2028,2028,24,8
Health Insurance,"Subtotal, nongroup coverage",2029,17.8,Millions of people,51298-2023-05-healthinsurance.xlsx,Table 1,true,51298,"Table 1. Health Insurance Coverage for People Under Age 65 / Nongroup coverage purchased through marketplaces / Subtotal, nongroup coverage",fiscal_year,2029,2029,2029,24,9
Health Insurance,"Subtotal, nongroup coverage",2030,17.6,Millions of people,51298-2023-05-healthinsurance.xlsx,Table 1,true,51298,"Table 1. Health Insurance Coverage for People Under Age 65 / Nongroup coverage purchased through marketplaces / Subtotal, nongroup coverage",fiscal_year,2030,2030,2030,24,10
Health Insurance,"Subtotal, nongroup coverage",2031,17.6,Millions of people,51298-2023-05-healthinsurance.xlsx,Table 1,true,51298,"Table 1. Health Insurance Coverage for People Under Age 65 / Nongroup coverage purchased through marketplaces / Subtotal, nongroup coverage",fiscal_year,2031,2031,2031,24,11
Health Insurance,"Subtotal, nongroup coverage",2032,17.900000000000002,Millions of people,51298-2023-05-healthinsurance.xlsx,Table 1,true,51298,"Table 1. Health Insurance Coverage for People Under Age 65 / Nongroup coverage purchased through marketplaces / Subtotal, nongroup coverage",fiscal_year,2032,2032,2032,24,12
Health Insurance,"Subtotal, nongroup coverage",2033,18.2,Millions of people,51298-2023-05-healthinsurance.xlsx,Table 1,true,51298,"Table 1. Health Insurance Coverage for People Under Age 65 / Nongroup coverage purchased through marketplaces / Subtotal, nongroup coverage",fiscal_year,2033,2033,2033,24,13
Health Insurance,Coverage through the Basic Health Program,2023,1.2000000000000002,Millions of people,51298-2023-05-healthinsurance.xlsx,Table 1,false,51298,Table 1. Health Insurance Coverage for People Under Age 65 / Nongroup coverage purchased through marketplaces / Coverage through the Basic Health Program,fiscal_year,2023,2023,2023,25,3
Health Insurance,Coverage through the Basic Health Program,2024,1.1,Millions of people,51298-2023-05-healthinsurance.xlsx,Table 1,false,51298,Table 1. Health Insurance Coverage for People Under Age 65 / Nongroup coverage purchased through marketplaces / Coverage through the Basic Health Program,fiscal_year,2024,2024,2024,25,4
Health Insurance,Coverage through the Basic Health Program,2025,1.0,Millions of people,51298-2023-05-healthinsurance.xlsx,Table 1,false,51298,Table 1. Health Insurance Coverage for People Under Age 65 / Nongroup coverage purchased through marketplaces / Coverage through the Basic Health Program,fiscal_year,2025,2025,2025,25,5
Health Insurance,Coverage through the Basic Health Program,2026,1.0,Millions of people,51298-2023-05-healthinsurance.xlsx,Table 1,false,51298,Table 1. Health Insurance Coverage for People Under Age 65 / Nongroup coverage purchased through marketplaces / Coverage through the Basic Health Program,fiscal_year,2026,2026,2026,25,6
Health Insurance,Coverage through the Basic Health Program,2027,1.0,Millions of people,51298-2023-05-healthinsurance.xlsx,Table 1,false,51298,Table 1. Health Insurance Coverage for People Under Age 65 / Nongroup coverage purchased through marketplaces / Coverage through the Basic Health Program,fiscal_year,2027,2027,2027,25,7
Health Insurance,Coverage through the Basic Health Program,2028,1.0,Millions of people,51298-2023-05-healthinsurance.xlsx,Table 1,false,51298,Table 1. Health Insurance Coverage for People Under Age 65 / Nongroup coverage purchased through marketplaces / Coverage through the Basic Health Program,fiscal_year,2028,2028,2028,25,8
Health Insurance,Coverage through the Basic Health Program,2029,1.0,Millions of people,51298-2023-05-healthinsurance.xlsx,Table 1,false,51298,Table 1. Health Insurance Coverage for People Under Age 65 / Nongroup coverage purchased through marketplaces / Coverage through the Basic Health Program,fiscal_year,2029,2029,2029,25,9
Health Insurance,Coverage through the Basic Health Program,2030,1.0,Millions of people,51298-2023-05-healthinsurance.xlsx,Table 1,false,51298,Table 1. Health Insurance Coverage for People Under Age 65 / Nongroup coverage purchased through marketplaces / Coverage through the Basic Health Program,fiscal_year,2030,2030,2030,25,10
Health Insurance,Coverage through the Basic Health Program,2031,1.0,Millions of people,51298-2023-05-healthinsurance.xlsx,Table 1,false,51298,Table 1. Health Insurance Coverage for People Under Age 65 / Nongroup coverage purchased through marketplaces / Coverage through the Basic Health Program,fiscal_year,2031,2031,2031,25,11
Health Insurance,Coverage through the Basic Health Program,2032,1.0,Millions of people,51298-2023-05-healthinsurance.xlsx,Table 1,false,51298,Table 1. Health Insurance Coverage for People Under Age 65 / Nongroup coverage purchased through marketplaces / Coverage through the Basic Health Program,fiscal_year,2032,2032,2032,25,12
Health Insurance,Coverage through the Basic Health Program,2033,1.0,Millions of people,51298-2023-05-healthinsurance.xlsx,Table 1,false,51298,Table 1. Health Insurance Coverage for People Under Age 65 / Nongroup coverage purchased through marketplaces / Coverage through the Basic Health Program,fiscal_year,2033,2033,2033,25,13
Health Insurance,Medicare,2023,7.1000000000000005,Millions of people,51298-2023-05-healthinsurance.xlsx,Table 1,false,51298,Table 1. Health Insurance Coverage for People Under Age 65 / Nongroup coverage purchased through marketplaces / Medicare,fiscal_year,2023,2023,2023,26,3
Health Insurance,Medicare,2024,6.9,Millions of people,51298-2023-05-healthinsurance.xlsx,Table 1,false,51298,Table 1. Health Insurance Coverage for People Under Age 65 / Nongroup coverage purchased through marketplaces / Medicare,fiscal_year,2024,2024,2024,26,4
Health Insurance,Medicare,2025,6.800000000000001,Millions of people,51298-2023-05-healthinsurance.xlsx,Table 1,false,51298,Table 1. Health Insurance Coverage for People Under Age 65 / Nongroup coverage purchased through marketplaces / Medicare,fiscal_year,2025,2025,2025,26,5
Health Insurance,Medicare,2026,6.800000000000001,Millions of people,51298-2023-05-healthinsurance.xlsx,Table 1,false,51298,Table 1. Health Insurance Coverage for People Under Age 65 / Nongroup coverage purchased through marketplaces / Medicare,fiscal_year,2026,2026,2026,26,6
Health Insurance,Medicare,2027,6.800000000000001,Millions of people,51298-2023-05-healthinsurance.xlsx,Table 1,false,51298,Table 1. Health Insurance Coverage for People Under Age 65 / Nongroup coverage purchased through marketplaces / Medicare,fiscal_year,2027,2027,2027,26,7
Health Insurance,Medicare,2028,6.9,Millions of people,51298-2023-05-healthinsurance.xlsx,Table 1,false,51298,Table 1. Health Insurance Coverage for People Under Age 65 / Nongroup coverage purchased through marketplaces / Medicare,fiscal_year,2028,2028,2028,26,8
Health Insurance,Medicare,2029,6.9,Millions of people,51298-2023-05-healthinsurance.xlsx,Table 1,false,51298,Table 1. Health Insurance Coverage for People Under Age 65 / Nongroup coverage purchased through marketplaces / Medicare,fiscal_year,2029,2029,2029,26,9
Health Insurance,Medicare,2030,6.9,Millions of people,51298-2023-05-healthinsurance.xlsx,Table 1,false,51298,Table 1. Health Insurance Coverage for People Under Age 65 / Nongroup coverage purchased through marketplaces / Medicare,fiscal_year,2030,2030,2030,26,10
Health Insurance,Medicare,2031,7.0,Millions of people,51298-2023-05-healthinsurance.xlsx,Table 1,false,51298,Table 1. Health Insurance Coverage for People Under Age 65 / Nongroup coverage purchased through marketplaces / Medicare,fiscal_year,2031,2031,2031,26,11
Health Insurance,Medicare,2032,7.0,Millions of people,51298-2023-05-healthinsurance.xlsx,Table 1,false,51298,Table 1. Health Insurance Coverage for People Under Age 65 / Nongroup coverage purchased through marketplaces / Medicare,fiscal_year,2032,2032,2032,26,12
Health Insurance,Medicare,2033,7.1000000000000005,Millions of people,51298-2023-05-healthinsurance.xlsx,Table 1,false,51298,Table 1. Health Insurance Coverage for People Under Age 65 / Nongroup coverage purchased through marketplaces / Medicare,fiscal_year,2033,2033,2033,26,13
Health Insurance,Other Coverage,2023,3.0,Millions of people,51298-2023-05-healthinsurance.xlsx,Table 1,false,51298,Table 1. Health Insurance Coverage for People Under Age 65 / Nongroup coverage purchased through marketplaces / Other Coverage,fiscal_year,2023,2023,2023,27,3
Health Insurance,Other Coverage,2024,3.1,Millions of people,51298-2023-05-healthinsurance.xlsx,Table 1,false,51298,Table 1. Health Insurance Coverage for People Under Age 65 / Nongroup coverage purchased through marketplaces / Other Coverage,fiscal_year,2024,2024,2024,27,4
Health Insurance,Other Coverage,2025,3.1,Millions of people,51298-2023-05-healthinsurance.xlsx,Table 1,false,51298,Table 1. Health Insurance Coverage for People Under Age 65 / Nongroup coverage purchased through marketplaces / Other Coverage,fiscal_year,2025,2025,2025,27,5
Health Insurance,Other Coverage,2026,3.1,Millions of people,51298-2023-05-healthinsurance.xlsx,Table 1,false,51298,Table 1. Health Insurance Coverage for People Under Age 65 / Nongroup coverage purchased through marketplaces / Other Coverage,fiscal_year,2026,2026,2026,27,6
Health Insurance,Other Coverage,2027,3.0,Millions of people,51298-2023-05-healthinsurance.xlsx,Table 1,false,51298,Table 1. Health Insurance Coverage for People Under Age 65 / Nongroup coverage purchased through marketplaces / Other Coverage,fiscal_year,2027,2027,2027,27,7
Health Insurance,Other Coverage,2028,3.0,Millions of people,51298-2023-05-healthinsurance.xlsx,Table 1,false,51298,Table 1. Health Insurance Coverage for People Under Age 65 / Nongroup coverage purchased through marketplaces / Other Coverage,fiscal_year,2028,2028,2028,27,8
Health Insurance,Other Coverage,2029,3.0,Millions of people,51298-2023-05-healthinsurance.xlsx,Table 1,false,51298,Table 1. Health Insurance Coverage for People Under Age 65 / Nongroup coverage purchased through marketplaces / Other Coverage,fiscal_year,2029,2029,2029,27,9
Health Insurance,Other Coverage,2030,2.9000000000000004,Millions of people,51298-2023-05-healthinsurance.xlsx,Table 1,false,51298,Table 1. Health Insurance Coverage for People Under Age 65 / Nongroup coverage purchased through marketplaces / Other Coverage,fiscal_year,2030,2030,2030,27,10
Health Insurance,Other Coverage,2031,2.9000000000000004,Millions of people,51298-2023-05-healthinsurance.xlsx,Table 1,false,51298,Table 1. Health Insurance Coverage for People Under Age 65 / Nongroup coverage purchased through marketplaces / Other Coverage,fiscal_year,2031,2031,2031,27,11
Health Insurance,Other Coverage,2032,2.9000000000000004,Millions of people,51298-2023-05-healthinsurance.xlsx,Table 1,false,51298,Table 1. Health Insurance Coverage for People Under Age 65 / Nongroup coverage purchased through marketplaces / Other Coverage,fiscal_year,2032,2032,2032,27,12
Health Insurance,Other Coverage,2033,2.9000000000000004,Millions of people,51298-2023-05-healthinsurance.xlsx,Table 1,false,51298,Table 1. Health Insurance Coverage for People Under Age 65 / Nongroup coverage purchased through marketplaces / Other Coverage,fiscal_year,2033,2033,2033,27,13
Health Insurance,Uninsured,2023,22.5,Millions of people,51298-2023-05-healthinsurance.xlsx,Table 1,false,51298,Table 1. Health Insurance Coverage for People Under Age 65 / Nongroup coverage purchased through marketplaces / Uninsured,fiscal_year,2023,2023,2023,28,3
Health Insurance,Uninsured,2024,25.3,Millions of people,51298-2023-05-healthinsurance.xlsx,Table 1,false,51298,Table 1. Health Insurance Coverage for People Under Age 65 / Nongroup coverage purchased through marketplaces / Uninsured,fiscal_year,2024,2024,2024,28,4
Health Insurance,Uninsured,2025,26.400000000000002,Millions of people,51298-2023-05-healthinsurance.xlsx,Table 1,false,51298,Table 1. Health Insurance Coverage for People Under Age 65 / Nongroup coverage purchased through marketplaces / Uninsured,fiscal_year,2025,2025,2025,28,5
Health Insurance,Uninsured,2026,27.5,Millions of people,51298-2023-05-healthinsurance.xlsx,Table 1,false,51298,Table 1. Health Insurance Coverage for People Under Age 65 / Nongroup coverage purchased through marketplaces / Uninsured,fiscal_year,2026,2026,2026,28,6
Health Insurance,Uninsured,2027,28.3,Millions of people,51298-2023-05-healthinsurance.xlsx,Table 1,false,51298,Table 1. Health Insurance Coverage for People Under Age 65 / Nongroup coverage purchased through marketplaces / Uninsured,fiscal_year,2027,2027,2027,28,7
Health Insurance,Uninsured,2028,28.1,Millions of people,51298-2023-05-healthinsurance.xlsx,Table 1,false,51298,Table 1. Health Insurance Coverage for People Under Age 65 / Nongroup coverage purchased through marketplaces / Uninsured,fiscal_year,2028,2028,2028,28,8
Health Insurance,Uninsured,2029,28.1,Millions of people,51298-2023-05-healthinsurance.xlsx,Table 1,false,51298,Table 1. Health Insurance Coverage for People Under Age 65 / Nongroup coverage purchased through marketplaces / Uninsured,fiscal_year,2029,2029,2029,28,9
Health Insurance,Uninsured,2030,27.700000000000003,Millions of people,51298-2023-05-healthinsurance.xlsx,Table 1,false,51298,Table 1. Health Insurance Coverage for People Under Age 65 / Nongroup coverage purchased through marketplaces / Uninsured,fiscal_year,2030,2030,2030,28,10
Health Insurance,Uninsured,2031,27.6,Millions of people,51298-2023-05-healthinsurance.xlsx,Table 1,false,51298,Table 1. Health Insurance Coverage for People Under Age 65 / Nongroup coverage purchased through marketplaces / Uninsured,fiscal_year,2031,2031,2031,28,11
Health Insurance,Uninsured,2032,27.5,Millions of people,51298-2023-05-healthinsurance.xlsx,Table 1,false,51298,Table 1. Health Insurance Coverage for People Under Age 65 / Nongroup coverage purchased through marketplaces / Uninsured,fiscal_year,2032,2032,2032,28,12
Health Insurance,Uninsured,2033,27.5,Millions of people,51298-2023-05-healthinsurance.xlsx,Table 1,false,51298,Table 1. Health Insurance Coverage for People Under Age 65 / Nongroup coverage purchased through marketplaces / Uninsured,fiscal_year,2033,2033,2033,28,13
Health Insurance,People With Muliple Sources of Coverage,2023,19.8,Millions of people,51298-2023-05-healthinsurance.xlsx,Table 1,false,51298,Table 1. Health Insurance Coverage for People Under Age 65 / Nongroup coverage purchased through marketplaces / People With Muliple Sources of Coverage,fiscal_year,2023,2023,2023,29,3
Health Insurance,People With Muliple Sources of Coverage,2024,15.4,Millions of people,51298-2023-05-healthinsurance.xlsx,Table 1,false,51298,Table 1. Health Insurance Coverage for People Under Age 65 / Nongroup coverage purchased through marketplaces / People With Muliple Sources of Coverage,fiscal_year,2024,2024,2024,29,4
Health Insurance,People With Muliple Sources of Coverage,2025,14.5,Millions of people,51298-2023-05-healthinsurance.xlsx,Table 1,false,51298,Table 1. Health Insurance Coverage for People Under Age 65 / Nongroup coverage purchased through marketplaces / People With Muliple Sources of Coverage,fiscal_year,2025,2025,2025,29,5
Health Insurance,People With Muliple Sources of Coverage,2026,14.5,Millions of people,51298-2023-05-healthinsurance.xlsx,Table 1,false,51298,Table 1. Health Insurance Coverage for People Under Age 65 / Nongroup coverage purchased through marketplaces / People With Muliple Sources of Coverage,fiscal_year,2026,2026,2026,29,6
Health Insurance,People With Muliple Sources of Coverage,2027,14.4,Millions of people,51298-2023-05-healthinsurance.xlsx,Table 1,false,51298,Table 1. Health Insurance Coverage for People Under Age 65 / Nongroup coverage purchased through marketplaces / People With Muliple Sources of Coverage,fiscal_year,2027,2027,2027,29,7
Health Insurance,People With Muliple Sources of Coverage,2028,14.4,Millions of people,51298-2023-05-healthinsurance.xlsx,Table 1,false,51298,Table 1. Health Insurance Coverage for People Under Age 65 / Nongroup coverage purchased through marketplaces / People With Muliple Sources of Coverage,fiscal_year,2028,2028,2028,29,8
Health Insurance,People With Muliple Sources of Coverage,2029,14.3,Millions of people,51298-2023-05-healthinsurance.xlsx,Table 1,false,51298,Table 1. Health Insurance Coverage for People Under Age 65 / Nongroup coverage purchased through marketplaces / People With Muliple Sources of Coverage,fiscal_year,2029,2029,2029,29,9
Health Insurance,People With Muliple Sources of Coverage,2030,14.3,Millions of people,51298-2023-05-healthinsurance.xlsx,Table 1,false,51298,Table 1. Health Insurance Coverage for People Under Age 65 / Nongroup coverage purchased through marketplaces / People With Muliple Sources of Coverage,fiscal_year,2030,2030,2030,29,10
Health Insurance,People With Muliple Sources of Coverage,2031,14.3,Millions of people,51298-2023-05-healthinsurance.xlsx,Table 1,false,51298,Table 1. Health Insurance Coverage for People Under Age 65 / Nongroup coverage purchased through marketplaces / People With Muliple Sources of Coverage,fiscal_year,2031,2031,2031,29,11
Health Insurance,People With Muliple Sources of Coverage,2032,14.200000000000001,Millions of people,51298-2023-05-healthinsurance.xlsx,Table 1,false,51298,Table 1. Health Insurance Coverage for People Under Age 65 / Nongroup coverage purchased through marketplaces / People With Muliple Sources of Coverage,fiscal_year,2032,2032,2032,29,12
Health Insurance,People With Muliple Sources of Coverage,2033,14.4,Millions of people,51298-2023-05-healthinsurance.xlsx,Table 1,false,51298,Table 1. Health Insurance Coverage for People Under Age 65 / Nongroup coverage purchased through marketplaces / People With Muliple Sources of Coverage,fiscal_year,2033,2033,2033,29,13
Health Insurance,Memorandum:,2023,248.20000000000002,Number of insured people,51298-2023-05-healthinsurance.xlsx,Table 1,false,51298,Table 1. Health Insurance Coverage for People Under Age 65 / Memorandum:,fiscal_year,2023,2023,2023,31,3
Health Insurance,Memorandum:,2024,245.60000000000002,Number of insured people,51298-2023-05-healthinsurance.xlsx,Table 1,false,51298,Table 1. Health Insurance Coverage for People Under Age 65 / Memorandum:,fiscal_year,2024,2024,2024,31,4
Health Insurance,Memorandum:,2025,244.60000000000002,Number of insured people,51298-2023-05-healthinsurance.xlsx,Table 1,false,51298,Table 1. Health Insurance Coverage for People Under Age 65 / Memorandum:,fiscal_year,2025,2025,2025,31,5
Health Insurance,Memorandum:,2026,243.4,Number of insured people,51298-2023-05-healthinsurance.xlsx,Table 1,false,51298,Table 1. Health Insurance Coverage for People Under Age 65 / Memorandum:,fiscal_year,2026,2026,2026,31,6
Health Insurance,Memorandum:,2027,242.5,Number of insured people,51298-2023-05-healthinsurance.xlsx,Table 1,false,51298,Table 1. Health Insurance Coverage for People Under Age 65 / Memorandum:,fiscal_year,2027,2027,2027,31,7
Health Insurance,Memorandum:,2028,242.8,Number of insured people,51298-2023-05-healthinsurance.xlsx,Table 1,false,51298,Table 1. Health Insurance Coverage for People Under Age 65 / Memorandum:,fiscal_year,2028,2028,2028,31,8
Health Insurance,Memorandum:,2029,242.9,Number of insured people,51298-2023-05-healthinsurance.xlsx,Table 1,false,51298,Table 1. Health Insurance Coverage for People Under Age 65 / Memorandum:,fiscal_year,2029,2029,2029,31,9
Health Insurance,Memorandum:,2030,243.5,Number of insured people,51298-2023-05-healthinsurance.xlsx,Table 1,false,51298,Table 1. Health Insurance Coverage for People Under Age 65 / Memorandum:,fiscal_year,2030,2030,2030,31,10
Health Insurance,Memorandum:,2031,244.0,Number of insured people,51298-2023-05-healthinsurance.xlsx,Table 1,false,51298,Table 1. Health Insurance Coverage for People Under Age 65 / Memorandum:,fiscal_year,2031,2031,2031,31,11
Health Insurance,Memorandum:,2032,244.70000000000002,Number of insured people,51298-2023-05-healthinsurance.xlsx,Table 1,false,51298,Table 1. Health Insurance Coverage for People Under Age 65 / Memorandum:,fiscal_year,2032,2032,2032,31,12
Health Insurance,Memorandum:,2033,245.4,Number of insured people,51298-2023-05-healthinsurance.xlsx,Table 1,false,51298,Table 1. Health Insurance Coverage for People Under Age 65 / Memorandum:,fiscal_year,2033,2033,2033,31,13
Health Insurance,Including all U.S. residents,2023,8.3,Number of insured people,51298-2023-05-healthinsurance.xlsx,Table 1,false,51298,Table 1. Health Insurance Coverage for People Under Age 65 / Uninsured as a Percentage of the Population Under Age 65 / Including all U.S. residents,fiscal_year,2023,2023,2023,33,3
Health Insurance,Including all U.S. residents,2024,9.3,Number of insured people,51298-2023-05-healthinsurance.xlsx,Table 1,false,51298,Table 1. Health Insurance Coverage for People Under Age 65 / Uninsured as a Percentage of the Population Under Age 65 / Including all U.S. residents,fiscal_year,2024,2024,2024,33,4
Health Insurance,Including all U.S. residents,2025,9.700000000000001,Number of insured people,51298-2023-05-healthinsurance.xlsx,Table 1,false,51298,Table 1. Health Insurance Coverage for People Under Age 65 / Uninsured as a Percentage of the Population Under Age 65 / Including all U.S. residents,fiscal_year,2025,2025,2025,33,5
Health Insurance,Including all U.S. residents,2026,10.100000000000001,Number of insured people,51298-2023-05-healthinsurance.xlsx,Table 1,false,51298,Table 1. Health Insurance Coverage for People Under Age 65 / Uninsured as a Percentage of the Population Under Age 65 / Including all U.S. residents,fiscal_year,2026,2026,2026,33,6
Health Insurance,Including all U.S. residents,2027,10.4,Number of insured people,51298-2023-05-healthinsurance.xlsx,Table 1,false,51298,Table 1. Health Insurance Coverage for People Under Age 65 / Uninsured as a Percentage of the Population Under Age 65 / Including all U.S. residents,fiscal_year,2027,2027,2027,33,7
Health Insurance,Including all U.S. residents,2028,10.4,Number of insured people,51298-2023-05-healthinsurance.xlsx,Table 1,false,51298,Table 1. Health Insurance Coverage for People Under Age 65 / Uninsured as a Percentage of the Population Under Age 65 / Including all U.S. residents,fiscal_year,2028,2028,2028,33,8
Health Insurance,Including all U.S. residents,2029,10.4,Number of insured people,51298-2023-05-healthinsurance.xlsx,Table 1,false,51298,Table 1. Health Insurance Coverage for People Under Age 65 / Uninsured as a Percentage of the Population Under Age 65 / Including all U.S. residents,fiscal_year,2029,2029,2029,33,9
Health Insurance,Including all U.S. residents,2030,10.200000000000001,Number of insured people,51298-2023-05-healthinsurance.xlsx,Table 1,false,51298,Table 1. Health Insurance Coverage for People Under Age 65 / Uninsured as a Percentage of the Population Under Age 65 / Including all U.S. residents,fiscal_year,2030,2030,2030,33,10
Health Insurance,Including all U.S. residents,2031,10.200000000000001,Number of insured people,51298-2023-05-healthinsurance.xlsx,Table 1,false,51298,Table 1. Health Insurance Coverage for People Under Age 65 / Uninsured as a Percentage of the Population Under Age 65 / Including all U.S. residents,fiscal_year,2031,2031,2031,33,11
Health Insurance,Including all U.S. residents,2032,10.100000000000001,Number of insured people,51298-2023-05-healthinsurance.xlsx,Table 1,false,51298,Table 1. Health Insurance Coverage for People Under Age 65 / Uninsured as a Percentage of the Population Under Age 65 / Including all U.S. residents,fiscal_year,2032,2032,2032,33,12
Health Insurance,Including all U.S. residents,2033,10.100000000000001,Number of insured people,51298-2023-05-healthinsurance.xlsx,Table 1,false,51298,Table 1. Health Insurance Coverage for People Under Age 65 / Uninsured as a Percentage of the Population Under Age 65 / Including all U.S. residents,fiscal_year,2033,2033,2033,33,13
Health Insurance,Excluding noncitizens not lawfully present,2023,6.4,Number of insured people,51298-2023-05-healthinsurance.xlsx,Table 1,false,51298,Table 1. Health Insurance Coverage for People Under Age 65 / Uninsured as a Percentage of the Population Under Age 65 / Excluding noncitizens not lawfully present,fiscal_year,2023,2023,2023,34,3
Health Insurance,Excluding noncitizens not lawfully present,2024,7.300000000000001,Number of insured people,51298-2023-05-healthinsurance.xlsx,Table 1,false,51298,Table 1. Health Insurance Coverage for People Under Age 65 / Uninsured as a Percentage of the Population Under Age 65 / Excluding noncitizens not lawfully present,fiscal_year,2024,2024,2024,34,4
Health Insurance,Excluding noncitizens not lawfully present,2025,7.7,Number of insured people,51298-2023-05-healthinsurance.xlsx,Table 1,false,51298,Table 1. Health Insurance Coverage for People Under Age 65 / Uninsured as a Percentage of the Population Under Age 65 / Excluding noncitizens not lawfully present,fiscal_year,2025,2025,2025,34,5
Health Insurance,Excluding noncitizens not lawfully present,2026,8.200000000000001,Number of insured people,51298-2023-05-healthinsurance.xlsx,Table 1,false,51298,Table 1. Health Insurance Coverage for People Under Age 65 / Uninsured as a Percentage of the Population Under Age 65 / Excluding noncitizens not lawfully present,fiscal_year,2026,2026,2026,34,6
Health Insurance,Excluding noncitizens not lawfully present,2027,8.6,Number of insured people,51298-2023-05-healthinsurance.xlsx,Table 1,false,51298,Table 1. Health Insurance Coverage for People Under Age 65 / Uninsured as a Percentage of the Population Under Age 65 / Excluding noncitizens not lawfully present,fiscal_year,2027,2027,2027,34,7
Health Insurance,Excluding noncitizens not lawfully present,2028,8.5,Number of insured people,51298-2023-05-healthinsurance.xlsx,Table 1,false,51298,Table 1. Health Insurance Coverage for People Under Age 65 / Uninsured as a Percentage of the Population Under Age 65 / Excluding noncitizens not lawfully present,fiscal_year,2028,2028,2028,34,8
Health Insurance,Excluding noncitizens not lawfully present,2029,8.5,Number of insured people,51298-2023-05-healthinsurance.xlsx,Table 1,false,51298,Table 1. Health Insurance Coverage for People Under Age 65 / Uninsured as a Percentage of the Population Under Age 65 / Excluding noncitizens not lawfully present,fiscal_year,2029,2029,2029,34,9
Health Insurance,Excluding noncitizens not lawfully present,2030,8.4,Number of insured people,51298-2023-05-healthinsurance.xlsx,Table 1,false,51298,Table 1. Health Insurance Coverage for People Under Age 65 / Uninsured as a Percentage of the Population Under Age 65 / Excluding noncitizens not lawfully present,fiscal_year,2030,2030,2030,34,10
Health Insurance,Excluding noncitizens not lawfully present,2031,8.3,Number of insured people,51298-2023-05-healthinsurance.xlsx,Table 1,false,51298,Table 1. Health Insurance Coverage for People Under Age 65 / Uninsured as a Percentage of the Population Under Age 65 / Excluding noncitizens not lawfully present,fiscal_year,2031,2031,2031,34,11
Health Insurance,Excluding noncitizens not lawfully present,2032,8.3,Number of insured people,51298-2023-05-healthinsurance.xlsx,Table 1,false,51298,Table 1. Health Insurance Coverage for People Under Age 65 / Uninsured as a Percentage of the Population Under Age 65 / Excluding noncitizens not lawfully present,fiscal_year,2032,2032,2032,34,12
Health Insurance,Excluding noncitizens not lawfully present,2033,8.200000000000001,Number of insured people,51298-2023-05-healthinsurance.xlsx,Table 1,false,51298,Table 1. Health Insurance Coverage for People Under Age 65 / Uninsured as a Percentage of the Population Under Age 65 / Excluding noncitizens not lawfully present,fiscal_year,2033,2033,2033,34,13
Health Insurance,n.a.,2023,323.0,Billions of dollars,51298-2023-05-healthinsurance.xlsx,Table 2,false,51298,Table 2. Net Federal Subsidies for Health Insurance Coverage for People Under Age 65 / Employment-Based Coverage / Tax exclusion for employment-based coverage / n.a.,fiscal_year,2023,2023,2023,10,3
Health Insurance,n.a.,2024,342.0,Billions of dollars,51298-2023-05-healthinsurance.xlsx,Table 2,false,51298,Table 2. Net Federal Subsidies for Health Insurance Coverage for People Under Age 65 / Employment-Based Coverage / Tax exclusion for employment-based coverage / n.a.,fiscal_year,2024,2024,2024,10,4
Health Insurance,n.a.,2025,367.0,Billions of dollars,51298-2023-05-healthinsurance.xlsx,Table 2,false,51298,Table 2. Net Federal Subsidies for Health Insurance Coverage for People Under Age 65 / Employment-Based Coverage / Tax exclusion for employment-based coverage / n.a.,fiscal_year,2025,2025,2025,10,5
Health Insurance,n.a.,2026,424.0,Billions of dollars,51298-2023-05-healthinsurance.xlsx,Table 2,false,51298,Table 2. Net Federal Subsidies for Health Insurance Coverage for People Under Age 65 / Employment-Based Coverage / Tax exclusion for employment-based coverage / n.a.,fiscal_year,2026,2026,2026,10,6
Health Insurance,n.a.,2027,465.0,Billions of dollars,51298-2023-05-healthinsurance.xlsx,Table 2,false,51298,Table 2. Net Federal Subsidies for Health Insurance Coverage for People Under Age 65 / Employment-Based Coverage / Tax exclusion for employment-based coverage / n.a.,fiscal_year,2027,2027,2027,10,7
Health Insurance,n.a.,2028,492.0,Billions of dollars,51298-2023-05-healthinsurance.xlsx,Table 2,false,51298,Table 2. Net Federal Subsidies for Health Insurance Coverage for People Under Age 65 / Employment-Based Coverage / Tax exclusion for employment-based coverage / n.a.,fiscal_year,2028,2028,2028,10,8
Health Insurance,n.a.,2029,518.0,Billions of dollars,51298-2023-05-healthinsurance.xlsx,Table 2,false,51298,Table 2. Net Federal Subsidies for Health Insurance Coverage for People Under Age 65 / Employment-Based Coverage / Tax exclusion for employment-based coverage / n.a.,fiscal_year,2029,2029,2029,10,9
Health Insurance,n.a.,2030,544.0,Billions of dollars,51298-2023-05-healthinsurance.xlsx,Table 2,false,51298,Table 2. Net Federal Subsidies for Health Insurance Coverage for People Under Age 65 / Employment-Based Coverage / Tax exclusion for employment-based coverage / n.a.,fiscal_year,2030,2030,2030,10,10
Health Insurance,n.a.,2031,573.0,Billions of dollars,51298-2023-05-healthinsurance.xlsx,Table 2,false,51298,Table 2. Net Federal Subsidies for Health Insurance Coverage for People Under Age 65 / Employment-Based Coverage / Tax exclusion for employment-based coverage / n.a.,fiscal_year,2031,2031,2031,10,11
Health Insurance,n.a.,2032,604.0,Billions of dollars,51298-2023-05-healthinsurance.xlsx,Table 2,false,51298,Table 2. Net Federal Subsidies for Health Insurance Coverage for People Under Age 65 / Employment-Based Coverage / Tax exclusion for employment-based coverage / n.a.,fiscal_year,2032,2032,2032,10,12
Health Insurance,n.a.,2033,637.0,Billions of dollars,51298-2023-05-healthinsurance.xlsx,Table 2,false,51298,Table 2. Net Federal Subsidies for Health Insurance Coverage for People Under Age 65 / Employment-Based Coverage / Tax exclusion for employment-based coverage / n.a.,fiscal_year,2033,2033,2033,10,13
Health Insurance,n.a.,2023,4.0,Billions of dollars,51298-2023-05-healthinsurance.xlsx,Table 2,false,51298,Table 2. Net Federal Subsidies for Health Insurance Coverage for People Under Age 65 / Employment-Based Coverage / Income tax deduction for self-employment health insurance / n.a.,fiscal_year,2023,2023,2023,11,3
Health Insurance,n.a.,2024,5.0,Billions of dollars,51298-2023-05-healthinsurance.xlsx,Table 2,false,51298,Table 2. Net Federal Subsidies for Health Insurance Coverage for People Under Age 65 / Employment-Based Coverage / Income tax deduction for self-employment health insurance / n.a.,fiscal_year,2024,2024,2024,11,4
Health Insurance,n.a.,2025,5.0,Billions of dollars,51298-2023-05-healthinsurance.xlsx,Table 2,false,51298,Table 2. Net Federal Subsidies for Health Insurance Coverage for People Under Age 65 / Employment-Based Coverage / Income tax deduction for self-employment health insurance / n.a.,fiscal_year,2025,2025,2025,11,5
Health Insurance,n.a.,2026,7.0,Billions of dollars,51298-2023-05-healthinsurance.xlsx,Table 2,false,51298,Table 2. Net Federal Subsidies for Health Insurance Coverage for People Under Age 65 / Employment-Based Coverage / Income tax deduction for self-employment health insurance / n.a.,fiscal_year,2026,2026,2026,11,6
Health Insurance,n.a.,2027,8.0,Billions of dollars,51298-2023-05-healthinsurance.xlsx,Table 2,false,51298,Table 2. Net Federal Subsidies for Health Insurance Coverage for People Under Age 65 / Employment-Based Coverage / Income tax deduction for self-employment health insurance / n.a.,fiscal_year,2027,2027,2027,11,7
Health Insurance,n.a.,2028,8.0,Billions of dollars,51298-2023-05-healthinsurance.xlsx,Table 2,false,51298,Table 2. Net Federal Subsidies for Health Insurance Coverage for People Under Age 65 / Employment-Based Coverage / Income tax deduction for self-employment health insurance / n.a.,fiscal_year,2028,2028,2028,11,8
Health Insurance,n.a.,2029,9.0,Billions of dollars,51298-2023-05-healthinsurance.xlsx,Table 2,false,51298,Table 2. Net Federal Subsidies for Health Insurance Coverage for People Under Age 65 / Employment-Based Coverage / Income tax deduction for self-employment health insurance / n.a.,fiscal_year,2029,2029,2029,11,9
Health Insurance,n.a.,2030,9.0,Billions of dollars,51298-2023-05-healthinsurance.xlsx,Table 2,false,51298,Table 2. Net Federal Subsidies for Health Insurance Coverage for People Under Age 65 / Employment-Based Coverage / Income tax deduction for self-employment health insurance / n.a.,fiscal_year,2030,2030,2030,11,10
Health Insurance,n.a.,2031,10.0,Billions of dollars,51298-2023-05-healthinsurance.xlsx,Table 2,false,51298,Table 2. Net Federal Subsidies for Health Insurance Coverage for People Under Age 65 / Employment-Based Coverage / Income tax deduction for self-employment health insurance / n.a.,fiscal_year,2031,2031,2031,11,11
Health Insurance,n.a.,2032,10.0,Billions of dollars,51298-2023-05-healthinsurance.xlsx,Table 2,false,51298,Table 2. Net Federal Subsidies for Health Insurance Coverage for People Under Age 65 / Employment-Based Coverage / Income tax deduction for self-employment health insurance / n.a.,fiscal_year,2032,2032,2032,11,12
Health Insurance,n.a.,2033,11.0,Billions of dollars,51298-2023-05-healthinsurance.xlsx,Table 2,false,51298,Table 2. Net Federal Subsidies for Health Insurance Coverage for People Under Age 65 / Employment-Based Coverage / Income tax deduction for self-employment health insurance / n.a.,fiscal_year,2033,2033,2033,11,13
Health Insurance,n.a.,2023,-1.0,Billions of dollars,51298-2023-05-healthinsurance.xlsx,Table 2,false,51298,Table 2. Net Federal Subsidies for Health Insurance Coverage for People Under Age 65 / Small-employer tax credits / n.a. / Gross collections of penalty payments by employers,fiscal_year,2023,2023,2023,13,3
Health Insurance,n.a.,2024,-1.0,Billions of dollars,51298-2023-05-healthinsurance.xlsx,Table 2,false,51298,Table 2. Net Federal Subsidies for Health Insurance Coverage for People Under Age 65 / Small-employer tax credits / n.a. / Gross collections of penalty payments by employers,fiscal_year,2024,2024,2024,13,4
Health Insurance,n.a.,2025,-1.0,Billions of dollars,51298-2023-05-healthinsurance.xlsx,Table 2,false,51298,Table 2. Net Federal Subsidies for Health Insurance Coverage for People Under Age 65 / Small-employer tax credits / n.a. / Gross collections of penalty payments by employers,fiscal_year,2025,2025,2025,13,5
Health Insurance,n.a.,2026,-1.0,Billions of dollars,51298-2023-05-healthinsurance.xlsx,Table 2,false,51298,Table 2. Net Federal Subsidies for Health Insurance Coverage for People Under Age 65 / Small-employer tax credits / n.a. / Gross collections of penalty payments by employers,fiscal_year,2026,2026,2026,13,6
Health Insurance,n.a.,2027,-1.0,Billions of dollars,51298-2023-05-healthinsurance.xlsx,Table 2,false,51298,Table 2. Net Federal Subsidies for Health Insurance Coverage for People Under Age 65 / Small-employer tax credits / n.a. / Gross collections of penalty payments by employers,fiscal_year,2027,2027,2027,13,7
Health Insurance,n.a.,2028,-1.0,Billions of dollars,51298-2023-05-healthinsurance.xlsx,Table 2,false,51298,Table 2. Net Federal Subsidies for Health Insurance Coverage for People Under Age 65 / Small-employer tax credits / n.a. / Gross collections of penalty payments by employers,fiscal_year,2028,2028,2028,13,8
Health Insurance,n.a.,2029,-1.0,Billions of dollars,51298-2023-05-healthinsurance.xlsx,Table 2,false,51298,Table 2. Net Federal Subsidies for Health Insurance Coverage for People Under Age 65 / Small-employer tax credits / n.a. / Gross collections of penalty payments by employers,fiscal_year,2029,2029,2029,13,9
Health Insurance,n.a.,2030,-1.0,Billions of dollars,51298-2023-05-healthinsurance.xlsx,Table 2,false,51298,Table 2. Net Federal Subsidies for Health Insurance Coverage for People Under Age 65 / Small-employer tax credits / n.a. / Gross collections of penalty payments by employers,fiscal_year,2030,2030,2030,13,10
Health Insurance,n.a.,2031,-1.0,Billions of dollars,51298-2023-05-healthinsurance.xlsx,Table 2,false,51298,Table 2. Net Federal Subsidies for Health Insurance Coverage for People Under Age 65 / Small-employer tax credits / n.a. / Gross collections of penalty payments by employers,fiscal_year,2031,2031,2031,13,11
Health Insurance,n.a.,2032,-1.0,Billions of dollars,51298-2023-05-healthinsurance.xlsx,Table 2,false,51298,Table 2. Net Federal Subsidies for Health Insurance Coverage for People Under Age 65 / Small-employer tax credits / n.a. / Gross collections of penalty payments by employers,fiscal_year,2032,2032,2032,13,12
Health Insurance,n.a.,2033,-1.0,Billions of dollars,51298-2023-05-healthinsurance.xlsx,Table 2,false,51298,Table 2. Net Federal Subsidies for Health Insurance Coverage for People Under Age 65 / Small-employer tax credits / n.a. / Gross collections of penalty payments by employers,fiscal_year,2033,2033,2033,13,13
Health Insurance,n.a.,2023,327.0,Billions of dollars,51298-2023-05-healthinsurance.xlsx,Table 2,true,51298,Table 2. Net Federal Subsidies for Health Insurance Coverage for People Under Age 65 / Small-employer tax credits / n.a. / Subtotal,fiscal_year,2023,2023,2023,14,3
Health Insurance,n.a.,2024,346.0,Billions of dollars,51298-2023-05-healthinsurance.xlsx,Table 2,true,51298,Table 2. Net Federal Subsidies for Health Insurance Coverage for People Under Age 65 / Small-employer tax credits / n.a. / Subtotal,fiscal_year,2024,2024,2024,14,4
Health Insurance,n.a.,2025,371.0,Billions of dollars,51298-2023-05-healthinsurance.xlsx,Table 2,true,51298,Table 2. Net Federal Subsidies for Health Insurance Coverage for People Under Age 65 / Small-employer tax credits / n.a. / Subtotal,fiscal_year,2025,2025,2025,14,5
Health Insurance,n.a.,2026,430.0,Billions of dollars,51298-2023-05-healthinsurance.xlsx,Table 2,true,51298,Table 2. Net Federal Subsidies for Health Insurance Coverage for People Under Age 65 / Small-employer tax credits / n.a. / Subtotal,fiscal_year,2026,2026,2026,14,6
Health Insurance,n.a.,2027,472.0,Billions of dollars,51298-2023-05-healthinsurance.xlsx,Table 2,true,51298,Table 2. Net Federal Subsidies for Health Insurance Coverage for People Under Age 65 / Small-employer tax credits / n.a. / Subtotal,fiscal_year,2027,2027,2027,14,7
Health Insurance,n.a.,2028,499.0,Billions of dollars,51298-2023-05-healthinsurance.xlsx,Table 2,true,51298,Table 2. Net Federal Subsidies for Health Insurance Coverage for People Under Age 65 / Small-employer tax credits / n.a. / Subtotal,fiscal_year,2028,2028,2028,14,8
Health Insurance,n.a.,2029,525.0,Billions of dollars,51298-2023-05-healthinsurance.xlsx,Table 2,true,51298,Table 2. Net Federal Subsidies for Health Insurance Coverage for People Under Age 65 / Small-employer tax credits / n.a. / Subtotal,fiscal_year,2029,2029,2029,14,9
Health Insurance,n.a.,2030,552.0,Billions of dollars,51298-2023-05-healthinsurance.xlsx,Table 2,true,51298,Table 2. Net Federal Subsidies for Health Insurance Coverage for People Under Age 65 / Small-employer tax credits / n.a. / Subtotal,fiscal_year,2030,2030,2030,14,10
Health Insurance,n.a.,2031,581.0,Billions of dollars,51298-2023-05-healthinsurance.xlsx,Table 2,true,51298,Table 2. Net Federal Subsidies for Health Insurance Coverage for People Under Age 65 / Small-employer tax credits / n.a. / Subtotal,fiscal_year,2031,2031,2031,14,11
Health Insurance,n.a.,2032,613.0,Billions of dollars,51298-2023-05-healthinsurance.xlsx,Table 2,true,51298,Table 2. Net Federal Subsidies for Health Insurance Coverage for People Under Age 65 / Small-employer tax credits / n.a. / Subtotal,fiscal_year,2032,2032,2032,14,12
Health Insurance,n.a.,2033,647.0,Billions of dollars,51298-2023-05-healthinsurance.xlsx,Table 2,true,51298,Table 2. Net Federal Subsidies for Health Insurance Coverage for People Under Age 65 / Small-employer tax credits / n.a. / Subtotal,fiscal_year,2033,2033,2033,14,13
Health Insurance,Blind and disabled people in Medicaid,2023,145.0,Billions of dollars,51298-2023-05-healthinsurance.xlsx,Table 2,false,51298,Table 2. Net Federal Subsidies for Health Insurance Coverage for People Under Age 65 / Medicaid and CHIP / Blind and disabled people in Medicaid,fiscal_year,2023,2023,2023,16,3
Health Insurance,Blind and disabled people in Medicaid,2024,134.0,Billions of dollars,51298-2023-05-healthinsurance.xlsx,Table 2,false,51298,Table 2. Net Federal Subsidies for Health Insurance Coverage for People Under Age 65 / Medicaid and CHIP / Blind and disabled people in Medicaid,fiscal_year,2024,2024,2024,16,4
Health Insurance,Blind and disabled people in Medicaid,2025,138.0,Billions of dollars,51298-2023-05-healthinsurance.xlsx,Table 2,false,51298,Table 2. Net Federal Subsidies for Health Insurance Coverage for People Under Age 65 / Medicaid and CHIP / Blind and disabled people in Medicaid,fiscal_year,2025,2025,2025,16,5
Health Insurance,Blind and disabled people in Medicaid,2026,147.0,Billions of dollars,51298-2023-05-healthinsurance.xlsx,Table 2,false,51298,Table 2. Net Federal Subsidies for Health Insurance Coverage for People Under Age 65 / Medicaid and CHIP / Blind and disabled people in Medicaid,fiscal_year,2026,2026,2026,16,6
Health Insurance,Blind and disabled people in Medicaid,2027,157.0,Billions of dollars,51298-2023-05-healthinsurance.xlsx,Table 2,false,51298,Table 2. Net Federal Subsidies for Health Insurance Coverage for People Under Age 65 / Medicaid and CHIP / Blind and disabled people in Medicaid,fiscal_year,2027,2027,2027,16,7
Health Insurance,Blind and disabled people in Medicaid,2028,167.0,Billions of dollars,51298-2023-05-healthinsurance.xlsx,Table 2,false,51298,Table 2. Net Federal Subsidies for Health Insurance Coverage for People Under Age 65 / Medicaid and CHIP / Blind and disabled people in Medicaid,fiscal_year,2028,2028,2028,16,8
Health Insurance,Blind and disabled people in Medicaid,2029,177.0,Billions of dollars,51298-2023-05-healthinsurance.xlsx,Table 2,false,51298,Table 2. Net Federal Subsidies for Health Insurance Coverage for People Under Age 65 / Medicaid and CHIP / Blind and disabled people in Medicaid,fiscal_year,2029,2029,2029,16,9
Health Insurance,Blind and disabled people in Medicaid,2030,187.0,Billions of dollars,51298-2023-05-healthinsurance.xlsx,Table 2,false,51298,Table 2. Net Federal Subsidies for Health Insurance Coverage for People Under Age 65 / Medicaid and CHIP / Blind and disabled people in Medicaid,fiscal_year,2030,2030,2030,16,10
Health Insurance,Blind and disabled people in Medicaid,2031,199.0,Billions of dollars,51298-2023-05-healthinsurance.xlsx,Table 2,false,51298,Table 2. Net Federal Subsidies for Health Insurance Coverage for People Under Age 65 / Medicaid and CHIP / Blind and disabled people in Medicaid,fiscal_year,2031,2031,2031,16,11
Health Insurance,Blind and disabled people in Medicaid,2032,211.0,Billions of dollars,51298-2023-05-healthinsurance.xlsx,Table 2,false,51298,Table 2. Net Federal Subsidies for Health Insurance Coverage for People Under Age 65 / Medicaid and CHIP / Blind and disabled people in Medicaid,fiscal_year,2032,2032,2032,16,12
Health Insurance,Blind and disabled people in Medicaid,2033,224.0,Billions of dollars,51298-2023-05-healthinsurance.xlsx,Table 2,false,51298,Table 2. Net Federal Subsidies for Health Insurance Coverage for People Under Age 65 / Medicaid and CHIP / Blind and disabled people in Medicaid,fiscal_year,2033,2033,2033,16,13
Health Insurance,Children in Medicaid,2023,63.0,Billions of dollars,51298-2023-05-healthinsurance.xlsx,Table 2,false,51298,Table 2. Net Federal Subsidies for Health Insurance Coverage for People Under Age 65 / Medicaid and CHIP / Children in Medicaid,fiscal_year,2023,2023,2023,17,3
Health Insurance,Children in Medicaid,2024,54.0,Billions of dollars,51298-2023-05-healthinsurance.xlsx,Table 2,false,51298,Table 2. Net Federal Subsidies for Health Insurance Coverage for People Under Age 65 / Medicaid and CHIP / Children in Medicaid,fiscal_year,2024,2024,2024,17,4
Health Insurance,Children in Medicaid,2025,53.0,Billions of dollars,51298-2023-05-healthinsurance.xlsx,Table 2,false,51298,Table 2. Net Federal Subsidies for Health Insurance Coverage for People Under Age 65 / Medicaid and CHIP / Children in Medicaid,fiscal_year,2025,2025,2025,17,5
Health Insurance,Children in Medicaid,2026,56.0,Billions of dollars,51298-2023-05-healthinsurance.xlsx,Table 2,false,51298,Table 2. Net Federal Subsidies for Health Insurance Coverage for People Under Age 65 / Medicaid and CHIP / Children in Medicaid,fiscal_year,2026,2026,2026,17,6
Health Insurance,Children in Medicaid,2027,59.0,Billions of dollars,51298-2023-05-healthinsurance.xlsx,Table 2,false,51298,Table 2. Net Federal Subsidies for Health Insurance Coverage for People Under Age 65 / Medicaid and CHIP / Children in Medicaid,fiscal_year,2027,2027,2027,17,7
Health Insurance,Children in Medicaid,2028,62.0,Billions of dollars,51298-2023-05-healthinsurance.xlsx,Table 2,false,51298,Table 2. Net Federal Subsidies for Health Insurance Coverage for People Under Age 65 / Medicaid and CHIP / Children in Medicaid,fiscal_year,2028,2028,2028,17,8
Health Insurance,Children in Medicaid,2029,65.0,Billions of dollars,51298-2023-05-healthinsurance.xlsx,Table 2,false,51298,Table 2. Net Federal Subsidies for Health Insurance Coverage for People Under Age 65 / Medicaid and CHIP / Children in Medicaid,fiscal_year,2029,2029,2029,17,9
Health Insurance,Children in Medicaid,2030,69.0,Billions of dollars,51298-2023-05-healthinsurance.xlsx,Table 2,false,51298,Table 2. Net Federal Subsidies for Health Insurance Coverage for People Under Age 65 / Medicaid and CHIP / Children in Medicaid,fiscal_year,2030,2030,2030,17,10
Health Insurance,Children in Medicaid,2031,73.0,Billions of dollars,51298-2023-05-healthinsurance.xlsx,Table 2,false,51298,Table 2. Net Federal Subsidies for Health Insurance Coverage for People Under Age 65 / Medicaid and CHIP / Children in Medicaid,fiscal_year,2031,2031,2031,17,11
Health Insurance,Children in Medicaid,2032,79.0,Billions of dollars,51298-2023-05-healthinsurance.xlsx,Table 2,false,51298,Table 2. Net Federal Subsidies for Health Insurance Coverage for People Under Age 65 / Medicaid and CHIP / Children in Medicaid,fiscal_year,2032,2032,2032,17,12
Health Insurance,Children in Medicaid,2033,86.0,Billions of dollars,51298-2023-05-healthinsurance.xlsx,Table 2,false,51298,Table 2. Net Federal Subsidies for Health Insurance Coverage for People Under Age 65 / Medicaid and CHIP / Children in Medicaid,fiscal_year,2033,2033,2033,17,13
Health Insurance,Adults made eligible for Medicaid by the ACA,2023,123.0,Billions of dollars,51298-2023-05-healthinsurance.xlsx,Table 2,false,51298,Table 2. Net Federal Subsidies for Health Insurance Coverage for People Under Age 65 / Medicaid and CHIP / Adults made eligible for Medicaid by the ACA,fiscal_year,2023,2023,2023,18,3
Health Insurance,Adults made eligible for Medicaid by the ACA,2024,113.0,Billions of dollars,51298-2023-05-healthinsurance.xlsx,Table 2,false,51298,Table 2. Net Federal Subsidies for Health Insurance Coverage for People Under Age 65 / Medicaid and CHIP / Adults made eligible for Medicaid by the ACA,fiscal_year,2024,2024,2024,18,4
Health Insurance,Adults made eligible for Medicaid by the ACA,2025,108.0,Billions of dollars,51298-2023-05-healthinsurance.xlsx,Table 2,false,51298,Table 2. Net Federal Subsidies for Health Insurance Coverage for People Under Age 65 / Medicaid and CHIP / Adults made eligible for Medicaid by the ACA,fiscal_year,2025,2025,2025,18,5
Health Insurance,Adults made eligible for Medicaid by the ACA,2026,117.0,Billions of dollars,51298-2023-05-healthinsurance.xlsx,Table 2,false,51298,Table 2. Net Federal Subsidies for Health Insurance Coverage for People Under Age 65 / Medicaid and CHIP / Adults made eligible for Medicaid by the ACA,fiscal_year,2026,2026,2026,18,6
Health Insurance,Adults made eligible for Medicaid by the ACA,2027,126.0,Billions of dollars,51298-2023-05-healthinsurance.xlsx,Table 2,false,51298,Table 2. Net Federal Subsidies for Health Insurance Coverage for People Under Age 65 / Medicaid and CHIP / Adults made eligible for Medicaid by the ACA,fiscal_year,2027,2027,2027,18,7
Health Insurance,Adults made eligible for Medicaid by the ACA,2028,136.0,Billions of dollars,51298-2023-05-healthinsurance.xlsx,Table 2,false,51298,Table 2. Net Federal Subsidies for Health Insurance Coverage for People Under Age 65 / Medicaid and CHIP / Adults made eligible for Medicaid by the ACA,fiscal_year,2028,2028,2028,18,8
Health Insurance,Adults made eligible for Medicaid by the ACA,2029,146.0,Billions of dollars,51298-2023-05-healthinsurance.xlsx,Table 2,false,51298,Table 2. Net Federal Subsidies for Health Insurance Coverage for People Under Age 65 / Medicaid and CHIP / Adults made eligible for Medicaid by the ACA,fiscal_year,2029,2029,2029,18,9
Health Insurance,Adults made eligible for Medicaid by the ACA,2030,157.0,Billions of dollars,51298-2023-05-healthinsurance.xlsx,Table 2,false,51298,Table 2. Net Federal Subsidies for Health Insurance Coverage for People Under Age 65 / Medicaid and CHIP / Adults made eligible for Medicaid by the ACA,fiscal_year,2030,2030,2030,18,10
Health Insurance,Adults made eligible for Medicaid by the ACA,2031,169.0,Billions of dollars,51298-2023-05-healthinsurance.xlsx,Table 2,false,51298,Table 2. Net Federal Subsidies for Health Insurance Coverage for People Under Age 65 / Medicaid and CHIP / Adults made eligible for Medicaid by the ACA,fiscal_year,2031,2031,2031,18,11
Health Insurance,Adults made eligible for Medicaid by the ACA,2032,181.0,Billions of dollars,51298-2023-05-healthinsurance.xlsx,Table 2,false,51298,Table 2. Net Federal Subsidies for Health Insurance Coverage for People Under Age 65 / Medicaid and CHIP / Adults made eligible for Medicaid by the ACA,fiscal_year,2032,2032,2032,18,12
Health Insurance,Adults made eligible for Medicaid by the ACA,2033,196.0,Billions of dollars,51298-2023-05-healthinsurance.xlsx,Table 2,false,51298,Table 2. Net Federal Subsidies for Health Insurance Coverage for People Under Age 65 / Medicaid and CHIP / Adults made eligible for Medicaid by the ACA,fiscal_year,2033,2033,2033,18,13
Health Insurance,Adults otherwise eligible for Medicaid,2023,79.0,Billions of dollars,51298-2023-05-healthinsurance.xlsx,Table 2,false,51298,Table 2. Net Federal Subsidies for Health Insurance Coverage for People Under Age 65 / Medicaid and CHIP / Adults otherwise eligible for Medicaid,fiscal_year,2023,2023,2023,19,3
Health Insurance,Adults otherwise eligible for Medicaid,2024,67.0,Billions of dollars,51298-2023-05-healthinsurance.xlsx,Table 2,false,51298,Table 2. Net Federal Subsidies for Health Insurance Coverage for People Under Age 65 / Medicaid and CHIP / Adults otherwise eligible for Medicaid,fiscal_year,2024,2024,2024,19,4
Health Insurance,Adults otherwise eligible for Medicaid,2025,63.0,Billions of dollars,51298-2023-05-healthinsurance.xlsx,Table 2,false,51298,Table 2. Net Federal Subsidies for Health Insurance Coverage for People Under Age 65 / Medicaid and CHIP / Adults otherwise eligible for Medicaid,fiscal_year,2025,2025,2025,19,5
Health Insurance,Adults otherwise eligible for Medicaid,2026,68.0,Billions of dollars,51298-2023-05-healthinsurance.xlsx,Table 2,false,51298,Table 2. Net Federal Subsidies for Health Insurance Coverage for People Under Age 65 / Medicaid and CHIP / Adults otherwise eligible for Medicaid,fiscal_year,2026,2026,2026,19,6
Health Insurance,Adults otherwise eligible for Medicaid,2027,72.0,Billions of dollars,51298-2023-05-healthinsurance.xlsx,Table 2,false,51298,Table 2. Net Federal Subsidies for Health Insurance Coverage for People Under Age 65 / Medicaid and CHIP / Adults otherwise eligible for Medicaid,fiscal_year,2027,2027,2027,19,7
Health Insurance,Adults otherwise eligible for Medicaid,2028,77.0,Billions of dollars,51298-2023-05-healthinsurance.xlsx,Table 2,false,51298,Table 2. Net Federal Subsidies for Health Insurance Coverage for People Under Age 65 / Medicaid and CHIP / Adults otherwise eligible for Medicaid,fiscal_year,2028,2028,2028,19,8
Health Insurance,Adults otherwise eligible for Medicaid,2029,82.0,Billions of dollars,51298-2023-05-healthinsurance.xlsx,Table 2,false,51298,Table 2. Net Federal Subsidies for Health Insurance Coverage for People Under Age 65 / Medicaid and CHIP / Adults otherwise eligible for Medicaid,fiscal_year,2029,2029,2029,19,9
Health Insurance,Adults otherwise eligible for Medicaid,2030,88.0,Billions of dollars,51298-2023-05-healthinsurance.xlsx,Table 2,false,51298,Table 2. Net Federal Subsidies for Health Insurance Coverage for People Under Age 65 / Medicaid and CHIP / Adults otherwise eligible for Medicaid,fiscal_year,2030,2030,2030,19,10
Health Insurance,Adults otherwise eligible for Medicaid,2031,94.0,Billions of dollars,51298-2023-05-healthinsurance.xlsx,Table 2,false,51298,Table 2. Net Federal Subsidies for Health Insurance Coverage for People Under Age 65 / Medicaid and CHIP / Adults otherwise eligible for Medicaid,fiscal_year,2031,2031,2031,19,11
Health Insurance,Adults otherwise eligible for Medicaid,2032,100.0,Billions of dollars,51298-2023-05-healthinsurance.xlsx,Table 2,false,51298,Table 2. Net Federal Subsidies for Health Insurance Coverage for People Under Age 65 / Medicaid and CHIP / Adults otherwise eligible for Medicaid,fiscal_year,2032,2032,2032,19,12
Health Insurance,Adults otherwise eligible for Medicaid,2033,106.0,Billions of dollars,51298-2023-05-healthinsurance.xlsx,Table 2,false,51298,Table 2. Net Federal Subsidies for Health Insurance Coverage for People Under Age 65 / Medicaid and CHIP / Adults otherwise eligible for Medicaid,fiscal_year,2033,2033,2033,19,13
Health Insurance,CHIP,2023,17.0,Billions of dollars,51298-2023-05-healthinsurance.xlsx,Table 2,false,51298,Table 2. Net Federal Subsidies for Health Insurance Coverage for People Under Age 65 / Medicaid and CHIP / CHIP,fiscal_year,2023,2023,2023,20,3
Health Insurance,CHIP,2024,17.0,Billions of dollars,51298-2023-05-healthinsurance.xlsx,Table 2,false,51298,Table 2. Net Federal Subsidies for Health Insurance Coverage for People Under Age 65 / Medicaid and CHIP / CHIP,fiscal_year,2024,2024,2024,20,4
Health Insurance,CHIP,2025,18.0,Billions of dollars,51298-2023-05-healthinsurance.xlsx,Table 2,false,51298,Table 2. Net Federal Subsidies for Health Insurance Coverage for People Under Age 65 / Medicaid and CHIP / CHIP,fiscal_year,2025,2025,2025,20,5
Health Insurance,CHIP,2026,18.0,Billions of dollars,51298-2023-05-healthinsurance.xlsx,Table 2,false,51298,Table 2. Net Federal Subsidies for Health Insurance Coverage for People Under Age 65 / Medicaid and CHIP / CHIP,fiscal_year,2026,2026,2026,20,6
Health Insurance,CHIP,2027,19.0,Billions of dollars,51298-2023-05-healthinsurance.xlsx,Table 2,false,51298,Table 2. Net Federal Subsidies for Health Insurance Coverage for People Under Age 65 / Medicaid and CHIP / CHIP,fiscal_year,2027,2027,2027,20,7
Health Insurance,CHIP,2028,20.0,Billions of dollars,51298-2023-05-healthinsurance.xlsx,Table 2,false,51298,Table 2. Net Federal Subsidies for Health Insurance Coverage for People Under Age 65 / Medicaid and CHIP / CHIP,fiscal_year,2028,2028,2028,20,8
Health Insurance,CHIP,2029,20.0,Billions of dollars,51298-2023-05-healthinsurance.xlsx,Table 2,false,51298,Table 2. Net Federal Subsidies for Health Insurance Coverage for People Under Age 65 / Medicaid and CHIP / CHIP,fiscal_year,2029,2029,2029,20,9
Health Insurance,CHIP,2030,21.0,Billions of dollars,51298-2023-05-healthinsurance.xlsx,Table 2,false,51298,Table 2. Net Federal Subsidies for Health Insurance Coverage for People Under Age 65 / Medicaid and CHIP / CHIP,fiscal_year,2030,2030,2030,20,10
Health Insurance,CHIP,2031,22.0,Billions of dollars,51298-2023-05-healthinsurance.xlsx,Table 2,false,51298,Table 2. Net Federal Subsidies for Health Insurance Coverage for People Under Age 65 / Medicaid and CHIP / CHIP,fiscal_year,2031,2031,2031,20,11
Health Insurance,CHIP,2032,20.0,Billions of dollars,51298-2023-05-healthinsurance.xlsx,Table 2,false,51298,Table 2. Net Federal Subsidies for Health Insurance Coverage for People Under Age 65 / Medicaid and CHIP / CHIP,fiscal_year,2032,2032,2032,20,12
Health Insurance,CHIP,2033,15.0,Billions of dollars,51298-2023-05-healthinsurance.xlsx,Table 2,false,51298,Table 2. Net Federal Subsidies for Health Insurance Coverage for People Under Age 65 / Medicaid and CHIP / CHIP,fiscal_year,2033,2033,2033,20,13
Health Insurance,Subtotal,2023,426.0,Billions of dollars,51298-2023-05-healthinsurance.xlsx,Table 2,true,51298,Table 2. Net Federal Subsidies for Health Insurance Coverage for People Under Age 65 / Medicaid and CHIP / Subtotal,fiscal_year,2023,2023,2023,21,3
Health Insurance,Subtotal,2024,384.0,Billions of dollars,51298-2023-05-healthinsurance.xlsx,Table 2,true,51298,Table 2. Net Federal Subsidies for Health Insurance Coverage for People Under Age 65 / Medicaid and CHIP / Subtotal,fiscal_year,2024,2024,2024,21,4
Health Insurance,Subtotal,2025,379.0,Billions of dollars,51298-2023-05-healthinsurance.xlsx,Table 2,true,51298,Table 2. Net Federal Subsidies for Health Insurance Coverage for People Under Age 65 / Medicaid and CHIP / Subtotal,fiscal_year,2025,2025,2025,21,5
Health Insurance,Subtotal,2026,406.0,Billions of dollars,51298-2023-05-healthinsurance.xlsx,Table 2,true,51298,Table 2. Net Federal Subsidies for Health Insurance Coverage for People Under Age 65 / Medicaid and CHIP / Subtotal,fiscal_year,2026,2026,2026,21,6
Health Insurance,Subtotal,2027,433.0,Billions of dollars,51298-2023-05-healthinsurance.xlsx,Table 2,true,51298,Table 2. Net Federal Subsidies for Health Insurance Coverage for People Under Age 65 / Medicaid and CHIP / Subtotal,fiscal_year,2027,2027,2027,21,7
Health Insurance,Subtotal,2028,462.0,Billions of dollars,51298-2023-05-healthinsurance.xlsx,Table 2,true,51298,Table 2. Net Federal Subsidies for Health Insurance Coverage for People Under Age 65 / Medicaid and CHIP / Subtotal,fiscal_year,2028,2028,2028,21,8
Health Insurance,Subtotal,2029,491.0,Billions of dollars,51298-2023-05-healthinsurance.xlsx,Table 2,true,51298,Table 2. Net Federal Subsidies for Health Insurance Coverage for People Under Age 65 / Medicaid and CHIP / Subtotal,fiscal_year,2029,2029,2029,21,9
Health Insurance,Subtotal,2030,522.0,Billions of dollars,51298-2023-05-healthinsurance.xlsx,Table 2,true,51298,Table 2. Net Federal Subsidies for Health Insurance Coverage for People Under Age 65 / Medicaid and CHIP / Subtotal,fiscal_year,2030,2030,2030,21,10
Health Insurance,Subtotal,2031,556.0,Billions of dollars,51298-2023-05-healthinsurance.xlsx,Table 2,true,51298,Table 2. Net Federal Subsidies for Health Insurance Coverage for People Under Age 65 / Medicaid and CHIP / Subtotal,fiscal_year,2031,2031,2031,21,11
Health Insurance,Subtotal,2032,591.0,Billions of dollars,51298-2023-05-healthinsurance.xlsx,Table 2,true,51298,Table 2. Net Federal Subsidies for Health Insurance Coverage for People Under Age 65 / Medicaid and CHIP / Subtotal,fiscal_year,2032,2032,2032,21,12
Health Insurance,Subtotal,2033,626.0,Billions of dollars,51298-2023-05-healthinsurance.xlsx,Table 2,true,51298,Table 2. Net Federal Subsidies for Health Insurance Coverage for People Under Age 65 / Medicaid and CHIP / Subtotal,fiscal_year,2033,2033,2033,21,13
Health Insurance,Premium tax credits and 1332 waiver outlays,2023,69.0,Billions of dollars,51298-2023-05-healthinsurance.xlsx,Table 2,false,51298,Table 2. Net Federal Subsidies for Health Insurance Coverage for People Under Age 65 / Marketplace-Related Coverage and the Basic Health Program / Premium tax credits and 1332 waiver outlays,fiscal_year,2023,2023,2023,23,3
Health Insurance,Premium tax credits and 1332 waiver outlays,2024,84.0,Billions of dollars,51298-2023-05-healthinsurance.xlsx,Table 2,false,51298,Table 2. Net Federal Subsidies for Health Insurance Coverage for People Under Age 65 / Marketplace-Related Coverage and the Basic Health Program / Premium tax credits and 1332 waiver outlays,fiscal_year,2024,2024,2024,23,4
Health Insurance,Premium tax credits and 1332 waiver outlays,2025,90.0,Billions of dollars,51298-2023-05-healthinsurance.xlsx,Table 2,false,51298,Table 2. Net Federal Subsidies for Health Insurance Coverage for People Under Age 65 / Marketplace-Related Coverage and the Basic Health Program / Premium tax credits and 1332 waiver outlays,fiscal_year,2025,2025,2025,23,5
Health Insurance,Premium tax credits and 1332 waiver outlays,2026,69.0,Billions of dollars,51298-2023-05-healthinsurance.xlsx,Table 2,false,51298,Table 2. Net Federal Subsidies for Health Insurance Coverage for People Under Age 65 / Marketplace-Related Coverage and the Basic Health Program / Premium tax credits and 1332 waiver outlays,fiscal_year,2026,2026,2026,23,6
Health Insurance,Premium tax credits and 1332 waiver outlays,2027,70.0,Billions of dollars,51298-2023-05-healthinsurance.xlsx,Table 2,false,51298,Table 2. Net Federal Subsidies for Health Insurance Coverage for People Under Age 65 / Marketplace-Related Coverage and the Basic Health Program / Premium tax credits and 1332 waiver outlays,fiscal_year,2027,2027,2027,23,7
Health Insurance,Premium tax credits and 1332 waiver outlays,2028,73.0,Billions of dollars,51298-2023-05-healthinsurance.xlsx,Table 2,false,51298,Table 2. Net Federal Subsidies for Health Insurance Coverage for People Under Age 65 / Marketplace-Related Coverage and the Basic Health Program / Premium tax credits and 1332 waiver outlays,fiscal_year,2028,2028,2028,23,8
Health Insurance,Premium tax credits and 1332 waiver outlays,2029,76.0,Billions of dollars,51298-2023-05-healthinsurance.xlsx,Table 2,false,51298,Table 2. Net Federal Subsidies for Health Insurance Coverage for People Under Age 65 / Marketplace-Related Coverage and the Basic Health Program / Premium tax credits and 1332 waiver outlays,fiscal_year,2029,2029,2029,23,9
Health Insurance,Premium tax credits and 1332 waiver outlays,2030,79.0,Billions of dollars,51298-2023-05-healthinsurance.xlsx,Table 2,false,51298,Table 2. Net Federal Subsidies for Health Insurance Coverage for People Under Age 65 / Marketplace-Related Coverage and the Basic Health Program / Premium tax credits and 1332 waiver outlays,fiscal_year,2030,2030,2030,23,10
Health Insurance,Premium tax credits and 1332 waiver outlays,2031,82.0,Billions of dollars,51298-2023-05-healthinsurance.xlsx,Table 2,false,51298,Table 2. Net Federal Subsidies for Health Insurance Coverage for People Under Age 65 / Marketplace-Related Coverage and the Basic Health Program / Premium tax credits and 1332 waiver outlays,fiscal_year,2031,2031,2031,23,11
Health Insurance,Premium tax credits and 1332 waiver outlays,2032,88.0,Billions of dollars,51298-2023-05-healthinsurance.xlsx,Table 2,false,51298,Table 2. Net Federal Subsidies for Health Insurance Coverage for People Under Age 65 / Marketplace-Related Coverage and the Basic Health Program / Premium tax credits and 1332 waiver outlays,fiscal_year,2032,2032,2032,23,12
Health Insurance,Premium tax credits and 1332 waiver outlays,2033,94.0,Billions of dollars,51298-2023-05-healthinsurance.xlsx,Table 2,false,51298,Table 2. Net Federal Subsidies for Health Insurance Coverage for People Under Age 65 / Marketplace-Related Coverage and the Basic Health Program / Premium tax credits and 1332 waiver outlays,fiscal_year,2033,2033,2033,23,13
Health Insurance,n.a.,2023,11.0,Billions of dollars,51298-2023-05-healthinsurance.xlsx,Table 2,false,51298,Table 2. Net Federal Subsidies for Health Insurance Coverage for People Under Age 65 / Marketplace-Related Coverage and the Basic Health Program / Premium tax credit revenue reductions / n.a.,fiscal_year,2023,2023,2023,24,3
Health Insurance,n.a.,2024,13.0,Billions of dollars,51298-2023-05-healthinsurance.xlsx,Table 2,false,51298,Table 2. Net Federal Subsidies for Health Insurance Coverage for People Under Age 65 / Marketplace-Related Coverage and the Basic Health Program / Premium tax credit revenue reductions / n.a.,fiscal_year,2024,2024,2024,24,4
Health Insurance,n.a.,2025,17.0,Billions of dollars,51298-2023-05-healthinsurance.xlsx,Table 2,false,51298,Table 2. Net Federal Subsidies for Health Insurance Coverage for People Under Age 65 / Marketplace-Related Coverage and the Basic Health Program / Premium tax credit revenue reductions / n.a.,fiscal_year,2025,2025,2025,24,5
Health Insurance,n.a.,2026,19.0,Billions of dollars,51298-2023-05-healthinsurance.xlsx,Table 2,false,51298,Table 2. Net Federal Subsidies for Health Insurance Coverage for People Under Age 65 / Marketplace-Related Coverage and the Basic Health Program / Premium tax credit revenue reductions / n.a.,fiscal_year,2026,2026,2026,24,6
Health Insurance,n.a.,2027,11.0,Billions of dollars,51298-2023-05-healthinsurance.xlsx,Table 2,false,51298,Table 2. Net Federal Subsidies for Health Insurance Coverage for People Under Age 65 / Marketplace-Related Coverage and the Basic Health Program / Premium tax credit revenue reductions / n.a.,fiscal_year,2027,2027,2027,24,7
Health Insurance,n.a.,2028,11.0,Billions of dollars,51298-2023-05-healthinsurance.xlsx,Table 2,false,51298,Table 2. Net Federal Subsidies for Health Insurance Coverage for People Under Age 65 / Marketplace-Related Coverage and the Basic Health Program / Premium tax credit revenue reductions / n.a.,fiscal_year,2028,2028,2028,24,8
Health Insurance,n.a.,2029,11.0,Billions of dollars,51298-2023-05-healthinsurance.xlsx,Table 2,false,51298,Table 2. Net Federal Subsidies for Health Insurance Coverage for People Under Age 65 / Marketplace-Related Coverage and the Basic Health Program / Premium tax credit revenue reductions / n.a.,fiscal_year,2029,2029,2029,24,9
Health Insurance,n.a.,2030,11.0,Billions of dollars,51298-2023-05-healthinsurance.xlsx,Table 2,false,51298,Table 2. Net Federal Subsidies for Health Insurance Coverage for People Under Age 65 / Marketplace-Related Coverage and the Basic Health Program / Premium tax credit revenue reductions / n.a.,fiscal_year,2030,2030,2030,24,10
Health Insurance,n.a.,2031,12.0,Billions of dollars,51298-2023-05-healthinsurance.xlsx,Table 2,false,51298,Table 2. Net Federal Subsidies for Health Insurance Coverage for People Under Age 65 / Marketplace-Related Coverage and the Basic Health Program / Premium tax credit revenue reductions / n.a.,fiscal_year,2031,2031,2031,24,11
Health Insurance,n.a.,2032,12.0,Billions of dollars,51298-2023-05-healthinsurance.xlsx,Table 2,false,51298,Table 2. Net Federal Subsidies for Health Insurance Coverage for People Under Age 65 / Marketplace-Related Coverage and the Basic Health Program / Premium tax credit revenue reductions / n.a.,fiscal_year,2032,2032,2032,24,12
Health Insurance,n.a.,2033,13.0,Billions of dollars,51298-2023-05-healthinsurance.xlsx,Table 2,false,51298,Table 2. Net Federal Subsidies for Health Insurance Coverage for People Under Age 65 / Marketplace-Related Coverage and the Basic Health Program / Premium tax credit revenue reductions / n.a.,fiscal_year,2033,2033,2033,24,13
Health Insurance,Outlays for the Basic Health Program,2023,10.0,Billions of dollars,51298-2023-05-healthinsurance.xlsx,Table 2,false,51298,Table 2. Net Federal Subsidies for Health Insurance Coverage for People Under Age 65 / Marketplace-Related Coverage and the Basic Health Program / Outlays for the Basic Health Program,fiscal_year,2023,2023,2023,25,3
Health Insurance,Outlays for the Basic Health Program,2024,10.0,Billions of dollars,51298-2023-05-healthinsurance.xlsx,Table 2,false,51298,Table 2. Net Federal Subsidies for Health Insurance Coverage for People Under Age 65 / Marketplace-Related Coverage and the Basic Health Program / Outlays for the Basic Health Program,fiscal_year,2024,2024,2024,25,4
Health Insurance,Outlays for the Basic Health Program,2025,10.0,Billions of dollars,51298-2023-05-healthinsurance.xlsx,Table 2,false,51298,Table 2. Net Federal Subsidies for Health Insurance Coverage for People Under Age 65 / Marketplace-Related Coverage and the Basic Health Program / Outlays for the Basic Health Program,fiscal_year,2025,2025,2025,25,5
Health Insurance,Outlays for the Basic Health Program,2026,9.0,Billions of dollars,51298-2023-05-healthinsurance.xlsx,Table 2,false,51298,Table 2. Net Federal Subsidies for Health Insurance Coverage for People Under Age 65 / Marketplace-Related Coverage and the Basic Health Program / Outlays for the Basic Health Program,fiscal_year,2026,2026,2026,25,6
Health Insurance,Outlays for the Basic Health Program,2027,10.0,Billions of dollars,51298-2023-05-healthinsurance.xlsx,Table 2,false,51298,Table 2. Net Federal Subsidies for Health Insurance Coverage for People Under Age 65 / Marketplace-Related Coverage and the Basic Health Program / Outlays for the Basic Health Program,fiscal_year,2027,2027,2027,25,7
Health Insurance,Outlays for the Basic Health Program,2028,11.0,Billions of dollars,51298-2023-05-healthinsurance.xlsx,Table 2,false,51298,Table 2. Net Federal Subsidies for Health Insurance Coverage for People Under Age 65 / Marketplace-Related Coverage and the Basic Health Program / Outlays for the Basic Health Program,fiscal_year,2028,2028,2028,25,8
Health Insurance,Outlays for the Basic Health Program,2029,11.0,Billions of dollars,51298-2023-05-healthinsurance.xlsx,Table 2,false,51298,Table 2. Net Federal Subsidies for Health Insurance Coverage for People Under Age 65 / Marketplace-Related Coverage and the Basic Health Program / Outlays for the Basic Health Program,fiscal_year,2029,2029,2029,25,9
Health Insurance,Outlays for the Basic Health Program,2030,12.0,Billions of dollars,51298-2023-05-healthinsurance.xlsx,Table 2,false,51298,Table 2. Net Federal Subsidies for Health Insurance Coverage for People Under Age 65 / Marketplace-Related Coverage and the Basic Health Program / Outlays for the Basic Health Program,fiscal_year,2030,2030,2030,25,10
Health Insurance,Outlays for the Basic Health Program,2031,12.0,Billions of dollars,51298-2023-05-healthinsurance.xlsx,Table 2,false,51298,Table 2. Net Federal Subsidies for Health Insurance Coverage for People Under Age 65 / Marketplace-Related Coverage and the Basic Health Program / Outlays for the Basic Health Program,fiscal_year,2031,2031,2031,25,11
Health Insurance,Outlays for the Basic Health Program,2032,13.0,Billions of dollars,51298-2023-05-healthinsurance.xlsx,Table 2,false,51298,Table 2. Net Federal Subsidies for Health Insurance Coverage for People Under Age 65 / Marketplace-Related Coverage and the Basic Health Program / Outlays for the Basic Health Program,fiscal_year,2032,2032,2032,25,12
Health Insurance,Outlays for the Basic Health Program,2033,14.0,Billions of dollars,51298-2023-05-healthinsurance.xlsx,Table 2,false,51298,Table 2. Net Federal Subsidies for Health Insurance Coverage for People Under Age 65 / Marketplace-Related Coverage and the Basic Health Program / Outlays for the Basic Health Program,fiscal_year,2033,2033,2033,25,13
Health Insurance,Collections for risk adjustment,2023,-7.0,Billions of dollars,51298-2023-05-healthinsurance.xlsx,Table 2,false,51298,Table 2. Net Federal Subsidies for Health Insurance Coverage for People Under Age 65 / Marketplace-Related Coverage and the Basic Health Program / Collections for risk adjustment,fiscal_year,2023,2023,2023,26,3
Health Insurance,Collections for risk adjustment,2024,-8.0,Billions of dollars,51298-2023-05-healthinsurance.xlsx,Table 2,false,51298,Table 2. Net Federal Subsidies for Health Insurance Coverage for People Under Age 65 / Marketplace-Related Coverage and the Basic Health Program / Collections for risk adjustment,fiscal_year,2024,2024,2024,26,4
Health Insurance,Collections for risk adjustment,2025,-9.0,Billions of dollars,51298-2023-05-healthinsurance.xlsx,Table 2,false,51298,Table 2. Net Federal Subsidies for Health Insurance Coverage for People Under Age 65 / Marketplace-Related Coverage and the Basic Health Program / Collections for risk adjustment,fiscal_year,2025,2025,2025,26,5
Health Insurance,Collections for risk adjustment,2026,-10.0,Billions of dollars,51298-2023-05-healthinsurance.xlsx,Table 2,false,51298,Table 2. Net Federal Subsidies for Health Insurance Coverage for People Under Age 65 / Marketplace-Related Coverage and the Basic Health Program / Collections for risk adjustment,fiscal_year,2026,2026,2026,26,6
Health Insurance,Collections for risk adjustment,2027,-10.0,Billions of dollars,51298-2023-05-healthinsurance.xlsx,Table 2,false,51298,Table 2. Net Federal Subsidies for Health Insurance Coverage for People Under Age 65 / Marketplace-Related Coverage and the Basic Health Program / Collections for risk adjustment,fiscal_year,2027,2027,2027,26,7
Health Insurance,Collections for risk adjustment,2028,-10.0,Billions of dollars,51298-2023-05-healthinsurance.xlsx,Table 2,false,51298,Table 2. Net Federal Subsidies for Health Insurance Coverage for People Under Age 65 / Marketplace-Related Coverage and the Basic Health Program / Collections for risk adjustment,fiscal_year,2028,2028,2028,26,8
Health Insurance,Collections for risk adjustment,2029,-10.0,Billions of dollars,51298-2023-05-healthinsurance.xlsx,Table 2,false,51298,Table 2. Net Federal Subsidies for Health Insurance Coverage for People Under Age 65 / Marketplace-Related Coverage and the Basic Health Program / Collections for risk adjustment,fiscal_year,2029,2029,2029,26,9
Health Insurance,Collections for risk adjustment,2030,-10.0,Billions of dollars,51298-2023-05-healthinsurance.xlsx,Table 2,false,51298,Table 2. Net Federal Subsidies for Health Insurance Coverage for People Under Age 65 / Marketplace-Related Coverage and the Basic Health Program / Collections for risk adjustment,fiscal_year,2030,2030,2030,26,10
Health Insurance,Collections for risk adjustment,2031,-11.0,Billions of dollars,51298-2023-05-healthinsurance.xlsx,Table 2,false,51298,Table 2. Net Federal Subsidies for Health Insurance Coverage for People Under Age 65 / Marketplace-Related Coverage and the Basic Health Program / Collections for risk adjustment,fiscal_year,2031,2031,2031,26,11
Health Insurance,Collections for risk adjustment,2032,-11.0,Billions of dollars,51298-2023-05-healthinsurance.xlsx,Table 2,false,51298,Table 2. Net Federal Subsidies for Health Insurance Coverage for People Under Age 65 / Marketplace-Related Coverage and the Basic Health Program / Collections for risk adjustment,fiscal_year,2032,2032,2032,26,12
Health Insurance,Collections for risk adjustment,2033,-12.0,Billions of dollars,51298-2023-05-healthinsurance.xlsx,Table 2,false,51298,Table 2. Net Federal Subsidies for Health Insurance Coverage for People Under Age 65 / Marketplace-Related Coverage and the Basic Health Program / Collections for risk adjustment,fiscal_year,2033,2033,2033,26,13
Health Insurance,Payments for risk adjustment,2023,7.0,Billions of dollars,51298-2023-05-healthinsurance.xlsx,Table 2,false,51298,Table 2. Net Federal Subsidies for Health Insurance Coverage for People Under Age 65 / Marketplace-Related Coverage and the Basic Health Program / Payments for risk adjustment,fiscal_year,2023,2023,2023,27,3
Health Insurance,Payments for risk adjustment,2024,7.0,Billions of dollars,51298-2023-05-healthinsurance.xlsx,Table 2,false,51298,Table 2. Net Federal Subsidies for Health Insurance Coverage for People Under Age 65 / Marketplace-Related Coverage and the Basic Health Program / Payments for risk adjustment,fiscal_year,2024,2024,2024,27,4
Health Insurance,Payments for risk adjustment,2025,8.0,Billions of dollars,51298-2023-05-healthinsurance.xlsx,Table 2,false,51298,Table 2. Net Federal Subsidies for Health Insurance Coverage for People Under Age 65 / Marketplace-Related Coverage and the Basic Health Program / Payments for risk adjustment,fiscal_year,2025,2025,2025,27,5
Health Insurance,Payments for risk adjustment,2026,9.0,Billions of dollars,51298-2023-05-healthinsurance.xlsx,Table 2,false,51298,Table 2. Net Federal Subsidies for Health Insurance Coverage for People Under Age 65 / Marketplace-Related Coverage and the Basic Health Program / Payments for risk adjustment,fiscal_year,2026,2026,2026,27,6
Health Insurance,Payments for risk adjustment,2027,10.0,Billions of dollars,51298-2023-05-healthinsurance.xlsx,Table 2,false,51298,Table 2. Net Federal Subsidies for Health Insurance Coverage for People Under Age 65 / Marketplace-Related Coverage and the Basic Health Program / Payments for risk adjustment,fiscal_year,2027,2027,2027,27,7
Health Insurance,Payments for risk adjustment,2028,10.0,Billions of dollars,51298-2023-05-healthinsurance.xlsx,Table 2,false,51298,Table 2. Net Federal Subsidies for Health Insurance Coverage for People Under Age 65 / Marketplace-Related Coverage and the Basic Health Program / Payments for risk adjustment,fiscal_year,2028,2028,2028,27,8
Health Insurance,Payments for risk adjustment,2029,10.0,Billions of dollars,51298-2023-05-healthinsurance.xlsx,Table 2,false,51298,Table 2. Net Federal Subsidies for Health Insurance Coverage for People Under Age 65 / Marketplace-Related Coverage and the Basic Health Program / Payments for risk adjustment,fiscal_year,2029,2029,2029,27,9
Health Insurance,Payments for risk adjustment,2030,10.0,Billions of dollars,51298-2023-05-healthinsurance.xlsx,Table 2,false,51298,Table 2. Net Federal Subsidies for Health Insurance Coverage for People Under Age 65 / Marketplace-Related Coverage and the Basic Health Program / Payments for risk adjustment,fiscal_year,2030,2030,2030,27,10
Health Insurance,Payments for risk adjustment,2031,11.0,Billions of dollars,51298-2023-05-healthinsurance.xlsx,Table 2,false,51298,Table 2. Net Federal Subsidies for Health Insurance Coverage for People Under Age 65 / Marketplace-Related Coverage and the Basic Health Program / Payments for risk adjustment,fiscal_year,2031,2031,2031,27,11
Health Insurance,Payments for risk adjustment,2032,12.0,Billions of dollars,51298-2023-05-healthinsurance.xlsx,Table 2,false,51298,Table 2. Net Federal Subsidies for Health Insurance Coverage for People Under Age 65 / Marketplace-Related Coverage and the Basic Health Program / Payments for risk adjustment,fiscal_year,2032,2032,2032,27,12
Health Insurance,Payments for risk adjustment,2033,12.0,Billions of dollars,51298-2023-05-healthinsurance.xlsx,Table 2,false,51298,Table 2. Net Federal Subsidies for Health Insurance Coverage for People Under Age 65 / Marketplace-Related Coverage and the Basic Health Program / Payments for risk adjustment,fiscal_year,2033,2033,2033,27,13
Health Insurance,n.a.,2023,91.0,Billions of dollars,51298-2023-05-healthinsurance.xlsx,Table 2,true,51298,Table 2. Net Federal Subsidies for Health Insurance Coverage for People Under Age 65 / Marketplace-Related Coverage and the Basic Health Program / Subtotal / n.a.,fiscal_year,2023,2023,2023,28,3
Health Insurance,n.a.,2024,107.0,Billions of dollars,51298-2023-05-healthinsurance.xlsx,Table 2,true,51298,Table 2. Net Federal Subsidies for Health Insurance Coverage for People Under Age 65 / Marketplace-Related Coverage and the Basic Health Program / Subtotal / n.a.,fiscal_year,2024,2024,2024,28,4
Health Insurance,n.a.,2025,116.0,Billions of dollars,51298-2023-05-healthinsurance.xlsx,Table 2,true,51298,Table 2. Net Federal Subsidies for Health Insurance Coverage for People Under Age 65 / Marketplace-Related Coverage and the Basic Health Program / Subtotal / n.a.,fiscal_year,2025,2025,2025,28,5
Health Insurance,n.a.,2026,97.0,Billions of dollars,51298-2023-05-healthinsurance.xlsx,Table 2,true,51298,Table 2. Net Federal Subsidies for Health Insurance Coverage for People Under Age 65 / Marketplace-Related Coverage and the Basic Health Program / Subtotal / n.a.,fiscal_year,2026,2026,2026,28,6
Health Insurance,n.a.,2027,91.0,Billions of dollars,51298-2023-05-healthinsurance.xlsx,Table 2,true,51298,Table 2. Net Federal Subsidies for Health Insurance Coverage for People Under Age 65 / Marketplace-Related Coverage and the Basic Health Program / Subtotal / n.a.,fiscal_year,2027,2027,2027,28,7
Health Insurance,n.a.,2028,94.0,Billions of dollars,51298-2023-05-healthinsurance.xlsx,Table 2,true,51298,Table 2. Net Federal Subsidies for Health Insurance Coverage for People Under Age 65 / Marketplace-Related Coverage and the Basic Health Program / Subtotal / n.a.,fiscal_year,2028,2028,2028,28,8
Health Insurance,n.a.,2029,98.0,Billions of dollars,51298-2023-05-healthinsurance.xlsx,Table 2,true,51298,Table 2. Net Federal Subsidies for Health Insurance Coverage for People Under Age 65 / Marketplace-Related Coverage and the Basic Health Program / Subtotal / n.a.,fiscal_year,2029,2029,2029,28,9
Health Insurance,n.a.,2030,102.0,Billions of dollars,51298-2023-05-healthinsurance.xlsx,Table 2,true,51298,Table 2. Net Federal Subsidies for Health Insurance Coverage for People Under Age 65 / Marketplace-Related Coverage and the Basic Health Program / Subtotal / n.a.,fiscal_year,2030,2030,2030,28,10
Health Insurance,n.a.,2031,106.0,Billions of dollars,51298-2023-05-healthinsurance.xlsx,Table 2,true,51298,Table 2. Net Federal Subsidies for Health Insurance Coverage for People Under Age 65 / Marketplace-Related Coverage and the Basic Health Program / Subtotal / n.a.,fiscal_year,2031,2031,2031,28,11
Health Insurance,n.a.,2032,113.0,Billions of dollars,51298-2023-05-healthinsurance.xlsx,Table 2,true,51298,Table 2. Net Federal Subsidies for Health Insurance Coverage for People Under Age 65 / Marketplace-Related Coverage and the Basic Health Program / Subtotal / n.a.,fiscal_year,2032,2032,2032,28,12
Health Insurance,n.a.,2033,120.0,Billions of dollars,51298-2023-05-healthinsurance.xlsx,Table 2,true,51298,Table 2. Net Federal Subsidies for Health Insurance Coverage for People Under Age 65 / Marketplace-Related Coverage and the Basic Health Program / Subtotal / n.a.,fiscal_year,2033,2033,2033,28,13
Health Insurance,Medicare,2023,130.0,Billions of dollars,51298-2023-05-healthinsurance.xlsx,Table 2,false,51298,Table 2. Net Federal Subsidies for Health Insurance Coverage for People Under Age 65 / Marketplace-Related Coverage and the Basic Health Program / Medicare,fiscal_year,2023,2023,2023,29,3
Health Insurance,Medicare,2024,133.0,Billions of dollars,51298-2023-05-healthinsurance.xlsx,Table 2,false,51298,Table 2. Net Federal Subsidies for Health Insurance Coverage for People Under Age 65 / Marketplace-Related Coverage and the Basic Health Program / Medicare,fiscal_year,2024,2024,2024,29,4
Health Insurance,Medicare,2025,135.0,Billions of dollars,51298-2023-05-healthinsurance.xlsx,Table 2,false,51298,Table 2. Net Federal Subsidies for Health Insurance Coverage for People Under Age 65 / Marketplace-Related Coverage and the Basic Health Program / Medicare,fiscal_year,2025,2025,2025,29,5
Health Insurance,Medicare,2026,139.0,Billions of dollars,51298-2023-05-healthinsurance.xlsx,Table 2,false,51298,Table 2. Net Federal Subsidies for Health Insurance Coverage for People Under Age 65 / Marketplace-Related Coverage and the Basic Health Program / Medicare,fiscal_year,2026,2026,2026,29,6
Health Insurance,Medicare,2027,144.0,Billions of dollars,51298-2023-05-healthinsurance.xlsx,Table 2,false,51298,Table 2. Net Federal Subsidies for Health Insurance Coverage for People Under Age 65 / Marketplace-Related Coverage and the Basic Health Program / Medicare,fiscal_year,2027,2027,2027,29,7
Health Insurance,Medicare,2028,151.0,Billions of dollars,51298-2023-05-healthinsurance.xlsx,Table 2,false,51298,Table 2. Net Federal Subsidies for Health Insurance Coverage for People Under Age 65 / Marketplace-Related Coverage and the Basic Health Program / Medicare,fiscal_year,2028,2028,2028,29,8
Health Insurance,Medicare,2029,161.0,Billions of dollars,51298-2023-05-healthinsurance.xlsx,Table 2,false,51298,Table 2. Net Federal Subsidies for Health Insurance Coverage for People Under Age 65 / Marketplace-Related Coverage and the Basic Health Program / Medicare,fiscal_year,2029,2029,2029,29,9
Health Insurance,Medicare,2030,165.0,Billions of dollars,51298-2023-05-healthinsurance.xlsx,Table 2,false,51298,Table 2. Net Federal Subsidies for Health Insurance Coverage for People Under Age 65 / Marketplace-Related Coverage and the Basic Health Program / Medicare,fiscal_year,2030,2030,2030,29,10
Health Insurance,Medicare,2031,177.0,Billions of dollars,51298-2023-05-healthinsurance.xlsx,Table 2,false,51298,Table 2. Net Federal Subsidies for Health Insurance Coverage for People Under Age 65 / Marketplace-Related Coverage and the Basic Health Program / Medicare,fiscal_year,2031,2031,2031,29,11
Health Insurance,Medicare,2032,188.0,Billions of dollars,51298-2023-05-healthinsurance.xlsx,Table 2,false,51298,Table 2. Net Federal Subsidies for Health Insurance Coverage for People Under Age 65 / Marketplace-Related Coverage and the Basic Health Program / Medicare,fiscal_year,2032,2032,2032,29,12
Health Insurance,Medicare,2033,201.0,Billions of dollars,51298-2023-05-healthinsurance.xlsx,Table 2,false,51298,Table 2. Net Federal Subsidies for Health Insurance Coverage for People Under Age 65 / Marketplace-Related Coverage and the Basic Health Program / Medicare,fiscal_year,2033,2033,2033,29,13
Health Insurance,n.a.,2023,974.0,Billions of dollars,51298-2023-05-healthinsurance.xlsx,Table 2,false,51298,Table 2. Net Federal Subsidies for Health Insurance Coverage for People Under Age 65 / Marketplace-Related Coverage and the Basic Health Program / Net Subsidies / n.a.,fiscal_year,2023,2023,2023,30,3
Health Insurance,n.a.,2024,969.0,Billions of dollars,51298-2023-05-healthinsurance.xlsx,Table 2,false,51298,Table 2. Net Federal Subsidies for Health Insurance Coverage for People Under Age 65 / Marketplace-Related Coverage and the Basic Health Program / Net Subsidies / n.a.,fiscal_year,2024,2024,2024,30,4
Health Insurance,n.a.,2025,1001.0,Billions of dollars,51298-2023-05-healthinsurance.xlsx,Table 2,false,51298,Table 2. Net Federal Subsidies for Health Insurance Coverage for People Under Age 65 / Marketplace-Related Coverage and the Basic Health Program / Net Subsidies / n.a.,fiscal_year,2025,2025,2025,30,5
Health Insurance,n.a.,2026,1071.0,Billions of dollars,51298-2023-05-healthinsurance.xlsx,Table 2,false,51298,Table 2. Net Federal Subsidies for Health Insurance Coverage for People Under Age 65 / Marketplace-Related Coverage and the Basic Health Program / Net Subsidies / n.a.,fiscal_year,2026,2026,2026,30,6
Health Insurance,n.a.,2027,1140.0,Billions of dollars,51298-2023-05-healthinsurance.xlsx,Table 2,false,51298,Table 2. Net Federal Subsidies for Health Insurance Coverage for People Under Age 65 / Marketplace-Related Coverage and the Basic Health Program / Net Subsidies / n.a.,fiscal_year,2027,2027,2027,30,7
Health Insurance,n.a.,2028,1207.0,Billions of dollars,51298-2023-05-healthinsurance.xlsx,Table 2,false,51298,Table 2. Net Federal Subsidies for Health Insurance Coverage for People Under Age 65 / Marketplace-Related Coverage and the Basic Health Program / Net Subsidies / n.a.,fiscal_year,2028,2028,2028,30,8
Health Insurance,n.a.,2029,1275.0,Billions of dollars,51298-2023-05-healthinsurance.xlsx,Table 2,false,51298,Table 2. Net Federal Subsidies for Health Insurance Coverage for People Under Age 65 / Marketplace-Related Coverage and the Basic Health Program / Net Subsidies / n.a.,fiscal_year,2029,2029,2029,30,9
Health Insurance,n.a.,2030,1341.0,Billions of dollars,51298-2023-05-healthinsurance.xlsx,Table 2,false,51298,Table 2. Net Federal Subsidies for Health Insurance Coverage for People Under Age 65 / Marketplace-Related Coverage and the Basic Health Program / Net Subsidies / n.a.,fiscal_year,2030,2030,2030,30,10
Health Insurance,n.a.,2031,1420.0,Billions of dollars,51298-2023-05-healthinsurance.xlsx,Table 2,false,51298,Table 2. Net Federal Subsidies for Health Insurance Coverage for People Under Age 65 / Marketplace-Related Coverage and the Basic Health Program / Net Subsidies / n.a.,fiscal_year,2031,2031,2031,30,11
Health Insurance,n.a.,2032,1505.0,Billions of dollars,51298-2023-05-healthinsurance.xlsx,Table 2,false,51298,Table 2. Net Federal Subsidies for Health Insurance Coverage for People Under Age 65 / Marketplace-Related Coverage and the Basic Health Program / Net Subsidies / n.a.,fiscal_year,2032,2032,2032,30,12
Health Insurance,n.a.,2033,1594.0,Billions of dollars,51298-2023-05-healthinsurance.xlsx,Table 2,false,51298,Table 2. Net Federal Subsidies for Health Insurance Coverage for People Under Age 65 / Marketplace-Related Coverage and the Basic Health Program / Net Subsidies / n.a.,fiscal_year,2033,2033,2033,30,13
Health Insurance,n.a.,2023,3.71,Billions of dollars,51298-2023-05-healthinsurance.xlsx,Table 2,false,51298,Table 2. Net Federal Subsidies for Health Insurance Coverage for People Under Age 65 / Memorandum: / Net subsidies as a percentage of GDP / n.a.,fiscal_year,2023,2023,2023,32,3
Health Insurance,n.a.,2024,3.55,Billions of dollars,51298-2023-05-healthinsurance.xlsx,Table 2,false,51298,Table 2. Net Federal Subsidies for Health Insurance Coverage for People Under Age 65 / Memorandum: / Net subsidies as a percentage of GDP / n.a.,fiscal_year,2024,2024,2024,32,4
Health Insurance,n.a.,2025,3.5,Billions of dollars,51298-2023-05-healthinsurance.xlsx,Table 2,false,51298,Table 2. Net Federal Subsidies for Health Insurance Coverage for People Under Age 65 / Memorandum: / Net subsidies as a percentage of GDP / n.a.,fiscal_year,2025,2025,2025,32,5
Health Insurance,n.a.,2026,3.58,Billions of dollars,51298-2023-05-healthinsurance.xlsx,Table 2,false,51298,Table 2. Net Federal Subsidies for Health Insurance Coverage for People Under Age 65 / Memorandum: / Net subsidies as a percentage of GDP / n.a.,fiscal_year,2026,2026,2026,32,6
Health Insurance,n.a.,2027,3.65,Billions of dollars,51298-2023-05-healthinsurance.xlsx,Table 2,false,51298,Table 2. Net Federal Subsidies for Health Insurance Coverage for People Under Age 65 / Memorandum: / Net subsidies as a percentage of GDP / n.a.,fiscal_year,2027,2027,2027,32,7
Health Insurance,n.a.,2028,3.71,Billions of dollars,51298-2023-05-healthinsurance.xlsx,Table 2,false,51298,Table 2. Net Federal Subsidies for Health Insurance Coverage for People Under Age 65 / Memorandum: / Net subsidies as a percentage of GDP / n.a.,fiscal_year,2028,2028,2028,32,8
Health Insurance,n.a.,2029,3.77,Billions of dollars,51298-2023-05-healthinsurance.xlsx,Table 2,false,51298,Table 2. Net Federal Subsidies for Health Insurance Coverage for People Under Age 65 / Memorandum: / Net subsidies as a percentage of GDP / n.a.,fiscal_year,2029,2029,2029,32,9
Health Insurance,n.a.,2030,3.82,Billions of dollars,51298-2023-05-healthinsurance.xlsx,Table 2,false,51298,Table 2. Net Federal Subsidies for Health Insurance Coverage for People Under Age 65 / Memorandum: / Net subsidies as a percentage of GDP / n.a.,fiscal_year,2030,2030,2030,32,10
Health Insurance,n.a.,2031,3.89,Billions of dollars,51298-2023-05-healthinsurance.xlsx,Table 2,false,51298,Table 2. Net Federal Subsidies for Health Insurance Coverage for People Under Age 65 / Memorandum: / Net subsidies as a percentage of GDP / n.a.,fiscal_year,2031,2031,2031,32,11
Health Insurance,n.a.,2032,3.97,Billions of dollars,51298-2023-05-healthinsurance.xlsx,Table 2,false,51298,Table 2. Net Federal Subsidies for Health Insurance Coverage for People Under Age 65 / Memorandum: / Net subsidies as a percentage of GDP / n.a.,fiscal_year,2032,2032,2032,32,12
Health Insurance,n.a.,2033,4.06,Billions of dollars,51298-2023-05-healthinsurance.xlsx,Table 2,false,51298,Table 2. Net Federal Subsidies for Health Insurance Coverage for People Under Age 65 / Memorandum: / Net subsidies as a percentage of GDP / n.a.,fiscal_year,2033,2033,2033,32,13
