program,category,fiscal_year,value,unit,source_file,source_sheet,is_total,program_id,category_path,period_type,period_start_year,period_end_year,period_label,source_row,source_column
Pell Grant,Regular Discretionary Appropriationa,2011,22956.0,Millions of dollars,51304-2020-01-pellgrant.xlsx,Cumulative Shortfall-Surplus,false,51304,Historical Pell Grant Funding and Program Costs / Regular Discretionary Appropriationa,fiscal_year,2011,2011,2011,10,2
Pell Grant,Regular Discretionary Appropriationa,2012,22824.0,Millions of dollars,51304-2020-01-pellgrant.xlsx,Cumulative Shortfall-Surplus,false,51304,Historical Pell Grant Funding and Program Costs / Regular Discretionary Appropriationa,fiscal_year,2012,2012,2012,10,3
Pell Grant,Regular Discretionary Appropriationa,2013,22778.0,Millions of dollars,51304-2020-01-pellgrant.xlsx,Cumulative Shortfall-Surplus,false,51304,Historical Pell Grant Funding and Program Costs / Regular Discretionary Appropriationa,fiscal_year,2013,2013,2013,10,4
Pell Grant,Regular Discretionary Appropriationa,2014,22778.0,Millions of dollars,51304-2020-01-pellgrant.xlsx,Cumulative Shortfall-Surplus,false,51304,Historical Pell Grant Funding and Program Costs / Regular Discretionary Appropriationa,fiscal_year,2014,2014,2014,10,5
Pell Grant,Regular Discretionary Appropriationa,2015,22475.0,Millions of dollars,51304-2020-01-pellgrant.xlsx,Cumulative Shortfall-Surplus,false,51304,Historical Pell Grant Funding and Program Costs / Regular Discretionary Appropriationa,fiscal_year,2015,2015,2015,10,6
Pell Grant,Regular Discretionary Appropriationa,2016,22475.0,Millions of dollars,51304-2020-01-pellgrant.xlsx,Cumulative Shortfall-Surplus,false,51304,Historical Pell Grant Funding and Program Costs / Regular Discretionary Appropriationa,fiscal_year,2016,2016,2016,10,7
Pell Grant,Regular Discretionary Appropriationa,2017,21165.0,Millions of dollars,51304-2020-01-pellgrant.xlsx,Cumulative Shortfall-Surplus,false,51304,Historical Pell Grant Funding and Program Costs / Regular Discretionary Appropriationa,fiscal_year,2017,2017,2017,10,8
Pell Grant,Regular Discretionary Appropriationa,2018,22475.0,Millions of dollars,51304-2020-01-pellgrant.xlsx,Cumulative Shortfall-Surplus,false,51304,Historical Pell Grant Funding and Program Costs / Regular Discretionary Appropriationa,fiscal_year,2018,2018,2018,10,9
Pell Grant,Regular Discretionary Appropriationa,2019,21875.0,Millions of dollars,51304-2020-01-pellgrant.xlsx,Cumulative Shortfall-Surplus,false,51304,Historical Pell Grant Funding and Program Costs / Regular Discretionary Appropriationa,fiscal_year,2019,2019,2019,10,10
Pell Grant,Regular Discretionary Appropriationa,2020,21975.0,Millions of dollars,51304-2020-01-pellgrant.xlsx,Cumulative Shortfall-Surplus,false,51304,Historical Pell Grant Funding and Program Costs / Regular Discretionary Appropriationa,fiscal_year,2020,2020,2020,10,11
Pell Grant,American Recovery and Reinvestment Act of 2009 (ARRA),2011,0.0,Millions of dollars,51304-2020-01-pellgrant.xlsx,Cumulative Shortfall-Surplus,false,51304,Amount and Source of Additional Fundingb / American Recovery and Reinvestment Act of 2009 (ARRA),fiscal_year,2011,2011,2011,12,2
Pell Grant,American Recovery and Reinvestment Act of 2009 (ARRA),2012,0.0,Millions of dollars,51304-2020-01-pellgrant.xlsx,Cumulative Shortfall-Surplus,false,51304,Amount and Source of Additional Fundingb / American Recovery and Reinvestment Act of 2009 (ARRA),fiscal_year,2012,2012,2012,12,3
Pell Grant,American Recovery and Reinvestment Act of 2009 (ARRA),2013,0.0,Millions of dollars,51304-2020-01-pellgrant.xlsx,Cumulative Shortfall-Surplus,false,51304,Amount and Source of Additional Fundingb / American Recovery and Reinvestment Act of 2009 (ARRA),fiscal_year,2013,2013,2013,12,4
Pell Grant,American Recovery and Reinvestment Act of 2009 (ARRA),2014,0.0,Millions of dollars,51304-2020-01-pellgrant.xlsx,Cumulative Shortfall-Surplus,false,51304,Amount and Source of Additional Fundingb / American Recovery and Reinvestment Act of 2009 (ARRA),fiscal_year,2014,2014,2014,12,5
Pell Grant,American Recovery and Reinvestment Act of 2009 (ARRA),2015,0.0,Millions of dollars,51304-2020-01-pellgrant.xlsx,Cumulative Shortfall-Surplus,false,51304,Amount and Source of Additional Fundingb / American Recovery and Reinvestment Act of 2009 (ARRA),fiscal_year,2015,2015,2015,12,6
Pell Grant,American Recovery and Reinvestment Act of 2009 (ARRA),2016,0.0,Millions of dollars,51304-2020-01-pellgrant.xlsx,Cumulative Shortfall-Surplus,false,51304,Amount and Source of Additional Fundingb / American Recovery and Reinvestment Act of 2009 (ARRA),fiscal_year,2016,2016,2016,12,7
Pell Grant,American Recovery and Reinvestment Act of 2009 (ARRA),2017,0.0,Millions of dollars,51304-2020-01-pellgrant.xlsx,Cumulative Shortfall-Surplus,false,51304,Amount and Source of Additional Fundingb / American Recovery and Reinvestment Act of 2009 (ARRA),fiscal_year,2017,2017,2017,12,8
Pell Grant,American Recovery and Reinvestment Act of 2009 (ARRA),2018,0.0,Millions of dollars,51304-2020-01-pellgrant.xlsx,Cumulative Shortfall-Surplus,false,51304,Amount and Source of Additional Fundingb / American Recovery and Reinvestment Act of 2009 (ARRA),fiscal_year,2018,2018,2018,12,9
Pell Grant,American Recovery and Reinvestment Act of 2009 (ARRA),2019,0.0,Millions of dollars,51304-2020-01-pellgrant.xlsx,Cumulative Shortfall-Surplus,false,51304,Amount and Source of Additional Fundingb / American Recovery and Reinvestment Act of 2009 (ARRA),fiscal_year,2019,2019,2019,12,10
Pell Grant,American Recovery and Reinvestment Act of 2009 (ARRA),2020,0.0,Millions of dollars,51304-2020-01-pellgrant.xlsx,Cumulative Shortfall-Surplus,false,51304,Amount and Source of Additional Fundingb / American Recovery and Reinvestment Act of 2009 (ARRA),fiscal_year,2020,2020,2020,12,11
Pell Grant,Healthcare and Education Reconciliation Act of 2010,2011,13500.0,Millions of dollars,51304-2020-01-pellgrant.xlsx,Cumulative Shortfall-Surplus,false,51304,Amount and Source of Additional Fundingb / Healthcare and Education Reconciliation Act of 2010,fiscal_year,2011,2011,2011,13,2
Pell Grant,Healthcare and Education Reconciliation Act of 2010,2012,0.0,Millions of dollars,51304-2020-01-pellgrant.xlsx,Cumulative Shortfall-Surplus,false,51304,Amount and Source of Additional Fundingb / Healthcare and Education Reconciliation Act of 2010,fiscal_year,2012,2012,2012,13,3
Pell Grant,Healthcare and Education Reconciliation Act of 2010,2013,0.0,Millions of dollars,51304-2020-01-pellgrant.xlsx,Cumulative Shortfall-Surplus,false,51304,Amount and Source of Additional Fundingb / Healthcare and Education Reconciliation Act of 2010,fiscal_year,2013,2013,2013,13,4
Pell Grant,Healthcare and Education Reconciliation Act of 2010,2014,0.0,Millions of dollars,51304-2020-01-pellgrant.xlsx,Cumulative Shortfall-Surplus,false,51304,Amount and Source of Additional Fundingb / Healthcare and Education Reconciliation Act of 2010,fiscal_year,2014,2014,2014,13,5
Pell Grant,Healthcare and Education Reconciliation Act of 2010,2015,0.0,Millions of dollars,51304-2020-01-pellgrant.xlsx,Cumulative Shortfall-Surplus,false,51304,Amount and Source of Additional Fundingb / Healthcare and Education Reconciliation Act of 2010,fiscal_year,2015,2015,2015,13,6
Pell Grant,Healthcare and Education Reconciliation Act of 2010,2016,0.0,Millions of dollars,51304-2020-01-pellgrant.xlsx,Cumulative Shortfall-Surplus,false,51304,Amount and Source of Additional Fundingb / Healthcare and Education Reconciliation Act of 2010,fiscal_year,2016,2016,2016,13,7
Pell Grant,Healthcare and Education Reconciliation Act of 2010,2017,0.0,Millions of dollars,51304-2020-01-pellgrant.xlsx,Cumulative Shortfall-Surplus,false,51304,Amount and Source of Additional Fundingb / Healthcare and Education Reconciliation Act of 2010,fiscal_year,2017,2017,2017,13,8
Pell Grant,Healthcare and Education Reconciliation Act of 2010,2018,0.0,Millions of dollars,51304-2020-01-pellgrant.xlsx,Cumulative Shortfall-Surplus,false,51304,Amount and Source of Additional Fundingb / Healthcare and Education Reconciliation Act of 2010,fiscal_year,2018,2018,2018,13,9
Pell Grant,Healthcare and Education Reconciliation Act of 2010,2019,0.0,Millions of dollars,51304-2020-01-pellgrant.xlsx,Cumulative Shortfall-Surplus,false,51304,Amount and Source of Additional Fundingb / Healthcare and Education Reconciliation Act of 2010,fiscal_year,2019,2019,2019,13,10
Pell Grant,Healthcare and Education Reconciliation Act of 2010,2020,0.0,Millions of dollars,51304-2020-01-pellgrant.xlsx,Cumulative Shortfall-Surplus,false,51304,Amount and Source of Additional Fundingb / Healthcare and Education Reconciliation Act of 2010,fiscal_year,2020,2020,2020,13,11
Pell Grant,DoD and Full-Year Continuing Appropiations Act of 2011,2011,0.0,Millions of dollars,51304-2020-01-pellgrant.xlsx,Cumulative Shortfall-Surplus,false,51304,Amount and Source of Additional Fundingb / DoD and Full-Year Continuing Appropiations Act of 2011,fiscal_year,2011,2011,2011,14,2
Pell Grant,DoD and Full-Year Continuing Appropiations Act of 2011,2012,3183.0,Millions of dollars,51304-2020-01-pellgrant.xlsx,Cumulative Shortfall-Surplus,false,51304,Amount and Source of Additional Fundingb / DoD and Full-Year Continuing Appropiations Act of 2011,fiscal_year,2012,2012,2012,14,3
Pell Grant,DoD and Full-Year Continuing Appropiations Act of 2011,2013,0.0,Millions of dollars,51304-2020-01-pellgrant.xlsx,Cumulative Shortfall-Surplus,false,51304,Amount and Source of Additional Fundingb / DoD and Full-Year Continuing Appropiations Act of 2011,fiscal_year,2013,2013,2013,14,4
Pell Grant,DoD and Full-Year Continuing Appropiations Act of 2011,2014,0.0,Millions of dollars,51304-2020-01-pellgrant.xlsx,Cumulative Shortfall-Surplus,false,51304,Amount and Source of Additional Fundingb / DoD and Full-Year Continuing Appropiations Act of 2011,fiscal_year,2014,2014,2014,14,5
Pell Grant,DoD and Full-Year Continuing Appropiations Act of 2011,2015,0.0,Millions of dollars,51304-2020-01-pellgrant.xlsx,Cumulative Shortfall-Surplus,false,51304,Amount and Source of Additional Fundingb / DoD and Full-Year Continuing Appropiations Act of 2011,fiscal_year,2015,2015,2015,14,6
Pell Grant,DoD and Full-Year Continuing Appropiations Act of 2011,2016,0.0,Millions of dollars,51304-2020-01-pellgrant.xlsx,Cumulative Shortfall-Surplus,false,51304,Amount and Source of Additional Fundingb / DoD and Full-Year Continuing Appropiations Act of 2011,fiscal_year,2016,2016,2016,14,7
Pell Grant,DoD and Full-Year Continuing Appropiations Act of 2011,2017,1060.0,Millions of dollars,51304-2020-01-pellgrant.xlsx,Cumulative Shortfall-Surplus,false,51304,Amount and Source of Additional Fundingb / DoD and Full-Year Continuing Appropiations Act of 2011,fiscal_year,2017,2017,2017,14,8
Pell Grant,DoD and Full-Year Continuing Appropiations Act of 2011,2018,1125.0,Millions of dollars,51304-2020-01-pellgrant.xlsx,Cumulative Shortfall-Surplus,false,51304,Amount and Source of Additional Fundingb / DoD and Full-Year Continuing Appropiations Act of 2011,fiscal_year,2018,2018,2018,14,9
Pell Grant,DoD and Full-Year Continuing Appropiations Act of 2011,2019,1125.0,Millions of dollars,51304-2020-01-pellgrant.xlsx,Cumulative Shortfall-Surplus,false,51304,Amount and Source of Additional Fundingb / DoD and Full-Year Continuing Appropiations Act of 2011,fiscal_year,2019,2019,2019,14,10
Pell Grant,DoD and Full-Year Continuing Appropiations Act of 2011,2020,1140.0,Millions of dollars,51304-2020-01-pellgrant.xlsx,Cumulative Shortfall-Surplus,false,51304,Amount and Source of Additional Fundingb / DoD and Full-Year Continuing Appropiations Act of 2011,fiscal_year,2020,2020,2020,14,11
Pell Grant,Budget Control Act of 2011,2011,0.0,Millions of dollars,51304-2020-01-pellgrant.xlsx,Cumulative Shortfall-Surplus,false,51304,Amount and Source of Additional Fundingb / Budget Control Act of 2011,fiscal_year,2011,2011,2011,15,2
Pell Grant,Budget Control Act of 2011,2012,10000.0,Millions of dollars,51304-2020-01-pellgrant.xlsx,Cumulative Shortfall-Surplus,false,51304,Amount and Source of Additional Fundingb / Budget Control Act of 2011,fiscal_year,2012,2012,2012,15,3
Pell Grant,Budget Control Act of 2011,2013,7000.0,Millions of dollars,51304-2020-01-pellgrant.xlsx,Cumulative Shortfall-Surplus,false,51304,Amount and Source of Additional Fundingb / Budget Control Act of 2011,fiscal_year,2013,2013,2013,15,4
Pell Grant,Budget Control Act of 2011,2014,0.0,Millions of dollars,51304-2020-01-pellgrant.xlsx,Cumulative Shortfall-Surplus,false,51304,Amount and Source of Additional Fundingb / Budget Control Act of 2011,fiscal_year,2014,2014,2014,15,5
Pell Grant,Budget Control Act of 2011,2015,0.0,Millions of dollars,51304-2020-01-pellgrant.xlsx,Cumulative Shortfall-Surplus,false,51304,Amount and Source of Additional Fundingb / Budget Control Act of 2011,fiscal_year,2015,2015,2015,15,6
Pell Grant,Budget Control Act of 2011,2016,0.0,Millions of dollars,51304-2020-01-pellgrant.xlsx,Cumulative Shortfall-Surplus,false,51304,Amount and Source of Additional Fundingb / Budget Control Act of 2011,fiscal_year,2016,2016,2016,15,7
Pell Grant,Budget Control Act of 2011,2017,0.0,Millions of dollars,51304-2020-01-pellgrant.xlsx,Cumulative Shortfall-Surplus,false,51304,Amount and Source of Additional Fundingb / Budget Control Act of 2011,fiscal_year,2017,2017,2017,15,8
Pell Grant,Budget Control Act of 2011,2018,0.0,Millions of dollars,51304-2020-01-pellgrant.xlsx,Cumulative Shortfall-Surplus,false,51304,Amount and Source of Additional Fundingb / Budget Control Act of 2011,fiscal_year,2018,2018,2018,15,9
Pell Grant,Budget Control Act of 2011,2019,0.0,Millions of dollars,51304-2020-01-pellgrant.xlsx,Cumulative Shortfall-Surplus,false,51304,Amount and Source of Additional Fundingb / Budget Control Act of 2011,fiscal_year,2019,2019,2019,15,10
Pell Grant,Budget Control Act of 2011,2020,0.0,Millions of dollars,51304-2020-01-pellgrant.xlsx,Cumulative Shortfall-Surplus,false,51304,Amount and Source of Additional Fundingb / Budget Control Act of 2011,fiscal_year,2020,2020,2020,15,11
Pell Grant,"Consolidated Appropriations Act, 2012",2011,0.0,Millions of dollars,51304-2020-01-pellgrant.xlsx,Cumulative Shortfall-Surplus,false,51304,"Amount and Source of Additional Fundingb / Consolidated Appropriations Act, 2012",fiscal_year,2011,2011,2011,16,2
Pell Grant,"Consolidated Appropriations Act, 2012",2012,612.0,Millions of dollars,51304-2020-01-pellgrant.xlsx,Cumulative Shortfall-Surplus,false,51304,"Amount and Source of Additional Fundingb / Consolidated Appropriations Act, 2012",fiscal_year,2012,2012,2012,16,3
Pell Grant,"Consolidated Appropriations Act, 2012",2013,587.0,Millions of dollars,51304-2020-01-pellgrant.xlsx,Cumulative Shortfall-Surplus,false,51304,"Amount and Source of Additional Fundingb / Consolidated Appropriations Act, 2012",fiscal_year,2013,2013,2013,16,4
Pell Grant,"Consolidated Appropriations Act, 2012",2014,588.0,Millions of dollars,51304-2020-01-pellgrant.xlsx,Cumulative Shortfall-Surplus,false,51304,"Amount and Source of Additional Fundingb / Consolidated Appropriations Act, 2012",fiscal_year,2014,2014,2014,16,5
Pell Grant,"Consolidated Appropriations Act, 2012",2015,0.0,Millions of dollars,51304-2020-01-pellgrant.xlsx,Cumulative Shortfall-Surplus,false,51304,"Amount and Source of Additional Fundingb / Consolidated Appropriations Act, 2012",fiscal_year,2015,2015,2015,16,6
Pell Grant,"Consolidated Appropriations Act, 2012",2016,0.0,Millions of dollars,51304-2020-01-pellgrant.xlsx,Cumulative Shortfall-Surplus,false,51304,"Amount and Source of Additional Fundingb / Consolidated Appropriations Act, 2012",fiscal_year,2016,2016,2016,16,7
Pell Grant,"Consolidated Appropriations Act, 2012",2017,514.0,Millions of dollars,51304-2020-01-pellgrant.xlsx,Cumulative Shortfall-Surplus,false,51304,"Amount and Source of Additional Fundingb / Consolidated Appropriations Act, 2012",fiscal_year,2017,2017,2017,16,8
Pell Grant,"Consolidated Appropriations Act, 2012",2018,257.0,Millions of dollars,51304-2020-01-pellgrant.xlsx,Cumulative Shortfall-Surplus,false,51304,"Amount and Source of Additional Fundingb / Consolidated Appropriations Act, 2012",fiscal_year,2018,2018,2018,16,9
Pell Grant,"Consolidated Appropriations Act, 2012",2019,284.0,Millions of dollars,51304-2020-01-pellgrant.xlsx,Cumulative Shortfall-Surplus,false,51304,"Amount and Source of Additional Fundingb / Consolidated Appropriations Act, 2012",fiscal_year,2019,2019,2019,16,10
Pell Grant,"Consolidated Appropriations Act, 2012",2020,290.0,Millions of dollars,51304-2020-01-pellgrant.xlsx,Cumulative Shortfall-Surplus,false,51304,"Amount and Source of Additional Fundingb / Consolidated Appropriations Act, 2012",fiscal_year,2020,2020,2020,16,11
Pell Grant,"Consolidated Appropriations Act, 2017",2011,0.0,Millions of dollars,51304-2020-01-pellgrant.xlsx,Cumulative Shortfall-Surplus,false,51304,"Amount and Source of Additional Fundingb / Consolidated Appropriations Act, 2017",fiscal_year,2011,2011,2011,17,2
Pell Grant,"Consolidated Appropriations Act, 2017",2012,0.0,Millions of dollars,51304-2020-01-pellgrant.xlsx,Cumulative Shortfall-Surplus,false,51304,"Amount and Source of Additional Fundingb / Consolidated Appropriations Act, 2017",fiscal_year,2012,2012,2012,17,3
Pell Grant,"Consolidated Appropriations Act, 2017",2013,0.0,Millions of dollars,51304-2020-01-pellgrant.xlsx,Cumulative Shortfall-Surplus,false,51304,"Amount and Source of Additional Fundingb / Consolidated Appropriations Act, 2017",fiscal_year,2013,2013,2013,17,4
Pell Grant,"Consolidated Appropriations Act, 2017",2014,0.0,Millions of dollars,51304-2020-01-pellgrant.xlsx,Cumulative Shortfall-Surplus,false,51304,"Amount and Source of Additional Fundingb / Consolidated Appropriations Act, 2017",fiscal_year,2014,2014,2014,17,5
Pell Grant,"Consolidated Appropriations Act, 2017",2015,0.0,Millions of dollars,51304-2020-01-pellgrant.xlsx,Cumulative Shortfall-Surplus,false,51304,"Amount and Source of Additional Fundingb / Consolidated Appropriations Act, 2017",fiscal_year,2015,2015,2015,17,6
Pell Grant,"Consolidated Appropriations Act, 2017",2016,0.0,Millions of dollars,51304-2020-01-pellgrant.xlsx,Cumulative Shortfall-Surplus,false,51304,"Amount and Source of Additional Fundingb / Consolidated Appropriations Act, 2017",fiscal_year,2016,2016,2016,17,7
Pell Grant,"Consolidated Appropriations Act, 2017",2017,-254.0,Millions of dollars,51304-2020-01-pellgrant.xlsx,Cumulative Shortfall-Surplus,false,51304,"Amount and Source of Additional Fundingb / Consolidated Appropriations Act, 2017",fiscal_year,2017,2017,2017,17,8
Pell Grant,"Consolidated Appropriations Act, 2017",2018,0.0,Millions of dollars,51304-2020-01-pellgrant.xlsx,Cumulative Shortfall-Surplus,false,51304,"Amount and Source of Additional Fundingb / Consolidated Appropriations Act, 2017",fiscal_year,2018,2018,2018,17,9
Pell Grant,"Consolidated Appropriations Act, 2017",2019,0.0,Millions of dollars,51304-2020-01-pellgrant.xlsx,Cumulative Shortfall-Surplus,false,51304,"Amount and Source of Additional Fundingb / Consolidated Appropriations Act, 2017",fiscal_year,2019,2019,2019,17,10
Pell Grant,"Consolidated Appropriations Act, 2017",2020,0.0,Millions of dollars,51304-2020-01-pellgrant.xlsx,Cumulative Shortfall-Surplus,false,51304,"Amount and Source of Additional Fundingb / Consolidated Appropriations Act, 2017",fiscal_year,2020,2020,2020,17,11
Pell Grant,"Consolidated Appropriations Act, 2018",2011,0.0,Millions of dollars,51304-2020-01-pellgrant.xlsx,Cumulative Shortfall-Surplus,false,51304,"Amount and Source of Additional Fundingb / Consolidated Appropriations Act, 2018",fiscal_year,2011,2011,2011,18,2
Pell Grant,"Consolidated Appropriations Act, 2018",2012,0.0,Millions of dollars,51304-2020-01-pellgrant.xlsx,Cumulative Shortfall-Surplus,false,51304,"Amount and Source of Additional Fundingb / Consolidated Appropriations Act, 2018",fiscal_year,2012,2012,2012,18,3
Pell Grant,"Consolidated Appropriations Act, 2018",2013,0.0,Millions of dollars,51304-2020-01-pellgrant.xlsx,Cumulative Shortfall-Surplus,false,51304,"Amount and Source of Additional Fundingb / Consolidated Appropriations Act, 2018",fiscal_year,2013,2013,2013,18,4
Pell Grant,"Consolidated Appropriations Act, 2018",2014,0.0,Millions of dollars,51304-2020-01-pellgrant.xlsx,Cumulative Shortfall-Surplus,false,51304,"Amount and Source of Additional Fundingb / Consolidated Appropriations Act, 2018",fiscal_year,2014,2014,2014,18,5
Pell Grant,"Consolidated Appropriations Act, 2018",2015,0.0,Millions of dollars,51304-2020-01-pellgrant.xlsx,Cumulative Shortfall-Surplus,false,51304,"Amount and Source of Additional Fundingb / Consolidated Appropriations Act, 2018",fiscal_year,2015,2015,2015,18,6
Pell Grant,"Consolidated Appropriations Act, 2018",2016,0.0,Millions of dollars,51304-2020-01-pellgrant.xlsx,Cumulative Shortfall-Surplus,false,51304,"Amount and Source of Additional Fundingb / Consolidated Appropriations Act, 2018",fiscal_year,2016,2016,2016,18,7
Pell Grant,"Consolidated Appropriations Act, 2018",2017,0.0,Millions of dollars,51304-2020-01-pellgrant.xlsx,Cumulative Shortfall-Surplus,false,51304,"Amount and Source of Additional Fundingb / Consolidated Appropriations Act, 2018",fiscal_year,2017,2017,2017,18,8
Pell Grant,"Consolidated Appropriations Act, 2018",2018,-48.0,Millions of dollars,51304-2020-01-pellgrant.xlsx,Cumulative Shortfall-Surplus,false,51304,"Amount and Source of Additional Fundingb / Consolidated Appropriations Act, 2018",fiscal_year,2018,2018,2018,18,9
Pell Grant,"Consolidated Appropriations Act, 2018",2019,0.0,Millions of dollars,51304-2020-01-pellgrant.xlsx,Cumulative Shortfall-Surplus,false,51304,"Amount and Source of Additional Fundingb / Consolidated Appropriations Act, 2018",fiscal_year,2019,2019,2019,18,10
Pell Grant,"Consolidated Appropriations Act, 2018",2020,0.0,Millions of dollars,51304-2020-01-pellgrant.xlsx,Cumulative Shortfall-Surplus,false,51304,"Amount and Source of Additional Fundingb / Consolidated Appropriations Act, 2018",fiscal_year,2020,2020,2020,18,11
Pell Grant,"Labor, HHS, Education Appropriations Act, 2019",2011,0.0,Millions of dollars,51304-2020-01-pellgrant.xlsx,Cumulative Shortfall-Surplus,false,51304,"Amount and Source of Additional Fundingb / Labor, HHS, Education Appropriations Act, 2019",fiscal_year,2011,2011,2011,19,2
Pell Grant,"Labor, HHS, Education Appropriations Act, 2019",2012,0.0,Millions of dollars,51304-2020-01-pellgrant.xlsx,Cumulative Shortfall-Surplus,false,51304,"Amount and Source of Additional Fundingb / Labor, HHS, Education Appropriations Act, 2019",fiscal_year,2012,2012,2012,19,3
Pell Grant,"Labor, HHS, Education Appropriations Act, 2019",2013,0.0,Millions of dollars,51304-2020-01-pellgrant.xlsx,Cumulative Shortfall-Surplus,false,51304,"Amount and Source of Additional Fundingb / Labor, HHS, Education Appropriations Act, 2019",fiscal_year,2013,2013,2013,19,4
Pell Grant,"Labor, HHS, Education Appropriations Act, 2019",2014,0.0,Millions of dollars,51304-2020-01-pellgrant.xlsx,Cumulative Shortfall-Surplus,false,51304,"Amount and Source of Additional Fundingb / Labor, HHS, Education Appropriations Act, 2019",fiscal_year,2014,2014,2014,19,5
Pell Grant,"Labor, HHS, Education Appropriations Act, 2019",2015,0.0,Millions of dollars,51304-2020-01-pellgrant.xlsx,Cumulative Shortfall-Surplus,false,51304,"Amount and Source of Additional Fundingb / Labor, HHS, Education Appropriations Act, 2019",fiscal_year,2015,2015,2015,19,6
Pell Grant,"Labor, HHS, Education Appropriations Act, 2019",2016,0.0,Millions of dollars,51304-2020-01-pellgrant.xlsx,Cumulative Shortfall-Surplus,false,51304,"Amount and Source of Additional Fundingb / Labor, HHS, Education Appropriations Act, 2019",fiscal_year,2016,2016,2016,19,7
Pell Grant,"Labor, HHS, Education Appropriations Act, 2019",2017,0.0,Millions of dollars,51304-2020-01-pellgrant.xlsx,Cumulative Shortfall-Surplus,false,51304,"Amount and Source of Additional Fundingb / Labor, HHS, Education Appropriations Act, 2019",fiscal_year,2017,2017,2017,19,8
Pell Grant,"Labor, HHS, Education Appropriations Act, 2019",2018,0.0,Millions of dollars,51304-2020-01-pellgrant.xlsx,Cumulative Shortfall-Surplus,false,51304,"Amount and Source of Additional Fundingb / Labor, HHS, Education Appropriations Act, 2019",fiscal_year,2018,2018,2018,19,9
Pell Grant,"Labor, HHS, Education Appropriations Act, 2019",2019,-39.0,Millions of dollars,51304-2020-01-pellgrant.xlsx,Cumulative Shortfall-Surplus,false,51304,"Amount and Source of Additional Fundingb / Labor, HHS, Education Appropriations Act, 2019",fiscal_year,2019,2019,2019,19,10
Pell Grant,"Labor, HHS, Education Appropriations Act, 2019",2020,0.0,Millions of dollars,51304-2020-01-pellgrant.xlsx,Cumulative Shortfall-Surplus,false,51304,"Amount and Source of Additional Fundingb / Labor, HHS, Education Appropriations Act, 2019",fiscal_year,2020,2020,2020,19,11
Pell Grant,"FUTURE Act, 2019",2011,0.0,Millions of dollars,51304-2020-01-pellgrant.xlsx,Cumulative Shortfall-Surplus,false,51304,"Amount and Source of Additional Fundingb / FUTURE Act, 2019",fiscal_year,2011,2011,2011,20,2
Pell Grant,"FUTURE Act, 2019",2012,0.0,Millions of dollars,51304-2020-01-pellgrant.xlsx,Cumulative Shortfall-Surplus,false,51304,"Amount and Source of Additional Fundingb / FUTURE Act, 2019",fiscal_year,2012,2012,2012,20,3
Pell Grant,"FUTURE Act, 2019",2013,0.0,Millions of dollars,51304-2020-01-pellgrant.xlsx,Cumulative Shortfall-Surplus,false,51304,"Amount and Source of Additional Fundingb / FUTURE Act, 2019",fiscal_year,2013,2013,2013,20,4
Pell Grant,"FUTURE Act, 2019",2014,0.0,Millions of dollars,51304-2020-01-pellgrant.xlsx,Cumulative Shortfall-Surplus,false,51304,"Amount and Source of Additional Fundingb / FUTURE Act, 2019",fiscal_year,2014,2014,2014,20,5
Pell Grant,"FUTURE Act, 2019",2015,0.0,Millions of dollars,51304-2020-01-pellgrant.xlsx,Cumulative Shortfall-Surplus,false,51304,"Amount and Source of Additional Fundingb / FUTURE Act, 2019",fiscal_year,2015,2015,2015,20,6
Pell Grant,"FUTURE Act, 2019",2016,0.0,Millions of dollars,51304-2020-01-pellgrant.xlsx,Cumulative Shortfall-Surplus,false,51304,"Amount and Source of Additional Fundingb / FUTURE Act, 2019",fiscal_year,2016,2016,2016,20,7
Pell Grant,"FUTURE Act, 2019",2017,0.0,Millions of dollars,51304-2020-01-pellgrant.xlsx,Cumulative Shortfall-Surplus,false,51304,"Amount and Source of Additional Fundingb / FUTURE Act, 2019",fiscal_year,2017,2017,2017,20,8
Pell Grant,"FUTURE Act, 2019",2018,0.0,Millions of dollars,51304-2020-01-pellgrant.xlsx,Cumulative Shortfall-Surplus,false,51304,"Amount and Source of Additional Fundingb / FUTURE Act, 2019",fiscal_year,2018,2018,2018,20,9
Pell Grant,"FUTURE Act, 2019",2019,0.0,Millions of dollars,51304-2020-01-pellgrant.xlsx,Cumulative Shortfall-Surplus,false,51304,"Amount and Source of Additional Fundingb / FUTURE Act, 2019",fiscal_year,2019,2019,2019,20,10
Pell Grant,"FUTURE Act, 2019",2020,25.0,Millions of dollars,51304-2020-01-pellgrant.xlsx,Cumulative Shortfall-Surplus,false,51304,"Amount and Source of Additional Fundingb / FUTURE Act, 2019",fiscal_year,2020,2020,2020,20,11
Pell Grant,"Further Consolidated Appropriations Act, 2020",2011,0.0,Millions of dollars,51304-2020-01-pellgrant.xlsx,Cumulative Shortfall-Surplus,false,51304,"Amount and Source of Additional Fundingb / Further Consolidated Appropriations Act, 2020",fiscal_year,2011,2011,2011,21,2
Pell Grant,"Further Consolidated Appropriations Act, 2020",2012,0.0,Millions of dollars,51304-2020-01-pellgrant.xlsx,Cumulative Shortfall-Surplus,false,51304,"Amount and Source of Additional Fundingb / Further Consolidated Appropriations Act, 2020",fiscal_year,2012,2012,2012,21,3
Pell Grant,"Further Consolidated Appropriations Act, 2020",2013,0.0,Millions of dollars,51304-2020-01-pellgrant.xlsx,Cumulative Shortfall-Surplus,false,51304,"Amount and Source of Additional Fundingb / Further Consolidated Appropriations Act, 2020",fiscal_year,2013,2013,2013,21,4
Pell Grant,"Further Consolidated Appropriations Act, 2020",2014,0.0,Millions of dollars,51304-2020-01-pellgrant.xlsx,Cumulative Shortfall-Surplus,false,51304,"Amount and Source of Additional Fundingb / Further Consolidated Appropriations Act, 2020",fiscal_year,2014,2014,2014,21,5
Pell Grant,"Further Consolidated Appropriations Act, 2020",2015,0.0,Millions of dollars,51304-2020-01-pellgrant.xlsx,Cumulative Shortfall-Surplus,false,51304,"Amount and Source of Additional Fundingb / Further Consolidated Appropriations Act, 2020",fiscal_year,2015,2015,2015,21,6
Pell Grant,"Further Consolidated Appropriations Act, 2020",2016,0.0,Millions of dollars,51304-2020-01-pellgrant.xlsx,Cumulative Shortfall-Surplus,false,51304,"Amount and Source of Additional Fundingb / Further Consolidated Appropriations Act, 2020",fiscal_year,2016,2016,2016,21,7
Pell Grant,"Further Consolidated Appropriations Act, 2020",2017,0.0,Millions of dollars,51304-2020-01-pellgrant.xlsx,Cumulative Shortfall-Surplus,false,51304,"Amount and Source of Additional Fundingb / Further Consolidated Appropriations Act, 2020",fiscal_year,2017,2017,2017,21,8
Pell Grant,"Further Consolidated Appropriations Act, 2020",2018,0.0,Millions of dollars,51304-2020-01-pellgrant.xlsx,Cumulative Shortfall-Surplus,false,51304,"Amount and Source of Additional Fundingb / Further Consolidated Appropriations Act, 2020",fiscal_year,2018,2018,2018,21,9
Pell Grant,"Further Consolidated Appropriations Act, 2020",2019,0.0,Millions of dollars,51304-2020-01-pellgrant.xlsx,Cumulative Shortfall-Surplus,false,51304,"Amount and Source of Additional Fundingb / Further Consolidated Appropriations Act, 2020",fiscal_year,2019,2019,2019,21,10
Pell Grant,"Further Consolidated Appropriations Act, 2020",2020,-50.0,Millions of dollars,51304-2020-01-pellgrant.xlsx,Cumulative Shortfall-Surplus,false,51304,"Amount and Source of Additional Fundingb / Further Consolidated Appropriations Act, 2020",fiscal_year,2020,2020,2020,21,11
Pell Grant,Total Budget Authority for Discretionary Program,2011,36456.0,Millions of dollars,51304-2020-01-pellgrant.xlsx,Cumulative Shortfall-Surplus,true,51304,Amount and Source of Additional Fundingb / Total Budget Authority for Discretionary Program,fiscal_year,2011,2011,2011,22,2
Pell Grant,Total Budget Authority for Discretionary Program,2012,36619.0,Millions of dollars,51304-2020-01-pellgrant.xlsx,Cumulative Shortfall-Surplus,true,51304,Amount and Source of Additional Fundingb / Total Budget Authority for Discretionary Program,fiscal_year,2012,2012,2012,22,3
Pell Grant,Total Budget Authority for Discretionary Program,2013,30365.0,Millions of dollars,51304-2020-01-pellgrant.xlsx,Cumulative Shortfall-Surplus,true,51304,Amount and Source of Additional Fundingb / Total Budget Authority for Discretionary Program,fiscal_year,2013,2013,2013,22,4
Pell Grant,Total Budget Authority for Discretionary Program,2014,23366.0,Millions of dollars,51304-2020-01-pellgrant.xlsx,Cumulative Shortfall-Surplus,true,51304,Amount and Source of Additional Fundingb / Total Budget Authority for Discretionary Program,fiscal_year,2014,2014,2014,22,5
Pell Grant,Total Budget Authority for Discretionary Program,2015,22475.0,Millions of dollars,51304-2020-01-pellgrant.xlsx,Cumulative Shortfall-Surplus,true,51304,Amount and Source of Additional Fundingb / Total Budget Authority for Discretionary Program,fiscal_year,2015,2015,2015,22,6
Pell Grant,Total Budget Authority for Discretionary Program,2016,22475.0,Millions of dollars,51304-2020-01-pellgrant.xlsx,Cumulative Shortfall-Surplus,true,51304,Amount and Source of Additional Fundingb / Total Budget Authority for Discretionary Program,fiscal_year,2016,2016,2016,22,7
Pell Grant,Total Budget Authority for Discretionary Program,2017,22485.0,Millions of dollars,51304-2020-01-pellgrant.xlsx,Cumulative Shortfall-Surplus,true,51304,Amount and Source of Additional Fundingb / Total Budget Authority for Discretionary Program,fiscal_year,2017,2017,2017,22,8
Pell Grant,Total Budget Authority for Discretionary Program,2018,23809.0,Millions of dollars,51304-2020-01-pellgrant.xlsx,Cumulative Shortfall-Surplus,true,51304,Amount and Source of Additional Fundingb / Total Budget Authority for Discretionary Program,fiscal_year,2018,2018,2018,22,9
Pell Grant,Total Budget Authority for Discretionary Program,2019,23245.0,Millions of dollars,51304-2020-01-pellgrant.xlsx,Cumulative Shortfall-Surplus,true,51304,Amount and Source of Additional Fundingb / Total Budget Authority for Discretionary Program,fiscal_year,2019,2019,2019,22,10
Pell Grant,Total Budget Authority for Discretionary Program,2020,23380.0,Millions of dollars,51304-2020-01-pellgrant.xlsx,Cumulative Shortfall-Surplus,true,51304,Amount and Source of Additional Fundingb / Total Budget Authority for Discretionary Program,fiscal_year,2020,2020,2020,22,11
Pell Grant,Previous Year Shortfall (-) or Surplus,2011,-9569.0,Millions of dollars,51304-2020-01-pellgrant.xlsx,Cumulative Shortfall-Surplus,false,51304,Amount and Source of Additional Fundingb / Previous Year Shortfall (-) or Surplus,fiscal_year,2011,2011,2011,24,2
Pell Grant,Previous Year Shortfall (-) or Surplus,2012,-1781.0,Millions of dollars,51304-2020-01-pellgrant.xlsx,Cumulative Shortfall-Surplus,false,51304,Amount and Source of Additional Fundingb / Previous Year Shortfall (-) or Surplus,fiscal_year,2012,2012,2012,24,3
Pell Grant,Previous Year Shortfall (-) or Surplus,2013,7701.0,Millions of dollars,51304-2020-01-pellgrant.xlsx,Cumulative Shortfall-Surplus,false,51304,Amount and Source of Additional Fundingb / Previous Year Shortfall (-) or Surplus,fiscal_year,2013,2013,2013,24,4
Pell Grant,Previous Year Shortfall (-) or Surplus,2014,11696.0,Millions of dollars,51304-2020-01-pellgrant.xlsx,Cumulative Shortfall-Surplus,false,51304,Amount and Source of Additional Fundingb / Previous Year Shortfall (-) or Surplus,fiscal_year,2014,2014,2014,24,5
Pell Grant,Previous Year Shortfall (-) or Surplus,2015,9755.0,Millions of dollars,51304-2020-01-pellgrant.xlsx,Cumulative Shortfall-Surplus,false,51304,Amount and Source of Additional Fundingb / Previous Year Shortfall (-) or Surplus,fiscal_year,2015,2015,2015,24,6
Pell Grant,Previous Year Shortfall (-) or Surplus,2016,8877.0,Millions of dollars,51304-2020-01-pellgrant.xlsx,Cumulative Shortfall-Surplus,false,51304,Amount and Source of Additional Fundingb / Previous Year Shortfall (-) or Surplus,fiscal_year,2016,2016,2016,24,7
Pell Grant,Previous Year Shortfall (-) or Surplus,2017,9566.0,Millions of dollars,51304-2020-01-pellgrant.xlsx,Cumulative Shortfall-Surplus,false,51304,Amount and Source of Additional Fundingb / Previous Year Shortfall (-) or Surplus,fiscal_year,2017,2017,2017,24,8
Pell Grant,Previous Year Shortfall (-) or Surplus,2018,8962.0,Millions of dollars,51304-2020-01-pellgrant.xlsx,Cumulative Shortfall-Surplus,false,51304,Amount and Source of Additional Fundingb / Previous Year Shortfall (-) or Surplus,fiscal_year,2018,2018,2018,24,9
Pell Grant,Previous Year Shortfall (-) or Surplus,2019,9732.0,Millions of dollars,51304-2020-01-pellgrant.xlsx,Cumulative Shortfall-Surplus,false,51304,Amount and Source of Additional Fundingb / Previous Year Shortfall (-) or Surplus,fiscal_year,2019,2019,2019,24,10
Pell Grant,Previous Year Shortfall (-) or Surplus,2020,9777.0,Millions of dollars,51304-2020-01-pellgrant.xlsx,Cumulative Shortfall-Surplus,false,51304,Amount and Source of Additional Fundingb / Previous Year Shortfall (-) or Surplus,fiscal_year,2020,2020,2020,24,11
Pell Grant,Total Available Budget Authority,2011,26887.0,Millions of dollars,51304-2020-01-pellgrant.xlsx,Cumulative Shortfall-Surplus,true,51304,Amount and Source of Additional Fundingb / Total Available Budget Authority,fiscal_year,2011,2011,2011,25,2
Pell Grant,Total Available Budget Authority,2012,34838.0,Millions of dollars,51304-2020-01-pellgrant.xlsx,Cumulative Shortfall-Surplus,true,51304,Amount and Source of Additional Fundingb / Total Available Budget Authority,fiscal_year,2012,2012,2012,25,3
Pell Grant,Total Available Budget Authority,2013,38066.0,Millions of dollars,51304-2020-01-pellgrant.xlsx,Cumulative Shortfall-Surplus,true,51304,Amount and Source of Additional Fundingb / Total Available Budget Authority,fiscal_year,2013,2013,2013,25,4
Pell Grant,Total Available Budget Authority,2014,35062.0,Millions of dollars,51304-2020-01-pellgrant.xlsx,Cumulative Shortfall-Surplus,true,51304,Amount and Source of Additional Fundingb / Total Available Budget Authority,fiscal_year,2014,2014,2014,25,5
Pell Grant,Total Available Budget Authority,2015,32230.0,Millions of dollars,51304-2020-01-pellgrant.xlsx,Cumulative Shortfall-Surplus,true,51304,Amount and Source of Additional Fundingb / Total Available Budget Authority,fiscal_year,2015,2015,2015,25,6
Pell Grant,Total Available Budget Authority,2016,31352.0,Millions of dollars,51304-2020-01-pellgrant.xlsx,Cumulative Shortfall-Surplus,true,51304,Amount and Source of Additional Fundingb / Total Available Budget Authority,fiscal_year,2016,2016,2016,25,7
Pell Grant,Total Available Budget Authority,2017,32051.0,Millions of dollars,51304-2020-01-pellgrant.xlsx,Cumulative Shortfall-Surplus,true,51304,Amount and Source of Additional Fundingb / Total Available Budget Authority,fiscal_year,2017,2017,2017,25,8
Pell Grant,Total Available Budget Authority,2018,32771.0,Millions of dollars,51304-2020-01-pellgrant.xlsx,Cumulative Shortfall-Surplus,true,51304,Amount and Source of Additional Fundingb / Total Available Budget Authority,fiscal_year,2018,2018,2018,25,9
Pell Grant,Total Available Budget Authority,2019,32977.0,Millions of dollars,51304-2020-01-pellgrant.xlsx,Cumulative Shortfall-Surplus,true,51304,Amount and Source of Additional Fundingb / Total Available Budget Authority,fiscal_year,2019,2019,2019,25,10
Pell Grant,Total Available Budget Authority,2020,33157.0,Millions of dollars,51304-2020-01-pellgrant.xlsx,Cumulative Shortfall-Surplus,true,51304,Amount and Source of Additional Fundingb / Total Available Budget Authority,fiscal_year,2020,2020,2020,25,11
Pell Grant,Estimated Program Costs,2011,28668.0,Millions of dollars,51304-2020-01-pellgrant.xlsx,Cumulative Shortfall-Surplus,false,51304,Amount and Source of Additional Fundingb / Estimated Program Costs,fiscal_year,2011,2011,2011,27,2
Pell Grant,Estimated Program Costs,2012,27137.0,Millions of dollars,51304-2020-01-pellgrant.xlsx,Cumulative Shortfall-Surplus,false,51304,Amount and Source of Additional Fundingb / Estimated Program Costs,fiscal_year,2012,2012,2012,27,3
Pell Grant,Estimated Program Costs,2013,26370.0,Millions of dollars,51304-2020-01-pellgrant.xlsx,Cumulative Shortfall-Surplus,false,51304,Amount and Source of Additional Fundingb / Estimated Program Costs,fiscal_year,2013,2013,2013,27,4
Pell Grant,Estimated Program Costs,2014,25307.0,Millions of dollars,51304-2020-01-pellgrant.xlsx,Cumulative Shortfall-Surplus,false,51304,Amount and Source of Additional Fundingb / Estimated Program Costs,fiscal_year,2014,2014,2014,27,5
Pell Grant,Estimated Program Costs,2015,23353.0,Millions of dollars,51304-2020-01-pellgrant.xlsx,Cumulative Shortfall-Surplus,false,51304,Amount and Source of Additional Fundingb / Estimated Program Costs,fiscal_year,2015,2015,2015,27,6
Pell Grant,Estimated Program Costs,2016,21786.0,Millions of dollars,51304-2020-01-pellgrant.xlsx,Cumulative Shortfall-Surplus,false,51304,Amount and Source of Additional Fundingb / Estimated Program Costs,fiscal_year,2016,2016,2016,27,7
Pell Grant,Estimated Program Costs,2017,23089.0,Millions of dollars,51304-2020-01-pellgrant.xlsx,Cumulative Shortfall-Surplus,false,51304,Amount and Source of Additional Fundingb / Estimated Program Costs,fiscal_year,2017,2017,2017,27,8
Pell Grant,Estimated Program Costs,2018,23039.0,Millions of dollars,51304-2020-01-pellgrant.xlsx,Cumulative Shortfall-Surplus,false,51304,Amount and Source of Additional Fundingb / Estimated Program Costs,fiscal_year,2018,2018,2018,27,9
Pell Grant,Estimated Program Costs,2019,23200.0,Millions of dollars,51304-2020-01-pellgrant.xlsx,Cumulative Shortfall-Surplus,false,51304,Amount and Source of Additional Fundingb / Estimated Program Costs,fiscal_year,2019,2019,2019,27,10
Pell Grant,Estimated Program Costs,2020,23735.0,Millions of dollars,51304-2020-01-pellgrant.xlsx,Cumulative Shortfall-Surplus,false,51304,Amount and Source of Additional Fundingb / Estimated Program Costs,fiscal_year,2020,2020,2020,27,11
Pell Grant,Cumulative Surplus or Shortfall (-)c,2011,-1781.0,Millions of dollars,51304-2020-01-pellgrant.xlsx,Cumulative Shortfall-Surplus,false,51304,Amount and Source of Additional Fundingb / Cumulative Surplus or Shortfall (-)c,fiscal_year,2011,2011,2011,28,2
Pell Grant,Cumulative Surplus or Shortfall (-)c,2012,7701.0,Millions of dollars,51304-2020-01-pellgrant.xlsx,Cumulative Shortfall-Surplus,false,51304,Amount and Source of Additional Fundingb / Cumulative Surplus or Shortfall (-)c,fiscal_year,2012,2012,2012,28,3
Pell Grant,Cumulative Surplus or Shortfall (-)c,2013,11696.0,Millions of dollars,51304-2020-01-pellgrant.xlsx,Cumulative Shortfall-Surplus,false,51304,Amount and Source of Additional Fundingb / Cumulative Surplus or Shortfall (-)c,fiscal_year,2013,2013,2013,28,4
Pell Grant,Cumulative Surplus or Shortfall (-)c,2014,9755.0,Millions of dollars,51304-2020-01-pellgrant.xlsx,Cumulative Shortfall-Surplus,false,51304,Amount and Source of Additional Fundingb / Cumulative Surplus or Shortfall (-)c,fiscal_year,2014,2014,2014,28,5
Pell Grant,Cumulative Surplus or Shortfall (-)c,2015,8877.0,Millions of dollars,51304-2020-01-pellgrant.xlsx,Cumulative Shortfall-Surplus,false,51304,Amount and Source of Additional Fundingb / Cumulative Surplus or Shortfall (-)c,fiscal_year,2015,2015,2015,28,6
Pell Grant,Cumulative Surplus or Shortfall (-)c,2016,9566.0,Millions of dollars,51304-2020-01-pellgrant.xlsx,Cumulative Shortfall-Surplus,false,51304,Amount and Source of Additional Fundingb / Cumulative Surplus or Shortfall (-)c,fiscal_year,2016,2016,2016,28,7
Pell Grant,Cumulative Surplus or Shortfall (-)c,2017,8962.0,Millions of dollars,51304-2020-01-pellgrant.xlsx,Cumulative Shortfall-Surplus,false,51304,Amount and Source of Additional Fundingb / Cumulative Surplus or Shortfall (-)c,fiscal_year,2017,2017,2017,28,8
Pell Grant,Cumulative Surplus or Shortfall (-)c,2018,9732.0,Millions of dollars,51304-2020-01-pellgrant.xlsx,Cumulative Shortfall-Surplus,false,51304,Amount and Source of Additional Fundingb / Cumulative Surplus or Shortfall (-)c,fiscal_year,2018,2018,2018,28,9
Pell Grant,Cumulative Surplus or Shortfall (-)c,2019,9777.0,Millions of dollars,51304-2020-01-pellgrant.xlsx,Cumulative Shortfall-Surplus,false,51304,Amount and Source of Additional Fundingb / Cumulative Surplus or Shortfall (-)c,fiscal_year,2019,2019,2019,28,10
Pell Grant,Cumulative Surplus or Shortfall (-)c,2020,9422.0,Millions of dollars,51304-2020-01-pellgrant.xlsx,Cumulative Shortfall-Surplus,false,51304,Amount and Source of Additional Fundingb / Cumulative Surplus or Shortfall (-)c,fiscal_year,2020,2020,2020,28,11
Pell Grant,Estimated Surplus Going Into Fiscal Year 2021,2011,9422.0,Millions of dollars,51304-2020-01-pellgrant.xlsx,Cumulative Shortfall-Surplus,false,51304,Amount and Source of Additional Fundingb / Estimated Surplus Going Into Fiscal Year 2021,fiscal_year,2011,2011,2011,32,2
Pell Grant,"Estimated Program Cost for $5,285 Maximum Award",2021,23869.817473,Millions of dollars,51304-2020-01-pellgrant.xlsx,Pell Grant Baseline,false,51304,"Budget Authority Needed to Support a Maximum Award of $5,285 and Available Funding / Estimated Program Cost for $5,285 Maximum Award",fiscal_year,2021,2021,2021,9,5
Pell Grant,"Estimated Program Cost for $5,285 Maximum Award",2022,24339.849607,Millions of dollars,51304-2020-01-pellgrant.xlsx,Pell Grant Baseline,false,51304,"Budget Authority Needed to Support a Maximum Award of $5,285 and Available Funding / Estimated Program Cost for $5,285 Maximum Award",fiscal_year,2022,2022,2022,9,6
Pell Grant,"Estimated Program Cost for $5,285 Maximum Award",2023,24917.460625,Millions of dollars,51304-2020-01-pellgrant.xlsx,Pell Grant Baseline,false,51304,"Budget Authority Needed to Support a Maximum Award of $5,285 and Available Funding / Estimated Program Cost for $5,285 Maximum Award",fiscal_year,2023,2023,2023,9,7
Pell Grant,"Estimated Program Cost for $5,285 Maximum Award",2024,25725.129806,Millions of dollars,51304-2020-01-pellgrant.xlsx,Pell Grant Baseline,false,51304,"Budget Authority Needed to Support a Maximum Award of $5,285 and Available Funding / Estimated Program Cost for $5,285 Maximum Award",fiscal_year,2024,2024,2024,9,8
Pell Grant,"Estimated Program Cost for $5,285 Maximum Award",2025,26572.70948,Millions of dollars,51304-2020-01-pellgrant.xlsx,Pell Grant Baseline,false,51304,"Budget Authority Needed to Support a Maximum Award of $5,285 and Available Funding / Estimated Program Cost for $5,285 Maximum Award",fiscal_year,2025,2025,2025,9,9
Pell Grant,"Estimated Program Cost for $5,285 Maximum Award",2026,27311.65739,Millions of dollars,51304-2020-01-pellgrant.xlsx,Pell Grant Baseline,false,51304,"Budget Authority Needed to Support a Maximum Award of $5,285 and Available Funding / Estimated Program Cost for $5,285 Maximum Award",fiscal_year,2026,2026,2026,9,10
Pell Grant,"Estimated Program Cost for $5,285 Maximum Award",2027,27934.757664690307,Millions of dollars,51304-2020-01-pellgrant.xlsx,Pell Grant Baseline,false,51304,"Budget Authority Needed to Support a Maximum Award of $5,285 and Available Funding / Estimated Program Cost for $5,285 Maximum Award",fiscal_year,2027,2027,2027,9,11
Pell Grant,"Estimated Program Cost for $5,285 Maximum Award",2028,28458.80937692041,Millions of dollars,51304-2020-01-pellgrant.xlsx,Pell Grant Baseline,false,51304,"Budget Authority Needed to Support a Maximum Award of $5,285 and Available Funding / Estimated Program Cost for $5,285 Maximum Award",fiscal_year,2028,2028,2028,9,12
Pell Grant,"Estimated Program Cost for $5,285 Maximum Award",2029,28822.074025840822,Millions of dollars,51304-2020-01-pellgrant.xlsx,Pell Grant Baseline,false,51304,"Budget Authority Needed to Support a Maximum Award of $5,285 and Available Funding / Estimated Program Cost for $5,285 Maximum Award",fiscal_year,2029,2029,2029,9,13
Pell Grant,"Estimated Program Cost for $5,285 Maximum Award",2030,29189.97559415612,Millions of dollars,51304-2020-01-pellgrant.xlsx,Pell Grant Baseline,false,51304,"Budget Authority Needed to Support a Maximum Award of $5,285 and Available Funding / Estimated Program Cost for $5,285 Maximum Award",fiscal_year,2030,2030,2030,9,14
Pell Grant,"*Estimated Cumulative Surplus, 2006 to 2020a",2021,9422.0,Millions of dollars,51304-2020-01-pellgrant.xlsx,Pell Grant Baseline,false,51304,"Budget Authority Needed to Support a Maximum Award of $5,285 and Available Funding / *Estimated Cumulative Surplus, 2006 to 2020a",fiscal_year,2021,2021,2021,10,5
Pell Grant,Mandatory-for-Discretionary Budget Authorityb,2021,1170.0,Millions of dollars,51304-2020-01-pellgrant.xlsx,Pell Grant Baseline,false,51304,"Budget Authority Needed to Support a Maximum Award of $5,285 and Available Funding / Mandatory-for-Discretionary Budget Authorityb",fiscal_year,2021,2021,2021,11,5
Pell Grant,Mandatory-for-Discretionary Budget Authorityb,2022,1170.0,Millions of dollars,51304-2020-01-pellgrant.xlsx,Pell Grant Baseline,false,51304,"Budget Authority Needed to Support a Maximum Award of $5,285 and Available Funding / Mandatory-for-Discretionary Budget Authorityb",fiscal_year,2022,2022,2022,11,6
Pell Grant,Mandatory-for-Discretionary Budget Authorityb,2023,1170.0,Millions of dollars,51304-2020-01-pellgrant.xlsx,Pell Grant Baseline,false,51304,"Budget Authority Needed to Support a Maximum Award of $5,285 and Available Funding / Mandatory-for-Discretionary Budget Authorityb",fiscal_year,2023,2023,2023,11,7
Pell Grant,Mandatory-for-Discretionary Budget Authorityb,2024,1170.0,Millions of dollars,51304-2020-01-pellgrant.xlsx,Pell Grant Baseline,false,51304,"Budget Authority Needed to Support a Maximum Award of $5,285 and Available Funding / Mandatory-for-Discretionary Budget Authorityb",fiscal_year,2024,2024,2024,11,8
Pell Grant,Mandatory-for-Discretionary Budget Authorityb,2025,1170.0,Millions of dollars,51304-2020-01-pellgrant.xlsx,Pell Grant Baseline,false,51304,"Budget Authority Needed to Support a Maximum Award of $5,285 and Available Funding / Mandatory-for-Discretionary Budget Authorityb",fiscal_year,2025,2025,2025,11,9
Pell Grant,Mandatory-for-Discretionary Budget Authorityb,2026,1170.0,Millions of dollars,51304-2020-01-pellgrant.xlsx,Pell Grant Baseline,false,51304,"Budget Authority Needed to Support a Maximum Award of $5,285 and Available Funding / Mandatory-for-Discretionary Budget Authorityb",fiscal_year,2026,2026,2026,11,10
Pell Grant,Mandatory-for-Discretionary Budget Authorityb,2027,1170.0,Millions of dollars,51304-2020-01-pellgrant.xlsx,Pell Grant Baseline,false,51304,"Budget Authority Needed to Support a Maximum Award of $5,285 and Available Funding / Mandatory-for-Discretionary Budget Authorityb",fiscal_year,2027,2027,2027,11,11
Pell Grant,Mandatory-for-Discretionary Budget Authorityb,2028,1170.0,Millions of dollars,51304-2020-01-pellgrant.xlsx,Pell Grant Baseline,false,51304,"Budget Authority Needed to Support a Maximum Award of $5,285 and Available Funding / Mandatory-for-Discretionary Budget Authorityb",fiscal_year,2028,2028,2028,11,12
Pell Grant,Mandatory-for-Discretionary Budget Authorityb,2029,1170.0,Millions of dollars,51304-2020-01-pellgrant.xlsx,Pell Grant Baseline,false,51304,"Budget Authority Needed to Support a Maximum Award of $5,285 and Available Funding / Mandatory-for-Discretionary Budget Authorityb",fiscal_year,2029,2029,2029,11,13
Pell Grant,Mandatory-for-Discretionary Budget Authorityb,2030,1170.0,Millions of dollars,51304-2020-01-pellgrant.xlsx,Pell Grant Baseline,false,51304,"Budget Authority Needed to Support a Maximum Award of $5,285 and Available Funding / Mandatory-for-Discretionary Budget Authorityb",fiscal_year,2030,2030,2030,11,14
Pell Grant,Total Additional Budget Authority Neededc,2021,13277.817473,Millions of dollars,51304-2020-01-pellgrant.xlsx,Pell Grant Baseline,true,51304,"Budget Authority Needed to Support a Maximum Award of $5,285 and Available Funding / Total Additional Budget Authority Neededc",fiscal_year,2021,2021,2021,13,5
Pell Grant,Total Additional Budget Authority Neededc,2022,23169.849607,Millions of dollars,51304-2020-01-pellgrant.xlsx,Pell Grant Baseline,true,51304,"Budget Authority Needed to Support a Maximum Award of $5,285 and Available Funding / Total Additional Budget Authority Neededc",fiscal_year,2022,2022,2022,13,6
Pell Grant,Total Additional Budget Authority Neededc,2023,23747.460625,Millions of dollars,51304-2020-01-pellgrant.xlsx,Pell Grant Baseline,true,51304,"Budget Authority Needed to Support a Maximum Award of $5,285 and Available Funding / Total Additional Budget Authority Neededc",fiscal_year,2023,2023,2023,13,7
Pell Grant,Total Additional Budget Authority Neededc,2024,24555.129806,Millions of dollars,51304-2020-01-pellgrant.xlsx,Pell Grant Baseline,true,51304,"Budget Authority Needed to Support a Maximum Award of $5,285 and Available Funding / Total Additional Budget Authority Neededc",fiscal_year,2024,2024,2024,13,8
Pell Grant,Total Additional Budget Authority Neededc,2025,25402.70948,Millions of dollars,51304-2020-01-pellgrant.xlsx,Pell Grant Baseline,true,51304,"Budget Authority Needed to Support a Maximum Award of $5,285 and Available Funding / Total Additional Budget Authority Neededc",fiscal_year,2025,2025,2025,13,9
Pell Grant,Total Additional Budget Authority Neededc,2026,26141.65739,Millions of dollars,51304-2020-01-pellgrant.xlsx,Pell Grant Baseline,true,51304,"Budget Authority Needed to Support a Maximum Award of $5,285 and Available Funding / Total Additional Budget Authority Neededc",fiscal_year,2026,2026,2026,13,10
Pell Grant,Total Additional Budget Authority Neededc,2027,26764.757664690307,Millions of dollars,51304-2020-01-pellgrant.xlsx,Pell Grant Baseline,true,51304,"Budget Authority Needed to Support a Maximum Award of $5,285 and Available Funding / Total Additional Budget Authority Neededc",fiscal_year,2027,2027,2027,13,11
Pell Grant,Total Additional Budget Authority Neededc,2028,27288.80937692041,Millions of dollars,51304-2020-01-pellgrant.xlsx,Pell Grant Baseline,true,51304,"Budget Authority Needed to Support a Maximum Award of $5,285 and Available Funding / Total Additional Budget Authority Neededc",fiscal_year,2028,2028,2028,13,12
Pell Grant,Total Additional Budget Authority Neededc,2029,27652.074025840822,Millions of dollars,51304-2020-01-pellgrant.xlsx,Pell Grant Baseline,true,51304,"Budget Authority Needed to Support a Maximum Award of $5,285 and Available Funding / Total Additional Budget Authority Neededc",fiscal_year,2029,2029,2029,13,13
Pell Grant,Total Additional Budget Authority Neededc,2030,28019.97559415612,Millions of dollars,51304-2020-01-pellgrant.xlsx,Pell Grant Baseline,true,51304,"Budget Authority Needed to Support a Maximum Award of $5,285 and Available Funding / Total Additional Budget Authority Neededc",fiscal_year,2030,2030,2030,13,14
Pell Grant,Budget authority,2021,22924.5,Dollars,51304-2020-01-pellgrant.xlsx,Pell Grant Baseline,true,51304,"Total Additional Budget Authority Neededc / Components of the Federal Pell Grant Program, Discretionary Baseline / Regular Appropriationd / Budget authority",fiscal_year,2021,2021,2021,24,5
Pell Grant,Budget authority,2022,23418.949999999997,Dollars,51304-2020-01-pellgrant.xlsx,Pell Grant Baseline,true,51304,"Total Additional Budget Authority Neededc / Components of the Federal Pell Grant Program, Discretionary Baseline / Regular Appropriationd / Budget authority",fiscal_year,2022,2022,2022,24,6
Pell Grant,Budget authority,2023,23913.399999999994,Dollars,51304-2020-01-pellgrant.xlsx,Pell Grant Baseline,true,51304,"Total Additional Budget Authority Neededc / Components of the Federal Pell Grant Program, Discretionary Baseline / Regular Appropriationd / Budget authority",fiscal_year,2023,2023,2023,24,7
Pell Grant,Budget authority,2024,24407.849999999995,Dollars,51304-2020-01-pellgrant.xlsx,Pell Grant Baseline,true,51304,"Total Additional Budget Authority Neededc / Components of the Federal Pell Grant Program, Discretionary Baseline / Regular Appropriationd / Budget authority",fiscal_year,2024,2024,2024,24,8
Pell Grant,Budget authority,2025,24924.77499999999,Dollars,51304-2020-01-pellgrant.xlsx,Pell Grant Baseline,true,51304,"Total Additional Budget Authority Neededc / Components of the Federal Pell Grant Program, Discretionary Baseline / Regular Appropriationd / Budget authority",fiscal_year,2025,2025,2025,24,9
Pell Grant,Budget authority,2026,25419.22499999999,Dollars,51304-2020-01-pellgrant.xlsx,Pell Grant Baseline,true,51304,"Total Additional Budget Authority Neededc / Components of the Federal Pell Grant Program, Discretionary Baseline / Regular Appropriationd / Budget authority",fiscal_year,2026,2026,2026,24,10
Pell Grant,Budget authority,2027,25936.149999999987,Dollars,51304-2020-01-pellgrant.xlsx,Pell Grant Baseline,true,51304,"Total Additional Budget Authority Neededc / Components of the Federal Pell Grant Program, Discretionary Baseline / Regular Appropriationd / Budget authority",fiscal_year,2027,2027,2027,24,11
Pell Grant,Budget authority,2028,26453.07499999999,Dollars,51304-2020-01-pellgrant.xlsx,Pell Grant Baseline,true,51304,"Total Additional Budget Authority Neededc / Components of the Federal Pell Grant Program, Discretionary Baseline / Regular Appropriationd / Budget authority",fiscal_year,2028,2028,2028,24,12
Pell Grant,Budget authority,2029,26969.99999999999,Dollars,51304-2020-01-pellgrant.xlsx,Pell Grant Baseline,true,51304,"Total Additional Budget Authority Neededc / Components of the Federal Pell Grant Program, Discretionary Baseline / Regular Appropriationd / Budget authority",fiscal_year,2029,2029,2029,24,13
Pell Grant,Budget authority,2030,27497.02633814782,Dollars,51304-2020-01-pellgrant.xlsx,Pell Grant Baseline,true,51304,"Total Additional Budget Authority Neededc / Components of the Federal Pell Grant Program, Discretionary Baseline / Regular Appropriationd / Budget authority",fiscal_year,2030,2030,2030,24,14
Pell Grant,Estimated outlays,2021,25308.34,Dollars,51304-2020-01-pellgrant.xlsx,Pell Grant Baseline,true,51304,"Total Additional Budget Authority Neededc / Components of the Federal Pell Grant Program, Discretionary Baseline / Regular Appropriationd / Estimated outlays",fiscal_year,2021,2021,2021,25,5
Pell Grant,Estimated outlays,2022,29930.172,Dollars,51304-2020-01-pellgrant.xlsx,Pell Grant Baseline,true,51304,"Total Additional Budget Authority Neededc / Components of the Federal Pell Grant Program, Discretionary Baseline / Regular Appropriationd / Estimated outlays",fiscal_year,2022,2022,2022,25,6
Pell Grant,Estimated outlays,2023,23636.782499999994,Dollars,51304-2020-01-pellgrant.xlsx,Pell Grant Baseline,true,51304,"Total Additional Budget Authority Neededc / Components of the Federal Pell Grant Program, Discretionary Baseline / Regular Appropriationd / Estimated outlays",fiscal_year,2023,2023,2023,25,7
Pell Grant,Estimated outlays,2024,24037.012499999997,Dollars,51304-2020-01-pellgrant.xlsx,Pell Grant Baseline,true,51304,"Total Additional Budget Authority Neededc / Components of the Federal Pell Grant Program, Discretionary Baseline / Regular Appropriationd / Estimated outlays",fiscal_year,2024,2024,2024,25,8
Pell Grant,Estimated outlays,2025,24537.30599999999,Dollars,51304-2020-01-pellgrant.xlsx,Pell Grant Baseline,true,51304,"Total Additional Budget Authority Neededc / Components of the Federal Pell Grant Program, Discretionary Baseline / Regular Appropriationd / Estimated outlays",fiscal_year,2025,2025,2025,25,9
Pell Grant,Estimated outlays,2026,25048.16274999999,Dollars,51304-2020-01-pellgrant.xlsx,Pell Grant Baseline,true,51304,"Total Additional Budget Authority Neededc / Components of the Federal Pell Grant Program, Discretionary Baseline / Regular Appropriationd / Estimated outlays",fiscal_year,2026,2026,2026,25,10
Pell Grant,Estimated outlays,2027,25548.68099999999,Dollars,51304-2020-01-pellgrant.xlsx,Pell Grant Baseline,true,51304,"Total Additional Budget Authority Neededc / Components of the Federal Pell Grant Program, Discretionary Baseline / Regular Appropriationd / Estimated outlays",fiscal_year,2027,2027,2027,25,11
Pell Grant,Estimated outlays,2028,26065.381249999988,Dollars,51304-2020-01-pellgrant.xlsx,Pell Grant Baseline,true,51304,"Total Additional Budget Authority Neededc / Components of the Federal Pell Grant Program, Discretionary Baseline / Regular Appropriationd / Estimated outlays",fiscal_year,2028,2028,2028,25,12
Pell Grant,Estimated outlays,2029,26582.306249999987,Dollars,51304-2020-01-pellgrant.xlsx,Pell Grant Baseline,true,51304,"Total Additional Budget Authority Neededc / Components of the Federal Pell Grant Program, Discretionary Baseline / Regular Appropriationd / Estimated outlays",fiscal_year,2029,2029,2029,25,13
Pell Grant,Estimated outlays,2030,27101.857597918424,Dollars,51304-2020-01-pellgrant.xlsx,Pell Grant Baseline,true,51304,"Total Additional Budget Authority Neededc / Components of the Federal Pell Grant Program, Discretionary Baseline / Regular Appropriationd / Estimated outlays",fiscal_year,2030,2030,2030,25,14
Pell Grant,Budget authority,2021,-510.0,Dollars,51304-2020-01-pellgrant.xlsx,Pell Grant Baseline,true,51304,"Total Additional Budget Authority Neededc / Components of the Federal Pell Grant Program, Discretionary Baseline / Rescissione / Budget authority",fiscal_year,2021,2021,2021,28,5
Pell Grant,Budget authority,2022,-521.0,Dollars,51304-2020-01-pellgrant.xlsx,Pell Grant Baseline,true,51304,"Total Additional Budget Authority Neededc / Components of the Federal Pell Grant Program, Discretionary Baseline / Rescissione / Budget authority",fiscal_year,2022,2022,2022,28,6
Pell Grant,Budget authority,2023,-532.0,Dollars,51304-2020-01-pellgrant.xlsx,Pell Grant Baseline,true,51304,"Total Additional Budget Authority Neededc / Components of the Federal Pell Grant Program, Discretionary Baseline / Rescissione / Budget authority",fiscal_year,2023,2023,2023,28,7
Pell Grant,Budget authority,2024,-543.0,Dollars,51304-2020-01-pellgrant.xlsx,Pell Grant Baseline,true,51304,"Total Additional Budget Authority Neededc / Components of the Federal Pell Grant Program, Discretionary Baseline / Rescissione / Budget authority",fiscal_year,2024,2024,2024,28,8
Pell Grant,Budget authority,2025,-554.4999999999999,Dollars,51304-2020-01-pellgrant.xlsx,Pell Grant Baseline,true,51304,"Total Additional Budget Authority Neededc / Components of the Federal Pell Grant Program, Discretionary Baseline / Rescissione / Budget authority",fiscal_year,2025,2025,2025,28,9
Pell Grant,Budget authority,2026,-565.4999999999999,Dollars,51304-2020-01-pellgrant.xlsx,Pell Grant Baseline,true,51304,"Total Additional Budget Authority Neededc / Components of the Federal Pell Grant Program, Discretionary Baseline / Rescissione / Budget authority",fiscal_year,2026,2026,2026,28,10
Pell Grant,Budget authority,2027,-576.9999999999998,Dollars,51304-2020-01-pellgrant.xlsx,Pell Grant Baseline,true,51304,"Total Additional Budget Authority Neededc / Components of the Federal Pell Grant Program, Discretionary Baseline / Rescissione / Budget authority",fiscal_year,2027,2027,2027,28,11
Pell Grant,Budget authority,2028,-588.4999999999998,Dollars,51304-2020-01-pellgrant.xlsx,Pell Grant Baseline,true,51304,"Total Additional Budget Authority Neededc / Components of the Federal Pell Grant Program, Discretionary Baseline / Rescissione / Budget authority",fiscal_year,2028,2028,2028,28,12
Pell Grant,Budget authority,2029,-599.9999999999998,Dollars,51304-2020-01-pellgrant.xlsx,Pell Grant Baseline,true,51304,"Total Additional Budget Authority Neededc / Components of the Federal Pell Grant Program, Discretionary Baseline / Rescissione / Budget authority",fiscal_year,2029,2029,2029,28,13
Pell Grant,Budget authority,2030,-611.7247238742564,Dollars,51304-2020-01-pellgrant.xlsx,Pell Grant Baseline,true,51304,"Total Additional Budget Authority Neededc / Components of the Federal Pell Grant Program, Discretionary Baseline / Rescissione / Budget authority",fiscal_year,2030,2030,2030,28,14
Pell Grant,Estimated outlays,2021,-497.6,Dollars,51304-2020-01-pellgrant.xlsx,Pell Grant Baseline,true,51304,"Total Additional Budget Authority Neededc / Components of the Federal Pell Grant Program, Discretionary Baseline / Rescissione / Estimated outlays",fiscal_year,2021,2021,2021,29,5
Pell Grant,Estimated outlays,2022,-512.76,Dollars,51304-2020-01-pellgrant.xlsx,Pell Grant Baseline,true,51304,"Total Additional Budget Authority Neededc / Components of the Federal Pell Grant Program, Discretionary Baseline / Rescissione / Estimated outlays",fiscal_year,2022,2022,2022,29,6
Pell Grant,Estimated outlays,2023,-523.75,Dollars,51304-2020-01-pellgrant.xlsx,Pell Grant Baseline,true,51304,"Total Additional Budget Authority Neededc / Components of the Federal Pell Grant Program, Discretionary Baseline / Rescissione / Estimated outlays",fiscal_year,2023,2023,2023,29,7
Pell Grant,Estimated outlays,2024,-534.75,Dollars,51304-2020-01-pellgrant.xlsx,Pell Grant Baseline,true,51304,"Total Additional Budget Authority Neededc / Components of the Federal Pell Grant Program, Discretionary Baseline / Rescissione / Estimated outlays",fiscal_year,2024,2024,2024,29,8
Pell Grant,Estimated outlays,2025,-545.88,Dollars,51304-2020-01-pellgrant.xlsx,Pell Grant Baseline,true,51304,"Total Additional Budget Authority Neededc / Components of the Federal Pell Grant Program, Discretionary Baseline / Rescissione / Estimated outlays",fiscal_year,2025,2025,2025,29,9
Pell Grant,Estimated outlays,2026,-557.2449999999999,Dollars,51304-2020-01-pellgrant.xlsx,Pell Grant Baseline,true,51304,"Total Additional Budget Authority Neededc / Components of the Federal Pell Grant Program, Discretionary Baseline / Rescissione / Estimated outlays",fiscal_year,2026,2026,2026,29,10
Pell Grant,Estimated outlays,2027,-568.3799999999999,Dollars,51304-2020-01-pellgrant.xlsx,Pell Grant Baseline,true,51304,"Total Additional Budget Authority Neededc / Components of the Federal Pell Grant Program, Discretionary Baseline / Rescissione / Estimated outlays",fiscal_year,2027,2027,2027,29,11
Pell Grant,Estimated outlays,2028,-579.8749999999998,Dollars,51304-2020-01-pellgrant.xlsx,Pell Grant Baseline,true,51304,"Total Additional Budget Authority Neededc / Components of the Federal Pell Grant Program, Discretionary Baseline / Rescissione / Estimated outlays",fiscal_year,2028,2028,2028,29,12
Pell Grant,Estimated outlays,2029,-591.3749999999998,Dollars,51304-2020-01-pellgrant.xlsx,Pell Grant Baseline,true,51304,"Total Additional Budget Authority Neededc / Components of the Federal Pell Grant Program, Discretionary Baseline / Rescissione / Estimated outlays",fiscal_year,2029,2029,2029,29,13
Pell Grant,Estimated outlays,2030,-602.9334282073065,Dollars,51304-2020-01-pellgrant.xlsx,Pell Grant Baseline,true,51304,"Total Additional Budget Authority Neededc / Components of the Federal Pell Grant Program, Discretionary Baseline / Rescissione / Estimated outlays",fiscal_year,2030,2030,2030,29,14
Pell Grant,Budget authority,2021,1170.0,Dollars,51304-2020-01-pellgrant.xlsx,Pell Grant Baseline,true,51304,"Total Additional Budget Authority Neededc / Components of the Federal Pell Grant Program, Discretionary Baseline / Mandatory Fundingb / Budget authority",fiscal_year,2021,2021,2021,32,5
Pell Grant,Budget authority,2022,1170.0,Dollars,51304-2020-01-pellgrant.xlsx,Pell Grant Baseline,true,51304,"Total Additional Budget Authority Neededc / Components of the Federal Pell Grant Program, Discretionary Baseline / Mandatory Fundingb / Budget authority",fiscal_year,2022,2022,2022,32,6
Pell Grant,Budget authority,2023,1170.0,Dollars,51304-2020-01-pellgrant.xlsx,Pell Grant Baseline,true,51304,"Total Additional Budget Authority Neededc / Components of the Federal Pell Grant Program, Discretionary Baseline / Mandatory Fundingb / Budget authority",fiscal_year,2023,2023,2023,32,7
Pell Grant,Budget authority,2024,1170.0,Dollars,51304-2020-01-pellgrant.xlsx,Pell Grant Baseline,true,51304,"Total Additional Budget Authority Neededc / Components of the Federal Pell Grant Program, Discretionary Baseline / Mandatory Fundingb / Budget authority",fiscal_year,2024,2024,2024,32,8
Pell Grant,Budget authority,2025,1170.0,Dollars,51304-2020-01-pellgrant.xlsx,Pell Grant Baseline,true,51304,"Total Additional Budget Authority Neededc / Components of the Federal Pell Grant Program, Discretionary Baseline / Mandatory Fundingb / Budget authority",fiscal_year,2025,2025,2025,32,9
Pell Grant,Budget authority,2026,1170.0,Dollars,51304-2020-01-pellgrant.xlsx,Pell Grant Baseline,true,51304,"Total Additional Budget Authority Neededc / Components of the Federal Pell Grant Program, Discretionary Baseline / Mandatory Fundingb / Budget authority",fiscal_year,2026,2026,2026,32,10
Pell Grant,Budget authority,2027,1170.0,Dollars,51304-2020-01-pellgrant.xlsx,Pell Grant Baseline,true,51304,"Total Additional Budget Authority Neededc / Components of the Federal Pell Grant Program, Discretionary Baseline / Mandatory Fundingb / Budget authority",fiscal_year,2027,2027,2027,32,11
Pell Grant,Budget authority,2028,1170.0,Dollars,51304-2020-01-pellgrant.xlsx,Pell Grant Baseline,true,51304,"Total Additional Budget Authority Neededc / Components of the Federal Pell Grant Program, Discretionary Baseline / Mandatory Fundingb / Budget authority",fiscal_year,2028,2028,2028,32,12
Pell Grant,Budget authority,2029,1170.0,Dollars,51304-2020-01-pellgrant.xlsx,Pell Grant Baseline,true,51304,"Total Additional Budget Authority Neededc / Components of the Federal Pell Grant Program, Discretionary Baseline / Mandatory Fundingb / Budget authority",fiscal_year,2029,2029,2029,32,13
Pell Grant,Budget authority,2030,1170.0,Dollars,51304-2020-01-pellgrant.xlsx,Pell Grant Baseline,true,51304,"Total Additional Budget Authority Neededc / Components of the Federal Pell Grant Program, Discretionary Baseline / Mandatory Fundingb / Budget authority",fiscal_year,2030,2030,2030,32,14
Pell Grant,Estimated outlays,2021,1341.2,Dollars,51304-2020-01-pellgrant.xlsx,Pell Grant Baseline,true,51304,"Total Additional Budget Authority Neededc / Components of the Federal Pell Grant Program, Discretionary Baseline / Mandatory Fundingb / Estimated outlays",fiscal_year,2021,2021,2021,33,5
Pell Grant,Estimated outlays,2022,1172.3500000000001,Dollars,51304-2020-01-pellgrant.xlsx,Pell Grant Baseline,true,51304,"Total Additional Budget Authority Neededc / Components of the Federal Pell Grant Program, Discretionary Baseline / Mandatory Fundingb / Estimated outlays",fiscal_year,2022,2022,2022,33,6
Pell Grant,Estimated outlays,2023,1170.0,Dollars,51304-2020-01-pellgrant.xlsx,Pell Grant Baseline,true,51304,"Total Additional Budget Authority Neededc / Components of the Federal Pell Grant Program, Discretionary Baseline / Mandatory Fundingb / Estimated outlays",fiscal_year,2023,2023,2023,33,7
Pell Grant,Estimated outlays,2024,1170.0,Dollars,51304-2020-01-pellgrant.xlsx,Pell Grant Baseline,true,51304,"Total Additional Budget Authority Neededc / Components of the Federal Pell Grant Program, Discretionary Baseline / Mandatory Fundingb / Estimated outlays",fiscal_year,2024,2024,2024,33,8
Pell Grant,Estimated outlays,2025,1170.0,Dollars,51304-2020-01-pellgrant.xlsx,Pell Grant Baseline,true,51304,"Total Additional Budget Authority Neededc / Components of the Federal Pell Grant Program, Discretionary Baseline / Mandatory Fundingb / Estimated outlays",fiscal_year,2025,2025,2025,33,9
Pell Grant,Estimated outlays,2026,1170.0,Dollars,51304-2020-01-pellgrant.xlsx,Pell Grant Baseline,true,51304,"Total Additional Budget Authority Neededc / Components of the Federal Pell Grant Program, Discretionary Baseline / Mandatory Fundingb / Estimated outlays",fiscal_year,2026,2026,2026,33,10
Pell Grant,Estimated outlays,2027,1170.0,Dollars,51304-2020-01-pellgrant.xlsx,Pell Grant Baseline,true,51304,"Total Additional Budget Authority Neededc / Components of the Federal Pell Grant Program, Discretionary Baseline / Mandatory Fundingb / Estimated outlays",fiscal_year,2027,2027,2027,33,11
Pell Grant,Estimated outlays,2028,1170.0,Dollars,51304-2020-01-pellgrant.xlsx,Pell Grant Baseline,true,51304,"Total Additional Budget Authority Neededc / Components of the Federal Pell Grant Program, Discretionary Baseline / Mandatory Fundingb / Estimated outlays",fiscal_year,2028,2028,2028,33,12
Pell Grant,Estimated outlays,2029,1170.0,Dollars,51304-2020-01-pellgrant.xlsx,Pell Grant Baseline,true,51304,"Total Additional Budget Authority Neededc / Components of the Federal Pell Grant Program, Discretionary Baseline / Mandatory Fundingb / Estimated outlays",fiscal_year,2029,2029,2029,33,13
Pell Grant,Estimated outlays,2030,1170.0,Dollars,51304-2020-01-pellgrant.xlsx,Pell Grant Baseline,true,51304,"Total Additional Budget Authority Neededc / Components of the Federal Pell Grant Program, Discretionary Baseline / Mandatory Fundingb / Estimated outlays",fiscal_year,2030,2030,2030,33,14
Pell Grant,Budget authority,2021,23584.5,Dollars,51304-2020-01-pellgrant.xlsx,Pell Grant Baseline,true,51304,"Total Additional Budget Authority Neededc / Components of the Federal Pell Grant Program, Discretionary Baseline / Total Funding Available for Discretionary Pell Program / Budget authority",fiscal_year,2021,2021,2021,36,5
Pell Grant,Budget authority,2022,24067.949999999997,Dollars,51304-2020-01-pellgrant.xlsx,Pell Grant Baseline,true,51304,"Total Additional Budget Authority Neededc / Components of the Federal Pell Grant Program, Discretionary Baseline / Total Funding Available for Discretionary Pell Program / Budget authority",fiscal_year,2022,2022,2022,36,6
Pell Grant,Budget authority,2023,24551.399999999994,Dollars,51304-2020-01-pellgrant.xlsx,Pell Grant Baseline,true,51304,"Total Additional Budget Authority Neededc / Components of the Federal Pell Grant Program, Discretionary Baseline / Total Funding Available for Discretionary Pell Program / Budget authority",fiscal_year,2023,2023,2023,36,7
Pell Grant,Budget authority,2024,25034.849999999995,Dollars,51304-2020-01-pellgrant.xlsx,Pell Grant Baseline,true,51304,"Total Additional Budget Authority Neededc / Components of the Federal Pell Grant Program, Discretionary Baseline / Total Funding Available for Discretionary Pell Program / Budget authority",fiscal_year,2024,2024,2024,36,8
Pell Grant,Budget authority,2025,25540.27499999999,Dollars,51304-2020-01-pellgrant.xlsx,Pell Grant Baseline,true,51304,"Total Additional Budget Authority Neededc / Components of the Federal Pell Grant Program, Discretionary Baseline / Total Funding Available for Discretionary Pell Program / Budget authority",fiscal_year,2025,2025,2025,36,9
Pell Grant,Budget authority,2026,26023.72499999999,Dollars,51304-2020-01-pellgrant.xlsx,Pell Grant Baseline,true,51304,"Total Additional Budget Authority Neededc / Components of the Federal Pell Grant Program, Discretionary Baseline / Total Funding Available for Discretionary Pell Program / Budget authority",fiscal_year,2026,2026,2026,36,10
Pell Grant,Budget authority,2027,26529.149999999987,Dollars,51304-2020-01-pellgrant.xlsx,Pell Grant Baseline,true,51304,"Total Additional Budget Authority Neededc / Components of the Federal Pell Grant Program, Discretionary Baseline / Total Funding Available for Discretionary Pell Program / Budget authority",fiscal_year,2027,2027,2027,36,11
Pell Grant,Budget authority,2028,27034.57499999999,Dollars,51304-2020-01-pellgrant.xlsx,Pell Grant Baseline,true,51304,"Total Additional Budget Authority Neededc / Components of the Federal Pell Grant Program, Discretionary Baseline / Total Funding Available for Discretionary Pell Program / Budget authority",fiscal_year,2028,2028,2028,36,12
Pell Grant,Budget authority,2029,27539.99999999999,Dollars,51304-2020-01-pellgrant.xlsx,Pell Grant Baseline,true,51304,"Total Additional Budget Authority Neededc / Components of the Federal Pell Grant Program, Discretionary Baseline / Total Funding Available for Discretionary Pell Program / Budget authority",fiscal_year,2029,2029,2029,36,13
Pell Grant,Budget authority,2030,28055.301614273565,Dollars,51304-2020-01-pellgrant.xlsx,Pell Grant Baseline,true,51304,"Total Additional Budget Authority Neededc / Components of the Federal Pell Grant Program, Discretionary Baseline / Total Funding Available for Discretionary Pell Program / Budget authority",fiscal_year,2030,2030,2030,36,14
Pell Grant,Estimated outlays,2021,26151.940000000002,Dollars,51304-2020-01-pellgrant.xlsx,Pell Grant Baseline,true,51304,"Total Additional Budget Authority Neededc / Components of the Federal Pell Grant Program, Discretionary Baseline / Total Funding Available for Discretionary Pell Program / Estimated outlays",fiscal_year,2021,2021,2021,37,5
Pell Grant,Estimated outlays,2022,30589.762,Dollars,51304-2020-01-pellgrant.xlsx,Pell Grant Baseline,true,51304,"Total Additional Budget Authority Neededc / Components of the Federal Pell Grant Program, Discretionary Baseline / Total Funding Available for Discretionary Pell Program / Estimated outlays",fiscal_year,2022,2022,2022,37,6
Pell Grant,Estimated outlays,2023,24283.032499999994,Dollars,51304-2020-01-pellgrant.xlsx,Pell Grant Baseline,true,51304,"Total Additional Budget Authority Neededc / Components of the Federal Pell Grant Program, Discretionary Baseline / Total Funding Available for Discretionary Pell Program / Estimated outlays",fiscal_year,2023,2023,2023,37,7
Pell Grant,Estimated outlays,2024,24672.262499999997,Dollars,51304-2020-01-pellgrant.xlsx,Pell Grant Baseline,true,51304,"Total Additional Budget Authority Neededc / Components of the Federal Pell Grant Program, Discretionary Baseline / Total Funding Available for Discretionary Pell Program / Estimated outlays",fiscal_year,2024,2024,2024,37,8
Pell Grant,Estimated outlays,2025,25161.42599999999,Dollars,51304-2020-01-pellgrant.xlsx,Pell Grant Baseline,true,51304,"Total Additional Budget Authority Neededc / Components of the Federal Pell Grant Program, Discretionary Baseline / Total Funding Available for Discretionary Pell Program / Estimated outlays",fiscal_year,2025,2025,2025,37,9
Pell Grant,Estimated outlays,2026,25660.91774999999,Dollars,51304-2020-01-pellgrant.xlsx,Pell Grant Baseline,true,51304,"Total Additional Budget Authority Neededc / Components of the Federal Pell Grant Program, Discretionary Baseline / Total Funding Available for Discretionary Pell Program / Estimated outlays",fiscal_year,2026,2026,2026,37,10
Pell Grant,Estimated outlays,2027,26150.30099999999,Dollars,51304-2020-01-pellgrant.xlsx,Pell Grant Baseline,true,51304,"Total Additional Budget Authority Neededc / Components of the Federal Pell Grant Program, Discretionary Baseline / Total Funding Available for Discretionary Pell Program / Estimated outlays",fiscal_year,2027,2027,2027,37,11
Pell Grant,Estimated outlays,2028,26655.506249999988,Dollars,51304-2020-01-pellgrant.xlsx,Pell Grant Baseline,true,51304,"Total Additional Budget Authority Neededc / Components of the Federal Pell Grant Program, Discretionary Baseline / Total Funding Available for Discretionary Pell Program / Estimated outlays",fiscal_year,2028,2028,2028,37,12
Pell Grant,Estimated outlays,2029,27160.931249999987,Dollars,51304-2020-01-pellgrant.xlsx,Pell Grant Baseline,true,51304,"Total Additional Budget Authority Neededc / Components of the Federal Pell Grant Program, Discretionary Baseline / Total Funding Available for Discretionary Pell Program / Estimated outlays",fiscal_year,2029,2029,2029,37,13
Pell Grant,Estimated outlays,2030,27668.924169711117,Dollars,51304-2020-01-pellgrant.xlsx,Pell Grant Baseline,true,51304,"Total Additional Budget Authority Neededc / Components of the Federal Pell Grant Program, Discretionary Baseline / Total Funding Available for Discretionary Pell Program / Estimated outlays",fiscal_year,2030,2030,2030,37,14
Pell Grant,Assumed Discretionary Maximum Award (Dollars)a,2020,5285.0,Dollars,51304-2020-01-pellgrant.xlsx,Pell Program Costs,false,51304,Discretionary Pell Grant Program / Assumed Discretionary Maximum Award (Dollars)a,fiscal_year,2020,2020,2020,9,4
Pell Grant,Assumed Discretionary Maximum Award (Dollars)a,2021,5285.0,Dollars,51304-2020-01-pellgrant.xlsx,Pell Program Costs,false,51304,Discretionary Pell Grant Program / Assumed Discretionary Maximum Award (Dollars)a,fiscal_year,2021,2021,2021,9,5
Pell Grant,Assumed Discretionary Maximum Award (Dollars)a,2022,5285.0,Dollars,51304-2020-01-pellgrant.xlsx,Pell Program Costs,false,51304,Discretionary Pell Grant Program / Assumed Discretionary Maximum Award (Dollars)a,fiscal_year,2022,2022,2022,9,6
Pell Grant,Assumed Discretionary Maximum Award (Dollars)a,2023,5285.0,Dollars,51304-2020-01-pellgrant.xlsx,Pell Program Costs,false,51304,Discretionary Pell Grant Program / Assumed Discretionary Maximum Award (Dollars)a,fiscal_year,2023,2023,2023,9,7
Pell Grant,Assumed Discretionary Maximum Award (Dollars)a,2024,5285.0,Dollars,51304-2020-01-pellgrant.xlsx,Pell Program Costs,false,51304,Discretionary Pell Grant Program / Assumed Discretionary Maximum Award (Dollars)a,fiscal_year,2024,2024,2024,9,8
Pell Grant,Assumed Discretionary Maximum Award (Dollars)a,2025,5285.0,Dollars,51304-2020-01-pellgrant.xlsx,Pell Program Costs,false,51304,Discretionary Pell Grant Program / Assumed Discretionary Maximum Award (Dollars)a,fiscal_year,2025,2025,2025,9,9
Pell Grant,Assumed Discretionary Maximum Award (Dollars)a,2026,5285.0,Dollars,51304-2020-01-pellgrant.xlsx,Pell Program Costs,false,51304,Discretionary Pell Grant Program / Assumed Discretionary Maximum Award (Dollars)a,fiscal_year,2026,2026,2026,9,10
Pell Grant,Assumed Discretionary Maximum Award (Dollars)a,2027,5285.0,Dollars,51304-2020-01-pellgrant.xlsx,Pell Program Costs,false,51304,Discretionary Pell Grant Program / Assumed Discretionary Maximum Award (Dollars)a,fiscal_year,2027,2027,2027,9,11
Pell Grant,Assumed Discretionary Maximum Award (Dollars)a,2028,5285.0,Dollars,51304-2020-01-pellgrant.xlsx,Pell Program Costs,false,51304,Discretionary Pell Grant Program / Assumed Discretionary Maximum Award (Dollars)a,fiscal_year,2028,2028,2028,9,12
Pell Grant,Assumed Discretionary Maximum Award (Dollars)a,2029,5285.0,Dollars,51304-2020-01-pellgrant.xlsx,Pell Program Costs,false,51304,Discretionary Pell Grant Program / Assumed Discretionary Maximum Award (Dollars)a,fiscal_year,2029,2029,2029,9,13
Pell Grant,Assumed Discretionary Maximum Award (Dollars)a,2030,5285.0,Dollars,51304-2020-01-pellgrant.xlsx,Pell Program Costs,false,51304,Discretionary Pell Grant Program / Assumed Discretionary Maximum Award (Dollars)a,fiscal_year,2030,2030,2030,9,14
Pell Grant,Estimated program costs,2020,23734.559104,Dollars,51304-2020-01-pellgrant.xlsx,Pell Program Costs,true,51304,Total for Discretionary Pell Grants / Estimated program costs,fiscal_year,2020,2020,2020,12,4
Pell Grant,Estimated program costs,2021,23869.817473,Dollars,51304-2020-01-pellgrant.xlsx,Pell Program Costs,true,51304,Total for Discretionary Pell Grants / Estimated program costs,fiscal_year,2021,2021,2021,12,5
Pell Grant,Estimated program costs,2022,24339.849607,Dollars,51304-2020-01-pellgrant.xlsx,Pell Program Costs,true,51304,Total for Discretionary Pell Grants / Estimated program costs,fiscal_year,2022,2022,2022,12,6
Pell Grant,Estimated program costs,2023,24917.460625,Dollars,51304-2020-01-pellgrant.xlsx,Pell Program Costs,true,51304,Total for Discretionary Pell Grants / Estimated program costs,fiscal_year,2023,2023,2023,12,7
Pell Grant,Estimated program costs,2024,25725.129806,Dollars,51304-2020-01-pellgrant.xlsx,Pell Program Costs,true,51304,Total for Discretionary Pell Grants / Estimated program costs,fiscal_year,2024,2024,2024,12,8
Pell Grant,Estimated program costs,2025,26572.70948,Dollars,51304-2020-01-pellgrant.xlsx,Pell Program Costs,true,51304,Total for Discretionary Pell Grants / Estimated program costs,fiscal_year,2025,2025,2025,12,9
Pell Grant,Estimated program costs,2026,27311.65739,Dollars,51304-2020-01-pellgrant.xlsx,Pell Program Costs,true,51304,Total for Discretionary Pell Grants / Estimated program costs,fiscal_year,2026,2026,2026,12,10
Pell Grant,Estimated program costs,2027,27934.757664690307,Dollars,51304-2020-01-pellgrant.xlsx,Pell Program Costs,true,51304,Total for Discretionary Pell Grants / Estimated program costs,fiscal_year,2027,2027,2027,12,11
Pell Grant,Estimated program costs,2028,28458.80937692041,Dollars,51304-2020-01-pellgrant.xlsx,Pell Program Costs,true,51304,Total for Discretionary Pell Grants / Estimated program costs,fiscal_year,2028,2028,2028,12,12
Pell Grant,Estimated program costs,2029,28822.074025840822,Dollars,51304-2020-01-pellgrant.xlsx,Pell Program Costs,true,51304,Total for Discretionary Pell Grants / Estimated program costs,fiscal_year,2029,2029,2029,12,13
Pell Grant,Estimated program costs,2030,29189.97559415612,Dollars,51304-2020-01-pellgrant.xlsx,Pell Program Costs,true,51304,Total for Discretionary Pell Grants / Estimated program costs,fiscal_year,2030,2030,2030,12,14
Pell Grant,Estimated outlays,2020,23337.37536704,Dollars,51304-2020-01-pellgrant.xlsx,Pell Program Costs,true,51304,Total for Discretionary Pell Grants / Estimated outlays,fiscal_year,2020,2020,2020,13,4
Pell Grant,Estimated outlays,2021,23764.380688899997,Dollars,51304-2020-01-pellgrant.xlsx,Pell Program Costs,true,51304,Total for Discretionary Pell Grants / Estimated outlays,fiscal_year,2021,2021,2021,13,5
Pell Grant,Estimated outlays,2022,23990.67324415,Dollars,51304-2020-01-pellgrant.xlsx,Pell Program Costs,true,51304,Total for Discretionary Pell Grants / Estimated outlays,fiscal_year,2022,2022,2022,13,6
Pell Grant,Estimated outlays,2023,24485.328150340003,Dollars,51304-2020-01-pellgrant.xlsx,Pell Program Costs,true,51304,Total for Discretionary Pell Grants / Estimated outlays,fiscal_year,2023,2023,2023,13,7
Pell Grant,Estimated outlays,2024,25121.67850188,Dollars,51304-2020-01-pellgrant.xlsx,Pell Program Costs,true,51304,Total for Discretionary Pell Grants / Estimated outlays,fiscal_year,2024,2024,2024,13,8
Pell Grant,Estimated outlays,2025,25937.42382943,Dollars,51304-2020-01-pellgrant.xlsx,Pell Program Costs,true,51304,Total for Discretionary Pell Grants / Estimated outlays,fiscal_year,2025,2025,2025,13,9
Pell Grant,Estimated outlays,2026,26756.36013986,Dollars,51304-2020-01-pellgrant.xlsx,Pell Program Costs,true,51304,Total for Discretionary Pell Grants / Estimated outlays,fiscal_year,2026,2026,2026,13,10
Pell Grant,Estimated outlays,2027,27466.273982319482,Dollars,51304-2020-01-pellgrant.xlsx,Pell Program Costs,true,51304,Total for Discretionary Pell Grants / Estimated outlays,fiscal_year,2027,2027,2027,13,11
Pell Grant,Estimated outlays,2028,28064.78010712323,Dollars,51304-2020-01-pellgrant.xlsx,Pell Program Costs,true,51304,Total for Discretionary Pell Grants / Estimated outlays,fiscal_year,2028,2028,2028,13,12
Pell Grant,Estimated outlays,2029,28548.017668517416,Dollars,51304-2020-01-pellgrant.xlsx,Pell Program Costs,true,51304,Total for Discretionary Pell Grants / Estimated outlays,fiscal_year,2029,2029,2029,13,13
Pell Grant,Estimated outlays,2030,28625.875046855188,Dollars,51304-2020-01-pellgrant.xlsx,Pell Program Costs,true,51304,Total for Discretionary Pell Grants / Estimated outlays,fiscal_year,2030,2030,2030,13,14
Pell Grant,Mandatory Add-On Award (Dollars)b,2020,1060.0,Dollars,51304-2020-01-pellgrant.xlsx,Pell Program Costs,false,51304,Mandatory Pell Grant Program / Mandatory Add-On Award (Dollars)b,fiscal_year,2020,2020,2020,19,4
Pell Grant,Mandatory Add-On Award (Dollars)b,2021,1060.0,Dollars,51304-2020-01-pellgrant.xlsx,Pell Program Costs,false,51304,Mandatory Pell Grant Program / Mandatory Add-On Award (Dollars)b,fiscal_year,2021,2021,2021,19,5
Pell Grant,Mandatory Add-On Award (Dollars)b,2022,1060.0,Dollars,51304-2020-01-pellgrant.xlsx,Pell Program Costs,false,51304,Mandatory Pell Grant Program / Mandatory Add-On Award (Dollars)b,fiscal_year,2022,2022,2022,19,6
Pell Grant,Mandatory Add-On Award (Dollars)b,2023,1060.0,Dollars,51304-2020-01-pellgrant.xlsx,Pell Program Costs,false,51304,Mandatory Pell Grant Program / Mandatory Add-On Award (Dollars)b,fiscal_year,2023,2023,2023,19,7
Pell Grant,Mandatory Add-On Award (Dollars)b,2024,1060.0,Dollars,51304-2020-01-pellgrant.xlsx,Pell Program Costs,false,51304,Mandatory Pell Grant Program / Mandatory Add-On Award (Dollars)b,fiscal_year,2024,2024,2024,19,8
Pell Grant,Mandatory Add-On Award (Dollars)b,2025,1060.0,Dollars,51304-2020-01-pellgrant.xlsx,Pell Program Costs,false,51304,Mandatory Pell Grant Program / Mandatory Add-On Award (Dollars)b,fiscal_year,2025,2025,2025,19,9
Pell Grant,Mandatory Add-On Award (Dollars)b,2026,1060.0,Dollars,51304-2020-01-pellgrant.xlsx,Pell Program Costs,false,51304,Mandatory Pell Grant Program / Mandatory Add-On Award (Dollars)b,fiscal_year,2026,2026,2026,19,10
Pell Grant,Mandatory Add-On Award (Dollars)b,2027,1060.0,Dollars,51304-2020-01-pellgrant.xlsx,Pell Program Costs,false,51304,Mandatory Pell Grant Program / Mandatory Add-On Award (Dollars)b,fiscal_year,2027,2027,2027,19,11
Pell Grant,Mandatory Add-On Award (Dollars)b,2028,1060.0,Dollars,51304-2020-01-pellgrant.xlsx,Pell Program Costs,false,51304,Mandatory Pell Grant Program / Mandatory Add-On Award (Dollars)b,fiscal_year,2028,2028,2028,19,12
Pell Grant,Mandatory Add-On Award (Dollars)b,2029,1060.0,Dollars,51304-2020-01-pellgrant.xlsx,Pell Program Costs,false,51304,Mandatory Pell Grant Program / Mandatory Add-On Award (Dollars)b,fiscal_year,2029,2029,2029,19,13
Pell Grant,Mandatory Add-On Award (Dollars)b,2030,1060.0,Dollars,51304-2020-01-pellgrant.xlsx,Pell Program Costs,false,51304,Mandatory Pell Grant Program / Mandatory Add-On Award (Dollars)b,fiscal_year,2030,2030,2030,19,14
Pell Grant,Estimated program costs,2020,5693.348172000002,Dollars,51304-2020-01-pellgrant.xlsx,Pell Program Costs,true,51304,Total for Mandatory Pell Grant Add-On / Estimated program costs,fiscal_year,2020,2020,2020,22,4
Pell Grant,Estimated program costs,2021,5711.888455,Dollars,51304-2020-01-pellgrant.xlsx,Pell Program Costs,true,51304,Total for Mandatory Pell Grant Add-On / Estimated program costs,fiscal_year,2021,2021,2021,22,5
Pell Grant,Estimated program costs,2022,5799.250002000001,Dollars,51304-2020-01-pellgrant.xlsx,Pell Program Costs,true,51304,Total for Mandatory Pell Grant Add-On / Estimated program costs,fiscal_year,2022,2022,2022,22,6
Pell Grant,Estimated program costs,2023,5912.742922000001,Dollars,51304-2020-01-pellgrant.xlsx,Pell Program Costs,true,51304,Total for Mandatory Pell Grant Add-On / Estimated program costs,fiscal_year,2023,2023,2023,22,7
Pell Grant,Estimated program costs,2024,6075.834328000001,Dollars,51304-2020-01-pellgrant.xlsx,Pell Program Costs,true,51304,Total for Mandatory Pell Grant Add-On / Estimated program costs,fiscal_year,2024,2024,2024,22,8
Pell Grant,Estimated program costs,2025,6246.876201999996,Dollars,51304-2020-01-pellgrant.xlsx,Pell Program Costs,true,51304,Total for Mandatory Pell Grant Add-On / Estimated program costs,fiscal_year,2025,2025,2025,22,9
Pell Grant,Estimated program costs,2026,6397.197761999996,Dollars,51304-2020-01-pellgrant.xlsx,Pell Program Costs,true,51304,Total for Mandatory Pell Grant Add-On / Estimated program costs,fiscal_year,2026,2026,2026,22,10
Pell Grant,Estimated program costs,2027,6516.035314309691,Dollars,51304-2020-01-pellgrant.xlsx,Pell Program Costs,true,51304,Total for Mandatory Pell Grant Add-On / Estimated program costs,fiscal_year,2027,2027,2027,22,11
Pell Grant,Estimated program costs,2028,6615.597374079593,Dollars,51304-2020-01-pellgrant.xlsx,Pell Program Costs,true,51304,Total for Mandatory Pell Grant Add-On / Estimated program costs,fiscal_year,2028,2028,2028,22,12
Pell Grant,Estimated program costs,2029,6674.700940159175,Dollars,51304-2020-01-pellgrant.xlsx,Pell Program Costs,true,51304,Total for Mandatory Pell Grant Add-On / Estimated program costs,fiscal_year,2029,2029,2029,22,13
Pell Grant,Estimated program costs,2030,6734.253771488675,Dollars,51304-2020-01-pellgrant.xlsx,Pell Program Costs,true,51304,Total for Mandatory Pell Grant Add-On / Estimated program costs,fiscal_year,2030,2030,2030,22,14
Pell Grant,Estimated outlays,2020,5654.77799712,Dollars,51304-2020-01-pellgrant.xlsx,Pell Program Costs,true,51304,Total for Mandatory Pell Grant Add-On / Estimated outlays,fiscal_year,2020,2020,2020,23,4
Pell Grant,Estimated outlays,2021,5697.680882660001,Dollars,51304-2020-01-pellgrant.xlsx,Pell Program Costs,true,51304,Total for Mandatory Pell Grant Add-On / Estimated outlays,fiscal_year,2021,2021,2021,23,5
Pell Grant,Estimated outlays,2022,5734.41705439,Dollars,51304-2020-01-pellgrant.xlsx,Pell Program Costs,true,51304,Total for Mandatory Pell Grant Add-On / Estimated outlays,fiscal_year,2022,2022,2022,23,6
Pell Grant,Estimated outlays,2023,5827.884545730001,Dollars,51304-2020-01-pellgrant.xlsx,Pell Program Costs,true,51304,Total for Mandatory Pell Grant Add-On / Estimated outlays,fiscal_year,2023,2023,2023,23,7
Pell Grant,Estimated outlays,2024,5954.011758360001,Dollars,51304-2020-01-pellgrant.xlsx,Pell Program Costs,true,51304,Total for Mandatory Pell Grant Add-On / Estimated outlays,fiscal_year,2024,2024,2024,23,8
Pell Grant,Estimated outlays,2025,6118.674301179999,Dollars,51304-2020-01-pellgrant.xlsx,Pell Program Costs,true,51304,Total for Mandatory Pell Grant Add-On / Estimated outlays,fiscal_year,2025,2025,2025,23,9
Pell Grant,Estimated outlays,2026,6284.249388859996,Dollars,51304-2020-01-pellgrant.xlsx,Pell Program Costs,true,51304,Total for Mandatory Pell Grant Add-On / Estimated outlays,fiscal_year,2026,2026,2026,23,10
Pell Grant,Estimated outlays,2027,6426.592310000517,Dollars,51304-2020-01-pellgrant.xlsx,Pell Program Costs,true,51304,Total for Mandatory Pell Grant Add-On / Estimated outlays,fiscal_year,2027,2027,2027,23,11
Pell Grant,Estimated outlays,2028,6540.7330743267685,Dollars,51304-2020-01-pellgrant.xlsx,Pell Program Costs,true,51304,Total for Mandatory Pell Grant Add-On / Estimated outlays,fiscal_year,2028,2028,2028,23,12
Pell Grant,Estimated outlays,2029,6629.968680662584,Dollars,51304-2020-01-pellgrant.xlsx,Pell Program Costs,true,51304,Total for Mandatory Pell Grant Add-On / Estimated outlays,fiscal_year,2029,2029,2029,23,13
Pell Grant,Estimated outlays,2030,6689.59364064405,Dollars,51304-2020-01-pellgrant.xlsx,Pell Program Costs,true,51304,Total for Mandatory Pell Grant Add-On / Estimated outlays,fiscal_year,2030,2030,2030,23,14
Pell Grant,Total Maximum Award (Dollars),2020,6345.0,Dollars,51304-2020-01-pellgrant.xlsx,Pell Program Costs,true,51304,Total Pell Grant Program / Total Maximum Award (Dollars),fiscal_year,2020,2020,2020,29,4
Pell Grant,Total Maximum Award (Dollars),2021,6345.0,Dollars,51304-2020-01-pellgrant.xlsx,Pell Program Costs,true,51304,Total Pell Grant Program / Total Maximum Award (Dollars),fiscal_year,2021,2021,2021,29,5
Pell Grant,Total Maximum Award (Dollars),2022,6345.0,Dollars,51304-2020-01-pellgrant.xlsx,Pell Program Costs,true,51304,Total Pell Grant Program / Total Maximum Award (Dollars),fiscal_year,2022,2022,2022,29,6
Pell Grant,Total Maximum Award (Dollars),2023,6345.0,Dollars,51304-2020-01-pellgrant.xlsx,Pell Program Costs,true,51304,Total Pell Grant Program / Total Maximum Award (Dollars),fiscal_year,2023,2023,2023,29,7
Pell Grant,Total Maximum Award (Dollars),2024,6345.0,Dollars,51304-2020-01-pellgrant.xlsx,Pell Program Costs,true,51304,Total Pell Grant Program / Total Maximum Award (Dollars),fiscal_year,2024,2024,2024,29,8
Pell Grant,Total Maximum Award (Dollars),2025,6345.0,Dollars,51304-2020-01-pellgrant.xlsx,Pell Program Costs,true,51304,Total Pell Grant Program / Total Maximum Award (Dollars),fiscal_year,2025,2025,2025,29,9
Pell Grant,Total Maximum Award (Dollars),2026,6345.0,Dollars,51304-2020-01-pellgrant.xlsx,Pell Program Costs,true,51304,Total Pell Grant Program / Total Maximum Award (Dollars),fiscal_year,2026,2026,2026,29,10
Pell Grant,Total Maximum Award (Dollars),2027,6345.0,Dollars,51304-2020-01-pellgrant.xlsx,Pell Program Costs,true,51304,Total Pell Grant Program / Total Maximum Award (Dollars),fiscal_year,2027,2027,2027,29,11
Pell Grant,Total Maximum Award (Dollars),2028,6345.0,Dollars,51304-2020-01-pellgrant.xlsx,Pell Program Costs,true,51304,Total Pell Grant Program / Total Maximum Award (Dollars),fiscal_year,2028,2028,2028,29,12
Pell Grant,Total Maximum Award (Dollars),2029,6345.0,Dollars,51304-2020-01-pellgrant.xlsx,Pell Program Costs,true,51304,Total Pell Grant Program / Total Maximum Award (Dollars),fiscal_year,2029,2029,2029,29,13
Pell Grant,Total Maximum Award (Dollars),2030,6345.0,Dollars,51304-2020-01-pellgrant.xlsx,Pell Program Costs,true,51304,Total Pell Grant Program / Total Maximum Award (Dollars),fiscal_year,2030,2030,2030,29,14
Pell Grant,Estimated program costs,2020,29427.907276,Dollars,51304-2020-01-pellgrant.xlsx,Pell Program Costs,true,51304,Total Spending for Pell Grants / Estimated program costs,fiscal_year,2020,2020,2020,32,4
Pell Grant,Estimated program costs,2021,29581.705928,Dollars,51304-2020-01-pellgrant.xlsx,Pell Program Costs,true,51304,Total Spending for Pell Grants / Estimated program costs,fiscal_year,2021,2021,2021,32,5
Pell Grant,Estimated program costs,2022,30139.099609,Dollars,51304-2020-01-pellgrant.xlsx,Pell Program Costs,true,51304,Total Spending for Pell Grants / Estimated program costs,fiscal_year,2022,2022,2022,32,6
Pell Grant,Estimated program costs,2023,30830.203547,Dollars,51304-2020-01-pellgrant.xlsx,Pell Program Costs,true,51304,Total Spending for Pell Grants / Estimated program costs,fiscal_year,2023,2023,2023,32,7
Pell Grant,Estimated program costs,2024,31800.964134,Dollars,51304-2020-01-pellgrant.xlsx,Pell Program Costs,true,51304,Total Spending for Pell Grants / Estimated program costs,fiscal_year,2024,2024,2024,32,8
Pell Grant,Estimated program costs,2025,32819.585682,Dollars,51304-2020-01-pellgrant.xlsx,Pell Program Costs,true,51304,Total Spending for Pell Grants / Estimated program costs,fiscal_year,2025,2025,2025,32,9
Pell Grant,Estimated program costs,2026,33708.855152,Dollars,51304-2020-01-pellgrant.xlsx,Pell Program Costs,true,51304,Total Spending for Pell Grants / Estimated program costs,fiscal_year,2026,2026,2026,32,10
Pell Grant,Estimated program costs,2027,34450.792979,Dollars,51304-2020-01-pellgrant.xlsx,Pell Program Costs,true,51304,Total Spending for Pell Grants / Estimated program costs,fiscal_year,2027,2027,2027,32,11
Pell Grant,Estimated program costs,2028,35074.406751,Dollars,51304-2020-01-pellgrant.xlsx,Pell Program Costs,true,51304,Total Spending for Pell Grants / Estimated program costs,fiscal_year,2028,2028,2028,32,12
Pell Grant,Estimated program costs,2029,35496.774966,Dollars,51304-2020-01-pellgrant.xlsx,Pell Program Costs,true,51304,Total Spending for Pell Grants / Estimated program costs,fiscal_year,2029,2029,2029,32,13
Pell Grant,Estimated program costs,2030,35924.229365644795,Dollars,51304-2020-01-pellgrant.xlsx,Pell Program Costs,true,51304,Total Spending for Pell Grants / Estimated program costs,fiscal_year,2030,2030,2030,32,14
Pell Grant,Estimated outlays,2020,28992.15336416,Dollars,51304-2020-01-pellgrant.xlsx,Pell Program Costs,true,51304,Total Spending for Pell Grants / Estimated outlays,fiscal_year,2020,2020,2020,33,4
Pell Grant,Estimated outlays,2021,29462.06157156,Dollars,51304-2020-01-pellgrant.xlsx,Pell Program Costs,true,51304,Total Spending for Pell Grants / Estimated outlays,fiscal_year,2021,2021,2021,33,5
Pell Grant,Estimated outlays,2022,29725.09029854,Dollars,51304-2020-01-pellgrant.xlsx,Pell Program Costs,true,51304,Total Spending for Pell Grants / Estimated outlays,fiscal_year,2022,2022,2022,33,6
Pell Grant,Estimated outlays,2023,30313.212696070004,Dollars,51304-2020-01-pellgrant.xlsx,Pell Program Costs,true,51304,Total Spending for Pell Grants / Estimated outlays,fiscal_year,2023,2023,2023,33,7
Pell Grant,Estimated outlays,2024,31075.69026024,Dollars,51304-2020-01-pellgrant.xlsx,Pell Program Costs,true,51304,Total Spending for Pell Grants / Estimated outlays,fiscal_year,2024,2024,2024,33,8
Pell Grant,Estimated outlays,2025,32056.09813061,Dollars,51304-2020-01-pellgrant.xlsx,Pell Program Costs,true,51304,Total Spending for Pell Grants / Estimated outlays,fiscal_year,2025,2025,2025,33,9
Pell Grant,Estimated outlays,2026,33040.60952871999,Dollars,51304-2020-01-pellgrant.xlsx,Pell Program Costs,true,51304,Total Spending for Pell Grants / Estimated outlays,fiscal_year,2026,2026,2026,33,10
Pell Grant,Estimated outlays,2027,33892.86629232,Dollars,51304-2020-01-pellgrant.xlsx,Pell Program Costs,true,51304,Total Spending for Pell Grants / Estimated outlays,fiscal_year,2027,2027,2027,33,11
Pell Grant,Estimated outlays,2028,34605.51318145,Dollars,51304-2020-01-pellgrant.xlsx,Pell Program Costs,true,51304,Total Spending for Pell Grants / Estimated outlays,fiscal_year,2028,2028,2028,33,12
Pell Grant,Estimated outlays,2029,35177.98634918,Dollars,51304-2020-01-pellgrant.xlsx,Pell Program Costs,true,51304,Total Spending for Pell Grants / Estimated outlays,fiscal_year,2029,2029,2029,33,13
Pell Grant,Estimated outlays,2030,35315.46868749924,Dollars,51304-2020-01-pellgrant.xlsx,Pell Program Costs,true,51304,Total Spending for Pell Grants / Estimated outlays,fiscal_year,2030,2030,2030,33,14
Pell Grant,Total Projected Recipients (Thousands),2020,6830.0,Thousands,51304-2020-01-pellgrant.xlsx,Pell Program Costs,true,51304,Total Spending for Pell Grants / Total Projected Recipients (Thousands),fiscal_year,2020,2020,2020,35,4
Pell Grant,Total Projected Recipients (Thousands),2021,6850.0,Thousands,51304-2020-01-pellgrant.xlsx,Pell Program Costs,true,51304,Total Spending for Pell Grants / Total Projected Recipients (Thousands),fiscal_year,2021,2021,2021,35,5
Pell Grant,Total Projected Recipients (Thousands),2022,6960.0,Thousands,51304-2020-01-pellgrant.xlsx,Pell Program Costs,true,51304,Total Spending for Pell Grants / Total Projected Recipients (Thousands),fiscal_year,2022,2022,2022,35,6
Pell Grant,Total Projected Recipients (Thousands),2023,7100.0,Thousands,51304-2020-01-pellgrant.xlsx,Pell Program Costs,true,51304,Total Spending for Pell Grants / Total Projected Recipients (Thousands),fiscal_year,2023,2023,2023,35,7
Pell Grant,Total Projected Recipients (Thousands),2024,7300.0,Thousands,51304-2020-01-pellgrant.xlsx,Pell Program Costs,true,51304,Total Spending for Pell Grants / Total Projected Recipients (Thousands),fiscal_year,2024,2024,2024,35,8
Pell Grant,Total Projected Recipients (Thousands),2025,7510.0,Thousands,51304-2020-01-pellgrant.xlsx,Pell Program Costs,true,51304,Total Spending for Pell Grants / Total Projected Recipients (Thousands),fiscal_year,2025,2025,2025,35,9
Pell Grant,Total Projected Recipients (Thousands),2026,7690.0,Thousands,51304-2020-01-pellgrant.xlsx,Pell Program Costs,true,51304,Total Spending for Pell Grants / Total Projected Recipients (Thousands),fiscal_year,2026,2026,2026,35,10
Pell Grant,Total Projected Recipients (Thousands),2027,7840.0,Thousands,51304-2020-01-pellgrant.xlsx,Pell Program Costs,true,51304,Total Spending for Pell Grants / Total Projected Recipients (Thousands),fiscal_year,2027,2027,2027,35,11
Pell Grant,Total Projected Recipients (Thousands),2028,7960.0,Thousands,51304-2020-01-pellgrant.xlsx,Pell Program Costs,true,51304,Total Spending for Pell Grants / Total Projected Recipients (Thousands),fiscal_year,2028,2028,2028,35,12
Pell Grant,Total Projected Recipients (Thousands),2029,8050.0,Thousands,51304-2020-01-pellgrant.xlsx,Pell Program Costs,true,51304,Total Spending for Pell Grants / Total Projected Recipients (Thousands),fiscal_year,2029,2029,2029,35,13
Pell Grant,Total Projected Recipients (Thousands),2030,8150.0,Thousands,51304-2020-01-pellgrant.xlsx,Pell Program Costs,true,51304,Total Spending for Pell Grants / Total Projected Recipients (Thousands),fiscal_year,2030,2030,2030,35,14
Pell Grant,Unlabeled value (row 36),2020,6829100.0,Thousands,51304-2020-01-pellgrant.xlsx,Pell Program Costs,true,51304,Total Spending for Pell Grants / Unlabeled value (row 36),fiscal_year,2020,2020,2020,36,4
Pell Grant,Unlabeled value (row 36),2021,6849700.0,Thousands,51304-2020-01-pellgrant.xlsx,Pell Program Costs,true,51304,Total Spending for Pell Grants / Unlabeled value (row 36),fiscal_year,2021,2021,2021,36,5
Pell Grant,Unlabeled value (row 36),2022,6958200.0,Thousands,51304-2020-01-pellgrant.xlsx,Pell Program Costs,true,51304,Total Spending for Pell Grants / Unlabeled value (row 36),fiscal_year,2022,2022,2022,36,6
Pell Grant,Unlabeled value (row 36),2023,7098500.0,Thousands,51304-2020-01-pellgrant.xlsx,Pell Program Costs,true,51304,Total Spending for Pell Grants / Unlabeled value (row 36),fiscal_year,2023,2023,2023,36,7
Pell Grant,Unlabeled value (row 36),2024,7299100.0,Thousands,51304-2020-01-pellgrant.xlsx,Pell Program Costs,true,51304,Total Spending for Pell Grants / Unlabeled value (row 36),fiscal_year,2024,2024,2024,36,8
Pell Grant,Unlabeled value (row 36),2025,7508800.0,Thousands,51304-2020-01-pellgrant.xlsx,Pell Program Costs,true,51304,Total Spending for Pell Grants / Unlabeled value (row 36),fiscal_year,2025,2025,2025,36,9
Pell Grant,Unlabeled value (row 36),2026,7692700.0,Thousands,51304-2020-01-pellgrant.xlsx,Pell Program Costs,true,51304,Total Spending for Pell Grants / Unlabeled value (row 36),fiscal_year,2026,2026,2026,36,10
Pell Grant,Unlabeled value (row 36),2027,7843000.0,Thousands,51304-2020-01-pellgrant.xlsx,Pell Program Costs,true,51304,Total Spending for Pell Grants / Unlabeled value (row 36),fiscal_year,2027,2027,2027,36,11
Pell Grant,Unlabeled value (row 36),2028,7964900.0,Thousands,51304-2020-01-pellgrant.xlsx,Pell Program Costs,true,51304,Total Spending for Pell Grants / Unlabeled value (row 36),fiscal_year,2028,2028,2028,36,12
Pell Grant,Unlabeled value (row 36),2029,8046200.0,Thousands,51304-2020-01-pellgrant.xlsx,Pell Program Costs,true,51304,Total Spending for Pell Grants / Unlabeled value (row 36),fiscal_year,2029,2029,2029,36,13
Pell Grant,Unlabeled value (row 36),2030,8145200.0,Thousands,51304-2020-01-pellgrant.xlsx,Pell Program Costs,true,51304,Total Spending for Pell Grants / Unlabeled value (row 36),fiscal_year,2030,2030,2030,36,14
