program,category,fiscal_year,value,unit,source_file,source_sheet,is_total,program_id,category_path,period_type,period_start_year,period_end_year,period_label,source_row,source_column
Medicare,Mandatory Outlaysa,2023,1015.0,Billions of dollars,51302-2024-06-medicare.xlsx,Medicare_06-2024,true,51302,Medicare Totals / Mandatory Outlaysa,fiscal_year,2023,2023,2023,15,4
Medicare,Mandatory Outlaysa,2024,1044.0,Billions of dollars,51302-2024-06-medicare.xlsx,Medicare_06-2024,true,51302,Medicare Totals / Mandatory Outlaysa,fiscal_year,2024,2024,2024,15,5
Medicare,Mandatory Outlaysa,2025,1145.0,Billions of dollars,51302-2024-06-medicare.xlsx,Medicare_06-2024,true,51302,Medicare Totals / Mandatory Outlaysa,fiscal_year,2025,2025,2025,15,6
Medicare,Mandatory Outlaysa,2026,1219.0,Billions of dollars,51302-2024-06-medicare.xlsx,Medicare_06-2024,true,51302,Medicare Totals / Mandatory Outlaysa,fiscal_year,2026,2026,2026,15,7
Medicare,Mandatory Outlaysa,2027,1306.0,Billions of dollars,51302-2024-06-medicare.xlsx,Medicare_06-2024,true,51302,Medicare Totals / Mandatory Outlaysa,fiscal_year,2027,2027,2027,15,8
Medicare,Mandatory Outlaysa,2028,1473.0,Billions of dollars,51302-2024-06-medicare.xlsx,Medicare_06-2024,true,51302,Medicare Totals / Mandatory Outlaysa,fiscal_year,2028,2028,2028,15,9
Medicare,Mandatory Outlaysa,2029,1414.0,Billions of dollars,51302-2024-06-medicare.xlsx,Medicare_06-2024,true,51302,Medicare Totals / Mandatory Outlaysa,fiscal_year,2029,2029,2029,15,10
Medicare,Mandatory Outlaysa,2030,1600.0,Billions of dollars,51302-2024-06-medicare.xlsx,Medicare_06-2024,true,51302,Medicare Totals / Mandatory Outlaysa,fiscal_year,2030,2030,2030,15,11
Medicare,Mandatory Outlaysa,2031,1718.0,Billions of dollars,51302-2024-06-medicare.xlsx,Medicare_06-2024,true,51302,Medicare Totals / Mandatory Outlaysa,fiscal_year,2031,2031,2031,15,12
Medicare,Mandatory Outlaysa,2032,1842.0,Billions of dollars,51302-2024-06-medicare.xlsx,Medicare_06-2024,true,51302,Medicare Totals / Mandatory Outlaysa,fiscal_year,2032,2032,2032,15,13
Medicare,Mandatory Outlaysa,2033,2113.0,Billions of dollars,51302-2024-06-medicare.xlsx,Medicare_06-2024,true,51302,Medicare Totals / Mandatory Outlaysa,fiscal_year,2033,2033,2033,15,14
Medicare,Mandatory Outlaysa,2034,2159.0,Billions of dollars,51302-2024-06-medicare.xlsx,Medicare_06-2024,true,51302,Medicare Totals / Mandatory Outlaysa,fiscal_year,2034,2034,2034,15,15
Medicare,Discretionary Outlays,2023,8.0,Billions of dollars,51302-2024-06-medicare.xlsx,Medicare_06-2024,true,51302,Medicare Totals / Discretionary Outlays,fiscal_year,2023,2023,2023,16,4
Medicare,Discretionary Outlays,2024,9.0,Billions of dollars,51302-2024-06-medicare.xlsx,Medicare_06-2024,true,51302,Medicare Totals / Discretionary Outlays,fiscal_year,2024,2024,2024,16,5
Medicare,Discretionary Outlays,2025,9.0,Billions of dollars,51302-2024-06-medicare.xlsx,Medicare_06-2024,true,51302,Medicare Totals / Discretionary Outlays,fiscal_year,2025,2025,2025,16,6
Medicare,Discretionary Outlays,2026,9.0,Billions of dollars,51302-2024-06-medicare.xlsx,Medicare_06-2024,true,51302,Medicare Totals / Discretionary Outlays,fiscal_year,2026,2026,2026,16,7
Medicare,Discretionary Outlays,2027,10.0,Billions of dollars,51302-2024-06-medicare.xlsx,Medicare_06-2024,true,51302,Medicare Totals / Discretionary Outlays,fiscal_year,2027,2027,2027,16,8
Medicare,Discretionary Outlays,2028,10.0,Billions of dollars,51302-2024-06-medicare.xlsx,Medicare_06-2024,true,51302,Medicare Totals / Discretionary Outlays,fiscal_year,2028,2028,2028,16,9
Medicare,Discretionary Outlays,2029,11.0,Billions of dollars,51302-2024-06-medicare.xlsx,Medicare_06-2024,true,51302,Medicare Totals / Discretionary Outlays,fiscal_year,2029,2029,2029,16,10
Medicare,Discretionary Outlays,2030,11.0,Billions of dollars,51302-2024-06-medicare.xlsx,Medicare_06-2024,true,51302,Medicare Totals / Discretionary Outlays,fiscal_year,2030,2030,2030,16,11
Medicare,Discretionary Outlays,2031,11.0,Billions of dollars,51302-2024-06-medicare.xlsx,Medicare_06-2024,true,51302,Medicare Totals / Discretionary Outlays,fiscal_year,2031,2031,2031,16,12
Medicare,Discretionary Outlays,2032,12.0,Billions of dollars,51302-2024-06-medicare.xlsx,Medicare_06-2024,true,51302,Medicare Totals / Discretionary Outlays,fiscal_year,2032,2032,2032,16,13
Medicare,Discretionary Outlays,2033,12.0,Billions of dollars,51302-2024-06-medicare.xlsx,Medicare_06-2024,true,51302,Medicare Totals / Discretionary Outlays,fiscal_year,2033,2033,2033,16,14
Medicare,Discretionary Outlays,2034,13.0,Billions of dollars,51302-2024-06-medicare.xlsx,Medicare_06-2024,true,51302,Medicare Totals / Discretionary Outlays,fiscal_year,2034,2034,2034,16,15
Medicare,Gross Outlays,2023,1024.0,Billions of dollars,51302-2024-06-medicare.xlsx,Medicare_06-2024,true,51302,Medicare Totals / Gross Outlays,fiscal_year,2023,2023,2023,17,4
Medicare,Gross Outlays,2024,1052.0,Billions of dollars,51302-2024-06-medicare.xlsx,Medicare_06-2024,true,51302,Medicare Totals / Gross Outlays,fiscal_year,2024,2024,2024,17,5
Medicare,Gross Outlays,2025,1154.0,Billions of dollars,51302-2024-06-medicare.xlsx,Medicare_06-2024,true,51302,Medicare Totals / Gross Outlays,fiscal_year,2025,2025,2025,17,6
Medicare,Gross Outlays,2026,1228.0,Billions of dollars,51302-2024-06-medicare.xlsx,Medicare_06-2024,true,51302,Medicare Totals / Gross Outlays,fiscal_year,2026,2026,2026,17,7
Medicare,Gross Outlays,2027,1316.0,Billions of dollars,51302-2024-06-medicare.xlsx,Medicare_06-2024,true,51302,Medicare Totals / Gross Outlays,fiscal_year,2027,2027,2027,17,8
Medicare,Gross Outlays,2028,1483.0,Billions of dollars,51302-2024-06-medicare.xlsx,Medicare_06-2024,true,51302,Medicare Totals / Gross Outlays,fiscal_year,2028,2028,2028,17,9
Medicare,Gross Outlays,2029,1425.0,Billions of dollars,51302-2024-06-medicare.xlsx,Medicare_06-2024,true,51302,Medicare Totals / Gross Outlays,fiscal_year,2029,2029,2029,17,10
Medicare,Gross Outlays,2030,1611.0,Billions of dollars,51302-2024-06-medicare.xlsx,Medicare_06-2024,true,51302,Medicare Totals / Gross Outlays,fiscal_year,2030,2030,2030,17,11
Medicare,Gross Outlays,2031,1729.0,Billions of dollars,51302-2024-06-medicare.xlsx,Medicare_06-2024,true,51302,Medicare Totals / Gross Outlays,fiscal_year,2031,2031,2031,17,12
Medicare,Gross Outlays,2032,1854.0,Billions of dollars,51302-2024-06-medicare.xlsx,Medicare_06-2024,true,51302,Medicare Totals / Gross Outlays,fiscal_year,2032,2032,2032,17,13
Medicare,Gross Outlays,2033,2126.0,Billions of dollars,51302-2024-06-medicare.xlsx,Medicare_06-2024,true,51302,Medicare Totals / Gross Outlays,fiscal_year,2033,2033,2033,17,14
Medicare,Gross Outlays,2034,2171.0,Billions of dollars,51302-2024-06-medicare.xlsx,Medicare_06-2024,true,51302,Medicare Totals / Gross Outlays,fiscal_year,2034,2034,2034,17,15
Medicare,Total Offsetting Receiptsb,2023,-177.0,Billions of dollars,51302-2024-06-medicare.xlsx,Medicare_06-2024,true,51302,Medicare Totals / Total Offsetting Receiptsb,fiscal_year,2023,2023,2023,18,4
Medicare,Total Offsetting Receiptsb,2024,-185.0,Billions of dollars,51302-2024-06-medicare.xlsx,Medicare_06-2024,true,51302,Medicare Totals / Total Offsetting Receiptsb,fiscal_year,2024,2024,2024,18,5
Medicare,Total Offsetting Receiptsb,2025,-210.0,Billions of dollars,51302-2024-06-medicare.xlsx,Medicare_06-2024,true,51302,Medicare Totals / Total Offsetting Receiptsb,fiscal_year,2025,2025,2025,18,6
Medicare,Total Offsetting Receiptsb,2026,-221.0,Billions of dollars,51302-2024-06-medicare.xlsx,Medicare_06-2024,true,51302,Medicare Totals / Total Offsetting Receiptsb,fiscal_year,2026,2026,2026,18,7
Medicare,Total Offsetting Receiptsb,2027,-239.0,Billions of dollars,51302-2024-06-medicare.xlsx,Medicare_06-2024,true,51302,Medicare Totals / Total Offsetting Receiptsb,fiscal_year,2027,2027,2027,18,8
Medicare,Total Offsetting Receiptsb,2028,-258.0,Billions of dollars,51302-2024-06-medicare.xlsx,Medicare_06-2024,true,51302,Medicare Totals / Total Offsetting Receiptsb,fiscal_year,2028,2028,2028,18,9
Medicare,Total Offsetting Receiptsb,2029,-278.0,Billions of dollars,51302-2024-06-medicare.xlsx,Medicare_06-2024,true,51302,Medicare Totals / Total Offsetting Receiptsb,fiscal_year,2029,2029,2029,18,10
Medicare,Total Offsetting Receiptsb,2030,-302.0,Billions of dollars,51302-2024-06-medicare.xlsx,Medicare_06-2024,true,51302,Medicare Totals / Total Offsetting Receiptsb,fiscal_year,2030,2030,2030,18,11
Medicare,Total Offsetting Receiptsb,2031,-327.0,Billions of dollars,51302-2024-06-medicare.xlsx,Medicare_06-2024,true,51302,Medicare Totals / Total Offsetting Receiptsb,fiscal_year,2031,2031,2031,18,12
Medicare,Total Offsetting Receiptsb,2032,-354.0,Billions of dollars,51302-2024-06-medicare.xlsx,Medicare_06-2024,true,51302,Medicare Totals / Total Offsetting Receiptsb,fiscal_year,2032,2032,2032,18,13
Medicare,Total Offsetting Receiptsb,2033,-386.0,Billions of dollars,51302-2024-06-medicare.xlsx,Medicare_06-2024,true,51302,Medicare Totals / Total Offsetting Receiptsb,fiscal_year,2033,2033,2033,18,14
Medicare,Total Offsetting Receiptsb,2034,-414.0,Billions of dollars,51302-2024-06-medicare.xlsx,Medicare_06-2024,true,51302,Medicare Totals / Total Offsetting Receiptsb,fiscal_year,2034,2034,2034,18,15
Medicare,Net Outlays (Gross outlays minus receipts),2023,847.0,Billions of dollars,51302-2024-06-medicare.xlsx,Medicare_06-2024,true,51302,Medicare Totals / Net Outlays (Gross outlays minus receipts),fiscal_year,2023,2023,2023,19,4
Medicare,Net Outlays (Gross outlays minus receipts),2024,867.0,Billions of dollars,51302-2024-06-medicare.xlsx,Medicare_06-2024,true,51302,Medicare Totals / Net Outlays (Gross outlays minus receipts),fiscal_year,2024,2024,2024,19,5
Medicare,Net Outlays (Gross outlays minus receipts),2025,944.0,Billions of dollars,51302-2024-06-medicare.xlsx,Medicare_06-2024,true,51302,Medicare Totals / Net Outlays (Gross outlays minus receipts),fiscal_year,2025,2025,2025,19,6
Medicare,Net Outlays (Gross outlays minus receipts),2026,1007.0,Billions of dollars,51302-2024-06-medicare.xlsx,Medicare_06-2024,true,51302,Medicare Totals / Net Outlays (Gross outlays minus receipts),fiscal_year,2026,2026,2026,19,7
Medicare,Net Outlays (Gross outlays minus receipts),2027,1077.0,Billions of dollars,51302-2024-06-medicare.xlsx,Medicare_06-2024,true,51302,Medicare Totals / Net Outlays (Gross outlays minus receipts),fiscal_year,2027,2027,2027,19,8
Medicare,Net Outlays (Gross outlays minus receipts),2028,1225.0,Billions of dollars,51302-2024-06-medicare.xlsx,Medicare_06-2024,true,51302,Medicare Totals / Net Outlays (Gross outlays minus receipts),fiscal_year,2028,2028,2028,19,9
Medicare,Net Outlays (Gross outlays minus receipts),2029,1147.0,Billions of dollars,51302-2024-06-medicare.xlsx,Medicare_06-2024,true,51302,Medicare Totals / Net Outlays (Gross outlays minus receipts),fiscal_year,2029,2029,2029,19,10
Medicare,Net Outlays (Gross outlays minus receipts),2030,1309.0,Billions of dollars,51302-2024-06-medicare.xlsx,Medicare_06-2024,true,51302,Medicare Totals / Net Outlays (Gross outlays minus receipts),fiscal_year,2030,2030,2030,19,11
Medicare,Net Outlays (Gross outlays minus receipts),2031,1402.0,Billions of dollars,51302-2024-06-medicare.xlsx,Medicare_06-2024,true,51302,Medicare Totals / Net Outlays (Gross outlays minus receipts),fiscal_year,2031,2031,2031,19,12
Medicare,Net Outlays (Gross outlays minus receipts),2032,1499.0,Billions of dollars,51302-2024-06-medicare.xlsx,Medicare_06-2024,true,51302,Medicare Totals / Net Outlays (Gross outlays minus receipts),fiscal_year,2032,2032,2032,19,13
Medicare,Net Outlays (Gross outlays minus receipts),2033,1740.0,Billions of dollars,51302-2024-06-medicare.xlsx,Medicare_06-2024,true,51302,Medicare Totals / Net Outlays (Gross outlays minus receipts),fiscal_year,2033,2033,2033,19,14
Medicare,Net Outlays (Gross outlays minus receipts),2034,1757.0,Billions of dollars,51302-2024-06-medicare.xlsx,Medicare_06-2024,true,51302,Medicare Totals / Net Outlays (Gross outlays minus receipts),fiscal_year,2034,2034,2034,19,15
Medicare,Net Mandatory Outlays,2023,839.0,Billions of dollars,51302-2024-06-medicare.xlsx,Medicare_06-2024,true,51302,Medicare Totals / Net Mandatory Outlays,fiscal_year,2023,2023,2023,20,4
Medicare,Net Mandatory Outlays,2024,858.0,Billions of dollars,51302-2024-06-medicare.xlsx,Medicare_06-2024,true,51302,Medicare Totals / Net Mandatory Outlays,fiscal_year,2024,2024,2024,20,5
Medicare,Net Mandatory Outlays,2025,935.0,Billions of dollars,51302-2024-06-medicare.xlsx,Medicare_06-2024,true,51302,Medicare Totals / Net Mandatory Outlays,fiscal_year,2025,2025,2025,20,6
Medicare,Net Mandatory Outlays,2026,998.0,Billions of dollars,51302-2024-06-medicare.xlsx,Medicare_06-2024,true,51302,Medicare Totals / Net Mandatory Outlays,fiscal_year,2026,2026,2026,20,7
Medicare,Net Mandatory Outlays,2027,1067.0,Billions of dollars,51302-2024-06-medicare.xlsx,Medicare_06-2024,true,51302,Medicare Totals / Net Mandatory Outlays,fiscal_year,2027,2027,2027,20,8
Medicare,Net Mandatory Outlays,2028,1215.0,Billions of dollars,51302-2024-06-medicare.xlsx,Medicare_06-2024,true,51302,Medicare Totals / Net Mandatory Outlays,fiscal_year,2028,2028,2028,20,9
Medicare,Net Mandatory Outlays,2029,1136.0,Billions of dollars,51302-2024-06-medicare.xlsx,Medicare_06-2024,true,51302,Medicare Totals / Net Mandatory Outlays,fiscal_year,2029,2029,2029,20,10
Medicare,Net Mandatory Outlays,2030,1298.0,Billions of dollars,51302-2024-06-medicare.xlsx,Medicare_06-2024,true,51302,Medicare Totals / Net Mandatory Outlays,fiscal_year,2030,2030,2030,20,11
Medicare,Net Mandatory Outlays,2031,1390.0,Billions of dollars,51302-2024-06-medicare.xlsx,Medicare_06-2024,true,51302,Medicare Totals / Net Mandatory Outlays,fiscal_year,2031,2031,2031,20,12
Medicare,Net Mandatory Outlays,2032,1488.0,Billions of dollars,51302-2024-06-medicare.xlsx,Medicare_06-2024,true,51302,Medicare Totals / Net Mandatory Outlays,fiscal_year,2032,2032,2032,20,13
Medicare,Net Mandatory Outlays,2033,1728.0,Billions of dollars,51302-2024-06-medicare.xlsx,Medicare_06-2024,true,51302,Medicare Totals / Net Mandatory Outlays,fiscal_year,2033,2033,2033,20,14
Medicare,Net Mandatory Outlays,2034,1745.0,Billions of dollars,51302-2024-06-medicare.xlsx,Medicare_06-2024,true,51302,Medicare Totals / Net Mandatory Outlays,fiscal_year,2034,2034,2034,20,15
Medicare,Part A,2023,403.0,Billions of dollars,51302-2024-06-medicare.xlsx,Medicare_06-2024,false,51302,Medicare / Benefits / Part A,fiscal_year,2023,2023,2023,24,4
Medicare,Part A,2024,408.0,Billions of dollars,51302-2024-06-medicare.xlsx,Medicare_06-2024,false,51302,Medicare / Benefits / Part A,fiscal_year,2024,2024,2024,24,5
Medicare,Part A,2025,444.0,Billions of dollars,51302-2024-06-medicare.xlsx,Medicare_06-2024,false,51302,Medicare / Benefits / Part A,fiscal_year,2025,2025,2025,24,6
Medicare,Part A,2026,470.0,Billions of dollars,51302-2024-06-medicare.xlsx,Medicare_06-2024,false,51302,Medicare / Benefits / Part A,fiscal_year,2026,2026,2026,24,7
Medicare,Part A,2027,498.0,Billions of dollars,51302-2024-06-medicare.xlsx,Medicare_06-2024,false,51302,Medicare / Benefits / Part A,fiscal_year,2027,2027,2027,24,8
Medicare,Part A,2028,551.0,Billions of dollars,51302-2024-06-medicare.xlsx,Medicare_06-2024,false,51302,Medicare / Benefits / Part A,fiscal_year,2028,2028,2028,24,9
Medicare,Part A,2029,533.0,Billions of dollars,51302-2024-06-medicare.xlsx,Medicare_06-2024,false,51302,Medicare / Benefits / Part A,fiscal_year,2029,2029,2029,24,10
Medicare,Part A,2030,589.0,Billions of dollars,51302-2024-06-medicare.xlsx,Medicare_06-2024,false,51302,Medicare / Benefits / Part A,fiscal_year,2030,2030,2030,24,11
Medicare,Part A,2031,622.0,Billions of dollars,51302-2024-06-medicare.xlsx,Medicare_06-2024,false,51302,Medicare / Benefits / Part A,fiscal_year,2031,2031,2031,24,12
Medicare,Part A,2032,657.0,Billions of dollars,51302-2024-06-medicare.xlsx,Medicare_06-2024,false,51302,Medicare / Benefits / Part A,fiscal_year,2032,2032,2032,24,13
Medicare,Part A,2033,733.0,Billions of dollars,51302-2024-06-medicare.xlsx,Medicare_06-2024,false,51302,Medicare / Benefits / Part A,fiscal_year,2033,2033,2033,24,14
Medicare,Part A,2034,743.0,Billions of dollars,51302-2024-06-medicare.xlsx,Medicare_06-2024,false,51302,Medicare / Benefits / Part A,fiscal_year,2034,2034,2034,24,15
Medicare,Part B,2023,494.0,Billions of dollars,51302-2024-06-medicare.xlsx,Medicare_06-2024,false,51302,Medicare / Benefits / Part B,fiscal_year,2023,2023,2023,25,4
Medicare,Part B,2024,518.0,Billions of dollars,51302-2024-06-medicare.xlsx,Medicare_06-2024,false,51302,Medicare / Benefits / Part B,fiscal_year,2024,2024,2024,25,5
Medicare,Part B,2025,562.0,Billions of dollars,51302-2024-06-medicare.xlsx,Medicare_06-2024,false,51302,Medicare / Benefits / Part B,fiscal_year,2025,2025,2025,25,6
Medicare,Part B,2026,603.0,Billions of dollars,51302-2024-06-medicare.xlsx,Medicare_06-2024,false,51302,Medicare / Benefits / Part B,fiscal_year,2026,2026,2026,25,7
Medicare,Part B,2027,655.0,Billions of dollars,51302-2024-06-medicare.xlsx,Medicare_06-2024,false,51302,Medicare / Benefits / Part B,fiscal_year,2027,2027,2027,25,8
Medicare,Part B,2028,746.0,Billions of dollars,51302-2024-06-medicare.xlsx,Medicare_06-2024,false,51302,Medicare / Benefits / Part B,fiscal_year,2028,2028,2028,25,9
Medicare,Part B,2029,721.0,Billions of dollars,51302-2024-06-medicare.xlsx,Medicare_06-2024,false,51302,Medicare / Benefits / Part B,fiscal_year,2029,2029,2029,25,10
Medicare,Part B,2030,828.0,Billions of dollars,51302-2024-06-medicare.xlsx,Medicare_06-2024,false,51302,Medicare / Benefits / Part B,fiscal_year,2030,2030,2030,25,11
Medicare,Part B,2031,899.0,Billions of dollars,51302-2024-06-medicare.xlsx,Medicare_06-2024,false,51302,Medicare / Benefits / Part B,fiscal_year,2031,2031,2031,25,12
Medicare,Part B,2032,975.0,Billions of dollars,51302-2024-06-medicare.xlsx,Medicare_06-2024,false,51302,Medicare / Benefits / Part B,fiscal_year,2032,2032,2032,25,13
Medicare,Part B,2033,1132.0,Billions of dollars,51302-2024-06-medicare.xlsx,Medicare_06-2024,false,51302,Medicare / Benefits / Part B,fiscal_year,2033,2033,2033,25,14
Medicare,Part B,2034,1169.0,Billions of dollars,51302-2024-06-medicare.xlsx,Medicare_06-2024,false,51302,Medicare / Benefits / Part B,fiscal_year,2034,2034,2034,25,15
Medicare,Part D,2023,116.0,Billions of dollars,51302-2024-06-medicare.xlsx,Medicare_06-2024,false,51302,Medicare / Benefits / Part D,fiscal_year,2023,2023,2023,26,4
Medicare,Part D,2024,115.0,Billions of dollars,51302-2024-06-medicare.xlsx,Medicare_06-2024,false,51302,Medicare / Benefits / Part D,fiscal_year,2024,2024,2024,26,5
Medicare,Part D,2025,137.0,Billions of dollars,51302-2024-06-medicare.xlsx,Medicare_06-2024,false,51302,Medicare / Benefits / Part D,fiscal_year,2025,2025,2025,26,6
Medicare,Part D,2026,143.0,Billions of dollars,51302-2024-06-medicare.xlsx,Medicare_06-2024,false,51302,Medicare / Benefits / Part D,fiscal_year,2026,2026,2026,26,7
Medicare,Part D,2027,151.0,Billions of dollars,51302-2024-06-medicare.xlsx,Medicare_06-2024,false,51302,Medicare / Benefits / Part D,fiscal_year,2027,2027,2027,26,8
Medicare,Part D,2028,174.0,Billions of dollars,51302-2024-06-medicare.xlsx,Medicare_06-2024,false,51302,Medicare / Benefits / Part D,fiscal_year,2028,2028,2028,26,9
Medicare,Part D,2029,157.0,Billions of dollars,51302-2024-06-medicare.xlsx,Medicare_06-2024,false,51302,Medicare / Benefits / Part D,fiscal_year,2029,2029,2029,26,10
Medicare,Part D,2030,181.0,Billions of dollars,51302-2024-06-medicare.xlsx,Medicare_06-2024,false,51302,Medicare / Benefits / Part D,fiscal_year,2030,2030,2030,26,11
Medicare,Part D,2031,194.0,Billions of dollars,51302-2024-06-medicare.xlsx,Medicare_06-2024,false,51302,Medicare / Benefits / Part D,fiscal_year,2031,2031,2031,26,12
Medicare,Part D,2032,208.0,Billions of dollars,51302-2024-06-medicare.xlsx,Medicare_06-2024,false,51302,Medicare / Benefits / Part D,fiscal_year,2032,2032,2032,26,13
Medicare,Part D,2033,246.0,Billions of dollars,51302-2024-06-medicare.xlsx,Medicare_06-2024,false,51302,Medicare / Benefits / Part D,fiscal_year,2033,2033,2033,26,14
Medicare,Part D,2034,245.0,Billions of dollars,51302-2024-06-medicare.xlsx,Medicare_06-2024,false,51302,Medicare / Benefits / Part D,fiscal_year,2034,2034,2034,26,15
Medicare,Total Benefits,2023,1013.0,Billions of dollars,51302-2024-06-medicare.xlsx,Medicare_06-2024,true,51302,Medicare / Benefits / Total Benefits,fiscal_year,2023,2023,2023,27,4
Medicare,Total Benefits,2024,1041.0,Billions of dollars,51302-2024-06-medicare.xlsx,Medicare_06-2024,true,51302,Medicare / Benefits / Total Benefits,fiscal_year,2024,2024,2024,27,5
Medicare,Total Benefits,2025,1142.0,Billions of dollars,51302-2024-06-medicare.xlsx,Medicare_06-2024,true,51302,Medicare / Benefits / Total Benefits,fiscal_year,2025,2025,2025,27,6
Medicare,Total Benefits,2026,1216.0,Billions of dollars,51302-2024-06-medicare.xlsx,Medicare_06-2024,true,51302,Medicare / Benefits / Total Benefits,fiscal_year,2026,2026,2026,27,7
Medicare,Total Benefits,2027,1304.0,Billions of dollars,51302-2024-06-medicare.xlsx,Medicare_06-2024,true,51302,Medicare / Benefits / Total Benefits,fiscal_year,2027,2027,2027,27,8
Medicare,Total Benefits,2028,1471.0,Billions of dollars,51302-2024-06-medicare.xlsx,Medicare_06-2024,true,51302,Medicare / Benefits / Total Benefits,fiscal_year,2028,2028,2028,27,9
Medicare,Total Benefits,2029,1411.0,Billions of dollars,51302-2024-06-medicare.xlsx,Medicare_06-2024,true,51302,Medicare / Benefits / Total Benefits,fiscal_year,2029,2029,2029,27,10
Medicare,Total Benefits,2030,1598.0,Billions of dollars,51302-2024-06-medicare.xlsx,Medicare_06-2024,true,51302,Medicare / Benefits / Total Benefits,fiscal_year,2030,2030,2030,27,11
Medicare,Total Benefits,2031,1715.0,Billions of dollars,51302-2024-06-medicare.xlsx,Medicare_06-2024,true,51302,Medicare / Benefits / Total Benefits,fiscal_year,2031,2031,2031,27,12
Medicare,Total Benefits,2032,1839.0,Billions of dollars,51302-2024-06-medicare.xlsx,Medicare_06-2024,true,51302,Medicare / Benefits / Total Benefits,fiscal_year,2032,2032,2032,27,13
Medicare,Total Benefits,2033,2111.0,Billions of dollars,51302-2024-06-medicare.xlsx,Medicare_06-2024,true,51302,Medicare / Benefits / Total Benefits,fiscal_year,2033,2033,2033,27,14
Medicare,Total Benefits,2034,2156.0,Billions of dollars,51302-2024-06-medicare.xlsx,Medicare_06-2024,true,51302,Medicare / Benefits / Total Benefits,fiscal_year,2034,2034,2034,27,15
Medicare,Mandatory Administrationc,2023,3.0,Billions of dollars,51302-2024-06-medicare.xlsx,Medicare_06-2024,false,51302,Medicare / Benefits / Mandatory Administrationc,fiscal_year,2023,2023,2023,28,4
Medicare,Mandatory Administrationc,2024,3.0,Billions of dollars,51302-2024-06-medicare.xlsx,Medicare_06-2024,false,51302,Medicare / Benefits / Mandatory Administrationc,fiscal_year,2024,2024,2024,28,5
Medicare,Mandatory Administrationc,2025,3.0,Billions of dollars,51302-2024-06-medicare.xlsx,Medicare_06-2024,false,51302,Medicare / Benefits / Mandatory Administrationc,fiscal_year,2025,2025,2025,28,6
Medicare,Mandatory Administrationc,2026,2.0,Billions of dollars,51302-2024-06-medicare.xlsx,Medicare_06-2024,false,51302,Medicare / Benefits / Mandatory Administrationc,fiscal_year,2026,2026,2026,28,7
Medicare,Mandatory Administrationc,2027,2.0,Billions of dollars,51302-2024-06-medicare.xlsx,Medicare_06-2024,false,51302,Medicare / Benefits / Mandatory Administrationc,fiscal_year,2027,2027,2027,28,8
Medicare,Mandatory Administrationc,2028,2.0,Billions of dollars,51302-2024-06-medicare.xlsx,Medicare_06-2024,false,51302,Medicare / Benefits / Mandatory Administrationc,fiscal_year,2028,2028,2028,28,9
Medicare,Mandatory Administrationc,2029,3.0,Billions of dollars,51302-2024-06-medicare.xlsx,Medicare_06-2024,false,51302,Medicare / Benefits / Mandatory Administrationc,fiscal_year,2029,2029,2029,28,10
Medicare,Mandatory Administrationc,2030,3.0,Billions of dollars,51302-2024-06-medicare.xlsx,Medicare_06-2024,false,51302,Medicare / Benefits / Mandatory Administrationc,fiscal_year,2030,2030,2030,28,11
Medicare,Mandatory Administrationc,2031,3.0,Billions of dollars,51302-2024-06-medicare.xlsx,Medicare_06-2024,false,51302,Medicare / Benefits / Mandatory Administrationc,fiscal_year,2031,2031,2031,28,12
Medicare,Mandatory Administrationc,2032,3.0,Billions of dollars,51302-2024-06-medicare.xlsx,Medicare_06-2024,false,51302,Medicare / Benefits / Mandatory Administrationc,fiscal_year,2032,2032,2032,28,13
Medicare,Mandatory Administrationc,2033,3.0,Billions of dollars,51302-2024-06-medicare.xlsx,Medicare_06-2024,false,51302,Medicare / Benefits / Mandatory Administrationc,fiscal_year,2033,2033,2033,28,14
Medicare,Mandatory Administrationc,2034,3.0,Billions of dollars,51302-2024-06-medicare.xlsx,Medicare_06-2024,false,51302,Medicare / Benefits / Mandatory Administrationc,fiscal_year,2034,2034,2034,28,15
Medicare,Total Mandatory Outlays,2023,1015.0,Billions of dollars,51302-2024-06-medicare.xlsx,Medicare_06-2024,true,51302,Medicare / Benefits / Total Mandatory Outlays,fiscal_year,2023,2023,2023,29,4
Medicare,Total Mandatory Outlays,2024,1044.0,Billions of dollars,51302-2024-06-medicare.xlsx,Medicare_06-2024,true,51302,Medicare / Benefits / Total Mandatory Outlays,fiscal_year,2024,2024,2024,29,5
Medicare,Total Mandatory Outlays,2025,1145.0,Billions of dollars,51302-2024-06-medicare.xlsx,Medicare_06-2024,true,51302,Medicare / Benefits / Total Mandatory Outlays,fiscal_year,2025,2025,2025,29,6
Medicare,Total Mandatory Outlays,2026,1219.0,Billions of dollars,51302-2024-06-medicare.xlsx,Medicare_06-2024,true,51302,Medicare / Benefits / Total Mandatory Outlays,fiscal_year,2026,2026,2026,29,7
Medicare,Total Mandatory Outlays,2027,1306.0,Billions of dollars,51302-2024-06-medicare.xlsx,Medicare_06-2024,true,51302,Medicare / Benefits / Total Mandatory Outlays,fiscal_year,2027,2027,2027,29,8
Medicare,Total Mandatory Outlays,2028,1473.0,Billions of dollars,51302-2024-06-medicare.xlsx,Medicare_06-2024,true,51302,Medicare / Benefits / Total Mandatory Outlays,fiscal_year,2028,2028,2028,29,9
Medicare,Total Mandatory Outlays,2029,1414.0,Billions of dollars,51302-2024-06-medicare.xlsx,Medicare_06-2024,true,51302,Medicare / Benefits / Total Mandatory Outlays,fiscal_year,2029,2029,2029,29,10
Medicare,Total Mandatory Outlays,2030,1600.0,Billions of dollars,51302-2024-06-medicare.xlsx,Medicare_06-2024,true,51302,Medicare / Benefits / Total Mandatory Outlays,fiscal_year,2030,2030,2030,29,11
Medicare,Total Mandatory Outlays,2031,1718.0,Billions of dollars,51302-2024-06-medicare.xlsx,Medicare_06-2024,true,51302,Medicare / Benefits / Total Mandatory Outlays,fiscal_year,2031,2031,2031,29,12
Medicare,Total Mandatory Outlays,2032,1842.0,Billions of dollars,51302-2024-06-medicare.xlsx,Medicare_06-2024,true,51302,Medicare / Benefits / Total Mandatory Outlays,fiscal_year,2032,2032,2032,29,13
Medicare,Total Mandatory Outlays,2033,2113.0,Billions of dollars,51302-2024-06-medicare.xlsx,Medicare_06-2024,true,51302,Medicare / Benefits / Total Mandatory Outlays,fiscal_year,2033,2033,2033,29,14
Medicare,Total Mandatory Outlays,2034,2159.0,Billions of dollars,51302-2024-06-medicare.xlsx,Medicare_06-2024,true,51302,Medicare / Benefits / Total Mandatory Outlays,fiscal_year,2034,2034,2034,29,15
Medicare,Hospital Inpatient Services,2023,145.0,Billions of dollars,51302-2024-06-medicare.xlsx,Medicare_06-2024,false,51302,Medicare / Components of Benefits / Hospital Inpatient Services,fiscal_year,2023,2023,2023,32,4
Medicare,Hospital Inpatient Services,2024,149.0,Billions of dollars,51302-2024-06-medicare.xlsx,Medicare_06-2024,false,51302,Medicare / Components of Benefits / Hospital Inpatient Services,fiscal_year,2024,2024,2024,32,5
Medicare,Hospital Inpatient Services,2025,152.0,Billions of dollars,51302-2024-06-medicare.xlsx,Medicare_06-2024,false,51302,Medicare / Components of Benefits / Hospital Inpatient Services,fiscal_year,2025,2025,2025,32,6
Medicare,Hospital Inpatient Services,2026,158.0,Billions of dollars,51302-2024-06-medicare.xlsx,Medicare_06-2024,false,51302,Medicare / Components of Benefits / Hospital Inpatient Services,fiscal_year,2026,2026,2026,32,7
Medicare,Hospital Inpatient Services,2027,164.0,Billions of dollars,51302-2024-06-medicare.xlsx,Medicare_06-2024,false,51302,Medicare / Components of Benefits / Hospital Inpatient Services,fiscal_year,2027,2027,2027,32,8
Medicare,Hospital Inpatient Services,2028,170.0,Billions of dollars,51302-2024-06-medicare.xlsx,Medicare_06-2024,false,51302,Medicare / Components of Benefits / Hospital Inpatient Services,fiscal_year,2028,2028,2028,32,9
Medicare,Hospital Inpatient Services,2029,176.0,Billions of dollars,51302-2024-06-medicare.xlsx,Medicare_06-2024,false,51302,Medicare / Components of Benefits / Hospital Inpatient Services,fiscal_year,2029,2029,2029,32,10
Medicare,Hospital Inpatient Services,2030,183.0,Billions of dollars,51302-2024-06-medicare.xlsx,Medicare_06-2024,false,51302,Medicare / Components of Benefits / Hospital Inpatient Services,fiscal_year,2030,2030,2030,32,11
Medicare,Hospital Inpatient Services,2031,190.0,Billions of dollars,51302-2024-06-medicare.xlsx,Medicare_06-2024,false,51302,Medicare / Components of Benefits / Hospital Inpatient Services,fiscal_year,2031,2031,2031,32,12
Medicare,Hospital Inpatient Services,2032,197.0,Billions of dollars,51302-2024-06-medicare.xlsx,Medicare_06-2024,false,51302,Medicare / Components of Benefits / Hospital Inpatient Services,fiscal_year,2032,2032,2032,32,13
Medicare,Hospital Inpatient Services,2033,208.0,Billions of dollars,51302-2024-06-medicare.xlsx,Medicare_06-2024,false,51302,Medicare / Components of Benefits / Hospital Inpatient Services,fiscal_year,2033,2033,2033,32,14
Medicare,Hospital Inpatient Services,2034,217.0,Billions of dollars,51302-2024-06-medicare.xlsx,Medicare_06-2024,false,51302,Medicare / Components of Benefits / Hospital Inpatient Services,fiscal_year,2034,2034,2034,32,15
Medicare,Skilled Nursing Facilities,2023,29.0,Billions of dollars,51302-2024-06-medicare.xlsx,Medicare_06-2024,false,51302,Medicare / Components of Benefits / Skilled Nursing Facilities,fiscal_year,2023,2023,2023,33,4
Medicare,Skilled Nursing Facilities,2024,30.0,Billions of dollars,51302-2024-06-medicare.xlsx,Medicare_06-2024,false,51302,Medicare / Components of Benefits / Skilled Nursing Facilities,fiscal_year,2024,2024,2024,33,5
Medicare,Skilled Nursing Facilities,2025,30.0,Billions of dollars,51302-2024-06-medicare.xlsx,Medicare_06-2024,false,51302,Medicare / Components of Benefits / Skilled Nursing Facilities,fiscal_year,2025,2025,2025,33,6
Medicare,Skilled Nursing Facilities,2026,31.0,Billions of dollars,51302-2024-06-medicare.xlsx,Medicare_06-2024,false,51302,Medicare / Components of Benefits / Skilled Nursing Facilities,fiscal_year,2026,2026,2026,33,7
Medicare,Skilled Nursing Facilities,2027,31.0,Billions of dollars,51302-2024-06-medicare.xlsx,Medicare_06-2024,false,51302,Medicare / Components of Benefits / Skilled Nursing Facilities,fiscal_year,2027,2027,2027,33,8
Medicare,Skilled Nursing Facilities,2028,32.0,Billions of dollars,51302-2024-06-medicare.xlsx,Medicare_06-2024,false,51302,Medicare / Components of Benefits / Skilled Nursing Facilities,fiscal_year,2028,2028,2028,33,9
Medicare,Skilled Nursing Facilities,2029,33.0,Billions of dollars,51302-2024-06-medicare.xlsx,Medicare_06-2024,false,51302,Medicare / Components of Benefits / Skilled Nursing Facilities,fiscal_year,2029,2029,2029,33,10
Medicare,Skilled Nursing Facilities,2030,33.0,Billions of dollars,51302-2024-06-medicare.xlsx,Medicare_06-2024,false,51302,Medicare / Components of Benefits / Skilled Nursing Facilities,fiscal_year,2030,2030,2030,33,11
Medicare,Skilled Nursing Facilities,2031,34.0,Billions of dollars,51302-2024-06-medicare.xlsx,Medicare_06-2024,false,51302,Medicare / Components of Benefits / Skilled Nursing Facilities,fiscal_year,2031,2031,2031,33,12
Medicare,Skilled Nursing Facilities,2032,35.0,Billions of dollars,51302-2024-06-medicare.xlsx,Medicare_06-2024,false,51302,Medicare / Components of Benefits / Skilled Nursing Facilities,fiscal_year,2032,2032,2032,33,13
Medicare,Skilled Nursing Facilities,2033,37.0,Billions of dollars,51302-2024-06-medicare.xlsx,Medicare_06-2024,false,51302,Medicare / Components of Benefits / Skilled Nursing Facilities,fiscal_year,2033,2033,2033,33,14
Medicare,Skilled Nursing Facilities,2034,38.0,Billions of dollars,51302-2024-06-medicare.xlsx,Medicare_06-2024,false,51302,Medicare / Components of Benefits / Skilled Nursing Facilities,fiscal_year,2034,2034,2034,33,15
Medicare,Physician Fee Schedule,2023,71.0,Billions of dollars,51302-2024-06-medicare.xlsx,Medicare_06-2024,false,51302,Medicare / Components of Benefits / Physician Fee Schedule,fiscal_year,2023,2023,2023,34,4
Medicare,Physician Fee Schedule,2024,71.0,Billions of dollars,51302-2024-06-medicare.xlsx,Medicare_06-2024,false,51302,Medicare / Components of Benefits / Physician Fee Schedule,fiscal_year,2024,2024,2024,34,5
Medicare,Physician Fee Schedule,2025,69.0,Billions of dollars,51302-2024-06-medicare.xlsx,Medicare_06-2024,false,51302,Medicare / Components of Benefits / Physician Fee Schedule,fiscal_year,2025,2025,2025,34,6
Medicare,Physician Fee Schedule,2026,69.0,Billions of dollars,51302-2024-06-medicare.xlsx,Medicare_06-2024,false,51302,Medicare / Components of Benefits / Physician Fee Schedule,fiscal_year,2026,2026,2026,34,7
Medicare,Physician Fee Schedule,2027,70.0,Billions of dollars,51302-2024-06-medicare.xlsx,Medicare_06-2024,false,51302,Medicare / Components of Benefits / Physician Fee Schedule,fiscal_year,2027,2027,2027,34,8
Medicare,Physician Fee Schedule,2028,71.0,Billions of dollars,51302-2024-06-medicare.xlsx,Medicare_06-2024,false,51302,Medicare / Components of Benefits / Physician Fee Schedule,fiscal_year,2028,2028,2028,34,9
Medicare,Physician Fee Schedule,2029,73.0,Billions of dollars,51302-2024-06-medicare.xlsx,Medicare_06-2024,false,51302,Medicare / Components of Benefits / Physician Fee Schedule,fiscal_year,2029,2029,2029,34,10
Medicare,Physician Fee Schedule,2030,75.0,Billions of dollars,51302-2024-06-medicare.xlsx,Medicare_06-2024,false,51302,Medicare / Components of Benefits / Physician Fee Schedule,fiscal_year,2030,2030,2030,34,11
Medicare,Physician Fee Schedule,2031,78.0,Billions of dollars,51302-2024-06-medicare.xlsx,Medicare_06-2024,false,51302,Medicare / Components of Benefits / Physician Fee Schedule,fiscal_year,2031,2031,2031,34,12
Medicare,Physician Fee Schedule,2032,80.0,Billions of dollars,51302-2024-06-medicare.xlsx,Medicare_06-2024,false,51302,Medicare / Components of Benefits / Physician Fee Schedule,fiscal_year,2032,2032,2032,34,13
Medicare,Physician Fee Schedule,2033,84.0,Billions of dollars,51302-2024-06-medicare.xlsx,Medicare_06-2024,false,51302,Medicare / Components of Benefits / Physician Fee Schedule,fiscal_year,2033,2033,2033,34,14
Medicare,Physician Fee Schedule,2034,87.0,Billions of dollars,51302-2024-06-medicare.xlsx,Medicare_06-2024,false,51302,Medicare / Components of Benefits / Physician Fee Schedule,fiscal_year,2034,2034,2034,34,15
Medicare,Hospital Outpatient Services,2023,65.0,Billions of dollars,51302-2024-06-medicare.xlsx,Medicare_06-2024,false,51302,Medicare / Components of Benefits / Hospital Outpatient Services,fiscal_year,2023,2023,2023,35,4
Medicare,Hospital Outpatient Services,2024,68.0,Billions of dollars,51302-2024-06-medicare.xlsx,Medicare_06-2024,false,51302,Medicare / Components of Benefits / Hospital Outpatient Services,fiscal_year,2024,2024,2024,35,5
Medicare,Hospital Outpatient Services,2025,73.0,Billions of dollars,51302-2024-06-medicare.xlsx,Medicare_06-2024,false,51302,Medicare / Components of Benefits / Hospital Outpatient Services,fiscal_year,2025,2025,2025,35,6
Medicare,Hospital Outpatient Services,2026,79.0,Billions of dollars,51302-2024-06-medicare.xlsx,Medicare_06-2024,false,51302,Medicare / Components of Benefits / Hospital Outpatient Services,fiscal_year,2026,2026,2026,35,7
Medicare,Hospital Outpatient Services,2027,86.0,Billions of dollars,51302-2024-06-medicare.xlsx,Medicare_06-2024,false,51302,Medicare / Components of Benefits / Hospital Outpatient Services,fiscal_year,2027,2027,2027,35,8
Medicare,Hospital Outpatient Services,2028,92.0,Billions of dollars,51302-2024-06-medicare.xlsx,Medicare_06-2024,false,51302,Medicare / Components of Benefits / Hospital Outpatient Services,fiscal_year,2028,2028,2028,35,9
Medicare,Hospital Outpatient Services,2029,100.0,Billions of dollars,51302-2024-06-medicare.xlsx,Medicare_06-2024,false,51302,Medicare / Components of Benefits / Hospital Outpatient Services,fiscal_year,2029,2029,2029,35,10
Medicare,Hospital Outpatient Services,2030,109.0,Billions of dollars,51302-2024-06-medicare.xlsx,Medicare_06-2024,false,51302,Medicare / Components of Benefits / Hospital Outpatient Services,fiscal_year,2030,2030,2030,35,11
Medicare,Hospital Outpatient Services,2031,119.0,Billions of dollars,51302-2024-06-medicare.xlsx,Medicare_06-2024,false,51302,Medicare / Components of Benefits / Hospital Outpatient Services,fiscal_year,2031,2031,2031,35,12
Medicare,Hospital Outpatient Services,2032,131.0,Billions of dollars,51302-2024-06-medicare.xlsx,Medicare_06-2024,false,51302,Medicare / Components of Benefits / Hospital Outpatient Services,fiscal_year,2032,2032,2032,35,13
Medicare,Hospital Outpatient Services,2033,145.0,Billions of dollars,51302-2024-06-medicare.xlsx,Medicare_06-2024,false,51302,Medicare / Components of Benefits / Hospital Outpatient Services,fiscal_year,2033,2033,2033,35,14
Medicare,Hospital Outpatient Services,2034,161.0,Billions of dollars,51302-2024-06-medicare.xlsx,Medicare_06-2024,false,51302,Medicare / Components of Benefits / Hospital Outpatient Services,fiscal_year,2034,2034,2034,35,15
Medicare,Home Health Agencies,2023,16.0,Billions of dollars,51302-2024-06-medicare.xlsx,Medicare_06-2024,false,51302,Medicare / Components of Benefits / Home Health Agencies,fiscal_year,2023,2023,2023,36,4
Medicare,Home Health Agencies,2024,16.0,Billions of dollars,51302-2024-06-medicare.xlsx,Medicare_06-2024,false,51302,Medicare / Components of Benefits / Home Health Agencies,fiscal_year,2024,2024,2024,36,5
Medicare,Home Health Agencies,2025,15.0,Billions of dollars,51302-2024-06-medicare.xlsx,Medicare_06-2024,false,51302,Medicare / Components of Benefits / Home Health Agencies,fiscal_year,2025,2025,2025,36,6
Medicare,Home Health Agencies,2026,16.0,Billions of dollars,51302-2024-06-medicare.xlsx,Medicare_06-2024,false,51302,Medicare / Components of Benefits / Home Health Agencies,fiscal_year,2026,2026,2026,36,7
Medicare,Home Health Agencies,2027,16.0,Billions of dollars,51302-2024-06-medicare.xlsx,Medicare_06-2024,false,51302,Medicare / Components of Benefits / Home Health Agencies,fiscal_year,2027,2027,2027,36,8
Medicare,Home Health Agencies,2028,17.0,Billions of dollars,51302-2024-06-medicare.xlsx,Medicare_06-2024,false,51302,Medicare / Components of Benefits / Home Health Agencies,fiscal_year,2028,2028,2028,36,9
Medicare,Home Health Agencies,2029,17.0,Billions of dollars,51302-2024-06-medicare.xlsx,Medicare_06-2024,false,51302,Medicare / Components of Benefits / Home Health Agencies,fiscal_year,2029,2029,2029,36,10
Medicare,Home Health Agencies,2030,19.0,Billions of dollars,51302-2024-06-medicare.xlsx,Medicare_06-2024,false,51302,Medicare / Components of Benefits / Home Health Agencies,fiscal_year,2030,2030,2030,36,11
Medicare,Home Health Agencies,2031,20.0,Billions of dollars,51302-2024-06-medicare.xlsx,Medicare_06-2024,false,51302,Medicare / Components of Benefits / Home Health Agencies,fiscal_year,2031,2031,2031,36,12
Medicare,Home Health Agencies,2032,20.0,Billions of dollars,51302-2024-06-medicare.xlsx,Medicare_06-2024,false,51302,Medicare / Components of Benefits / Home Health Agencies,fiscal_year,2032,2032,2032,36,13
Medicare,Home Health Agencies,2033,22.0,Billions of dollars,51302-2024-06-medicare.xlsx,Medicare_06-2024,false,51302,Medicare / Components of Benefits / Home Health Agencies,fiscal_year,2033,2033,2033,36,14
Medicare,Home Health Agencies,2034,23.0,Billions of dollars,51302-2024-06-medicare.xlsx,Medicare_06-2024,false,51302,Medicare / Components of Benefits / Home Health Agencies,fiscal_year,2034,2034,2034,36,15
Medicare,Group Plans (Includes Medicare Advantage),2023,455.0,Billions of dollars,51302-2024-06-medicare.xlsx,Medicare_06-2024,false,51302,Medicare / Components of Benefits / Group Plans (Includes Medicare Advantage),fiscal_year,2023,2023,2023,37,4
Medicare,Group Plans (Includes Medicare Advantage),2024,462.0,Billions of dollars,51302-2024-06-medicare.xlsx,Medicare_06-2024,false,51302,Medicare / Components of Benefits / Group Plans (Includes Medicare Advantage),fiscal_year,2024,2024,2024,37,5
Medicare,Group Plans (Includes Medicare Advantage),2025,540.0,Billions of dollars,51302-2024-06-medicare.xlsx,Medicare_06-2024,false,51302,Medicare / Components of Benefits / Group Plans (Includes Medicare Advantage),fiscal_year,2025,2025,2025,37,6
Medicare,Group Plans (Includes Medicare Advantage),2026,591.0,Billions of dollars,51302-2024-06-medicare.xlsx,Medicare_06-2024,false,51302,Medicare / Components of Benefits / Group Plans (Includes Medicare Advantage),fiscal_year,2026,2026,2026,37,7
Medicare,Group Plans (Includes Medicare Advantage),2027,647.0,Billions of dollars,51302-2024-06-medicare.xlsx,Medicare_06-2024,false,51302,Medicare / Components of Benefits / Group Plans (Includes Medicare Advantage),fiscal_year,2027,2027,2027,37,8
Medicare,Group Plans (Includes Medicare Advantage),2028,769.0,Billions of dollars,51302-2024-06-medicare.xlsx,Medicare_06-2024,false,51302,Medicare / Components of Benefits / Group Plans (Includes Medicare Advantage),fiscal_year,2028,2028,2028,37,9
Medicare,Group Plans (Includes Medicare Advantage),2029,703.0,Billions of dollars,51302-2024-06-medicare.xlsx,Medicare_06-2024,false,51302,Medicare / Components of Benefits / Group Plans (Includes Medicare Advantage),fiscal_year,2029,2029,2029,37,10
Medicare,Group Plans (Includes Medicare Advantage),2030,835.0,Billions of dollars,51302-2024-06-medicare.xlsx,Medicare_06-2024,false,51302,Medicare / Components of Benefits / Group Plans (Includes Medicare Advantage),fiscal_year,2030,2030,2030,37,11
Medicare,Group Plans (Includes Medicare Advantage),2031,907.0,Billions of dollars,51302-2024-06-medicare.xlsx,Medicare_06-2024,false,51302,Medicare / Components of Benefits / Group Plans (Includes Medicare Advantage),fiscal_year,2031,2031,2031,37,12
Medicare,Group Plans (Includes Medicare Advantage),2032,983.0,Billions of dollars,51302-2024-06-medicare.xlsx,Medicare_06-2024,false,51302,Medicare / Components of Benefits / Group Plans (Includes Medicare Advantage),fiscal_year,2032,2032,2032,37,13
Medicare,Group Plans (Includes Medicare Advantage),2033,1170.0,Billions of dollars,51302-2024-06-medicare.xlsx,Medicare_06-2024,false,51302,Medicare / Components of Benefits / Group Plans (Includes Medicare Advantage),fiscal_year,2033,2033,2033,37,14
Medicare,Group Plans (Includes Medicare Advantage),2034,1171.0,Billions of dollars,51302-2024-06-medicare.xlsx,Medicare_06-2024,false,51302,Medicare / Components of Benefits / Group Plans (Includes Medicare Advantage),fiscal_year,2034,2034,2034,37,15
Medicare,Part Dd,2023,116.0,Billions of dollars,51302-2024-06-medicare.xlsx,Medicare_06-2024,false,51302,Medicare / Components of Benefits / Part Dd,fiscal_year,2023,2023,2023,38,4
Medicare,Part Dd,2024,115.0,Billions of dollars,51302-2024-06-medicare.xlsx,Medicare_06-2024,false,51302,Medicare / Components of Benefits / Part Dd,fiscal_year,2024,2024,2024,38,5
Medicare,Part Dd,2025,137.0,Billions of dollars,51302-2024-06-medicare.xlsx,Medicare_06-2024,false,51302,Medicare / Components of Benefits / Part Dd,fiscal_year,2025,2025,2025,38,6
Medicare,Part Dd,2026,143.0,Billions of dollars,51302-2024-06-medicare.xlsx,Medicare_06-2024,false,51302,Medicare / Components of Benefits / Part Dd,fiscal_year,2026,2026,2026,38,7
Medicare,Part Dd,2027,151.0,Billions of dollars,51302-2024-06-medicare.xlsx,Medicare_06-2024,false,51302,Medicare / Components of Benefits / Part Dd,fiscal_year,2027,2027,2027,38,8
Medicare,Part Dd,2028,174.0,Billions of dollars,51302-2024-06-medicare.xlsx,Medicare_06-2024,false,51302,Medicare / Components of Benefits / Part Dd,fiscal_year,2028,2028,2028,38,9
Medicare,Part Dd,2029,157.0,Billions of dollars,51302-2024-06-medicare.xlsx,Medicare_06-2024,false,51302,Medicare / Components of Benefits / Part Dd,fiscal_year,2029,2029,2029,38,10
Medicare,Part Dd,2030,181.0,Billions of dollars,51302-2024-06-medicare.xlsx,Medicare_06-2024,false,51302,Medicare / Components of Benefits / Part Dd,fiscal_year,2030,2030,2030,38,11
Medicare,Part Dd,2031,194.0,Billions of dollars,51302-2024-06-medicare.xlsx,Medicare_06-2024,false,51302,Medicare / Components of Benefits / Part Dd,fiscal_year,2031,2031,2031,38,12
Medicare,Part Dd,2032,208.0,Billions of dollars,51302-2024-06-medicare.xlsx,Medicare_06-2024,false,51302,Medicare / Components of Benefits / Part Dd,fiscal_year,2032,2032,2032,38,13
Medicare,Part Dd,2033,246.0,Billions of dollars,51302-2024-06-medicare.xlsx,Medicare_06-2024,false,51302,Medicare / Components of Benefits / Part Dd,fiscal_year,2033,2033,2033,38,14
Medicare,Part Dd,2034,245.0,Billions of dollars,51302-2024-06-medicare.xlsx,Medicare_06-2024,false,51302,Medicare / Components of Benefits / Part Dd,fiscal_year,2034,2034,2034,38,15
Medicare,Other Servicese,2023,116.0,Billions of dollars,51302-2024-06-medicare.xlsx,Medicare_06-2024,false,51302,Medicare / Components of Benefits / Other Servicese,fiscal_year,2023,2023,2023,39,4
Medicare,Other Servicese,2024,130.0,Billions of dollars,51302-2024-06-medicare.xlsx,Medicare_06-2024,false,51302,Medicare / Components of Benefits / Other Servicese,fiscal_year,2024,2024,2024,39,5
Medicare,Other Servicese,2025,126.0,Billions of dollars,51302-2024-06-medicare.xlsx,Medicare_06-2024,false,51302,Medicare / Components of Benefits / Other Servicese,fiscal_year,2025,2025,2025,39,6
Medicare,Other Servicese,2026,129.0,Billions of dollars,51302-2024-06-medicare.xlsx,Medicare_06-2024,false,51302,Medicare / Components of Benefits / Other Servicese,fiscal_year,2026,2026,2026,39,7
Medicare,Other Servicese,2027,139.0,Billions of dollars,51302-2024-06-medicare.xlsx,Medicare_06-2024,false,51302,Medicare / Components of Benefits / Other Servicese,fiscal_year,2027,2027,2027,39,8
Medicare,Other Servicese,2028,146.0,Billions of dollars,51302-2024-06-medicare.xlsx,Medicare_06-2024,false,51302,Medicare / Components of Benefits / Other Servicese,fiscal_year,2028,2028,2028,39,9
Medicare,Other Servicese,2029,152.0,Billions of dollars,51302-2024-06-medicare.xlsx,Medicare_06-2024,false,51302,Medicare / Components of Benefits / Other Servicese,fiscal_year,2029,2029,2029,39,10
Medicare,Other Servicese,2030,163.0,Billions of dollars,51302-2024-06-medicare.xlsx,Medicare_06-2024,false,51302,Medicare / Components of Benefits / Other Servicese,fiscal_year,2030,2030,2030,39,11
Medicare,Other Servicese,2031,173.0,Billions of dollars,51302-2024-06-medicare.xlsx,Medicare_06-2024,false,51302,Medicare / Components of Benefits / Other Servicese,fiscal_year,2031,2031,2031,39,12
Medicare,Other Servicese,2032,185.0,Billions of dollars,51302-2024-06-medicare.xlsx,Medicare_06-2024,false,51302,Medicare / Components of Benefits / Other Servicese,fiscal_year,2032,2032,2032,39,13
Medicare,Other Servicese,2033,199.0,Billions of dollars,51302-2024-06-medicare.xlsx,Medicare_06-2024,false,51302,Medicare / Components of Benefits / Other Servicese,fiscal_year,2033,2033,2033,39,14
Medicare,Other Servicese,2034,214.0,Billions of dollars,51302-2024-06-medicare.xlsx,Medicare_06-2024,false,51302,Medicare / Components of Benefits / Other Servicese,fiscal_year,2034,2034,2034,39,15
Medicare,Total Benefits,2023,1013.0,Billions of dollars,51302-2024-06-medicare.xlsx,Medicare_06-2024,true,51302,Medicare / Components of Benefits / Total Benefits,fiscal_year,2023,2023,2023,40,4
Medicare,Total Benefits,2024,1041.0,Billions of dollars,51302-2024-06-medicare.xlsx,Medicare_06-2024,true,51302,Medicare / Components of Benefits / Total Benefits,fiscal_year,2024,2024,2024,40,5
Medicare,Total Benefits,2025,1142.0,Billions of dollars,51302-2024-06-medicare.xlsx,Medicare_06-2024,true,51302,Medicare / Components of Benefits / Total Benefits,fiscal_year,2025,2025,2025,40,6
Medicare,Total Benefits,2026,1216.0,Billions of dollars,51302-2024-06-medicare.xlsx,Medicare_06-2024,true,51302,Medicare / Components of Benefits / Total Benefits,fiscal_year,2026,2026,2026,40,7
Medicare,Total Benefits,2027,1304.0,Billions of dollars,51302-2024-06-medicare.xlsx,Medicare_06-2024,true,51302,Medicare / Components of Benefits / Total Benefits,fiscal_year,2027,2027,2027,40,8
Medicare,Total Benefits,2028,1471.0,Billions of dollars,51302-2024-06-medicare.xlsx,Medicare_06-2024,true,51302,Medicare / Components of Benefits / Total Benefits,fiscal_year,2028,2028,2028,40,9
Medicare,Total Benefits,2029,1411.0,Billions of dollars,51302-2024-06-medicare.xlsx,Medicare_06-2024,true,51302,Medicare / Components of Benefits / Total Benefits,fiscal_year,2029,2029,2029,40,10
Medicare,Total Benefits,2030,1598.0,Billions of dollars,51302-2024-06-medicare.xlsx,Medicare_06-2024,true,51302,Medicare / Components of Benefits / Total Benefits,fiscal_year,2030,2030,2030,40,11
Medicare,Total Benefits,2031,1715.0,Billions of dollars,51302-2024-06-medicare.xlsx,Medicare_06-2024,true,51302,Medicare / Components of Benefits / Total Benefits,fiscal_year,2031,2031,2031,40,12
Medicare,Total Benefits,2032,1839.0,Billions of dollars,51302-2024-06-medicare.xlsx,Medicare_06-2024,true,51302,Medicare / Components of Benefits / Total Benefits,fiscal_year,2032,2032,2032,40,13
Medicare,Total Benefits,2033,2111.0,Billions of dollars,51302-2024-06-medicare.xlsx,Medicare_06-2024,true,51302,Medicare / Components of Benefits / Total Benefits,fiscal_year,2033,2033,2033,40,14
Medicare,Total Benefits,2034,2156.0,Billions of dollars,51302-2024-06-medicare.xlsx,Medicare_06-2024,true,51302,Medicare / Components of Benefits / Total Benefits,fiscal_year,2034,2034,2034,40,15
Medicare,Part A Premiums,2023,-5.0,Billions of dollars,51302-2024-06-medicare.xlsx,Medicare_06-2024,false,51302,Medicare / Components of Offsetting Receipts / Part A Premiums,fiscal_year,2023,2023,2023,43,4
Medicare,Part A Premiums,2024,-5.0,Billions of dollars,51302-2024-06-medicare.xlsx,Medicare_06-2024,false,51302,Medicare / Components of Offsetting Receipts / Part A Premiums,fiscal_year,2024,2024,2024,43,5
Medicare,Part A Premiums,2025,-5.0,Billions of dollars,51302-2024-06-medicare.xlsx,Medicare_06-2024,false,51302,Medicare / Components of Offsetting Receipts / Part A Premiums,fiscal_year,2025,2025,2025,43,6
Medicare,Part A Premiums,2026,-5.0,Billions of dollars,51302-2024-06-medicare.xlsx,Medicare_06-2024,false,51302,Medicare / Components of Offsetting Receipts / Part A Premiums,fiscal_year,2026,2026,2026,43,7
Medicare,Part A Premiums,2027,-6.0,Billions of dollars,51302-2024-06-medicare.xlsx,Medicare_06-2024,false,51302,Medicare / Components of Offsetting Receipts / Part A Premiums,fiscal_year,2027,2027,2027,43,8
Medicare,Part A Premiums,2028,-6.0,Billions of dollars,51302-2024-06-medicare.xlsx,Medicare_06-2024,false,51302,Medicare / Components of Offsetting Receipts / Part A Premiums,fiscal_year,2028,2028,2028,43,9
Medicare,Part A Premiums,2029,-6.0,Billions of dollars,51302-2024-06-medicare.xlsx,Medicare_06-2024,false,51302,Medicare / Components of Offsetting Receipts / Part A Premiums,fiscal_year,2029,2029,2029,43,10
Medicare,Part A Premiums,2030,-7.0,Billions of dollars,51302-2024-06-medicare.xlsx,Medicare_06-2024,false,51302,Medicare / Components of Offsetting Receipts / Part A Premiums,fiscal_year,2030,2030,2030,43,11
Medicare,Part A Premiums,2031,-7.0,Billions of dollars,51302-2024-06-medicare.xlsx,Medicare_06-2024,false,51302,Medicare / Components of Offsetting Receipts / Part A Premiums,fiscal_year,2031,2031,2031,43,12
Medicare,Part A Premiums,2032,-8.0,Billions of dollars,51302-2024-06-medicare.xlsx,Medicare_06-2024,false,51302,Medicare / Components of Offsetting Receipts / Part A Premiums,fiscal_year,2032,2032,2032,43,13
Medicare,Part A Premiums,2033,-8.0,Billions of dollars,51302-2024-06-medicare.xlsx,Medicare_06-2024,false,51302,Medicare / Components of Offsetting Receipts / Part A Premiums,fiscal_year,2033,2033,2033,43,14
Medicare,Part A Premiums,2034,-9.0,Billions of dollars,51302-2024-06-medicare.xlsx,Medicare_06-2024,false,51302,Medicare / Components of Offsetting Receipts / Part A Premiums,fiscal_year,2034,2034,2034,43,15
Medicare,Part B Premiums and Inflation Rebate Collectionsf,2023,-131.0,Billions of dollars,51302-2024-06-medicare.xlsx,Medicare_06-2024,false,51302,Medicare / Components of Offsetting Receipts / Part B Premiums and Inflation Rebate Collectionsf,fiscal_year,2023,2023,2023,44,4
Medicare,Part B Premiums and Inflation Rebate Collectionsf,2024,-142.0,Billions of dollars,51302-2024-06-medicare.xlsx,Medicare_06-2024,false,51302,Medicare / Components of Offsetting Receipts / Part B Premiums and Inflation Rebate Collectionsf,fiscal_year,2024,2024,2024,44,5
Medicare,Part B Premiums and Inflation Rebate Collectionsf,2025,-154.0,Billions of dollars,51302-2024-06-medicare.xlsx,Medicare_06-2024,false,51302,Medicare / Components of Offsetting Receipts / Part B Premiums and Inflation Rebate Collectionsf,fiscal_year,2025,2025,2025,44,6
Medicare,Part B Premiums and Inflation Rebate Collectionsf,2026,-167.0,Billions of dollars,51302-2024-06-medicare.xlsx,Medicare_06-2024,false,51302,Medicare / Components of Offsetting Receipts / Part B Premiums and Inflation Rebate Collectionsf,fiscal_year,2026,2026,2026,44,7
Medicare,Part B Premiums and Inflation Rebate Collectionsf,2027,-182.0,Billions of dollars,51302-2024-06-medicare.xlsx,Medicare_06-2024,false,51302,Medicare / Components of Offsetting Receipts / Part B Premiums and Inflation Rebate Collectionsf,fiscal_year,2027,2027,2027,44,8
Medicare,Part B Premiums and Inflation Rebate Collectionsf,2028,-197.0,Billions of dollars,51302-2024-06-medicare.xlsx,Medicare_06-2024,false,51302,Medicare / Components of Offsetting Receipts / Part B Premiums and Inflation Rebate Collectionsf,fiscal_year,2028,2028,2028,44,9
Medicare,Part B Premiums and Inflation Rebate Collectionsf,2029,-212.0,Billions of dollars,51302-2024-06-medicare.xlsx,Medicare_06-2024,false,51302,Medicare / Components of Offsetting Receipts / Part B Premiums and Inflation Rebate Collectionsf,fiscal_year,2029,2029,2029,44,10
Medicare,Part B Premiums and Inflation Rebate Collectionsf,2030,-232.0,Billions of dollars,51302-2024-06-medicare.xlsx,Medicare_06-2024,false,51302,Medicare / Components of Offsetting Receipts / Part B Premiums and Inflation Rebate Collectionsf,fiscal_year,2030,2030,2030,44,11
Medicare,Part B Premiums and Inflation Rebate Collectionsf,2031,-252.0,Billions of dollars,51302-2024-06-medicare.xlsx,Medicare_06-2024,false,51302,Medicare / Components of Offsetting Receipts / Part B Premiums and Inflation Rebate Collectionsf,fiscal_year,2031,2031,2031,44,12
Medicare,Part B Premiums and Inflation Rebate Collectionsf,2032,-275.0,Billions of dollars,51302-2024-06-medicare.xlsx,Medicare_06-2024,false,51302,Medicare / Components of Offsetting Receipts / Part B Premiums and Inflation Rebate Collectionsf,fiscal_year,2032,2032,2032,44,13
Medicare,Part B Premiums and Inflation Rebate Collectionsf,2033,-301.0,Billions of dollars,51302-2024-06-medicare.xlsx,Medicare_06-2024,false,51302,Medicare / Components of Offsetting Receipts / Part B Premiums and Inflation Rebate Collectionsf,fiscal_year,2033,2033,2033,44,14
Medicare,Part B Premiums and Inflation Rebate Collectionsf,2034,-324.0,Billions of dollars,51302-2024-06-medicare.xlsx,Medicare_06-2024,false,51302,Medicare / Components of Offsetting Receipts / Part B Premiums and Inflation Rebate Collectionsf,fiscal_year,2034,2034,2034,44,15
Medicare,Part D Premiums and Inflation Rebate Collectionsg,2023,-6.0,Billions of dollars,51302-2024-06-medicare.xlsx,Medicare_06-2024,false,51302,Medicare / Components of Offsetting Receipts / Part D Premiums and Inflation Rebate Collectionsg,fiscal_year,2023,2023,2023,45,4
Medicare,Part D Premiums and Inflation Rebate Collectionsg,2024,-6.0,Billions of dollars,51302-2024-06-medicare.xlsx,Medicare_06-2024,false,51302,Medicare / Components of Offsetting Receipts / Part D Premiums and Inflation Rebate Collectionsg,fiscal_year,2024,2024,2024,45,5
Medicare,Part D Premiums and Inflation Rebate Collectionsg,2025,-16.0,Billions of dollars,51302-2024-06-medicare.xlsx,Medicare_06-2024,false,51302,Medicare / Components of Offsetting Receipts / Part D Premiums and Inflation Rebate Collectionsg,fiscal_year,2025,2025,2025,45,6
Medicare,Part D Premiums and Inflation Rebate Collectionsg,2026,-11.0,Billions of dollars,51302-2024-06-medicare.xlsx,Medicare_06-2024,false,51302,Medicare / Components of Offsetting Receipts / Part D Premiums and Inflation Rebate Collectionsg,fiscal_year,2026,2026,2026,45,7
Medicare,Part D Premiums and Inflation Rebate Collectionsg,2027,-12.0,Billions of dollars,51302-2024-06-medicare.xlsx,Medicare_06-2024,false,51302,Medicare / Components of Offsetting Receipts / Part D Premiums and Inflation Rebate Collectionsg,fiscal_year,2027,2027,2027,45,8
Medicare,Part D Premiums and Inflation Rebate Collectionsg,2028,-14.0,Billions of dollars,51302-2024-06-medicare.xlsx,Medicare_06-2024,false,51302,Medicare / Components of Offsetting Receipts / Part D Premiums and Inflation Rebate Collectionsg,fiscal_year,2028,2028,2028,45,9
Medicare,Part D Premiums and Inflation Rebate Collectionsg,2029,-15.0,Billions of dollars,51302-2024-06-medicare.xlsx,Medicare_06-2024,false,51302,Medicare / Components of Offsetting Receipts / Part D Premiums and Inflation Rebate Collectionsg,fiscal_year,2029,2029,2029,45,10
Medicare,Part D Premiums and Inflation Rebate Collectionsg,2030,-17.0,Billions of dollars,51302-2024-06-medicare.xlsx,Medicare_06-2024,false,51302,Medicare / Components of Offsetting Receipts / Part D Premiums and Inflation Rebate Collectionsg,fiscal_year,2030,2030,2030,45,11
Medicare,Part D Premiums and Inflation Rebate Collectionsg,2031,-19.0,Billions of dollars,51302-2024-06-medicare.xlsx,Medicare_06-2024,false,51302,Medicare / Components of Offsetting Receipts / Part D Premiums and Inflation Rebate Collectionsg,fiscal_year,2031,2031,2031,45,12
Medicare,Part D Premiums and Inflation Rebate Collectionsg,2032,-20.0,Billions of dollars,51302-2024-06-medicare.xlsx,Medicare_06-2024,false,51302,Medicare / Components of Offsetting Receipts / Part D Premiums and Inflation Rebate Collectionsg,fiscal_year,2032,2032,2032,45,13
Medicare,Part D Premiums and Inflation Rebate Collectionsg,2033,-22.0,Billions of dollars,51302-2024-06-medicare.xlsx,Medicare_06-2024,false,51302,Medicare / Components of Offsetting Receipts / Part D Premiums and Inflation Rebate Collectionsg,fiscal_year,2033,2033,2033,45,14
Medicare,Part D Premiums and Inflation Rebate Collectionsg,2034,-23.0,Billions of dollars,51302-2024-06-medicare.xlsx,Medicare_06-2024,false,51302,Medicare / Components of Offsetting Receipts / Part D Premiums and Inflation Rebate Collectionsg,fiscal_year,2034,2034,2034,45,15
Medicare,Part D Payments by States,2023,-15.0,Billions of dollars,51302-2024-06-medicare.xlsx,Medicare_06-2024,false,51302,Medicare / Components of Offsetting Receipts / Part D Payments by States,fiscal_year,2023,2023,2023,46,4
Medicare,Part D Payments by States,2024,-18.0,Billions of dollars,51302-2024-06-medicare.xlsx,Medicare_06-2024,false,51302,Medicare / Components of Offsetting Receipts / Part D Payments by States,fiscal_year,2024,2024,2024,46,5
Medicare,Part D Payments by States,2025,-20.0,Billions of dollars,51302-2024-06-medicare.xlsx,Medicare_06-2024,false,51302,Medicare / Components of Offsetting Receipts / Part D Payments by States,fiscal_year,2025,2025,2025,46,6
Medicare,Part D Payments by States,2026,-22.0,Billions of dollars,51302-2024-06-medicare.xlsx,Medicare_06-2024,false,51302,Medicare / Components of Offsetting Receipts / Part D Payments by States,fiscal_year,2026,2026,2026,46,7
Medicare,Part D Payments by States,2027,-23.0,Billions of dollars,51302-2024-06-medicare.xlsx,Medicare_06-2024,false,51302,Medicare / Components of Offsetting Receipts / Part D Payments by States,fiscal_year,2027,2027,2027,46,8
Medicare,Part D Payments by States,2028,-25.0,Billions of dollars,51302-2024-06-medicare.xlsx,Medicare_06-2024,false,51302,Medicare / Components of Offsetting Receipts / Part D Payments by States,fiscal_year,2028,2028,2028,46,9
Medicare,Part D Payments by States,2029,-27.0,Billions of dollars,51302-2024-06-medicare.xlsx,Medicare_06-2024,false,51302,Medicare / Components of Offsetting Receipts / Part D Payments by States,fiscal_year,2029,2029,2029,46,10
Medicare,Part D Payments by States,2030,-29.0,Billions of dollars,51302-2024-06-medicare.xlsx,Medicare_06-2024,false,51302,Medicare / Components of Offsetting Receipts / Part D Payments by States,fiscal_year,2030,2030,2030,46,11
Medicare,Part D Payments by States,2031,-31.0,Billions of dollars,51302-2024-06-medicare.xlsx,Medicare_06-2024,false,51302,Medicare / Components of Offsetting Receipts / Part D Payments by States,fiscal_year,2031,2031,2031,46,12
Medicare,Part D Payments by States,2032,-33.0,Billions of dollars,51302-2024-06-medicare.xlsx,Medicare_06-2024,false,51302,Medicare / Components of Offsetting Receipts / Part D Payments by States,fiscal_year,2032,2032,2032,46,13
Medicare,Part D Payments by States,2033,-35.0,Billions of dollars,51302-2024-06-medicare.xlsx,Medicare_06-2024,false,51302,Medicare / Components of Offsetting Receipts / Part D Payments by States,fiscal_year,2033,2033,2033,46,14
Medicare,Part D Payments by States,2034,-38.0,Billions of dollars,51302-2024-06-medicare.xlsx,Medicare_06-2024,false,51302,Medicare / Components of Offsetting Receipts / Part D Payments by States,fiscal_year,2034,2034,2034,46,15
Medicare,"Payments Recovered from Providersh,i",2023,-20.0,Billions of dollars,51302-2024-06-medicare.xlsx,Medicare_06-2024,false,51302,"Medicare / Components of Offsetting Receipts / Payments Recovered from Providersh,i",fiscal_year,2023,2023,2023,47,4
Medicare,"Payments Recovered from Providersh,i",2024,-15.0,Billions of dollars,51302-2024-06-medicare.xlsx,Medicare_06-2024,false,51302,"Medicare / Components of Offsetting Receipts / Payments Recovered from Providersh,i",fiscal_year,2024,2024,2024,47,5
Medicare,"Payments Recovered from Providersh,i",2025,-15.0,Billions of dollars,51302-2024-06-medicare.xlsx,Medicare_06-2024,false,51302,"Medicare / Components of Offsetting Receipts / Payments Recovered from Providersh,i",fiscal_year,2025,2025,2025,47,6
Medicare,"Payments Recovered from Providersh,i",2026,-16.0,Billions of dollars,51302-2024-06-medicare.xlsx,Medicare_06-2024,false,51302,"Medicare / Components of Offsetting Receipts / Payments Recovered from Providersh,i",fiscal_year,2026,2026,2026,47,7
Medicare,"Payments Recovered from Providersh,i",2027,-16.0,Billions of dollars,51302-2024-06-medicare.xlsx,Medicare_06-2024,false,51302,"Medicare / Components of Offsetting Receipts / Payments Recovered from Providersh,i",fiscal_year,2027,2027,2027,47,8
Medicare,"Payments Recovered from Providersh,i",2028,-17.0,Billions of dollars,51302-2024-06-medicare.xlsx,Medicare_06-2024,false,51302,"Medicare / Components of Offsetting Receipts / Payments Recovered from Providersh,i",fiscal_year,2028,2028,2028,47,9
Medicare,"Payments Recovered from Providersh,i",2029,-17.0,Billions of dollars,51302-2024-06-medicare.xlsx,Medicare_06-2024,false,51302,"Medicare / Components of Offsetting Receipts / Payments Recovered from Providersh,i",fiscal_year,2029,2029,2029,47,10
Medicare,"Payments Recovered from Providersh,i",2030,-18.0,Billions of dollars,51302-2024-06-medicare.xlsx,Medicare_06-2024,false,51302,"Medicare / Components of Offsetting Receipts / Payments Recovered from Providersh,i",fiscal_year,2030,2030,2030,47,11
Medicare,"Payments Recovered from Providersh,i",2031,-18.0,Billions of dollars,51302-2024-06-medicare.xlsx,Medicare_06-2024,false,51302,"Medicare / Components of Offsetting Receipts / Payments Recovered from Providersh,i",fiscal_year,2031,2031,2031,47,12
Medicare,"Payments Recovered from Providersh,i",2032,-19.0,Billions of dollars,51302-2024-06-medicare.xlsx,Medicare_06-2024,false,51302,"Medicare / Components of Offsetting Receipts / Payments Recovered from Providersh,i",fiscal_year,2032,2032,2032,47,13
Medicare,"Payments Recovered from Providersh,i",2033,-20.0,Billions of dollars,51302-2024-06-medicare.xlsx,Medicare_06-2024,false,51302,"Medicare / Components of Offsetting Receipts / Payments Recovered from Providersh,i",fiscal_year,2033,2033,2033,47,14
Medicare,"Payments Recovered from Providersh,i",2034,-20.0,Billions of dollars,51302-2024-06-medicare.xlsx,Medicare_06-2024,false,51302,"Medicare / Components of Offsetting Receipts / Payments Recovered from Providersh,i",fiscal_year,2034,2034,2034,47,15
Medicare,Total,2023,-177.0,Billions of dollars,51302-2024-06-medicare.xlsx,Medicare_06-2024,true,51302,Medicare / Components of Offsetting Receipts / Total,fiscal_year,2023,2023,2023,48,4
Medicare,Total,2024,-185.0,Billions of dollars,51302-2024-06-medicare.xlsx,Medicare_06-2024,true,51302,Medicare / Components of Offsetting Receipts / Total,fiscal_year,2024,2024,2024,48,5
Medicare,Total,2025,-210.0,Billions of dollars,51302-2024-06-medicare.xlsx,Medicare_06-2024,true,51302,Medicare / Components of Offsetting Receipts / Total,fiscal_year,2025,2025,2025,48,6
Medicare,Total,2026,-221.0,Billions of dollars,51302-2024-06-medicare.xlsx,Medicare_06-2024,true,51302,Medicare / Components of Offsetting Receipts / Total,fiscal_year,2026,2026,2026,48,7
Medicare,Total,2027,-239.0,Billions of dollars,51302-2024-06-medicare.xlsx,Medicare_06-2024,true,51302,Medicare / Components of Offsetting Receipts / Total,fiscal_year,2027,2027,2027,48,8
Medicare,Total,2028,-258.0,Billions of dollars,51302-2024-06-medicare.xlsx,Medicare_06-2024,true,51302,Medicare / Components of Offsetting Receipts / Total,fiscal_year,2028,2028,2028,48,9
Medicare,Total,2029,-278.0,Billions of dollars,51302-2024-06-medicare.xlsx,Medicare_06-2024,true,51302,Medicare / Components of Offsetting Receipts / Total,fiscal_year,2029,2029,2029,48,10
Medicare,Total,2030,-302.0,Billions of dollars,51302-2024-06-medicare.xlsx,Medicare_06-2024,true,51302,Medicare / Components of Offsetting Receipts / Total,fiscal_year,2030,2030,2030,48,11
Medicare,Total,2031,-327.0,Billions of dollars,51302-2024-06-medicare.xlsx,Medicare_06-2024,true,51302,Medicare / Components of Offsetting Receipts / Total,fiscal_year,2031,2031,2031,48,12
Medicare,Total,2032,-354.0,Billions of dollars,51302-2024-06-medicare.xlsx,Medicare_06-2024,true,51302,Medicare / Components of Offsetting Receipts / Total,fiscal_year,2032,2032,2032,48,13
Medicare,Total,2033,-386.0,Billions of dollars,51302-2024-06-medicare.xlsx,Medicare_06-2024,true,51302,Medicare / Components of Offsetting Receipts / Total,fiscal_year,2033,2033,2033,48,14
Medicare,Total,2034,-414.0,Billions of dollars,51302-2024-06-medicare.xlsx,Medicare_06-2024,true,51302,Medicare / Components of Offsetting Receipts / Total,fiscal_year,2034,2034,2034,48,15
Medicare,Capitation Payments (Number per year)j,2023,12.0,Billions of dollars,51302-2024-06-medicare.xlsx,Medicare_06-2024,true,51302,Total / Memorandum: / Capitation Payments (Number per year)j,fiscal_year,2023,2023,2023,55,4
Medicare,Capitation Payments (Number per year)j,2024,11.0,Billions of dollars,51302-2024-06-medicare.xlsx,Medicare_06-2024,true,51302,Total / Memorandum: / Capitation Payments (Number per year)j,fiscal_year,2024,2024,2024,55,5
Medicare,Capitation Payments (Number per year)j,2025,12.0,Billions of dollars,51302-2024-06-medicare.xlsx,Medicare_06-2024,true,51302,Total / Memorandum: / Capitation Payments (Number per year)j,fiscal_year,2025,2025,2025,55,6
Medicare,Capitation Payments (Number per year)j,2026,12.0,Billions of dollars,51302-2024-06-medicare.xlsx,Medicare_06-2024,true,51302,Total / Memorandum: / Capitation Payments (Number per year)j,fiscal_year,2026,2026,2026,55,7
Medicare,Capitation Payments (Number per year)j,2027,12.0,Billions of dollars,51302-2024-06-medicare.xlsx,Medicare_06-2024,true,51302,Total / Memorandum: / Capitation Payments (Number per year)j,fiscal_year,2027,2027,2027,55,8
Medicare,Capitation Payments (Number per year)j,2028,13.0,Billions of dollars,51302-2024-06-medicare.xlsx,Medicare_06-2024,true,51302,Total / Memorandum: / Capitation Payments (Number per year)j,fiscal_year,2028,2028,2028,55,9
Medicare,Capitation Payments (Number per year)j,2029,11.0,Billions of dollars,51302-2024-06-medicare.xlsx,Medicare_06-2024,true,51302,Total / Memorandum: / Capitation Payments (Number per year)j,fiscal_year,2029,2029,2029,55,10
Medicare,Capitation Payments (Number per year)j,2030,12.0,Billions of dollars,51302-2024-06-medicare.xlsx,Medicare_06-2024,true,51302,Total / Memorandum: / Capitation Payments (Number per year)j,fiscal_year,2030,2030,2030,55,11
Medicare,Capitation Payments (Number per year)j,2031,12.0,Billions of dollars,51302-2024-06-medicare.xlsx,Medicare_06-2024,true,51302,Total / Memorandum: / Capitation Payments (Number per year)j,fiscal_year,2031,2031,2031,55,12
Medicare,Capitation Payments (Number per year)j,2032,12.0,Billions of dollars,51302-2024-06-medicare.xlsx,Medicare_06-2024,true,51302,Total / Memorandum: / Capitation Payments (Number per year)j,fiscal_year,2032,2032,2032,55,13
Medicare,Capitation Payments (Number per year)j,2033,13.0,Billions of dollars,51302-2024-06-medicare.xlsx,Medicare_06-2024,true,51302,Total / Memorandum: / Capitation Payments (Number per year)j,fiscal_year,2033,2033,2033,55,14
Medicare,Capitation Payments (Number per year)j,2034,12.0,Billions of dollars,51302-2024-06-medicare.xlsx,Medicare_06-2024,true,51302,Total / Memorandum: / Capitation Payments (Number per year)j,fiscal_year,2034,2034,2034,55,15
Medicare,IPPS Market Basket Increase,2023,4.1,Percent,51302-2024-06-medicare.xlsx,Medicare_06-2024,true,51302,Total / Payment Updates and Changes in Price Indexes (Percent) / IPPS Market Basket Increase,fiscal_year,2023,2023,2023,58,4
Medicare,IPPS Market Basket Increase,2024,3.3,Percent,51302-2024-06-medicare.xlsx,Medicare_06-2024,true,51302,Total / Payment Updates and Changes in Price Indexes (Percent) / IPPS Market Basket Increase,fiscal_year,2024,2024,2024,58,5
Medicare,IPPS Market Basket Increase,2025,3.8,Percent,51302-2024-06-medicare.xlsx,Medicare_06-2024,true,51302,Total / Payment Updates and Changes in Price Indexes (Percent) / IPPS Market Basket Increase,fiscal_year,2025,2025,2025,58,6
Medicare,IPPS Market Basket Increase,2026,3.5,Percent,51302-2024-06-medicare.xlsx,Medicare_06-2024,true,51302,Total / Payment Updates and Changes in Price Indexes (Percent) / IPPS Market Basket Increase,fiscal_year,2026,2026,2026,58,7
Medicare,IPPS Market Basket Increase,2027,3.3,Percent,51302-2024-06-medicare.xlsx,Medicare_06-2024,true,51302,Total / Payment Updates and Changes in Price Indexes (Percent) / IPPS Market Basket Increase,fiscal_year,2027,2027,2027,58,8
Medicare,IPPS Market Basket Increase,2028,3.2,Percent,51302-2024-06-medicare.xlsx,Medicare_06-2024,true,51302,Total / Payment Updates and Changes in Price Indexes (Percent) / IPPS Market Basket Increase,fiscal_year,2028,2028,2028,58,9
Medicare,IPPS Market Basket Increase,2029,3.1,Percent,51302-2024-06-medicare.xlsx,Medicare_06-2024,true,51302,Total / Payment Updates and Changes in Price Indexes (Percent) / IPPS Market Basket Increase,fiscal_year,2029,2029,2029,58,10
Medicare,IPPS Market Basket Increase,2030,3.1,Percent,51302-2024-06-medicare.xlsx,Medicare_06-2024,true,51302,Total / Payment Updates and Changes in Price Indexes (Percent) / IPPS Market Basket Increase,fiscal_year,2030,2030,2030,58,11
Medicare,IPPS Market Basket Increase,2031,3.1,Percent,51302-2024-06-medicare.xlsx,Medicare_06-2024,true,51302,Total / Payment Updates and Changes in Price Indexes (Percent) / IPPS Market Basket Increase,fiscal_year,2031,2031,2031,58,12
Medicare,IPPS Market Basket Increase,2032,3.1,Percent,51302-2024-06-medicare.xlsx,Medicare_06-2024,true,51302,Total / Payment Updates and Changes in Price Indexes (Percent) / IPPS Market Basket Increase,fiscal_year,2032,2032,2032,58,13
Medicare,IPPS Market Basket Increase,2033,3.2,Percent,51302-2024-06-medicare.xlsx,Medicare_06-2024,true,51302,Total / Payment Updates and Changes in Price Indexes (Percent) / IPPS Market Basket Increase,fiscal_year,2033,2033,2033,58,14
Medicare,IPPS Market Basket Increase,2034,3.2,Percent,51302-2024-06-medicare.xlsx,Medicare_06-2024,true,51302,Total / Payment Updates and Changes in Price Indexes (Percent) / IPPS Market Basket Increase,fiscal_year,2034,2034,2034,58,15
Medicare,IPPS Update Factor,2023,4.3,Percent,51302-2024-06-medicare.xlsx,Medicare_06-2024,true,51302,Total / Payment Updates and Changes in Price Indexes (Percent) / IPPS Update Factor,fiscal_year,2023,2023,2023,59,4
Medicare,IPPS Update Factor,2024,3.1,Percent,51302-2024-06-medicare.xlsx,Medicare_06-2024,true,51302,Total / Payment Updates and Changes in Price Indexes (Percent) / IPPS Update Factor,fiscal_year,2024,2024,2024,59,5
Medicare,IPPS Update Factor,2025,3.2,Percent,51302-2024-06-medicare.xlsx,Medicare_06-2024,true,51302,Total / Payment Updates and Changes in Price Indexes (Percent) / IPPS Update Factor,fiscal_year,2025,2025,2025,59,6
Medicare,IPPS Update Factor,2026,2.7,Percent,51302-2024-06-medicare.xlsx,Medicare_06-2024,true,51302,Total / Payment Updates and Changes in Price Indexes (Percent) / IPPS Update Factor,fiscal_year,2026,2026,2026,59,7
Medicare,IPPS Update Factor,2027,2.6,Percent,51302-2024-06-medicare.xlsx,Medicare_06-2024,true,51302,Total / Payment Updates and Changes in Price Indexes (Percent) / IPPS Update Factor,fiscal_year,2027,2027,2027,59,8
Medicare,IPPS Update Factor,2028,2.5,Percent,51302-2024-06-medicare.xlsx,Medicare_06-2024,true,51302,Total / Payment Updates and Changes in Price Indexes (Percent) / IPPS Update Factor,fiscal_year,2028,2028,2028,59,9
Medicare,IPPS Update Factor,2029,2.4,Percent,51302-2024-06-medicare.xlsx,Medicare_06-2024,true,51302,Total / Payment Updates and Changes in Price Indexes (Percent) / IPPS Update Factor,fiscal_year,2029,2029,2029,59,10
Medicare,IPPS Update Factor,2030,2.4,Percent,51302-2024-06-medicare.xlsx,Medicare_06-2024,true,51302,Total / Payment Updates and Changes in Price Indexes (Percent) / IPPS Update Factor,fiscal_year,2030,2030,2030,59,11
Medicare,IPPS Update Factor,2031,2.6,Percent,51302-2024-06-medicare.xlsx,Medicare_06-2024,true,51302,Total / Payment Updates and Changes in Price Indexes (Percent) / IPPS Update Factor,fiscal_year,2031,2031,2031,59,12
Medicare,IPPS Update Factor,2032,2.4,Percent,51302-2024-06-medicare.xlsx,Medicare_06-2024,true,51302,Total / Payment Updates and Changes in Price Indexes (Percent) / IPPS Update Factor,fiscal_year,2032,2032,2032,59,13
Medicare,IPPS Update Factor,2033,2.3,Percent,51302-2024-06-medicare.xlsx,Medicare_06-2024,true,51302,Total / Payment Updates and Changes in Price Indexes (Percent) / IPPS Update Factor,fiscal_year,2033,2033,2033,59,14
Medicare,IPPS Update Factor,2034,2.4,Percent,51302-2024-06-medicare.xlsx,Medicare_06-2024,true,51302,Total / Payment Updates and Changes in Price Indexes (Percent) / IPPS Update Factor,fiscal_year,2034,2034,2034,59,15
Medicare,10-Year Moving Average of Multifactor Productivityk,2023,0.3,Percent,51302-2024-06-medicare.xlsx,Medicare_06-2024,true,51302,Total / Payment Updates and Changes in Price Indexes (Percent) / 10-Year Moving Average of Multifactor Productivityk,fiscal_year,2023,2023,2023,60,4
Medicare,10-Year Moving Average of Multifactor Productivityk,2024,0.2,Percent,51302-2024-06-medicare.xlsx,Medicare_06-2024,true,51302,Total / Payment Updates and Changes in Price Indexes (Percent) / 10-Year Moving Average of Multifactor Productivityk,fiscal_year,2024,2024,2024,60,5
Medicare,10-Year Moving Average of Multifactor Productivityk,2025,0.6,Percent,51302-2024-06-medicare.xlsx,Medicare_06-2024,true,51302,Total / Payment Updates and Changes in Price Indexes (Percent) / 10-Year Moving Average of Multifactor Productivityk,fiscal_year,2025,2025,2025,60,6
Medicare,10-Year Moving Average of Multifactor Productivityk,2026,0.7,Percent,51302-2024-06-medicare.xlsx,Medicare_06-2024,true,51302,Total / Payment Updates and Changes in Price Indexes (Percent) / 10-Year Moving Average of Multifactor Productivityk,fiscal_year,2026,2026,2026,60,7
Medicare,10-Year Moving Average of Multifactor Productivityk,2027,0.7,Percent,51302-2024-06-medicare.xlsx,Medicare_06-2024,true,51302,Total / Payment Updates and Changes in Price Indexes (Percent) / 10-Year Moving Average of Multifactor Productivityk,fiscal_year,2027,2027,2027,60,8
Medicare,10-Year Moving Average of Multifactor Productivityk,2028,0.7,Percent,51302-2024-06-medicare.xlsx,Medicare_06-2024,true,51302,Total / Payment Updates and Changes in Price Indexes (Percent) / 10-Year Moving Average of Multifactor Productivityk,fiscal_year,2028,2028,2028,60,9
Medicare,10-Year Moving Average of Multifactor Productivityk,2029,0.7,Percent,51302-2024-06-medicare.xlsx,Medicare_06-2024,true,51302,Total / Payment Updates and Changes in Price Indexes (Percent) / 10-Year Moving Average of Multifactor Productivityk,fiscal_year,2029,2029,2029,60,10
Medicare,10-Year Moving Average of Multifactor Productivityk,2030,0.7,Percent,51302-2024-06-medicare.xlsx,Medicare_06-2024,true,51302,Total / Payment Updates and Changes in Price Indexes (Percent) / 10-Year Moving Average of Multifactor Productivityk,fiscal_year,2030,2030,2030,60,11
Medicare,10-Year Moving Average of Multifactor Productivityk,2031,0.6,Percent,51302-2024-06-medicare.xlsx,Medicare_06-2024,true,51302,Total / Payment Updates and Changes in Price Indexes (Percent) / 10-Year Moving Average of Multifactor Productivityk,fiscal_year,2031,2031,2031,60,12
Medicare,10-Year Moving Average of Multifactor Productivityk,2032,0.7,Percent,51302-2024-06-medicare.xlsx,Medicare_06-2024,true,51302,Total / Payment Updates and Changes in Price Indexes (Percent) / 10-Year Moving Average of Multifactor Productivityk,fiscal_year,2032,2032,2032,60,13
Medicare,10-Year Moving Average of Multifactor Productivityk,2033,0.8,Percent,51302-2024-06-medicare.xlsx,Medicare_06-2024,true,51302,Total / Payment Updates and Changes in Price Indexes (Percent) / 10-Year Moving Average of Multifactor Productivityk,fiscal_year,2033,2033,2033,60,14
Medicare,10-Year Moving Average of Multifactor Productivityk,2034,0.7,Percent,51302-2024-06-medicare.xlsx,Medicare_06-2024,true,51302,Total / Payment Updates and Changes in Price Indexes (Percent) / 10-Year Moving Average of Multifactor Productivityk,fiscal_year,2034,2034,2034,60,15
Medicare,Part A,2023,65.0,Millions of people,51302-2024-06-medicare.xlsx,Medicare_06-2024,true,51302,Total / Average Monthly Enrollment in a Fiscal Year (Millions of people) / Part A,fiscal_year,2023,2023,2023,63,4
Medicare,Part A,2024,67.0,Millions of people,51302-2024-06-medicare.xlsx,Medicare_06-2024,true,51302,Total / Average Monthly Enrollment in a Fiscal Year (Millions of people) / Part A,fiscal_year,2024,2024,2024,63,5
Medicare,Part A,2025,68.0,Millions of people,51302-2024-06-medicare.xlsx,Medicare_06-2024,true,51302,Total / Average Monthly Enrollment in a Fiscal Year (Millions of people) / Part A,fiscal_year,2025,2025,2025,63,6
Medicare,Part A,2026,70.0,Millions of people,51302-2024-06-medicare.xlsx,Medicare_06-2024,true,51302,Total / Average Monthly Enrollment in a Fiscal Year (Millions of people) / Part A,fiscal_year,2026,2026,2026,63,7
Medicare,Part A,2027,72.0,Millions of people,51302-2024-06-medicare.xlsx,Medicare_06-2024,true,51302,Total / Average Monthly Enrollment in a Fiscal Year (Millions of people) / Part A,fiscal_year,2027,2027,2027,63,8
Medicare,Part A,2028,73.0,Millions of people,51302-2024-06-medicare.xlsx,Medicare_06-2024,true,51302,Total / Average Monthly Enrollment in a Fiscal Year (Millions of people) / Part A,fiscal_year,2028,2028,2028,63,9
Medicare,Part A,2029,75.0,Millions of people,51302-2024-06-medicare.xlsx,Medicare_06-2024,true,51302,Total / Average Monthly Enrollment in a Fiscal Year (Millions of people) / Part A,fiscal_year,2029,2029,2029,63,10
Medicare,Part A,2030,76.0,Millions of people,51302-2024-06-medicare.xlsx,Medicare_06-2024,true,51302,Total / Average Monthly Enrollment in a Fiscal Year (Millions of people) / Part A,fiscal_year,2030,2030,2030,63,11
Medicare,Part A,2031,77.0,Millions of people,51302-2024-06-medicare.xlsx,Medicare_06-2024,true,51302,Total / Average Monthly Enrollment in a Fiscal Year (Millions of people) / Part A,fiscal_year,2031,2031,2031,63,12
Medicare,Part A,2032,78.0,Millions of people,51302-2024-06-medicare.xlsx,Medicare_06-2024,true,51302,Total / Average Monthly Enrollment in a Fiscal Year (Millions of people) / Part A,fiscal_year,2032,2032,2032,63,13
Medicare,Part A,2033,79.0,Millions of people,51302-2024-06-medicare.xlsx,Medicare_06-2024,true,51302,Total / Average Monthly Enrollment in a Fiscal Year (Millions of people) / Part A,fiscal_year,2033,2033,2033,63,14
Medicare,Part A,2034,80.0,Millions of people,51302-2024-06-medicare.xlsx,Medicare_06-2024,true,51302,Total / Average Monthly Enrollment in a Fiscal Year (Millions of people) / Part A,fiscal_year,2034,2034,2034,63,15
Medicare,Part B,2023,60.0,Millions of people,51302-2024-06-medicare.xlsx,Medicare_06-2024,true,51302,Total / Average Monthly Enrollment in a Fiscal Year (Millions of people) / Part B,fiscal_year,2023,2023,2023,64,4
Medicare,Part B,2024,61.0,Millions of people,51302-2024-06-medicare.xlsx,Medicare_06-2024,true,51302,Total / Average Monthly Enrollment in a Fiscal Year (Millions of people) / Part B,fiscal_year,2024,2024,2024,64,5
Medicare,Part B,2025,63.0,Millions of people,51302-2024-06-medicare.xlsx,Medicare_06-2024,true,51302,Total / Average Monthly Enrollment in a Fiscal Year (Millions of people) / Part B,fiscal_year,2025,2025,2025,64,6
Medicare,Part B,2026,64.0,Millions of people,51302-2024-06-medicare.xlsx,Medicare_06-2024,true,51302,Total / Average Monthly Enrollment in a Fiscal Year (Millions of people) / Part B,fiscal_year,2026,2026,2026,64,7
Medicare,Part B,2027,66.0,Millions of people,51302-2024-06-medicare.xlsx,Medicare_06-2024,true,51302,Total / Average Monthly Enrollment in a Fiscal Year (Millions of people) / Part B,fiscal_year,2027,2027,2027,64,8
Medicare,Part B,2028,67.0,Millions of people,51302-2024-06-medicare.xlsx,Medicare_06-2024,true,51302,Total / Average Monthly Enrollment in a Fiscal Year (Millions of people) / Part B,fiscal_year,2028,2028,2028,64,9
Medicare,Part B,2029,69.0,Millions of people,51302-2024-06-medicare.xlsx,Medicare_06-2024,true,51302,Total / Average Monthly Enrollment in a Fiscal Year (Millions of people) / Part B,fiscal_year,2029,2029,2029,64,10
Medicare,Part B,2030,70.0,Millions of people,51302-2024-06-medicare.xlsx,Medicare_06-2024,true,51302,Total / Average Monthly Enrollment in a Fiscal Year (Millions of people) / Part B,fiscal_year,2030,2030,2030,64,11
Medicare,Part B,2031,71.0,Millions of people,51302-2024-06-medicare.xlsx,Medicare_06-2024,true,51302,Total / Average Monthly Enrollment in a Fiscal Year (Millions of people) / Part B,fiscal_year,2031,2031,2031,64,12
Medicare,Part B,2032,72.0,Millions of people,51302-2024-06-medicare.xlsx,Medicare_06-2024,true,51302,Total / Average Monthly Enrollment in a Fiscal Year (Millions of people) / Part B,fiscal_year,2032,2032,2032,64,13
Medicare,Part B,2033,73.0,Millions of people,51302-2024-06-medicare.xlsx,Medicare_06-2024,true,51302,Total / Average Monthly Enrollment in a Fiscal Year (Millions of people) / Part B,fiscal_year,2033,2033,2033,64,14
Medicare,Part B,2034,74.0,Millions of people,51302-2024-06-medicare.xlsx,Medicare_06-2024,true,51302,Total / Average Monthly Enrollment in a Fiscal Year (Millions of people) / Part B,fiscal_year,2034,2034,2034,64,15
Medicare,Part Dl,2023,52.0,Millions of people,51302-2024-06-medicare.xlsx,Medicare_06-2024,true,51302,Total / Average Monthly Enrollment in a Fiscal Year (Millions of people) / Part Dl,fiscal_year,2023,2023,2023,65,4
Medicare,Part Dl,2024,54.0,Millions of people,51302-2024-06-medicare.xlsx,Medicare_06-2024,true,51302,Total / Average Monthly Enrollment in a Fiscal Year (Millions of people) / Part Dl,fiscal_year,2024,2024,2024,65,5
Medicare,Part Dl,2025,55.0,Millions of people,51302-2024-06-medicare.xlsx,Medicare_06-2024,true,51302,Total / Average Monthly Enrollment in a Fiscal Year (Millions of people) / Part Dl,fiscal_year,2025,2025,2025,65,6
Medicare,Part Dl,2026,57.0,Millions of people,51302-2024-06-medicare.xlsx,Medicare_06-2024,true,51302,Total / Average Monthly Enrollment in a Fiscal Year (Millions of people) / Part Dl,fiscal_year,2026,2026,2026,65,7
Medicare,Part Dl,2027,58.0,Millions of people,51302-2024-06-medicare.xlsx,Medicare_06-2024,true,51302,Total / Average Monthly Enrollment in a Fiscal Year (Millions of people) / Part Dl,fiscal_year,2027,2027,2027,65,8
Medicare,Part Dl,2028,59.0,Millions of people,51302-2024-06-medicare.xlsx,Medicare_06-2024,true,51302,Total / Average Monthly Enrollment in a Fiscal Year (Millions of people) / Part Dl,fiscal_year,2028,2028,2028,65,9
Medicare,Part Dl,2029,60.0,Millions of people,51302-2024-06-medicare.xlsx,Medicare_06-2024,true,51302,Total / Average Monthly Enrollment in a Fiscal Year (Millions of people) / Part Dl,fiscal_year,2029,2029,2029,65,10
Medicare,Part Dl,2030,61.0,Millions of people,51302-2024-06-medicare.xlsx,Medicare_06-2024,true,51302,Total / Average Monthly Enrollment in a Fiscal Year (Millions of people) / Part Dl,fiscal_year,2030,2030,2030,65,11
Medicare,Part Dl,2031,62.0,Millions of people,51302-2024-06-medicare.xlsx,Medicare_06-2024,true,51302,Total / Average Monthly Enrollment in a Fiscal Year (Millions of people) / Part Dl,fiscal_year,2031,2031,2031,65,12
Medicare,Part Dl,2032,63.0,Millions of people,51302-2024-06-medicare.xlsx,Medicare_06-2024,true,51302,Total / Average Monthly Enrollment in a Fiscal Year (Millions of people) / Part Dl,fiscal_year,2032,2032,2032,65,13
Medicare,Part Dl,2033,64.0,Millions of people,51302-2024-06-medicare.xlsx,Medicare_06-2024,true,51302,Total / Average Monthly Enrollment in a Fiscal Year (Millions of people) / Part Dl,fiscal_year,2033,2033,2033,65,14
Medicare,Part Dl,2034,65.0,Millions of people,51302-2024-06-medicare.xlsx,Medicare_06-2024,true,51302,Total / Average Monthly Enrollment in a Fiscal Year (Millions of people) / Part Dl,fiscal_year,2034,2034,2034,65,15
Medicare,Part D Low-Income Subsidy Enrollment,2023,14.0,Millions of people,51302-2024-06-medicare.xlsx,Medicare_06-2024,true,51302,Total / Memorandum: / Part D Low-Income Subsidy Enrollment,fiscal_year,2023,2023,2023,68,4
Medicare,Part D Low-Income Subsidy Enrollment,2024,14.0,Millions of people,51302-2024-06-medicare.xlsx,Medicare_06-2024,true,51302,Total / Memorandum: / Part D Low-Income Subsidy Enrollment,fiscal_year,2024,2024,2024,68,5
Medicare,Part D Low-Income Subsidy Enrollment,2025,15.0,Millions of people,51302-2024-06-medicare.xlsx,Medicare_06-2024,true,51302,Total / Memorandum: / Part D Low-Income Subsidy Enrollment,fiscal_year,2025,2025,2025,68,6
Medicare,Part D Low-Income Subsidy Enrollment,2026,15.0,Millions of people,51302-2024-06-medicare.xlsx,Medicare_06-2024,true,51302,Total / Memorandum: / Part D Low-Income Subsidy Enrollment,fiscal_year,2026,2026,2026,68,7
Medicare,Part D Low-Income Subsidy Enrollment,2027,15.0,Millions of people,51302-2024-06-medicare.xlsx,Medicare_06-2024,true,51302,Total / Memorandum: / Part D Low-Income Subsidy Enrollment,fiscal_year,2027,2027,2027,68,8
Medicare,Part D Low-Income Subsidy Enrollment,2028,16.0,Millions of people,51302-2024-06-medicare.xlsx,Medicare_06-2024,true,51302,Total / Memorandum: / Part D Low-Income Subsidy Enrollment,fiscal_year,2028,2028,2028,68,9
Medicare,Part D Low-Income Subsidy Enrollment,2029,16.0,Millions of people,51302-2024-06-medicare.xlsx,Medicare_06-2024,true,51302,Total / Memorandum: / Part D Low-Income Subsidy Enrollment,fiscal_year,2029,2029,2029,68,10
Medicare,Part D Low-Income Subsidy Enrollment,2030,16.0,Millions of people,51302-2024-06-medicare.xlsx,Medicare_06-2024,true,51302,Total / Memorandum: / Part D Low-Income Subsidy Enrollment,fiscal_year,2030,2030,2030,68,11
Medicare,Part D Low-Income Subsidy Enrollment,2031,17.0,Millions of people,51302-2024-06-medicare.xlsx,Medicare_06-2024,true,51302,Total / Memorandum: / Part D Low-Income Subsidy Enrollment,fiscal_year,2031,2031,2031,68,12
Medicare,Part D Low-Income Subsidy Enrollment,2032,17.0,Millions of people,51302-2024-06-medicare.xlsx,Medicare_06-2024,true,51302,Total / Memorandum: / Part D Low-Income Subsidy Enrollment,fiscal_year,2032,2032,2032,68,13
Medicare,Part D Low-Income Subsidy Enrollment,2033,17.0,Millions of people,51302-2024-06-medicare.xlsx,Medicare_06-2024,true,51302,Total / Memorandum: / Part D Low-Income Subsidy Enrollment,fiscal_year,2033,2033,2033,68,14
Medicare,Part D Low-Income Subsidy Enrollment,2034,17.0,Millions of people,51302-2024-06-medicare.xlsx,Medicare_06-2024,true,51302,Total / Memorandum: / Part D Low-Income Subsidy Enrollment,fiscal_year,2034,2034,2034,68,15
Medicare,Group Plan Enrollmentm,2023,31.0,Millions of people,51302-2024-06-medicare.xlsx,Medicare_06-2024,true,51302,Total / Memorandum: / Group Plan Enrollmentm,fiscal_year,2023,2023,2023,69,4
Medicare,Group Plan Enrollmentm,2024,34.0,Millions of people,51302-2024-06-medicare.xlsx,Medicare_06-2024,true,51302,Total / Memorandum: / Group Plan Enrollmentm,fiscal_year,2024,2024,2024,69,5
Medicare,Group Plan Enrollmentm,2025,36.0,Millions of people,51302-2024-06-medicare.xlsx,Medicare_06-2024,true,51302,Total / Memorandum: / Group Plan Enrollmentm,fiscal_year,2025,2025,2025,69,6
Medicare,Group Plan Enrollmentm,2026,37.0,Millions of people,51302-2024-06-medicare.xlsx,Medicare_06-2024,true,51302,Total / Memorandum: / Group Plan Enrollmentm,fiscal_year,2026,2026,2026,69,7
Medicare,Group Plan Enrollmentm,2027,39.0,Millions of people,51302-2024-06-medicare.xlsx,Medicare_06-2024,true,51302,Total / Memorandum: / Group Plan Enrollmentm,fiscal_year,2027,2027,2027,69,8
Medicare,Group Plan Enrollmentm,2028,41.0,Millions of people,51302-2024-06-medicare.xlsx,Medicare_06-2024,true,51302,Total / Memorandum: / Group Plan Enrollmentm,fiscal_year,2028,2028,2028,69,9
Medicare,Group Plan Enrollmentm,2029,42.0,Millions of people,51302-2024-06-medicare.xlsx,Medicare_06-2024,true,51302,Total / Memorandum: / Group Plan Enrollmentm,fiscal_year,2029,2029,2029,69,10
Medicare,Group Plan Enrollmentm,2030,43.0,Millions of people,51302-2024-06-medicare.xlsx,Medicare_06-2024,true,51302,Total / Memorandum: / Group Plan Enrollmentm,fiscal_year,2030,2030,2030,69,11
Medicare,Group Plan Enrollmentm,2031,44.0,Millions of people,51302-2024-06-medicare.xlsx,Medicare_06-2024,true,51302,Total / Memorandum: / Group Plan Enrollmentm,fiscal_year,2031,2031,2031,69,12
Medicare,Group Plan Enrollmentm,2032,45.0,Millions of people,51302-2024-06-medicare.xlsx,Medicare_06-2024,true,51302,Total / Memorandum: / Group Plan Enrollmentm,fiscal_year,2032,2032,2032,69,13
Medicare,Group Plan Enrollmentm,2033,46.0,Millions of people,51302-2024-06-medicare.xlsx,Medicare_06-2024,true,51302,Total / Memorandum: / Group Plan Enrollmentm,fiscal_year,2033,2033,2033,69,14
Medicare,Group Plan Enrollmentm,2034,47.0,Millions of people,51302-2024-06-medicare.xlsx,Medicare_06-2024,true,51302,Total / Memorandum: / Group Plan Enrollmentm,fiscal_year,2034,2034,2034,69,15
Medicare,Beginning-of-Year Balance,2023,178.2,Millions of people,51302-2024-06-medicare.xlsx,Medicare_06-2024,true,51302,Total / Hospital Insurance Trust Fund / Beginning-of-Year Balance,fiscal_year,2023,2023,2023,72,4
Medicare,Beginning-of-Year Balance,2024,192.0,Millions of people,51302-2024-06-medicare.xlsx,Medicare_06-2024,true,51302,Total / Hospital Insurance Trust Fund / Beginning-of-Year Balance,fiscal_year,2024,2024,2024,72,5
Medicare,Beginning-of-Year Balance,2025,225.0,Millions of people,51302-2024-06-medicare.xlsx,Medicare_06-2024,true,51302,Total / Hospital Insurance Trust Fund / Beginning-of-Year Balance,fiscal_year,2025,2025,2025,72,6
Medicare,Beginning-of-Year Balance,2026,248.0,Millions of people,51302-2024-06-medicare.xlsx,Medicare_06-2024,true,51302,Total / Hospital Insurance Trust Fund / Beginning-of-Year Balance,fiscal_year,2026,2026,2026,72,7
Medicare,Beginning-of-Year Balance,2027,268.0,Millions of people,51302-2024-06-medicare.xlsx,Medicare_06-2024,true,51302,Total / Hospital Insurance Trust Fund / Beginning-of-Year Balance,fiscal_year,2027,2027,2027,72,8
Medicare,Beginning-of-Year Balance,2028,286.0,Millions of people,51302-2024-06-medicare.xlsx,Medicare_06-2024,true,51302,Total / Hospital Insurance Trust Fund / Beginning-of-Year Balance,fiscal_year,2028,2028,2028,72,9
Medicare,Beginning-of-Year Balance,2029,273.0,Millions of people,51302-2024-06-medicare.xlsx,Medicare_06-2024,true,51302,Total / Hospital Insurance Trust Fund / Beginning-of-Year Balance,fiscal_year,2029,2029,2029,72,10
Medicare,Beginning-of-Year Balance,2030,301.0,Millions of people,51302-2024-06-medicare.xlsx,Medicare_06-2024,true,51302,Total / Hospital Insurance Trust Fund / Beginning-of-Year Balance,fiscal_year,2030,2030,2030,72,11
Medicare,Beginning-of-Year Balance,2031,299.0,Millions of people,51302-2024-06-medicare.xlsx,Medicare_06-2024,true,51302,Total / Hospital Insurance Trust Fund / Beginning-of-Year Balance,fiscal_year,2031,2031,2031,72,12
Medicare,Beginning-of-Year Balance,2032,288.0,Millions of people,51302-2024-06-medicare.xlsx,Medicare_06-2024,true,51302,Total / Hospital Insurance Trust Fund / Beginning-of-Year Balance,fiscal_year,2032,2032,2032,72,13
Medicare,Beginning-of-Year Balance,2033,268.0,Millions of people,51302-2024-06-medicare.xlsx,Medicare_06-2024,true,51302,Total / Hospital Insurance Trust Fund / Beginning-of-Year Balance,fiscal_year,2033,2033,2033,72,14
Medicare,Beginning-of-Year Balance,2034,197.0,Millions of people,51302-2024-06-medicare.xlsx,Medicare_06-2024,true,51302,Total / Hospital Insurance Trust Fund / Beginning-of-Year Balance,fiscal_year,2034,2034,2034,72,15
Medicare,Noninterest Income (Mostly payroll taxes),2023,419.0,Millions of people,51302-2024-06-medicare.xlsx,Medicare_06-2024,true,51302,Total / Hospital Insurance Trust Fund / Noninterest Income (Mostly payroll taxes),fiscal_year,2023,2023,2023,73,4
Medicare,Noninterest Income (Mostly payroll taxes),2024,439.0,Millions of people,51302-2024-06-medicare.xlsx,Medicare_06-2024,true,51302,Total / Hospital Insurance Trust Fund / Noninterest Income (Mostly payroll taxes),fiscal_year,2024,2024,2024,73,5
Medicare,Noninterest Income (Mostly payroll taxes),2025,463.0,Millions of people,51302-2024-06-medicare.xlsx,Medicare_06-2024,true,51302,Total / Hospital Insurance Trust Fund / Noninterest Income (Mostly payroll taxes),fiscal_year,2025,2025,2025,73,6
Medicare,Noninterest Income (Mostly payroll taxes),2026,487.0,Millions of people,51302-2024-06-medicare.xlsx,Medicare_06-2024,true,51302,Total / Hospital Insurance Trust Fund / Noninterest Income (Mostly payroll taxes),fiscal_year,2026,2026,2026,73,7
Medicare,Noninterest Income (Mostly payroll taxes),2027,513.0,Millions of people,51302-2024-06-medicare.xlsx,Medicare_06-2024,true,51302,Total / Hospital Insurance Trust Fund / Noninterest Income (Mostly payroll taxes),fiscal_year,2027,2027,2027,73,8
Medicare,Noninterest Income (Mostly payroll taxes),2028,535.0,Millions of people,51302-2024-06-medicare.xlsx,Medicare_06-2024,true,51302,Total / Hospital Insurance Trust Fund / Noninterest Income (Mostly payroll taxes),fiscal_year,2028,2028,2028,73,9
Medicare,Noninterest Income (Mostly payroll taxes),2029,558.0,Millions of people,51302-2024-06-medicare.xlsx,Medicare_06-2024,true,51302,Total / Hospital Insurance Trust Fund / Noninterest Income (Mostly payroll taxes),fiscal_year,2029,2029,2029,73,10
Medicare,Noninterest Income (Mostly payroll taxes),2030,583.0,Millions of people,51302-2024-06-medicare.xlsx,Medicare_06-2024,true,51302,Total / Hospital Insurance Trust Fund / Noninterest Income (Mostly payroll taxes),fiscal_year,2030,2030,2030,73,11
Medicare,Noninterest Income (Mostly payroll taxes),2031,608.0,Millions of people,51302-2024-06-medicare.xlsx,Medicare_06-2024,true,51302,Total / Hospital Insurance Trust Fund / Noninterest Income (Mostly payroll taxes),fiscal_year,2031,2031,2031,73,12
Medicare,Noninterest Income (Mostly payroll taxes),2032,634.0,Millions of people,51302-2024-06-medicare.xlsx,Medicare_06-2024,true,51302,Total / Hospital Insurance Trust Fund / Noninterest Income (Mostly payroll taxes),fiscal_year,2032,2032,2032,73,13
Medicare,Noninterest Income (Mostly payroll taxes),2033,660.0,Millions of people,51302-2024-06-medicare.xlsx,Medicare_06-2024,true,51302,Total / Hospital Insurance Trust Fund / Noninterest Income (Mostly payroll taxes),fiscal_year,2033,2033,2033,73,14
Medicare,Noninterest Income (Mostly payroll taxes),2034,688.0,Millions of people,51302-2024-06-medicare.xlsx,Medicare_06-2024,true,51302,Total / Hospital Insurance Trust Fund / Noninterest Income (Mostly payroll taxes),fiscal_year,2034,2034,2034,73,15
Medicare,Interest,2023,5.0,Millions of people,51302-2024-06-medicare.xlsx,Medicare_06-2024,true,51302,Total / Hospital Insurance Trust Fund / Interest,fiscal_year,2023,2023,2023,74,4
Medicare,Interest,2024,9.0,Millions of people,51302-2024-06-medicare.xlsx,Medicare_06-2024,true,51302,Total / Hospital Insurance Trust Fund / Interest,fiscal_year,2024,2024,2024,74,5
Medicare,Interest,2025,10.0,Millions of people,51302-2024-06-medicare.xlsx,Medicare_06-2024,true,51302,Total / Hospital Insurance Trust Fund / Interest,fiscal_year,2025,2025,2025,74,6
Medicare,Interest,2026,10.0,Millions of people,51302-2024-06-medicare.xlsx,Medicare_06-2024,true,51302,Total / Hospital Insurance Trust Fund / Interest,fiscal_year,2026,2026,2026,74,7
Medicare,Interest,2027,10.0,Millions of people,51302-2024-06-medicare.xlsx,Medicare_06-2024,true,51302,Total / Hospital Insurance Trust Fund / Interest,fiscal_year,2027,2027,2027,74,8
Medicare,Interest,2028,10.0,Millions of people,51302-2024-06-medicare.xlsx,Medicare_06-2024,true,51302,Total / Hospital Insurance Trust Fund / Interest,fiscal_year,2028,2028,2028,74,9
Medicare,Interest,2029,11.0,Millions of people,51302-2024-06-medicare.xlsx,Medicare_06-2024,true,51302,Total / Hospital Insurance Trust Fund / Interest,fiscal_year,2029,2029,2029,74,10
Medicare,Interest,2030,11.0,Millions of people,51302-2024-06-medicare.xlsx,Medicare_06-2024,true,51302,Total / Hospital Insurance Trust Fund / Interest,fiscal_year,2030,2030,2030,74,11
Medicare,Interest,2031,12.0,Millions of people,51302-2024-06-medicare.xlsx,Medicare_06-2024,true,51302,Total / Hospital Insurance Trust Fund / Interest,fiscal_year,2031,2031,2031,74,12
Medicare,Interest,2032,11.0,Millions of people,51302-2024-06-medicare.xlsx,Medicare_06-2024,true,51302,Total / Hospital Insurance Trust Fund / Interest,fiscal_year,2032,2032,2032,74,13
Medicare,Interest,2033,9.0,Millions of people,51302-2024-06-medicare.xlsx,Medicare_06-2024,true,51302,Total / Hospital Insurance Trust Fund / Interest,fiscal_year,2033,2033,2033,74,14
Medicare,Interest,2034,7.0,Millions of people,51302-2024-06-medicare.xlsx,Medicare_06-2024,true,51302,Total / Hospital Insurance Trust Fund / Interest,fiscal_year,2034,2034,2034,74,15
Medicare,Total Income,2023,424.0,Millions of people,51302-2024-06-medicare.xlsx,Medicare_06-2024,true,51302,Total / Hospital Insurance Trust Fund / Total Income,fiscal_year,2023,2023,2023,75,4
Medicare,Total Income,2024,448.0,Millions of people,51302-2024-06-medicare.xlsx,Medicare_06-2024,true,51302,Total / Hospital Insurance Trust Fund / Total Income,fiscal_year,2024,2024,2024,75,5
Medicare,Total Income,2025,472.0,Millions of people,51302-2024-06-medicare.xlsx,Medicare_06-2024,true,51302,Total / Hospital Insurance Trust Fund / Total Income,fiscal_year,2025,2025,2025,75,6
Medicare,Total Income,2026,497.0,Millions of people,51302-2024-06-medicare.xlsx,Medicare_06-2024,true,51302,Total / Hospital Insurance Trust Fund / Total Income,fiscal_year,2026,2026,2026,75,7
Medicare,Total Income,2027,523.0,Millions of people,51302-2024-06-medicare.xlsx,Medicare_06-2024,true,51302,Total / Hospital Insurance Trust Fund / Total Income,fiscal_year,2027,2027,2027,75,8
Medicare,Total Income,2028,545.0,Millions of people,51302-2024-06-medicare.xlsx,Medicare_06-2024,true,51302,Total / Hospital Insurance Trust Fund / Total Income,fiscal_year,2028,2028,2028,75,9
Medicare,Total Income,2029,569.0,Millions of people,51302-2024-06-medicare.xlsx,Medicare_06-2024,true,51302,Total / Hospital Insurance Trust Fund / Total Income,fiscal_year,2029,2029,2029,75,10
Medicare,Total Income,2030,594.0,Millions of people,51302-2024-06-medicare.xlsx,Medicare_06-2024,true,51302,Total / Hospital Insurance Trust Fund / Total Income,fiscal_year,2030,2030,2030,75,11
Medicare,Total Income,2031,619.0,Millions of people,51302-2024-06-medicare.xlsx,Medicare_06-2024,true,51302,Total / Hospital Insurance Trust Fund / Total Income,fiscal_year,2031,2031,2031,75,12
Medicare,Total Income,2032,645.0,Millions of people,51302-2024-06-medicare.xlsx,Medicare_06-2024,true,51302,Total / Hospital Insurance Trust Fund / Total Income,fiscal_year,2032,2032,2032,75,13
Medicare,Total Income,2033,670.0,Millions of people,51302-2024-06-medicare.xlsx,Medicare_06-2024,true,51302,Total / Hospital Insurance Trust Fund / Total Income,fiscal_year,2033,2033,2033,75,14
Medicare,Total Income,2034,695.0,Millions of people,51302-2024-06-medicare.xlsx,Medicare_06-2024,true,51302,Total / Hospital Insurance Trust Fund / Total Income,fiscal_year,2034,2034,2034,75,15
Medicare,Outlays,2023,411.0,Millions of people,51302-2024-06-medicare.xlsx,Medicare_06-2024,true,51302,Total / Hospital Insurance Trust Fund / Outlays,fiscal_year,2023,2023,2023,76,4
Medicare,Outlays,2024,414.0,Millions of people,51302-2024-06-medicare.xlsx,Medicare_06-2024,true,51302,Total / Hospital Insurance Trust Fund / Outlays,fiscal_year,2024,2024,2024,76,5
Medicare,Outlays,2025,450.0,Millions of people,51302-2024-06-medicare.xlsx,Medicare_06-2024,true,51302,Total / Hospital Insurance Trust Fund / Outlays,fiscal_year,2025,2025,2025,76,6
Medicare,Outlays,2026,476.0,Millions of people,51302-2024-06-medicare.xlsx,Medicare_06-2024,true,51302,Total / Hospital Insurance Trust Fund / Outlays,fiscal_year,2026,2026,2026,76,7
Medicare,Outlays,2027,505.0,Millions of people,51302-2024-06-medicare.xlsx,Medicare_06-2024,true,51302,Total / Hospital Insurance Trust Fund / Outlays,fiscal_year,2027,2027,2027,76,8
Medicare,Outlays,2028,558.0,Millions of people,51302-2024-06-medicare.xlsx,Medicare_06-2024,true,51302,Total / Hospital Insurance Trust Fund / Outlays,fiscal_year,2028,2028,2028,76,9
Medicare,Outlays,2029,541.0,Millions of people,51302-2024-06-medicare.xlsx,Medicare_06-2024,true,51302,Total / Hospital Insurance Trust Fund / Outlays,fiscal_year,2029,2029,2029,76,10
Medicare,Outlays,2030,597.0,Millions of people,51302-2024-06-medicare.xlsx,Medicare_06-2024,true,51302,Total / Hospital Insurance Trust Fund / Outlays,fiscal_year,2030,2030,2030,76,11
Medicare,Outlays,2031,630.0,Millions of people,51302-2024-06-medicare.xlsx,Medicare_06-2024,true,51302,Total / Hospital Insurance Trust Fund / Outlays,fiscal_year,2031,2031,2031,76,12
Medicare,Outlays,2032,665.0,Millions of people,51302-2024-06-medicare.xlsx,Medicare_06-2024,true,51302,Total / Hospital Insurance Trust Fund / Outlays,fiscal_year,2032,2032,2032,76,13
Medicare,Outlays,2033,741.0,Millions of people,51302-2024-06-medicare.xlsx,Medicare_06-2024,true,51302,Total / Hospital Insurance Trust Fund / Outlays,fiscal_year,2033,2033,2033,76,14
Medicare,Outlays,2034,751.0,Millions of people,51302-2024-06-medicare.xlsx,Medicare_06-2024,true,51302,Total / Hospital Insurance Trust Fund / Outlays,fiscal_year,2034,2034,2034,76,15
Medicare,Surplus or Deficit (-),2023,14.0,Millions of people,51302-2024-06-medicare.xlsx,Medicare_06-2024,true,51302,Total / Hospital Insurance Trust Fund / Surplus or Deficit (-),fiscal_year,2023,2023,2023,77,4
Medicare,Surplus or Deficit (-),2024,33.0,Millions of people,51302-2024-06-medicare.xlsx,Medicare_06-2024,true,51302,Total / Hospital Insurance Trust Fund / Surplus or Deficit (-),fiscal_year,2024,2024,2024,77,5
Medicare,Surplus or Deficit (-),2025,22.0,Millions of people,51302-2024-06-medicare.xlsx,Medicare_06-2024,true,51302,Total / Hospital Insurance Trust Fund / Surplus or Deficit (-),fiscal_year,2025,2025,2025,77,6
Medicare,Surplus or Deficit (-),2026,20.0,Millions of people,51302-2024-06-medicare.xlsx,Medicare_06-2024,true,51302,Total / Hospital Insurance Trust Fund / Surplus or Deficit (-),fiscal_year,2026,2026,2026,77,7
Medicare,Surplus or Deficit (-),2027,18.0,Millions of people,51302-2024-06-medicare.xlsx,Medicare_06-2024,true,51302,Total / Hospital Insurance Trust Fund / Surplus or Deficit (-),fiscal_year,2027,2027,2027,77,8
Medicare,Surplus or Deficit (-),2028,-13.0,Millions of people,51302-2024-06-medicare.xlsx,Medicare_06-2024,true,51302,Total / Hospital Insurance Trust Fund / Surplus or Deficit (-),fiscal_year,2028,2028,2028,77,9
Medicare,Surplus or Deficit (-),2029,28.0,Millions of people,51302-2024-06-medicare.xlsx,Medicare_06-2024,true,51302,Total / Hospital Insurance Trust Fund / Surplus or Deficit (-),fiscal_year,2029,2029,2029,77,10
Medicare,Surplus or Deficit (-),2030,-3.0,Millions of people,51302-2024-06-medicare.xlsx,Medicare_06-2024,true,51302,Total / Hospital Insurance Trust Fund / Surplus or Deficit (-),fiscal_year,2030,2030,2030,77,11
Medicare,Surplus or Deficit (-),2031,-11.0,Millions of people,51302-2024-06-medicare.xlsx,Medicare_06-2024,true,51302,Total / Hospital Insurance Trust Fund / Surplus or Deficit (-),fiscal_year,2031,2031,2031,77,12
Medicare,Surplus or Deficit (-),2032,-20.0,Millions of people,51302-2024-06-medicare.xlsx,Medicare_06-2024,true,51302,Total / Hospital Insurance Trust Fund / Surplus or Deficit (-),fiscal_year,2032,2032,2032,77,13
Medicare,Surplus or Deficit (-),2033,-71.0,Millions of people,51302-2024-06-medicare.xlsx,Medicare_06-2024,true,51302,Total / Hospital Insurance Trust Fund / Surplus or Deficit (-),fiscal_year,2033,2033,2033,77,14
Medicare,Surplus or Deficit (-),2034,-56.0,Millions of people,51302-2024-06-medicare.xlsx,Medicare_06-2024,true,51302,Total / Hospital Insurance Trust Fund / Surplus or Deficit (-),fiscal_year,2034,2034,2034,77,15
Medicare,End-of-Year Balance,2023,192.0,Millions of people,51302-2024-06-medicare.xlsx,Medicare_06-2024,true,51302,Total / Hospital Insurance Trust Fund / End-of-Year Balance,fiscal_year,2023,2023,2023,78,4
Medicare,End-of-Year Balance,2024,225.0,Millions of people,51302-2024-06-medicare.xlsx,Medicare_06-2024,true,51302,Total / Hospital Insurance Trust Fund / End-of-Year Balance,fiscal_year,2024,2024,2024,78,5
Medicare,End-of-Year Balance,2025,248.0,Millions of people,51302-2024-06-medicare.xlsx,Medicare_06-2024,true,51302,Total / Hospital Insurance Trust Fund / End-of-Year Balance,fiscal_year,2025,2025,2025,78,6
Medicare,End-of-Year Balance,2026,268.0,Millions of people,51302-2024-06-medicare.xlsx,Medicare_06-2024,true,51302,Total / Hospital Insurance Trust Fund / End-of-Year Balance,fiscal_year,2026,2026,2026,78,7
Medicare,End-of-Year Balance,2027,286.0,Millions of people,51302-2024-06-medicare.xlsx,Medicare_06-2024,true,51302,Total / Hospital Insurance Trust Fund / End-of-Year Balance,fiscal_year,2027,2027,2027,78,8
Medicare,End-of-Year Balance,2028,273.0,Millions of people,51302-2024-06-medicare.xlsx,Medicare_06-2024,true,51302,Total / Hospital Insurance Trust Fund / End-of-Year Balance,fiscal_year,2028,2028,2028,78,9
Medicare,End-of-Year Balance,2029,301.0,Millions of people,51302-2024-06-medicare.xlsx,Medicare_06-2024,true,51302,Total / Hospital Insurance Trust Fund / End-of-Year Balance,fiscal_year,2029,2029,2029,78,10
Medicare,End-of-Year Balance,2030,299.0,Millions of people,51302-2024-06-medicare.xlsx,Medicare_06-2024,true,51302,Total / Hospital Insurance Trust Fund / End-of-Year Balance,fiscal_year,2030,2030,2030,78,11
Medicare,End-of-Year Balance,2031,288.0,Millions of people,51302-2024-06-medicare.xlsx,Medicare_06-2024,true,51302,Total / Hospital Insurance Trust Fund / End-of-Year Balance,fiscal_year,2031,2031,2031,78,12
Medicare,End-of-Year Balance,2032,268.0,Millions of people,51302-2024-06-medicare.xlsx,Medicare_06-2024,true,51302,Total / Hospital Insurance Trust Fund / End-of-Year Balance,fiscal_year,2032,2032,2032,78,13
Medicare,End-of-Year Balance,2033,197.0,Millions of people,51302-2024-06-medicare.xlsx,Medicare_06-2024,true,51302,Total / Hospital Insurance Trust Fund / End-of-Year Balance,fiscal_year,2033,2033,2033,78,14
Medicare,End-of-Year Balance,2034,140.0,Millions of people,51302-2024-06-medicare.xlsx,Medicare_06-2024,true,51302,Total / Hospital Insurance Trust Fund / End-of-Year Balance,fiscal_year,2034,2034,2034,78,15
