program,category,fiscal_year,value,unit,source_file,source_sheet,is_total,program_id,category_path,period_type,period_start_year,period_end_year,period_label,source_row,source_column
Medicare,Mandatory Outlays (a),2019,775.0,Billions of dollars,51302-2020-03-medicare.xlsx,Medicare,true,51302,Medicare Totals (Billions of dollars) / Mandatory Outlays (a),fiscal_year,2019,2019,2019,7,3
Medicare,Mandatory Outlays (a),2020,828.0,Billions of dollars,51302-2020-03-medicare.xlsx,Medicare,true,51302,Medicare Totals (Billions of dollars) / Mandatory Outlays (a),fiscal_year,2020,2020,2020,7,4
Medicare,Mandatory Outlays (a),2021,886.0,Billions of dollars,51302-2020-03-medicare.xlsx,Medicare,true,51302,Medicare Totals (Billions of dollars) / Mandatory Outlays (a),fiscal_year,2021,2021,2021,7,5
Medicare,Mandatory Outlays (a),2022,993.0,Billions of dollars,51302-2020-03-medicare.xlsx,Medicare,true,51302,Medicare Totals (Billions of dollars) / Mandatory Outlays (a),fiscal_year,2022,2022,2022,7,6
Medicare,Mandatory Outlays (a),2023,1027.0,Billions of dollars,51302-2020-03-medicare.xlsx,Medicare,true,51302,Medicare Totals (Billions of dollars) / Mandatory Outlays (a),fiscal_year,2023,2023,2023,7,7
Medicare,Mandatory Outlays (a),2024,1055.0,Billions of dollars,51302-2020-03-medicare.xlsx,Medicare,true,51302,Medicare Totals (Billions of dollars) / Mandatory Outlays (a),fiscal_year,2024,2024,2024,7,8
Medicare,Mandatory Outlays (a),2025,1182.0,Billions of dollars,51302-2020-03-medicare.xlsx,Medicare,true,51302,Medicare Totals (Billions of dollars) / Mandatory Outlays (a),fiscal_year,2025,2025,2025,7,9
Medicare,Mandatory Outlays (a),2026,1269.0,Billions of dollars,51302-2020-03-medicare.xlsx,Medicare,true,51302,Medicare Totals (Billions of dollars) / Mandatory Outlays (a),fiscal_year,2026,2026,2026,7,10
Medicare,Mandatory Outlays (a),2027,1363.0,Billions of dollars,51302-2020-03-medicare.xlsx,Medicare,true,51302,Medicare Totals (Billions of dollars) / Mandatory Outlays (a),fiscal_year,2027,2027,2027,7,11
Medicare,Mandatory Outlays (a),2028,1531.0,Billions of dollars,51302-2020-03-medicare.xlsx,Medicare,true,51302,Medicare Totals (Billions of dollars) / Mandatory Outlays (a),fiscal_year,2028,2028,2028,7,12
Medicare,Mandatory Outlays (a),2029,1504.0,Billions of dollars,51302-2020-03-medicare.xlsx,Medicare,true,51302,Medicare Totals (Billions of dollars) / Mandatory Outlays (a),fiscal_year,2029,2029,2029,7,13
Medicare,Mandatory Outlays (a),2030,1715.0,Billions of dollars,51302-2020-03-medicare.xlsx,Medicare,true,51302,Medicare Totals (Billions of dollars) / Mandatory Outlays (a),fiscal_year,2030,2030,2030,7,14
Medicare,Discretionary Outlays,2019,7.0,Billions of dollars,51302-2020-03-medicare.xlsx,Medicare,true,51302,Medicare Totals (Billions of dollars) / Discretionary Outlays,fiscal_year,2019,2019,2019,8,3
Medicare,Discretionary Outlays,2020,8.0,Billions of dollars,51302-2020-03-medicare.xlsx,Medicare,true,51302,Medicare Totals (Billions of dollars) / Discretionary Outlays,fiscal_year,2020,2020,2020,8,4
Medicare,Discretionary Outlays,2021,8.0,Billions of dollars,51302-2020-03-medicare.xlsx,Medicare,true,51302,Medicare Totals (Billions of dollars) / Discretionary Outlays,fiscal_year,2021,2021,2021,8,5
Medicare,Discretionary Outlays,2022,8.0,Billions of dollars,51302-2020-03-medicare.xlsx,Medicare,true,51302,Medicare Totals (Billions of dollars) / Discretionary Outlays,fiscal_year,2022,2022,2022,8,6
Medicare,Discretionary Outlays,2023,9.0,Billions of dollars,51302-2020-03-medicare.xlsx,Medicare,true,51302,Medicare Totals (Billions of dollars) / Discretionary Outlays,fiscal_year,2023,2023,2023,8,7
Medicare,Discretionary Outlays,2024,9.0,Billions of dollars,51302-2020-03-medicare.xlsx,Medicare,true,51302,Medicare Totals (Billions of dollars) / Discretionary Outlays,fiscal_year,2024,2024,2024,8,8
Medicare,Discretionary Outlays,2025,9.0,Billions of dollars,51302-2020-03-medicare.xlsx,Medicare,true,51302,Medicare Totals (Billions of dollars) / Discretionary Outlays,fiscal_year,2025,2025,2025,8,9
Medicare,Discretionary Outlays,2026,10.0,Billions of dollars,51302-2020-03-medicare.xlsx,Medicare,true,51302,Medicare Totals (Billions of dollars) / Discretionary Outlays,fiscal_year,2026,2026,2026,8,10
Medicare,Discretionary Outlays,2027,10.0,Billions of dollars,51302-2020-03-medicare.xlsx,Medicare,true,51302,Medicare Totals (Billions of dollars) / Discretionary Outlays,fiscal_year,2027,2027,2027,8,11
Medicare,Discretionary Outlays,2028,11.0,Billions of dollars,51302-2020-03-medicare.xlsx,Medicare,true,51302,Medicare Totals (Billions of dollars) / Discretionary Outlays,fiscal_year,2028,2028,2028,8,12
Medicare,Discretionary Outlays,2029,11.0,Billions of dollars,51302-2020-03-medicare.xlsx,Medicare,true,51302,Medicare Totals (Billions of dollars) / Discretionary Outlays,fiscal_year,2029,2029,2029,8,13
Medicare,Discretionary Outlays,2030,12.0,Billions of dollars,51302-2020-03-medicare.xlsx,Medicare,true,51302,Medicare Totals (Billions of dollars) / Discretionary Outlays,fiscal_year,2030,2030,2030,8,14
Medicare,Gross Outlays,2019,782.0,Billions of dollars,51302-2020-03-medicare.xlsx,Medicare,true,51302,Medicare Totals (Billions of dollars) / Gross Outlays,fiscal_year,2019,2019,2019,9,3
Medicare,Gross Outlays,2020,836.0,Billions of dollars,51302-2020-03-medicare.xlsx,Medicare,true,51302,Medicare Totals (Billions of dollars) / Gross Outlays,fiscal_year,2020,2020,2020,9,4
Medicare,Gross Outlays,2021,894.0,Billions of dollars,51302-2020-03-medicare.xlsx,Medicare,true,51302,Medicare Totals (Billions of dollars) / Gross Outlays,fiscal_year,2021,2021,2021,9,5
Medicare,Gross Outlays,2022,1001.0,Billions of dollars,51302-2020-03-medicare.xlsx,Medicare,true,51302,Medicare Totals (Billions of dollars) / Gross Outlays,fiscal_year,2022,2022,2022,9,6
Medicare,Gross Outlays,2023,1036.0,Billions of dollars,51302-2020-03-medicare.xlsx,Medicare,true,51302,Medicare Totals (Billions of dollars) / Gross Outlays,fiscal_year,2023,2023,2023,9,7
Medicare,Gross Outlays,2024,1064.0,Billions of dollars,51302-2020-03-medicare.xlsx,Medicare,true,51302,Medicare Totals (Billions of dollars) / Gross Outlays,fiscal_year,2024,2024,2024,9,8
Medicare,Gross Outlays,2025,1192.0,Billions of dollars,51302-2020-03-medicare.xlsx,Medicare,true,51302,Medicare Totals (Billions of dollars) / Gross Outlays,fiscal_year,2025,2025,2025,9,9
Medicare,Gross Outlays,2026,1279.0,Billions of dollars,51302-2020-03-medicare.xlsx,Medicare,true,51302,Medicare Totals (Billions of dollars) / Gross Outlays,fiscal_year,2026,2026,2026,9,10
Medicare,Gross Outlays,2027,1373.0,Billions of dollars,51302-2020-03-medicare.xlsx,Medicare,true,51302,Medicare Totals (Billions of dollars) / Gross Outlays,fiscal_year,2027,2027,2027,9,11
Medicare,Gross Outlays,2028,1542.0,Billions of dollars,51302-2020-03-medicare.xlsx,Medicare,true,51302,Medicare Totals (Billions of dollars) / Gross Outlays,fiscal_year,2028,2028,2028,9,12
Medicare,Gross Outlays,2029,1515.0,Billions of dollars,51302-2020-03-medicare.xlsx,Medicare,true,51302,Medicare Totals (Billions of dollars) / Gross Outlays,fiscal_year,2029,2029,2029,9,13
Medicare,Gross Outlays,2030,1726.0,Billions of dollars,51302-2020-03-medicare.xlsx,Medicare,true,51302,Medicare Totals (Billions of dollars) / Gross Outlays,fiscal_year,2030,2030,2030,9,14
Medicare,Total Offsetting Receipts (b),2019,-131.0,Billions of dollars,51302-2020-03-medicare.xlsx,Medicare,true,51302,Medicare Totals (Billions of dollars) / Total Offsetting Receipts (b),fiscal_year,2019,2019,2019,10,3
Medicare,Total Offsetting Receipts (b),2020,-140.0,Billions of dollars,51302-2020-03-medicare.xlsx,Medicare,true,51302,Medicare Totals (Billions of dollars) / Total Offsetting Receipts (b),fiscal_year,2020,2020,2020,10,4
Medicare,Total Offsetting Receipts (b),2021,-154.0,Billions of dollars,51302-2020-03-medicare.xlsx,Medicare,true,51302,Medicare Totals (Billions of dollars) / Total Offsetting Receipts (b),fiscal_year,2021,2021,2021,10,5
Medicare,Total Offsetting Receipts (b),2022,-167.0,Billions of dollars,51302-2020-03-medicare.xlsx,Medicare,true,51302,Medicare Totals (Billions of dollars) / Total Offsetting Receipts (b),fiscal_year,2022,2022,2022,10,6
Medicare,Total Offsetting Receipts (b),2023,-180.0,Billions of dollars,51302-2020-03-medicare.xlsx,Medicare,true,51302,Medicare Totals (Billions of dollars) / Total Offsetting Receipts (b),fiscal_year,2023,2023,2023,10,7
Medicare,Total Offsetting Receipts (b),2024,-194.0,Billions of dollars,51302-2020-03-medicare.xlsx,Medicare,true,51302,Medicare Totals (Billions of dollars) / Total Offsetting Receipts (b),fiscal_year,2024,2024,2024,10,8
Medicare,Total Offsetting Receipts (b),2025,-209.0,Billions of dollars,51302-2020-03-medicare.xlsx,Medicare,true,51302,Medicare Totals (Billions of dollars) / Total Offsetting Receipts (b),fiscal_year,2025,2025,2025,10,9
Medicare,Total Offsetting Receipts (b),2026,-225.0,Billions of dollars,51302-2020-03-medicare.xlsx,Medicare,true,51302,Medicare Totals (Billions of dollars) / Total Offsetting Receipts (b),fiscal_year,2026,2026,2026,10,10
Medicare,Total Offsetting Receipts (b),2027,-244.0,Billions of dollars,51302-2020-03-medicare.xlsx,Medicare,true,51302,Medicare Totals (Billions of dollars) / Total Offsetting Receipts (b),fiscal_year,2027,2027,2027,10,11
Medicare,Total Offsetting Receipts (b),2028,-263.0,Billions of dollars,51302-2020-03-medicare.xlsx,Medicare,true,51302,Medicare Totals (Billions of dollars) / Total Offsetting Receipts (b),fiscal_year,2028,2028,2028,10,12
Medicare,Total Offsetting Receipts (b),2029,-285.0,Billions of dollars,51302-2020-03-medicare.xlsx,Medicare,true,51302,Medicare Totals (Billions of dollars) / Total Offsetting Receipts (b),fiscal_year,2029,2029,2029,10,13
Medicare,Total Offsetting Receipts (b),2030,-308.0,Billions of dollars,51302-2020-03-medicare.xlsx,Medicare,true,51302,Medicare Totals (Billions of dollars) / Total Offsetting Receipts (b),fiscal_year,2030,2030,2030,10,14
Medicare,Net Outlays (Gross outlays - receipts),2019,651.0,Billions of dollars,51302-2020-03-medicare.xlsx,Medicare,true,51302,Medicare Totals (Billions of dollars) / Net Outlays (Gross outlays - receipts),fiscal_year,2019,2019,2019,11,3
Medicare,Net Outlays (Gross outlays - receipts),2020,696.0,Billions of dollars,51302-2020-03-medicare.xlsx,Medicare,true,51302,Medicare Totals (Billions of dollars) / Net Outlays (Gross outlays - receipts),fiscal_year,2020,2020,2020,11,4
Medicare,Net Outlays (Gross outlays - receipts),2021,740.0,Billions of dollars,51302-2020-03-medicare.xlsx,Medicare,true,51302,Medicare Totals (Billions of dollars) / Net Outlays (Gross outlays - receipts),fiscal_year,2021,2021,2021,11,5
Medicare,Net Outlays (Gross outlays - receipts),2022,834.0,Billions of dollars,51302-2020-03-medicare.xlsx,Medicare,true,51302,Medicare Totals (Billions of dollars) / Net Outlays (Gross outlays - receipts),fiscal_year,2022,2022,2022,11,6
Medicare,Net Outlays (Gross outlays - receipts),2023,856.0,Billions of dollars,51302-2020-03-medicare.xlsx,Medicare,true,51302,Medicare Totals (Billions of dollars) / Net Outlays (Gross outlays - receipts),fiscal_year,2023,2023,2023,11,7
Medicare,Net Outlays (Gross outlays - receipts),2024,870.0,Billions of dollars,51302-2020-03-medicare.xlsx,Medicare,true,51302,Medicare Totals (Billions of dollars) / Net Outlays (Gross outlays - receipts),fiscal_year,2024,2024,2024,11,8
Medicare,Net Outlays (Gross outlays - receipts),2025,982.0,Billions of dollars,51302-2020-03-medicare.xlsx,Medicare,true,51302,Medicare Totals (Billions of dollars) / Net Outlays (Gross outlays - receipts),fiscal_year,2025,2025,2025,11,9
Medicare,Net Outlays (Gross outlays - receipts),2026,1054.0,Billions of dollars,51302-2020-03-medicare.xlsx,Medicare,true,51302,Medicare Totals (Billions of dollars) / Net Outlays (Gross outlays - receipts),fiscal_year,2026,2026,2026,11,10
Medicare,Net Outlays (Gross outlays - receipts),2027,1130.0,Billions of dollars,51302-2020-03-medicare.xlsx,Medicare,true,51302,Medicare Totals (Billions of dollars) / Net Outlays (Gross outlays - receipts),fiscal_year,2027,2027,2027,11,11
Medicare,Net Outlays (Gross outlays - receipts),2028,1279.0,Billions of dollars,51302-2020-03-medicare.xlsx,Medicare,true,51302,Medicare Totals (Billions of dollars) / Net Outlays (Gross outlays - receipts),fiscal_year,2028,2028,2028,11,12
Medicare,Net Outlays (Gross outlays - receipts),2029,1230.0,Billions of dollars,51302-2020-03-medicare.xlsx,Medicare,true,51302,Medicare Totals (Billions of dollars) / Net Outlays (Gross outlays - receipts),fiscal_year,2029,2029,2029,11,13
Medicare,Net Outlays (Gross outlays - receipts),2030,1418.0,Billions of dollars,51302-2020-03-medicare.xlsx,Medicare,true,51302,Medicare Totals (Billions of dollars) / Net Outlays (Gross outlays - receipts),fiscal_year,2030,2030,2030,11,14
Medicare,Net Mandatory Outlays,2019,644.0,Billions of dollars,51302-2020-03-medicare.xlsx,Medicare,true,51302,Medicare Totals (Billions of dollars) / Net Mandatory Outlays,fiscal_year,2019,2019,2019,12,3
Medicare,Net Mandatory Outlays,2020,688.0,Billions of dollars,51302-2020-03-medicare.xlsx,Medicare,true,51302,Medicare Totals (Billions of dollars) / Net Mandatory Outlays,fiscal_year,2020,2020,2020,12,4
Medicare,Net Mandatory Outlays,2021,732.0,Billions of dollars,51302-2020-03-medicare.xlsx,Medicare,true,51302,Medicare Totals (Billions of dollars) / Net Mandatory Outlays,fiscal_year,2021,2021,2021,12,5
Medicare,Net Mandatory Outlays,2022,826.0,Billions of dollars,51302-2020-03-medicare.xlsx,Medicare,true,51302,Medicare Totals (Billions of dollars) / Net Mandatory Outlays,fiscal_year,2022,2022,2022,12,6
Medicare,Net Mandatory Outlays,2023,847.0,Billions of dollars,51302-2020-03-medicare.xlsx,Medicare,true,51302,Medicare Totals (Billions of dollars) / Net Mandatory Outlays,fiscal_year,2023,2023,2023,12,7
Medicare,Net Mandatory Outlays,2024,861.0,Billions of dollars,51302-2020-03-medicare.xlsx,Medicare,true,51302,Medicare Totals (Billions of dollars) / Net Mandatory Outlays,fiscal_year,2024,2024,2024,12,8
Medicare,Net Mandatory Outlays,2025,973.0,Billions of dollars,51302-2020-03-medicare.xlsx,Medicare,true,51302,Medicare Totals (Billions of dollars) / Net Mandatory Outlays,fiscal_year,2025,2025,2025,12,9
Medicare,Net Mandatory Outlays,2026,1044.0,Billions of dollars,51302-2020-03-medicare.xlsx,Medicare,true,51302,Medicare Totals (Billions of dollars) / Net Mandatory Outlays,fiscal_year,2026,2026,2026,12,10
Medicare,Net Mandatory Outlays,2027,1119.0,Billions of dollars,51302-2020-03-medicare.xlsx,Medicare,true,51302,Medicare Totals (Billions of dollars) / Net Mandatory Outlays,fiscal_year,2027,2027,2027,12,11
Medicare,Net Mandatory Outlays,2028,1268.0,Billions of dollars,51302-2020-03-medicare.xlsx,Medicare,true,51302,Medicare Totals (Billions of dollars) / Net Mandatory Outlays,fiscal_year,2028,2028,2028,12,12
Medicare,Net Mandatory Outlays,2029,1219.0,Billions of dollars,51302-2020-03-medicare.xlsx,Medicare,true,51302,Medicare Totals (Billions of dollars) / Net Mandatory Outlays,fiscal_year,2029,2029,2029,12,13
Medicare,Net Mandatory Outlays,2030,1406.0,Billions of dollars,51302-2020-03-medicare.xlsx,Medicare,true,51302,Medicare Totals (Billions of dollars) / Net Mandatory Outlays,fiscal_year,2030,2030,2030,12,14
Medicare,Part A,2019,324.0,Billions of dollars,51302-2020-03-medicare.xlsx,Medicare,false,51302,Benefits / Part A,fiscal_year,2019,2019,2019,17,3
Medicare,Part A,2020,342.0,Billions of dollars,51302-2020-03-medicare.xlsx,Medicare,false,51302,Benefits / Part A,fiscal_year,2020,2020,2020,17,4
Medicare,Part A,2021,365.0,Billions of dollars,51302-2020-03-medicare.xlsx,Medicare,false,51302,Benefits / Part A,fiscal_year,2021,2021,2021,17,5
Medicare,Part A,2022,405.0,Billions of dollars,51302-2020-03-medicare.xlsx,Medicare,false,51302,Benefits / Part A,fiscal_year,2022,2022,2022,17,6
Medicare,Part A,2023,419.0,Billions of dollars,51302-2020-03-medicare.xlsx,Medicare,false,51302,Benefits / Part A,fiscal_year,2023,2023,2023,17,7
Medicare,Part A,2024,430.0,Billions of dollars,51302-2020-03-medicare.xlsx,Medicare,false,51302,Benefits / Part A,fiscal_year,2024,2024,2024,17,8
Medicare,Part A,2025,475.0,Billions of dollars,51302-2020-03-medicare.xlsx,Medicare,false,51302,Benefits / Part A,fiscal_year,2025,2025,2025,17,9
Medicare,Part A,2026,505.0,Billions of dollars,51302-2020-03-medicare.xlsx,Medicare,false,51302,Benefits / Part A,fiscal_year,2026,2026,2026,17,10
Medicare,Part A,2027,536.0,Billions of dollars,51302-2020-03-medicare.xlsx,Medicare,false,51302,Benefits / Part A,fiscal_year,2027,2027,2027,17,11
Medicare,Part A,2028,591.0,Billions of dollars,51302-2020-03-medicare.xlsx,Medicare,false,51302,Benefits / Part A,fiscal_year,2028,2028,2028,17,12
Medicare,Part A,2029,581.0,Billions of dollars,51302-2020-03-medicare.xlsx,Medicare,false,51302,Benefits / Part A,fiscal_year,2029,2029,2029,17,13
Medicare,Part A,2030,654.0,Billions of dollars,51302-2020-03-medicare.xlsx,Medicare,false,51302,Benefits / Part A,fiscal_year,2030,2030,2030,17,14
Medicare,Part B,2019,364.0,Billions of dollars,51302-2020-03-medicare.xlsx,Medicare,false,51302,Benefits / Part B,fiscal_year,2019,2019,2019,18,3
Medicare,Part B,2020,394.0,Billions of dollars,51302-2020-03-medicare.xlsx,Medicare,false,51302,Benefits / Part B,fiscal_year,2020,2020,2020,18,4
Medicare,Part B,2021,422.0,Billions of dollars,51302-2020-03-medicare.xlsx,Medicare,false,51302,Benefits / Part B,fiscal_year,2021,2021,2021,18,5
Medicare,Part B,2022,474.0,Billions of dollars,51302-2020-03-medicare.xlsx,Medicare,false,51302,Benefits / Part B,fiscal_year,2022,2022,2022,18,6
Medicare,Part B,2023,494.0,Billions of dollars,51302-2020-03-medicare.xlsx,Medicare,false,51302,Benefits / Part B,fiscal_year,2023,2023,2023,18,7
Medicare,Part B,2024,510.0,Billions of dollars,51302-2020-03-medicare.xlsx,Medicare,false,51302,Benefits / Part B,fiscal_year,2024,2024,2024,18,8
Medicare,Part B,2025,574.0,Billions of dollars,51302-2020-03-medicare.xlsx,Medicare,false,51302,Benefits / Part B,fiscal_year,2025,2025,2025,18,9
Medicare,Part B,2026,620.0,Billions of dollars,51302-2020-03-medicare.xlsx,Medicare,false,51302,Benefits / Part B,fiscal_year,2026,2026,2026,18,10
Medicare,Part B,2027,671.0,Billions of dollars,51302-2020-03-medicare.xlsx,Medicare,false,51302,Benefits / Part B,fiscal_year,2027,2027,2027,18,11
Medicare,Part B,2028,759.0,Billions of dollars,51302-2020-03-medicare.xlsx,Medicare,false,51302,Benefits / Part B,fiscal_year,2028,2028,2028,18,12
Medicare,Part B,2029,754.0,Billions of dollars,51302-2020-03-medicare.xlsx,Medicare,false,51302,Benefits / Part B,fiscal_year,2029,2029,2029,18,13
Medicare,Part B,2030,865.0,Billions of dollars,51302-2020-03-medicare.xlsx,Medicare,false,51302,Benefits / Part B,fiscal_year,2030,2030,2030,18,14
Medicare,Part D,2019,85.0,Billions of dollars,51302-2020-03-medicare.xlsx,Medicare,false,51302,Benefits / Part D,fiscal_year,2019,2019,2019,19,3
Medicare,Part D,2020,90.0,Billions of dollars,51302-2020-03-medicare.xlsx,Medicare,false,51302,Benefits / Part D,fiscal_year,2020,2020,2020,19,4
Medicare,Part D,2021,96.0,Billions of dollars,51302-2020-03-medicare.xlsx,Medicare,false,51302,Benefits / Part D,fiscal_year,2021,2021,2021,19,5
Medicare,Part D,2022,111.0,Billions of dollars,51302-2020-03-medicare.xlsx,Medicare,false,51302,Benefits / Part D,fiscal_year,2022,2022,2022,19,6
Medicare,Part D,2023,112.0,Billions of dollars,51302-2020-03-medicare.xlsx,Medicare,false,51302,Benefits / Part D,fiscal_year,2023,2023,2023,19,7
Medicare,Part D,2024,112.0,Billions of dollars,51302-2020-03-medicare.xlsx,Medicare,false,51302,Benefits / Part D,fiscal_year,2024,2024,2024,19,8
Medicare,Part D,2025,131.0,Billions of dollars,51302-2020-03-medicare.xlsx,Medicare,false,51302,Benefits / Part D,fiscal_year,2025,2025,2025,19,9
Medicare,Part D,2026,142.0,Billions of dollars,51302-2020-03-medicare.xlsx,Medicare,false,51302,Benefits / Part D,fiscal_year,2026,2026,2026,19,10
Medicare,Part D,2027,153.0,Billions of dollars,51302-2020-03-medicare.xlsx,Medicare,false,51302,Benefits / Part D,fiscal_year,2027,2027,2027,19,11
Medicare,Part D,2028,178.0,Billions of dollars,51302-2020-03-medicare.xlsx,Medicare,false,51302,Benefits / Part D,fiscal_year,2028,2028,2028,19,12
Medicare,Part D,2029,166.0,Billions of dollars,51302-2020-03-medicare.xlsx,Medicare,false,51302,Benefits / Part D,fiscal_year,2029,2029,2029,19,13
Medicare,Part D,2030,192.0,Billions of dollars,51302-2020-03-medicare.xlsx,Medicare,false,51302,Benefits / Part D,fiscal_year,2030,2030,2030,19,14
Medicare,Total Benefits,2019,773.0,Billions of dollars,51302-2020-03-medicare.xlsx,Medicare,true,51302,Benefits / Total Benefits,fiscal_year,2019,2019,2019,20,3
Medicare,Total Benefits,2020,826.0,Billions of dollars,51302-2020-03-medicare.xlsx,Medicare,true,51302,Benefits / Total Benefits,fiscal_year,2020,2020,2020,20,4
Medicare,Total Benefits,2021,884.0,Billions of dollars,51302-2020-03-medicare.xlsx,Medicare,true,51302,Benefits / Total Benefits,fiscal_year,2021,2021,2021,20,5
Medicare,Total Benefits,2022,990.0,Billions of dollars,51302-2020-03-medicare.xlsx,Medicare,true,51302,Benefits / Total Benefits,fiscal_year,2022,2022,2022,20,6
Medicare,Total Benefits,2023,1025.0,Billions of dollars,51302-2020-03-medicare.xlsx,Medicare,true,51302,Benefits / Total Benefits,fiscal_year,2023,2023,2023,20,7
Medicare,Total Benefits,2024,1052.0,Billions of dollars,51302-2020-03-medicare.xlsx,Medicare,true,51302,Benefits / Total Benefits,fiscal_year,2024,2024,2024,20,8
Medicare,Total Benefits,2025,1180.0,Billions of dollars,51302-2020-03-medicare.xlsx,Medicare,true,51302,Benefits / Total Benefits,fiscal_year,2025,2025,2025,20,9
Medicare,Total Benefits,2026,1267.0,Billions of dollars,51302-2020-03-medicare.xlsx,Medicare,true,51302,Benefits / Total Benefits,fiscal_year,2026,2026,2026,20,10
Medicare,Total Benefits,2027,1361.0,Billions of dollars,51302-2020-03-medicare.xlsx,Medicare,true,51302,Benefits / Total Benefits,fiscal_year,2027,2027,2027,20,11
Medicare,Total Benefits,2028,1529.0,Billions of dollars,51302-2020-03-medicare.xlsx,Medicare,true,51302,Benefits / Total Benefits,fiscal_year,2028,2028,2028,20,12
Medicare,Total Benefits,2029,1501.0,Billions of dollars,51302-2020-03-medicare.xlsx,Medicare,true,51302,Benefits / Total Benefits,fiscal_year,2029,2029,2029,20,13
Medicare,Total Benefits,2030,1712.0,Billions of dollars,51302-2020-03-medicare.xlsx,Medicare,true,51302,Benefits / Total Benefits,fiscal_year,2030,2030,2030,20,14
Medicare,Mandatory Administration (c),2019,3.0,Billions of dollars,51302-2020-03-medicare.xlsx,Medicare,false,51302,Benefits / Mandatory Administration (c),fiscal_year,2019,2019,2019,21,3
Medicare,Mandatory Administration (c),2020,2.0,Billions of dollars,51302-2020-03-medicare.xlsx,Medicare,false,51302,Benefits / Mandatory Administration (c),fiscal_year,2020,2020,2020,21,4
Medicare,Mandatory Administration (c),2021,2.0,Billions of dollars,51302-2020-03-medicare.xlsx,Medicare,false,51302,Benefits / Mandatory Administration (c),fiscal_year,2021,2021,2021,21,5
Medicare,Mandatory Administration (c),2022,2.0,Billions of dollars,51302-2020-03-medicare.xlsx,Medicare,false,51302,Benefits / Mandatory Administration (c),fiscal_year,2022,2022,2022,21,6
Medicare,Mandatory Administration (c),2023,2.0,Billions of dollars,51302-2020-03-medicare.xlsx,Medicare,false,51302,Benefits / Mandatory Administration (c),fiscal_year,2023,2023,2023,21,7
Medicare,Mandatory Administration (c),2024,3.0,Billions of dollars,51302-2020-03-medicare.xlsx,Medicare,false,51302,Benefits / Mandatory Administration (c),fiscal_year,2024,2024,2024,21,8
Medicare,Mandatory Administration (c),2025,2.0,Billions of dollars,51302-2020-03-medicare.xlsx,Medicare,false,51302,Benefits / Mandatory Administration (c),fiscal_year,2025,2025,2025,21,9
Medicare,Mandatory Administration (c),2026,2.0,Billions of dollars,51302-2020-03-medicare.xlsx,Medicare,false,51302,Benefits / Mandatory Administration (c),fiscal_year,2026,2026,2026,21,10
Medicare,Mandatory Administration (c),2027,2.0,Billions of dollars,51302-2020-03-medicare.xlsx,Medicare,false,51302,Benefits / Mandatory Administration (c),fiscal_year,2027,2027,2027,21,11
Medicare,Mandatory Administration (c),2028,3.0,Billions of dollars,51302-2020-03-medicare.xlsx,Medicare,false,51302,Benefits / Mandatory Administration (c),fiscal_year,2028,2028,2028,21,12
Medicare,Mandatory Administration (c),2029,3.0,Billions of dollars,51302-2020-03-medicare.xlsx,Medicare,false,51302,Benefits / Mandatory Administration (c),fiscal_year,2029,2029,2029,21,13
Medicare,Mandatory Administration (c),2030,3.0,Billions of dollars,51302-2020-03-medicare.xlsx,Medicare,false,51302,Benefits / Mandatory Administration (c),fiscal_year,2030,2030,2030,21,14
Medicare,Total Mandatory Outlays,2019,775.0,Billions of dollars,51302-2020-03-medicare.xlsx,Medicare,true,51302,Benefits / Total Mandatory Outlays,fiscal_year,2019,2019,2019,22,3
Medicare,Total Mandatory Outlays,2020,828.0,Billions of dollars,51302-2020-03-medicare.xlsx,Medicare,true,51302,Benefits / Total Mandatory Outlays,fiscal_year,2020,2020,2020,22,4
Medicare,Total Mandatory Outlays,2021,886.0,Billions of dollars,51302-2020-03-medicare.xlsx,Medicare,true,51302,Benefits / Total Mandatory Outlays,fiscal_year,2021,2021,2021,22,5
Medicare,Total Mandatory Outlays,2022,993.0,Billions of dollars,51302-2020-03-medicare.xlsx,Medicare,true,51302,Benefits / Total Mandatory Outlays,fiscal_year,2022,2022,2022,22,6
Medicare,Total Mandatory Outlays,2023,1027.0,Billions of dollars,51302-2020-03-medicare.xlsx,Medicare,true,51302,Benefits / Total Mandatory Outlays,fiscal_year,2023,2023,2023,22,7
Medicare,Total Mandatory Outlays,2024,1055.0,Billions of dollars,51302-2020-03-medicare.xlsx,Medicare,true,51302,Benefits / Total Mandatory Outlays,fiscal_year,2024,2024,2024,22,8
Medicare,Total Mandatory Outlays,2025,1182.0,Billions of dollars,51302-2020-03-medicare.xlsx,Medicare,true,51302,Benefits / Total Mandatory Outlays,fiscal_year,2025,2025,2025,22,9
Medicare,Total Mandatory Outlays,2026,1269.0,Billions of dollars,51302-2020-03-medicare.xlsx,Medicare,true,51302,Benefits / Total Mandatory Outlays,fiscal_year,2026,2026,2026,22,10
Medicare,Total Mandatory Outlays,2027,1363.0,Billions of dollars,51302-2020-03-medicare.xlsx,Medicare,true,51302,Benefits / Total Mandatory Outlays,fiscal_year,2027,2027,2027,22,11
Medicare,Total Mandatory Outlays,2028,1531.0,Billions of dollars,51302-2020-03-medicare.xlsx,Medicare,true,51302,Benefits / Total Mandatory Outlays,fiscal_year,2028,2028,2028,22,12
Medicare,Total Mandatory Outlays,2029,1504.0,Billions of dollars,51302-2020-03-medicare.xlsx,Medicare,true,51302,Benefits / Total Mandatory Outlays,fiscal_year,2029,2029,2029,22,13
Medicare,Total Mandatory Outlays,2030,1715.0,Billions of dollars,51302-2020-03-medicare.xlsx,Medicare,true,51302,Benefits / Total Mandatory Outlays,fiscal_year,2030,2030,2030,22,14
Medicare,Hospital Inpatient Care,2019,147.0,Billions of dollars,51302-2020-03-medicare.xlsx,Medicare,false,51302,Components of Benefits Payments (Billions of dollars) / Hospital Inpatient Care,fiscal_year,2019,2019,2019,27,3
Medicare,Hospital Inpatient Care,2020,148.0,Billions of dollars,51302-2020-03-medicare.xlsx,Medicare,false,51302,Components of Benefits Payments (Billions of dollars) / Hospital Inpatient Care,fiscal_year,2020,2020,2020,27,4
Medicare,Hospital Inpatient Care,2021,153.0,Billions of dollars,51302-2020-03-medicare.xlsx,Medicare,false,51302,Components of Benefits Payments (Billions of dollars) / Hospital Inpatient Care,fiscal_year,2021,2021,2021,27,5
Medicare,Hospital Inpatient Care,2022,159.0,Billions of dollars,51302-2020-03-medicare.xlsx,Medicare,false,51302,Components of Benefits Payments (Billions of dollars) / Hospital Inpatient Care,fiscal_year,2022,2022,2022,27,6
Medicare,Hospital Inpatient Care,2023,165.0,Billions of dollars,51302-2020-03-medicare.xlsx,Medicare,false,51302,Components of Benefits Payments (Billions of dollars) / Hospital Inpatient Care,fiscal_year,2023,2023,2023,27,7
Medicare,Hospital Inpatient Care,2024,172.0,Billions of dollars,51302-2020-03-medicare.xlsx,Medicare,false,51302,Components of Benefits Payments (Billions of dollars) / Hospital Inpatient Care,fiscal_year,2024,2024,2024,27,8
Medicare,Hospital Inpatient Care,2025,179.0,Billions of dollars,51302-2020-03-medicare.xlsx,Medicare,false,51302,Components of Benefits Payments (Billions of dollars) / Hospital Inpatient Care,fiscal_year,2025,2025,2025,27,9
Medicare,Hospital Inpatient Care,2026,186.0,Billions of dollars,51302-2020-03-medicare.xlsx,Medicare,false,51302,Components of Benefits Payments (Billions of dollars) / Hospital Inpatient Care,fiscal_year,2026,2026,2026,27,10
Medicare,Hospital Inpatient Care,2027,194.0,Billions of dollars,51302-2020-03-medicare.xlsx,Medicare,false,51302,Components of Benefits Payments (Billions of dollars) / Hospital Inpatient Care,fiscal_year,2027,2027,2027,27,11
Medicare,Hospital Inpatient Care,2028,202.0,Billions of dollars,51302-2020-03-medicare.xlsx,Medicare,false,51302,Components of Benefits Payments (Billions of dollars) / Hospital Inpatient Care,fiscal_year,2028,2028,2028,27,12
Medicare,Hospital Inpatient Care,2029,210.0,Billions of dollars,51302-2020-03-medicare.xlsx,Medicare,false,51302,Components of Benefits Payments (Billions of dollars) / Hospital Inpatient Care,fiscal_year,2029,2029,2029,27,13
Medicare,Hospital Inpatient Care,2030,223.0,Billions of dollars,51302-2020-03-medicare.xlsx,Medicare,false,51302,Components of Benefits Payments (Billions of dollars) / Hospital Inpatient Care,fiscal_year,2030,2030,2030,27,14
Medicare,Skilled Nursing Facilities,2019,28.0,Billions of dollars,51302-2020-03-medicare.xlsx,Medicare,false,51302,Components of Benefits Payments (Billions of dollars) / Skilled Nursing Facilities,fiscal_year,2019,2019,2019,28,3
Medicare,Skilled Nursing Facilities,2020,28.0,Billions of dollars,51302-2020-03-medicare.xlsx,Medicare,false,51302,Components of Benefits Payments (Billions of dollars) / Skilled Nursing Facilities,fiscal_year,2020,2020,2020,28,4
Medicare,Skilled Nursing Facilities,2021,28.0,Billions of dollars,51302-2020-03-medicare.xlsx,Medicare,false,51302,Components of Benefits Payments (Billions of dollars) / Skilled Nursing Facilities,fiscal_year,2021,2021,2021,28,5
Medicare,Skilled Nursing Facilities,2022,29.0,Billions of dollars,51302-2020-03-medicare.xlsx,Medicare,false,51302,Components of Benefits Payments (Billions of dollars) / Skilled Nursing Facilities,fiscal_year,2022,2022,2022,28,6
Medicare,Skilled Nursing Facilities,2023,30.0,Billions of dollars,51302-2020-03-medicare.xlsx,Medicare,false,51302,Components of Benefits Payments (Billions of dollars) / Skilled Nursing Facilities,fiscal_year,2023,2023,2023,28,7
Medicare,Skilled Nursing Facilities,2024,31.0,Billions of dollars,51302-2020-03-medicare.xlsx,Medicare,false,51302,Components of Benefits Payments (Billions of dollars) / Skilled Nursing Facilities,fiscal_year,2024,2024,2024,28,8
Medicare,Skilled Nursing Facilities,2025,32.0,Billions of dollars,51302-2020-03-medicare.xlsx,Medicare,false,51302,Components of Benefits Payments (Billions of dollars) / Skilled Nursing Facilities,fiscal_year,2025,2025,2025,28,9
Medicare,Skilled Nursing Facilities,2026,33.0,Billions of dollars,51302-2020-03-medicare.xlsx,Medicare,false,51302,Components of Benefits Payments (Billions of dollars) / Skilled Nursing Facilities,fiscal_year,2026,2026,2026,28,10
Medicare,Skilled Nursing Facilities,2027,34.0,Billions of dollars,51302-2020-03-medicare.xlsx,Medicare,false,51302,Components of Benefits Payments (Billions of dollars) / Skilled Nursing Facilities,fiscal_year,2027,2027,2027,28,11
Medicare,Skilled Nursing Facilities,2028,35.0,Billions of dollars,51302-2020-03-medicare.xlsx,Medicare,false,51302,Components of Benefits Payments (Billions of dollars) / Skilled Nursing Facilities,fiscal_year,2028,2028,2028,28,12
Medicare,Skilled Nursing Facilities,2029,37.0,Billions of dollars,51302-2020-03-medicare.xlsx,Medicare,false,51302,Components of Benefits Payments (Billions of dollars) / Skilled Nursing Facilities,fiscal_year,2029,2029,2029,28,13
Medicare,Skilled Nursing Facilities,2030,39.0,Billions of dollars,51302-2020-03-medicare.xlsx,Medicare,false,51302,Components of Benefits Payments (Billions of dollars) / Skilled Nursing Facilities,fiscal_year,2030,2030,2030,28,14
Medicare,Physician Fee Schedule,2019,73.0,Billions of dollars,51302-2020-03-medicare.xlsx,Medicare,false,51302,Components of Benefits Payments (Billions of dollars) / Physician Fee Schedule,fiscal_year,2019,2019,2019,29,3
Medicare,Physician Fee Schedule,2020,75.0,Billions of dollars,51302-2020-03-medicare.xlsx,Medicare,false,51302,Components of Benefits Payments (Billions of dollars) / Physician Fee Schedule,fiscal_year,2020,2020,2020,29,4
Medicare,Physician Fee Schedule,2021,75.0,Billions of dollars,51302-2020-03-medicare.xlsx,Medicare,false,51302,Components of Benefits Payments (Billions of dollars) / Physician Fee Schedule,fiscal_year,2021,2021,2021,29,5
Medicare,Physician Fee Schedule,2022,77.0,Billions of dollars,51302-2020-03-medicare.xlsx,Medicare,false,51302,Components of Benefits Payments (Billions of dollars) / Physician Fee Schedule,fiscal_year,2022,2022,2022,29,6
Medicare,Physician Fee Schedule,2023,79.0,Billions of dollars,51302-2020-03-medicare.xlsx,Medicare,false,51302,Components of Benefits Payments (Billions of dollars) / Physician Fee Schedule,fiscal_year,2023,2023,2023,29,7
Medicare,Physician Fee Schedule,2024,81.0,Billions of dollars,51302-2020-03-medicare.xlsx,Medicare,false,51302,Components of Benefits Payments (Billions of dollars) / Physician Fee Schedule,fiscal_year,2024,2024,2024,29,8
Medicare,Physician Fee Schedule,2025,83.0,Billions of dollars,51302-2020-03-medicare.xlsx,Medicare,false,51302,Components of Benefits Payments (Billions of dollars) / Physician Fee Schedule,fiscal_year,2025,2025,2025,29,9
Medicare,Physician Fee Schedule,2026,86.0,Billions of dollars,51302-2020-03-medicare.xlsx,Medicare,false,51302,Components of Benefits Payments (Billions of dollars) / Physician Fee Schedule,fiscal_year,2026,2026,2026,29,10
Medicare,Physician Fee Schedule,2027,89.0,Billions of dollars,51302-2020-03-medicare.xlsx,Medicare,false,51302,Components of Benefits Payments (Billions of dollars) / Physician Fee Schedule,fiscal_year,2027,2027,2027,29,11
Medicare,Physician Fee Schedule,2028,92.0,Billions of dollars,51302-2020-03-medicare.xlsx,Medicare,false,51302,Components of Benefits Payments (Billions of dollars) / Physician Fee Schedule,fiscal_year,2028,2028,2028,29,12
Medicare,Physician Fee Schedule,2029,96.0,Billions of dollars,51302-2020-03-medicare.xlsx,Medicare,false,51302,Components of Benefits Payments (Billions of dollars) / Physician Fee Schedule,fiscal_year,2029,2029,2029,29,13
Medicare,Physician Fee Schedule,2030,101.0,Billions of dollars,51302-2020-03-medicare.xlsx,Medicare,false,51302,Components of Benefits Payments (Billions of dollars) / Physician Fee Schedule,fiscal_year,2030,2030,2030,29,14
Medicare,Hospital Outpatient Services,2019,56.0,Billions of dollars,51302-2020-03-medicare.xlsx,Medicare,false,51302,Components of Benefits Payments (Billions of dollars) / Hospital Outpatient Services,fiscal_year,2019,2019,2019,30,3
Medicare,Hospital Outpatient Services,2020,58.0,Billions of dollars,51302-2020-03-medicare.xlsx,Medicare,false,51302,Components of Benefits Payments (Billions of dollars) / Hospital Outpatient Services,fiscal_year,2020,2020,2020,30,4
Medicare,Hospital Outpatient Services,2021,60.0,Billions of dollars,51302-2020-03-medicare.xlsx,Medicare,false,51302,Components of Benefits Payments (Billions of dollars) / Hospital Outpatient Services,fiscal_year,2021,2021,2021,30,5
Medicare,Hospital Outpatient Services,2022,64.0,Billions of dollars,51302-2020-03-medicare.xlsx,Medicare,false,51302,Components of Benefits Payments (Billions of dollars) / Hospital Outpatient Services,fiscal_year,2022,2022,2022,30,6
Medicare,Hospital Outpatient Services,2023,69.0,Billions of dollars,51302-2020-03-medicare.xlsx,Medicare,false,51302,Components of Benefits Payments (Billions of dollars) / Hospital Outpatient Services,fiscal_year,2023,2023,2023,30,7
Medicare,Hospital Outpatient Services,2024,75.0,Billions of dollars,51302-2020-03-medicare.xlsx,Medicare,false,51302,Components of Benefits Payments (Billions of dollars) / Hospital Outpatient Services,fiscal_year,2024,2024,2024,30,8
Medicare,Hospital Outpatient Services,2025,82.0,Billions of dollars,51302-2020-03-medicare.xlsx,Medicare,false,51302,Components of Benefits Payments (Billions of dollars) / Hospital Outpatient Services,fiscal_year,2025,2025,2025,30,9
Medicare,Hospital Outpatient Services,2026,89.0,Billions of dollars,51302-2020-03-medicare.xlsx,Medicare,false,51302,Components of Benefits Payments (Billions of dollars) / Hospital Outpatient Services,fiscal_year,2026,2026,2026,30,10
Medicare,Hospital Outpatient Services,2027,97.0,Billions of dollars,51302-2020-03-medicare.xlsx,Medicare,false,51302,Components of Benefits Payments (Billions of dollars) / Hospital Outpatient Services,fiscal_year,2027,2027,2027,30,11
Medicare,Hospital Outpatient Services,2028,106.0,Billions of dollars,51302-2020-03-medicare.xlsx,Medicare,false,51302,Components of Benefits Payments (Billions of dollars) / Hospital Outpatient Services,fiscal_year,2028,2028,2028,30,12
Medicare,Hospital Outpatient Services,2029,116.0,Billions of dollars,51302-2020-03-medicare.xlsx,Medicare,false,51302,Components of Benefits Payments (Billions of dollars) / Hospital Outpatient Services,fiscal_year,2029,2029,2029,30,13
Medicare,Hospital Outpatient Services,2030,128.0,Billions of dollars,51302-2020-03-medicare.xlsx,Medicare,false,51302,Components of Benefits Payments (Billions of dollars) / Hospital Outpatient Services,fiscal_year,2030,2030,2030,30,14
Medicare,Group Plans (Includes Medicare Advantage),2019,264.0,Billions of dollars,51302-2020-03-medicare.xlsx,Medicare,false,51302,Components of Benefits Payments (Billions of dollars) / Group Plans (Includes Medicare Advantage),fiscal_year,2019,2019,2019,31,3
Medicare,Group Plans (Includes Medicare Advantage),2020,304.0,Billions of dollars,51302-2020-03-medicare.xlsx,Medicare,false,51302,Components of Benefits Payments (Billions of dollars) / Group Plans (Includes Medicare Advantage),fiscal_year,2020,2020,2020,31,4
Medicare,Group Plans (Includes Medicare Advantage),2021,343.0,Billions of dollars,51302-2020-03-medicare.xlsx,Medicare,false,51302,Components of Benefits Payments (Billions of dollars) / Group Plans (Includes Medicare Advantage),fiscal_year,2021,2021,2021,31,5
Medicare,Group Plans (Includes Medicare Advantage),2022,417.0,Billions of dollars,51302-2020-03-medicare.xlsx,Medicare,false,51302,Components of Benefits Payments (Billions of dollars) / Group Plans (Includes Medicare Advantage),fiscal_year,2022,2022,2022,31,6
Medicare,Group Plans (Includes Medicare Advantage),2023,430.0,Billions of dollars,51302-2020-03-medicare.xlsx,Medicare,false,51302,Components of Benefits Payments (Billions of dollars) / Group Plans (Includes Medicare Advantage),fiscal_year,2023,2023,2023,31,7
Medicare,Group Plans (Includes Medicare Advantage),2024,434.0,Billions of dollars,51302-2020-03-medicare.xlsx,Medicare,false,51302,Components of Benefits Payments (Billions of dollars) / Group Plans (Includes Medicare Advantage),fiscal_year,2024,2024,2024,31,8
Medicare,Group Plans (Includes Medicare Advantage),2025,517.0,Billions of dollars,51302-2020-03-medicare.xlsx,Medicare,false,51302,Components of Benefits Payments (Billions of dollars) / Group Plans (Includes Medicare Advantage),fiscal_year,2025,2025,2025,31,9
Medicare,Group Plans (Includes Medicare Advantage),2026,566.0,Billions of dollars,51302-2020-03-medicare.xlsx,Medicare,false,51302,Components of Benefits Payments (Billions of dollars) / Group Plans (Includes Medicare Advantage),fiscal_year,2026,2026,2026,31,10
Medicare,Group Plans (Includes Medicare Advantage),2027,618.0,Billions of dollars,51302-2020-03-medicare.xlsx,Medicare,false,51302,Components of Benefits Payments (Billions of dollars) / Group Plans (Includes Medicare Advantage),fiscal_year,2027,2027,2027,31,11
Medicare,Group Plans (Includes Medicare Advantage),2028,730.0,Billions of dollars,51302-2020-03-medicare.xlsx,Medicare,false,51302,Components of Benefits Payments (Billions of dollars) / Group Plans (Includes Medicare Advantage),fiscal_year,2028,2028,2028,31,12
Medicare,Group Plans (Includes Medicare Advantage),2029,680.0,Billions of dollars,51302-2020-03-medicare.xlsx,Medicare,false,51302,Components of Benefits Payments (Billions of dollars) / Group Plans (Includes Medicare Advantage),fiscal_year,2029,2029,2029,31,13
Medicare,Group Plans (Includes Medicare Advantage),2030,820.0,Billions of dollars,51302-2020-03-medicare.xlsx,Medicare,false,51302,Components of Benefits Payments (Billions of dollars) / Group Plans (Includes Medicare Advantage),fiscal_year,2030,2030,2030,31,14
Medicare,Home Health Agencies,2019,18.0,Billions of dollars,51302-2020-03-medicare.xlsx,Medicare,false,51302,Components of Benefits Payments (Billions of dollars) / Home Health Agencies,fiscal_year,2019,2019,2019,32,3
Medicare,Home Health Agencies,2020,18.0,Billions of dollars,51302-2020-03-medicare.xlsx,Medicare,false,51302,Components of Benefits Payments (Billions of dollars) / Home Health Agencies,fiscal_year,2020,2020,2020,32,4
Medicare,Home Health Agencies,2021,19.0,Billions of dollars,51302-2020-03-medicare.xlsx,Medicare,false,51302,Components of Benefits Payments (Billions of dollars) / Home Health Agencies,fiscal_year,2021,2021,2021,32,5
Medicare,Home Health Agencies,2022,20.0,Billions of dollars,51302-2020-03-medicare.xlsx,Medicare,false,51302,Components of Benefits Payments (Billions of dollars) / Home Health Agencies,fiscal_year,2022,2022,2022,32,6
Medicare,Home Health Agencies,2023,21.0,Billions of dollars,51302-2020-03-medicare.xlsx,Medicare,false,51302,Components of Benefits Payments (Billions of dollars) / Home Health Agencies,fiscal_year,2023,2023,2023,32,7
Medicare,Home Health Agencies,2024,22.0,Billions of dollars,51302-2020-03-medicare.xlsx,Medicare,false,51302,Components of Benefits Payments (Billions of dollars) / Home Health Agencies,fiscal_year,2024,2024,2024,32,8
Medicare,Home Health Agencies,2025,23.0,Billions of dollars,51302-2020-03-medicare.xlsx,Medicare,false,51302,Components of Benefits Payments (Billions of dollars) / Home Health Agencies,fiscal_year,2025,2025,2025,32,9
Medicare,Home Health Agencies,2026,24.0,Billions of dollars,51302-2020-03-medicare.xlsx,Medicare,false,51302,Components of Benefits Payments (Billions of dollars) / Home Health Agencies,fiscal_year,2026,2026,2026,32,10
Medicare,Home Health Agencies,2027,25.0,Billions of dollars,51302-2020-03-medicare.xlsx,Medicare,false,51302,Components of Benefits Payments (Billions of dollars) / Home Health Agencies,fiscal_year,2027,2027,2027,32,11
Medicare,Home Health Agencies,2028,26.0,Billions of dollars,51302-2020-03-medicare.xlsx,Medicare,false,51302,Components of Benefits Payments (Billions of dollars) / Home Health Agencies,fiscal_year,2028,2028,2028,32,12
Medicare,Home Health Agencies,2029,28.0,Billions of dollars,51302-2020-03-medicare.xlsx,Medicare,false,51302,Components of Benefits Payments (Billions of dollars) / Home Health Agencies,fiscal_year,2029,2029,2029,32,13
Medicare,Home Health Agencies,2030,30.0,Billions of dollars,51302-2020-03-medicare.xlsx,Medicare,false,51302,Components of Benefits Payments (Billions of dollars) / Home Health Agencies,fiscal_year,2030,2030,2030,32,14
Medicare,Part D Prescription Drugs (d),2019,85.0,Billions of dollars,51302-2020-03-medicare.xlsx,Medicare,false,51302,Components of Benefits Payments (Billions of dollars) / Part D Prescription Drugs (d),fiscal_year,2019,2019,2019,33,3
Medicare,Part D Prescription Drugs (d),2020,90.0,Billions of dollars,51302-2020-03-medicare.xlsx,Medicare,false,51302,Components of Benefits Payments (Billions of dollars) / Part D Prescription Drugs (d),fiscal_year,2020,2020,2020,33,4
Medicare,Part D Prescription Drugs (d),2021,96.0,Billions of dollars,51302-2020-03-medicare.xlsx,Medicare,false,51302,Components of Benefits Payments (Billions of dollars) / Part D Prescription Drugs (d),fiscal_year,2021,2021,2021,33,5
Medicare,Part D Prescription Drugs (d),2022,111.0,Billions of dollars,51302-2020-03-medicare.xlsx,Medicare,false,51302,Components of Benefits Payments (Billions of dollars) / Part D Prescription Drugs (d),fiscal_year,2022,2022,2022,33,6
Medicare,Part D Prescription Drugs (d),2023,112.0,Billions of dollars,51302-2020-03-medicare.xlsx,Medicare,false,51302,Components of Benefits Payments (Billions of dollars) / Part D Prescription Drugs (d),fiscal_year,2023,2023,2023,33,7
Medicare,Part D Prescription Drugs (d),2024,112.0,Billions of dollars,51302-2020-03-medicare.xlsx,Medicare,false,51302,Components of Benefits Payments (Billions of dollars) / Part D Prescription Drugs (d),fiscal_year,2024,2024,2024,33,8
Medicare,Part D Prescription Drugs (d),2025,131.0,Billions of dollars,51302-2020-03-medicare.xlsx,Medicare,false,51302,Components of Benefits Payments (Billions of dollars) / Part D Prescription Drugs (d),fiscal_year,2025,2025,2025,33,9
Medicare,Part D Prescription Drugs (d),2026,142.0,Billions of dollars,51302-2020-03-medicare.xlsx,Medicare,false,51302,Components of Benefits Payments (Billions of dollars) / Part D Prescription Drugs (d),fiscal_year,2026,2026,2026,33,10
Medicare,Part D Prescription Drugs (d),2027,153.0,Billions of dollars,51302-2020-03-medicare.xlsx,Medicare,false,51302,Components of Benefits Payments (Billions of dollars) / Part D Prescription Drugs (d),fiscal_year,2027,2027,2027,33,11
Medicare,Part D Prescription Drugs (d),2028,178.0,Billions of dollars,51302-2020-03-medicare.xlsx,Medicare,false,51302,Components of Benefits Payments (Billions of dollars) / Part D Prescription Drugs (d),fiscal_year,2028,2028,2028,33,12
Medicare,Part D Prescription Drugs (d),2029,166.0,Billions of dollars,51302-2020-03-medicare.xlsx,Medicare,false,51302,Components of Benefits Payments (Billions of dollars) / Part D Prescription Drugs (d),fiscal_year,2029,2029,2029,33,13
Medicare,Part D Prescription Drugs (d),2030,192.0,Billions of dollars,51302-2020-03-medicare.xlsx,Medicare,false,51302,Components of Benefits Payments (Billions of dollars) / Part D Prescription Drugs (d),fiscal_year,2030,2030,2030,33,14
Medicare,Memo: Low-income subsidy (Non-add),2019,27.0,Billions of dollars,51302-2020-03-medicare.xlsx,Medicare,false,51302,Components of Benefits Payments (Billions of dollars) / Memo: Low-income subsidy (Non-add),fiscal_year,2019,2019,2019,34,3
Medicare,Memo: Low-income subsidy (Non-add),2020,29.0,Billions of dollars,51302-2020-03-medicare.xlsx,Medicare,false,51302,Components of Benefits Payments (Billions of dollars) / Memo: Low-income subsidy (Non-add),fiscal_year,2020,2020,2020,34,4
Medicare,Memo: Low-income subsidy (Non-add),2021,32.0,Billions of dollars,51302-2020-03-medicare.xlsx,Medicare,false,51302,Components of Benefits Payments (Billions of dollars) / Memo: Low-income subsidy (Non-add),fiscal_year,2021,2021,2021,34,5
Medicare,Memo: Low-income subsidy (Non-add),2022,37.0,Billions of dollars,51302-2020-03-medicare.xlsx,Medicare,false,51302,Components of Benefits Payments (Billions of dollars) / Memo: Low-income subsidy (Non-add),fiscal_year,2022,2022,2022,34,6
Medicare,Memo: Low-income subsidy (Non-add),2023,37.0,Billions of dollars,51302-2020-03-medicare.xlsx,Medicare,false,51302,Components of Benefits Payments (Billions of dollars) / Memo: Low-income subsidy (Non-add),fiscal_year,2023,2023,2023,34,7
Medicare,Memo: Low-income subsidy (Non-add),2024,37.0,Billions of dollars,51302-2020-03-medicare.xlsx,Medicare,false,51302,Components of Benefits Payments (Billions of dollars) / Memo: Low-income subsidy (Non-add),fiscal_year,2024,2024,2024,34,8
Medicare,Memo: Low-income subsidy (Non-add),2025,43.0,Billions of dollars,51302-2020-03-medicare.xlsx,Medicare,false,51302,Components of Benefits Payments (Billions of dollars) / Memo: Low-income subsidy (Non-add),fiscal_year,2025,2025,2025,34,9
Medicare,Memo: Low-income subsidy (Non-add),2026,46.0,Billions of dollars,51302-2020-03-medicare.xlsx,Medicare,false,51302,Components of Benefits Payments (Billions of dollars) / Memo: Low-income subsidy (Non-add),fiscal_year,2026,2026,2026,34,10
Medicare,Memo: Low-income subsidy (Non-add),2027,49.0,Billions of dollars,51302-2020-03-medicare.xlsx,Medicare,false,51302,Components of Benefits Payments (Billions of dollars) / Memo: Low-income subsidy (Non-add),fiscal_year,2027,2027,2027,34,11
Medicare,Memo: Low-income subsidy (Non-add),2028,57.0,Billions of dollars,51302-2020-03-medicare.xlsx,Medicare,false,51302,Components of Benefits Payments (Billions of dollars) / Memo: Low-income subsidy (Non-add),fiscal_year,2028,2028,2028,34,12
Medicare,Memo: Low-income subsidy (Non-add),2029,53.0,Billions of dollars,51302-2020-03-medicare.xlsx,Medicare,false,51302,Components of Benefits Payments (Billions of dollars) / Memo: Low-income subsidy (Non-add),fiscal_year,2029,2029,2029,34,13
Medicare,Memo: Low-income subsidy (Non-add),2030,61.0,Billions of dollars,51302-2020-03-medicare.xlsx,Medicare,false,51302,Components of Benefits Payments (Billions of dollars) / Memo: Low-income subsidy (Non-add),fiscal_year,2030,2030,2030,34,14
Medicare,Other Services (e),2019,89.0,Billions of dollars,51302-2020-03-medicare.xlsx,Medicare,false,51302,Components of Benefits Payments (Billions of dollars) / Other Services (e),fiscal_year,2019,2019,2019,35,3
Medicare,Other Services (e),2020,93.0,Billions of dollars,51302-2020-03-medicare.xlsx,Medicare,false,51302,Components of Benefits Payments (Billions of dollars) / Other Services (e),fiscal_year,2020,2020,2020,35,4
Medicare,Other Services (e),2021,96.0,Billions of dollars,51302-2020-03-medicare.xlsx,Medicare,false,51302,Components of Benefits Payments (Billions of dollars) / Other Services (e),fiscal_year,2021,2021,2021,35,5
Medicare,Other Services (e),2022,101.0,Billions of dollars,51302-2020-03-medicare.xlsx,Medicare,false,51302,Components of Benefits Payments (Billions of dollars) / Other Services (e),fiscal_year,2022,2022,2022,35,6
Medicare,Other Services (e),2023,105.0,Billions of dollars,51302-2020-03-medicare.xlsx,Medicare,false,51302,Components of Benefits Payments (Billions of dollars) / Other Services (e),fiscal_year,2023,2023,2023,35,7
Medicare,Other Services (e),2024,111.0,Billions of dollars,51302-2020-03-medicare.xlsx,Medicare,false,51302,Components of Benefits Payments (Billions of dollars) / Other Services (e),fiscal_year,2024,2024,2024,35,8
Medicare,Other Services (e),2025,117.0,Billions of dollars,51302-2020-03-medicare.xlsx,Medicare,false,51302,Components of Benefits Payments (Billions of dollars) / Other Services (e),fiscal_year,2025,2025,2025,35,9
Medicare,Other Services (e),2026,123.0,Billions of dollars,51302-2020-03-medicare.xlsx,Medicare,false,51302,Components of Benefits Payments (Billions of dollars) / Other Services (e),fiscal_year,2026,2026,2026,35,10
Medicare,Other Services (e),2027,130.0,Billions of dollars,51302-2020-03-medicare.xlsx,Medicare,false,51302,Components of Benefits Payments (Billions of dollars) / Other Services (e),fiscal_year,2027,2027,2027,35,11
Medicare,Other Services (e),2028,137.0,Billions of dollars,51302-2020-03-medicare.xlsx,Medicare,false,51302,Components of Benefits Payments (Billions of dollars) / Other Services (e),fiscal_year,2028,2028,2028,35,12
Medicare,Other Services (e),2029,146.0,Billions of dollars,51302-2020-03-medicare.xlsx,Medicare,false,51302,Components of Benefits Payments (Billions of dollars) / Other Services (e),fiscal_year,2029,2029,2029,35,13
Medicare,Other Services (e),2030,156.0,Billions of dollars,51302-2020-03-medicare.xlsx,Medicare,false,51302,Components of Benefits Payments (Billions of dollars) / Other Services (e),fiscal_year,2030,2030,2030,35,14
Medicare,"Subtotal, Medicare Benefits, Net of Recoveries",2019,760.0,Billions of dollars,51302-2020-03-medicare.xlsx,Medicare,true,51302,"Components of Benefits Payments (Billions of dollars) / Subtotal, Medicare Benefits, Net of Recoveries",fiscal_year,2019,2019,2019,36,3
Medicare,"Subtotal, Medicare Benefits, Net of Recoveries",2020,814.0,Billions of dollars,51302-2020-03-medicare.xlsx,Medicare,true,51302,"Components of Benefits Payments (Billions of dollars) / Subtotal, Medicare Benefits, Net of Recoveries",fiscal_year,2020,2020,2020,36,4
Medicare,"Subtotal, Medicare Benefits, Net of Recoveries",2021,871.0,Billions of dollars,51302-2020-03-medicare.xlsx,Medicare,true,51302,"Components of Benefits Payments (Billions of dollars) / Subtotal, Medicare Benefits, Net of Recoveries",fiscal_year,2021,2021,2021,36,5
Medicare,"Subtotal, Medicare Benefits, Net of Recoveries",2022,977.0,Billions of dollars,51302-2020-03-medicare.xlsx,Medicare,true,51302,"Components of Benefits Payments (Billions of dollars) / Subtotal, Medicare Benefits, Net of Recoveries",fiscal_year,2022,2022,2022,36,6
Medicare,"Subtotal, Medicare Benefits, Net of Recoveries",2023,1011.0,Billions of dollars,51302-2020-03-medicare.xlsx,Medicare,true,51302,"Components of Benefits Payments (Billions of dollars) / Subtotal, Medicare Benefits, Net of Recoveries",fiscal_year,2023,2023,2023,36,7
Medicare,"Subtotal, Medicare Benefits, Net of Recoveries",2024,1037.0,Billions of dollars,51302-2020-03-medicare.xlsx,Medicare,true,51302,"Components of Benefits Payments (Billions of dollars) / Subtotal, Medicare Benefits, Net of Recoveries",fiscal_year,2024,2024,2024,36,8
Medicare,"Subtotal, Medicare Benefits, Net of Recoveries",2025,1163.0,Billions of dollars,51302-2020-03-medicare.xlsx,Medicare,true,51302,"Components of Benefits Payments (Billions of dollars) / Subtotal, Medicare Benefits, Net of Recoveries",fiscal_year,2025,2025,2025,36,9
Medicare,"Subtotal, Medicare Benefits, Net of Recoveries",2026,1249.0,Billions of dollars,51302-2020-03-medicare.xlsx,Medicare,true,51302,"Components of Benefits Payments (Billions of dollars) / Subtotal, Medicare Benefits, Net of Recoveries",fiscal_year,2026,2026,2026,36,10
Medicare,"Subtotal, Medicare Benefits, Net of Recoveries",2027,1341.0,Billions of dollars,51302-2020-03-medicare.xlsx,Medicare,true,51302,"Components of Benefits Payments (Billions of dollars) / Subtotal, Medicare Benefits, Net of Recoveries",fiscal_year,2027,2027,2027,36,11
Medicare,"Subtotal, Medicare Benefits, Net of Recoveries",2028,1508.0,Billions of dollars,51302-2020-03-medicare.xlsx,Medicare,true,51302,"Components of Benefits Payments (Billions of dollars) / Subtotal, Medicare Benefits, Net of Recoveries",fiscal_year,2028,2028,2028,36,12
Medicare,"Subtotal, Medicare Benefits, Net of Recoveries",2029,1478.0,Billions of dollars,51302-2020-03-medicare.xlsx,Medicare,true,51302,"Components of Benefits Payments (Billions of dollars) / Subtotal, Medicare Benefits, Net of Recoveries",fiscal_year,2029,2029,2029,36,13
Medicare,"Subtotal, Medicare Benefits, Net of Recoveries",2030,1687.0,Billions of dollars,51302-2020-03-medicare.xlsx,Medicare,true,51302,"Components of Benefits Payments (Billions of dollars) / Subtotal, Medicare Benefits, Net of Recoveries",fiscal_year,2030,2030,2030,36,14
Medicare,Amounts Paid to Providers and Recovered (f),2019,12.0,Billions of dollars,51302-2020-03-medicare.xlsx,Medicare,false,51302,Components of Benefits Payments (Billions of dollars) / Amounts Paid to Providers and Recovered (f),fiscal_year,2019,2019,2019,37,3
Medicare,Amounts Paid to Providers and Recovered (f),2020,12.0,Billions of dollars,51302-2020-03-medicare.xlsx,Medicare,false,51302,Components of Benefits Payments (Billions of dollars) / Amounts Paid to Providers and Recovered (f),fiscal_year,2020,2020,2020,37,4
Medicare,Amounts Paid to Providers and Recovered (f),2021,13.0,Billions of dollars,51302-2020-03-medicare.xlsx,Medicare,false,51302,Components of Benefits Payments (Billions of dollars) / Amounts Paid to Providers and Recovered (f),fiscal_year,2021,2021,2021,37,5
Medicare,Amounts Paid to Providers and Recovered (f),2022,14.0,Billions of dollars,51302-2020-03-medicare.xlsx,Medicare,false,51302,Components of Benefits Payments (Billions of dollars) / Amounts Paid to Providers and Recovered (f),fiscal_year,2022,2022,2022,37,6
Medicare,Amounts Paid to Providers and Recovered (f),2023,14.0,Billions of dollars,51302-2020-03-medicare.xlsx,Medicare,false,51302,Components of Benefits Payments (Billions of dollars) / Amounts Paid to Providers and Recovered (f),fiscal_year,2023,2023,2023,37,7
Medicare,Amounts Paid to Providers and Recovered (f),2024,15.0,Billions of dollars,51302-2020-03-medicare.xlsx,Medicare,false,51302,Components of Benefits Payments (Billions of dollars) / Amounts Paid to Providers and Recovered (f),fiscal_year,2024,2024,2024,37,8
Medicare,Amounts Paid to Providers and Recovered (f),2025,17.0,Billions of dollars,51302-2020-03-medicare.xlsx,Medicare,false,51302,Components of Benefits Payments (Billions of dollars) / Amounts Paid to Providers and Recovered (f),fiscal_year,2025,2025,2025,37,9
Medicare,Amounts Paid to Providers and Recovered (f),2026,18.0,Billions of dollars,51302-2020-03-medicare.xlsx,Medicare,false,51302,Components of Benefits Payments (Billions of dollars) / Amounts Paid to Providers and Recovered (f),fiscal_year,2026,2026,2026,37,10
Medicare,Amounts Paid to Providers and Recovered (f),2027,19.0,Billions of dollars,51302-2020-03-medicare.xlsx,Medicare,false,51302,Components of Benefits Payments (Billions of dollars) / Amounts Paid to Providers and Recovered (f),fiscal_year,2027,2027,2027,37,11
Medicare,Amounts Paid to Providers and Recovered (f),2028,21.0,Billions of dollars,51302-2020-03-medicare.xlsx,Medicare,false,51302,Components of Benefits Payments (Billions of dollars) / Amounts Paid to Providers and Recovered (f),fiscal_year,2028,2028,2028,37,12
Medicare,Amounts Paid to Providers and Recovered (f),2029,23.0,Billions of dollars,51302-2020-03-medicare.xlsx,Medicare,false,51302,Components of Benefits Payments (Billions of dollars) / Amounts Paid to Providers and Recovered (f),fiscal_year,2029,2029,2029,37,13
Medicare,Amounts Paid to Providers and Recovered (f),2030,25.0,Billions of dollars,51302-2020-03-medicare.xlsx,Medicare,false,51302,Components of Benefits Payments (Billions of dollars) / Amounts Paid to Providers and Recovered (f),fiscal_year,2030,2030,2030,37,14
Medicare,"Total, Mandatory Medicare Benefit Outlays",2019,773.0,Billions of dollars,51302-2020-03-medicare.xlsx,Medicare,true,51302,"Components of Benefits Payments (Billions of dollars) / Total, Mandatory Medicare Benefit Outlays",fiscal_year,2019,2019,2019,38,3
Medicare,"Total, Mandatory Medicare Benefit Outlays",2020,826.0,Billions of dollars,51302-2020-03-medicare.xlsx,Medicare,true,51302,"Components of Benefits Payments (Billions of dollars) / Total, Mandatory Medicare Benefit Outlays",fiscal_year,2020,2020,2020,38,4
Medicare,"Total, Mandatory Medicare Benefit Outlays",2021,884.0,Billions of dollars,51302-2020-03-medicare.xlsx,Medicare,true,51302,"Components of Benefits Payments (Billions of dollars) / Total, Mandatory Medicare Benefit Outlays",fiscal_year,2021,2021,2021,38,5
Medicare,"Total, Mandatory Medicare Benefit Outlays",2022,990.0,Billions of dollars,51302-2020-03-medicare.xlsx,Medicare,true,51302,"Components of Benefits Payments (Billions of dollars) / Total, Mandatory Medicare Benefit Outlays",fiscal_year,2022,2022,2022,38,6
Medicare,"Total, Mandatory Medicare Benefit Outlays",2023,1025.0,Billions of dollars,51302-2020-03-medicare.xlsx,Medicare,true,51302,"Components of Benefits Payments (Billions of dollars) / Total, Mandatory Medicare Benefit Outlays",fiscal_year,2023,2023,2023,38,7
Medicare,"Total, Mandatory Medicare Benefit Outlays",2024,1052.0,Billions of dollars,51302-2020-03-medicare.xlsx,Medicare,true,51302,"Components of Benefits Payments (Billions of dollars) / Total, Mandatory Medicare Benefit Outlays",fiscal_year,2024,2024,2024,38,8
Medicare,"Total, Mandatory Medicare Benefit Outlays",2025,1180.0,Billions of dollars,51302-2020-03-medicare.xlsx,Medicare,true,51302,"Components of Benefits Payments (Billions of dollars) / Total, Mandatory Medicare Benefit Outlays",fiscal_year,2025,2025,2025,38,9
Medicare,"Total, Mandatory Medicare Benefit Outlays",2026,1267.0,Billions of dollars,51302-2020-03-medicare.xlsx,Medicare,true,51302,"Components of Benefits Payments (Billions of dollars) / Total, Mandatory Medicare Benefit Outlays",fiscal_year,2026,2026,2026,38,10
Medicare,"Total, Mandatory Medicare Benefit Outlays",2027,1361.0,Billions of dollars,51302-2020-03-medicare.xlsx,Medicare,true,51302,"Components of Benefits Payments (Billions of dollars) / Total, Mandatory Medicare Benefit Outlays",fiscal_year,2027,2027,2027,38,11
Medicare,"Total, Mandatory Medicare Benefit Outlays",2028,1529.0,Billions of dollars,51302-2020-03-medicare.xlsx,Medicare,true,51302,"Components of Benefits Payments (Billions of dollars) / Total, Mandatory Medicare Benefit Outlays",fiscal_year,2028,2028,2028,38,12
Medicare,"Total, Mandatory Medicare Benefit Outlays",2029,1501.0,Billions of dollars,51302-2020-03-medicare.xlsx,Medicare,true,51302,"Components of Benefits Payments (Billions of dollars) / Total, Mandatory Medicare Benefit Outlays",fiscal_year,2029,2029,2029,38,13
Medicare,"Total, Mandatory Medicare Benefit Outlays",2030,1712.0,Billions of dollars,51302-2020-03-medicare.xlsx,Medicare,true,51302,"Components of Benefits Payments (Billions of dollars) / Total, Mandatory Medicare Benefit Outlays",fiscal_year,2030,2030,2030,38,14
Medicare,Number of Capitation Payments (g),2019,12.0,Billions of dollars,51302-2020-03-medicare.xlsx,Medicare,false,51302,Memorandum: / Number of Capitation Payments (g),fiscal_year,2019,2019,2019,41,3
Medicare,Number of Capitation Payments (g),2020,12.0,Billions of dollars,51302-2020-03-medicare.xlsx,Medicare,false,51302,Memorandum: / Number of Capitation Payments (g),fiscal_year,2020,2020,2020,41,4
Medicare,Number of Capitation Payments (g),2021,12.0,Billions of dollars,51302-2020-03-medicare.xlsx,Medicare,false,51302,Memorandum: / Number of Capitation Payments (g),fiscal_year,2021,2021,2021,41,5
Medicare,Number of Capitation Payments (g),2022,13.0,Billions of dollars,51302-2020-03-medicare.xlsx,Medicare,false,51302,Memorandum: / Number of Capitation Payments (g),fiscal_year,2022,2022,2022,41,6
Medicare,Number of Capitation Payments (g),2023,12.0,Billions of dollars,51302-2020-03-medicare.xlsx,Medicare,false,51302,Memorandum: / Number of Capitation Payments (g),fiscal_year,2023,2023,2023,41,7
Medicare,Number of Capitation Payments (g),2024,11.0,Billions of dollars,51302-2020-03-medicare.xlsx,Medicare,false,51302,Memorandum: / Number of Capitation Payments (g),fiscal_year,2024,2024,2024,41,8
Medicare,Number of Capitation Payments (g),2025,12.0,Billions of dollars,51302-2020-03-medicare.xlsx,Medicare,false,51302,Memorandum: / Number of Capitation Payments (g),fiscal_year,2025,2025,2025,41,9
Medicare,Number of Capitation Payments (g),2026,12.0,Billions of dollars,51302-2020-03-medicare.xlsx,Medicare,false,51302,Memorandum: / Number of Capitation Payments (g),fiscal_year,2026,2026,2026,41,10
Medicare,Number of Capitation Payments (g),2027,12.0,Billions of dollars,51302-2020-03-medicare.xlsx,Medicare,false,51302,Memorandum: / Number of Capitation Payments (g),fiscal_year,2027,2027,2027,41,11
Medicare,Number of Capitation Payments (g),2028,13.0,Billions of dollars,51302-2020-03-medicare.xlsx,Medicare,false,51302,Memorandum: / Number of Capitation Payments (g),fiscal_year,2028,2028,2028,41,12
Medicare,Number of Capitation Payments (g),2029,11.0,Billions of dollars,51302-2020-03-medicare.xlsx,Medicare,false,51302,Memorandum: / Number of Capitation Payments (g),fiscal_year,2029,2029,2029,41,13
Medicare,Number of Capitation Payments (g),2030,12.0,Billions of dollars,51302-2020-03-medicare.xlsx,Medicare,false,51302,Memorandum: / Number of Capitation Payments (g),fiscal_year,2030,2030,2030,41,14
Medicare,"Medicare Benefits, Net of Recoveries, Adjusted to Remove Effect of Timing Shifts (f,g)",2019,760.0,Billions of dollars,51302-2020-03-medicare.xlsx,Medicare,false,51302,"Medicare Benefits, Net of Recoveries, Adjusted to Remove Effect of Timing Shifts (f,g)",fiscal_year,2019,2019,2019,43,3
Medicare,"Medicare Benefits, Net of Recoveries, Adjusted to Remove Effect of Timing Shifts (f,g)",2020,814.0,Billions of dollars,51302-2020-03-medicare.xlsx,Medicare,false,51302,"Medicare Benefits, Net of Recoveries, Adjusted to Remove Effect of Timing Shifts (f,g)",fiscal_year,2020,2020,2020,43,4
Medicare,"Medicare Benefits, Net of Recoveries, Adjusted to Remove Effect of Timing Shifts (f,g)",2021,871.0,Billions of dollars,51302-2020-03-medicare.xlsx,Medicare,false,51302,"Medicare Benefits, Net of Recoveries, Adjusted to Remove Effect of Timing Shifts (f,g)",fiscal_year,2021,2021,2021,43,5
Medicare,"Medicare Benefits, Net of Recoveries, Adjusted to Remove Effect of Timing Shifts (f,g)",2022,936.0,Billions of dollars,51302-2020-03-medicare.xlsx,Medicare,false,51302,"Medicare Benefits, Net of Recoveries, Adjusted to Remove Effect of Timing Shifts (f,g)",fiscal_year,2022,2022,2022,43,6
Medicare,"Medicare Benefits, Net of Recoveries, Adjusted to Remove Effect of Timing Shifts (f,g)",2023,1006.0,Billions of dollars,51302-2020-03-medicare.xlsx,Medicare,false,51302,"Medicare Benefits, Net of Recoveries, Adjusted to Remove Effect of Timing Shifts (f,g)",fiscal_year,2023,2023,2023,43,7
Medicare,"Medicare Benefits, Net of Recoveries, Adjusted to Remove Effect of Timing Shifts (f,g)",2024,1082.0,Billions of dollars,51302-2020-03-medicare.xlsx,Medicare,false,51302,"Medicare Benefits, Net of Recoveries, Adjusted to Remove Effect of Timing Shifts (f,g)",fiscal_year,2024,2024,2024,43,8
Medicare,"Medicare Benefits, Net of Recoveries, Adjusted to Remove Effect of Timing Shifts (f,g)",2025,1163.0,Billions of dollars,51302-2020-03-medicare.xlsx,Medicare,false,51302,"Medicare Benefits, Net of Recoveries, Adjusted to Remove Effect of Timing Shifts (f,g)",fiscal_year,2025,2025,2025,43,9
Medicare,"Medicare Benefits, Net of Recoveries, Adjusted to Remove Effect of Timing Shifts (f,g)",2026,1249.0,Billions of dollars,51302-2020-03-medicare.xlsx,Medicare,false,51302,"Medicare Benefits, Net of Recoveries, Adjusted to Remove Effect of Timing Shifts (f,g)",fiscal_year,2026,2026,2026,43,10
Medicare,"Medicare Benefits, Net of Recoveries, Adjusted to Remove Effect of Timing Shifts (f,g)",2027,1341.0,Billions of dollars,51302-2020-03-medicare.xlsx,Medicare,false,51302,"Medicare Benefits, Net of Recoveries, Adjusted to Remove Effect of Timing Shifts (f,g)",fiscal_year,2027,2027,2027,43,11
Medicare,"Medicare Benefits, Net of Recoveries, Adjusted to Remove Effect of Timing Shifts (f,g)",2028,1438.0,Billions of dollars,51302-2020-03-medicare.xlsx,Medicare,false,51302,"Medicare Benefits, Net of Recoveries, Adjusted to Remove Effect of Timing Shifts (f,g)",fiscal_year,2028,2028,2028,43,12
Medicare,"Medicare Benefits, Net of Recoveries, Adjusted to Remove Effect of Timing Shifts (f,g)",2029,1548.0,Billions of dollars,51302-2020-03-medicare.xlsx,Medicare,false,51302,"Medicare Benefits, Net of Recoveries, Adjusted to Remove Effect of Timing Shifts (f,g)",fiscal_year,2029,2029,2029,43,13
Medicare,"Medicare Benefits, Net of Recoveries, Adjusted to Remove Effect of Timing Shifts (f,g)",2030,1687.0,Billions of dollars,51302-2020-03-medicare.xlsx,Medicare,false,51302,"Medicare Benefits, Net of Recoveries, Adjusted to Remove Effect of Timing Shifts (f,g)",fiscal_year,2030,2030,2030,43,14
Medicare,Total Mandatory Outlays,2019,10.0,Percent,51302-2020-03-medicare.xlsx,Medicare,true,51302,Annual Growth Rates (Percent) / Total Mandatory Outlays,fiscal_year,2019,2019,2019,48,3
Medicare,Total Mandatory Outlays,2020,6.800000000000001,Percent,51302-2020-03-medicare.xlsx,Medicare,true,51302,Annual Growth Rates (Percent) / Total Mandatory Outlays,fiscal_year,2020,2020,2020,48,4
Medicare,Total Mandatory Outlays,2021,7.0,Percent,51302-2020-03-medicare.xlsx,Medicare,true,51302,Annual Growth Rates (Percent) / Total Mandatory Outlays,fiscal_year,2021,2021,2021,48,5
Medicare,Total Mandatory Outlays,2022,12.0,Percent,51302-2020-03-medicare.xlsx,Medicare,true,51302,Annual Growth Rates (Percent) / Total Mandatory Outlays,fiscal_year,2022,2022,2022,48,6
Medicare,Total Mandatory Outlays,2023,3.5,Percent,51302-2020-03-medicare.xlsx,Medicare,true,51302,Annual Growth Rates (Percent) / Total Mandatory Outlays,fiscal_year,2023,2023,2023,48,7
Medicare,Total Mandatory Outlays,2024,2.7,Percent,51302-2020-03-medicare.xlsx,Medicare,true,51302,Annual Growth Rates (Percent) / Total Mandatory Outlays,fiscal_year,2024,2024,2024,48,8
Medicare,Total Mandatory Outlays,2025,12.0,Percent,51302-2020-03-medicare.xlsx,Medicare,true,51302,Annual Growth Rates (Percent) / Total Mandatory Outlays,fiscal_year,2025,2025,2025,48,9
Medicare,Total Mandatory Outlays,2026,7.4,Percent,51302-2020-03-medicare.xlsx,Medicare,true,51302,Annual Growth Rates (Percent) / Total Mandatory Outlays,fiscal_year,2026,2026,2026,48,10
Medicare,Total Mandatory Outlays,2027,7.4,Percent,51302-2020-03-medicare.xlsx,Medicare,true,51302,Annual Growth Rates (Percent) / Total Mandatory Outlays,fiscal_year,2027,2027,2027,48,11
Medicare,Total Mandatory Outlays,2028,12.3,Percent,51302-2020-03-medicare.xlsx,Medicare,true,51302,Annual Growth Rates (Percent) / Total Mandatory Outlays,fiscal_year,2028,2028,2028,48,12
Medicare,Total Mandatory Outlays,2029,-1.8,Percent,51302-2020-03-medicare.xlsx,Medicare,true,51302,Annual Growth Rates (Percent) / Total Mandatory Outlays,fiscal_year,2029,2029,2029,48,13
Medicare,Total Mandatory Outlays,2030,14.0,Percent,51302-2020-03-medicare.xlsx,Medicare,true,51302,Annual Growth Rates (Percent) / Total Mandatory Outlays,fiscal_year,2030,2030,2030,48,14
Medicare,Total Offsetting Receipts,2019,7.2,Percent,51302-2020-03-medicare.xlsx,Medicare,true,51302,Annual Growth Rates (Percent) / Total Offsetting Receipts,fiscal_year,2019,2019,2019,49,3
Medicare,Total Offsetting Receipts,2020,6.4,Percent,51302-2020-03-medicare.xlsx,Medicare,true,51302,Annual Growth Rates (Percent) / Total Offsetting Receipts,fiscal_year,2020,2020,2020,49,4
Medicare,Total Offsetting Receipts,2021,10.3,Percent,51302-2020-03-medicare.xlsx,Medicare,true,51302,Annual Growth Rates (Percent) / Total Offsetting Receipts,fiscal_year,2021,2021,2021,49,5
Medicare,Total Offsetting Receipts,2022,8.3,Percent,51302-2020-03-medicare.xlsx,Medicare,true,51302,Annual Growth Rates (Percent) / Total Offsetting Receipts,fiscal_year,2022,2022,2022,49,6
Medicare,Total Offsetting Receipts,2023,7.7,Percent,51302-2020-03-medicare.xlsx,Medicare,true,51302,Annual Growth Rates (Percent) / Total Offsetting Receipts,fiscal_year,2023,2023,2023,49,7
Medicare,Total Offsetting Receipts,2024,8.0,Percent,51302-2020-03-medicare.xlsx,Medicare,true,51302,Annual Growth Rates (Percent) / Total Offsetting Receipts,fiscal_year,2024,2024,2024,49,8
Medicare,Total Offsetting Receipts,2025,7.800000000000001,Percent,51302-2020-03-medicare.xlsx,Medicare,true,51302,Annual Growth Rates (Percent) / Total Offsetting Receipts,fiscal_year,2025,2025,2025,49,9
Medicare,Total Offsetting Receipts,2026,7.6000000000000005,Percent,51302-2020-03-medicare.xlsx,Medicare,true,51302,Annual Growth Rates (Percent) / Total Offsetting Receipts,fiscal_year,2026,2026,2026,49,10
Medicare,Total Offsetting Receipts,2027,8.1,Percent,51302-2020-03-medicare.xlsx,Medicare,true,51302,Annual Growth Rates (Percent) / Total Offsetting Receipts,fiscal_year,2027,2027,2027,49,11
Medicare,Total Offsetting Receipts,2028,8.0,Percent,51302-2020-03-medicare.xlsx,Medicare,true,51302,Annual Growth Rates (Percent) / Total Offsetting Receipts,fiscal_year,2028,2028,2028,49,12
Medicare,Total Offsetting Receipts,2029,8.4,Percent,51302-2020-03-medicare.xlsx,Medicare,true,51302,Annual Growth Rates (Percent) / Total Offsetting Receipts,fiscal_year,2029,2029,2029,49,13
Medicare,Total Offsetting Receipts,2030,8.0,Percent,51302-2020-03-medicare.xlsx,Medicare,true,51302,Annual Growth Rates (Percent) / Total Offsetting Receipts,fiscal_year,2030,2030,2030,49,14
Medicare,Net Mandatory Outlays,2019,10.600000000000001,Percent,51302-2020-03-medicare.xlsx,Medicare,false,51302,Annual Growth Rates (Percent) / Net Mandatory Outlays,fiscal_year,2019,2019,2019,50,3
Medicare,Net Mandatory Outlays,2020,6.9,Percent,51302-2020-03-medicare.xlsx,Medicare,false,51302,Annual Growth Rates (Percent) / Net Mandatory Outlays,fiscal_year,2020,2020,2020,50,4
Medicare,Net Mandatory Outlays,2021,6.300000000000001,Percent,51302-2020-03-medicare.xlsx,Medicare,false,51302,Annual Growth Rates (Percent) / Net Mandatory Outlays,fiscal_year,2021,2021,2021,50,5
Medicare,Net Mandatory Outlays,2022,12.8,Percent,51302-2020-03-medicare.xlsx,Medicare,false,51302,Annual Growth Rates (Percent) / Net Mandatory Outlays,fiscal_year,2022,2022,2022,50,6
Medicare,Net Mandatory Outlays,2023,2.6,Percent,51302-2020-03-medicare.xlsx,Medicare,false,51302,Annual Growth Rates (Percent) / Net Mandatory Outlays,fiscal_year,2023,2023,2023,50,7
Medicare,Net Mandatory Outlays,2024,1.6,Percent,51302-2020-03-medicare.xlsx,Medicare,false,51302,Annual Growth Rates (Percent) / Net Mandatory Outlays,fiscal_year,2024,2024,2024,50,8
Medicare,Net Mandatory Outlays,2025,13.0,Percent,51302-2020-03-medicare.xlsx,Medicare,false,51302,Annual Growth Rates (Percent) / Net Mandatory Outlays,fiscal_year,2025,2025,2025,50,9
Medicare,Net Mandatory Outlays,2026,7.300000000000001,Percent,51302-2020-03-medicare.xlsx,Medicare,false,51302,Annual Growth Rates (Percent) / Net Mandatory Outlays,fiscal_year,2026,2026,2026,50,10
Medicare,Net Mandatory Outlays,2027,7.2,Percent,51302-2020-03-medicare.xlsx,Medicare,false,51302,Annual Growth Rates (Percent) / Net Mandatory Outlays,fiscal_year,2027,2027,2027,50,11
Medicare,Net Mandatory Outlays,2028,13.3,Percent,51302-2020-03-medicare.xlsx,Medicare,false,51302,Annual Growth Rates (Percent) / Net Mandatory Outlays,fiscal_year,2028,2028,2028,50,12
Medicare,Net Mandatory Outlays,2029,-3.9000000000000004,Percent,51302-2020-03-medicare.xlsx,Medicare,false,51302,Annual Growth Rates (Percent) / Net Mandatory Outlays,fiscal_year,2029,2029,2029,50,13
Medicare,Net Mandatory Outlays,2030,15.4,Percent,51302-2020-03-medicare.xlsx,Medicare,false,51302,Annual Growth Rates (Percent) / Net Mandatory Outlays,fiscal_year,2030,2030,2030,50,14
Medicare,Part A benefits,2019,6.4,Percent,51302-2020-03-medicare.xlsx,Medicare,false,51302,"Benefits, Adjusted for Recoveries and Timing Shifts (f,g) / Part A benefits",fiscal_year,2019,2019,2019,54,3
Medicare,Part A benefits,2020,5.7,Percent,51302-2020-03-medicare.xlsx,Medicare,false,51302,"Benefits, Adjusted for Recoveries and Timing Shifts (f,g) / Part A benefits",fiscal_year,2020,2020,2020,54,4
Medicare,Part A benefits,2021,6.800000000000001,Percent,51302-2020-03-medicare.xlsx,Medicare,false,51302,"Benefits, Adjusted for Recoveries and Timing Shifts (f,g) / Part A benefits",fiscal_year,2021,2021,2021,54,5
Medicare,Part A benefits,2022,7.0,Percent,51302-2020-03-medicare.xlsx,Medicare,false,51302,"Benefits, Adjusted for Recoveries and Timing Shifts (f,g) / Part A benefits",fiscal_year,2022,2022,2022,54,6
Medicare,Part A benefits,2023,6.9,Percent,51302-2020-03-medicare.xlsx,Medicare,false,51302,"Benefits, Adjusted for Recoveries and Timing Shifts (f,g) / Part A benefits",fiscal_year,2023,2023,2023,54,7
Medicare,Part A benefits,2024,6.6000000000000005,Percent,51302-2020-03-medicare.xlsx,Medicare,false,51302,"Benefits, Adjusted for Recoveries and Timing Shifts (f,g) / Part A benefits",fiscal_year,2024,2024,2024,54,8
Medicare,Part A benefits,2025,6.5,Percent,51302-2020-03-medicare.xlsx,Medicare,false,51302,"Benefits, Adjusted for Recoveries and Timing Shifts (f,g) / Part A benefits",fiscal_year,2025,2025,2025,54,9
Medicare,Part A benefits,2026,6.300000000000001,Percent,51302-2020-03-medicare.xlsx,Medicare,false,51302,"Benefits, Adjusted for Recoveries and Timing Shifts (f,g) / Part A benefits",fiscal_year,2026,2026,2026,54,10
Medicare,Part A benefits,2027,6.2,Percent,51302-2020-03-medicare.xlsx,Medicare,false,51302,"Benefits, Adjusted for Recoveries and Timing Shifts (f,g) / Part A benefits",fiscal_year,2027,2027,2027,54,11
Medicare,Part A benefits,2028,6.0,Percent,51302-2020-03-medicare.xlsx,Medicare,false,51302,"Benefits, Adjusted for Recoveries and Timing Shifts (f,g) / Part A benefits",fiscal_year,2028,2028,2028,54,12
Medicare,Part A benefits,2029,6.300000000000001,Percent,51302-2020-03-medicare.xlsx,Medicare,false,51302,"Benefits, Adjusted for Recoveries and Timing Shifts (f,g) / Part A benefits",fiscal_year,2029,2029,2029,54,13
Medicare,Part A benefits,2030,8.3,Percent,51302-2020-03-medicare.xlsx,Medicare,false,51302,"Benefits, Adjusted for Recoveries and Timing Shifts (f,g) / Part A benefits",fiscal_year,2030,2030,2030,54,14
Medicare,Part B benefits,2019,9.9,Percent,51302-2020-03-medicare.xlsx,Medicare,false,51302,"Benefits, Adjusted for Recoveries and Timing Shifts (f,g) / Part B benefits",fiscal_year,2019,2019,2019,55,3
Medicare,Part B benefits,2020,8.3,Percent,51302-2020-03-medicare.xlsx,Medicare,false,51302,"Benefits, Adjusted for Recoveries and Timing Shifts (f,g) / Part B benefits",fiscal_year,2020,2020,2020,55,4
Medicare,Part B benefits,2021,7.300000000000001,Percent,51302-2020-03-medicare.xlsx,Medicare,false,51302,"Benefits, Adjusted for Recoveries and Timing Shifts (f,g) / Part B benefits",fiscal_year,2021,2021,2021,55,5
Medicare,Part B benefits,2022,7.9,Percent,51302-2020-03-medicare.xlsx,Medicare,false,51302,"Benefits, Adjusted for Recoveries and Timing Shifts (f,g) / Part B benefits",fiscal_year,2022,2022,2022,55,6
Medicare,Part B benefits,2023,7.9,Percent,51302-2020-03-medicare.xlsx,Medicare,false,51302,"Benefits, Adjusted for Recoveries and Timing Shifts (f,g) / Part B benefits",fiscal_year,2023,2023,2023,55,7
Medicare,Part B benefits,2024,8.1,Percent,51302-2020-03-medicare.xlsx,Medicare,false,51302,"Benefits, Adjusted for Recoveries and Timing Shifts (f,g) / Part B benefits",fiscal_year,2024,2024,2024,55,8
Medicare,Part B benefits,2025,8.1,Percent,51302-2020-03-medicare.xlsx,Medicare,false,51302,"Benefits, Adjusted for Recoveries and Timing Shifts (f,g) / Part B benefits",fiscal_year,2025,2025,2025,55,9
Medicare,Part B benefits,2026,8.1,Percent,51302-2020-03-medicare.xlsx,Medicare,false,51302,"Benefits, Adjusted for Recoveries and Timing Shifts (f,g) / Part B benefits",fiscal_year,2026,2026,2026,55,10
Medicare,Part B benefits,2027,8.200000000000001,Percent,51302-2020-03-medicare.xlsx,Medicare,false,51302,"Benefits, Adjusted for Recoveries and Timing Shifts (f,g) / Part B benefits",fiscal_year,2027,2027,2027,55,11
Medicare,Part B benefits,2028,8.0,Percent,51302-2020-03-medicare.xlsx,Medicare,false,51302,"Benefits, Adjusted for Recoveries and Timing Shifts (f,g) / Part B benefits",fiscal_year,2028,2028,2028,55,12
Medicare,Part B benefits,2029,8.700000000000001,Percent,51302-2020-03-medicare.xlsx,Medicare,false,51302,"Benefits, Adjusted for Recoveries and Timing Shifts (f,g) / Part B benefits",fiscal_year,2029,2029,2029,55,13
Medicare,Part B benefits,2030,9.8,Percent,51302-2020-03-medicare.xlsx,Medicare,false,51302,"Benefits, Adjusted for Recoveries and Timing Shifts (f,g) / Part B benefits",fiscal_year,2030,2030,2030,55,14
Medicare,Part D benefits,2019,-5.0,Percent,51302-2020-03-medicare.xlsx,Medicare,false,51302,"Benefits, Adjusted for Recoveries and Timing Shifts (f,g) / Part D benefits",fiscal_year,2019,2019,2019,56,3
Medicare,Part D benefits,2020,6.2,Percent,51302-2020-03-medicare.xlsx,Medicare,false,51302,"Benefits, Adjusted for Recoveries and Timing Shifts (f,g) / Part D benefits",fiscal_year,2020,2020,2020,56,4
Medicare,Part D benefits,2021,6.9,Percent,51302-2020-03-medicare.xlsx,Medicare,false,51302,"Benefits, Adjusted for Recoveries and Timing Shifts (f,g) / Part D benefits",fiscal_year,2021,2021,2021,56,5
Medicare,Part D benefits,2022,7.2,Percent,51302-2020-03-medicare.xlsx,Medicare,false,51302,"Benefits, Adjusted for Recoveries and Timing Shifts (f,g) / Part D benefits",fiscal_year,2022,2022,2022,56,6
Medicare,Part D benefits,2023,8.200000000000001,Percent,51302-2020-03-medicare.xlsx,Medicare,false,51302,"Benefits, Adjusted for Recoveries and Timing Shifts (f,g) / Part D benefits",fiscal_year,2023,2023,2023,56,7
Medicare,Part D benefits,2024,8.4,Percent,51302-2020-03-medicare.xlsx,Medicare,false,51302,"Benefits, Adjusted for Recoveries and Timing Shifts (f,g) / Part D benefits",fiscal_year,2024,2024,2024,56,8
Medicare,Part D benefits,2025,8.4,Percent,51302-2020-03-medicare.xlsx,Medicare,false,51302,"Benefits, Adjusted for Recoveries and Timing Shifts (f,g) / Part D benefits",fiscal_year,2025,2025,2025,56,9
Medicare,Part D benefits,2026,8.3,Percent,51302-2020-03-medicare.xlsx,Medicare,false,51302,"Benefits, Adjusted for Recoveries and Timing Shifts (f,g) / Part D benefits",fiscal_year,2026,2026,2026,56,10
Medicare,Part D benefits,2027,8.1,Percent,51302-2020-03-medicare.xlsx,Medicare,false,51302,"Benefits, Adjusted for Recoveries and Timing Shifts (f,g) / Part D benefits",fiscal_year,2027,2027,2027,56,11
Medicare,Part D benefits,2028,7.9,Percent,51302-2020-03-medicare.xlsx,Medicare,false,51302,"Benefits, Adjusted for Recoveries and Timing Shifts (f,g) / Part D benefits",fiscal_year,2028,2028,2028,56,12
Medicare,Part D benefits,2029,7.800000000000001,Percent,51302-2020-03-medicare.xlsx,Medicare,false,51302,"Benefits, Adjusted for Recoveries and Timing Shifts (f,g) / Part D benefits",fiscal_year,2029,2029,2029,56,13
Medicare,Part D benefits,2030,7.6000000000000005,Percent,51302-2020-03-medicare.xlsx,Medicare,false,51302,"Benefits, Adjusted for Recoveries and Timing Shifts (f,g) / Part D benefits",fiscal_year,2030,2030,2030,56,14
Medicare,Total Medicare benefits,2019,6.5,Percent,51302-2020-03-medicare.xlsx,Medicare,true,51302,"Benefits, Adjusted for Recoveries and Timing Shifts (f,g) / Total Medicare benefits",fiscal_year,2019,2019,2019,57,3
Medicare,Total Medicare benefits,2020,7.0,Percent,51302-2020-03-medicare.xlsx,Medicare,true,51302,"Benefits, Adjusted for Recoveries and Timing Shifts (f,g) / Total Medicare benefits",fiscal_year,2020,2020,2020,57,4
Medicare,Total Medicare benefits,2021,7.1000000000000005,Percent,51302-2020-03-medicare.xlsx,Medicare,true,51302,"Benefits, Adjusted for Recoveries and Timing Shifts (f,g) / Total Medicare benefits",fiscal_year,2021,2021,2021,57,5
Medicare,Total Medicare benefits,2022,7.5,Percent,51302-2020-03-medicare.xlsx,Medicare,true,51302,"Benefits, Adjusted for Recoveries and Timing Shifts (f,g) / Total Medicare benefits",fiscal_year,2022,2022,2022,57,6
Medicare,Total Medicare benefits,2023,7.5,Percent,51302-2020-03-medicare.xlsx,Medicare,true,51302,"Benefits, Adjusted for Recoveries and Timing Shifts (f,g) / Total Medicare benefits",fiscal_year,2023,2023,2023,57,7
Medicare,Total Medicare benefits,2024,7.5,Percent,51302-2020-03-medicare.xlsx,Medicare,true,51302,"Benefits, Adjusted for Recoveries and Timing Shifts (f,g) / Total Medicare benefits",fiscal_year,2024,2024,2024,57,8
Medicare,Total Medicare benefits,2025,7.5,Percent,51302-2020-03-medicare.xlsx,Medicare,true,51302,"Benefits, Adjusted for Recoveries and Timing Shifts (f,g) / Total Medicare benefits",fiscal_year,2025,2025,2025,57,9
Medicare,Total Medicare benefits,2026,7.4,Percent,51302-2020-03-medicare.xlsx,Medicare,true,51302,"Benefits, Adjusted for Recoveries and Timing Shifts (f,g) / Total Medicare benefits",fiscal_year,2026,2026,2026,57,10
Medicare,Total Medicare benefits,2027,7.4,Percent,51302-2020-03-medicare.xlsx,Medicare,true,51302,"Benefits, Adjusted for Recoveries and Timing Shifts (f,g) / Total Medicare benefits",fiscal_year,2027,2027,2027,57,11
Medicare,Total Medicare benefits,2028,7.2,Percent,51302-2020-03-medicare.xlsx,Medicare,true,51302,"Benefits, Adjusted for Recoveries and Timing Shifts (f,g) / Total Medicare benefits",fiscal_year,2028,2028,2028,57,12
Medicare,Total Medicare benefits,2029,7.7,Percent,51302-2020-03-medicare.xlsx,Medicare,true,51302,"Benefits, Adjusted for Recoveries and Timing Shifts (f,g) / Total Medicare benefits",fiscal_year,2029,2029,2029,57,13
Medicare,Total Medicare benefits,2030,9.0,Percent,51302-2020-03-medicare.xlsx,Medicare,true,51302,"Benefits, Adjusted for Recoveries and Timing Shifts (f,g) / Total Medicare benefits",fiscal_year,2030,2030,2030,57,14
Medicare,Part A benefits,2019,3.7,Percent,51302-2020-03-medicare.xlsx,Medicare,false,51302,"Average Benefit Spending per Beneficiary, Adjusted for Recoveries and Timing Shifts (f,g) / Part A benefits",fiscal_year,2019,2019,2019,61,3
Medicare,Part A benefits,2020,3.1,Percent,51302-2020-03-medicare.xlsx,Medicare,false,51302,"Average Benefit Spending per Beneficiary, Adjusted for Recoveries and Timing Shifts (f,g) / Part A benefits",fiscal_year,2020,2020,2020,61,4
Medicare,Part A benefits,2021,4.1000000000000005,Percent,51302-2020-03-medicare.xlsx,Medicare,false,51302,"Average Benefit Spending per Beneficiary, Adjusted for Recoveries and Timing Shifts (f,g) / Part A benefits",fiscal_year,2021,2021,2021,61,5
Medicare,Part A benefits,2022,4.2,Percent,51302-2020-03-medicare.xlsx,Medicare,false,51302,"Average Benefit Spending per Beneficiary, Adjusted for Recoveries and Timing Shifts (f,g) / Part A benefits",fiscal_year,2022,2022,2022,61,6
Medicare,Part A benefits,2023,4.2,Percent,51302-2020-03-medicare.xlsx,Medicare,false,51302,"Average Benefit Spending per Beneficiary, Adjusted for Recoveries and Timing Shifts (f,g) / Part A benefits",fiscal_year,2023,2023,2023,61,7
Medicare,Part A benefits,2024,4.0,Percent,51302-2020-03-medicare.xlsx,Medicare,false,51302,"Average Benefit Spending per Beneficiary, Adjusted for Recoveries and Timing Shifts (f,g) / Part A benefits",fiscal_year,2024,2024,2024,61,8
Medicare,Part A benefits,2025,3.9000000000000004,Percent,51302-2020-03-medicare.xlsx,Medicare,false,51302,"Average Benefit Spending per Beneficiary, Adjusted for Recoveries and Timing Shifts (f,g) / Part A benefits",fiscal_year,2025,2025,2025,61,9
Medicare,Part A benefits,2026,3.8000000000000003,Percent,51302-2020-03-medicare.xlsx,Medicare,false,51302,"Average Benefit Spending per Beneficiary, Adjusted for Recoveries and Timing Shifts (f,g) / Part A benefits",fiscal_year,2026,2026,2026,61,10
Medicare,Part A benefits,2027,3.8000000000000003,Percent,51302-2020-03-medicare.xlsx,Medicare,false,51302,"Average Benefit Spending per Beneficiary, Adjusted for Recoveries and Timing Shifts (f,g) / Part A benefits",fiscal_year,2027,2027,2027,61,11
Medicare,Part A benefits,2028,3.8000000000000003,Percent,51302-2020-03-medicare.xlsx,Medicare,false,51302,"Average Benefit Spending per Beneficiary, Adjusted for Recoveries and Timing Shifts (f,g) / Part A benefits",fiscal_year,2028,2028,2028,61,12
Medicare,Part A benefits,2029,4.2,Percent,51302-2020-03-medicare.xlsx,Medicare,false,51302,"Average Benefit Spending per Beneficiary, Adjusted for Recoveries and Timing Shifts (f,g) / Part A benefits",fiscal_year,2029,2029,2029,61,13
Medicare,Part A benefits,2030,6.5,Percent,51302-2020-03-medicare.xlsx,Medicare,false,51302,"Average Benefit Spending per Beneficiary, Adjusted for Recoveries and Timing Shifts (f,g) / Part A benefits",fiscal_year,2030,2030,2030,61,14
Medicare,Part B benefits,2019,7.300000000000001,Percent,51302-2020-03-medicare.xlsx,Medicare,false,51302,"Average Benefit Spending per Beneficiary, Adjusted for Recoveries and Timing Shifts (f,g) / Part B benefits",fiscal_year,2019,2019,2019,62,3
Medicare,Part B benefits,2020,5.6000000000000005,Percent,51302-2020-03-medicare.xlsx,Medicare,false,51302,"Average Benefit Spending per Beneficiary, Adjusted for Recoveries and Timing Shifts (f,g) / Part B benefits",fiscal_year,2020,2020,2020,62,4
Medicare,Part B benefits,2021,4.6000000000000005,Percent,51302-2020-03-medicare.xlsx,Medicare,false,51302,"Average Benefit Spending per Beneficiary, Adjusted for Recoveries and Timing Shifts (f,g) / Part B benefits",fiscal_year,2021,2021,2021,62,5
Medicare,Part B benefits,2022,5.1000000000000005,Percent,51302-2020-03-medicare.xlsx,Medicare,false,51302,"Average Benefit Spending per Beneficiary, Adjusted for Recoveries and Timing Shifts (f,g) / Part B benefits",fiscal_year,2022,2022,2022,62,6
Medicare,Part B benefits,2023,5.1000000000000005,Percent,51302-2020-03-medicare.xlsx,Medicare,false,51302,"Average Benefit Spending per Beneficiary, Adjusted for Recoveries and Timing Shifts (f,g) / Part B benefits",fiscal_year,2023,2023,2023,62,7
Medicare,Part B benefits,2024,5.300000000000001,Percent,51302-2020-03-medicare.xlsx,Medicare,false,51302,"Average Benefit Spending per Beneficiary, Adjusted for Recoveries and Timing Shifts (f,g) / Part B benefits",fiscal_year,2024,2024,2024,62,8
Medicare,Part B benefits,2025,5.4,Percent,51302-2020-03-medicare.xlsx,Medicare,false,51302,"Average Benefit Spending per Beneficiary, Adjusted for Recoveries and Timing Shifts (f,g) / Part B benefits",fiscal_year,2025,2025,2025,62,9
Medicare,Part B benefits,2026,5.5,Percent,51302-2020-03-medicare.xlsx,Medicare,false,51302,"Average Benefit Spending per Beneficiary, Adjusted for Recoveries and Timing Shifts (f,g) / Part B benefits",fiscal_year,2026,2026,2026,62,10
Medicare,Part B benefits,2027,5.7,Percent,51302-2020-03-medicare.xlsx,Medicare,false,51302,"Average Benefit Spending per Beneficiary, Adjusted for Recoveries and Timing Shifts (f,g) / Part B benefits",fiscal_year,2027,2027,2027,62,11
Medicare,Part B benefits,2028,5.7,Percent,51302-2020-03-medicare.xlsx,Medicare,false,51302,"Average Benefit Spending per Beneficiary, Adjusted for Recoveries and Timing Shifts (f,g) / Part B benefits",fiscal_year,2028,2028,2028,62,12
Medicare,Part B benefits,2029,6.5,Percent,51302-2020-03-medicare.xlsx,Medicare,false,51302,"Average Benefit Spending per Beneficiary, Adjusted for Recoveries and Timing Shifts (f,g) / Part B benefits",fiscal_year,2029,2029,2029,62,13
Medicare,Part B benefits,2030,7.800000000000001,Percent,51302-2020-03-medicare.xlsx,Medicare,false,51302,"Average Benefit Spending per Beneficiary, Adjusted for Recoveries and Timing Shifts (f,g) / Part B benefits",fiscal_year,2030,2030,2030,62,14
Medicare,Part D benefits,2019,-7.9,Percent,51302-2020-03-medicare.xlsx,Medicare,false,51302,"Average Benefit Spending per Beneficiary, Adjusted for Recoveries and Timing Shifts (f,g) / Part D benefits",fiscal_year,2019,2019,2019,63,3
Medicare,Part D benefits,2020,3.0,Percent,51302-2020-03-medicare.xlsx,Medicare,false,51302,"Average Benefit Spending per Beneficiary, Adjusted for Recoveries and Timing Shifts (f,g) / Part D benefits",fiscal_year,2020,2020,2020,63,4
Medicare,Part D benefits,2021,4.1000000000000005,Percent,51302-2020-03-medicare.xlsx,Medicare,false,51302,"Average Benefit Spending per Beneficiary, Adjusted for Recoveries and Timing Shifts (f,g) / Part D benefits",fiscal_year,2021,2021,2021,63,5
Medicare,Part D benefits,2022,4.5,Percent,51302-2020-03-medicare.xlsx,Medicare,false,51302,"Average Benefit Spending per Beneficiary, Adjusted for Recoveries and Timing Shifts (f,g) / Part D benefits",fiscal_year,2022,2022,2022,63,6
Medicare,Part D benefits,2023,5.300000000000001,Percent,51302-2020-03-medicare.xlsx,Medicare,false,51302,"Average Benefit Spending per Beneficiary, Adjusted for Recoveries and Timing Shifts (f,g) / Part D benefits",fiscal_year,2023,2023,2023,63,7
Medicare,Part D benefits,2024,5.4,Percent,51302-2020-03-medicare.xlsx,Medicare,false,51302,"Average Benefit Spending per Beneficiary, Adjusted for Recoveries and Timing Shifts (f,g) / Part D benefits",fiscal_year,2024,2024,2024,63,8
Medicare,Part D benefits,2025,5.4,Percent,51302-2020-03-medicare.xlsx,Medicare,false,51302,"Average Benefit Spending per Beneficiary, Adjusted for Recoveries and Timing Shifts (f,g) / Part D benefits",fiscal_year,2025,2025,2025,63,9
Medicare,Part D benefits,2026,5.4,Percent,51302-2020-03-medicare.xlsx,Medicare,false,51302,"Average Benefit Spending per Beneficiary, Adjusted for Recoveries and Timing Shifts (f,g) / Part D benefits",fiscal_year,2026,2026,2026,63,10
Medicare,Part D benefits,2027,5.4,Percent,51302-2020-03-medicare.xlsx,Medicare,false,51302,"Average Benefit Spending per Beneficiary, Adjusted for Recoveries and Timing Shifts (f,g) / Part D benefits",fiscal_year,2027,2027,2027,63,11
Medicare,Part D benefits,2028,5.4,Percent,51302-2020-03-medicare.xlsx,Medicare,false,51302,"Average Benefit Spending per Beneficiary, Adjusted for Recoveries and Timing Shifts (f,g) / Part D benefits",fiscal_year,2028,2028,2028,63,12
Medicare,Part D benefits,2029,5.5,Percent,51302-2020-03-medicare.xlsx,Medicare,false,51302,"Average Benefit Spending per Beneficiary, Adjusted for Recoveries and Timing Shifts (f,g) / Part D benefits",fiscal_year,2029,2029,2029,63,13
Medicare,Part D benefits,2030,5.5,Percent,51302-2020-03-medicare.xlsx,Medicare,false,51302,"Average Benefit Spending per Beneficiary, Adjusted for Recoveries and Timing Shifts (f,g) / Part D benefits",fiscal_year,2030,2030,2030,63,14
Medicare,Prospective Payment System Market Basket Increase,2019,2.9000000000000004,Percent,51302-2020-03-medicare.xlsx,Medicare,false,51302,Prospective Payment System Market Basket Increase,fiscal_year,2019,2019,2019,69,3
Medicare,Prospective Payment System Market Basket Increase,2020,3.0,Percent,51302-2020-03-medicare.xlsx,Medicare,false,51302,Prospective Payment System Market Basket Increase,fiscal_year,2020,2020,2020,69,4
Medicare,Prospective Payment System Market Basket Increase,2021,3.4000000000000004,Percent,51302-2020-03-medicare.xlsx,Medicare,false,51302,Prospective Payment System Market Basket Increase,fiscal_year,2021,2021,2021,69,5
Medicare,Prospective Payment System Market Basket Increase,2022,3.5,Percent,51302-2020-03-medicare.xlsx,Medicare,false,51302,Prospective Payment System Market Basket Increase,fiscal_year,2022,2022,2022,69,6
Medicare,Prospective Payment System Market Basket Increase,2023,3.5,Percent,51302-2020-03-medicare.xlsx,Medicare,false,51302,Prospective Payment System Market Basket Increase,fiscal_year,2023,2023,2023,69,7
Medicare,Prospective Payment System Market Basket Increase,2024,3.4000000000000004,Percent,51302-2020-03-medicare.xlsx,Medicare,false,51302,Prospective Payment System Market Basket Increase,fiscal_year,2024,2024,2024,69,8
Medicare,Prospective Payment System Market Basket Increase,2025,3.3000000000000003,Percent,51302-2020-03-medicare.xlsx,Medicare,false,51302,Prospective Payment System Market Basket Increase,fiscal_year,2025,2025,2025,69,9
Medicare,Prospective Payment System Market Basket Increase,2026,3.3000000000000003,Percent,51302-2020-03-medicare.xlsx,Medicare,false,51302,Prospective Payment System Market Basket Increase,fiscal_year,2026,2026,2026,69,10
Medicare,Prospective Payment System Market Basket Increase,2027,3.2,Percent,51302-2020-03-medicare.xlsx,Medicare,false,51302,Prospective Payment System Market Basket Increase,fiscal_year,2027,2027,2027,69,11
Medicare,Prospective Payment System Market Basket Increase,2028,3.2,Percent,51302-2020-03-medicare.xlsx,Medicare,false,51302,Prospective Payment System Market Basket Increase,fiscal_year,2028,2028,2028,69,12
Medicare,Prospective Payment System Market Basket Increase,2029,3.2,Percent,51302-2020-03-medicare.xlsx,Medicare,false,51302,Prospective Payment System Market Basket Increase,fiscal_year,2029,2029,2029,69,13
Medicare,Prospective Payment System Market Basket Increase,2030,3.2,Percent,51302-2020-03-medicare.xlsx,Medicare,false,51302,Prospective Payment System Market Basket Increase,fiscal_year,2030,2030,2030,69,14
Medicare,PPS Update Factor,2019,1.9000000000000001,Percent,51302-2020-03-medicare.xlsx,Medicare,false,51302,Prospective Payment System Market Basket Increase / PPS Update Factor,fiscal_year,2019,2019,2019,70,3
Medicare,PPS Update Factor,2020,3.1,Percent,51302-2020-03-medicare.xlsx,Medicare,false,51302,Prospective Payment System Market Basket Increase / PPS Update Factor,fiscal_year,2020,2020,2020,70,4
Medicare,PPS Update Factor,2021,3.4000000000000004,Percent,51302-2020-03-medicare.xlsx,Medicare,false,51302,Prospective Payment System Market Basket Increase / PPS Update Factor,fiscal_year,2021,2021,2021,70,5
Medicare,PPS Update Factor,2022,3.5,Percent,51302-2020-03-medicare.xlsx,Medicare,false,51302,Prospective Payment System Market Basket Increase / PPS Update Factor,fiscal_year,2022,2022,2022,70,6
Medicare,PPS Update Factor,2023,3.4000000000000004,Percent,51302-2020-03-medicare.xlsx,Medicare,false,51302,Prospective Payment System Market Basket Increase / PPS Update Factor,fiscal_year,2023,2023,2023,70,7
Medicare,PPS Update Factor,2024,2.8000000000000003,Percent,51302-2020-03-medicare.xlsx,Medicare,false,51302,Prospective Payment System Market Basket Increase / PPS Update Factor,fiscal_year,2024,2024,2024,70,8
Medicare,PPS Update Factor,2025,2.8000000000000003,Percent,51302-2020-03-medicare.xlsx,Medicare,false,51302,Prospective Payment System Market Basket Increase / PPS Update Factor,fiscal_year,2025,2025,2025,70,9
Medicare,PPS Update Factor,2026,2.5,Percent,51302-2020-03-medicare.xlsx,Medicare,false,51302,Prospective Payment System Market Basket Increase / PPS Update Factor,fiscal_year,2026,2026,2026,70,10
Medicare,PPS Update Factor,2027,2.5,Percent,51302-2020-03-medicare.xlsx,Medicare,false,51302,Prospective Payment System Market Basket Increase / PPS Update Factor,fiscal_year,2027,2027,2027,70,11
Medicare,PPS Update Factor,2028,2.5,Percent,51302-2020-03-medicare.xlsx,Medicare,false,51302,Prospective Payment System Market Basket Increase / PPS Update Factor,fiscal_year,2028,2028,2028,70,12
Medicare,PPS Update Factor,2029,2.5,Percent,51302-2020-03-medicare.xlsx,Medicare,false,51302,Prospective Payment System Market Basket Increase / PPS Update Factor,fiscal_year,2029,2029,2029,70,13
Medicare,PPS Update Factor,2030,2.4000000000000004,Percent,51302-2020-03-medicare.xlsx,Medicare,false,51302,Prospective Payment System Market Basket Increase / PPS Update Factor,fiscal_year,2030,2030,2030,70,14
Medicare,Consumer Price Index for All Urban Consumers (Calendar year),,1.8000000000000003,Percent,51302-2020-03-medicare.xlsx,Medicare,false,51302,Consumer Price Index for All Urban Consumers (Calendar year),calendar_year,2019,2019,2019,72,3
Medicare,Consumer Price Index for All Urban Consumers (Calendar year),,2.4,Percent,51302-2020-03-medicare.xlsx,Medicare,false,51302,Consumer Price Index for All Urban Consumers (Calendar year),calendar_year,2020,2020,2020,72,4
Medicare,Consumer Price Index for All Urban Consumers (Calendar year),,2.5,Percent,51302-2020-03-medicare.xlsx,Medicare,false,51302,Consumer Price Index for All Urban Consumers (Calendar year),calendar_year,2021,2021,2021,72,5
Medicare,Consumer Price Index for All Urban Consumers (Calendar year),,2.6,Percent,51302-2020-03-medicare.xlsx,Medicare,false,51302,Consumer Price Index for All Urban Consumers (Calendar year),calendar_year,2022,2022,2022,72,6
Medicare,Consumer Price Index for All Urban Consumers (Calendar year),,2.5,Percent,51302-2020-03-medicare.xlsx,Medicare,false,51302,Consumer Price Index for All Urban Consumers (Calendar year),calendar_year,2023,2023,2023,72,7
Medicare,Consumer Price Index for All Urban Consumers (Calendar year),,2.4,Percent,51302-2020-03-medicare.xlsx,Medicare,false,51302,Consumer Price Index for All Urban Consumers (Calendar year),calendar_year,2024,2024,2024,72,8
Medicare,Consumer Price Index for All Urban Consumers (Calendar year),,2.3,Percent,51302-2020-03-medicare.xlsx,Medicare,false,51302,Consumer Price Index for All Urban Consumers (Calendar year),calendar_year,2025,2025,2025,72,9
Medicare,Consumer Price Index for All Urban Consumers (Calendar year),,2.3,Percent,51302-2020-03-medicare.xlsx,Medicare,false,51302,Consumer Price Index for All Urban Consumers (Calendar year),calendar_year,2026,2026,2026,72,10
Medicare,Consumer Price Index for All Urban Consumers (Calendar year),,2.1999999999999997,Percent,51302-2020-03-medicare.xlsx,Medicare,false,51302,Consumer Price Index for All Urban Consumers (Calendar year),calendar_year,2027,2027,2027,72,11
Medicare,Consumer Price Index for All Urban Consumers (Calendar year),,2.1999999999999997,Percent,51302-2020-03-medicare.xlsx,Medicare,false,51302,Consumer Price Index for All Urban Consumers (Calendar year),calendar_year,2028,2028,2028,72,12
Medicare,Consumer Price Index for All Urban Consumers (Calendar year),,2.1999999999999997,Percent,51302-2020-03-medicare.xlsx,Medicare,false,51302,Consumer Price Index for All Urban Consumers (Calendar year),calendar_year,2029,2029,2029,72,13
Medicare,Consumer Price Index for All Urban Consumers (Calendar year),,2.1999999999999997,Percent,51302-2020-03-medicare.xlsx,Medicare,false,51302,Consumer Price Index for All Urban Consumers (Calendar year),calendar_year,2030,2030,2030,72,14
Medicare,10-Year Moving Average of Multifactor Productivity (h),2019,0.8,Percent,51302-2020-03-medicare.xlsx,Medicare,false,51302,10-Year Moving Average of Multifactor Productivity (h),fiscal_year,2019,2019,2019,74,3
Medicare,10-Year Moving Average of Multifactor Productivity (h),2020,0.4,Percent,51302-2020-03-medicare.xlsx,Medicare,false,51302,10-Year Moving Average of Multifactor Productivity (h),fiscal_year,2020,2020,2020,74,4
Medicare,10-Year Moving Average of Multifactor Productivity (h),2021,0.4,Percent,51302-2020-03-medicare.xlsx,Medicare,false,51302,10-Year Moving Average of Multifactor Productivity (h),fiscal_year,2021,2021,2021,74,5
Medicare,10-Year Moving Average of Multifactor Productivity (h),2022,0.4,Percent,51302-2020-03-medicare.xlsx,Medicare,false,51302,10-Year Moving Average of Multifactor Productivity (h),fiscal_year,2022,2022,2022,74,6
Medicare,10-Year Moving Average of Multifactor Productivity (h),2023,0.6000000000000001,Percent,51302-2020-03-medicare.xlsx,Medicare,false,51302,10-Year Moving Average of Multifactor Productivity (h),fiscal_year,2023,2023,2023,74,7
Medicare,10-Year Moving Average of Multifactor Productivity (h),2024,0.6000000000000001,Percent,51302-2020-03-medicare.xlsx,Medicare,false,51302,10-Year Moving Average of Multifactor Productivity (h),fiscal_year,2024,2024,2024,74,8
Medicare,10-Year Moving Average of Multifactor Productivity (h),2025,0.6000000000000001,Percent,51302-2020-03-medicare.xlsx,Medicare,false,51302,10-Year Moving Average of Multifactor Productivity (h),fiscal_year,2025,2025,2025,74,9
Medicare,10-Year Moving Average of Multifactor Productivity (h),2026,0.7000000000000001,Percent,51302-2020-03-medicare.xlsx,Medicare,false,51302,10-Year Moving Average of Multifactor Productivity (h),fiscal_year,2026,2026,2026,74,10
Medicare,10-Year Moving Average of Multifactor Productivity (h),2027,0.8,Percent,51302-2020-03-medicare.xlsx,Medicare,false,51302,10-Year Moving Average of Multifactor Productivity (h),fiscal_year,2027,2027,2027,74,11
Medicare,10-Year Moving Average of Multifactor Productivity (h),2028,0.7000000000000001,Percent,51302-2020-03-medicare.xlsx,Medicare,false,51302,10-Year Moving Average of Multifactor Productivity (h),fiscal_year,2028,2028,2028,74,12
Medicare,10-Year Moving Average of Multifactor Productivity (h),2029,0.7000000000000001,Percent,51302-2020-03-medicare.xlsx,Medicare,false,51302,10-Year Moving Average of Multifactor Productivity (h),fiscal_year,2029,2029,2029,74,13
Medicare,10-Year Moving Average of Multifactor Productivity (h),2030,0.8,Percent,51302-2020-03-medicare.xlsx,Medicare,false,51302,10-Year Moving Average of Multifactor Productivity (h),fiscal_year,2030,2030,2030,74,14
Medicare,Part A,2019,61.0,Percent,51302-2020-03-medicare.xlsx,Medicare,false,51302,"Enrollment (Average monthly enrollment during fiscal year, millions of people) / Part A",fiscal_year,2019,2019,2019,79,3
Medicare,Part A,2020,62.0,Percent,51302-2020-03-medicare.xlsx,Medicare,false,51302,"Enrollment (Average monthly enrollment during fiscal year, millions of people) / Part A",fiscal_year,2020,2020,2020,79,4
Medicare,Part A,2021,64.0,Percent,51302-2020-03-medicare.xlsx,Medicare,false,51302,"Enrollment (Average monthly enrollment during fiscal year, millions of people) / Part A",fiscal_year,2021,2021,2021,79,5
Medicare,Part A,2022,66.0,Percent,51302-2020-03-medicare.xlsx,Medicare,false,51302,"Enrollment (Average monthly enrollment during fiscal year, millions of people) / Part A",fiscal_year,2022,2022,2022,79,6
Medicare,Part A,2023,67.0,Percent,51302-2020-03-medicare.xlsx,Medicare,false,51302,"Enrollment (Average monthly enrollment during fiscal year, millions of people) / Part A",fiscal_year,2023,2023,2023,79,7
Medicare,Part A,2024,69.0,Percent,51302-2020-03-medicare.xlsx,Medicare,false,51302,"Enrollment (Average monthly enrollment during fiscal year, millions of people) / Part A",fiscal_year,2024,2024,2024,79,8
Medicare,Part A,2025,71.0,Percent,51302-2020-03-medicare.xlsx,Medicare,false,51302,"Enrollment (Average monthly enrollment during fiscal year, millions of people) / Part A",fiscal_year,2025,2025,2025,79,9
Medicare,Part A,2026,72.0,Percent,51302-2020-03-medicare.xlsx,Medicare,false,51302,"Enrollment (Average monthly enrollment during fiscal year, millions of people) / Part A",fiscal_year,2026,2026,2026,79,10
Medicare,Part A,2027,74.0,Percent,51302-2020-03-medicare.xlsx,Medicare,false,51302,"Enrollment (Average monthly enrollment during fiscal year, millions of people) / Part A",fiscal_year,2027,2027,2027,79,11
Medicare,Part A,2028,76.0,Percent,51302-2020-03-medicare.xlsx,Medicare,false,51302,"Enrollment (Average monthly enrollment during fiscal year, millions of people) / Part A",fiscal_year,2028,2028,2028,79,12
Medicare,Part A,2029,77.0,Percent,51302-2020-03-medicare.xlsx,Medicare,false,51302,"Enrollment (Average monthly enrollment during fiscal year, millions of people) / Part A",fiscal_year,2029,2029,2029,79,13
Medicare,Part A,2030,78.0,Percent,51302-2020-03-medicare.xlsx,Medicare,false,51302,"Enrollment (Average monthly enrollment during fiscal year, millions of people) / Part A",fiscal_year,2030,2030,2030,79,14
Medicare,Part B,2019,56.0,Percent,51302-2020-03-medicare.xlsx,Medicare,false,51302,"Enrollment (Average monthly enrollment during fiscal year, millions of people) / Part B",fiscal_year,2019,2019,2019,80,3
Medicare,Part B,2020,57.0,Percent,51302-2020-03-medicare.xlsx,Medicare,false,51302,"Enrollment (Average monthly enrollment during fiscal year, millions of people) / Part B",fiscal_year,2020,2020,2020,80,4
Medicare,Part B,2021,58.0,Percent,51302-2020-03-medicare.xlsx,Medicare,false,51302,"Enrollment (Average monthly enrollment during fiscal year, millions of people) / Part B",fiscal_year,2021,2021,2021,80,5
Medicare,Part B,2022,60.0,Percent,51302-2020-03-medicare.xlsx,Medicare,false,51302,"Enrollment (Average monthly enrollment during fiscal year, millions of people) / Part B",fiscal_year,2022,2022,2022,80,6
Medicare,Part B,2023,62.0,Percent,51302-2020-03-medicare.xlsx,Medicare,false,51302,"Enrollment (Average monthly enrollment during fiscal year, millions of people) / Part B",fiscal_year,2023,2023,2023,80,7
Medicare,Part B,2024,63.0,Percent,51302-2020-03-medicare.xlsx,Medicare,false,51302,"Enrollment (Average monthly enrollment during fiscal year, millions of people) / Part B",fiscal_year,2024,2024,2024,80,8
Medicare,Part B,2025,65.0,Percent,51302-2020-03-medicare.xlsx,Medicare,false,51302,"Enrollment (Average monthly enrollment during fiscal year, millions of people) / Part B",fiscal_year,2025,2025,2025,80,9
Medicare,Part B,2026,66.0,Percent,51302-2020-03-medicare.xlsx,Medicare,false,51302,"Enrollment (Average monthly enrollment during fiscal year, millions of people) / Part B",fiscal_year,2026,2026,2026,80,10
Medicare,Part B,2027,68.0,Percent,51302-2020-03-medicare.xlsx,Medicare,false,51302,"Enrollment (Average monthly enrollment during fiscal year, millions of people) / Part B",fiscal_year,2027,2027,2027,80,11
Medicare,Part B,2028,70.0,Percent,51302-2020-03-medicare.xlsx,Medicare,false,51302,"Enrollment (Average monthly enrollment during fiscal year, millions of people) / Part B",fiscal_year,2028,2028,2028,80,12
Medicare,Part B,2029,71.0,Percent,51302-2020-03-medicare.xlsx,Medicare,false,51302,"Enrollment (Average monthly enrollment during fiscal year, millions of people) / Part B",fiscal_year,2029,2029,2029,80,13
Medicare,Part B,2030,72.0,Percent,51302-2020-03-medicare.xlsx,Medicare,false,51302,"Enrollment (Average monthly enrollment during fiscal year, millions of people) / Part B",fiscal_year,2030,2030,2030,80,14
Medicare,Part D (i),2019,47.0,Percent,51302-2020-03-medicare.xlsx,Medicare,false,51302,"Enrollment (Average monthly enrollment during fiscal year, millions of people) / Part D (i)",fiscal_year,2019,2019,2019,81,3
Medicare,Part D (i),2020,48.0,Percent,51302-2020-03-medicare.xlsx,Medicare,false,51302,"Enrollment (Average monthly enrollment during fiscal year, millions of people) / Part D (i)",fiscal_year,2020,2020,2020,81,4
Medicare,Part D (i),2021,50.0,Percent,51302-2020-03-medicare.xlsx,Medicare,false,51302,"Enrollment (Average monthly enrollment during fiscal year, millions of people) / Part D (i)",fiscal_year,2021,2021,2021,81,5
Medicare,Part D (i),2022,51.0,Percent,51302-2020-03-medicare.xlsx,Medicare,false,51302,"Enrollment (Average monthly enrollment during fiscal year, millions of people) / Part D (i)",fiscal_year,2022,2022,2022,81,6
Medicare,Part D (i),2023,52.0,Percent,51302-2020-03-medicare.xlsx,Medicare,false,51302,"Enrollment (Average monthly enrollment during fiscal year, millions of people) / Part D (i)",fiscal_year,2023,2023,2023,81,7
Medicare,Part D (i),2024,54.0,Percent,51302-2020-03-medicare.xlsx,Medicare,false,51302,"Enrollment (Average monthly enrollment during fiscal year, millions of people) / Part D (i)",fiscal_year,2024,2024,2024,81,8
Medicare,Part D (i),2025,55.0,Percent,51302-2020-03-medicare.xlsx,Medicare,false,51302,"Enrollment (Average monthly enrollment during fiscal year, millions of people) / Part D (i)",fiscal_year,2025,2025,2025,81,9
Medicare,Part D (i),2026,57.0,Percent,51302-2020-03-medicare.xlsx,Medicare,false,51302,"Enrollment (Average monthly enrollment during fiscal year, millions of people) / Part D (i)",fiscal_year,2026,2026,2026,81,10
Medicare,Part D (i),2027,58.0,Percent,51302-2020-03-medicare.xlsx,Medicare,false,51302,"Enrollment (Average monthly enrollment during fiscal year, millions of people) / Part D (i)",fiscal_year,2027,2027,2027,81,11
Medicare,Part D (i),2028,60.0,Percent,51302-2020-03-medicare.xlsx,Medicare,false,51302,"Enrollment (Average monthly enrollment during fiscal year, millions of people) / Part D (i)",fiscal_year,2028,2028,2028,81,12
Medicare,Part D (i),2029,61.0,Percent,51302-2020-03-medicare.xlsx,Medicare,false,51302,"Enrollment (Average monthly enrollment during fiscal year, millions of people) / Part D (i)",fiscal_year,2029,2029,2029,81,13
Medicare,Part D (i),2030,62.0,Percent,51302-2020-03-medicare.xlsx,Medicare,false,51302,"Enrollment (Average monthly enrollment during fiscal year, millions of people) / Part D (i)",fiscal_year,2030,2030,2030,81,14
Medicare,Part D low-income subsidy,2019,13.0,Percent,51302-2020-03-medicare.xlsx,Medicare,false,51302,Memorandum: / Part D low-income subsidy,fiscal_year,2019,2019,2019,84,3
Medicare,Part D low-income subsidy,2020,13.0,Percent,51302-2020-03-medicare.xlsx,Medicare,false,51302,Memorandum: / Part D low-income subsidy,fiscal_year,2020,2020,2020,84,4
Medicare,Part D low-income subsidy,2021,13.0,Percent,51302-2020-03-medicare.xlsx,Medicare,false,51302,Memorandum: / Part D low-income subsidy,fiscal_year,2021,2021,2021,84,5
Medicare,Part D low-income subsidy,2022,14.0,Percent,51302-2020-03-medicare.xlsx,Medicare,false,51302,Memorandum: / Part D low-income subsidy,fiscal_year,2022,2022,2022,84,6
Medicare,Part D low-income subsidy,2023,14.0,Percent,51302-2020-03-medicare.xlsx,Medicare,false,51302,Memorandum: / Part D low-income subsidy,fiscal_year,2023,2023,2023,84,7
Medicare,Part D low-income subsidy,2024,14.0,Percent,51302-2020-03-medicare.xlsx,Medicare,false,51302,Memorandum: / Part D low-income subsidy,fiscal_year,2024,2024,2024,84,8
Medicare,Part D low-income subsidy,2025,15.0,Percent,51302-2020-03-medicare.xlsx,Medicare,false,51302,Memorandum: / Part D low-income subsidy,fiscal_year,2025,2025,2025,84,9
Medicare,Part D low-income subsidy,2026,15.0,Percent,51302-2020-03-medicare.xlsx,Medicare,false,51302,Memorandum: / Part D low-income subsidy,fiscal_year,2026,2026,2026,84,10
Medicare,Part D low-income subsidy,2027,15.0,Percent,51302-2020-03-medicare.xlsx,Medicare,false,51302,Memorandum: / Part D low-income subsidy,fiscal_year,2027,2027,2027,84,11
Medicare,Part D low-income subsidy,2028,15.0,Percent,51302-2020-03-medicare.xlsx,Medicare,false,51302,Memorandum: / Part D low-income subsidy,fiscal_year,2028,2028,2028,84,12
Medicare,Part D low-income subsidy,2029,16.0,Percent,51302-2020-03-medicare.xlsx,Medicare,false,51302,Memorandum: / Part D low-income subsidy,fiscal_year,2029,2029,2029,84,13
Medicare,Part D low-income subsidy,2030,16.0,Percent,51302-2020-03-medicare.xlsx,Medicare,false,51302,Memorandum: / Part D low-income subsidy,fiscal_year,2030,2030,2030,84,14
Medicare,Part A fee-for-service enrollment,2019,38.0,Percent,51302-2020-03-medicare.xlsx,Medicare,false,51302,Memorandum: / Part A fee-for-service enrollment,fiscal_year,2019,2019,2019,85,3
Medicare,Part A fee-for-service enrollment,2020,38.0,Percent,51302-2020-03-medicare.xlsx,Medicare,false,51302,Memorandum: / Part A fee-for-service enrollment,fiscal_year,2020,2020,2020,85,4
Medicare,Part A fee-for-service enrollment,2021,38.0,Percent,51302-2020-03-medicare.xlsx,Medicare,false,51302,Memorandum: / Part A fee-for-service enrollment,fiscal_year,2021,2021,2021,85,5
Medicare,Part A fee-for-service enrollment,2022,38.0,Percent,51302-2020-03-medicare.xlsx,Medicare,false,51302,Memorandum: / Part A fee-for-service enrollment,fiscal_year,2022,2022,2022,85,6
Medicare,Part A fee-for-service enrollment,2023,38.0,Percent,51302-2020-03-medicare.xlsx,Medicare,false,51302,Memorandum: / Part A fee-for-service enrollment,fiscal_year,2023,2023,2023,85,7
Medicare,Part A fee-for-service enrollment,2024,38.0,Percent,51302-2020-03-medicare.xlsx,Medicare,false,51302,Memorandum: / Part A fee-for-service enrollment,fiscal_year,2024,2024,2024,85,8
Medicare,Part A fee-for-service enrollment,2025,38.0,Percent,51302-2020-03-medicare.xlsx,Medicare,false,51302,Memorandum: / Part A fee-for-service enrollment,fiscal_year,2025,2025,2025,85,9
Medicare,Part A fee-for-service enrollment,2026,38.0,Percent,51302-2020-03-medicare.xlsx,Medicare,false,51302,Memorandum: / Part A fee-for-service enrollment,fiscal_year,2026,2026,2026,85,10
Medicare,Part A fee-for-service enrollment,2027,38.0,Percent,51302-2020-03-medicare.xlsx,Medicare,false,51302,Memorandum: / Part A fee-for-service enrollment,fiscal_year,2027,2027,2027,85,11
Medicare,Part A fee-for-service enrollment,2028,39.0,Percent,51302-2020-03-medicare.xlsx,Medicare,false,51302,Memorandum: / Part A fee-for-service enrollment,fiscal_year,2028,2028,2028,85,12
Medicare,Part A fee-for-service enrollment,2029,39.0,Percent,51302-2020-03-medicare.xlsx,Medicare,false,51302,Memorandum: / Part A fee-for-service enrollment,fiscal_year,2029,2029,2029,85,13
Medicare,Part A fee-for-service enrollment,2030,39.0,Percent,51302-2020-03-medicare.xlsx,Medicare,false,51302,Memorandum: / Part A fee-for-service enrollment,fiscal_year,2030,2030,2030,85,14
Medicare,Group plan enrollment (j),2019,22.0,Percent,51302-2020-03-medicare.xlsx,Medicare,false,51302,Memorandum: / Group plan enrollment (j),fiscal_year,2019,2019,2019,86,3
Medicare,Group plan enrollment (j),2020,24.0,Percent,51302-2020-03-medicare.xlsx,Medicare,false,51302,Memorandum: / Group plan enrollment (j),fiscal_year,2020,2020,2020,86,4
Medicare,Group plan enrollment (j),2021,26.0,Percent,51302-2020-03-medicare.xlsx,Medicare,false,51302,Memorandum: / Group plan enrollment (j),fiscal_year,2021,2021,2021,86,5
Medicare,Group plan enrollment (j),2022,28.0,Percent,51302-2020-03-medicare.xlsx,Medicare,false,51302,Memorandum: / Group plan enrollment (j),fiscal_year,2022,2022,2022,86,6
Medicare,Group plan enrollment (j),2023,30.0,Percent,51302-2020-03-medicare.xlsx,Medicare,false,51302,Memorandum: / Group plan enrollment (j),fiscal_year,2023,2023,2023,86,7
Medicare,Group plan enrollment (j),2024,31.0,Percent,51302-2020-03-medicare.xlsx,Medicare,false,51302,Memorandum: / Group plan enrollment (j),fiscal_year,2024,2024,2024,86,8
Medicare,Group plan enrollment (j),2025,33.0,Percent,51302-2020-03-medicare.xlsx,Medicare,false,51302,Memorandum: / Group plan enrollment (j),fiscal_year,2025,2025,2025,86,9
Medicare,Group plan enrollment (j),2026,34.0,Percent,51302-2020-03-medicare.xlsx,Medicare,false,51302,Memorandum: / Group plan enrollment (j),fiscal_year,2026,2026,2026,86,10
Medicare,Group plan enrollment (j),2027,36.0,Percent,51302-2020-03-medicare.xlsx,Medicare,false,51302,Memorandum: / Group plan enrollment (j),fiscal_year,2027,2027,2027,86,11
Medicare,Group plan enrollment (j),2028,37.0,Percent,51302-2020-03-medicare.xlsx,Medicare,false,51302,Memorandum: / Group plan enrollment (j),fiscal_year,2028,2028,2028,86,12
Medicare,Group plan enrollment (j),2029,38.0,Percent,51302-2020-03-medicare.xlsx,Medicare,false,51302,Memorandum: / Group plan enrollment (j),fiscal_year,2029,2029,2029,86,13
Medicare,Group plan enrollment (j),2030,40.0,Percent,51302-2020-03-medicare.xlsx,Medicare,false,51302,Memorandum: / Group plan enrollment (j),fiscal_year,2030,2030,2030,86,14
Medicare,Receipts (Mostly payroll taxes),2019,319.0,Billions of dollars,51302-2020-03-medicare.xlsx,Medicare,false,51302,HI Trust Fund Income / Receipts (Mostly payroll taxes),fiscal_year,2019,2019,2019,91,3
Medicare,Receipts (Mostly payroll taxes),2020,338.0,Billions of dollars,51302-2020-03-medicare.xlsx,Medicare,false,51302,HI Trust Fund Income / Receipts (Mostly payroll taxes),fiscal_year,2020,2020,2020,91,4
Medicare,Receipts (Mostly payroll taxes),2021,354.0,Billions of dollars,51302-2020-03-medicare.xlsx,Medicare,false,51302,HI Trust Fund Income / Receipts (Mostly payroll taxes),fiscal_year,2021,2021,2021,91,5
Medicare,Receipts (Mostly payroll taxes),2022,370.0,Billions of dollars,51302-2020-03-medicare.xlsx,Medicare,false,51302,HI Trust Fund Income / Receipts (Mostly payroll taxes),fiscal_year,2022,2022,2022,91,6
Medicare,Receipts (Mostly payroll taxes),2023,386.0,Billions of dollars,51302-2020-03-medicare.xlsx,Medicare,false,51302,HI Trust Fund Income / Receipts (Mostly payroll taxes),fiscal_year,2023,2023,2023,91,7
Medicare,Receipts (Mostly payroll taxes),2024,402.0,Billions of dollars,51302-2020-03-medicare.xlsx,Medicare,false,51302,HI Trust Fund Income / Receipts (Mostly payroll taxes),fiscal_year,2024,2024,2024,91,8
Medicare,Receipts (Mostly payroll taxes),2025,418.0,Billions of dollars,51302-2020-03-medicare.xlsx,Medicare,false,51302,HI Trust Fund Income / Receipts (Mostly payroll taxes),fiscal_year,2025,2025,2025,91,9
Medicare,Receipts (Mostly payroll taxes),2026,438.0,Billions of dollars,51302-2020-03-medicare.xlsx,Medicare,false,51302,HI Trust Fund Income / Receipts (Mostly payroll taxes),fiscal_year,2026,2026,2026,91,10
Medicare,Receipts (Mostly payroll taxes),2027,460.0,Billions of dollars,51302-2020-03-medicare.xlsx,Medicare,false,51302,HI Trust Fund Income / Receipts (Mostly payroll taxes),fiscal_year,2027,2027,2027,91,11
Medicare,Receipts (Mostly payroll taxes),2028,480.0,Billions of dollars,51302-2020-03-medicare.xlsx,Medicare,false,51302,HI Trust Fund Income / Receipts (Mostly payroll taxes),fiscal_year,2028,2028,2028,91,12
Medicare,Receipts (Mostly payroll taxes),2029,501.0,Billions of dollars,51302-2020-03-medicare.xlsx,Medicare,false,51302,HI Trust Fund Income / Receipts (Mostly payroll taxes),fiscal_year,2029,2029,2029,91,13
Medicare,Receipts (Mostly payroll taxes),2030,522.0,Billions of dollars,51302-2020-03-medicare.xlsx,Medicare,false,51302,HI Trust Fund Income / Receipts (Mostly payroll taxes),fiscal_year,2030,2030,2030,91,14
Medicare,Interest,2019,7.0,Billions of dollars,51302-2020-03-medicare.xlsx,Medicare,false,51302,HI Trust Fund Income / Interest,fiscal_year,2019,2019,2019,92,3
Medicare,Interest,2020,7.0,Billions of dollars,51302-2020-03-medicare.xlsx,Medicare,false,51302,HI Trust Fund Income / Interest,fiscal_year,2020,2020,2020,92,4
Medicare,Interest,2021,7.0,Billions of dollars,51302-2020-03-medicare.xlsx,Medicare,false,51302,HI Trust Fund Income / Interest,fiscal_year,2021,2021,2021,92,5
Medicare,Interest,2022,6.0,Billions of dollars,51302-2020-03-medicare.xlsx,Medicare,false,51302,HI Trust Fund Income / Interest,fiscal_year,2022,2022,2022,92,6
Medicare,Interest,2023,5.0,Billions of dollars,51302-2020-03-medicare.xlsx,Medicare,false,51302,HI Trust Fund Income / Interest,fiscal_year,2023,2023,2023,92,7
Medicare,Interest,2024,4.0,Billions of dollars,51302-2020-03-medicare.xlsx,Medicare,false,51302,HI Trust Fund Income / Interest,fiscal_year,2024,2024,2024,92,8
Medicare,Interest,2025,2.0,Billions of dollars,51302-2020-03-medicare.xlsx,Medicare,false,51302,HI Trust Fund Income / Interest,fiscal_year,2025,2025,2025,92,9
Medicare,Interest,2026,0.0,Billions of dollars,51302-2020-03-medicare.xlsx,Medicare,false,51302,HI Trust Fund Income / Interest,fiscal_year,2026,2026,2026,92,10
Medicare,Total Income,2019,326.0,Billions of dollars,51302-2020-03-medicare.xlsx,Medicare,true,51302,HI Trust Fund Income / Total Income,fiscal_year,2019,2019,2019,93,3
Medicare,Total Income,2020,345.0,Billions of dollars,51302-2020-03-medicare.xlsx,Medicare,true,51302,HI Trust Fund Income / Total Income,fiscal_year,2020,2020,2020,93,4
Medicare,Total Income,2021,361.0,Billions of dollars,51302-2020-03-medicare.xlsx,Medicare,true,51302,HI Trust Fund Income / Total Income,fiscal_year,2021,2021,2021,93,5
Medicare,Total Income,2022,376.0,Billions of dollars,51302-2020-03-medicare.xlsx,Medicare,true,51302,HI Trust Fund Income / Total Income,fiscal_year,2022,2022,2022,93,6
Medicare,Total Income,2023,391.0,Billions of dollars,51302-2020-03-medicare.xlsx,Medicare,true,51302,HI Trust Fund Income / Total Income,fiscal_year,2023,2023,2023,93,7
Medicare,Total Income,2024,406.0,Billions of dollars,51302-2020-03-medicare.xlsx,Medicare,true,51302,HI Trust Fund Income / Total Income,fiscal_year,2024,2024,2024,93,8
Medicare,Total Income,2025,421.0,Billions of dollars,51302-2020-03-medicare.xlsx,Medicare,true,51302,HI Trust Fund Income / Total Income,fiscal_year,2025,2025,2025,93,9
Medicare,Total Income,2026,438.0,Billions of dollars,51302-2020-03-medicare.xlsx,Medicare,true,51302,HI Trust Fund Income / Total Income,fiscal_year,2026,2026,2026,93,10
Medicare,Total Income,2027,458.0,Billions of dollars,51302-2020-03-medicare.xlsx,Medicare,true,51302,HI Trust Fund Income / Total Income,fiscal_year,2027,2027,2027,93,11
Medicare,Total Income,2028,475.0,Billions of dollars,51302-2020-03-medicare.xlsx,Medicare,true,51302,HI Trust Fund Income / Total Income,fiscal_year,2028,2028,2028,93,12
Medicare,Total Income,2029,491.0,Billions of dollars,51302-2020-03-medicare.xlsx,Medicare,true,51302,HI Trust Fund Income / Total Income,fiscal_year,2029,2029,2029,93,13
Medicare,Total Income,2030,508.0,Billions of dollars,51302-2020-03-medicare.xlsx,Medicare,true,51302,HI Trust Fund Income / Total Income,fiscal_year,2030,2030,2030,93,14
Medicare,HI Trust Fund Outlays,2019,330.0,Billions of dollars,51302-2020-03-medicare.xlsx,Medicare,false,51302,HI Trust Fund Income / HI Trust Fund Outlays,fiscal_year,2019,2019,2019,94,3
Medicare,HI Trust Fund Outlays,2020,348.0,Billions of dollars,51302-2020-03-medicare.xlsx,Medicare,false,51302,HI Trust Fund Income / HI Trust Fund Outlays,fiscal_year,2020,2020,2020,94,4
Medicare,HI Trust Fund Outlays,2021,371.0,Billions of dollars,51302-2020-03-medicare.xlsx,Medicare,false,51302,HI Trust Fund Income / HI Trust Fund Outlays,fiscal_year,2021,2021,2021,94,5
Medicare,HI Trust Fund Outlays,2022,411.0,Billions of dollars,51302-2020-03-medicare.xlsx,Medicare,false,51302,HI Trust Fund Income / HI Trust Fund Outlays,fiscal_year,2022,2022,2022,94,6
Medicare,HI Trust Fund Outlays,2023,426.0,Billions of dollars,51302-2020-03-medicare.xlsx,Medicare,false,51302,HI Trust Fund Income / HI Trust Fund Outlays,fiscal_year,2023,2023,2023,94,7
Medicare,HI Trust Fund Outlays,2024,437.0,Billions of dollars,51302-2020-03-medicare.xlsx,Medicare,false,51302,HI Trust Fund Income / HI Trust Fund Outlays,fiscal_year,2024,2024,2024,94,8
Medicare,HI Trust Fund Outlays,2025,482.0,Billions of dollars,51302-2020-03-medicare.xlsx,Medicare,false,51302,HI Trust Fund Income / HI Trust Fund Outlays,fiscal_year,2025,2025,2025,94,9
Medicare,HI Trust Fund Outlays,2026,512.0,Billions of dollars,51302-2020-03-medicare.xlsx,Medicare,false,51302,HI Trust Fund Income / HI Trust Fund Outlays,fiscal_year,2026,2026,2026,94,10
Medicare,HI Trust Fund Outlays,2027,543.0,Billions of dollars,51302-2020-03-medicare.xlsx,Medicare,false,51302,HI Trust Fund Income / HI Trust Fund Outlays,fiscal_year,2027,2027,2027,94,11
Medicare,HI Trust Fund Outlays,2028,599.0,Billions of dollars,51302-2020-03-medicare.xlsx,Medicare,false,51302,HI Trust Fund Income / HI Trust Fund Outlays,fiscal_year,2028,2028,2028,94,12
Medicare,HI Trust Fund Outlays,2029,590.0,Billions of dollars,51302-2020-03-medicare.xlsx,Medicare,false,51302,HI Trust Fund Income / HI Trust Fund Outlays,fiscal_year,2029,2029,2029,94,13
Medicare,HI Trust Fund Outlays,2030,663.0,Billions of dollars,51302-2020-03-medicare.xlsx,Medicare,false,51302,HI Trust Fund Income / HI Trust Fund Outlays,fiscal_year,2030,2030,2030,94,14
Medicare,HI Trust Fund Surplus or Deficit (l),2019,-4.0,Billions of dollars,51302-2020-03-medicare.xlsx,Medicare,false,51302,HI Trust Fund Income / HI Trust Fund Surplus or Deficit (l),fiscal_year,2019,2019,2019,95,3
Medicare,HI Trust Fund Surplus or Deficit (l),2020,-4.0,Billions of dollars,51302-2020-03-medicare.xlsx,Medicare,false,51302,HI Trust Fund Income / HI Trust Fund Surplus or Deficit (l),fiscal_year,2020,2020,2020,95,4
Medicare,HI Trust Fund Surplus or Deficit (l),2021,-10.0,Billions of dollars,51302-2020-03-medicare.xlsx,Medicare,false,51302,HI Trust Fund Income / HI Trust Fund Surplus or Deficit (l),fiscal_year,2021,2021,2021,95,5
Medicare,HI Trust Fund Surplus or Deficit (l),2022,-35.0,Billions of dollars,51302-2020-03-medicare.xlsx,Medicare,false,51302,HI Trust Fund Income / HI Trust Fund Surplus or Deficit (l),fiscal_year,2022,2022,2022,95,6
Medicare,HI Trust Fund Surplus or Deficit (l),2023,-35.0,Billions of dollars,51302-2020-03-medicare.xlsx,Medicare,false,51302,HI Trust Fund Income / HI Trust Fund Surplus or Deficit (l),fiscal_year,2023,2023,2023,95,7
Medicare,HI Trust Fund Surplus or Deficit (l),2024,-32.0,Billions of dollars,51302-2020-03-medicare.xlsx,Medicare,false,51302,HI Trust Fund Income / HI Trust Fund Surplus or Deficit (l),fiscal_year,2024,2024,2024,95,8
Medicare,HI Trust Fund Surplus or Deficit (l),2025,-61.0,Billions of dollars,51302-2020-03-medicare.xlsx,Medicare,false,51302,HI Trust Fund Income / HI Trust Fund Surplus or Deficit (l),fiscal_year,2025,2025,2025,95,9
Medicare,HI Trust Fund Surplus or Deficit (l),2026,-74.0,Billions of dollars,51302-2020-03-medicare.xlsx,Medicare,false,51302,HI Trust Fund Income / HI Trust Fund Surplus or Deficit (l),fiscal_year,2026,2026,2026,95,10
Medicare,HI Trust Fund Surplus or Deficit (l),2027,-86.0,Billions of dollars,51302-2020-03-medicare.xlsx,Medicare,false,51302,HI Trust Fund Income / HI Trust Fund Surplus or Deficit (l),fiscal_year,2027,2027,2027,95,11
Medicare,HI Trust Fund Surplus or Deficit (l),2028,-124.0,Billions of dollars,51302-2020-03-medicare.xlsx,Medicare,false,51302,HI Trust Fund Income / HI Trust Fund Surplus or Deficit (l),fiscal_year,2028,2028,2028,95,12
Medicare,HI Trust Fund Surplus or Deficit (l),2029,-99.0,Billions of dollars,51302-2020-03-medicare.xlsx,Medicare,false,51302,HI Trust Fund Income / HI Trust Fund Surplus or Deficit (l),fiscal_year,2029,2029,2029,95,13
Medicare,HI Trust Fund Surplus or Deficit (l),2030,-155.0,Billions of dollars,51302-2020-03-medicare.xlsx,Medicare,false,51302,HI Trust Fund Income / HI Trust Fund Surplus or Deficit (l),fiscal_year,2030,2030,2030,95,14
Medicare,HI Trust Fund Balance (End-of-year),2019,199.0,Billions of dollars,51302-2020-03-medicare.xlsx,Medicare,false,51302,HI Trust Fund Income / HI Trust Fund Balance (End-of-year),fiscal_year,2019,2019,2019,96,3
Medicare,HI Trust Fund Balance (End-of-year),2020,195.0,Billions of dollars,51302-2020-03-medicare.xlsx,Medicare,false,51302,HI Trust Fund Income / HI Trust Fund Balance (End-of-year),fiscal_year,2020,2020,2020,96,4
Medicare,HI Trust Fund Balance (End-of-year),2021,185.0,Billions of dollars,51302-2020-03-medicare.xlsx,Medicare,false,51302,HI Trust Fund Income / HI Trust Fund Balance (End-of-year),fiscal_year,2021,2021,2021,96,5
Medicare,HI Trust Fund Balance (End-of-year),2022,150.0,Billions of dollars,51302-2020-03-medicare.xlsx,Medicare,false,51302,HI Trust Fund Income / HI Trust Fund Balance (End-of-year),fiscal_year,2022,2022,2022,96,6
Medicare,HI Trust Fund Balance (End-of-year),2023,115.0,Billions of dollars,51302-2020-03-medicare.xlsx,Medicare,false,51302,HI Trust Fund Income / HI Trust Fund Balance (End-of-year),fiscal_year,2023,2023,2023,96,7
Medicare,HI Trust Fund Balance (End-of-year),2024,84.0,Billions of dollars,51302-2020-03-medicare.xlsx,Medicare,false,51302,HI Trust Fund Income / HI Trust Fund Balance (End-of-year),fiscal_year,2024,2024,2024,96,8
Medicare,HI Trust Fund Balance (End-of-year),2025,22.0,Billions of dollars,51302-2020-03-medicare.xlsx,Medicare,false,51302,HI Trust Fund Income / HI Trust Fund Balance (End-of-year),fiscal_year,2025,2025,2025,96,9
Medicare,Part A Premiums,2019,-4.0,Billions of dollars,51302-2020-03-medicare.xlsx,Medicare,false,51302,Offsetting Receipts (Billions of dollars) / Part A Premiums,fiscal_year,2019,2019,2019,101,3
Medicare,Part A Premiums,2020,-4.0,Billions of dollars,51302-2020-03-medicare.xlsx,Medicare,false,51302,Offsetting Receipts (Billions of dollars) / Part A Premiums,fiscal_year,2020,2020,2020,101,4
Medicare,Part A Premiums,2021,-4.0,Billions of dollars,51302-2020-03-medicare.xlsx,Medicare,false,51302,Offsetting Receipts (Billions of dollars) / Part A Premiums,fiscal_year,2021,2021,2021,101,5
Medicare,Part A Premiums,2022,-4.0,Billions of dollars,51302-2020-03-medicare.xlsx,Medicare,false,51302,Offsetting Receipts (Billions of dollars) / Part A Premiums,fiscal_year,2022,2022,2022,101,6
Medicare,Part A Premiums,2023,-5.0,Billions of dollars,51302-2020-03-medicare.xlsx,Medicare,false,51302,Offsetting Receipts (Billions of dollars) / Part A Premiums,fiscal_year,2023,2023,2023,101,7
Medicare,Part A Premiums,2024,-5.0,Billions of dollars,51302-2020-03-medicare.xlsx,Medicare,false,51302,Offsetting Receipts (Billions of dollars) / Part A Premiums,fiscal_year,2024,2024,2024,101,8
Medicare,Part A Premiums,2025,-5.0,Billions of dollars,51302-2020-03-medicare.xlsx,Medicare,false,51302,Offsetting Receipts (Billions of dollars) / Part A Premiums,fiscal_year,2025,2025,2025,101,9
Medicare,Part A Premiums,2026,-5.0,Billions of dollars,51302-2020-03-medicare.xlsx,Medicare,false,51302,Offsetting Receipts (Billions of dollars) / Part A Premiums,fiscal_year,2026,2026,2026,101,10
Medicare,Part A Premiums,2027,-5.0,Billions of dollars,51302-2020-03-medicare.xlsx,Medicare,false,51302,Offsetting Receipts (Billions of dollars) / Part A Premiums,fiscal_year,2027,2027,2027,101,11
Medicare,Part A Premiums,2028,-6.0,Billions of dollars,51302-2020-03-medicare.xlsx,Medicare,false,51302,Offsetting Receipts (Billions of dollars) / Part A Premiums,fiscal_year,2028,2028,2028,101,12
Medicare,Part A Premiums,2029,-6.0,Billions of dollars,51302-2020-03-medicare.xlsx,Medicare,false,51302,Offsetting Receipts (Billions of dollars) / Part A Premiums,fiscal_year,2029,2029,2029,101,13
Medicare,Part A Premiums,2030,-6.0,Billions of dollars,51302-2020-03-medicare.xlsx,Medicare,false,51302,Offsetting Receipts (Billions of dollars) / Part A Premiums,fiscal_year,2030,2030,2030,101,14
Medicare,Part B Premiums (m),2019,-98.0,Billions of dollars,51302-2020-03-medicare.xlsx,Medicare,false,51302,Offsetting Receipts (Billions of dollars) / Part B Premiums (m),fiscal_year,2019,2019,2019,102,3
Medicare,Part B Premiums (m),2020,-105.0,Billions of dollars,51302-2020-03-medicare.xlsx,Medicare,false,51302,Offsetting Receipts (Billions of dollars) / Part B Premiums (m),fiscal_year,2020,2020,2020,102,4
Medicare,Part B Premiums (m),2021,-118.0,Billions of dollars,51302-2020-03-medicare.xlsx,Medicare,false,51302,Offsetting Receipts (Billions of dollars) / Part B Premiums (m),fiscal_year,2021,2021,2021,102,5
Medicare,Part B Premiums (m),2022,-128.0,Billions of dollars,51302-2020-03-medicare.xlsx,Medicare,false,51302,Offsetting Receipts (Billions of dollars) / Part B Premiums (m),fiscal_year,2022,2022,2022,102,6
Medicare,Part B Premiums (m),2023,-138.0,Billions of dollars,51302-2020-03-medicare.xlsx,Medicare,false,51302,Offsetting Receipts (Billions of dollars) / Part B Premiums (m),fiscal_year,2023,2023,2023,102,7
Medicare,Part B Premiums (m),2024,-150.0,Billions of dollars,51302-2020-03-medicare.xlsx,Medicare,false,51302,Offsetting Receipts (Billions of dollars) / Part B Premiums (m),fiscal_year,2024,2024,2024,102,8
Medicare,Part B Premiums (m),2025,-162.0,Billions of dollars,51302-2020-03-medicare.xlsx,Medicare,false,51302,Offsetting Receipts (Billions of dollars) / Part B Premiums (m),fiscal_year,2025,2025,2025,102,9
Medicare,Part B Premiums (m),2026,-174.0,Billions of dollars,51302-2020-03-medicare.xlsx,Medicare,false,51302,Offsetting Receipts (Billions of dollars) / Part B Premiums (m),fiscal_year,2026,2026,2026,102,10
Medicare,Part B Premiums (m),2027,-189.0,Billions of dollars,51302-2020-03-medicare.xlsx,Medicare,false,51302,Offsetting Receipts (Billions of dollars) / Part B Premiums (m),fiscal_year,2027,2027,2027,102,11
Medicare,Part B Premiums (m),2028,-205.0,Billions of dollars,51302-2020-03-medicare.xlsx,Medicare,false,51302,Offsetting Receipts (Billions of dollars) / Part B Premiums (m),fiscal_year,2028,2028,2028,102,12
Medicare,Part B Premiums (m),2029,-222.0,Billions of dollars,51302-2020-03-medicare.xlsx,Medicare,false,51302,Offsetting Receipts (Billions of dollars) / Part B Premiums (m),fiscal_year,2029,2029,2029,102,13
Medicare,Part B Premiums (m),2030,-241.0,Billions of dollars,51302-2020-03-medicare.xlsx,Medicare,false,51302,Offsetting Receipts (Billions of dollars) / Part B Premiums (m),fiscal_year,2030,2030,2030,102,14
Medicare,Part D Premiums (n),2019,-6.0,Billions of dollars,51302-2020-03-medicare.xlsx,Medicare,false,51302,Offsetting Receipts (Billions of dollars) / Part D Premiums (n),fiscal_year,2019,2019,2019,103,3
Medicare,Part D Premiums (n),2020,-6.0,Billions of dollars,51302-2020-03-medicare.xlsx,Medicare,false,51302,Offsetting Receipts (Billions of dollars) / Part D Premiums (n),fiscal_year,2020,2020,2020,103,4
Medicare,Part D Premiums (n),2021,-7.0,Billions of dollars,51302-2020-03-medicare.xlsx,Medicare,false,51302,Offsetting Receipts (Billions of dollars) / Part D Premiums (n),fiscal_year,2021,2021,2021,103,5
Medicare,Part D Premiums (n),2022,-7.0,Billions of dollars,51302-2020-03-medicare.xlsx,Medicare,false,51302,Offsetting Receipts (Billions of dollars) / Part D Premiums (n),fiscal_year,2022,2022,2022,103,6
Medicare,Part D Premiums (n),2023,-8.0,Billions of dollars,51302-2020-03-medicare.xlsx,Medicare,false,51302,Offsetting Receipts (Billions of dollars) / Part D Premiums (n),fiscal_year,2023,2023,2023,103,7
Medicare,Part D Premiums (n),2024,-9.0,Billions of dollars,51302-2020-03-medicare.xlsx,Medicare,false,51302,Offsetting Receipts (Billions of dollars) / Part D Premiums (n),fiscal_year,2024,2024,2024,103,8
Medicare,Part D Premiums (n),2025,-10.0,Billions of dollars,51302-2020-03-medicare.xlsx,Medicare,false,51302,Offsetting Receipts (Billions of dollars) / Part D Premiums (n),fiscal_year,2025,2025,2025,103,9
Medicare,Part D Premiums (n),2026,-10.0,Billions of dollars,51302-2020-03-medicare.xlsx,Medicare,false,51302,Offsetting Receipts (Billions of dollars) / Part D Premiums (n),fiscal_year,2026,2026,2026,103,10
Medicare,Part D Premiums (n),2027,-11.0,Billions of dollars,51302-2020-03-medicare.xlsx,Medicare,false,51302,Offsetting Receipts (Billions of dollars) / Part D Premiums (n),fiscal_year,2027,2027,2027,103,11
Medicare,Part D Premiums (n),2028,-13.0,Billions of dollars,51302-2020-03-medicare.xlsx,Medicare,false,51302,Offsetting Receipts (Billions of dollars) / Part D Premiums (n),fiscal_year,2028,2028,2028,103,12
Medicare,Part D Premiums (n),2029,-14.0,Billions of dollars,51302-2020-03-medicare.xlsx,Medicare,false,51302,Offsetting Receipts (Billions of dollars) / Part D Premiums (n),fiscal_year,2029,2029,2029,103,13
Medicare,Part D Premiums (n),2030,-15.0,Billions of dollars,51302-2020-03-medicare.xlsx,Medicare,false,51302,Offsetting Receipts (Billions of dollars) / Part D Premiums (n),fiscal_year,2030,2030,2030,103,14
Medicare,Part D Payments by States,2019,-12.0,Billions of dollars,51302-2020-03-medicare.xlsx,Medicare,false,51302,Offsetting Receipts (Billions of dollars) / Part D Payments by States,fiscal_year,2019,2019,2019,104,3
Medicare,Part D Payments by States,2020,-13.0,Billions of dollars,51302-2020-03-medicare.xlsx,Medicare,false,51302,Offsetting Receipts (Billions of dollars) / Part D Payments by States,fiscal_year,2020,2020,2020,104,4
Medicare,Part D Payments by States,2021,-13.0,Billions of dollars,51302-2020-03-medicare.xlsx,Medicare,false,51302,Offsetting Receipts (Billions of dollars) / Part D Payments by States,fiscal_year,2021,2021,2021,104,5
Medicare,Part D Payments by States,2022,-14.0,Billions of dollars,51302-2020-03-medicare.xlsx,Medicare,false,51302,Offsetting Receipts (Billions of dollars) / Part D Payments by States,fiscal_year,2022,2022,2022,104,6
Medicare,Part D Payments by States,2023,-15.0,Billions of dollars,51302-2020-03-medicare.xlsx,Medicare,false,51302,Offsetting Receipts (Billions of dollars) / Part D Payments by States,fiscal_year,2023,2023,2023,104,7
Medicare,Part D Payments by States,2024,-15.0,Billions of dollars,51302-2020-03-medicare.xlsx,Medicare,false,51302,Offsetting Receipts (Billions of dollars) / Part D Payments by States,fiscal_year,2024,2024,2024,104,8
Medicare,Part D Payments by States,2025,-16.0,Billions of dollars,51302-2020-03-medicare.xlsx,Medicare,false,51302,Offsetting Receipts (Billions of dollars) / Part D Payments by States,fiscal_year,2025,2025,2025,104,9
Medicare,Part D Payments by States,2026,-17.0,Billions of dollars,51302-2020-03-medicare.xlsx,Medicare,false,51302,Offsetting Receipts (Billions of dollars) / Part D Payments by States,fiscal_year,2026,2026,2026,104,10
Medicare,Part D Payments by States,2027,-19.0,Billions of dollars,51302-2020-03-medicare.xlsx,Medicare,false,51302,Offsetting Receipts (Billions of dollars) / Part D Payments by States,fiscal_year,2027,2027,2027,104,11
Medicare,Part D Payments by States,2028,-20.0,Billions of dollars,51302-2020-03-medicare.xlsx,Medicare,false,51302,Offsetting Receipts (Billions of dollars) / Part D Payments by States,fiscal_year,2028,2028,2028,104,12
Medicare,Part D Payments by States,2029,-21.0,Billions of dollars,51302-2020-03-medicare.xlsx,Medicare,false,51302,Offsetting Receipts (Billions of dollars) / Part D Payments by States,fiscal_year,2029,2029,2029,104,13
Medicare,Part D Payments by States,2030,-22.0,Billions of dollars,51302-2020-03-medicare.xlsx,Medicare,false,51302,Offsetting Receipts (Billions of dollars) / Part D Payments by States,fiscal_year,2030,2030,2030,104,14
Medicare,Amounts Paid to Providers and Recovered (f),2019,-12.0,Billions of dollars,51302-2020-03-medicare.xlsx,Medicare,false,51302,Offsetting Receipts (Billions of dollars) / Amounts Paid to Providers and Recovered (f),fiscal_year,2019,2019,2019,105,3
Medicare,Amounts Paid to Providers and Recovered (f),2020,-12.0,Billions of dollars,51302-2020-03-medicare.xlsx,Medicare,false,51302,Offsetting Receipts (Billions of dollars) / Amounts Paid to Providers and Recovered (f),fiscal_year,2020,2020,2020,105,4
Medicare,Amounts Paid to Providers and Recovered (f),2021,-13.0,Billions of dollars,51302-2020-03-medicare.xlsx,Medicare,false,51302,Offsetting Receipts (Billions of dollars) / Amounts Paid to Providers and Recovered (f),fiscal_year,2021,2021,2021,105,5
Medicare,Amounts Paid to Providers and Recovered (f),2022,-14.0,Billions of dollars,51302-2020-03-medicare.xlsx,Medicare,false,51302,Offsetting Receipts (Billions of dollars) / Amounts Paid to Providers and Recovered (f),fiscal_year,2022,2022,2022,105,6
Medicare,Amounts Paid to Providers and Recovered (f),2023,-14.0,Billions of dollars,51302-2020-03-medicare.xlsx,Medicare,false,51302,Offsetting Receipts (Billions of dollars) / Amounts Paid to Providers and Recovered (f),fiscal_year,2023,2023,2023,105,7
Medicare,Amounts Paid to Providers and Recovered (f),2024,-15.0,Billions of dollars,51302-2020-03-medicare.xlsx,Medicare,false,51302,Offsetting Receipts (Billions of dollars) / Amounts Paid to Providers and Recovered (f),fiscal_year,2024,2024,2024,105,8
Medicare,Amounts Paid to Providers and Recovered (f),2025,-17.0,Billions of dollars,51302-2020-03-medicare.xlsx,Medicare,false,51302,Offsetting Receipts (Billions of dollars) / Amounts Paid to Providers and Recovered (f),fiscal_year,2025,2025,2025,105,9
Medicare,Amounts Paid to Providers and Recovered (f),2026,-18.0,Billions of dollars,51302-2020-03-medicare.xlsx,Medicare,false,51302,Offsetting Receipts (Billions of dollars) / Amounts Paid to Providers and Recovered (f),fiscal_year,2026,2026,2026,105,10
Medicare,Amounts Paid to Providers and Recovered (f),2027,-19.0,Billions of dollars,51302-2020-03-medicare.xlsx,Medicare,false,51302,Offsetting Receipts (Billions of dollars) / Amounts Paid to Providers and Recovered (f),fiscal_year,2027,2027,2027,105,11
Medicare,Amounts Paid to Providers and Recovered (f),2028,-21.0,Billions of dollars,51302-2020-03-medicare.xlsx,Medicare,false,51302,Offsetting Receipts (Billions of dollars) / Amounts Paid to Providers and Recovered (f),fiscal_year,2028,2028,2028,105,12
Medicare,Amounts Paid to Providers and Recovered (f),2029,-23.0,Billions of dollars,51302-2020-03-medicare.xlsx,Medicare,false,51302,Offsetting Receipts (Billions of dollars) / Amounts Paid to Providers and Recovered (f),fiscal_year,2029,2029,2029,105,13
Medicare,Amounts Paid to Providers and Recovered (f),2030,-25.0,Billions of dollars,51302-2020-03-medicare.xlsx,Medicare,false,51302,Offsetting Receipts (Billions of dollars) / Amounts Paid to Providers and Recovered (f),fiscal_year,2030,2030,2030,105,14
Medicare,"Subtotal, Offsetting Receipts",2019,-131.0,Billions of dollars,51302-2020-03-medicare.xlsx,Medicare,true,51302,"Offsetting Receipts (Billions of dollars) / Subtotal, Offsetting Receipts",fiscal_year,2019,2019,2019,106,3
Medicare,"Subtotal, Offsetting Receipts",2020,-140.0,Billions of dollars,51302-2020-03-medicare.xlsx,Medicare,true,51302,"Offsetting Receipts (Billions of dollars) / Subtotal, Offsetting Receipts",fiscal_year,2020,2020,2020,106,4
Medicare,"Subtotal, Offsetting Receipts",2021,-154.0,Billions of dollars,51302-2020-03-medicare.xlsx,Medicare,true,51302,"Offsetting Receipts (Billions of dollars) / Subtotal, Offsetting Receipts",fiscal_year,2021,2021,2021,106,5
Medicare,"Subtotal, Offsetting Receipts",2022,-167.0,Billions of dollars,51302-2020-03-medicare.xlsx,Medicare,true,51302,"Offsetting Receipts (Billions of dollars) / Subtotal, Offsetting Receipts",fiscal_year,2022,2022,2022,106,6
Medicare,"Subtotal, Offsetting Receipts",2023,-180.0,Billions of dollars,51302-2020-03-medicare.xlsx,Medicare,true,51302,"Offsetting Receipts (Billions of dollars) / Subtotal, Offsetting Receipts",fiscal_year,2023,2023,2023,106,7
Medicare,"Subtotal, Offsetting Receipts",2024,-194.0,Billions of dollars,51302-2020-03-medicare.xlsx,Medicare,true,51302,"Offsetting Receipts (Billions of dollars) / Subtotal, Offsetting Receipts",fiscal_year,2024,2024,2024,106,8
Medicare,"Subtotal, Offsetting Receipts",2025,-209.0,Billions of dollars,51302-2020-03-medicare.xlsx,Medicare,true,51302,"Offsetting Receipts (Billions of dollars) / Subtotal, Offsetting Receipts",fiscal_year,2025,2025,2025,106,9
Medicare,"Subtotal, Offsetting Receipts",2026,-225.0,Billions of dollars,51302-2020-03-medicare.xlsx,Medicare,true,51302,"Offsetting Receipts (Billions of dollars) / Subtotal, Offsetting Receipts",fiscal_year,2026,2026,2026,106,10
Medicare,"Subtotal, Offsetting Receipts",2027,-244.0,Billions of dollars,51302-2020-03-medicare.xlsx,Medicare,true,51302,"Offsetting Receipts (Billions of dollars) / Subtotal, Offsetting Receipts",fiscal_year,2027,2027,2027,106,11
Medicare,"Subtotal, Offsetting Receipts",2028,-263.0,Billions of dollars,51302-2020-03-medicare.xlsx,Medicare,true,51302,"Offsetting Receipts (Billions of dollars) / Subtotal, Offsetting Receipts",fiscal_year,2028,2028,2028,106,12
Medicare,"Subtotal, Offsetting Receipts",2029,-285.0,Billions of dollars,51302-2020-03-medicare.xlsx,Medicare,true,51302,"Offsetting Receipts (Billions of dollars) / Subtotal, Offsetting Receipts",fiscal_year,2029,2029,2029,106,13
Medicare,"Subtotal, Offsetting Receipts",2030,-308.0,Billions of dollars,51302-2020-03-medicare.xlsx,Medicare,true,51302,"Offsetting Receipts (Billions of dollars) / Subtotal, Offsetting Receipts",fiscal_year,2030,2030,2030,106,14
