program,category,fiscal_year,value,unit,source_file,source_sheet,is_total,program_id,category_path,period_type,period_start_year,period_end_year,period_label,source_row,source_column
Medicare,Mandatory Outlaysa,2020,912.0,Billions of dollars,51302-2021-07-medicare.xlsx,Medicare_07-2021,true,51302,Medicare Totals / Mandatory Outlaysa,fiscal_year,2020,2020,2020,15,5
Medicare,Mandatory Outlaysa,2021,831.0,Billions of dollars,51302-2021-07-medicare.xlsx,Medicare_07-2021,true,51302,Medicare Totals / Mandatory Outlaysa,fiscal_year,2021,2021,2021,15,6
Medicare,Mandatory Outlaysa,2022,904.0,Billions of dollars,51302-2021-07-medicare.xlsx,Medicare_07-2021,true,51302,Medicare Totals / Mandatory Outlaysa,fiscal_year,2022,2022,2022,15,7
Medicare,Mandatory Outlaysa,2023,1013.0,Billions of dollars,51302-2021-07-medicare.xlsx,Medicare_07-2021,true,51302,Medicare Totals / Mandatory Outlaysa,fiscal_year,2023,2023,2023,15,8
Medicare,Mandatory Outlaysa,2024,1041.0,Billions of dollars,51302-2021-07-medicare.xlsx,Medicare_07-2021,true,51302,Medicare Totals / Mandatory Outlaysa,fiscal_year,2024,2024,2024,15,9
Medicare,Mandatory Outlaysa,2025,1171.0,Billions of dollars,51302-2021-07-medicare.xlsx,Medicare_07-2021,true,51302,Medicare Totals / Mandatory Outlaysa,fiscal_year,2025,2025,2025,15,10
Medicare,Mandatory Outlaysa,2026,1258.0,Billions of dollars,51302-2021-07-medicare.xlsx,Medicare_07-2021,true,51302,Medicare Totals / Mandatory Outlaysa,fiscal_year,2026,2026,2026,15,11
Medicare,Mandatory Outlaysa,2027,1353.0,Billions of dollars,51302-2021-07-medicare.xlsx,Medicare_07-2021,true,51302,Medicare Totals / Mandatory Outlaysa,fiscal_year,2027,2027,2027,15,12
Medicare,Mandatory Outlaysa,2028,1529.0,Billions of dollars,51302-2021-07-medicare.xlsx,Medicare_07-2021,true,51302,Medicare Totals / Mandatory Outlaysa,fiscal_year,2028,2028,2028,15,13
Medicare,Mandatory Outlaysa,2029,1481.0,Billions of dollars,51302-2021-07-medicare.xlsx,Medicare_07-2021,true,51302,Medicare Totals / Mandatory Outlaysa,fiscal_year,2029,2029,2029,15,14
Medicare,Mandatory Outlaysa,2030,1664.0,Billions of dollars,51302-2021-07-medicare.xlsx,Medicare_07-2021,true,51302,Medicare Totals / Mandatory Outlaysa,fiscal_year,2030,2030,2030,15,15
Medicare,Mandatory Outlaysa,2031,1768.0,Billions of dollars,51302-2021-07-medicare.xlsx,Medicare_07-2021,true,51302,Medicare Totals / Mandatory Outlaysa,fiscal_year,2031,2031,2031,15,16
Medicare,Discretionary Outlays,2020,7.0,Billions of dollars,51302-2021-07-medicare.xlsx,Medicare_07-2021,true,51302,Medicare Totals / Discretionary Outlays,fiscal_year,2020,2020,2020,16,5
Medicare,Discretionary Outlays,2021,7.0,Billions of dollars,51302-2021-07-medicare.xlsx,Medicare_07-2021,true,51302,Medicare Totals / Discretionary Outlays,fiscal_year,2021,2021,2021,16,6
Medicare,Discretionary Outlays,2022,8.0,Billions of dollars,51302-2021-07-medicare.xlsx,Medicare_07-2021,true,51302,Medicare Totals / Discretionary Outlays,fiscal_year,2022,2022,2022,16,7
Medicare,Discretionary Outlays,2023,8.0,Billions of dollars,51302-2021-07-medicare.xlsx,Medicare_07-2021,true,51302,Medicare Totals / Discretionary Outlays,fiscal_year,2023,2023,2023,16,8
Medicare,Discretionary Outlays,2024,8.0,Billions of dollars,51302-2021-07-medicare.xlsx,Medicare_07-2021,true,51302,Medicare Totals / Discretionary Outlays,fiscal_year,2024,2024,2024,16,9
Medicare,Discretionary Outlays,2025,9.0,Billions of dollars,51302-2021-07-medicare.xlsx,Medicare_07-2021,true,51302,Medicare Totals / Discretionary Outlays,fiscal_year,2025,2025,2025,16,10
Medicare,Discretionary Outlays,2026,9.0,Billions of dollars,51302-2021-07-medicare.xlsx,Medicare_07-2021,true,51302,Medicare Totals / Discretionary Outlays,fiscal_year,2026,2026,2026,16,11
Medicare,Discretionary Outlays,2027,9.0,Billions of dollars,51302-2021-07-medicare.xlsx,Medicare_07-2021,true,51302,Medicare Totals / Discretionary Outlays,fiscal_year,2027,2027,2027,16,12
Medicare,Discretionary Outlays,2028,10.0,Billions of dollars,51302-2021-07-medicare.xlsx,Medicare_07-2021,true,51302,Medicare Totals / Discretionary Outlays,fiscal_year,2028,2028,2028,16,13
Medicare,Discretionary Outlays,2029,10.0,Billions of dollars,51302-2021-07-medicare.xlsx,Medicare_07-2021,true,51302,Medicare Totals / Discretionary Outlays,fiscal_year,2029,2029,2029,16,14
Medicare,Discretionary Outlays,2030,11.0,Billions of dollars,51302-2021-07-medicare.xlsx,Medicare_07-2021,true,51302,Medicare Totals / Discretionary Outlays,fiscal_year,2030,2030,2030,16,15
Medicare,Discretionary Outlays,2031,12.0,Billions of dollars,51302-2021-07-medicare.xlsx,Medicare_07-2021,true,51302,Medicare Totals / Discretionary Outlays,fiscal_year,2031,2031,2031,16,16
Medicare,Gross Outlays,2020,919.0,Billions of dollars,51302-2021-07-medicare.xlsx,Medicare_07-2021,true,51302,Medicare Totals / Gross Outlays,fiscal_year,2020,2020,2020,17,5
Medicare,Gross Outlays,2021,839.0,Billions of dollars,51302-2021-07-medicare.xlsx,Medicare_07-2021,true,51302,Medicare Totals / Gross Outlays,fiscal_year,2021,2021,2021,17,6
Medicare,Gross Outlays,2022,912.0,Billions of dollars,51302-2021-07-medicare.xlsx,Medicare_07-2021,true,51302,Medicare Totals / Gross Outlays,fiscal_year,2022,2022,2022,17,7
Medicare,Gross Outlays,2023,1021.0,Billions of dollars,51302-2021-07-medicare.xlsx,Medicare_07-2021,true,51302,Medicare Totals / Gross Outlays,fiscal_year,2023,2023,2023,17,8
Medicare,Gross Outlays,2024,1050.0,Billions of dollars,51302-2021-07-medicare.xlsx,Medicare_07-2021,true,51302,Medicare Totals / Gross Outlays,fiscal_year,2024,2024,2024,17,9
Medicare,Gross Outlays,2025,1180.0,Billions of dollars,51302-2021-07-medicare.xlsx,Medicare_07-2021,true,51302,Medicare Totals / Gross Outlays,fiscal_year,2025,2025,2025,17,10
Medicare,Gross Outlays,2026,1267.0,Billions of dollars,51302-2021-07-medicare.xlsx,Medicare_07-2021,true,51302,Medicare Totals / Gross Outlays,fiscal_year,2026,2026,2026,17,11
Medicare,Gross Outlays,2027,1362.0,Billions of dollars,51302-2021-07-medicare.xlsx,Medicare_07-2021,true,51302,Medicare Totals / Gross Outlays,fiscal_year,2027,2027,2027,17,12
Medicare,Gross Outlays,2028,1538.0,Billions of dollars,51302-2021-07-medicare.xlsx,Medicare_07-2021,true,51302,Medicare Totals / Gross Outlays,fiscal_year,2028,2028,2028,17,13
Medicare,Gross Outlays,2029,1492.0,Billions of dollars,51302-2021-07-medicare.xlsx,Medicare_07-2021,true,51302,Medicare Totals / Gross Outlays,fiscal_year,2029,2029,2029,17,14
Medicare,Gross Outlays,2030,1675.0,Billions of dollars,51302-2021-07-medicare.xlsx,Medicare_07-2021,true,51302,Medicare Totals / Gross Outlays,fiscal_year,2030,2030,2030,17,15
Medicare,Gross Outlays,2031,1779.0,Billions of dollars,51302-2021-07-medicare.xlsx,Medicare_07-2021,true,51302,Medicare Totals / Gross Outlays,fiscal_year,2031,2031,2031,17,16
Medicare,Total Offsetting Receiptsb,2020,-143.0,Billions of dollars,51302-2021-07-medicare.xlsx,Medicare_07-2021,true,51302,Medicare Totals / Total Offsetting Receiptsb,fiscal_year,2020,2020,2020,18,5
Medicare,Total Offsetting Receiptsb,2021,-149.0,Billions of dollars,51302-2021-07-medicare.xlsx,Medicare_07-2021,true,51302,Medicare Totals / Total Offsetting Receiptsb,fiscal_year,2021,2021,2021,18,6
Medicare,Total Offsetting Receiptsb,2022,-163.0,Billions of dollars,51302-2021-07-medicare.xlsx,Medicare_07-2021,true,51302,Medicare Totals / Total Offsetting Receiptsb,fiscal_year,2022,2022,2022,18,7
Medicare,Total Offsetting Receiptsb,2023,-174.0,Billions of dollars,51302-2021-07-medicare.xlsx,Medicare_07-2021,true,51302,Medicare Totals / Total Offsetting Receiptsb,fiscal_year,2023,2023,2023,18,8
Medicare,Total Offsetting Receiptsb,2024,-184.0,Billions of dollars,51302-2021-07-medicare.xlsx,Medicare_07-2021,true,51302,Medicare Totals / Total Offsetting Receiptsb,fiscal_year,2024,2024,2024,18,9
Medicare,Total Offsetting Receiptsb,2025,-199.0,Billions of dollars,51302-2021-07-medicare.xlsx,Medicare_07-2021,true,51302,Medicare Totals / Total Offsetting Receiptsb,fiscal_year,2025,2025,2025,18,10
Medicare,Total Offsetting Receiptsb,2026,-215.0,Billions of dollars,51302-2021-07-medicare.xlsx,Medicare_07-2021,true,51302,Medicare Totals / Total Offsetting Receiptsb,fiscal_year,2026,2026,2026,18,11
Medicare,Total Offsetting Receiptsb,2027,-233.0,Billions of dollars,51302-2021-07-medicare.xlsx,Medicare_07-2021,true,51302,Medicare Totals / Total Offsetting Receiptsb,fiscal_year,2027,2027,2027,18,12
Medicare,Total Offsetting Receiptsb,2028,-253.0,Billions of dollars,51302-2021-07-medicare.xlsx,Medicare_07-2021,true,51302,Medicare Totals / Total Offsetting Receiptsb,fiscal_year,2028,2028,2028,18,13
Medicare,Total Offsetting Receiptsb,2029,-271.0,Billions of dollars,51302-2021-07-medicare.xlsx,Medicare_07-2021,true,51302,Medicare Totals / Total Offsetting Receiptsb,fiscal_year,2029,2029,2029,18,14
Medicare,Total Offsetting Receiptsb,2030,-293.0,Billions of dollars,51302-2021-07-medicare.xlsx,Medicare_07-2021,true,51302,Medicare Totals / Total Offsetting Receiptsb,fiscal_year,2030,2030,2030,18,15
Medicare,Total Offsetting Receiptsb,2031,-314.0,Billions of dollars,51302-2021-07-medicare.xlsx,Medicare_07-2021,true,51302,Medicare Totals / Total Offsetting Receiptsb,fiscal_year,2031,2031,2031,18,16
Medicare,Net Outlays (Gross outlays minus receipts),2020,776.0,Billions of dollars,51302-2021-07-medicare.xlsx,Medicare_07-2021,true,51302,Medicare Totals / Net Outlays (Gross outlays minus receipts),fiscal_year,2020,2020,2020,19,5
Medicare,Net Outlays (Gross outlays minus receipts),2021,690.0,Billions of dollars,51302-2021-07-medicare.xlsx,Medicare_07-2021,true,51302,Medicare Totals / Net Outlays (Gross outlays minus receipts),fiscal_year,2021,2021,2021,19,6
Medicare,Net Outlays (Gross outlays minus receipts),2022,749.0,Billions of dollars,51302-2021-07-medicare.xlsx,Medicare_07-2021,true,51302,Medicare Totals / Net Outlays (Gross outlays minus receipts),fiscal_year,2022,2022,2022,19,7
Medicare,Net Outlays (Gross outlays minus receipts),2023,847.0,Billions of dollars,51302-2021-07-medicare.xlsx,Medicare_07-2021,true,51302,Medicare Totals / Net Outlays (Gross outlays minus receipts),fiscal_year,2023,2023,2023,19,8
Medicare,Net Outlays (Gross outlays minus receipts),2024,866.0,Billions of dollars,51302-2021-07-medicare.xlsx,Medicare_07-2021,true,51302,Medicare Totals / Net Outlays (Gross outlays minus receipts),fiscal_year,2024,2024,2024,19,9
Medicare,Net Outlays (Gross outlays minus receipts),2025,981.0,Billions of dollars,51302-2021-07-medicare.xlsx,Medicare_07-2021,true,51302,Medicare Totals / Net Outlays (Gross outlays minus receipts),fiscal_year,2025,2025,2025,19,10
Medicare,Net Outlays (Gross outlays minus receipts),2026,1053.0,Billions of dollars,51302-2021-07-medicare.xlsx,Medicare_07-2021,true,51302,Medicare Totals / Net Outlays (Gross outlays minus receipts),fiscal_year,2026,2026,2026,19,11
Medicare,Net Outlays (Gross outlays minus receipts),2027,1129.0,Billions of dollars,51302-2021-07-medicare.xlsx,Medicare_07-2021,true,51302,Medicare Totals / Net Outlays (Gross outlays minus receipts),fiscal_year,2027,2027,2027,19,12
Medicare,Net Outlays (Gross outlays minus receipts),2028,1285.0,Billions of dollars,51302-2021-07-medicare.xlsx,Medicare_07-2021,true,51302,Medicare Totals / Net Outlays (Gross outlays minus receipts),fiscal_year,2028,2028,2028,19,13
Medicare,Net Outlays (Gross outlays minus receipts),2029,1220.0,Billions of dollars,51302-2021-07-medicare.xlsx,Medicare_07-2021,true,51302,Medicare Totals / Net Outlays (Gross outlays minus receipts),fiscal_year,2029,2029,2029,19,14
Medicare,Net Outlays (Gross outlays minus receipts),2030,1382.0,Billions of dollars,51302-2021-07-medicare.xlsx,Medicare_07-2021,true,51302,Medicare Totals / Net Outlays (Gross outlays minus receipts),fiscal_year,2030,2030,2030,19,15
Medicare,Net Outlays (Gross outlays minus receipts),2031,1465.0,Billions of dollars,51302-2021-07-medicare.xlsx,Medicare_07-2021,true,51302,Medicare Totals / Net Outlays (Gross outlays minus receipts),fiscal_year,2031,2031,2031,19,16
Medicare,Net Mandatory Outlays,2020,769.0,Billions of dollars,51302-2021-07-medicare.xlsx,Medicare_07-2021,true,51302,Medicare Totals / Net Mandatory Outlays,fiscal_year,2020,2020,2020,20,5
Medicare,Net Mandatory Outlays,2021,683.0,Billions of dollars,51302-2021-07-medicare.xlsx,Medicare_07-2021,true,51302,Medicare Totals / Net Mandatory Outlays,fiscal_year,2021,2021,2021,20,6
Medicare,Net Mandatory Outlays,2022,742.0,Billions of dollars,51302-2021-07-medicare.xlsx,Medicare_07-2021,true,51302,Medicare Totals / Net Mandatory Outlays,fiscal_year,2022,2022,2022,20,7
Medicare,Net Mandatory Outlays,2023,839.0,Billions of dollars,51302-2021-07-medicare.xlsx,Medicare_07-2021,true,51302,Medicare Totals / Net Mandatory Outlays,fiscal_year,2023,2023,2023,20,8
Medicare,Net Mandatory Outlays,2024,857.0,Billions of dollars,51302-2021-07-medicare.xlsx,Medicare_07-2021,true,51302,Medicare Totals / Net Mandatory Outlays,fiscal_year,2024,2024,2024,20,9
Medicare,Net Mandatory Outlays,2025,972.0,Billions of dollars,51302-2021-07-medicare.xlsx,Medicare_07-2021,true,51302,Medicare Totals / Net Mandatory Outlays,fiscal_year,2025,2025,2025,20,10
Medicare,Net Mandatory Outlays,2026,1043.0,Billions of dollars,51302-2021-07-medicare.xlsx,Medicare_07-2021,true,51302,Medicare Totals / Net Mandatory Outlays,fiscal_year,2026,2026,2026,20,11
Medicare,Net Mandatory Outlays,2027,1120.0,Billions of dollars,51302-2021-07-medicare.xlsx,Medicare_07-2021,true,51302,Medicare Totals / Net Mandatory Outlays,fiscal_year,2027,2027,2027,20,12
Medicare,Net Mandatory Outlays,2028,1276.0,Billions of dollars,51302-2021-07-medicare.xlsx,Medicare_07-2021,true,51302,Medicare Totals / Net Mandatory Outlays,fiscal_year,2028,2028,2028,20,13
Medicare,Net Mandatory Outlays,2029,1210.0,Billions of dollars,51302-2021-07-medicare.xlsx,Medicare_07-2021,true,51302,Medicare Totals / Net Mandatory Outlays,fiscal_year,2029,2029,2029,20,14
Medicare,Net Mandatory Outlays,2030,1371.0,Billions of dollars,51302-2021-07-medicare.xlsx,Medicare_07-2021,true,51302,Medicare Totals / Net Mandatory Outlays,fiscal_year,2030,2030,2030,20,15
Medicare,Net Mandatory Outlays,2031,1453.0,Billions of dollars,51302-2021-07-medicare.xlsx,Medicare_07-2021,true,51302,Medicare Totals / Net Mandatory Outlays,fiscal_year,2031,2031,2031,20,16
Medicare,Part A,2020,405.0,Billions of dollars,51302-2021-07-medicare.xlsx,Medicare_07-2021,false,51302,Medicare / Benefits / Part A,fiscal_year,2020,2020,2020,24,5
Medicare,Part A,2021,334.0,Billions of dollars,51302-2021-07-medicare.xlsx,Medicare_07-2021,false,51302,Medicare / Benefits / Part A,fiscal_year,2021,2021,2021,24,6
Medicare,Part A,2022,347.0,Billions of dollars,51302-2021-07-medicare.xlsx,Medicare_07-2021,false,51302,Medicare / Benefits / Part A,fiscal_year,2022,2022,2022,24,7
Medicare,Part A,2023,402.0,Billions of dollars,51302-2021-07-medicare.xlsx,Medicare_07-2021,false,51302,Medicare / Benefits / Part A,fiscal_year,2023,2023,2023,24,8
Medicare,Part A,2024,412.0,Billions of dollars,51302-2021-07-medicare.xlsx,Medicare_07-2021,false,51302,Medicare / Benefits / Part A,fiscal_year,2024,2024,2024,24,9
Medicare,Part A,2025,456.0,Billions of dollars,51302-2021-07-medicare.xlsx,Medicare_07-2021,false,51302,Medicare / Benefits / Part A,fiscal_year,2025,2025,2025,24,10
Medicare,Part A,2026,485.0,Billions of dollars,51302-2021-07-medicare.xlsx,Medicare_07-2021,false,51302,Medicare / Benefits / Part A,fiscal_year,2026,2026,2026,24,11
Medicare,Part A,2027,515.0,Billions of dollars,51302-2021-07-medicare.xlsx,Medicare_07-2021,false,51302,Medicare / Benefits / Part A,fiscal_year,2027,2027,2027,24,12
Medicare,Part A,2028,571.0,Billions of dollars,51302-2021-07-medicare.xlsx,Medicare_07-2021,false,51302,Medicare / Benefits / Part A,fiscal_year,2028,2028,2028,24,13
Medicare,Part A,2029,555.0,Billions of dollars,51302-2021-07-medicare.xlsx,Medicare_07-2021,false,51302,Medicare / Benefits / Part A,fiscal_year,2029,2029,2029,24,14
Medicare,Part A,2030,611.0,Billions of dollars,51302-2021-07-medicare.xlsx,Medicare_07-2021,false,51302,Medicare / Benefits / Part A,fiscal_year,2030,2030,2030,24,15
Medicare,Part A,2031,641.0,Billions of dollars,51302-2021-07-medicare.xlsx,Medicare_07-2021,false,51302,Medicare / Benefits / Part A,fiscal_year,2031,2031,2031,24,16
Medicare,Part B,2020,416.0,Billions of dollars,51302-2021-07-medicare.xlsx,Medicare_07-2021,false,51302,Medicare / Benefits / Part B,fiscal_year,2020,2020,2020,25,5
Medicare,Part B,2021,400.0,Billions of dollars,51302-2021-07-medicare.xlsx,Medicare_07-2021,false,51302,Medicare / Benefits / Part B,fiscal_year,2021,2021,2021,25,6
Medicare,Part B,2022,445.0,Billions of dollars,51302-2021-07-medicare.xlsx,Medicare_07-2021,false,51302,Medicare / Benefits / Part B,fiscal_year,2022,2022,2022,25,7
Medicare,Part B,2023,487.0,Billions of dollars,51302-2021-07-medicare.xlsx,Medicare_07-2021,false,51302,Medicare / Benefits / Part B,fiscal_year,2023,2023,2023,25,8
Medicare,Part B,2024,503.0,Billions of dollars,51302-2021-07-medicare.xlsx,Medicare_07-2021,false,51302,Medicare / Benefits / Part B,fiscal_year,2024,2024,2024,25,9
Medicare,Part B,2025,567.0,Billions of dollars,51302-2021-07-medicare.xlsx,Medicare_07-2021,false,51302,Medicare / Benefits / Part B,fiscal_year,2025,2025,2025,25,10
Medicare,Part B,2026,614.0,Billions of dollars,51302-2021-07-medicare.xlsx,Medicare_07-2021,false,51302,Medicare / Benefits / Part B,fiscal_year,2026,2026,2026,25,11
Medicare,Part B,2027,665.0,Billions of dollars,51302-2021-07-medicare.xlsx,Medicare_07-2021,false,51302,Medicare / Benefits / Part B,fiscal_year,2027,2027,2027,25,12
Medicare,Part B,2028,757.0,Billions of dollars,51302-2021-07-medicare.xlsx,Medicare_07-2021,false,51302,Medicare / Benefits / Part B,fiscal_year,2028,2028,2028,25,13
Medicare,Part B,2029,741.0,Billions of dollars,51302-2021-07-medicare.xlsx,Medicare_07-2021,false,51302,Medicare / Benefits / Part B,fiscal_year,2029,2029,2029,25,14
Medicare,Part B,2030,838.0,Billions of dollars,51302-2021-07-medicare.xlsx,Medicare_07-2021,false,51302,Medicare / Benefits / Part B,fiscal_year,2030,2030,2030,25,15
Medicare,Part B,2031,900.0,Billions of dollars,51302-2021-07-medicare.xlsx,Medicare_07-2021,false,51302,Medicare / Benefits / Part B,fiscal_year,2031,2031,2031,25,16
Medicare,Part Dc,2020,89.0,Billions of dollars,51302-2021-07-medicare.xlsx,Medicare_07-2021,false,51302,Medicare / Benefits / Part Dc,fiscal_year,2020,2020,2020,26,5
Medicare,Part Dc,2021,96.0,Billions of dollars,51302-2021-07-medicare.xlsx,Medicare_07-2021,false,51302,Medicare / Benefits / Part Dc,fiscal_year,2021,2021,2021,26,6
Medicare,Part Dc,2022,111.0,Billions of dollars,51302-2021-07-medicare.xlsx,Medicare_07-2021,false,51302,Medicare / Benefits / Part Dc,fiscal_year,2022,2022,2022,26,7
Medicare,Part Dc,2023,121.0,Billions of dollars,51302-2021-07-medicare.xlsx,Medicare_07-2021,false,51302,Medicare / Benefits / Part Dc,fiscal_year,2023,2023,2023,26,8
Medicare,Part Dc,2024,124.0,Billions of dollars,51302-2021-07-medicare.xlsx,Medicare_07-2021,false,51302,Medicare / Benefits / Part Dc,fiscal_year,2024,2024,2024,26,9
Medicare,Part Dc,2025,145.0,Billions of dollars,51302-2021-07-medicare.xlsx,Medicare_07-2021,false,51302,Medicare / Benefits / Part Dc,fiscal_year,2025,2025,2025,26,10
Medicare,Part Dc,2026,157.0,Billions of dollars,51302-2021-07-medicare.xlsx,Medicare_07-2021,false,51302,Medicare / Benefits / Part Dc,fiscal_year,2026,2026,2026,26,11
Medicare,Part Dc,2027,170.0,Billions of dollars,51302-2021-07-medicare.xlsx,Medicare_07-2021,false,51302,Medicare / Benefits / Part Dc,fiscal_year,2027,2027,2027,26,12
Medicare,Part Dc,2028,199.0,Billions of dollars,51302-2021-07-medicare.xlsx,Medicare_07-2021,false,51302,Medicare / Benefits / Part Dc,fiscal_year,2028,2028,2028,26,13
Medicare,Part Dc,2029,182.0,Billions of dollars,51302-2021-07-medicare.xlsx,Medicare_07-2021,false,51302,Medicare / Benefits / Part Dc,fiscal_year,2029,2029,2029,26,14
Medicare,Part Dc,2030,212.0,Billions of dollars,51302-2021-07-medicare.xlsx,Medicare_07-2021,false,51302,Medicare / Benefits / Part Dc,fiscal_year,2030,2030,2030,26,15
Medicare,Part Dc,2031,224.0,Billions of dollars,51302-2021-07-medicare.xlsx,Medicare_07-2021,false,51302,Medicare / Benefits / Part Dc,fiscal_year,2031,2031,2031,26,16
Medicare,Total Benefits,2020,910.0,Billions of dollars,51302-2021-07-medicare.xlsx,Medicare_07-2021,true,51302,Medicare / Benefits / Total Benefits,fiscal_year,2020,2020,2020,27,5
Medicare,Total Benefits,2021,829.0,Billions of dollars,51302-2021-07-medicare.xlsx,Medicare_07-2021,true,51302,Medicare / Benefits / Total Benefits,fiscal_year,2021,2021,2021,27,6
Medicare,Total Benefits,2022,902.0,Billions of dollars,51302-2021-07-medicare.xlsx,Medicare_07-2021,true,51302,Medicare / Benefits / Total Benefits,fiscal_year,2022,2022,2022,27,7
Medicare,Total Benefits,2023,1011.0,Billions of dollars,51302-2021-07-medicare.xlsx,Medicare_07-2021,true,51302,Medicare / Benefits / Total Benefits,fiscal_year,2023,2023,2023,27,8
Medicare,Total Benefits,2024,1039.0,Billions of dollars,51302-2021-07-medicare.xlsx,Medicare_07-2021,true,51302,Medicare / Benefits / Total Benefits,fiscal_year,2024,2024,2024,27,9
Medicare,Total Benefits,2025,1169.0,Billions of dollars,51302-2021-07-medicare.xlsx,Medicare_07-2021,true,51302,Medicare / Benefits / Total Benefits,fiscal_year,2025,2025,2025,27,10
Medicare,Total Benefits,2026,1256.0,Billions of dollars,51302-2021-07-medicare.xlsx,Medicare_07-2021,true,51302,Medicare / Benefits / Total Benefits,fiscal_year,2026,2026,2026,27,11
Medicare,Total Benefits,2027,1351.0,Billions of dollars,51302-2021-07-medicare.xlsx,Medicare_07-2021,true,51302,Medicare / Benefits / Total Benefits,fiscal_year,2027,2027,2027,27,12
Medicare,Total Benefits,2028,1526.0,Billions of dollars,51302-2021-07-medicare.xlsx,Medicare_07-2021,true,51302,Medicare / Benefits / Total Benefits,fiscal_year,2028,2028,2028,27,13
Medicare,Total Benefits,2029,1478.0,Billions of dollars,51302-2021-07-medicare.xlsx,Medicare_07-2021,true,51302,Medicare / Benefits / Total Benefits,fiscal_year,2029,2029,2029,27,14
Medicare,Total Benefits,2030,1661.0,Billions of dollars,51302-2021-07-medicare.xlsx,Medicare_07-2021,true,51302,Medicare / Benefits / Total Benefits,fiscal_year,2030,2030,2030,27,15
Medicare,Total Benefits,2031,1765.0,Billions of dollars,51302-2021-07-medicare.xlsx,Medicare_07-2021,true,51302,Medicare / Benefits / Total Benefits,fiscal_year,2031,2031,2031,27,16
Medicare,Mandatory Administrationd,2020,2.0,Billions of dollars,51302-2021-07-medicare.xlsx,Medicare_07-2021,false,51302,Medicare / Benefits / Mandatory Administrationd,fiscal_year,2020,2020,2020,28,5
Medicare,Mandatory Administrationd,2021,2.0,Billions of dollars,51302-2021-07-medicare.xlsx,Medicare_07-2021,false,51302,Medicare / Benefits / Mandatory Administrationd,fiscal_year,2021,2021,2021,28,6
Medicare,Mandatory Administrationd,2022,2.0,Billions of dollars,51302-2021-07-medicare.xlsx,Medicare_07-2021,false,51302,Medicare / Benefits / Mandatory Administrationd,fiscal_year,2022,2022,2022,28,7
Medicare,Mandatory Administrationd,2023,2.0,Billions of dollars,51302-2021-07-medicare.xlsx,Medicare_07-2021,false,51302,Medicare / Benefits / Mandatory Administrationd,fiscal_year,2023,2023,2023,28,8
Medicare,Mandatory Administrationd,2024,3.0,Billions of dollars,51302-2021-07-medicare.xlsx,Medicare_07-2021,false,51302,Medicare / Benefits / Mandatory Administrationd,fiscal_year,2024,2024,2024,28,9
Medicare,Mandatory Administrationd,2025,3.0,Billions of dollars,51302-2021-07-medicare.xlsx,Medicare_07-2021,false,51302,Medicare / Benefits / Mandatory Administrationd,fiscal_year,2025,2025,2025,28,10
Medicare,Mandatory Administrationd,2026,2.0,Billions of dollars,51302-2021-07-medicare.xlsx,Medicare_07-2021,false,51302,Medicare / Benefits / Mandatory Administrationd,fiscal_year,2026,2026,2026,28,11
Medicare,Mandatory Administrationd,2027,2.0,Billions of dollars,51302-2021-07-medicare.xlsx,Medicare_07-2021,false,51302,Medicare / Benefits / Mandatory Administrationd,fiscal_year,2027,2027,2027,28,12
Medicare,Mandatory Administrationd,2028,2.0,Billions of dollars,51302-2021-07-medicare.xlsx,Medicare_07-2021,false,51302,Medicare / Benefits / Mandatory Administrationd,fiscal_year,2028,2028,2028,28,13
Medicare,Mandatory Administrationd,2029,3.0,Billions of dollars,51302-2021-07-medicare.xlsx,Medicare_07-2021,false,51302,Medicare / Benefits / Mandatory Administrationd,fiscal_year,2029,2029,2029,28,14
Medicare,Mandatory Administrationd,2030,3.0,Billions of dollars,51302-2021-07-medicare.xlsx,Medicare_07-2021,false,51302,Medicare / Benefits / Mandatory Administrationd,fiscal_year,2030,2030,2030,28,15
Medicare,Mandatory Administrationd,2031,3.0,Billions of dollars,51302-2021-07-medicare.xlsx,Medicare_07-2021,false,51302,Medicare / Benefits / Mandatory Administrationd,fiscal_year,2031,2031,2031,28,16
Medicare,Total Mandatory Outlays,2020,912.0,Billions of dollars,51302-2021-07-medicare.xlsx,Medicare_07-2021,true,51302,Medicare / Benefits / Total Mandatory Outlays,fiscal_year,2020,2020,2020,29,5
Medicare,Total Mandatory Outlays,2021,831.0,Billions of dollars,51302-2021-07-medicare.xlsx,Medicare_07-2021,true,51302,Medicare / Benefits / Total Mandatory Outlays,fiscal_year,2021,2021,2021,29,6
Medicare,Total Mandatory Outlays,2022,904.0,Billions of dollars,51302-2021-07-medicare.xlsx,Medicare_07-2021,true,51302,Medicare / Benefits / Total Mandatory Outlays,fiscal_year,2022,2022,2022,29,7
Medicare,Total Mandatory Outlays,2023,1013.0,Billions of dollars,51302-2021-07-medicare.xlsx,Medicare_07-2021,true,51302,Medicare / Benefits / Total Mandatory Outlays,fiscal_year,2023,2023,2023,29,8
Medicare,Total Mandatory Outlays,2024,1041.0,Billions of dollars,51302-2021-07-medicare.xlsx,Medicare_07-2021,true,51302,Medicare / Benefits / Total Mandatory Outlays,fiscal_year,2024,2024,2024,29,9
Medicare,Total Mandatory Outlays,2025,1171.0,Billions of dollars,51302-2021-07-medicare.xlsx,Medicare_07-2021,true,51302,Medicare / Benefits / Total Mandatory Outlays,fiscal_year,2025,2025,2025,29,10
Medicare,Total Mandatory Outlays,2026,1258.0,Billions of dollars,51302-2021-07-medicare.xlsx,Medicare_07-2021,true,51302,Medicare / Benefits / Total Mandatory Outlays,fiscal_year,2026,2026,2026,29,11
Medicare,Total Mandatory Outlays,2027,1353.0,Billions of dollars,51302-2021-07-medicare.xlsx,Medicare_07-2021,true,51302,Medicare / Benefits / Total Mandatory Outlays,fiscal_year,2027,2027,2027,29,12
Medicare,Total Mandatory Outlays,2028,1529.0,Billions of dollars,51302-2021-07-medicare.xlsx,Medicare_07-2021,true,51302,Medicare / Benefits / Total Mandatory Outlays,fiscal_year,2028,2028,2028,29,13
Medicare,Total Mandatory Outlays,2029,1481.0,Billions of dollars,51302-2021-07-medicare.xlsx,Medicare_07-2021,true,51302,Medicare / Benefits / Total Mandatory Outlays,fiscal_year,2029,2029,2029,29,14
Medicare,Total Mandatory Outlays,2030,1664.0,Billions of dollars,51302-2021-07-medicare.xlsx,Medicare_07-2021,true,51302,Medicare / Benefits / Total Mandatory Outlays,fiscal_year,2030,2030,2030,29,15
Medicare,Total Mandatory Outlays,2031,1768.0,Billions of dollars,51302-2021-07-medicare.xlsx,Medicare_07-2021,true,51302,Medicare / Benefits / Total Mandatory Outlays,fiscal_year,2031,2031,2031,29,16
Medicare,Part A Premiums,2020,-4.0,Billions of dollars,51302-2021-07-medicare.xlsx,Medicare_07-2021,false,51302,Medicare / Components of Offsetting Receipts / Part A Premiums,fiscal_year,2020,2020,2020,32,5
Medicare,Part A Premiums,2021,-4.0,Billions of dollars,51302-2021-07-medicare.xlsx,Medicare_07-2021,false,51302,Medicare / Components of Offsetting Receipts / Part A Premiums,fiscal_year,2021,2021,2021,32,6
Medicare,Part A Premiums,2022,-4.0,Billions of dollars,51302-2021-07-medicare.xlsx,Medicare_07-2021,false,51302,Medicare / Components of Offsetting Receipts / Part A Premiums,fiscal_year,2022,2022,2022,32,7
Medicare,Part A Premiums,2023,-4.0,Billions of dollars,51302-2021-07-medicare.xlsx,Medicare_07-2021,false,51302,Medicare / Components of Offsetting Receipts / Part A Premiums,fiscal_year,2023,2023,2023,32,8
Medicare,Part A Premiums,2024,-4.0,Billions of dollars,51302-2021-07-medicare.xlsx,Medicare_07-2021,false,51302,Medicare / Components of Offsetting Receipts / Part A Premiums,fiscal_year,2024,2024,2024,32,9
Medicare,Part A Premiums,2025,-5.0,Billions of dollars,51302-2021-07-medicare.xlsx,Medicare_07-2021,false,51302,Medicare / Components of Offsetting Receipts / Part A Premiums,fiscal_year,2025,2025,2025,32,10
Medicare,Part A Premiums,2026,-5.0,Billions of dollars,51302-2021-07-medicare.xlsx,Medicare_07-2021,false,51302,Medicare / Components of Offsetting Receipts / Part A Premiums,fiscal_year,2026,2026,2026,32,11
Medicare,Part A Premiums,2027,-5.0,Billions of dollars,51302-2021-07-medicare.xlsx,Medicare_07-2021,false,51302,Medicare / Components of Offsetting Receipts / Part A Premiums,fiscal_year,2027,2027,2027,32,12
Medicare,Part A Premiums,2028,-6.0,Billions of dollars,51302-2021-07-medicare.xlsx,Medicare_07-2021,false,51302,Medicare / Components of Offsetting Receipts / Part A Premiums,fiscal_year,2028,2028,2028,32,13
Medicare,Part A Premiums,2029,-6.0,Billions of dollars,51302-2021-07-medicare.xlsx,Medicare_07-2021,false,51302,Medicare / Components of Offsetting Receipts / Part A Premiums,fiscal_year,2029,2029,2029,32,14
Medicare,Part A Premiums,2030,-6.0,Billions of dollars,51302-2021-07-medicare.xlsx,Medicare_07-2021,false,51302,Medicare / Components of Offsetting Receipts / Part A Premiums,fiscal_year,2030,2030,2030,32,15
Medicare,Part A Premiums,2031,-6.0,Billions of dollars,51302-2021-07-medicare.xlsx,Medicare_07-2021,false,51302,Medicare / Components of Offsetting Receipts / Part A Premiums,fiscal_year,2031,2031,2031,32,16
Medicare,Part B Premiumse,2020,-106.0,Billions of dollars,51302-2021-07-medicare.xlsx,Medicare_07-2021,false,51302,Medicare / Components of Offsetting Receipts / Part B Premiumse,fiscal_year,2020,2020,2020,33,5
Medicare,Part B Premiumse,2021,-113.0,Billions of dollars,51302-2021-07-medicare.xlsx,Medicare_07-2021,false,51302,Medicare / Components of Offsetting Receipts / Part B Premiumse,fiscal_year,2021,2021,2021,33,6
Medicare,Part B Premiumse,2022,-127.0,Billions of dollars,51302-2021-07-medicare.xlsx,Medicare_07-2021,false,51302,Medicare / Components of Offsetting Receipts / Part B Premiumse,fiscal_year,2022,2022,2022,33,7
Medicare,Part B Premiumse,2023,-135.0,Billions of dollars,51302-2021-07-medicare.xlsx,Medicare_07-2021,false,51302,Medicare / Components of Offsetting Receipts / Part B Premiumse,fiscal_year,2023,2023,2023,33,8
Medicare,Part B Premiumse,2024,-142.0,Billions of dollars,51302-2021-07-medicare.xlsx,Medicare_07-2021,false,51302,Medicare / Components of Offsetting Receipts / Part B Premiumse,fiscal_year,2024,2024,2024,33,9
Medicare,Part B Premiumse,2025,-154.0,Billions of dollars,51302-2021-07-medicare.xlsx,Medicare_07-2021,false,51302,Medicare / Components of Offsetting Receipts / Part B Premiumse,fiscal_year,2025,2025,2025,33,10
Medicare,Part B Premiumse,2026,-166.0,Billions of dollars,51302-2021-07-medicare.xlsx,Medicare_07-2021,false,51302,Medicare / Components of Offsetting Receipts / Part B Premiumse,fiscal_year,2026,2026,2026,33,11
Medicare,Part B Premiumse,2027,-182.0,Billions of dollars,51302-2021-07-medicare.xlsx,Medicare_07-2021,false,51302,Medicare / Components of Offsetting Receipts / Part B Premiumse,fiscal_year,2027,2027,2027,33,12
Medicare,Part B Premiumse,2028,-198.0,Billions of dollars,51302-2021-07-medicare.xlsx,Medicare_07-2021,false,51302,Medicare / Components of Offsetting Receipts / Part B Premiumse,fiscal_year,2028,2028,2028,33,13
Medicare,Part B Premiumse,2029,-212.0,Billions of dollars,51302-2021-07-medicare.xlsx,Medicare_07-2021,false,51302,Medicare / Components of Offsetting Receipts / Part B Premiumse,fiscal_year,2029,2029,2029,33,14
Medicare,Part B Premiumse,2030,-230.0,Billions of dollars,51302-2021-07-medicare.xlsx,Medicare_07-2021,false,51302,Medicare / Components of Offsetting Receipts / Part B Premiumse,fiscal_year,2030,2030,2030,33,15
Medicare,Part B Premiumse,2031,-246.0,Billions of dollars,51302-2021-07-medicare.xlsx,Medicare_07-2021,false,51302,Medicare / Components of Offsetting Receipts / Part B Premiumse,fiscal_year,2031,2031,2031,33,16
Medicare,Part D Premiumsf,2020,-6.0,Billions of dollars,51302-2021-07-medicare.xlsx,Medicare_07-2021,false,51302,Medicare / Components of Offsetting Receipts / Part D Premiumsf,fiscal_year,2020,2020,2020,34,5
Medicare,Part D Premiumsf,2021,-6.0,Billions of dollars,51302-2021-07-medicare.xlsx,Medicare_07-2021,false,51302,Medicare / Components of Offsetting Receipts / Part D Premiumsf,fiscal_year,2021,2021,2021,34,6
Medicare,Part D Premiumsf,2022,-6.0,Billions of dollars,51302-2021-07-medicare.xlsx,Medicare_07-2021,false,51302,Medicare / Components of Offsetting Receipts / Part D Premiumsf,fiscal_year,2022,2022,2022,34,7
Medicare,Part D Premiumsf,2023,-7.0,Billions of dollars,51302-2021-07-medicare.xlsx,Medicare_07-2021,false,51302,Medicare / Components of Offsetting Receipts / Part D Premiumsf,fiscal_year,2023,2023,2023,34,8
Medicare,Part D Premiumsf,2024,-7.0,Billions of dollars,51302-2021-07-medicare.xlsx,Medicare_07-2021,false,51302,Medicare / Components of Offsetting Receipts / Part D Premiumsf,fiscal_year,2024,2024,2024,34,9
Medicare,Part D Premiumsf,2025,-8.0,Billions of dollars,51302-2021-07-medicare.xlsx,Medicare_07-2021,false,51302,Medicare / Components of Offsetting Receipts / Part D Premiumsf,fiscal_year,2025,2025,2025,34,10
Medicare,Part D Premiumsf,2026,-9.0,Billions of dollars,51302-2021-07-medicare.xlsx,Medicare_07-2021,false,51302,Medicare / Components of Offsetting Receipts / Part D Premiumsf,fiscal_year,2026,2026,2026,34,11
Medicare,Part D Premiumsf,2027,-9.0,Billions of dollars,51302-2021-07-medicare.xlsx,Medicare_07-2021,false,51302,Medicare / Components of Offsetting Receipts / Part D Premiumsf,fiscal_year,2027,2027,2027,34,12
Medicare,Part D Premiumsf,2028,-10.0,Billions of dollars,51302-2021-07-medicare.xlsx,Medicare_07-2021,false,51302,Medicare / Components of Offsetting Receipts / Part D Premiumsf,fiscal_year,2028,2028,2028,34,13
Medicare,Part D Premiumsf,2029,-11.0,Billions of dollars,51302-2021-07-medicare.xlsx,Medicare_07-2021,false,51302,Medicare / Components of Offsetting Receipts / Part D Premiumsf,fiscal_year,2029,2029,2029,34,14
Medicare,Part D Premiumsf,2030,-12.0,Billions of dollars,51302-2021-07-medicare.xlsx,Medicare_07-2021,false,51302,Medicare / Components of Offsetting Receipts / Part D Premiumsf,fiscal_year,2030,2030,2030,34,15
Medicare,Part D Premiumsf,2031,-13.0,Billions of dollars,51302-2021-07-medicare.xlsx,Medicare_07-2021,false,51302,Medicare / Components of Offsetting Receipts / Part D Premiumsf,fiscal_year,2031,2031,2031,34,16
Medicare,Part D Payments by States,2020,-12.0,Billions of dollars,51302-2021-07-medicare.xlsx,Medicare_07-2021,false,51302,Medicare / Components of Offsetting Receipts / Part D Payments by States,fiscal_year,2020,2020,2020,35,5
Medicare,Part D Payments by States,2021,-12.0,Billions of dollars,51302-2021-07-medicare.xlsx,Medicare_07-2021,false,51302,Medicare / Components of Offsetting Receipts / Part D Payments by States,fiscal_year,2021,2021,2021,35,6
Medicare,Part D Payments by States,2022,-11.0,Billions of dollars,51302-2021-07-medicare.xlsx,Medicare_07-2021,false,51302,Medicare / Components of Offsetting Receipts / Part D Payments by States,fiscal_year,2022,2022,2022,35,7
Medicare,Part D Payments by States,2023,-13.0,Billions of dollars,51302-2021-07-medicare.xlsx,Medicare_07-2021,false,51302,Medicare / Components of Offsetting Receipts / Part D Payments by States,fiscal_year,2023,2023,2023,35,8
Medicare,Part D Payments by States,2024,-14.0,Billions of dollars,51302-2021-07-medicare.xlsx,Medicare_07-2021,false,51302,Medicare / Components of Offsetting Receipts / Part D Payments by States,fiscal_year,2024,2024,2024,35,9
Medicare,Part D Payments by States,2025,-16.0,Billions of dollars,51302-2021-07-medicare.xlsx,Medicare_07-2021,false,51302,Medicare / Components of Offsetting Receipts / Part D Payments by States,fiscal_year,2025,2025,2025,35,10
Medicare,Part D Payments by States,2026,-17.0,Billions of dollars,51302-2021-07-medicare.xlsx,Medicare_07-2021,false,51302,Medicare / Components of Offsetting Receipts / Part D Payments by States,fiscal_year,2026,2026,2026,35,11
Medicare,Part D Payments by States,2027,-18.0,Billions of dollars,51302-2021-07-medicare.xlsx,Medicare_07-2021,false,51302,Medicare / Components of Offsetting Receipts / Part D Payments by States,fiscal_year,2027,2027,2027,35,12
Medicare,Part D Payments by States,2028,-19.0,Billions of dollars,51302-2021-07-medicare.xlsx,Medicare_07-2021,false,51302,Medicare / Components of Offsetting Receipts / Part D Payments by States,fiscal_year,2028,2028,2028,35,13
Medicare,Part D Payments by States,2029,-21.0,Billions of dollars,51302-2021-07-medicare.xlsx,Medicare_07-2021,false,51302,Medicare / Components of Offsetting Receipts / Part D Payments by States,fiscal_year,2029,2029,2029,35,14
Medicare,Part D Payments by States,2030,-22.0,Billions of dollars,51302-2021-07-medicare.xlsx,Medicare_07-2021,false,51302,Medicare / Components of Offsetting Receipts / Part D Payments by States,fiscal_year,2030,2030,2030,35,15
Medicare,Part D Payments by States,2031,-24.0,Billions of dollars,51302-2021-07-medicare.xlsx,Medicare_07-2021,false,51302,Medicare / Components of Offsetting Receipts / Part D Payments by States,fiscal_year,2031,2031,2031,35,16
Medicare,Payments Recovered from Providersg,2020,-15.0,Billions of dollars,51302-2021-07-medicare.xlsx,Medicare_07-2021,false,51302,Medicare / Components of Offsetting Receipts / Payments Recovered from Providersg,fiscal_year,2020,2020,2020,36,5
Medicare,Payments Recovered from Providersg,2021,-14.0,Billions of dollars,51302-2021-07-medicare.xlsx,Medicare_07-2021,false,51302,Medicare / Components of Offsetting Receipts / Payments Recovered from Providersg,fiscal_year,2021,2021,2021,36,6
Medicare,Payments Recovered from Providersg,2022,-14.0,Billions of dollars,51302-2021-07-medicare.xlsx,Medicare_07-2021,false,51302,Medicare / Components of Offsetting Receipts / Payments Recovered from Providersg,fiscal_year,2022,2022,2022,36,7
Medicare,Payments Recovered from Providersg,2023,-15.0,Billions of dollars,51302-2021-07-medicare.xlsx,Medicare_07-2021,false,51302,Medicare / Components of Offsetting Receipts / Payments Recovered from Providersg,fiscal_year,2023,2023,2023,36,8
Medicare,Payments Recovered from Providersg,2024,-16.0,Billions of dollars,51302-2021-07-medicare.xlsx,Medicare_07-2021,false,51302,Medicare / Components of Offsetting Receipts / Payments Recovered from Providersg,fiscal_year,2024,2024,2024,36,9
Medicare,Payments Recovered from Providersg,2025,-17.0,Billions of dollars,51302-2021-07-medicare.xlsx,Medicare_07-2021,false,51302,Medicare / Components of Offsetting Receipts / Payments Recovered from Providersg,fiscal_year,2025,2025,2025,36,10
Medicare,Payments Recovered from Providersg,2026,-18.0,Billions of dollars,51302-2021-07-medicare.xlsx,Medicare_07-2021,false,51302,Medicare / Components of Offsetting Receipts / Payments Recovered from Providersg,fiscal_year,2026,2026,2026,36,11
Medicare,Payments Recovered from Providersg,2027,-19.0,Billions of dollars,51302-2021-07-medicare.xlsx,Medicare_07-2021,false,51302,Medicare / Components of Offsetting Receipts / Payments Recovered from Providersg,fiscal_year,2027,2027,2027,36,12
Medicare,Payments Recovered from Providersg,2028,-20.0,Billions of dollars,51302-2021-07-medicare.xlsx,Medicare_07-2021,false,51302,Medicare / Components of Offsetting Receipts / Payments Recovered from Providersg,fiscal_year,2028,2028,2028,36,13
Medicare,Payments Recovered from Providersg,2029,-22.0,Billions of dollars,51302-2021-07-medicare.xlsx,Medicare_07-2021,false,51302,Medicare / Components of Offsetting Receipts / Payments Recovered from Providersg,fiscal_year,2029,2029,2029,36,14
Medicare,Payments Recovered from Providersg,2030,-23.0,Billions of dollars,51302-2021-07-medicare.xlsx,Medicare_07-2021,false,51302,Medicare / Components of Offsetting Receipts / Payments Recovered from Providersg,fiscal_year,2030,2030,2030,36,15
Medicare,Payments Recovered from Providersg,2031,-25.0,Billions of dollars,51302-2021-07-medicare.xlsx,Medicare_07-2021,false,51302,Medicare / Components of Offsetting Receipts / Payments Recovered from Providersg,fiscal_year,2031,2031,2031,36,16
Medicare,Total,2020,-143.0,Billions of dollars,51302-2021-07-medicare.xlsx,Medicare_07-2021,true,51302,Medicare / Components of Offsetting Receipts / Total,fiscal_year,2020,2020,2020,37,5
Medicare,Total,2021,-149.0,Billions of dollars,51302-2021-07-medicare.xlsx,Medicare_07-2021,true,51302,Medicare / Components of Offsetting Receipts / Total,fiscal_year,2021,2021,2021,37,6
Medicare,Total,2022,-163.0,Billions of dollars,51302-2021-07-medicare.xlsx,Medicare_07-2021,true,51302,Medicare / Components of Offsetting Receipts / Total,fiscal_year,2022,2022,2022,37,7
Medicare,Total,2023,-174.0,Billions of dollars,51302-2021-07-medicare.xlsx,Medicare_07-2021,true,51302,Medicare / Components of Offsetting Receipts / Total,fiscal_year,2023,2023,2023,37,8
Medicare,Total,2024,-184.0,Billions of dollars,51302-2021-07-medicare.xlsx,Medicare_07-2021,true,51302,Medicare / Components of Offsetting Receipts / Total,fiscal_year,2024,2024,2024,37,9
Medicare,Total,2025,-199.0,Billions of dollars,51302-2021-07-medicare.xlsx,Medicare_07-2021,true,51302,Medicare / Components of Offsetting Receipts / Total,fiscal_year,2025,2025,2025,37,10
Medicare,Total,2026,-215.0,Billions of dollars,51302-2021-07-medicare.xlsx,Medicare_07-2021,true,51302,Medicare / Components of Offsetting Receipts / Total,fiscal_year,2026,2026,2026,37,11
Medicare,Total,2027,-233.0,Billions of dollars,51302-2021-07-medicare.xlsx,Medicare_07-2021,true,51302,Medicare / Components of Offsetting Receipts / Total,fiscal_year,2027,2027,2027,37,12
Medicare,Total,2028,-253.0,Billions of dollars,51302-2021-07-medicare.xlsx,Medicare_07-2021,true,51302,Medicare / Components of Offsetting Receipts / Total,fiscal_year,2028,2028,2028,37,13
Medicare,Total,2029,-271.0,Billions of dollars,51302-2021-07-medicare.xlsx,Medicare_07-2021,true,51302,Medicare / Components of Offsetting Receipts / Total,fiscal_year,2029,2029,2029,37,14
Medicare,Total,2030,-293.0,Billions of dollars,51302-2021-07-medicare.xlsx,Medicare_07-2021,true,51302,Medicare / Components of Offsetting Receipts / Total,fiscal_year,2030,2030,2030,37,15
Medicare,Total,2031,-314.0,Billions of dollars,51302-2021-07-medicare.xlsx,Medicare_07-2021,true,51302,Medicare / Components of Offsetting Receipts / Total,fiscal_year,2031,2031,2031,37,16
Medicare,Capitation Payments (Number per year)h,2020,12.0,Billions of dollars,51302-2021-07-medicare.xlsx,Medicare_07-2021,false,51302,Medicare / Memorandum: / Capitation Payments (Number per year)h,fiscal_year,2020,2020,2020,40,5
Medicare,Capitation Payments (Number per year)h,2021,12.0,Billions of dollars,51302-2021-07-medicare.xlsx,Medicare_07-2021,false,51302,Medicare / Memorandum: / Capitation Payments (Number per year)h,fiscal_year,2021,2021,2021,40,6
Medicare,Capitation Payments (Number per year)h,2022,13.0,Billions of dollars,51302-2021-07-medicare.xlsx,Medicare_07-2021,false,51302,Medicare / Memorandum: / Capitation Payments (Number per year)h,fiscal_year,2022,2022,2022,40,7
Medicare,Capitation Payments (Number per year)h,2023,12.0,Billions of dollars,51302-2021-07-medicare.xlsx,Medicare_07-2021,false,51302,Medicare / Memorandum: / Capitation Payments (Number per year)h,fiscal_year,2023,2023,2023,40,8
Medicare,Capitation Payments (Number per year)h,2024,11.0,Billions of dollars,51302-2021-07-medicare.xlsx,Medicare_07-2021,false,51302,Medicare / Memorandum: / Capitation Payments (Number per year)h,fiscal_year,2024,2024,2024,40,9
Medicare,Capitation Payments (Number per year)h,2025,12.0,Billions of dollars,51302-2021-07-medicare.xlsx,Medicare_07-2021,false,51302,Medicare / Memorandum: / Capitation Payments (Number per year)h,fiscal_year,2025,2025,2025,40,10
Medicare,Capitation Payments (Number per year)h,2026,12.0,Billions of dollars,51302-2021-07-medicare.xlsx,Medicare_07-2021,false,51302,Medicare / Memorandum: / Capitation Payments (Number per year)h,fiscal_year,2026,2026,2026,40,11
Medicare,Capitation Payments (Number per year)h,2027,12.0,Billions of dollars,51302-2021-07-medicare.xlsx,Medicare_07-2021,false,51302,Medicare / Memorandum: / Capitation Payments (Number per year)h,fiscal_year,2027,2027,2027,40,12
Medicare,Capitation Payments (Number per year)h,2028,13.0,Billions of dollars,51302-2021-07-medicare.xlsx,Medicare_07-2021,false,51302,Medicare / Memorandum: / Capitation Payments (Number per year)h,fiscal_year,2028,2028,2028,40,13
Medicare,Capitation Payments (Number per year)h,2029,11.0,Billions of dollars,51302-2021-07-medicare.xlsx,Medicare_07-2021,false,51302,Medicare / Memorandum: / Capitation Payments (Number per year)h,fiscal_year,2029,2029,2029,40,14
Medicare,Capitation Payments (Number per year)h,2030,12.0,Billions of dollars,51302-2021-07-medicare.xlsx,Medicare_07-2021,false,51302,Medicare / Memorandum: / Capitation Payments (Number per year)h,fiscal_year,2030,2030,2030,40,15
Medicare,Capitation Payments (Number per year)h,2031,12.0,Billions of dollars,51302-2021-07-medicare.xlsx,Medicare_07-2021,false,51302,Medicare / Memorandum: / Capitation Payments (Number per year)h,fiscal_year,2031,2031,2031,40,16
Medicare,"and Timing Shiftsg,h,i",2020,791.0,Billions of dollars,51302-2021-07-medicare.xlsx,Medicare_07-2021,false,51302,"Medicare / Benefits, Adjusted for Recoveries, AAP, / and Timing Shiftsg,h,i",fiscal_year,2020,2020,2020,42,5
Medicare,"and Timing Shiftsg,h,i",2021,851.0,Billions of dollars,51302-2021-07-medicare.xlsx,Medicare_07-2021,false,51302,"Medicare / Benefits, Adjusted for Recoveries, AAP, / and Timing Shiftsg,h,i",fiscal_year,2021,2021,2021,42,6
Medicare,"and Timing Shiftsg,h,i",2022,915.0,Billions of dollars,51302-2021-07-medicare.xlsx,Medicare_07-2021,false,51302,"Medicare / Benefits, Adjusted for Recoveries, AAP, / and Timing Shiftsg,h,i",fiscal_year,2022,2022,2022,42,7
Medicare,"and Timing Shiftsg,h,i",2023,991.0,Billions of dollars,51302-2021-07-medicare.xlsx,Medicare_07-2021,false,51302,"Medicare / Benefits, Adjusted for Recoveries, AAP, / and Timing Shiftsg,h,i",fiscal_year,2023,2023,2023,42,8
Medicare,"and Timing Shiftsg,h,i",2024,1071.0,Billions of dollars,51302-2021-07-medicare.xlsx,Medicare_07-2021,false,51302,"Medicare / Benefits, Adjusted for Recoveries, AAP, / and Timing Shiftsg,h,i",fiscal_year,2024,2024,2024,42,9
Medicare,"and Timing Shiftsg,h,i",2025,1153.0,Billions of dollars,51302-2021-07-medicare.xlsx,Medicare_07-2021,false,51302,"Medicare / Benefits, Adjusted for Recoveries, AAP, / and Timing Shiftsg,h,i",fiscal_year,2025,2025,2025,42,10
Medicare,"and Timing Shiftsg,h,i",2026,1239.0,Billions of dollars,51302-2021-07-medicare.xlsx,Medicare_07-2021,false,51302,"Medicare / Benefits, Adjusted for Recoveries, AAP, / and Timing Shiftsg,h,i",fiscal_year,2026,2026,2026,42,11
Medicare,"and Timing Shiftsg,h,i",2027,1333.0,Billions of dollars,51302-2021-07-medicare.xlsx,Medicare_07-2021,false,51302,"Medicare / Benefits, Adjusted for Recoveries, AAP, / and Timing Shiftsg,h,i",fiscal_year,2027,2027,2027,42,12
Medicare,"and Timing Shiftsg,h,i",2028,1432.0,Billions of dollars,51302-2021-07-medicare.xlsx,Medicare_07-2021,false,51302,"Medicare / Benefits, Adjusted for Recoveries, AAP, / and Timing Shiftsg,h,i",fiscal_year,2028,2028,2028,42,13
Medicare,"and Timing Shiftsg,h,i",2029,1534.0,Billions of dollars,51302-2021-07-medicare.xlsx,Medicare_07-2021,false,51302,"Medicare / Benefits, Adjusted for Recoveries, AAP, / and Timing Shiftsg,h,i",fiscal_year,2029,2029,2029,42,14
Medicare,"and Timing Shiftsg,h,i",2030,1639.0,Billions of dollars,51302-2021-07-medicare.xlsx,Medicare_07-2021,false,51302,"Medicare / Benefits, Adjusted for Recoveries, AAP, / and Timing Shiftsg,h,i",fiscal_year,2030,2030,2030,42,15
Medicare,"and Timing Shiftsg,h,i",2031,1741.0,Billions of dollars,51302-2021-07-medicare.xlsx,Medicare_07-2021,false,51302,"Medicare / Benefits, Adjusted for Recoveries, AAP, / and Timing Shiftsg,h,i",fiscal_year,2031,2031,2031,42,16
Medicare,Part A,2020,3.8,Percent,51302-2021-07-medicare.xlsx,Medicare_07-2021,false,51302,"Medicare / and Timing Shiftsg,h,i / Part A",fiscal_year,2020,2020,2020,55,5
Medicare,Part A,2021,5.6,Percent,51302-2021-07-medicare.xlsx,Medicare_07-2021,false,51302,"Medicare / and Timing Shiftsg,h,i / Part A",fiscal_year,2021,2021,2021,55,6
Medicare,Part A,2022,6.0,Percent,51302-2021-07-medicare.xlsx,Medicare_07-2021,false,51302,"Medicare / and Timing Shiftsg,h,i / Part A",fiscal_year,2022,2022,2022,55,7
Medicare,Part A,2023,6.6,Percent,51302-2021-07-medicare.xlsx,Medicare_07-2021,false,51302,"Medicare / and Timing Shiftsg,h,i / Part A",fiscal_year,2023,2023,2023,55,8
Medicare,Part A,2024,6.7,Percent,51302-2021-07-medicare.xlsx,Medicare_07-2021,false,51302,"Medicare / and Timing Shiftsg,h,i / Part A",fiscal_year,2024,2024,2024,55,9
Medicare,Part A,2025,6.7,Percent,51302-2021-07-medicare.xlsx,Medicare_07-2021,false,51302,"Medicare / and Timing Shiftsg,h,i / Part A",fiscal_year,2025,2025,2025,55,10
Medicare,Part A,2026,6.3,Percent,51302-2021-07-medicare.xlsx,Medicare_07-2021,false,51302,"Medicare / and Timing Shiftsg,h,i / Part A",fiscal_year,2026,2026,2026,55,11
Medicare,Part A,2027,6.2,Percent,51302-2021-07-medicare.xlsx,Medicare_07-2021,false,51302,"Medicare / and Timing Shiftsg,h,i / Part A",fiscal_year,2027,2027,2027,55,12
Medicare,Part A,2028,6.1,Percent,51302-2021-07-medicare.xlsx,Medicare_07-2021,false,51302,"Medicare / and Timing Shiftsg,h,i / Part A",fiscal_year,2028,2028,2028,55,13
Medicare,Part A,2029,5.9,Percent,51302-2021-07-medicare.xlsx,Medicare_07-2021,false,51302,"Medicare / and Timing Shiftsg,h,i / Part A",fiscal_year,2029,2029,2029,55,14
Medicare,Part A,2030,5.4,Percent,51302-2021-07-medicare.xlsx,Medicare_07-2021,false,51302,"Medicare / and Timing Shiftsg,h,i / Part A",fiscal_year,2030,2030,2030,55,15
Medicare,Part A,2031,4.8,Percent,51302-2021-07-medicare.xlsx,Medicare_07-2021,false,51302,"Medicare / and Timing Shiftsg,h,i / Part A",fiscal_year,2031,2031,2031,55,16
Medicare,Part B,2020,3.8,Percent,51302-2021-07-medicare.xlsx,Medicare_07-2021,false,51302,"Medicare / and Timing Shiftsg,h,i / Part B",fiscal_year,2020,2020,2020,56,5
Medicare,Part B,2021,9.6,Percent,51302-2021-07-medicare.xlsx,Medicare_07-2021,false,51302,"Medicare / and Timing Shiftsg,h,i / Part B",fiscal_year,2021,2021,2021,56,6
Medicare,Part B,2022,8.9,Percent,51302-2021-07-medicare.xlsx,Medicare_07-2021,false,51302,"Medicare / and Timing Shiftsg,h,i / Part B",fiscal_year,2022,2022,2022,56,7
Medicare,Part B,2023,7.8,Percent,51302-2021-07-medicare.xlsx,Medicare_07-2021,false,51302,"Medicare / and Timing Shiftsg,h,i / Part B",fiscal_year,2023,2023,2023,56,8
Medicare,Part B,2024,8.2,Percent,51302-2021-07-medicare.xlsx,Medicare_07-2021,false,51302,"Medicare / and Timing Shiftsg,h,i / Part B",fiscal_year,2024,2024,2024,56,9
Medicare,Part B,2025,8.1,Percent,51302-2021-07-medicare.xlsx,Medicare_07-2021,false,51302,"Medicare / and Timing Shiftsg,h,i / Part B",fiscal_year,2025,2025,2025,56,10
Medicare,Part B,2026,8.2,Percent,51302-2021-07-medicare.xlsx,Medicare_07-2021,false,51302,"Medicare / and Timing Shiftsg,h,i / Part B",fiscal_year,2026,2026,2026,56,11
Medicare,Part B,2027,8.4,Percent,51302-2021-07-medicare.xlsx,Medicare_07-2021,false,51302,"Medicare / and Timing Shiftsg,h,i / Part B",fiscal_year,2027,2027,2027,56,12
Medicare,Part B,2028,8.3,Percent,51302-2021-07-medicare.xlsx,Medicare_07-2021,false,51302,"Medicare / and Timing Shiftsg,h,i / Part B",fiscal_year,2028,2028,2028,56,13
Medicare,Part B,2029,8.1,Percent,51302-2021-07-medicare.xlsx,Medicare_07-2021,false,51302,"Medicare / and Timing Shiftsg,h,i / Part B",fiscal_year,2029,2029,2029,56,14
Medicare,Part B,2030,7.8,Percent,51302-2021-07-medicare.xlsx,Medicare_07-2021,false,51302,"Medicare / and Timing Shiftsg,h,i / Part B",fiscal_year,2030,2030,2030,56,15
Medicare,Part B,2031,7.3,Percent,51302-2021-07-medicare.xlsx,Medicare_07-2021,false,51302,"Medicare / and Timing Shiftsg,h,i / Part B",fiscal_year,2031,2031,2031,56,16
Medicare,Part D,2020,5.4,Percent,51302-2021-07-medicare.xlsx,Medicare_07-2021,false,51302,"Medicare / and Timing Shiftsg,h,i / Part D",fiscal_year,2020,2020,2020,57,5
Medicare,Part D,2021,7.1,Percent,51302-2021-07-medicare.xlsx,Medicare_07-2021,false,51302,"Medicare / and Timing Shiftsg,h,i / Part D",fiscal_year,2021,2021,2021,57,6
Medicare,Part D,2022,7.0,Percent,51302-2021-07-medicare.xlsx,Medicare_07-2021,false,51302,"Medicare / and Timing Shiftsg,h,i / Part D",fiscal_year,2022,2022,2022,57,7
Medicare,Part D,2023,16.8,Percent,51302-2021-07-medicare.xlsx,Medicare_07-2021,false,51302,"Medicare / and Timing Shiftsg,h,i / Part D",fiscal_year,2023,2023,2023,57,8
Medicare,Part D,2024,12.0,Percent,51302-2021-07-medicare.xlsx,Medicare_07-2021,false,51302,"Medicare / and Timing Shiftsg,h,i / Part D",fiscal_year,2024,2024,2024,57,9
Medicare,Part D,2025,8.7,Percent,51302-2021-07-medicare.xlsx,Medicare_07-2021,false,51302,"Medicare / and Timing Shiftsg,h,i / Part D",fiscal_year,2025,2025,2025,57,10
Medicare,Part D,2026,8.4,Percent,51302-2021-07-medicare.xlsx,Medicare_07-2021,false,51302,"Medicare / and Timing Shiftsg,h,i / Part D",fiscal_year,2026,2026,2026,57,11
Medicare,Part D,2027,8.1,Percent,51302-2021-07-medicare.xlsx,Medicare_07-2021,false,51302,"Medicare / and Timing Shiftsg,h,i / Part D",fiscal_year,2027,2027,2027,57,12
Medicare,Part D,2028,7.8,Percent,51302-2021-07-medicare.xlsx,Medicare_07-2021,false,51302,"Medicare / and Timing Shiftsg,h,i / Part D",fiscal_year,2028,2028,2028,57,13
Medicare,Part D,2029,7.3,Percent,51302-2021-07-medicare.xlsx,Medicare_07-2021,false,51302,"Medicare / and Timing Shiftsg,h,i / Part D",fiscal_year,2029,2029,2029,57,14
Medicare,Part D,2030,7.7,Percent,51302-2021-07-medicare.xlsx,Medicare_07-2021,false,51302,"Medicare / and Timing Shiftsg,h,i / Part D",fiscal_year,2030,2030,2030,57,15
Medicare,Part D,2031,5.6,Percent,51302-2021-07-medicare.xlsx,Medicare_07-2021,false,51302,"Medicare / and Timing Shiftsg,h,i / Part D",fiscal_year,2031,2031,2031,57,16
Medicare,Total Benefits,2020,4.0,Percent,51302-2021-07-medicare.xlsx,Medicare_07-2021,true,51302,"Medicare / and Timing Shiftsg,h,i / Total Benefits",fiscal_year,2020,2020,2020,58,5
Medicare,Total Benefits,2021,7.7,Percent,51302-2021-07-medicare.xlsx,Medicare_07-2021,true,51302,"Medicare / and Timing Shiftsg,h,i / Total Benefits",fiscal_year,2021,2021,2021,58,6
Medicare,Total Benefits,2022,7.5,Percent,51302-2021-07-medicare.xlsx,Medicare_07-2021,true,51302,"Medicare / and Timing Shiftsg,h,i / Total Benefits",fiscal_year,2022,2022,2022,58,7
Medicare,Total Benefits,2023,8.3,Percent,51302-2021-07-medicare.xlsx,Medicare_07-2021,true,51302,"Medicare / and Timing Shiftsg,h,i / Total Benefits",fiscal_year,2023,2023,2023,58,8
Medicare,Total Benefits,2024,8.1,Percent,51302-2021-07-medicare.xlsx,Medicare_07-2021,true,51302,"Medicare / and Timing Shiftsg,h,i / Total Benefits",fiscal_year,2024,2024,2024,58,9
Medicare,Total Benefits,2025,7.6,Percent,51302-2021-07-medicare.xlsx,Medicare_07-2021,true,51302,"Medicare / and Timing Shiftsg,h,i / Total Benefits",fiscal_year,2025,2025,2025,58,10
Medicare,Total Benefits,2026,7.5,Percent,51302-2021-07-medicare.xlsx,Medicare_07-2021,true,51302,"Medicare / and Timing Shiftsg,h,i / Total Benefits",fiscal_year,2026,2026,2026,58,11
Medicare,Total Benefits,2027,7.5,Percent,51302-2021-07-medicare.xlsx,Medicare_07-2021,true,51302,"Medicare / and Timing Shiftsg,h,i / Total Benefits",fiscal_year,2027,2027,2027,58,12
Medicare,Total Benefits,2028,7.4,Percent,51302-2021-07-medicare.xlsx,Medicare_07-2021,true,51302,"Medicare / and Timing Shiftsg,h,i / Total Benefits",fiscal_year,2028,2028,2028,58,13
Medicare,Total Benefits,2029,7.1,Percent,51302-2021-07-medicare.xlsx,Medicare_07-2021,true,51302,"Medicare / and Timing Shiftsg,h,i / Total Benefits",fiscal_year,2029,2029,2029,58,14
Medicare,Total Benefits,2030,6.9,Percent,51302-2021-07-medicare.xlsx,Medicare_07-2021,true,51302,"Medicare / and Timing Shiftsg,h,i / Total Benefits",fiscal_year,2030,2030,2030,58,15
Medicare,Total Benefits,2031,6.2,Percent,51302-2021-07-medicare.xlsx,Medicare_07-2021,true,51302,"Medicare / and Timing Shiftsg,h,i / Total Benefits",fiscal_year,2031,2031,2031,58,16
Medicare,Part A,2020,1.6,Percent,51302-2021-07-medicare.xlsx,Medicare_07-2021,false,51302,"Medicare / Recoveries, AAP, and Timing Shiftsg,h,i / Part A",fiscal_year,2020,2020,2020,62,5
Medicare,Part A,2021,3.3,Percent,51302-2021-07-medicare.xlsx,Medicare_07-2021,false,51302,"Medicare / Recoveries, AAP, and Timing Shiftsg,h,i / Part A",fiscal_year,2021,2021,2021,62,6
Medicare,Part A,2022,3.6,Percent,51302-2021-07-medicare.xlsx,Medicare_07-2021,false,51302,"Medicare / Recoveries, AAP, and Timing Shiftsg,h,i / Part A",fiscal_year,2022,2022,2022,62,7
Medicare,Part A,2023,4.0,Percent,51302-2021-07-medicare.xlsx,Medicare_07-2021,false,51302,"Medicare / Recoveries, AAP, and Timing Shiftsg,h,i / Part A",fiscal_year,2023,2023,2023,62,8
Medicare,Part A,2024,4.0,Percent,51302-2021-07-medicare.xlsx,Medicare_07-2021,false,51302,"Medicare / Recoveries, AAP, and Timing Shiftsg,h,i / Part A",fiscal_year,2024,2024,2024,62,9
Medicare,Part A,2025,4.0,Percent,51302-2021-07-medicare.xlsx,Medicare_07-2021,false,51302,"Medicare / Recoveries, AAP, and Timing Shiftsg,h,i / Part A",fiscal_year,2025,2025,2025,62,10
Medicare,Part A,2026,3.8,Percent,51302-2021-07-medicare.xlsx,Medicare_07-2021,false,51302,"Medicare / Recoveries, AAP, and Timing Shiftsg,h,i / Part A",fiscal_year,2026,2026,2026,62,11
Medicare,Part A,2027,3.9,Percent,51302-2021-07-medicare.xlsx,Medicare_07-2021,false,51302,"Medicare / Recoveries, AAP, and Timing Shiftsg,h,i / Part A",fiscal_year,2027,2027,2027,62,12
Medicare,Part A,2028,3.9,Percent,51302-2021-07-medicare.xlsx,Medicare_07-2021,false,51302,"Medicare / Recoveries, AAP, and Timing Shiftsg,h,i / Part A",fiscal_year,2028,2028,2028,62,13
Medicare,Part A,2029,3.9,Percent,51302-2021-07-medicare.xlsx,Medicare_07-2021,false,51302,"Medicare / Recoveries, AAP, and Timing Shiftsg,h,i / Part A",fiscal_year,2029,2029,2029,62,14
Medicare,Part A,2030,3.7,Percent,51302-2021-07-medicare.xlsx,Medicare_07-2021,false,51302,"Medicare / Recoveries, AAP, and Timing Shiftsg,h,i / Part A",fiscal_year,2030,2030,2030,62,15
Medicare,Part A,2031,3.4,Percent,51302-2021-07-medicare.xlsx,Medicare_07-2021,false,51302,"Medicare / Recoveries, AAP, and Timing Shiftsg,h,i / Part A",fiscal_year,2031,2031,2031,62,16
Medicare,Part B,2020,1.3,Percent,51302-2021-07-medicare.xlsx,Medicare_07-2021,false,51302,"Medicare / Recoveries, AAP, and Timing Shiftsg,h,i / Part B",fiscal_year,2020,2020,2020,63,5
Medicare,Part B,2021,7.1,Percent,51302-2021-07-medicare.xlsx,Medicare_07-2021,false,51302,"Medicare / Recoveries, AAP, and Timing Shiftsg,h,i / Part B",fiscal_year,2021,2021,2021,63,6
Medicare,Part B,2022,6.4,Percent,51302-2021-07-medicare.xlsx,Medicare_07-2021,false,51302,"Medicare / Recoveries, AAP, and Timing Shiftsg,h,i / Part B",fiscal_year,2022,2022,2022,63,7
Medicare,Part B,2023,5.1,Percent,51302-2021-07-medicare.xlsx,Medicare_07-2021,false,51302,"Medicare / Recoveries, AAP, and Timing Shiftsg,h,i / Part B",fiscal_year,2023,2023,2023,63,8
Medicare,Part B,2024,5.4,Percent,51302-2021-07-medicare.xlsx,Medicare_07-2021,false,51302,"Medicare / Recoveries, AAP, and Timing Shiftsg,h,i / Part B",fiscal_year,2024,2024,2024,63,9
Medicare,Part B,2025,5.4,Percent,51302-2021-07-medicare.xlsx,Medicare_07-2021,false,51302,"Medicare / Recoveries, AAP, and Timing Shiftsg,h,i / Part B",fiscal_year,2025,2025,2025,63,10
Medicare,Part B,2026,5.6,Percent,51302-2021-07-medicare.xlsx,Medicare_07-2021,false,51302,"Medicare / Recoveries, AAP, and Timing Shiftsg,h,i / Part B",fiscal_year,2026,2026,2026,63,11
Medicare,Part B,2027,5.9,Percent,51302-2021-07-medicare.xlsx,Medicare_07-2021,false,51302,"Medicare / Recoveries, AAP, and Timing Shiftsg,h,i / Part B",fiscal_year,2027,2027,2027,63,12
Medicare,Part B,2028,6.0,Percent,51302-2021-07-medicare.xlsx,Medicare_07-2021,false,51302,"Medicare / Recoveries, AAP, and Timing Shiftsg,h,i / Part B",fiscal_year,2028,2028,2028,63,13
Medicare,Part B,2029,5.9,Percent,51302-2021-07-medicare.xlsx,Medicare_07-2021,false,51302,"Medicare / Recoveries, AAP, and Timing Shiftsg,h,i / Part B",fiscal_year,2029,2029,2029,63,14
Medicare,Part B,2030,5.9,Percent,51302-2021-07-medicare.xlsx,Medicare_07-2021,false,51302,"Medicare / Recoveries, AAP, and Timing Shiftsg,h,i / Part B",fiscal_year,2030,2030,2030,63,15
Medicare,Part B,2031,5.7,Percent,51302-2021-07-medicare.xlsx,Medicare_07-2021,false,51302,"Medicare / Recoveries, AAP, and Timing Shiftsg,h,i / Part B",fiscal_year,2031,2031,2031,63,16
Medicare,Part D,2020,5.0,Percent,51302-2021-07-medicare.xlsx,Medicare_07-2021,false,51302,"Medicare / Recoveries, AAP, and Timing Shiftsg,h,i / Part D",fiscal_year,2020,2020,2020,64,5
Medicare,Part D,2021,4.0,Percent,51302-2021-07-medicare.xlsx,Medicare_07-2021,false,51302,"Medicare / Recoveries, AAP, and Timing Shiftsg,h,i / Part D",fiscal_year,2021,2021,2021,64,6
Medicare,Part D,2022,4.6,Percent,51302-2021-07-medicare.xlsx,Medicare_07-2021,false,51302,"Medicare / Recoveries, AAP, and Timing Shiftsg,h,i / Part D",fiscal_year,2022,2022,2022,64,7
Medicare,Part D,2023,13.8,Percent,51302-2021-07-medicare.xlsx,Medicare_07-2021,false,51302,"Medicare / Recoveries, AAP, and Timing Shiftsg,h,i / Part D",fiscal_year,2023,2023,2023,64,8
Medicare,Part D,2024,8.8,Percent,51302-2021-07-medicare.xlsx,Medicare_07-2021,false,51302,"Medicare / Recoveries, AAP, and Timing Shiftsg,h,i / Part D",fiscal_year,2024,2024,2024,64,9
Medicare,Part D,2025,5.7,Percent,51302-2021-07-medicare.xlsx,Medicare_07-2021,false,51302,"Medicare / Recoveries, AAP, and Timing Shiftsg,h,i / Part D",fiscal_year,2025,2025,2025,64,10
Medicare,Part D,2026,5.5,Percent,51302-2021-07-medicare.xlsx,Medicare_07-2021,false,51302,"Medicare / Recoveries, AAP, and Timing Shiftsg,h,i / Part D",fiscal_year,2026,2026,2026,64,11
Medicare,Part D,2027,5.4,Percent,51302-2021-07-medicare.xlsx,Medicare_07-2021,false,51302,"Medicare / Recoveries, AAP, and Timing Shiftsg,h,i / Part D",fiscal_year,2027,2027,2027,64,12
Medicare,Part D,2028,5.3,Percent,51302-2021-07-medicare.xlsx,Medicare_07-2021,false,51302,"Medicare / Recoveries, AAP, and Timing Shiftsg,h,i / Part D",fiscal_year,2028,2028,2028,64,13
Medicare,Part D,2029,5.0,Percent,51302-2021-07-medicare.xlsx,Medicare_07-2021,false,51302,"Medicare / Recoveries, AAP, and Timing Shiftsg,h,i / Part D",fiscal_year,2029,2029,2029,64,14
Medicare,Part D,2030,5.7,Percent,51302-2021-07-medicare.xlsx,Medicare_07-2021,false,51302,"Medicare / Recoveries, AAP, and Timing Shiftsg,h,i / Part D",fiscal_year,2030,2030,2030,64,15
Medicare,Part D,2031,3.9,Percent,51302-2021-07-medicare.xlsx,Medicare_07-2021,false,51302,"Medicare / Recoveries, AAP, and Timing Shiftsg,h,i / Part D",fiscal_year,2031,2031,2031,64,16
Medicare,PPS Market Basket Increase,2020,3.0,Percent,51302-2021-07-medicare.xlsx,Medicare_07-2021,false,51302,Medicare / Payment Updates and Changes in Price Indexes (Percent) / PPS Market Basket Increase,fiscal_year,2020,2020,2020,67,5
Medicare,PPS Market Basket Increase,2021,2.4,Percent,51302-2021-07-medicare.xlsx,Medicare_07-2021,false,51302,Medicare / Payment Updates and Changes in Price Indexes (Percent) / PPS Market Basket Increase,fiscal_year,2021,2021,2021,67,6
Medicare,PPS Market Basket Increase,2022,2.9,Percent,51302-2021-07-medicare.xlsx,Medicare_07-2021,false,51302,Medicare / Payment Updates and Changes in Price Indexes (Percent) / PPS Market Basket Increase,fiscal_year,2022,2022,2022,67,7
Medicare,PPS Market Basket Increase,2023,3.2,Percent,51302-2021-07-medicare.xlsx,Medicare_07-2021,false,51302,Medicare / Payment Updates and Changes in Price Indexes (Percent) / PPS Market Basket Increase,fiscal_year,2023,2023,2023,67,8
Medicare,PPS Market Basket Increase,2024,3.3,Percent,51302-2021-07-medicare.xlsx,Medicare_07-2021,false,51302,Medicare / Payment Updates and Changes in Price Indexes (Percent) / PPS Market Basket Increase,fiscal_year,2024,2024,2024,67,9
Medicare,PPS Market Basket Increase,2025,3.3,Percent,51302-2021-07-medicare.xlsx,Medicare_07-2021,false,51302,Medicare / Payment Updates and Changes in Price Indexes (Percent) / PPS Market Basket Increase,fiscal_year,2025,2025,2025,67,10
Medicare,PPS Market Basket Increase,2026,3.3,Percent,51302-2021-07-medicare.xlsx,Medicare_07-2021,false,51302,Medicare / Payment Updates and Changes in Price Indexes (Percent) / PPS Market Basket Increase,fiscal_year,2026,2026,2026,67,11
Medicare,PPS Market Basket Increase,2027,3.2,Percent,51302-2021-07-medicare.xlsx,Medicare_07-2021,false,51302,Medicare / Payment Updates and Changes in Price Indexes (Percent) / PPS Market Basket Increase,fiscal_year,2027,2027,2027,67,12
Medicare,PPS Market Basket Increase,2028,3.2,Percent,51302-2021-07-medicare.xlsx,Medicare_07-2021,false,51302,Medicare / Payment Updates and Changes in Price Indexes (Percent) / PPS Market Basket Increase,fiscal_year,2028,2028,2028,67,13
Medicare,PPS Market Basket Increase,2029,3.2,Percent,51302-2021-07-medicare.xlsx,Medicare_07-2021,false,51302,Medicare / Payment Updates and Changes in Price Indexes (Percent) / PPS Market Basket Increase,fiscal_year,2029,2029,2029,67,14
Medicare,PPS Market Basket Increase,2030,3.2,Percent,51302-2021-07-medicare.xlsx,Medicare_07-2021,false,51302,Medicare / Payment Updates and Changes in Price Indexes (Percent) / PPS Market Basket Increase,fiscal_year,2030,2030,2030,67,15
Medicare,PPS Market Basket Increase,2031,3.2,Percent,51302-2021-07-medicare.xlsx,Medicare_07-2021,false,51302,Medicare / Payment Updates and Changes in Price Indexes (Percent) / PPS Market Basket Increase,fiscal_year,2031,2031,2031,67,16
Medicare,PPS Update Factor,2020,3.1,Percent,51302-2021-07-medicare.xlsx,Medicare_07-2021,false,51302,Medicare / Payment Updates and Changes in Price Indexes (Percent) / PPS Update Factor,fiscal_year,2020,2020,2020,68,5
Medicare,PPS Update Factor,2021,2.9,Percent,51302-2021-07-medicare.xlsx,Medicare_07-2021,false,51302,Medicare / Payment Updates and Changes in Price Indexes (Percent) / PPS Update Factor,fiscal_year,2021,2021,2021,68,6
Medicare,PPS Update Factor,2022,3.0,Percent,51302-2021-07-medicare.xlsx,Medicare_07-2021,false,51302,Medicare / Payment Updates and Changes in Price Indexes (Percent) / PPS Update Factor,fiscal_year,2022,2022,2022,68,7
Medicare,PPS Update Factor,2023,3.3,Percent,51302-2021-07-medicare.xlsx,Medicare_07-2021,false,51302,Medicare / Payment Updates and Changes in Price Indexes (Percent) / PPS Update Factor,fiscal_year,2023,2023,2023,68,8
Medicare,PPS Update Factor,2024,2.9,Percent,51302-2021-07-medicare.xlsx,Medicare_07-2021,false,51302,Medicare / Payment Updates and Changes in Price Indexes (Percent) / PPS Update Factor,fiscal_year,2024,2024,2024,68,9
Medicare,PPS Update Factor,2025,2.9,Percent,51302-2021-07-medicare.xlsx,Medicare_07-2021,false,51302,Medicare / Payment Updates and Changes in Price Indexes (Percent) / PPS Update Factor,fiscal_year,2025,2025,2025,68,10
Medicare,PPS Update Factor,2026,2.7,Percent,51302-2021-07-medicare.xlsx,Medicare_07-2021,false,51302,Medicare / Payment Updates and Changes in Price Indexes (Percent) / PPS Update Factor,fiscal_year,2026,2026,2026,68,11
Medicare,PPS Update Factor,2027,2.7,Percent,51302-2021-07-medicare.xlsx,Medicare_07-2021,false,51302,Medicare / Payment Updates and Changes in Price Indexes (Percent) / PPS Update Factor,fiscal_year,2027,2027,2027,68,12
Medicare,PPS Update Factor,2028,2.7,Percent,51302-2021-07-medicare.xlsx,Medicare_07-2021,false,51302,Medicare / Payment Updates and Changes in Price Indexes (Percent) / PPS Update Factor,fiscal_year,2028,2028,2028,68,13
Medicare,PPS Update Factor,2029,2.6,Percent,51302-2021-07-medicare.xlsx,Medicare_07-2021,false,51302,Medicare / Payment Updates and Changes in Price Indexes (Percent) / PPS Update Factor,fiscal_year,2029,2029,2029,68,14
Medicare,PPS Update Factor,2030,2.4,Percent,51302-2021-07-medicare.xlsx,Medicare_07-2021,false,51302,Medicare / Payment Updates and Changes in Price Indexes (Percent) / PPS Update Factor,fiscal_year,2030,2030,2030,68,15
Medicare,PPS Update Factor,2031,2.4,Percent,51302-2021-07-medicare.xlsx,Medicare_07-2021,false,51302,Medicare / Payment Updates and Changes in Price Indexes (Percent) / PPS Update Factor,fiscal_year,2031,2031,2031,68,16
Medicare,All Urban Consumers (Calendar year),,1.6,Percent,51302-2021-07-medicare.xlsx,Medicare_07-2021,false,51302,Medicare / Consumer Price Index for / All Urban Consumers (Calendar year),calendar_year,2020,2020,2020,70,5
Medicare,All Urban Consumers (Calendar year),,0.6,Percent,51302-2021-07-medicare.xlsx,Medicare_07-2021,false,51302,Medicare / Consumer Price Index for / All Urban Consumers (Calendar year),calendar_year,2021,2021,2021,70,6
Medicare,All Urban Consumers (Calendar year),,3.6,Percent,51302-2021-07-medicare.xlsx,Medicare_07-2021,false,51302,Medicare / Consumer Price Index for / All Urban Consumers (Calendar year),calendar_year,2022,2022,2022,70,7
Medicare,All Urban Consumers (Calendar year),,2.3,Percent,51302-2021-07-medicare.xlsx,Medicare_07-2021,false,51302,Medicare / Consumer Price Index for / All Urban Consumers (Calendar year),calendar_year,2023,2023,2023,70,8
Medicare,All Urban Consumers (Calendar year),,2.3,Percent,51302-2021-07-medicare.xlsx,Medicare_07-2021,false,51302,Medicare / Consumer Price Index for / All Urban Consumers (Calendar year),calendar_year,2024,2024,2024,70,9
Medicare,All Urban Consumers (Calendar year),,2.4,Percent,51302-2021-07-medicare.xlsx,Medicare_07-2021,false,51302,Medicare / Consumer Price Index for / All Urban Consumers (Calendar year),calendar_year,2025,2025,2025,70,10
Medicare,All Urban Consumers (Calendar year),,2.4,Percent,51302-2021-07-medicare.xlsx,Medicare_07-2021,false,51302,Medicare / Consumer Price Index for / All Urban Consumers (Calendar year),calendar_year,2026,2026,2026,70,11
Medicare,All Urban Consumers (Calendar year),,2.4,Percent,51302-2021-07-medicare.xlsx,Medicare_07-2021,false,51302,Medicare / Consumer Price Index for / All Urban Consumers (Calendar year),calendar_year,2027,2027,2027,70,12
Medicare,All Urban Consumers (Calendar year),,2.5,Percent,51302-2021-07-medicare.xlsx,Medicare_07-2021,false,51302,Medicare / Consumer Price Index for / All Urban Consumers (Calendar year),calendar_year,2028,2028,2028,70,13
Medicare,All Urban Consumers (Calendar year),,2.4,Percent,51302-2021-07-medicare.xlsx,Medicare_07-2021,false,51302,Medicare / Consumer Price Index for / All Urban Consumers (Calendar year),calendar_year,2029,2029,2029,70,14
Medicare,All Urban Consumers (Calendar year),,2.4,Percent,51302-2021-07-medicare.xlsx,Medicare_07-2021,false,51302,Medicare / Consumer Price Index for / All Urban Consumers (Calendar year),calendar_year,2030,2030,2030,70,15
Medicare,All Urban Consumers (Calendar year),,2.4,Percent,51302-2021-07-medicare.xlsx,Medicare_07-2021,false,51302,Medicare / Consumer Price Index for / All Urban Consumers (Calendar year),calendar_year,2031,2031,2031,70,16
Medicare,10-Year Moving Average of Multifactor Productivityj,2020,0.4,Percent,51302-2021-07-medicare.xlsx,Medicare_07-2021,false,51302,Medicare / Consumer Price Index for / 10-Year Moving Average of Multifactor Productivityj,fiscal_year,2020,2020,2020,71,5
Medicare,10-Year Moving Average of Multifactor Productivityj,2021,0.0,Percent,51302-2021-07-medicare.xlsx,Medicare_07-2021,false,51302,Medicare / Consumer Price Index for / 10-Year Moving Average of Multifactor Productivityj,fiscal_year,2021,2021,2021,71,6
Medicare,10-Year Moving Average of Multifactor Productivityj,2022,0.4,Percent,51302-2021-07-medicare.xlsx,Medicare_07-2021,false,51302,Medicare / Consumer Price Index for / 10-Year Moving Average of Multifactor Productivityj,fiscal_year,2022,2022,2022,71,7
Medicare,10-Year Moving Average of Multifactor Productivityj,2023,0.4,Percent,51302-2021-07-medicare.xlsx,Medicare_07-2021,false,51302,Medicare / Consumer Price Index for / 10-Year Moving Average of Multifactor Productivityj,fiscal_year,2023,2023,2023,71,8
Medicare,10-Year Moving Average of Multifactor Productivityj,2024,0.4,Percent,51302-2021-07-medicare.xlsx,Medicare_07-2021,false,51302,Medicare / Consumer Price Index for / 10-Year Moving Average of Multifactor Productivityj,fiscal_year,2024,2024,2024,71,9
Medicare,10-Year Moving Average of Multifactor Productivityj,2025,0.4,Percent,51302-2021-07-medicare.xlsx,Medicare_07-2021,false,51302,Medicare / Consumer Price Index for / 10-Year Moving Average of Multifactor Productivityj,fiscal_year,2025,2025,2025,71,10
Medicare,10-Year Moving Average of Multifactor Productivityj,2026,0.5,Percent,51302-2021-07-medicare.xlsx,Medicare_07-2021,false,51302,Medicare / Consumer Price Index for / 10-Year Moving Average of Multifactor Productivityj,fiscal_year,2026,2026,2026,71,11
Medicare,10-Year Moving Average of Multifactor Productivityj,2027,0.6,Percent,51302-2021-07-medicare.xlsx,Medicare_07-2021,false,51302,Medicare / Consumer Price Index for / 10-Year Moving Average of Multifactor Productivityj,fiscal_year,2027,2027,2027,71,12
Medicare,10-Year Moving Average of Multifactor Productivityj,2028,0.6,Percent,51302-2021-07-medicare.xlsx,Medicare_07-2021,false,51302,Medicare / Consumer Price Index for / 10-Year Moving Average of Multifactor Productivityj,fiscal_year,2028,2028,2028,71,13
Medicare,10-Year Moving Average of Multifactor Productivityj,2029,0.6,Percent,51302-2021-07-medicare.xlsx,Medicare_07-2021,false,51302,Medicare / Consumer Price Index for / 10-Year Moving Average of Multifactor Productivityj,fiscal_year,2029,2029,2029,71,14
Medicare,10-Year Moving Average of Multifactor Productivityj,2030,0.8,Percent,51302-2021-07-medicare.xlsx,Medicare_07-2021,false,51302,Medicare / Consumer Price Index for / 10-Year Moving Average of Multifactor Productivityj,fiscal_year,2030,2030,2030,71,15
Medicare,10-Year Moving Average of Multifactor Productivityj,2031,0.8,Percent,51302-2021-07-medicare.xlsx,Medicare_07-2021,false,51302,Medicare / Consumer Price Index for / 10-Year Moving Average of Multifactor Productivityj,fiscal_year,2031,2031,2031,71,16
Medicare,Part A,2020,62.0,Millions of people,51302-2021-07-medicare.xlsx,Medicare_07-2021,false,51302,Medicare / Average Monthly Enrollment in a Fiscal Year (Millions of people) / Part A,fiscal_year,2020,2020,2020,74,5
Medicare,Part A,2021,63.0,Millions of people,51302-2021-07-medicare.xlsx,Medicare_07-2021,false,51302,Medicare / Average Monthly Enrollment in a Fiscal Year (Millions of people) / Part A,fiscal_year,2021,2021,2021,74,6
Medicare,Part A,2022,65.0,Millions of people,51302-2021-07-medicare.xlsx,Medicare_07-2021,false,51302,Medicare / Average Monthly Enrollment in a Fiscal Year (Millions of people) / Part A,fiscal_year,2022,2022,2022,74,7
Medicare,Part A,2023,67.0,Millions of people,51302-2021-07-medicare.xlsx,Medicare_07-2021,false,51302,Medicare / Average Monthly Enrollment in a Fiscal Year (Millions of people) / Part A,fiscal_year,2023,2023,2023,74,8
Medicare,Part A,2024,68.0,Millions of people,51302-2021-07-medicare.xlsx,Medicare_07-2021,false,51302,Medicare / Average Monthly Enrollment in a Fiscal Year (Millions of people) / Part A,fiscal_year,2024,2024,2024,74,9
Medicare,Part A,2025,70.0,Millions of people,51302-2021-07-medicare.xlsx,Medicare_07-2021,false,51302,Medicare / Average Monthly Enrollment in a Fiscal Year (Millions of people) / Part A,fiscal_year,2025,2025,2025,74,10
Medicare,Part A,2026,72.0,Millions of people,51302-2021-07-medicare.xlsx,Medicare_07-2021,false,51302,Medicare / Average Monthly Enrollment in a Fiscal Year (Millions of people) / Part A,fiscal_year,2026,2026,2026,74,11
Medicare,Part A,2027,73.0,Millions of people,51302-2021-07-medicare.xlsx,Medicare_07-2021,false,51302,Medicare / Average Monthly Enrollment in a Fiscal Year (Millions of people) / Part A,fiscal_year,2027,2027,2027,74,12
Medicare,Part A,2028,75.0,Millions of people,51302-2021-07-medicare.xlsx,Medicare_07-2021,false,51302,Medicare / Average Monthly Enrollment in a Fiscal Year (Millions of people) / Part A,fiscal_year,2028,2028,2028,74,13
Medicare,Part A,2029,76.0,Millions of people,51302-2021-07-medicare.xlsx,Medicare_07-2021,false,51302,Medicare / Average Monthly Enrollment in a Fiscal Year (Millions of people) / Part A,fiscal_year,2029,2029,2029,74,14
Medicare,Part A,2030,78.0,Millions of people,51302-2021-07-medicare.xlsx,Medicare_07-2021,false,51302,Medicare / Average Monthly Enrollment in a Fiscal Year (Millions of people) / Part A,fiscal_year,2030,2030,2030,74,15
Medicare,Part A,2031,79.0,Millions of people,51302-2021-07-medicare.xlsx,Medicare_07-2021,false,51302,Medicare / Average Monthly Enrollment in a Fiscal Year (Millions of people) / Part A,fiscal_year,2031,2031,2031,74,16
Medicare,Part B,2020,57.0,Millions of people,51302-2021-07-medicare.xlsx,Medicare_07-2021,false,51302,Medicare / Average Monthly Enrollment in a Fiscal Year (Millions of people) / Part B,fiscal_year,2020,2020,2020,75,5
Medicare,Part B,2021,58.0,Millions of people,51302-2021-07-medicare.xlsx,Medicare_07-2021,false,51302,Medicare / Average Monthly Enrollment in a Fiscal Year (Millions of people) / Part B,fiscal_year,2021,2021,2021,75,6
Medicare,Part B,2022,60.0,Millions of people,51302-2021-07-medicare.xlsx,Medicare_07-2021,false,51302,Medicare / Average Monthly Enrollment in a Fiscal Year (Millions of people) / Part B,fiscal_year,2022,2022,2022,75,7
Medicare,Part B,2023,61.0,Millions of people,51302-2021-07-medicare.xlsx,Medicare_07-2021,false,51302,Medicare / Average Monthly Enrollment in a Fiscal Year (Millions of people) / Part B,fiscal_year,2023,2023,2023,75,8
Medicare,Part B,2024,63.0,Millions of people,51302-2021-07-medicare.xlsx,Medicare_07-2021,false,51302,Medicare / Average Monthly Enrollment in a Fiscal Year (Millions of people) / Part B,fiscal_year,2024,2024,2024,75,9
Medicare,Part B,2025,64.0,Millions of people,51302-2021-07-medicare.xlsx,Medicare_07-2021,false,51302,Medicare / Average Monthly Enrollment in a Fiscal Year (Millions of people) / Part B,fiscal_year,2025,2025,2025,75,10
Medicare,Part B,2026,66.0,Millions of people,51302-2021-07-medicare.xlsx,Medicare_07-2021,false,51302,Medicare / Average Monthly Enrollment in a Fiscal Year (Millions of people) / Part B,fiscal_year,2026,2026,2026,75,11
Medicare,Part B,2027,68.0,Millions of people,51302-2021-07-medicare.xlsx,Medicare_07-2021,false,51302,Medicare / Average Monthly Enrollment in a Fiscal Year (Millions of people) / Part B,fiscal_year,2027,2027,2027,75,12
Medicare,Part B,2028,69.0,Millions of people,51302-2021-07-medicare.xlsx,Medicare_07-2021,false,51302,Medicare / Average Monthly Enrollment in a Fiscal Year (Millions of people) / Part B,fiscal_year,2028,2028,2028,75,13
Medicare,Part B,2029,70.0,Millions of people,51302-2021-07-medicare.xlsx,Medicare_07-2021,false,51302,Medicare / Average Monthly Enrollment in a Fiscal Year (Millions of people) / Part B,fiscal_year,2029,2029,2029,75,14
Medicare,Part B,2030,72.0,Millions of people,51302-2021-07-medicare.xlsx,Medicare_07-2021,false,51302,Medicare / Average Monthly Enrollment in a Fiscal Year (Millions of people) / Part B,fiscal_year,2030,2030,2030,75,15
Medicare,Part B,2031,73.0,Millions of people,51302-2021-07-medicare.xlsx,Medicare_07-2021,false,51302,Medicare / Average Monthly Enrollment in a Fiscal Year (Millions of people) / Part B,fiscal_year,2031,2031,2031,75,16
Medicare,Part Dk,2020,47.0,Millions of people,51302-2021-07-medicare.xlsx,Medicare_07-2021,false,51302,Medicare / Average Monthly Enrollment in a Fiscal Year (Millions of people) / Part Dk,fiscal_year,2020,2020,2020,76,5
Medicare,Part Dk,2021,48.0,Millions of people,51302-2021-07-medicare.xlsx,Medicare_07-2021,false,51302,Medicare / Average Monthly Enrollment in a Fiscal Year (Millions of people) / Part Dk,fiscal_year,2021,2021,2021,76,6
Medicare,Part Dk,2022,50.0,Millions of people,51302-2021-07-medicare.xlsx,Medicare_07-2021,false,51302,Medicare / Average Monthly Enrollment in a Fiscal Year (Millions of people) / Part Dk,fiscal_year,2022,2022,2022,76,7
Medicare,Part Dk,2023,51.0,Millions of people,51302-2021-07-medicare.xlsx,Medicare_07-2021,false,51302,Medicare / Average Monthly Enrollment in a Fiscal Year (Millions of people) / Part Dk,fiscal_year,2023,2023,2023,76,8
Medicare,Part Dk,2024,52.0,Millions of people,51302-2021-07-medicare.xlsx,Medicare_07-2021,false,51302,Medicare / Average Monthly Enrollment in a Fiscal Year (Millions of people) / Part Dk,fiscal_year,2024,2024,2024,76,9
Medicare,Part Dk,2025,54.0,Millions of people,51302-2021-07-medicare.xlsx,Medicare_07-2021,false,51302,Medicare / Average Monthly Enrollment in a Fiscal Year (Millions of people) / Part Dk,fiscal_year,2025,2025,2025,76,10
Medicare,Part Dk,2026,55.0,Millions of people,51302-2021-07-medicare.xlsx,Medicare_07-2021,false,51302,Medicare / Average Monthly Enrollment in a Fiscal Year (Millions of people) / Part Dk,fiscal_year,2026,2026,2026,76,11
Medicare,Part Dk,2027,57.0,Millions of people,51302-2021-07-medicare.xlsx,Medicare_07-2021,false,51302,Medicare / Average Monthly Enrollment in a Fiscal Year (Millions of people) / Part Dk,fiscal_year,2027,2027,2027,76,12
Medicare,Part Dk,2028,58.0,Millions of people,51302-2021-07-medicare.xlsx,Medicare_07-2021,false,51302,Medicare / Average Monthly Enrollment in a Fiscal Year (Millions of people) / Part Dk,fiscal_year,2028,2028,2028,76,13
Medicare,Part Dk,2029,59.0,Millions of people,51302-2021-07-medicare.xlsx,Medicare_07-2021,false,51302,Medicare / Average Monthly Enrollment in a Fiscal Year (Millions of people) / Part Dk,fiscal_year,2029,2029,2029,76,14
Medicare,Part Dk,2030,60.0,Millions of people,51302-2021-07-medicare.xlsx,Medicare_07-2021,false,51302,Medicare / Average Monthly Enrollment in a Fiscal Year (Millions of people) / Part Dk,fiscal_year,2030,2030,2030,76,15
Medicare,Part Dk,2031,61.0,Millions of people,51302-2021-07-medicare.xlsx,Medicare_07-2021,false,51302,Medicare / Average Monthly Enrollment in a Fiscal Year (Millions of people) / Part Dk,fiscal_year,2031,2031,2031,76,16
Medicare,Part D Low-Income Subsidy,2020,13.0,Millions of people,51302-2021-07-medicare.xlsx,Medicare_07-2021,false,51302,Medicare / Memorandum: / Part D Low-Income Subsidy,fiscal_year,2020,2020,2020,78,5
Medicare,Part D Low-Income Subsidy,2021,13.0,Millions of people,51302-2021-07-medicare.xlsx,Medicare_07-2021,false,51302,Medicare / Memorandum: / Part D Low-Income Subsidy,fiscal_year,2021,2021,2021,78,6
Medicare,Part D Low-Income Subsidy,2022,14.0,Millions of people,51302-2021-07-medicare.xlsx,Medicare_07-2021,false,51302,Medicare / Memorandum: / Part D Low-Income Subsidy,fiscal_year,2022,2022,2022,78,7
Medicare,Part D Low-Income Subsidy,2023,14.0,Millions of people,51302-2021-07-medicare.xlsx,Medicare_07-2021,false,51302,Medicare / Memorandum: / Part D Low-Income Subsidy,fiscal_year,2023,2023,2023,78,8
Medicare,Part D Low-Income Subsidy,2024,14.0,Millions of people,51302-2021-07-medicare.xlsx,Medicare_07-2021,false,51302,Medicare / Memorandum: / Part D Low-Income Subsidy,fiscal_year,2024,2024,2024,78,9
Medicare,Part D Low-Income Subsidy,2025,15.0,Millions of people,51302-2021-07-medicare.xlsx,Medicare_07-2021,false,51302,Medicare / Memorandum: / Part D Low-Income Subsidy,fiscal_year,2025,2025,2025,78,10
Medicare,Part D Low-Income Subsidy,2026,15.0,Millions of people,51302-2021-07-medicare.xlsx,Medicare_07-2021,false,51302,Medicare / Memorandum: / Part D Low-Income Subsidy,fiscal_year,2026,2026,2026,78,11
Medicare,Part D Low-Income Subsidy,2027,15.0,Millions of people,51302-2021-07-medicare.xlsx,Medicare_07-2021,false,51302,Medicare / Memorandum: / Part D Low-Income Subsidy,fiscal_year,2027,2027,2027,78,12
Medicare,Part D Low-Income Subsidy,2028,15.0,Millions of people,51302-2021-07-medicare.xlsx,Medicare_07-2021,false,51302,Medicare / Memorandum: / Part D Low-Income Subsidy,fiscal_year,2028,2028,2028,78,13
Medicare,Part D Low-Income Subsidy,2029,16.0,Millions of people,51302-2021-07-medicare.xlsx,Medicare_07-2021,false,51302,Medicare / Memorandum: / Part D Low-Income Subsidy,fiscal_year,2029,2029,2029,78,14
Medicare,Part D Low-Income Subsidy,2030,16.0,Millions of people,51302-2021-07-medicare.xlsx,Medicare_07-2021,false,51302,Medicare / Memorandum: / Part D Low-Income Subsidy,fiscal_year,2030,2030,2030,78,15
Medicare,Part D Low-Income Subsidy,2031,16.0,Millions of people,51302-2021-07-medicare.xlsx,Medicare_07-2021,false,51302,Medicare / Memorandum: / Part D Low-Income Subsidy,fiscal_year,2031,2031,2031,78,16
Medicare,Group Plan Enrollmentl,2020,24.0,Millions of people,51302-2021-07-medicare.xlsx,Medicare_07-2021,false,51302,Medicare / Memorandum: / Group Plan Enrollmentl,fiscal_year,2020,2020,2020,79,5
Medicare,Group Plan Enrollmentl,2021,26.0,Millions of people,51302-2021-07-medicare.xlsx,Medicare_07-2021,false,51302,Medicare / Memorandum: / Group Plan Enrollmentl,fiscal_year,2021,2021,2021,79,6
Medicare,Group Plan Enrollmentl,2022,28.0,Millions of people,51302-2021-07-medicare.xlsx,Medicare_07-2021,false,51302,Medicare / Memorandum: / Group Plan Enrollmentl,fiscal_year,2022,2022,2022,79,7
Medicare,Group Plan Enrollmentl,2023,31.0,Millions of people,51302-2021-07-medicare.xlsx,Medicare_07-2021,false,51302,Medicare / Memorandum: / Group Plan Enrollmentl,fiscal_year,2023,2023,2023,79,8
Medicare,Group Plan Enrollmentl,2024,33.0,Millions of people,51302-2021-07-medicare.xlsx,Medicare_07-2021,false,51302,Medicare / Memorandum: / Group Plan Enrollmentl,fiscal_year,2024,2024,2024,79,9
Medicare,Group Plan Enrollmentl,2025,35.0,Millions of people,51302-2021-07-medicare.xlsx,Medicare_07-2021,false,51302,Medicare / Memorandum: / Group Plan Enrollmentl,fiscal_year,2025,2025,2025,79,10
Medicare,Group Plan Enrollmentl,2026,37.0,Millions of people,51302-2021-07-medicare.xlsx,Medicare_07-2021,false,51302,Medicare / Memorandum: / Group Plan Enrollmentl,fiscal_year,2026,2026,2026,79,11
Medicare,Group Plan Enrollmentl,2027,38.0,Millions of people,51302-2021-07-medicare.xlsx,Medicare_07-2021,false,51302,Medicare / Memorandum: / Group Plan Enrollmentl,fiscal_year,2027,2027,2027,79,12
Medicare,Group Plan Enrollmentl,2028,40.0,Millions of people,51302-2021-07-medicare.xlsx,Medicare_07-2021,false,51302,Medicare / Memorandum: / Group Plan Enrollmentl,fiscal_year,2028,2028,2028,79,13
Medicare,Group Plan Enrollmentl,2029,41.0,Millions of people,51302-2021-07-medicare.xlsx,Medicare_07-2021,false,51302,Medicare / Memorandum: / Group Plan Enrollmentl,fiscal_year,2029,2029,2029,79,14
Medicare,Group Plan Enrollmentl,2030,43.0,Millions of people,51302-2021-07-medicare.xlsx,Medicare_07-2021,false,51302,Medicare / Memorandum: / Group Plan Enrollmentl,fiscal_year,2030,2030,2030,79,15
Medicare,Group Plan Enrollmentl,2031,44.0,Millions of people,51302-2021-07-medicare.xlsx,Medicare_07-2021,false,51302,Medicare / Memorandum: / Group Plan Enrollmentl,fiscal_year,2031,2031,2031,79,16
Medicare,Income (Mostly payroll taxes),2020,340.0,Millions of people,51302-2021-07-medicare.xlsx,Medicare_07-2021,false,51302,Medicare / Hospital Insurance Trust Fund / Income (Mostly payroll taxes),fiscal_year,2020,2020,2020,82,5
Medicare,Income (Mostly payroll taxes),2021,347.0,Millions of people,51302-2021-07-medicare.xlsx,Medicare_07-2021,false,51302,Medicare / Hospital Insurance Trust Fund / Income (Mostly payroll taxes),fiscal_year,2021,2021,2021,82,6
Medicare,Income (Mostly payroll taxes),2022,359.0,Millions of people,51302-2021-07-medicare.xlsx,Medicare_07-2021,false,51302,Medicare / Hospital Insurance Trust Fund / Income (Mostly payroll taxes),fiscal_year,2022,2022,2022,82,7
Medicare,Income (Mostly payroll taxes),2023,389.0,Millions of people,51302-2021-07-medicare.xlsx,Medicare_07-2021,false,51302,Medicare / Hospital Insurance Trust Fund / Income (Mostly payroll taxes),fiscal_year,2023,2023,2023,82,8
Medicare,Income (Mostly payroll taxes),2024,405.0,Millions of people,51302-2021-07-medicare.xlsx,Medicare_07-2021,false,51302,Medicare / Hospital Insurance Trust Fund / Income (Mostly payroll taxes),fiscal_year,2024,2024,2024,82,9
Medicare,Income (Mostly payroll taxes),2025,422.0,Millions of people,51302-2021-07-medicare.xlsx,Medicare_07-2021,false,51302,Medicare / Hospital Insurance Trust Fund / Income (Mostly payroll taxes),fiscal_year,2025,2025,2025,82,10
Medicare,Income (Mostly payroll taxes),2026,443.0,Millions of people,51302-2021-07-medicare.xlsx,Medicare_07-2021,false,51302,Medicare / Hospital Insurance Trust Fund / Income (Mostly payroll taxes),fiscal_year,2026,2026,2026,82,11
Medicare,Income (Mostly payroll taxes),2027,466.0,Millions of people,51302-2021-07-medicare.xlsx,Medicare_07-2021,false,51302,Medicare / Hospital Insurance Trust Fund / Income (Mostly payroll taxes),fiscal_year,2027,2027,2027,82,12
Medicare,Income (Mostly payroll taxes),2028,487.0,Millions of people,51302-2021-07-medicare.xlsx,Medicare_07-2021,false,51302,Medicare / Hospital Insurance Trust Fund / Income (Mostly payroll taxes),fiscal_year,2028,2028,2028,82,13
Medicare,Income (Mostly payroll taxes),2029,507.0,Millions of people,51302-2021-07-medicare.xlsx,Medicare_07-2021,false,51302,Medicare / Hospital Insurance Trust Fund / Income (Mostly payroll taxes),fiscal_year,2029,2029,2029,82,14
Medicare,Income (Mostly payroll taxes),2030,528.0,Millions of people,51302-2021-07-medicare.xlsx,Medicare_07-2021,false,51302,Medicare / Hospital Insurance Trust Fund / Income (Mostly payroll taxes),fiscal_year,2030,2030,2030,82,15
Medicare,Income (Mostly payroll taxes),2031,550.0,Millions of people,51302-2021-07-medicare.xlsx,Medicare_07-2021,false,51302,Medicare / Hospital Insurance Trust Fund / Income (Mostly payroll taxes),fiscal_year,2031,2031,2031,82,16
Medicare,Interest,2020,5.0,Millions of people,51302-2021-07-medicare.xlsx,Medicare_07-2021,false,51302,Medicare / Hospital Insurance Trust Fund / Interest,fiscal_year,2020,2020,2020,83,5
Medicare,Interest,2021,2.0,Millions of people,51302-2021-07-medicare.xlsx,Medicare_07-2021,false,51302,Medicare / Hospital Insurance Trust Fund / Interest,fiscal_year,2021,2021,2021,83,6
Medicare,Interest,2022,3.0,Millions of people,51302-2021-07-medicare.xlsx,Medicare_07-2021,false,51302,Medicare / Hospital Insurance Trust Fund / Interest,fiscal_year,2022,2022,2022,83,7
Medicare,Interest,2023,3.0,Millions of people,51302-2021-07-medicare.xlsx,Medicare_07-2021,false,51302,Medicare / Hospital Insurance Trust Fund / Interest,fiscal_year,2023,2023,2023,83,8
Medicare,Interest,2024,3.0,Millions of people,51302-2021-07-medicare.xlsx,Medicare_07-2021,false,51302,Medicare / Hospital Insurance Trust Fund / Interest,fiscal_year,2024,2024,2024,83,9
Medicare,Interest,2025,3.0,Millions of people,51302-2021-07-medicare.xlsx,Medicare_07-2021,false,51302,Medicare / Hospital Insurance Trust Fund / Interest,fiscal_year,2025,2025,2025,83,10
Medicare,Interest,2026,2.0,Millions of people,51302-2021-07-medicare.xlsx,Medicare_07-2021,false,51302,Medicare / Hospital Insurance Trust Fund / Interest,fiscal_year,2026,2026,2026,83,11
Medicare,Interest,2027,0.0,Millions of people,51302-2021-07-medicare.xlsx,Medicare_07-2021,false,51302,Medicare / Hospital Insurance Trust Fund / Interest,fiscal_year,2027,2027,2027,83,12
Medicare,Total Income,2020,345.0,Millions of people,51302-2021-07-medicare.xlsx,Medicare_07-2021,true,51302,Medicare / Hospital Insurance Trust Fund / Total Income,fiscal_year,2020,2020,2020,84,5
Medicare,Total Income,2021,349.0,Millions of people,51302-2021-07-medicare.xlsx,Medicare_07-2021,true,51302,Medicare / Hospital Insurance Trust Fund / Total Income,fiscal_year,2021,2021,2021,84,6
Medicare,Total Income,2022,362.0,Millions of people,51302-2021-07-medicare.xlsx,Medicare_07-2021,true,51302,Medicare / Hospital Insurance Trust Fund / Total Income,fiscal_year,2022,2022,2022,84,7
Medicare,Total Income,2023,392.0,Millions of people,51302-2021-07-medicare.xlsx,Medicare_07-2021,true,51302,Medicare / Hospital Insurance Trust Fund / Total Income,fiscal_year,2023,2023,2023,84,8
Medicare,Total Income,2024,408.0,Millions of people,51302-2021-07-medicare.xlsx,Medicare_07-2021,true,51302,Medicare / Hospital Insurance Trust Fund / Total Income,fiscal_year,2024,2024,2024,84,9
Medicare,Total Income,2025,425.0,Millions of people,51302-2021-07-medicare.xlsx,Medicare_07-2021,true,51302,Medicare / Hospital Insurance Trust Fund / Total Income,fiscal_year,2025,2025,2025,84,10
Medicare,Total Income,2026,444.0,Millions of people,51302-2021-07-medicare.xlsx,Medicare_07-2021,true,51302,Medicare / Hospital Insurance Trust Fund / Total Income,fiscal_year,2026,2026,2026,84,11
Medicare,Total Income,2027,466.0,Millions of people,51302-2021-07-medicare.xlsx,Medicare_07-2021,true,51302,Medicare / Hospital Insurance Trust Fund / Total Income,fiscal_year,2027,2027,2027,84,12
Medicare,Total Income,2028,487.0,Millions of people,51302-2021-07-medicare.xlsx,Medicare_07-2021,true,51302,Medicare / Hospital Insurance Trust Fund / Total Income,fiscal_year,2028,2028,2028,84,13
Medicare,Total Income,2029,507.0,Millions of people,51302-2021-07-medicare.xlsx,Medicare_07-2021,true,51302,Medicare / Hospital Insurance Trust Fund / Total Income,fiscal_year,2029,2029,2029,84,14
Medicare,Total Income,2030,528.0,Millions of people,51302-2021-07-medicare.xlsx,Medicare_07-2021,true,51302,Medicare / Hospital Insurance Trust Fund / Total Income,fiscal_year,2030,2030,2030,84,15
Medicare,Total Income,2031,550.0,Millions of people,51302-2021-07-medicare.xlsx,Medicare_07-2021,true,51302,Medicare / Hospital Insurance Trust Fund / Total Income,fiscal_year,2031,2031,2031,84,16
Medicare,Outlays,2020,410.0,Millions of people,51302-2021-07-medicare.xlsx,Medicare_07-2021,false,51302,Medicare / Hospital Insurance Trust Fund / Outlays,fiscal_year,2020,2020,2020,85,5
Medicare,Outlays,2021,339.0,Millions of people,51302-2021-07-medicare.xlsx,Medicare_07-2021,false,51302,Medicare / Hospital Insurance Trust Fund / Outlays,fiscal_year,2021,2021,2021,85,6
Medicare,Outlays,2022,352.0,Millions of people,51302-2021-07-medicare.xlsx,Medicare_07-2021,false,51302,Medicare / Hospital Insurance Trust Fund / Outlays,fiscal_year,2022,2022,2022,85,7
Medicare,Outlays,2023,408.0,Millions of people,51302-2021-07-medicare.xlsx,Medicare_07-2021,false,51302,Medicare / Hospital Insurance Trust Fund / Outlays,fiscal_year,2023,2023,2023,85,8
Medicare,Outlays,2024,419.0,Millions of people,51302-2021-07-medicare.xlsx,Medicare_07-2021,false,51302,Medicare / Hospital Insurance Trust Fund / Outlays,fiscal_year,2024,2024,2024,85,9
Medicare,Outlays,2025,462.0,Millions of people,51302-2021-07-medicare.xlsx,Medicare_07-2021,false,51302,Medicare / Hospital Insurance Trust Fund / Outlays,fiscal_year,2025,2025,2025,85,10
Medicare,Outlays,2026,491.0,Millions of people,51302-2021-07-medicare.xlsx,Medicare_07-2021,false,51302,Medicare / Hospital Insurance Trust Fund / Outlays,fiscal_year,2026,2026,2026,85,11
Medicare,Outlays,2027,522.0,Millions of people,51302-2021-07-medicare.xlsx,Medicare_07-2021,false,51302,Medicare / Hospital Insurance Trust Fund / Outlays,fiscal_year,2027,2027,2027,85,12
Medicare,Outlays,2028,578.0,Millions of people,51302-2021-07-medicare.xlsx,Medicare_07-2021,false,51302,Medicare / Hospital Insurance Trust Fund / Outlays,fiscal_year,2028,2028,2028,85,13
Medicare,Outlays,2029,563.0,Millions of people,51302-2021-07-medicare.xlsx,Medicare_07-2021,false,51302,Medicare / Hospital Insurance Trust Fund / Outlays,fiscal_year,2029,2029,2029,85,14
Medicare,Outlays,2030,618.0,Millions of people,51302-2021-07-medicare.xlsx,Medicare_07-2021,false,51302,Medicare / Hospital Insurance Trust Fund / Outlays,fiscal_year,2030,2030,2030,85,15
Medicare,Outlays,2031,649.0,Millions of people,51302-2021-07-medicare.xlsx,Medicare_07-2021,false,51302,Medicare / Hospital Insurance Trust Fund / Outlays,fiscal_year,2031,2031,2031,85,16
Medicare,Surplus or Deficit (-),2020,-65.0,Millions of people,51302-2021-07-medicare.xlsx,Medicare_07-2021,false,51302,Medicare / Hospital Insurance Trust Fund / Surplus or Deficit (-),fiscal_year,2020,2020,2020,86,5
Medicare,Surplus or Deficit (-),2021,10.0,Millions of people,51302-2021-07-medicare.xlsx,Medicare_07-2021,false,51302,Medicare / Hospital Insurance Trust Fund / Surplus or Deficit (-),fiscal_year,2021,2021,2021,86,6
Medicare,Surplus or Deficit (-),2022,10.0,Millions of people,51302-2021-07-medicare.xlsx,Medicare_07-2021,false,51302,Medicare / Hospital Insurance Trust Fund / Surplus or Deficit (-),fiscal_year,2022,2022,2022,86,7
Medicare,Surplus or Deficit (-),2023,-16.0,Millions of people,51302-2021-07-medicare.xlsx,Medicare_07-2021,false,51302,Medicare / Hospital Insurance Trust Fund / Surplus or Deficit (-),fiscal_year,2023,2023,2023,86,8
Medicare,Surplus or Deficit (-),2024,-11.0,Millions of people,51302-2021-07-medicare.xlsx,Medicare_07-2021,false,51302,Medicare / Hospital Insurance Trust Fund / Surplus or Deficit (-),fiscal_year,2024,2024,2024,86,9
Medicare,Surplus or Deficit (-),2025,-38.0,Millions of people,51302-2021-07-medicare.xlsx,Medicare_07-2021,false,51302,Medicare / Hospital Insurance Trust Fund / Surplus or Deficit (-),fiscal_year,2025,2025,2025,86,10
Medicare,Surplus or Deficit (-),2026,-47.0,Millions of people,51302-2021-07-medicare.xlsx,Medicare_07-2021,false,51302,Medicare / Hospital Insurance Trust Fund / Surplus or Deficit (-),fiscal_year,2026,2026,2026,86,11
Medicare,Surplus or Deficit (-),2027,-56.0,Millions of people,51302-2021-07-medicare.xlsx,Medicare_07-2021,false,51302,Medicare / Hospital Insurance Trust Fund / Surplus or Deficit (-),fiscal_year,2027,2027,2027,86,12
Medicare,Surplus or Deficit (-),2028,-91.0,Millions of people,51302-2021-07-medicare.xlsx,Medicare_07-2021,false,51302,Medicare / Hospital Insurance Trust Fund / Surplus or Deficit (-),fiscal_year,2028,2028,2028,86,13
Medicare,Surplus or Deficit (-),2029,-56.0,Millions of people,51302-2021-07-medicare.xlsx,Medicare_07-2021,false,51302,Medicare / Hospital Insurance Trust Fund / Surplus or Deficit (-),fiscal_year,2029,2029,2029,86,14
Medicare,Surplus or Deficit (-),2030,-90.0,Millions of people,51302-2021-07-medicare.xlsx,Medicare_07-2021,false,51302,Medicare / Hospital Insurance Trust Fund / Surplus or Deficit (-),fiscal_year,2030,2030,2030,86,15
Medicare,Surplus or Deficit (-),2031,-99.0,Millions of people,51302-2021-07-medicare.xlsx,Medicare_07-2021,false,51302,Medicare / Hospital Insurance Trust Fund / Surplus or Deficit (-),fiscal_year,2031,2031,2031,86,16
Medicare,End-of-Year Balance,2020,134.0,Millions of people,51302-2021-07-medicare.xlsx,Medicare_07-2021,false,51302,Medicare / Hospital Insurance Trust Fund / End-of-Year Balance,fiscal_year,2020,2020,2020,87,5
Medicare,End-of-Year Balance,2021,145.0,Millions of people,51302-2021-07-medicare.xlsx,Medicare_07-2021,false,51302,Medicare / Hospital Insurance Trust Fund / End-of-Year Balance,fiscal_year,2021,2021,2021,87,6
Medicare,End-of-Year Balance,2022,154.0,Millions of people,51302-2021-07-medicare.xlsx,Medicare_07-2021,false,51302,Medicare / Hospital Insurance Trust Fund / End-of-Year Balance,fiscal_year,2022,2022,2022,87,7
Medicare,End-of-Year Balance,2023,138.0,Millions of people,51302-2021-07-medicare.xlsx,Medicare_07-2021,false,51302,Medicare / Hospital Insurance Trust Fund / End-of-Year Balance,fiscal_year,2023,2023,2023,87,8
Medicare,End-of-Year Balance,2024,127.0,Millions of people,51302-2021-07-medicare.xlsx,Medicare_07-2021,false,51302,Medicare / Hospital Insurance Trust Fund / End-of-Year Balance,fiscal_year,2024,2024,2024,87,9
Medicare,End-of-Year Balance,2025,89.0,Millions of people,51302-2021-07-medicare.xlsx,Medicare_07-2021,false,51302,Medicare / Hospital Insurance Trust Fund / End-of-Year Balance,fiscal_year,2025,2025,2025,87,10
Medicare,End-of-Year Balance,2026,42.0,Millions of people,51302-2021-07-medicare.xlsx,Medicare_07-2021,false,51302,Medicare / Hospital Insurance Trust Fund / End-of-Year Balance,fiscal_year,2026,2026,2026,87,11
